timestamp,gait_phase_L,gait_phase_R,mtr_cmd_L,mtr_cmd_R,incline,speed,gpio_output
10.000000476837158,91.66114300378803,25.51879511140576,-0.08757389762482297,-0.2655973142101297,-10,0.3,0.0
10.010000944137573,92.865783237097,27.28378298818858,-0.14504101685797047,-0.16073506732881002,-10,0.3,1.0
10.02000093460083,92.865783237097,27.28378298818858,-0.14504101685797047,-0.16073506732881002,-10,0.3,1.0
10.030001163482666,93.9219184852539,29.079063113919357,-0.2132160594645487,-0.07728399582880847,-10,0.3,1.0
10.040000915527344,93.9219184852539,29.079063113919357,-0.2132160594645487,-0.07728399582880847,-10,0.3,1.0
10.050000667572021,94.95227420183559,30.788219238320245,-0.2900072256060285,-0.045576132530865364,-10,0.3,1.0
10.060000896453857,94.95227420183559,30.788219238320245,-0.2900072256060285,-0.045576132530865364,-10,0.3,1.0
10.070000886917114,95.70574679330018,32.33696599200682,-0.3733227154438807,-0.006172714207220822,-10,0.3,1.0
10.080000877380371,95.70574679330018,32.33696599200682,-0.3733227154438807,-0.006172714207220822,-10,0.3,1.0
10.090001106262207,96.56334458850127,33.790434066670485,-0.46107072913957486,-6.794452876866152e-05,-10,0.3,1.0
10.100001096725464,96.56334458850127,33.790434066670485,-0.46107072913957486,-6.794452876866152e-05,-10,0.3,1.0
10.110000848770142,97.64143437781841,35.32920305023854,-0.5511594668545844,0.0013986938554461867,-10,0.3,1.0
10.120001077651978,97.64143437781841,35.32920305023854,-0.5511594668545844,0.0013986938554461867,-10,0.3,1.0
10.130000829696655,98.8664158445076,36.955321613859695,-0.6414971287503789,0.009766567512347722,-10,0.3,1.0
10.140001058578491,98.8664158445076,36.955321613859695,-0.6414971287503789,0.009766567512347722,-10,0.3,1.0
10.15000057220459,0.02663077218826595,38.47920749738427,-0.7299919149884294,0.047178321147027864,-10,0.3,1.0
10.160001039505005,0.02663077218826595,38.47920749738427,-0.7299919149884294,0.047178321147027864,-10,0.3,1.0
10.170000553131104,1.2129392158122654,39.91997642682622,-0.8145520257302065,0.07513229086626506,-10,0.3,1.0
10.18000078201294,1.2129392158122654,39.91997642682622,-0.8145520257302065,0.07513229086626506,-10,0.3,1.0
10.190000772476196,2.1345504059546334,41.134144812461166,-0.893085661137181,0.14681164046218032,-10,0.3,1.0
10.200000762939453,2.1345504059546334,41.134144812461166,-0.893085661137181,0.14681164046218032,-10,0.3,1.0
10.21000075340271,3.02587510378053,42.150882094726896,-0.9635010213708239,0.18944711008031703,-10,0.3,0.0
10.220242500305176,3.02587510378053,42.150882094726896,-0.9635010213708239,0.18944711008031703,-10,0.3,0.0
10.230000495910645,3.4212543828829176,42.91054364354567,-0.9635010213708239,0.18944711008031703,-10,0.3,0.0
10.240000486373901,3.4212543828829176,42.91054364354567,-0.9635010213708239,0.18944711008031703,-10,0.3,0.0
10.250000953674316,4.1870684337531605,43.94423322407223,-1.0237063065926062,0.23588650273954542,-10,0.3,0.0
10.260000944137573,4.1870684337531605,43.94423322407223,-1.0237063065926062,0.23588650273954542,-10,0.3,0.0
10.27000117301941,5.768578569269062,45.38409376411392,-1.0716097169639978,0.33799723666419484,-10,0.3,0.0
10.280000925064087,5.768578569269062,45.38409376411392,-1.0716097169639978,0.33799723666419484,-10,0.3,0.0
10.290000915527344,7.492371221837445,47.04792102297819,-1.1221437138014954,0.4487842012019627,-10,0.3,0.0
10.3000009059906,7.492371221837445,47.04792102297819,-1.1221437138014954,0.4487842012019627,-10,0.3,0.0
10.310000896453857,7.492371221837445,47.04792102297819,-1.1221437138014954,0.4487842012019627,-10,0.3,0.0
10.320000648498535,8.958392264094211,48.734967709247094,-1.12221120118872,0.5060688821275886,-10,0.3,0.0
10.330000638961792,9.663481899766799,49.493397446236806,-1.111720636307899,0.5638877553186831,-10,0.3,0.0
10.340000867843628,9.663481899766799,49.493397446236806,-1.111720636307899,0.5638877553186831,-10,0.3,0.0
10.350000858306885,11.895400049916628,51.49093701769654,-1.0646420763801072,0.6789482579801916,-10,0.3,0.0
10.36000108718872,11.895400049916628,51.49093701769654,-1.0646420763801072,0.6789482579801916,-10,0.3,0.0
10.370000839233398,11.895400049916628,51.49093701769654,-1.0646420763801072,0.6789482579801916,-10,0.3,0.0
10.380000829696655,13.555193630432367,52.90066664679003,-0.9880695607216169,0.7350999771920647,-10,0.3,0.0
10.390000581741333,14.383285247777566,53.6154174127885,-0.9407115511774231,0.7896060681523228,-10,0.3,0.0
10.400000810623169,14.383285247777566,53.6154174127885,-0.9407115511774231,0.7896060681523228,-10,0.3,0.0
10.410000801086426,16.777416038735655,55.73848277329427,-0.8318289920272647,0.8915015448009102,-10,0.3,0.0
10.42025899887085,16.777416038735655,55.73848277329427,-0.8318289920272647,0.8915015448009102,-10,0.3,0.0
10.43000078201294,18.223637983133326,56.97485421498466,-0.7093603306189131,0.9378010202306981,-10,0.3,0.0
10.440000772476196,18.223637983133326,56.97485421498466,-0.7093603306189131,0.9378010202306981,-10,0.3,0.0
10.450000762939453,19.76743394415101,58.25475272820122,-0.645019693251978,1.01837866965491,-10,0.3,0.0
10.46000075340271,19.76743394415101,58.25475272820122,-0.645019693251978,1.01837866965491,-10,0.3,0.0
10.470001220703125,21.20361320672097,59.46045269068752,-0.5141027685607159,1.0515669333907922,-10,0.3,0.0
10.480000734329224,21.20361320672097,59.46045269068752,-0.5141027685607159,1.0515669333907922,-10,0.3,0.0
10.490001201629639,22.472067133909725,60.61101917099002,-0.4491172665836392,1.0792948829701638,-10,0.3,0.0
10.500000715255737,22.472067133909725,60.61101917099002,-0.4491172665836392,1.0792948829701638,-10,0.3,0.0
10.510001420974731,23.55752079546221,61.70599853343779,-0.3855075950837657,1.1010175632637553,-10,0.3,0.0
10.52000093460083,23.55752079546221,61.70599853343779,-0.3855075950837657,1.1010175632637553,-10,0.3,0.0
10.530000925064087,24.669244317393378,62.767887337431425,-0.324069146734721,1.1161900191422955,-10,0.3,0.0
10.540000915527344,24.669244317393378,62.767887337431425,-0.324069146734721,1.1161900191422955,-10,0.3,0.0
10.5500009059906,25.820698859448548,63.97238708251097,-0.2655973142101297,1.1242672954765134,-10,0.3,0.0
10.560000658035278,25.820698859448548,63.97238708251097,-0.2655973142101297,1.1242672954765134,-10,0.3,0.0
10.570074558258057,26.931488979696915,65.1990801779364,-0.21088749018361777,1.1105559695066554,-10,0.3,0.0
10.58000135421753,26.931488979696915,65.1990801779364,-0.21088749018361777,1.1105559695066554,-10,0.3,0.0
10.590000867843628,28.13591472958219,66.40081090108444,-0.11593543831933231,1.0840758213583597,-10,0.3,0.0
10.600001335144043,28.13591472958219,66.40081090108444,-0.11593543831933231,1.0840758213583597,-10,0.3,0.0
10.610000848770142,29.47777754352323,67.57620235027406,-0.07728399582880847,1.0460189349309337,-10,0.3,0.0
10.620001077651978,29.47777754352323,67.57620235027406,-0.07728399582880847,1.0460189349309337,-10,0.3,0.0
10.630000829696655,29.47777754352323,67.57620235027406,-0.07728399582880847,1.0460189349309337,-10,0.3,0.0
10.64000129699707,30.912611734757434,68.82805211290702,-0.045576132530865364,0.9978055946409063,-10,0.3,0.0
10.650000810623169,31.665782326128728,69.53978823745456,-0.021607241099127757,0.9408560849048074,-10,0.3,0.0
10.660000801086426,31.665782326128728,69.53978823745456,-0.021607241099127757,0.9408560849048074,-10,0.3,0.0
10.670000791549683,33.828559623657824,71.52394180463533,-6.794452876866152e-05,0.8064296947605115,-10,0.3,0.0
10.68000078201294,33.828559623657824,71.52394180463533,-6.794452876866152e-05,0.8064296947605115,-10,0.3,0.0
10.690000772476196,33.828559623657824,71.52394180463533,-6.794452876866152e-05,0.8064296947605115,-10,0.3,0.0
10.700000762939453,35.19897529585598,72.8411521813741,0.0013986938554461867,0.731793383185373,-10,0.3,0.0
10.71000075340271,35.92433127378147,73.53042160624815,0.0013986938554461867,0.6541020398302799,-10,0.3,0.0
10.720000743865967,35.92433127378147,73.53042160624815,0.0013986938554461867,0.6541020398302799,-10,0.3,0.0
10.730001211166382,38.050058050254464,75.5332458653266,0.047178321147027864,0.49523539544634754,-10,0.3,0.0
10.74000072479248,38.050058050254464,75.5332458653266,0.047178321147027864,0.49523539544634754,-10,0.3,0.0
10.750000953674316,39.47477646515787,76.96420379815008,0.07513229086626506,0.4169006632505669,-10,0.3,0.0
10.760278940200806,39.47477646515787,76.96420379815008,0.07513229086626506,0.4169006632505669,-10,0.3,0.0
10.77000117301941,39.47477646515787,78.59311603006634,0.07513229086626506,0.2695298009340228,-10,0.3,0.0
10.780000925064087,39.47477646515787,78.59311603006634,0.07513229086626506,0.2695298009340228,-10,0.3,0.0
10.790000915527344,40.57601035009766,80.26839017254146,0.10852504901440616,0.14402563749436434,-10,0.3,0.0
10.8000009059906,40.57601035009766,80.26839017254146,0.10852504901440616,0.14402563749436434,-10,0.3,0.0
10.810001134872437,42.52860525652057,82.10453058404102,0.18944711008031703,0.051750448263825244,-10,0.3,0.0
10.820000886917114,42.52860525652057,82.10453058404102,0.18944711008031703,0.051750448263825244,-10,0.3,0.0
10.830000877380371,44.6129862463007,83.89780480939228,0.2855848633105949,0.02162443001829868,-10,0.3,0.0
10.840000867843628,44.6129862463007,83.89780480939228,0.2855848633105949,0.02162443001829868,-10,0.3,0.0
10.850000858306885,46.73969882741811,85.65860067337063,0.39257866767107424,0.0,-10,0.3,0.0
10.86000108718872,46.73969882741811,85.65860067337063,0.39257866767107424,0.0,-10,0.3,0.0
10.870000839233398,49.35966134147955,87.21257762073904,0.5638877553186831,0.0,-10,0.3,0.0
10.880001068115234,49.35966134147955,87.21257762073904,0.5638877553186831,0.0,-10,0.3,0.0
10.890000581741333,52.34797377157513,88.57868879498155,0.7350999771920647,-0.00033807855125633394,-10,0.3,0.0
10.900001049041748,52.34797377157513,88.57868879498155,0.7350999771920647,-0.00033807855125633394,-10,0.3,0.0
10.910000801086426,55.577353629211636,89.92540054023716,0.8915015448009102,-0.01313062863293675,-10,0.3,0.0
10.920000791549683,55.577353629211636,89.92540054023716,0.8915015448009102,-0.01313062863293675,-10,0.3,0.0
10.93000078201294,55.577353629211636,89.92540054023716,0.8915015448009102,-0.01313062863293675,-10,0.3,0.0
10.940000772476196,59.117082117267515,91.1968939807458,1.0515669333907922,-0.08757389762482297,-10,0.3,0.0
10.950001001358032,60.941959156841676,92.04919797651038,1.0792948829701638,-0.14504101685797047,-10,0.3,0.0
10.96000075340271,60.941959156841676,92.04919797651038,1.0792948829701638,-0.14504101685797047,-10,0.3,0.0
10.970000743865967,65.61950840623551,94.51531788652896,1.1105559695066554,-0.2900072256060285,-10,0.3,0.0
10.980000734329224,65.61950840623551,94.51531788652896,1.1105559695066554,-0.2900072256060285,-10,0.3,0.0
10.99000096321106,67.88525037147926,96.32118530033785,1.0460189349309337,-0.46107072913957486,-10,0.3,0.0
11.000000953674316,67.88525037147926,96.32118530033785,1.0460189349309337,-0.46107072913957486,-10,0.3,0.0
11.010001182556152,69.4844529046154,98.24720055346316,0.9408560849048074,-0.6414971287503789,-10,0.3,0.0
11.020031452178955,69.4844529046154,98.24720055346316,0.9408560849048074,-0.6414971287503789,-10,0.3,0.0
11.030001401901245,71.06991810859081,0.854591820778007,0.8064296947605115,-0.7299919149884294,-10,0.3,0.0
11.040000677108765,71.06991810859081,0.854591820778007,0.8064296947605115,-0.7299919149884294,-10,0.3,0.0
11.050135612487793,72.57781414258022,3.6486651650267627,0.731793383185373,-0.9635010213708239,-10,0.3,0.0
11.060000896453857,72.57781414258022,3.6486651650267627,0.731793383185373,-0.9635010213708239,-10,0.3,0.0
11.070157527923584,72.57781414258022,3.6486651650267627,0.731793383185373,-0.9635010213708239,-10,0.3,0.0
11.080000877380371,74.38055772097056,6.460527495693456,0.5747759491117617,-1.1051194526464705,-10,0.3,0.0
11.090000867843628,75.17912519548146,7.548404126210335,0.49523539544634754,-1.1221437138014954,-10,0.3,0.0
11.100001096725464,75.17912519548146,7.548404126210335,0.49523539544634754,-1.1221437138014954,-10,0.3,0.0
11.110000848770142,77.5042329334617,9.688824001040762,0.34119203694094874,-1.111720636307899,-10,0.3,0.0
11.120001077651978,77.5042329334617,9.688824001040762,0.34119203694094874,-1.111720636307899,-10,0.3,0.0
11.130001068115234,77.5042329334617,9.688824001040762,0.34119203694094874,-1.111720636307899,-10,0.3,0.0
11.140001058578491,78.70828781989655,10.356191744221926,0.2695298009340228,-1.0922657971471528,-10,0.3,0.0
11.15000057220459,79.29636350331252,10.7724900136729,0.2033342396463181,-1.0922657971471528,-10,0.3,0.0
11.160001277923584,79.29636350331252,10.7724900136729,0.2033342396463181,-1.0922657971471528,-10,0.3,0.0
11.170000791549683,79.29636350331252,10.7724900136729,0.2033342396463181,-1.0922657971471528,-10,0.3,0.0
11.18000054359436,80.95556276465133,12.728284944851072,0.14402563749436434,-1.0296448666803868,-10,0.3,0.0
11.190000772476196,81.46909701147857,13.465922899790467,0.09302427889469018,-0.9880695607216169,-10,0.3,0.0
11.200000762939453,81.46909701147857,13.465922899790467,0.09302427889469018,-0.9880695607216169,-10,0.3,0.0
11.21000075340271,81.46909701147857,13.465922899790467,0.09302427889469018,-0.9880695607216169,-10,0.3,0.0
11.220000743865967,83.06449395299991,15.666576259037138,0.02162443001829868,-0.8883662307214307,-10,0.3,0.0
11.230000734329224,83.6426626621208,16.53146326501245,0.02162443001829868,-0.8318289920272647,-10,0.3,0.0
11.24000096321106,83.6426626621208,16.53146326501245,0.02162443001829868,-0.8318289920272647,-10,0.3,0.0
11.250001192092896,85.58710507300817,19.49689350344321,0.0,-0.645019693251978,-10,0.3,0.0
11.260000944137573,85.58710507300817,19.49689350344321,0.0,-0.645019693251978,-10,0.3,0.0
11.270001411437988,86.85855659680875,21.547689156437414,0.0,-0.5141027685607159,-10,0.3,0.0
11.280001163482666,86.85855659680875,21.547689156437414,0.0,-0.5141027685607159,-10,0.3,0.0
11.290000677108765,88.27682990915712,23.441441019163154,-0.00033807855125633394,-0.3855075950837657,-10,0.3,0.0
11.300000429153442,88.27682990915712,23.441441019163154,-0.00033807855125633394,-0.3855075950837657,-10,0.3,0.0
11.310000658035278,89.82899858868045,25.356113573068594,-0.01313062863293675,-0.2655973142101297,-10,0.3,0.0
11.320000648498535,89.82899858868045,25.356113573068594,-0.01313062863293675,-0.2655973142101297,-10,0.3,0.0
11.330000638961792,91.47058028859429,27.372421380303326,-0.08757389762482297,-0.16073506732881002,-10,0.3,0.0
11.340000867843628,91.47058028859429,27.372421380303326,-0.08757389762482297,-0.16073506732881002,-10,0.3,0.0
11.350000381469727,93.03294213682948,29.378751245361773,-0.2132160594645487,-0.07728399582880847,-10,0.3,0.0
11.360000610351562,93.03294213682948,29.378751245361773,-0.2132160594645487,-0.07728399582880847,-10,0.3,0.0
11.37000060081482,94.4724157198309,31.296510975504,-0.2900072256060285,-0.021607241099127757,-10,0.3,0.0
11.380000829696655,94.4724157198309,31.296510975504,-0.2900072256060285,-0.021607241099127757,-10,0.3,0.0
11.390000581741333,95.80309737940539,33.183822323103406,-0.3733227154438807,-6.794452876866152e-05,-10,0.3,0.0
11.400000810623169,95.80309737940539,33.183822323103406,-0.3733227154438807,-6.794452876866152e-05,-10,0.3,0.0
11.410000562667847,97.05943806878835,35.033679992983764,-0.5511594668545844,0.0013986938554461867,-10,0.3,0.0
11.420000791549683,97.05943806878835,35.033679992983764,-0.5511594668545844,0.0013986938554461867,-10,0.3,0.0
11.43000054359436,98.12259952982289,36.580245164001276,-0.6414971287503789,0.009766567512347722,-10,0.3,0.0
11.440000534057617,98.12259952982289,36.580245164001276,-0.6414971287503789,0.009766567512347722,-10,0.3,0.0
11.450000762939453,99.08070003928033,37.810818196438255,-0.7299919149884293,0.025208094985965185,-10,0.3,0.0
11.46000051498413,99.08070003928033,37.810818196438255,-0.7299919149884293,0.025208094985965185,-10,0.3,0.0
11.470000505447388,0.27611660860659004,39.101591682968525,-0.7299919149884294,0.07513229086626506,-10,0.3,0.0
11.480000734329224,0.27611660860659004,39.101591682968525,-0.7299919149884294,0.07513229086626506,-10,0.3,0.0
11.490000486373901,1.7235147411104828,40.44034961012903,-0.8145520257302065,0.10852504901440616,-10,0.3,0.0
11.500000476837158,1.7235147411104828,40.44034961012903,-0.8145520257302065,0.10852504901440616,-10,0.3,0.0
11.510001420974731,2.816559654869795,41.37694635957653,-0.893085661137181,0.14681164046218032,-10,0.3,0.0
11.520000696182251,2.816559654869795,41.37694635957653,-0.893085661137181,0.14681164046218032,-10,0.3,0.0
11.530001163482666,3.3923115054941007,42.03203232655026,-0.9635010213708239,0.18944711008031703,-10,0.3,0.0
11.540000915527344,3.3923115054941007,42.03203232655026,-0.9635010213708239,0.18944711008031703,-10,0.3,0.0
11.55000114440918,4.283318162696701,42.90799131744105,-1.0237063065926062,0.18944711008031703,-10,0.3,0.0
11.560001611709595,4.283318162696701,42.90799131744105,-1.0237063065926062,0.18944711008031703,-10,0.3,0.0
11.570000648498535,5.808233002869722,44.24516847857022,-1.0716097169639978,0.2855848633105949,-10,0.3,0.0
11.580000638961792,5.808233002869722,44.24516847857022,-1.0716097169639978,0.2855848633105949,-10,0.3,0.0
11.590000629425049,7.3329527995737696,45.888905657637515,-1.1221437138014954,0.33799723666419484,-10,0.3,0.0
11.6000394821167,7.3329527995737696,45.888905657637515,-1.1221437138014954,0.33799723666419484,-10,0.3,0.0
11.61000108718872,8.815597690219697,47.491408212779916,-1.12221120118872,0.4487842012019627,-10,0.3,0.0
11.620000839233398,8.815597690219697,47.491408212779916,-1.12221120118872,0.4487842012019627,-10,0.3,0.0
11.630000352859497,10.337387616836207,49.00003220554257,-1.0922657971471528,0.5638877553186831,-10,0.3,0.0
11.640000820159912,10.337387616836207,49.00003220554257,-1.0922657971471528,0.5638877553186831,-10,0.3,0.0
11.65000057220459,11.847263647799288,50.54615813315192,-1.0646420763801072,0.6216958656459743,-10,0.3,0.0
11.660000801086426,11.847263647799288,50.54615813315192,-1.0646420763801072,0.6216958656459743,-10,0.3,0.0
11.670000553131104,13.27326954003311,52.157553857460236,-0.9880695607216169,0.7350999771920647,-10,0.3,0.0
11.68000054359436,13.27326954003311,52.157553857460236,-0.9880695607216169,0.7350999771920647,-10,0.3,0.0
11.690000534057617,14.566248709595818,53.60357416060846,-0.9407115511774231,0.7896060681523228,-10,0.3,0.0
11.700000524520874,14.566248709595818,53.60357416060846,-0.9407115511774231,0.7896060681523228,-10,0.3,0.0
11.71000051498413,15.824747760887178,54.86557845951736,-0.8883662307214307,0.8419215757316945,-10,0.3,0.0
11.720000267028809,15.824747760887178,54.86557845951736,-0.8883662307214307,0.8419215757316945,-10,0.3,0.0
11.730000495910645,17.08724231890283,56.14942303317898,-0.7718952277685502,0.9378010202306981,-10,0.3,0.0
11.740000247955322,17.08724231890283,56.14942303317898,-0.7718952277685502,0.9378010202306981,-10,0.3,0.0
11.750000715255737,18.571038743925275,57.713171288742025,-0.7093603306189131,0.9802750468917882,-10,0.3,0.0
11.760000705718994,18.571038743925275,57.713171288742025,-0.7093603306189131,0.9802750468917882,-10,0.3,0.0
11.77000093460083,20.246643747193414,59.293068235586574,-0.5796687083413706,1.0515669333907922,-10,0.3,0.0
11.780000686645508,20.246643747193414,59.293068235586574,-0.5796687083413706,1.0515669333907922,-10,0.3,0.0
11.790000915527344,21.842442421769217,60.839356452910906,-0.5141027685607159,1.0792948829701638,-10,0.3,0.0
11.8000009059906,21.842442421769217,60.839356452910906,-0.5141027685607159,1.0792948829701638,-10,0.3,0.0
11.810000658035278,23.497362828822315,62.51717202423147,-0.3855075950837657,1.1161900191422955,-10,0.3,0.0
11.820000886917114,23.497362828822315,62.51717202423147,-0.3855075950837657,1.1161900191422955,-10,0.3,0.0
11.830000638961792,25.266070690345003,64.21637576325051,-0.2655973142101297,1.1240390949592913,-10,0.3,0.0
11.840000629425049,25.266070690345003,64.21637576325051,-0.2655973142101297,1.1240390949592913,-10,0.3,0.0
11.850000381469727,26.856211539494073,65.66389212947277,-0.21088749018361777,1.1105559695066554,-10,0.3,0.0
11.860000610351562,26.856211539494073,65.66389212947277,-0.21088749018361777,1.1105559695066554,-10,0.3,0.0
11.870000839233398,28.194516664178398,66.86345747183944,-0.11593543831933231,1.0840758213583597,-10,0.3,0.0
11.880000829696655,28.194516664178398,66.86345747183944,-0.11593543831933231,1.0840758213583597,-10,0.3,0.0
11.890000820159912,29.64115254641043,68.12983984242707,-0.07728399582880847,0.9978055946409063,-10,0.3,0.0
11.900001049041748,29.64115254641043,68.12983984242707,-0.07728399582880847,0.9978055946409063,-10,0.3,0.0
11.910000562667847,31.08207394037593,69.48064540231627,-0.021607241099127757,0.9408560849048074,-10,0.3,0.0
11.920000791549683,31.08207394037593,69.48064540231627,-0.021607241099127757,0.9408560849048074,-10,0.3,0.0
11.93000054359436,32.671001694519475,70.91647959739525,-0.006172714207220822,0.876590690139166,-10,0.3,0.0
11.940000295639038,32.671001694519475,70.91647959739525,-0.006172714207220822,0.876590690139166,-10,0.3,0.0
11.950000524520874,34.54096927059084,72.3373484206978,0.0,0.731793383185373,-10,0.3,0.0
11.960000276565552,34.54096927059084,72.3373484206978,0.0,0.731793383185373,-10,0.3,0.0
11.970000743865967,36.31390757842169,73.714884615662,0.009766567512347722,0.6541020398302799,-10,0.3,0.0
11.980000734329224,36.31390757842169,73.714884615662,0.009766567512347722,0.6541020398302799,-10,0.3,0.0
11.990000486373901,38.05787395752879,75.20230776478819,0.047178321147027864,0.49523539544634754,-10,0.3,0.0
12.000000238418579,38.05787395752879,75.20230776478819,0.047178321147027864,0.49523539544634754,-10,0.3,0.0
12.010000944137573,39.6868158816216,76.8216450820257,0.07513229086626506,0.4169006632505669,-10,0.3,0.0
12.020000696182251,39.6868158816216,76.8216450820257,0.07513229086626506,0.4169006632505669,-10,0.3,0.0
12.030000925064087,41.24435073141469,78.34273087526863,0.14681164046218032,0.2695298009340228,-10,0.3,0.0
12.040000438690186,41.24435073141469,78.34273087526863,0.14681164046218032,0.2695298009340228,-10,0.3,0.0
12.0500009059906,42.70755653340929,79.745370640912,0.18944711008031703,0.2033342396463181,-10,0.3,0.0
12.0600004196167,42.70755653340929,79.745370640912,0.18944711008031703,0.2033342396463181,-10,0.3,0.0
12.070000886917114,44.2908170878096,81.1494862359484,0.2855848633105949,0.09302427889469018,-10,0.3,0.0
12.080000638961792,44.2908170878096,81.1494862359484,0.2855848633105949,0.09302427889469018,-10,0.3,0.0
12.090000867843628,46.285836275744614,82.52845389086069,0.39257866767107424,0.051750448263825244,-10,0.3,0.0
12.100001096725464,46.285836275744614,82.52845389086069,0.39257866767107424,0.051750448263825244,-10,0.3,0.0
12.110000610351562,48.7297277241168,84.00365278558306,0.5060688821275886,0.004066508574640515,-10,0.3,0.0
12.120001077651978,48.7297277241168,84.00365278558306,0.5060688821275886,0.004066508574640515,-10,0.3,0.0
12.130000591278076,51.395896017827205,85.64438033769007,0.6789482579801916,0.0,-10,0.3,0.0
12.140000820159912,51.395896017827205,85.64438033769007,0.6789482579801916,0.0,-10,0.3,0.0
12.15000057220459,54.274050332387525,87.36598120629311,0.8419215757316945,0.0,-10,0.3,0.0
12.160001039505005,54.274050332387525,87.36598120629311,0.8419215757316945,0.0,-10,0.3,0.0
12.170000553131104,57.35481309594401,89.1360629591277,0.9802750468917882,-0.01313062863293675,-10,0.3,0.0
12.18000054359436,57.35481309594401,89.1360629591277,0.9802750468917882,-0.01313062863293675,-10,0.3,0.0
12.190000534057617,60.58259453779557,90.99826594788446,1.0792948829701638,-0.04290650160363536,-10,0.3,0.0
12.200000286102295,60.58259453779557,90.99826594788446,1.0792948829701638,-0.04290650160363536,-10,0.3,0.0
12.21000051498413,63.85180881023271,92.9794702085225,1.1242672954765134,-0.14504101685797047,-10,0.3,0.0
12.220000505447388,63.85180881023271,92.9794702085225,1.1242672954765134,-0.14504101685797047,-10,0.3,0.0
12.230000495910645,66.6634093614391,94.81576598504864,1.0840758213583597,-0.2900072256060285,-10,0.3,0.0
12.240000486373901,66.6634093614391,94.81576598504864,1.0840758213583597,-0.2900072256060285,-10,0.3,0.0
12.250000953674316,68.68893544417428,96.0745153859371,0.9978055946409063,-0.46107072913957486,-10,0.3,0.0
12.260001182556152,68.68893544417428,96.0745153859371,0.9978055946409063,-0.46107072913957486,-10,0.3,0.0
12.270001411437988,70.40345593720339,97.04449137996515,0.876590690139166,-0.5511594668545844,-10,0.3,0.0
12.280000925064087,70.40345593720339,97.04449137996515,0.876590690139166,-0.5511594668545844,-10,0.3,0.0
12.290001153945923,71.85360119872928,97.85909743144126,0.8064296947605115,-0.5511594668545844,-10,0.3,0.0
12.30000114440918,71.85360119872928,97.85909743144126,0.8064296947605115,-0.5511594668545844,-10,0.3,0.0
12.310000896453857,73.01113100865238,98.6748802911695,0.6541020398302799,-0.6414971287503789,-10,0.3,0.0
12.320000648498535,73.01113100865238,98.6748802911695,0.6541020398302799,-0.6414971287503789,-10,0.3,0.0
12.330000638961792,73.70827402818581,99.4207639319407,0.6541020398302799,-0.7299919149884293,-10,0.3,0.0
12.340000629425049,73.70827402818581,99.4207639319407,0.6541020398302799,-0.7299919149884293,-10,0.3,0.0
12.350000619888306,73.8849749203123,99.81288132327761,0.6541020398302799,-0.7299919149884293,-10,0.3,0.0
12.360000610351562,73.8849749203123,99.81288132327761,0.6541020398302799,-0.7299919149884293,-10,0.3,0.0
12.370000839233398,73.8849749203123,99.82222264599605,0.6541020398302799,-0.7299919149884293,-10,0.3,0.0
12.380000829696655,73.8849749203123,99.82222264599605,0.6541020398302799,-0.7299919149884293,-10,0.3,0.0
12.390000581741333,73.8849749203123,99.99829473580039,0.6541020398302799,-0.7299919149884293,-10,0.3,0.0
12.400001049041748,73.8849749203123,99.99829473580039,0.6541020398302799,-0.7299919149884293,-10,0.3,0.0
12.410000562667847,73.8849749203123,0.4840256224870139,0.6541020398302799,-0.7299919149884294,-10,0.3,0.0
12.420000553131104,73.8849749203123,0.4840256224870139,0.6541020398302799,-0.7299919149884294,-10,0.3,0.0
12.43000054359436,73.8849749203123,1.4309335861704164,0.6541020398302799,-0.8145520257302065,-10,0.3,0.0
12.440000534057617,73.8849749203123,1.4309335861704164,0.6541020398302799,-0.8145520257302065,-10,0.3,0.0
12.450000762939453,73.8849749203123,2.9510021741625336,0.6541020398302799,-0.893085661137181,-10,0.3,0.0
12.46000051498413,73.8849749203123,2.9510021741625336,0.6541020398302799,-0.893085661137181,-10,0.3,0.0
12.470000505447388,73.93455828401278,4.48663845329448,0.6541020398302799,-1.0237063065926062,-10,0.3,0.0
12.480000734329224,73.93455828401278,4.48663845329448,0.6541020398302799,-1.0237063065926062,-10,0.3,0.0
12.490000486373901,74.62907096673578,6.1754272129435455,0.5747759491117617,-1.1051194526464705,-10,0.3,0.0
12.500000476837158,74.62907096673578,6.1754272129435455,0.5747759491117617,-1.1051194526464705,-10,0.3,0.0
12.510000944137573,75.7496879930733,8.037466557884414,0.49523539544634754,-1.12221120118872,-10,0.3,0.0
12.520000696182251,75.7496879930733,8.037466557884414,0.49523539544634754,-1.12221120118872,-10,0.3,0.0
12.530000925064087,77.18965437885731,9.89018000163265,0.34119203694094874,-1.111720636307899,-10,0.3,0.0
12.540000677108765,77.18965437885731,9.89018000163265,0.34119203694094874,-1.111720636307899,-10,0.3,0.0
12.550000667572021,78.6754927757485,11.224681083842002,0.2695298009340228,-1.0646420763801072,-10,0.3,0.0
12.560000658035278,78.6754927757485,11.224681083842002,0.2695298009340228,-1.0646420763801072,-10,0.3,0.0
12.570000410079956,80.01674184772737,11.941440540115464,0.14402563749436434,-1.0646420763801072,-10,0.3,0.0
12.580000877380371,80.01674184772737,11.941440540115464,0.14402563749436434,-1.0646420763801072,-10,0.3,0.0
12.590000629425049,81.23656069711203,12.357127993924392,0.09302427889469018,-1.0296448666803868,-10,0.3,0.0
12.600000619888306,81.23656069711203,12.357127993924392,0.09302427889469018,-1.0296448666803868,-10,0.3,0.0
12.61000108718872,82.37195592226884,13.03260703525864,0.051750448263825244,-0.9880695607216169,-10,0.3,0.0
12.620001316070557,82.37195592226884,13.03260703525864,0.051750448263825244,-0.9880695607216169,-10,0.3,0.0
12.630000591278076,83.39374189752556,14.286772612115112,0.02162443001829868,-0.9407115511774231,-10,0.3,0.0
12.640000581741333,83.39374189752556,14.286772612115112,0.02162443001829868,-0.9407115511774231,-10,0.3,0.0
12.65000033378601,84.35930721768273,15.913616810973053,0.004066508574640515,-0.8883662307214307,-10,0.3,0.0
12.660001039505005,84.35930721768273,15.913616810973053,0.004066508574640515,-0.8883662307214307,-10,0.3,0.0
12.670000314712524,85.32192247840615,17.60120302612609,0.0,-0.7718952277685502,-10,0.3,0.0
12.68000054359436,85.32192247840615,17.60120302612609,0.0,-0.7718952277685502,-10,0.3,0.0
12.690000534057617,86.3711116320764,19.13320518459778,0.0,-0.645019693251978,-10,0.3,0.0
12.700000524520874,86.3711116320764,19.13320518459778,0.0,-0.645019693251978,-10,0.3,0.0
12.71000051498413,87.53062927472057,20.64748786338299,0.0,-0.5796687083413706,-10,0.3,0.0
12.720000505447388,87.53062927472057,20.64748786338299,0.0,-0.5796687083413706,-10,0.3,0.0
12.730000257492065,88.80083263838934,22.160286388823543,-0.00033807855125633394,-0.4491172665836392,-10,0.3,0.0
12.740000486373901,88.80083263838934,22.160286388823543,-0.00033807855125633394,-0.4491172665836392,-10,0.3,0.0
12.750000715255737,90.07298099761695,23.67989704737518,-0.04290650160363536,-0.3855075950837657,-10,0.3,0.0
12.760000467300415,90.07298099761695,23.67989704737518,-0.04290650160363536,-0.3855075950837657,-10,0.3,0.0
12.77000093460083,91.48872057760387,25.22586026998856,-0.08757389762482297,-0.2655973142101297,-10,0.3,0.0
12.780000686645508,91.48872057760387,25.22586026998856,-0.08757389762482297,-0.2655973142101297,-10,0.3,0.0
12.790000677108765,92.86699305937705,26.859932604268927,-0.14504101685797047,-0.21088749018361777,-10,0.3,0.0
12.8000009059906,92.86699305937705,26.859932604268927,-0.14504101685797047,-0.21088749018361777,-10,0.3,0.0
12.810000896453857,94.37098321348661,28.614708755212387,-0.2900072256060285,-0.11593543831933231,-10,0.3,0.0
12.820000648498535,94.37098321348661,28.614708755212387,-0.2900072256060285,-0.11593543831933231,-10,0.3,0.0
12.830000400543213,95.84419911215569,30.404896844598372,-0.3733227154438807,-0.045576132530865364,-10,0.3,0.0
12.840000629425049,95.84419911215569,30.404896844598372,-0.3733227154438807,-0.045576132530865364,-10,0.3,0.0
12.850000858306885,97.0638696487549,32.23756830792641,-0.5511594668545844,-0.006172714207220822,-10,0.3,0.0
12.860000610351562,97.0638696487549,32.23756830792641,-0.5511594668545844,-0.006172714207220822,-10,0.3,0.0
12.87000060081482,98.00743124276289,33.870301875451574,-0.6414971287503789,-6.794452876866152e-05,-10,0.3,0.0
12.880000829696655,98.00743124276289,33.870301875451574,-0.6414971287503789,-6.794452876866152e-05,-10,0.3,0.0
12.890000581741333,98.80154950645486,35.407837961392765,-0.6414971287503789,0.0013986938554461867,-10,0.3,0.0
12.900001049041748,98.80154950645486,35.407837961392765,-0.6414971287503789,0.0013986938554461867,-10,0.3,0.0
12.910001039505005,99.60276871158764,36.87873270912874,-0.7299919149884293,0.009766567512347722,-10,0.3,0.0
12.920001029968262,99.60276871158764,36.87873270912874,-0.7299919149884293,0.009766567512347722,-10,0.3,0.0
12.93000078201294,99.60276871158764,36.87873270912874,-0.7299919149884293,0.009766567512347722,-10,0.3,0.0
12.940000772476196,0.44376370978001856,38.292163841021356,-0.7299919149884294,0.047178321147027864,-10,0.3,0.0
12.950000524520874,0.8854079852164995,39.00167216102298,-0.7299919149884294,0.07513229086626506,-10,0.3,0.0
12.96000075340271,0.8854079852164995,39.00167216102298,-0.7299919149884294,0.07513229086626506,-10,0.3,0.0
12.970000505447388,2.051234986467439,41.06001431563555,-0.893085661137181,0.14681164046218032,-10,0.3,0.0
12.980000495910645,2.051234986467439,41.06001431563555,-0.893085661137181,0.14681164046218032,-10,0.3,0.0
12.990000486373901,2.7313244209055134,42.19174505838365,-0.893085661137181,0.18944711008031703,-10,0.3,0.0
13.000000476837158,2.7313244209055134,42.19174505838365,-0.893085661137181,0.18944711008031703,-10,0.3,0.0
13.010001182556152,3.537456125102762,43.17660400520927,-0.9635010213708239,0.23588650273954542,-10,0.3,0.0
13.020074367523193,3.537456125102762,43.17660400520927,-0.9635010213708239,0.23588650273954542,-10,0.3,0.0
13.030000925064087,4.384763569048647,44.14113732703232,-1.0237063065926062,0.2855848633105949,-10,0.3,0.0
13.040000677108765,4.384763569048647,44.14113732703232,-1.0237063065926062,0.2855848633105949,-10,0.3,0.0
13.050000429153442,5.2535322218596665,45.13206626129588,-1.0716097169639978,0.33799723666419484,-10,0.3,0.0
13.060000896453857,5.2535322218596665,45.13206626129588,-1.0716097169639978,0.33799723666419484,-10,0.3,0.0
13.070000648498535,5.2535322218596665,45.13206626129588,-1.0716097169639978,0.33799723666419484,-10,0.3,0.0
13.080000877380371,6.074210666103613,46.06621471089581,-1.1051194526464705,0.39257866767107424,-10,0.3,0.0
13.090000867843628,6.551923383209989,46.54896804847355,-1.1051194526464705,0.39257866767107424,-10,0.3,0.0
13.100001096725464,6.551923383209989,46.54896804847355,-1.1051194526464705,0.39257866767107424,-10,0.3,0.0
13.110023736953735,8.645448608491979,48.307463648002816,-1.12221120118872,0.5060688821275886,-10,0.3,0.0
13.120000839233398,8.645448608491979,48.307463648002816,-1.12221120118872,0.5060688821275886,-10,0.3,0.0
13.130000829696655,10.117526759032746,49.627122335775944,-1.0922657971471528,0.5638877553186831,-10,0.3,0.0
13.140000820159912,10.117526759032746,49.627122335775944,-1.0922657971471528,0.5638877553186831,-10,0.3,0.0
13.15000057220459,11.767724906841769,51.20173285549679,-1.0646420763801072,0.6789482579801916,-10,0.3,0.0
13.160001039505005,11.767724906841769,51.20173285549679,-1.0646420763801072,0.6789482579801916,-10,0.3,0.0
13.170001029968262,13.30254743093863,52.615180211172905,-0.9880695607216169,0.7350999771920647,-10,0.3,0.0
13.18000078201294,13.30254743093863,52.615180211172905,-0.9880695607216169,0.7350999771920647,-10,0.3,0.0
13.190000772476196,14.632592483516143,53.91670194928203,-0.9407115511774231,0.7896060681523228,-10,0.3,0.0
13.200001001358032,14.632592483516143,53.91670194928203,-0.9407115511774231,0.7896060681523228,-10,0.3,0.0
13.21000051498413,14.632592483516143,53.91670194928203,-0.9407115511774231,0.7896060681523228,-10,0.3,0.0
13.220000982284546,15.82099364197509,54.96774353524949,-0.8883662307214307,0.8419215757316945,-10,0.3,0.0
13.230000734329224,16.41280378978694,55.46166973093464,-0.8318289920272647,0.8915015448009102,-10,0.3,0.0
13.240250587463379,16.41280378978694,55.46166973093464,-0.8318289920272647,0.8915015448009102,-10,0.3,0.0
13.250000715255737,16.41280378978694,55.46166973093464,-0.8318289920272647,0.8915015448009102,-10,0.3,0.0
13.260000944137573,18.005629340791913,56.823733963289214,-0.7093603306189131,0.9378010202306981,-10,0.3,0.0
13.27000117301941,18.594676042851543,57.28598490723256,-0.7093603306189131,0.9802750468917882,-10,0.3,0.0
13.280000925064087,18.594676042851543,57.28598490723256,-0.7093603306189131,0.9802750468917882,-10,0.3,0.0
13.290001153945923,20.52087174335329,58.90145470395891,-0.5796687083413706,1.01837866965491,-10,0.3,0.0
13.300000667572021,20.52087174335329,58.90145470395891,-0.5796687083413706,1.01837866965491,-10,0.3,0.0
13.310000658035278,20.52087174335329,58.90145470395891,-0.5796687083413706,1.01837866965491,-10,0.3,0.0
13.320182085037231,21.72078513545471,60.1929484668582,-0.5141027685607159,1.0792948829701638,-10,0.3,0.0
13.330000877380371,22.263207252435432,60.82445190318461,-0.4491172665836392,1.0792948829701638,-10,0.3,0.0
13.340000867843628,22.263207252435432,60.82445190318461,-0.4491172665836392,1.0792948829701638,-10,0.3,0.0
13.350000858306885,23.798430056433954,62.60133214812219,-0.3855075950837657,1.1161900191422955,-10,0.3,0.0
13.360000610351562,23.798430056433954,62.60133214812219,-0.3855075950837657,1.1161900191422955,-10,0.3,0.0
13.370001077651978,23.798430056433954,62.60133214812219,-0.3855075950837657,1.1161900191422955,-10,0.3,0.0
13.380000829696655,24.907824217144324,63.85033874163181,-0.324069146734721,1.1242672954765134,-10,0.3,0.0
13.390000820159912,25.4673874907019,64.44647765740127,-0.2655973142101297,1.1240390949592913,-10,0.3,0.0
13.400001049041748,25.4673874907019,64.44647765740127,-0.2655973142101297,1.1240390949592913,-10,0.3,0.0
13.410000562667847,30.69188097410217,66.22782536728161,-0.045576132530865364,1.0840758213583597,-10,0.3,0.0
13.420000791549683,30.69188097410217,66.22782536728161,-0.045576132530865364,1.0840758213583597,-10,0.3,0.0
13.43000078201294,31.809723157896396,67.4483698352318,-0.021607241099127757,1.0460189349309337,-10,0.3,0.0
13.440040588378906,31.809723157896396,67.4483698352318,-0.021607241099127757,1.0460189349309337,-10,0.3,0.0
13.450000524520874,33.006604691882806,68.65993391343079,-6.794452876866152e-05,0.9978055946409063,-10,0.3,0.0
13.46000075340271,33.006604691882806,68.65993391343079,-6.794452876866152e-05,0.9978055946409063,-10,0.3,0.0
13.470000505447388,34.19646883571026,69.91752279276591,0.0,0.9408560849048074,-10,0.3,0.0
13.480000495910645,34.19646883571026,69.91752279276591,0.0,0.9408560849048074,-10,0.3,0.0
13.490000247955322,35.311505109154915,71.20903916816081,0.0013986938554461867,0.8064296947605115,-10,0.3,0.0
13.500000715255737,35.311505109154915,71.20903916816081,0.0013986938554461867,0.8064296947605115,-10,0.3,0.0
13.510001420974731,36.41468888396435,72.50676503981126,0.009766567512347722,0.731793383185373,-10,0.3,0.0
13.52000117301941,36.41468888396435,72.50676503981126,0.009766567512347722,0.731793383185373,-10,0.3,0.0
13.530111074447632,37.61980453325789,73.82843444977591,0.025208094985965185,0.6541020398302799,-10,0.3,0.0
13.540000677108765,37.61980453325789,73.82843444977591,0.025208094985965185,0.6541020398302799,-10,0.3,0.0
13.5500009059906,38.7447776537255,75.20967632934243,0.047178321147027864,0.49523539544634754,-10,0.3,0.0
13.560000658035278,38.7447776537255,75.20967632934243,0.047178321147027864,0.49523539544634754,-10,0.3,0.0
13.570000886917114,39.823409644019584,76.51567114744405,0.07513229086626506,0.4169006632505669,-10,0.3,0.0
13.580000877380371,39.823409644019584,76.51567114744405,0.07513229086626506,0.4169006632505669,-10,0.3,0.0
13.590001106262207,40.84640799111991,77.76392952779884,0.10852504901440616,0.34119203694094874,-10,0.3,0.0
13.600000619888306,40.84640799111991,77.76392952779884,0.10852504901440616,0.34119203694094874,-10,0.3,0.0
13.610000610351562,41.85116147321142,79.06749451310363,0.14681164046218032,0.2033342396463181,-10,0.3,0.0
13.620000839233398,41.85116147321142,79.06749451310363,0.14681164046218032,0.2033342396463181,-10,0.3,0.0
13.630000591278076,42.92843430853746,80.5077276742295,0.18944711008031703,0.14402563749436434,-10,0.3,0.0
13.640000820159912,42.92843430853746,80.5077276742295,0.18944711008031703,0.14402563749436434,-10,0.3,0.0
13.65000057220459,44.03693928684086,81.94577045069555,0.2855848633105949,0.09302427889469018,-10,0.3,0.0
13.660000801086426,44.03693928684086,81.94577045069555,0.2855848633105949,0.09302427889469018,-10,0.3,0.0
13.670000791549683,45.144803640745785,83.35868809139957,0.33799723666419484,0.02162443001829868,-10,0.3,0.0
13.68000054359436,45.144803640745785,83.35868809139957,0.33799723666419484,0.02162443001829868,-10,0.3,0.0
13.690000295639038,46.46606214226277,84.76807788799601,0.39257866767107424,0.004066508574640515,-10,0.3,0.0
13.700000524520874,46.46606214226277,84.76807788799601,0.39257866767107424,0.004066508574640515,-10,0.3,0.0
13.710000276565552,48.447818228882326,86.39791102669182,0.5060688821275886,0.0,-10,0.3,0.0
13.720000505447388,48.447818228882326,86.39791102669182,0.5060688821275886,0.0,-10,0.3,0.0
13.730000495910645,50.74587586895041,88.38952592870505,0.6216958656459743,-0.00033807855125633394,-10,0.3,0.0
13.740000247955322,50.74587586895041,88.38952592870505,0.6216958656459743,-0.00033807855125633394,-10,0.3,0.0
13.750000715255737,52.904238816346336,90.51070140339186,0.7350999771920647,-0.04290650160363536,-10,0.3,0.0
13.760000944137573,52.904238816346336,90.51070140339186,0.7350999771920647,-0.04290650160363536,-10,0.3,0.0
13.770001411437988,54.85735709621229,92.16360794069824,0.8419215757316945,-0.14504101685797047,-10,0.3,0.0
13.780000686645508,54.85735709621229,92.16360794069824,0.8419215757316945,-0.14504101685797047,-10,0.3,0.0
13.790000677108765,57.21277877745635,93.51597017523332,0.9802750468917882,-0.2132160594645487,-10,0.3,0.0
13.8000009059906,57.21277877745635,93.51597017523332,0.9802750468917882,-0.2132160594645487,-10,0.3,0.0
13.810001134872437,59.28987919901411,94.81490897676804,1.0515669333907922,-0.2900072256060285,-10,0.3,0.0
13.820001602172852,59.28987919901411,94.81490897676804,1.0515669333907922,-0.2900072256060285,-10,0.3,0.0
13.830000877380371,60.82440221364253,96.23010146017008,1.0792948829701638,-0.46107072913957486,-10,0.3,0.0
13.840000867843628,60.82440221364253,96.23010146017008,1.0792948829701638,-0.46107072913957486,-10,0.3,0.0
13.850000858306885,62.74702465983369,98.60941402151239,1.1161900191422955,-0.6414971287503789,-10,0.3,0.0
13.860000610351562,62.74702465983369,98.60941402151239,1.1161900191422955,-0.6414971287503789,-10,0.3,0.0
13.870116710662842,62.74702465983369,98.60941402151239,1.1161900191422955,-0.6414971287503789,-10,0.3,0.0
13.880024433135986,65.82495867993924,2.5623729747900232,1.1105559695066554,-0.893085661137181,-10,0.3,0.0
13.890000581741333,67.39566396571861,4.611409670339441,1.0460189349309337,-1.0237063065926062,-10,0.3,0.0
13.900001049041748,67.39566396571861,4.611409670339441,1.0460189349309337,-1.0237063065926062,-10,0.3,0.0
13.910000801086426,70.64595113836853,8.182500891964889,0.876590690139166,-1.12221120118872,-10,0.3,0.0
13.920000791549683,70.64595113836853,8.182500891964889,0.876590690139166,-1.12221120118872,-10,0.3,0.0
13.93000078201294,72.12384239942567,9.218774683123348,0.731793383185373,-1.111720636307899,-10,0.3,0.0
13.940001010894775,72.12384239942567,9.218774683123348,0.731793383185373,-1.111720636307899,-10,0.3,0.0
13.950000762939453,73.58599207527273,9.960909942575338,0.6541020398302799,-1.111720636307899,-10,0.3,0.0
13.96000075340271,73.58599207527273,9.960909942575338,0.6541020398302799,-1.111720636307899,-10,0.3,0.0
13.970001220703125,74.92378368667164,11.045431362167182,0.5747759491117617,-1.0646420763801072,-10,0.3,0.0
13.980000734329224,74.92378368667164,11.045431362167182,0.5747759491117617,-1.0646420763801072,-10,0.3,0.0
13.990000486373901,76.27171676778313,12.34786938340585,0.4169006632505669,-1.0296448666803868,-10,0.3,0.0
14.000000953674316,76.27171676778313,12.34786938340585,0.4169006632505669,-1.0296448666803868,-10,0.3,0.0
14.010001182556152,76.27171676778313,12.34786938340585,0.4169006632505669,-1.0296448666803868,-10,0.3,0.0
14.020000696182251,77.69791258137012,13.891852386792175,0.34119203694094874,-0.9880695607216169,-10,0.3,0.0
14.030001401901245,78.48302599004143,14.64355449303065,0.2695298009340228,-0.9407115511774231,-10,0.3,0.0
14.040000438690186,78.48302599004143,14.64355449303065,0.2695298009340228,-0.9407115511774231,-10,0.3,0.0
14.05000114440918,80.75936036109054,16.90125986967769,0.14402563749436434,-0.8318289920272647,-10,0.3,0.0
14.060024738311768,80.75936036109054,16.90125986967769,0.14402563749436434,-0.8318289920272647,-10,0.3,0.0
14.070000886917114,82.24448535095897,18.230464058860477,0.051750448263825244,-0.7093603306189131,-10,0.3,0.0
14.08000135421753,82.24448535095897,18.230464058860477,0.051750448263825244,-0.7093603306189131,-10,0.3,0.0
14.090000629425049,83.76505556457232,19.447898910100076,0.02162443001829868,-0.645019693251978,-10,0.3,0.0
14.100000381469727,83.76505556457232,19.447898910100076,0.02162443001829868,-0.645019693251978,-10,0.3,0.0
14.110000848770142,85.36925988033741,21.073943063222263,0.0,-0.5141027685607159,-10,0.3,0.0
14.120000839233398,85.36925988033741,21.073943063222263,0.0,-0.5141027685607159,-10,0.3,0.0
14.13000774383545,87.11277264029106,22.89414590363746,0.0,-0.4491172665836392,-10,0.3,0.0
14.140001058578491,87.11277264029106,22.89414590363746,0.0,-0.4491172665836392,-10,0.3,0.0
14.150000810623169,88.77855192555059,24.688529310270795,-0.00033807855125633394,-0.324069146734721,-10,0.3,0.0
14.160001277923584,88.77855192555059,24.688529310270795,-0.00033807855125633394,-0.324069146734721,-10,0.3,0.0
14.170000553131104,88.77855192555059,24.688529310270795,-0.00033807855125633394,-0.324069146734721,-10,0.3,0.0
14.18000054359436,90.42362713254143,26.323810237010274,-0.04290650160363536,-0.21088749018361777,-10,0.3,0.0
14.190000772476196,91.1877070641222,27.272852308586472,-0.08757389762482297,-0.16073506732881002,-10,0.3,0.0
14.200001001358032,91.1877070641222,27.272852308586472,-0.08757389762482297,-0.16073506732881002,-10,0.3,0.0
14.21000075340271,93.4551545779917,29.77747859824954,-0.2132160594645487,-0.07728399582880847,-10,0.3,0.0
14.220000743865967,93.4551545779917,29.77747859824954,-0.2132160594645487,-0.07728399582880847,-10,0.3,0.0
14.230000495910645,93.4551545779917,29.77747859824954,-0.2132160594645487,-0.07728399582880847,-10,0.3,0.0
14.24000072479248,94.64993616328611,31.301877821598662,-0.2900072256060285,-0.021607241099127757,-10,0.3,0.0
14.250000953674316,95.19064062109078,31.968147821006404,-0.3733227154438807,-0.021607241099127757,-10,0.3,0.0
14.260000944137573,95.19064062109078,31.968147821006404,-0.3733227154438807,-0.021607241099127757,-10,0.3,0.0
14.27000117301941,97.1389592477979,33.78560414763817,-0.5511594668545844,-6.794452876866152e-05,-10,0.3,0.0
14.280001163482666,97.1389592477979,33.78560414763817,-0.5511594668545844,-6.794452876866152e-05,-10,0.3,0.0
14.290000915527344,97.1389592477979,33.78560414763817,-0.5511594668545844,-6.794452876866152e-05,-10,0.3,0.0
14.3000009059906,98.65556297672954,35.17981499878825,-0.6414971287503789,0.0013986938554461867,-10,0.3,0.0
14.310000896453857,99.40235266955155,35.870242478528176,-0.7299919149884293,0.0013986938554461867,-10,0.3,0.0
14.320000648498535,99.40235266955155,35.870242478528176,-0.7299919149884293,0.0013986938554461867,-10,0.3,0.0
14.330000877380371,2.7700569329638105,38.13062299741375,-0.893085661137181,0.047178321147027864,-10,0.3,0.0
14.340000867843628,2.7700569329638105,38.13062299741375,-0.893085661137181,0.047178321147027864,-10,0.3,0.0
14.350001096725464,5.324685023931532,38.13062299741375,-1.0716097169639978,0.047178321147027864,-10,0.3,0.0
14.36000108718872,5.324685023931532,38.13062299741375,-1.0716097169639978,0.047178321147027864,-10,0.3,0.0
14.370000839233398,8.005816325834848,38.92324693477105,-1.12221120118872,0.047178321147027864,-10,0.3,0.0
14.380000829696655,8.005816325834848,38.92324693477105,-1.12221120118872,0.047178321147027864,-10,0.3,0.0
14.390001058578491,9.836930436119209,40.26099134136531,-1.111720636307899,0.10852504901440616,-10,0.3,0.0
14.400001049041748,9.836930436119209,40.26099134136531,-1.111720636307899,0.10852504901440616,-10,0.3,0.0
14.410000801086426,10.564454726554565,41.563447150568194,-1.0922657971471528,0.14681164046218032,-10,0.3,0.0
14.420000791549683,10.564454726554565,41.563447150568194,-1.0922657971471528,0.14681164046218032,-10,0.3,0.0
14.43000054359436,11.117005695414072,42.71606510206862,-1.0646420763801072,0.18944711008031703,-10,0.3,0.0
14.440000772476196,11.117005695414072,42.71606510206862,-1.0646420763801072,0.18944711008031703,-10,0.3,0.0
14.450000524520874,11.864823250985765,43.96195721552457,-1.0646420763801072,0.23588650273954542,-10,0.3,0.0
14.460000991821289,11.864823250985765,43.96195721552457,-1.0646420763801072,0.23588650273954542,-10,0.3,0.0
14.470001220703125,14.038820005168711,45.760730715385485,-0.9407115511774231,0.33799723666419484,-10,0.3,0.0
14.480000734329224,14.038820005168711,45.760730715385485,-0.9407115511774231,0.33799723666419484,-10,0.3,0.0
14.490001201629639,18.17744679091975,48.4065928993971,-0.7093603306189131,0.5060688821275886,-10,0.3,0.0
14.500000476837158,18.17744679091975,48.4065928993971,-0.7093603306189131,0.5060688821275886,-10,0.3,0.0
14.510000705718994,22.810413016724333,52.14093343967308,-0.4491172665836392,0.7350999771920647,-10,0.3,0.0
14.52000093460083,22.810413016724333,52.14093343967308,-0.4491172665836392,0.7350999771920647,-10,0.3,0.0
14.530001163482666,26.705890339647254,56.209962264151514,-0.21088749018361777,0.9378010202306981,-10,0.3,0.0
14.540000677108765,26.705890339647254,56.209962264151514,-0.21088749018361777,0.9378010202306981,-10,0.3,0.0
14.55000114440918,29.536340212595587,59.72122767306147,-0.07728399582880847,1.0515669333907922,-10,0.3,0.0
14.560000658035278,29.536340212595587,59.72122767306147,-0.07728399582880847,1.0515669333907922,-10,0.3,0.0
14.570000648498535,31.568197168057523,62.79004376281363,-0.021607241099127757,1.1161900191422955,-10,0.3,0.0
14.580001592636108,31.568197168057523,62.79004376281363,-0.021607241099127757,1.1161900191422955,-10,0.3,0.0
14.590001106262207,33.20683978716592,65.21680719582997,-6.794452876866152e-05,1.1105559695066554,-10,0.3,0.0
14.600000619888306,33.20683978716592,65.21680719582997,-6.794452876866152e-05,1.1105559695066554,-10,0.3,0.0
14.610000610351562,34.573129876400614,66.82537850860214,0.0,1.0840758213583597,-10,0.3,0.0
14.620000839233398,34.573129876400614,66.82537850860214,0.0,1.0840758213583597,-10,0.3,0.0
14.630000591278076,35.91742429626885,68.39986150370123,0.0013986938554461867,0.9978055946409063,-10,0.3,0.0
14.640000820159912,35.91742429626885,68.39986150370123,0.0013986938554461867,0.9978055946409063,-10,0.3,0.0
14.65000033378601,37.258315707661644,70.42265599976831,0.025208094985965185,0.876590690139166,-10,0.3,0.0
14.660000801086426,37.258315707661644,70.42265599976831,0.025208094985965185,0.876590690139166,-10,0.3,0.0
14.670000791549683,38.81885261501559,72.69464801499865,0.047178321147027864,0.731793383185373,-10,0.3,0.0
14.68000054359436,38.81885261501559,72.69464801499865,0.047178321147027864,0.731793383185373,-10,0.3,0.0
14.690000534057617,40.185900696317574,74.737671377976,0.10852504901440616,0.5747759491117617,-10,0.3,0.0
14.700000524520874,40.185900696317574,74.737671377976,0.10852504901440616,0.5747759491117617,-10,0.3,0.0
14.71000075340271,41.26419162457437,76.247238519114,0.14681164046218032,0.4169006632505669,-10,0.3,0.0
14.720000267028809,41.26419162457437,76.247238519114,0.14681164046218032,0.4169006632505669,-10,0.3,0.0
14.730000734329224,41.97322557488626,77.56286453167563,0.14681164046218032,0.34119203694094874,-10,0.3,0.0
14.740000486373901,41.97322557488626,77.56286453167563,0.14681164046218032,0.34119203694094874,-10,0.3,0.0
14.750000715255737,42.63503642164616,78.76933677271623,0.18944711008031703,0.2695298009340228,-10,0.3,0.0
14.760000705718994,42.63503642164616,78.76933677271623,0.18944711008031703,0.2695298009340228,-10,0.3,0.0
14.77000093460083,43.32731507547373,79.83551643268302,0.23588650273954542,0.2033342396463181,-10,0.3,0.0
14.780000448226929,43.32731507547373,79.83551643268302,0.23588650273954542,0.2033342396463181,-10,0.3,0.0
14.790000677108765,44.217757663712185,80.92972236518301,0.2855848633105949,0.14402563749436434,-10,0.3,0.0
14.800000667572021,44.217757663712185,80.92972236518301,0.2855848633105949,0.14402563749436434,-10,0.3,0.0
14.810000658035278,45.29202896461401,82.25291808018423,0.33799723666419484,0.051750448263825244,-10,0.3,0.0
14.820000648498535,45.29202896461401,82.25291808018423,0.33799723666419484,0.051750448263825244,-10,0.3,0.0
14.830000877380371,46.4565565844828,83.60269082085885,0.39257866767107424,0.02162443001829868,-10,0.3,0.0
14.840000867843628,46.4565565844828,83.60269082085885,0.39257866767107424,0.02162443001829868,-10,0.3,0.0
14.850000381469727,47.57994848221751,84.84189864509362,0.4487842012019627,0.004066508574640515,-10,0.3,0.0
14.860000610351562,47.57994848221751,84.84189864509362,0.4487842012019627,0.004066508574640515,-10,0.3,0.0
14.870000839233398,48.705995064644156,85.70782744725798,0.5060688821275886,0.0,-10,0.3,0.0
14.880000829696655,48.705995064644156,85.70782744725798,0.5060688821275886,0.0,-10,0.3,0.0
14.890000581741333,50.0794427980113,86.50469075594998,0.6216958656459743,0.0,-10,0.3,0.0
14.900000810623169,50.0794427980113,86.50469075594998,0.6216958656459743,0.0,-10,0.3,0.0
14.910000324249268,51.626253596667425,87.34773316108507,0.6789482579801916,0.0,-10,0.3,0.0
14.920000791549683,51.626253596667425,87.34773316108507,0.6789482579801916,0.0,-10,0.3,0.0
14.93000054359436,53.40189756355026,88.31068586097959,0.7896060681523228,-0.00033807855125633394,-10,0.3,0.0
14.940000534057617,53.40189756355026,88.31068586097959,0.7896060681523228,-0.00033807855125633394,-10,0.3,0.0
14.950000524520874,55.54742871754957,89.45569640773824,0.8915015448009102,-0.01313062863293675,-10,0.3,0.0
14.960000276565552,55.54742871754957,89.45569640773824,0.8915015448009102,-0.01313062863293675,-10,0.3,0.0
14.970000505447388,57.78275178145721,90.72077807770216,0.9802750468917882,-0.04290650160363536,-10,0.3,0.0
14.980000495910645,57.78275178145721,90.72077807770216,0.9802750468917882,-0.04290650160363536,-10,0.3,0.0
14.990000486373901,59.84311570858857,91.78811387615194,1.0515669333907922,-0.08757389762482297,-10,0.3,0.0
15.000000715255737,59.84311570858857,91.78811387615194,1.0515669333907922,-0.08757389762482297,-10,0.3,0.0
15.010000944137573,61.52205118203624,92.5987721645351,1.1010175632637553,-0.14504101685797047,-10,0.3,0.0
15.020422458648682,61.52205118203624,92.5987721645351,1.1010175632637553,-0.14504101685797047,-10,0.3,0.0
15.030000925064087,62.83905568646024,93.214561141624,1.1161900191422955,-0.2132160594645487,-10,0.3,0.0
15.040000677108765,62.83905568646024,93.214561141624,1.1161900191422955,-0.2132160594645487,-10,0.3,0.0
15.0500009059906,63.85800900306206,93.64423103509915,1.1242672954765134,-0.2132160594645487,-10,0.3,0.0
15.060000896453857,63.85800900306206,93.64423103509915,1.1242672954765134,-0.2132160594645487,-10,0.3,0.0
15.070000648498535,64.65507458377989,94.0134235199974,1.1240390949592913,-0.2900072256060285,-10,0.3,0.0
15.080000638961792,64.65507458377989,94.0134235199974,1.1240390949592913,-0.2900072256060285,-10,0.3,0.0
15.090000629425049,65.12170333292619,94.29457175301059,1.1105559695066554,-0.2900072256060285,-10,0.3,0.0
15.100000619888306,65.12170333292619,94.29457175301059,1.1105559695066554,-0.2900072256060285,-10,0.3,0.0
15.110000848770142,65.39814578822553,94.47410784017154,1.1105559695066554,-0.2900072256060285,-10,0.3,0.0
15.120000839233398,65.39814578822553,94.47410784017154,1.1105559695066554,-0.2900072256060285,-10,0.3,0.0
15.130000829696655,65.44619381978589,94.5619742223723,1.1105559695066554,-0.2900072256060285,-10,0.3,0.0
15.140000820159912,65.44619381978589,94.5619742223723,1.1105559695066554,-0.2900072256060285,-10,0.3,0.0
15.15000057220459,65.44619381978589,94.65235656876361,1.1105559695066554,-0.2900072256060285,-10,0.3,0.0
15.160000801086426,65.44619381978589,94.65235656876361,1.1105559695066554,-0.2900072256060285,-10,0.3,0.0
15.170000791549683,65.44619381978589,94.79089574483363,1.1105559695066554,-0.2900072256060285,-10,0.3,0.0
15.18000054359436,65.44619381978589,94.79089574483363,1.1105559695066554,-0.2900072256060285,-10,0.3,0.0
15.190000772476196,65.44619381978589,95.13203955791634,1.1105559695066554,-0.3733227154438807,-10,0.3,0.0
15.200000524520874,65.44619381978589,95.13203955791634,1.1105559695066554,-0.3733227154438807,-10,0.3,0.0
15.21000051498413,66.22366341989276,96.25865075997959,1.0840758213583597,-0.46107072913957486,-10,0.3,0.0
15.220000743865967,66.22366341989276,96.25865075997959,1.0840758213583597,-0.46107072913957486,-10,0.3,0.0
15.230000495910645,68.30767043425912,98.9466017936555,0.9978055946409063,-0.6414971287503789,-10,0.3,0.0
15.24000072479248,68.30767043425912,98.9466017936555,0.9978055946409063,-0.6414971287503789,-10,0.3,0.0
15.250000953674316,69.99486197893171,1.1183472150717155,0.9408560849048074,-0.8145520257302065,-10,0.3,0.0
15.260000944137573,69.99486197893171,1.1183472150717155,0.9408560849048074,-0.8145520257302065,-10,0.3,0.0
15.27000093460083,71.11321680469649,2.3135504770706925,0.8064296947605115,-0.893085661137181,-10,0.3,0.0
15.280000686645508,71.11321680469649,2.3135504770706925,0.8064296947605115,-0.893085661137181,-10,0.3,0.0
15.290000677108765,72.2240506840964,3.321828852757581,0.731793383185373,-0.9635010213708239,-10,0.3,0.0
15.300000667572021,72.2240506840964,3.321828852757581,0.731793383185373,-0.9635010213708239,-10,0.3,0.0
15.310000896453857,73.80613750638261,4.811817389835352,0.6541020398302799,-1.0237063065926062,-10,0.3,0.0
15.320000886917114,73.80613750638261,4.811817389835352,0.6541020398302799,-1.0237063065926062,-10,0.3,0.0
15.330000638961792,75.3082241734554,6.0740741359727135,0.49523539544634754,-1.1051194526464705,-10,0.3,0.0
15.340000629425049,75.3082241734554,6.0740741359727135,0.49523539544634754,-1.1051194526464705,-10,0.3,0.0
15.350000619888306,76.53722898558564,6.939351740567362,0.4169006632505669,-1.1051194526464705,-10,0.3,0.0
15.360000610351562,76.53722898558564,6.939351740567362,0.4169006632505669,-1.1051194526464705,-10,0.3,0.0
15.37000060081482,77.76450083038597,7.900435144876922,0.34119203694094874,-1.1221437138014954,-10,0.3,0.0
15.380000829696655,77.76450083038597,7.900435144876922,0.34119203694094874,-1.1221437138014954,-10,0.3,0.0
15.390000581741333,78.9461178244639,9.179334642060493,0.2695298009340228,-1.111720636307899,-10,0.3,0.0
15.400000810623169,78.9461178244639,9.179334642060493,0.2695298009340228,-1.111720636307899,-10,0.3,0.0
15.410000562667847,80.161921663775,10.65519249728877,0.14402563749436434,-1.0922657971471528,-10,0.3,0.0
15.420001029968262,80.161921663775,10.65519249728877,0.14402563749436434,-1.0922657971471528,-10,0.3,0.0
15.43000054359436,81.3573793406912,12.11858693617898,0.09302427889469018,-1.0296448666803868,-10,0.3,0.0
15.440000295639038,81.3573793406912,12.11858693617898,0.09302427889469018,-1.0296448666803868,-10,0.3,0.0
15.450000762939453,82.60079565480439,13.622890641773694,0.051750448263825244,-0.9880695607216169,-10,0.3,0.0
15.46000051498413,82.60079565480439,13.622890641773694,0.051750448263825244,-0.9880695607216169,-10,0.3,0.0
15.470000267028809,83.98656528976448,15.073932369545345,0.02162443001829868,-0.8883662307214307,-10,0.3,0.0
15.480000495910645,83.98656528976448,15.073932369545345,0.02162443001829868,-0.8883662307214307,-10,0.3,0.0
15.49000096321106,85.55269894427306,16.583131494179753,0.0,-0.8318289920272647,-10,0.3,0.0
15.500000476837158,85.55269894427306,16.583131494179753,0.0,-0.8318289920272647,-10,0.3,0.0
15.510000944137573,87.31025550441024,18.069459716150362,0.0,-0.7093603306189131,-10,0.3,0.0
15.520000696182251,87.31025550441024,18.069459716150362,0.0,-0.7093603306189131,-10,0.3,0.0
15.530000925064087,88.98905605850427,19.671106002958812,-0.00033807855125633394,-0.645019693251978,-10,0.3,0.0
15.540000915527344,88.98905605850427,19.671106002958812,-0.00033807855125633394,-0.645019693251978,-10,0.3,0.0
15.550000429153442,90.80758406978569,21.580137066157068,-0.04290650160363536,-0.5141027685607159,-10,0.3,0.0
15.560000896453857,90.80758406978569,21.580137066157068,-0.04290650160363536,-0.5141027685607159,-10,0.3,0.0
15.570000648498535,92.47980675248824,23.50877875897713,-0.14504101685797047,-0.3855075950837657,-10,0.3,0.0
15.580000638961792,92.47980675248824,23.50877875897713,-0.14504101685797047,-0.3855075950837657,-10,0.3,0.0
15.590000629425049,93.97522433659522,25.38357383598253,-0.2132160594645487,-0.2655973142101297,-10,0.3,0.0
15.600000619888306,93.97522433659522,25.38357383598253,-0.2132160594645487,-0.2655973142101297,-10,0.3,0.0
15.610000610351562,95.3394470063723,27.227167104571066,-0.3733227154438807,-0.16073506732881002,-10,0.3,0.0
15.620001077651978,95.3394470063723,27.227167104571066,-0.3733227154438807,-0.16073506732881002,-10,0.3,0.0
15.630000591278076,96.49362518814661,29.05516766326918,-0.46107072913957486,-0.07728399582880847,-10,0.3,0.0
15.640000820159912,96.49362518814661,29.05516766326918,-0.46107072913957486,-0.07728399582880847,-10,0.3,0.0
15.65000057220459,97.83080972168422,30.850133621621517,-0.5511594668545844,-0.045576132530865364,-10,0.3,0.0
15.660000801086426,97.83080972168422,30.850133621621517,-0.5511594668545844,-0.045576132530865364,-10,0.3,0.0
15.670000314712524,99.01429237200529,32.60018420007064,-0.7299919149884293,-0.006172714207220822,-10,0.3,0.0
15.68000054359436,99.01429237200529,32.60018420007064,-0.7299919149884293,-0.006172714207220822,-10,0.3,0.0
15.690000534057617,0.012129474696732674,34.20942087093686,-0.7299919149884294,0.0,-10,0.3,0.0
15.700000286102295,0.012129474696732674,34.20942087093686,-0.7299919149884294,0.0,-10,0.3,0.0
15.71000051498413,0.9333532145985408,35.74513415151855,-0.7299919149884294,0.0013986938554461867,-10,0.3,0.0
15.720000505447388,0.9333532145985408,35.74513415151855,-0.7299919149884294,0.0013986938554461867,-10,0.3,0.0
15.730001211166382,2.1223908798270257,37.18014702858697,-0.893085661137181,0.025208094985965185,-10,0.3,0.0
15.74000096321106,2.1223908798270257,37.18014702858697,-0.893085661137181,0.025208094985965185,-10,0.3,0.0
15.750001192092896,3.557192282146193,38.51779050421566,-0.9635010213708239,0.047178321147027864,-10,0.3,0.0
15.760001420974731,3.557192282146193,38.51779050421566,-0.9635010213708239,0.047178321147027864,-10,0.3,0.0
15.770001411437988,5.528318149550337,40.04017082980169,-1.0716097169639978,0.10852504901440616,-10,0.3,0.0
15.780000686645508,5.528318149550337,40.04017082980169,-1.0716097169639978,0.10852504901440616,-10,0.3,0.0
15.790068626403809,7.887745742770899,41.81893276199418,-1.1221437138014954,0.14681164046218032,-10,0.3,0.0
15.80000114440918,7.887745742770899,41.81893276199418,-1.1221437138014954,0.14681164046218032,-10,0.3,0.0
15.810000896453857,10.06685653117174,43.637494899655835,-1.0922657971471528,0.23588650273954542,-10,0.3,0.0
15.820000410079956,10.06685653117174,43.637494899655835,-1.0922657971471528,0.23588650273954542,-10,0.3,0.0
15.830000877380371,11.750636407750212,45.18830374547076,-1.0646420763801072,0.33799723666419484,-10,0.3,0.0
15.840000629425049,11.750636407750212,45.18830374547076,-1.0646420763801072,0.33799723666419484,-10,0.3,0.0
15.850000619888306,13.447994481965884,46.84872863569511,-0.9880695607216169,0.39257866767107424,-10,0.3,0.0
15.860000610351562,13.447994481965884,46.84872863569511,-0.9880695607216169,0.39257866767107424,-10,0.3,0.0
15.870000839233398,15.172016755907288,48.779907833968586,-0.8883662307214307,0.5060688821275886,-10,0.3,0.0
15.880000829696655,15.172016755907288,48.779907833968586,-0.8883662307214307,0.5060688821275886,-10,0.3,0.0
15.890000820159912,16.763205743852623,50.53775940480245,-0.8318289920272647,0.6216958656459743,-10,0.3,0.0
15.900000810623169,16.763205743852623,50.53775940480245,-0.8318289920272647,0.6216958656459743,-10,0.3,0.0
15.910000562667847,18.412500602323387,52.30066964036559,-0.7093603306189131,0.7350999771920647,-10,0.3,0.0
15.920000791549683,18.412500602323387,52.30066964036559,-0.7093603306189131,0.7350999771920647,-10,0.3,0.0
15.93000054359436,20.135579132113417,54.1655101212749,-0.5796687083413706,0.8419215757316945,-10,0.3,0.0
15.940000534057617,20.135579132113417,54.1655101212749,-0.5796687083413706,0.8419215757316945,-10,0.3,0.0
15.950000524520874,21.7868458116928,55.96973947183144,-0.5141027685607159,0.8915015448009102,-10,0.3,0.0
15.96000051498413,21.7868458116928,55.96973947183144,-0.5141027685607159,0.8915015448009102,-10,0.3,0.0
15.970000505447388,23.300077544094723,57.644195681175745,-0.3855075950837657,0.9802750468917882,-10,0.3,0.0
15.980000495910645,23.300077544094723,57.644195681175745,-0.3855075950837657,0.9802750468917882,-10,0.3,0.0
15.990000486373901,24.878064023010328,59.42317428048922,-0.324069146734721,1.0515669333907922,-10,0.3,0.0
16.000000476837158,24.878064023010328,59.42317428048922,-0.324069146734721,1.0515669333907922,-10,0.3,0.0
16.010000705718994,26.27338332200327,61.17764468416361,-0.21088749018361777,1.1010175632637553,-10,0.3,0.0
16.02000069618225,26.27338332200327,61.17764468416361,-0.21088749018361777,1.1010175632637553,-10,0.3,0.0
16.030000925064087,27.550945863073878,62.98672186258864,-0.16073506732881002,1.1161900191422955,-10,0.3,0.0
16.040000677108765,27.550945863073878,62.98672186258864,-0.16073506732881002,1.1161900191422955,-10,0.3,0.0
16.050000429153442,28.783968889157542,64.66379214024236,-0.11593543831933231,1.1240390949592913,-10,0.3,0.0
16.06000065803528,28.783968889157542,64.66379214024236,-0.11593543831933231,1.1240390949592913,-10,0.3,0.0
16.070000648498535,29.931875245295338,66.14958881727092,-0.07728399582880847,1.0840758213583597,-10,0.3,0.0
16.080000400543213,29.931875245295338,66.14958881727092,-0.07728399582880847,1.0840758213583597,-10,0.3,0.0
16.09000062942505,31.04305035308589,67.4680395890294,-0.021607241099127757,1.0460189349309337,-10,0.3,0.0
16.100000619888306,31.04305035308589,67.4680395890294,-0.021607241099127757,1.0460189349309337,-10,0.3,0.0
16.110000371932983,32.24361509082877,68.81585448653624,-0.006172714207220822,0.9978055946409063,-10,0.3,0.0
16.120001077651978,32.24361509082877,68.81585448653624,-0.006172714207220822,0.9978055946409063,-10,0.3,0.0
16.130000591278076,33.472300836008664,70.24787260242556,-6.794452876866152e-05,0.876590690139166,-10,0.3,0.0
16.140000820159912,33.472300836008664,70.24787260242556,-6.794452876866152e-05,0.876590690139166,-10,0.3,0.0
16.15000057220459,34.71606491204466,71.53292869849471,0.0,0.8064296947605115,-10,0.3,0.0
16.160000562667847,34.71606491204466,71.53292869849471,0.0,0.8064296947605115,-10,0.3,0.0
16.170000553131104,35.98122109774629,72.977112055852,0.0013986938554461867,0.731793383185373,-10,0.3,0.0
16.18000054359436,35.98122109774629,72.977112055852,0.0013986938554461867,0.731793383185373,-10,0.3,0.0
16.190000534057617,37.198296754779335,74.53420740326013,0.025208094985965185,0.5747759491117617,-10,0.3,0.0
16.200000524520874,37.198296754779335,74.53420740326013,0.025208094985965185,0.5747759491117617,-10,0.3,0.0
16.21000051498413,38.49926420226246,76.03405606614004,0.047178321147027864,0.4169006632505669,-10,0.3,0.0
16.220000505447388,38.49926420226246,76.03405606614004,0.047178321147027864,0.4169006632505669,-10,0.3,0.0
16.230000495910645,39.615761112340536,77.34259559000442,0.07513229086626506,0.34119203694094874,-10,0.3,0.0
16.2400004863739,39.615761112340536,77.34259559000442,0.07513229086626506,0.34119203694094874,-10,0.3,0.0
16.25000023841858,40.62613643020532,78.52852350019921,0.10852504901440616,0.2695298009340228,-10,0.3,0.0
16.260000705718994,40.62613643020532,78.52852350019921,0.10852504901440616,0.2695298009340228,-10,0.3,0.0
16.27000093460083,41.71057256342899,79.66438607029177,0.14681164046218032,0.2033342396463181,-10,0.3,0.0
16.280000686645508,41.71057256342899,79.66438607029177,0.14681164046218032,0.2033342396463181,-10,0.3,0.0
16.290000677108765,42.99202107371258,80.77144671591223,0.18944711008031703,0.14402563749436434,-10,0.3,0.0
16.30000066757202,42.99202107371258,80.77144671591223,0.18944711008031703,0.14402563749436434,-10,0.3,0.0
16.31000065803528,44.33602115695547,81.87605048471634,0.2855848633105949,0.09302427889469018,-10,0.3,0.0
16.320000648498535,44.33602115695547,81.87605048471634,0.2855848633105949,0.09302427889469018,-10,0.3,0.0
16.33000087738037,45.60321588831552,83.0167024153284,0.33799723666419484,0.02162443001829868,-10,0.3,0.0
16.34000062942505,45.60321588831552,83.0167024153284,0.33799723666419484,0.02162443001829868,-10,0.3,0.0
16.350000619888306,46.82401721592881,84.17563951579528,0.39257866767107424,0.004066508574640515,-10,0.3,0.0
16.360000610351562,46.82401721592881,84.17563951579528,0.39257866767107424,0.004066508574640515,-10,0.3,0.0
16.37000060081482,48.19201651040495,85.34256928430217,0.5060688821275886,0.0,-10,0.3,0.0
16.380000829696655,48.19201651040495,85.34256928430217,0.5060688821275886,0.0,-10,0.3,0.0
16.390000581741333,49.659375532605154,86.51543405935651,0.5638877553186831,0.0,-10,0.3,0.0
16.400001049041748,49.659375532605154,86.51543405935651,0.5638877553186831,0.0,-10,0.3,0.0
16.410000324249268,51.112872826942876,87.63076296844552,0.6789482579801916,0.0,-10,0.3,0.0
16.42000102996826,51.112872826942876,87.63076296844552,0.6789482579801916,0.0,-10,0.3,0.0
16.43000078201294,52.52236105556805,88.64624819649354,0.7350999771920647,-0.00033807855125633394,-10,0.3,0.0
16.440000534057617,52.52236105556805,88.64624819649354,0.7350999771920647,-0.00033807855125633394,-10,0.3,0.0
16.450000524520874,54.06129477692129,89.61125066810153,0.8419215757316945,-0.01313062863293675,-10,0.3,0.0
16.46000051498413,54.06129477692129,89.61125066810153,0.8419215757316945,-0.01313062863293675,-10,0.3,0.0
16.470000505447388,55.88822638210995,90.61447656102698,0.8915015448009102,-0.04290650160363536,-10,0.3,0.0
16.480000972747803,55.88822638210995,90.61447656102698,0.8915015448009102,-0.04290650160363536,-10,0.3,0.0
16.4900004863739,57.934291423850084,91.69050779540363,0.9802750468917882,-0.08757389762482297,-10,0.3,0.0
16.500000715255737,57.934291423850084,91.69050779540363,0.9802750468917882,-0.08757389762482297,-10,0.3,0.0
16.510000944137573,60.292912242344364,93.04681302329915,1.0792948829701638,-0.2132160594645487,-10,0.3,0.0
16.52000093460083,60.292912242344364,93.04681302329915,1.0792948829701638,-0.2132160594645487,-10,0.3,0.0
16.530000925064087,63.376008395514916,95.50468414082064,1.1242672954765134,-0.3733227154438807,-10,0.3,0.0
16.540000677108765,63.376008395514916,95.50468414082064,1.1242672954765134,-0.3733227154438807,-10,0.3,0.0
16.55000066757202,66.77972897571296,98.90739031217284,1.0840758213583597,-0.6414971287503789,-10,0.3,0.0
16.56000065803528,66.77972897571296,98.90739031217284,1.0840758213583597,-0.6414971287503789,-10,0.3,0.0
16.570000886917114,69.40091085355945,1.6956612050479152,0.9408560849048074,-0.8145520257302065,-10,0.3,0.0
16.58000087738037,69.40091085355945,1.6956612050479152,0.9408560849048074,-0.8145520257302065,-10,0.3,0.0
16.59000062942505,70.9746796725494,2.9473566988388487,0.876590690139166,-0.893085661137181,-10,0.3,0.0
16.600000381469727,70.9746796725494,2.9473566988388487,0.876590690139166,-0.893085661137181,-10,0.3,0.0
16.61000084877014,72.1052679299242,3.366493013360736,0.731793383185373,-0.9635010213708239,-10,0.3,0.0
16.62000036239624,72.1052679299242,3.366493013360736,0.731793383185373,-0.9635010213708239,-10,0.3,0.0
16.630000829696655,73.28778117662493,4.061459095554412,0.6541020398302799,-1.0237063065926062,-10,0.3,0.0
16.64000105857849,73.28778117662493,4.061459095554412,0.6541020398302799,-1.0237063065926062,-10,0.3,0.0
16.65000081062317,74.44695959899634,5.221397108449233,0.5747759491117617,-1.0716097169639978,-10,0.3,0.0
16.660001039505005,74.44695959899634,5.221397108449233,0.5747759491117617,-1.0716097169639978,-10,0.3,0.0
16.670000791549683,75.63473698045577,6.540624038534714,0.49523539544634754,-1.1051194526464705,-10,0.3,0.0
16.68000078201294,75.63473698045577,6.540624038534714,0.49523539544634754,-1.1051194526464705,-10,0.3,0.0
16.690000772476196,76.82512359847358,8.001947205729795,0.4169006632505669,-1.12221120118872,-10,0.3,0.0
16.700000762939453,76.82512359847358,8.001947205729795,0.4169006632505669,-1.12221120118872,-10,0.3,0.0
16.71000075340271,77.92642659304704,9.44376789480072,0.34119203694094874,-1.111720636307899,-10,0.3,0.0
16.720000743865967,77.92642659304704,9.44376789480072,0.34119203694094874,-1.111720636307899,-10,0.3,0.0
16.730000734329224,78.96049940083114,10.801628534111826,0.2695298009340228,-1.0922657971471528,-10,0.3,0.0
16.74000096321106,78.96049940083114,10.801628534111826,0.2695298009340228,-1.0922657971471528,-10,0.3,0.0
16.750000953674316,80.18210374928313,12.236248319224853,0.14402563749436434,-1.0296448666803868,-10,0.3,0.0
16.760001182556152,80.18210374928313,12.236248319224853,0.14402563749436434,-1.0296448666803868,-10,0.3,0.0
16.77000093460083,81.54015364338784,13.889714256676806,0.09302427889469018,-0.9880695607216169,-10,0.3,0.0
16.780001163482666,81.54015364338784,13.889714256676806,0.09302427889469018,-0.9880695607216169,-10,0.3,0.0
16.790000677108765,82.99326331035044,15.337462292963291,0.051750448263825244,-0.8883662307214307,-10,0.3,0.0
16.80000066757202,82.99326331035044,15.337462292963291,0.051750448263825244,-0.8883662307214307,-10,0.3,0.0
16.8100004196167,84.5475655030665,16.85324446900007,0.004066508574640515,-0.8318289920272647,-10,0.3,0.0
16.820000648498535,84.5475655030665,16.85324446900007,0.004066508574640515,-0.8318289920272647,-10,0.3,0.0
16.830000638961792,86.28095055018547,18.095745314167548,0.0,-0.7093603306189131,-10,0.3,0.0
16.84000062942505,86.28095055018547,18.095745314167548,0.0,-0.7093603306189131,-10,0.3,0.0
16.850000619888306,87.90431341589488,19.40808807425581,0.0,-0.645019693251978,-10,0.3,0.0
16.860000610351562,87.90431341589488,19.40808807425581,0.0,-0.645019693251978,-10,0.3,0.0
16.87000036239624,89.38425763302892,20.675976488598693,-0.01313062863293675,-0.5796687083413706,-10,0.3,0.0
16.880000829696655,89.38425763302892,20.675976488598693,-0.01313062863293675,-0.5796687083413706,-10,0.3,0.0
16.890000343322754,90.8204142838134,21.95253824440506,-0.04290650160363536,-0.5141027685607159,-10,0.3,0.0
16.90000081062317,90.8204142838134,21.95253824440506,-0.04290650160363536,-0.5141027685607159,-10,0.3,0.0
16.910000801086426,92.44263630653676,22.881371357846646,-0.14504101685797047,-0.4491172665836392,-10,0.3,0.0
16.920000791549683,92.44263630653676,22.881371357846646,-0.14504101685797047,-0.4491172665836392,-10,0.3,0.0
16.93000054359436,94.06640440669813,23.889572029450203,-0.2900072256060285,-0.3855075950837657,-10,0.3,0.0
16.940000534057617,94.06640440669813,23.889572029450203,-0.2900072256060285,-0.3855075950837657,-10,0.3,0.0
16.950000524520874,95.30124967822341,25.096568720066625,-0.3733227154438807,-0.2655973142101297,-10,0.3,0.0
16.96000051498413,95.30124967822341,25.096568720066625,-0.3733227154438807,-0.2655973142101297,-10,0.3,0.0
16.97000026702881,96.25352111430978,26.272980934171308,-0.46107072913957486,-0.21088749018361777,-10,0.3,0.0
16.980000734329224,96.25352111430978,26.272980934171308,-0.46107072913957486,-0.21088749018361777,-10,0.3,0.0
16.990147590637207,97.5930977323784,27.185671047278653,-0.5511594668545844,-0.16073506732881002,-10,0.3,0.0
17.000000715255737,97.5930977323784,27.185671047278653,-0.5511594668545844,-0.16073506732881002,-10,0.3,0.0
17.010001182556152,99.13356433980618,28.118372955871802,-0.7299919149884293,-0.11593543831933231,-10,0.3,0.0
17.02000069618225,99.13356433980618,28.118372955871802,-0.7299919149884293,-0.11593543831933231,-10,0.3,0.0
17.030001163482666,0.6146783018607146,29.173907265220496,-0.7299919149884294,-0.07728399582880847,-10,0.3,0.0
17.040000915527344,0.6146783018607146,29.173907265220496,-0.7299919149884294,-0.07728399582880847,-10,0.3,0.0
17.05000066757202,1.6704028617138416,30.22023616298599,-0.8145520257302065,-0.045576132530865364,-10,0.3,0.0
17.060000896453857,1.6704028617138416,30.22023616298599,-0.8145520257302065,-0.045576132530865364,-10,0.3,0.0
17.070001125335693,1.6704028617138416,30.22023616298599,-0.8145520257302065,-0.045576132530865364,-10,0.3,0.0
17.08000087738037,3.4068651200443014,31.15828337583306,-0.9635010213708239,-0.021607241099127757,-10,0.3,0.0
17.090000867843628,4.976597249852349,31.717178065849005,-1.0237063065926062,-0.021607241099127757,-10,0.3,0.0
17.100000619888306,4.976597249852349,31.717178065849005,-1.0237063065926062,-0.021607241099127757,-10,0.3,0.0
17.11000084877014,11.737247798771536,34.023543690024255,-1.0646420763801072,0.0,-10,0.3,0.0
17.120001077651978,11.737247798771536,34.023543690024255,-1.0646420763801072,0.0,-10,0.3,0.0
17.130000829696655,16.597090298902113,36.062657528188964,-0.8318289920272647,0.009766567512347722,-10,0.3,0.0
17.14000105857849,16.597090298902113,36.062657528188964,-0.8318289920272647,0.009766567512347722,-10,0.3,0.0
17.15000081062317,16.597090298902113,36.062657528188964,-0.8318289920272647,0.009766567512347722,-10,0.3,0.0
17.160000801086426,20.88077932227197,37.271921600110566,-0.5796687083413706,0.025208094985965185,-10,0.3,0.0
17.17000102996826,23.16289688448009,37.606007639081945,-0.3855075950837657,0.025208094985965185,-10,0.3,0.0
17.18000054359436,23.16289688448009,37.606007639081945,-0.3855075950837657,0.025208094985965185,-10,0.3,0.0
17.190000772476196,30.278066965725426,38.01974869810806,-0.045576132530865364,0.047178321147027864,-10,0.3,0.0
17.200000762939453,30.278066965725426,38.01974869810806,-0.045576132530865364,0.047178321147027864,-10,0.3,0.0
17.21000075340271,30.278066965725426,38.01974869810806,-0.045576132530865364,0.047178321147027864,-10,0.3,0.0
17.220000743865967,34.43722568357635,38.753524576643414,0.0,0.047178321147027864,-10,0.3,0.0
17.230000734329224,36.104108437467424,39.888546310323584,0.009766567512347722,0.07513229086626506,-10,0.3,0.0
17.24000072479248,36.104108437467424,39.888546310323584,0.009766567512347722,0.07513229086626506,-10,0.3,0.0
17.250000715255737,40.42831629996402,46.14716111931803,0.10852504901440616,0.39257866767107424,-10,0.3,0.0
17.260000705718994,40.42831629996402,46.14716111931803,0.10852504901440616,0.39257866767107424,-10,0.3,0.0
17.27000093460083,42.323581820797976,59.167451244195725,0.18944711008031703,1.0515669333907922,-10,0.3,0.0
17.280000925064087,42.323581820797976,59.167451244195725,0.18944711008031703,1.0515669333907922,-10,0.3,0.0
17.290000915527344,43.262655037454785,70.04195053403404,0.23588650273954542,0.876590690139166,-10,0.3,0.0
17.300025463104248,43.262655037454785,70.04195053403404,0.23588650273954542,0.876590690139166,-10,0.3,0.0
17.310000896453857,43.97962054418256,74.57766288069772,0.23588650273954542,0.5747759491117617,-10,0.3,0.0
17.321053743362427,43.97962054418256,74.57766288069772,0.23588650273954542,0.5747759491117617,-10,0.3,0.0
17.33000087738037,43.97962054418256,74.57766288069772,0.23588650273954542,0.5747759491117617,-10,0.3,0.0
17.340001344680786,44.35498212693513,77.06885589509905,0.2855848633105949,0.34119203694094874,-10,0.3,0.0
17.350000858306885,44.69595808073045,77.99900135686583,0.2855848633105949,0.34119203694094874,-10,0.3,0.0
17.36000108718872,44.69595808073045,77.99900135686583,0.2855848633105949,0.34119203694094874,-10,0.3,0.0
17.37000060081482,46.420404690315785,80.00824185881791,0.39257866767107424,0.14402563749436434,-10,0.3,0.0
17.38003945350647,46.420404690315785,80.00824185881791,0.39257866767107424,0.14402563749436434,-10,0.3,0.0
17.39000105857849,46.420404690315785,80.00824185881791,0.39257866767107424,0.14402563749436434,-10,0.3,0.0
17.40000057220459,47.26859488680675,81.26901270677651,0.4487842012019627,0.09302427889469018,-10,0.3,0.0
17.410000801086426,47.53822449009172,81.84108213621917,0.4487842012019627,0.09302427889469018,-10,0.3,0.0
17.420000791549683,47.53822449009172,81.84108213621917,0.4487842012019627,0.09302427889469018,-10,0.3,0.0
17.43000054359436,48.36241975818188,83.00980452270564,0.5060688821275886,0.02162443001829868,-10,0.3,0.0
17.440046548843384,48.36241975818188,83.00980452270564,0.5060688821275886,0.02162443001829868,-10,0.3,0.0
17.450000524520874,49.2361546586526,83.58025234176205,0.5638877553186831,0.02162443001829868,-10,0.3,0.0
17.460001468658447,49.2361546586526,83.58025234176205,0.5638877553186831,0.02162443001829868,-10,0.3,0.0
17.470000505447388,49.2361546586526,83.58025234176205,0.5638877553186831,0.02162443001829868,-10,0.3,0.0
17.480000495910645,50.213500554870414,84.36318670608654,0.6216958656459743,0.004066508574640515,-10,0.3,0.0
17.49000096321106,53.17417491202071,84.81182124739802,0.7896060681523228,0.004066508574640515,-10,0.3,0.0
17.500000476837158,53.17417491202071,84.81182124739802,0.7896060681523228,0.004066508574640515,-10,0.3,0.0
17.510000944137573,54.038428442584376,86.48463252987963,0.8419215757316945,0.0,-10,0.3,0.0
17.52000069618225,54.038428442584376,86.48463252987963,0.8419215757316945,0.0,-10,0.3,0.0
17.530000925064087,54.6779011691495,87.52432272025689,0.8419215757316945,0.0,-10,0.3,0.0
17.540000677108765,54.6779011691495,87.52432272025689,0.8419215757316945,0.0,-10,0.3,0.0
17.55000114440918,55.58884379990735,88.50536686911776,0.8915015448009102,-0.00033807855125633394,-10,0.3,0.0
17.560001134872437,55.58884379990735,88.50536686911776,0.8915015448009102,-0.00033807855125633394,-10,0.3,0.0
17.570001125335693,56.45292440188692,89.3872221275187,0.9378010202306981,-0.01313062863293675,-10,0.3,0.0
17.580000400543213,56.45292440188692,89.3872221275187,0.9378010202306981,-0.01313062863293675,-10,0.3,0.0
17.590000867843628,57.27288499813336,90.17178625386637,0.9802750468917882,-0.04290650160363536,-10,0.3,0.0
17.600000619888306,57.27288499813336,90.17178625386637,0.9802750468917882,-0.04290650160363536,-10,0.3,0.0
17.610000610351562,58.42443946714828,90.96692420539301,1.01837866965491,-0.04290650160363536,-10,0.3,0.0
17.6200008392334,58.42443946714828,90.96692420539301,1.01837866965491,-0.04290650160363536,-10,0.3,0.0
17.630000591278076,59.911302771514386,91.8877192742221,1.0515669333907922,-0.08757389762482297,-10,0.3,0.0
17.640000820159912,59.911302771514386,91.8877192742221,1.0515669333907922,-0.08757389762482297,-10,0.3,0.0
17.650001049041748,61.458802162166904,92.75051015217221,1.1010175632637553,-0.14504101685797047,-10,0.3,0.0
17.660001039505005,61.458802162166904,92.75051015217221,1.1010175632637553,-0.14504101685797047,-10,0.3,0.0
17.67000102996826,62.924600192208246,93.46560050461994,1.1161900191422955,-0.2132160594645487,-10,0.3,0.0
17.68000078201294,62.924600192208246,93.46560050461994,1.1161900191422955,-0.2132160594645487,-10,0.3,0.0
17.690001249313354,64.38626973002991,93.93055675058534,1.1240390949592913,-0.2132160594645487,-10,0.3,0.0
17.700001001358032,64.38626973002991,93.93055675058534,1.1240390949592913,-0.2132160594645487,-10,0.3,0.0
17.71000099182129,65.70941231863443,94.5227411709669,1.1105559695066554,-0.2900072256060285,-10,0.3,0.0
17.720000982284546,65.70941231863443,94.5227411709669,1.1105559695066554,-0.2900072256060285,-10,0.3,0.0
17.730000257492065,66.79092691204617,95.03564770382015,1.0840758213583597,-0.3733227154438807,-10,0.3,0.0
17.7400004863739,66.79092691204617,95.03564770382015,1.0840758213583597,-0.3733227154438807,-10,0.3,0.0
17.75000023841858,67.53246584615557,95.43785975868127,1.0460189349309337,-0.3733227154438807,-10,0.3,0.0
17.760000705718994,67.53246584615557,95.43785975868127,1.0460189349309337,-0.3733227154438807,-10,0.3,0.0
17.77000117301941,68.08152939272253,95.65263606817398,0.9978055946409063,-0.3733227154438807,-10,0.3,0.0
17.780000686645508,68.08152939272253,95.65263606817398,0.9978055946409063,-0.3733227154438807,-10,0.3,0.0
17.790000677108765,68.65857463055903,96.06207852242315,0.9978055946409063,-0.46107072913957486,-10,0.3,0.0
17.80000066757202,68.65857463055903,96.06207852242315,0.9978055946409063,-0.46107072913957486,-10,0.3,0.0
17.81000065803528,69.26486332880908,96.6948163393565,0.9408560849048074,-0.46107072913957486,-10,0.3,0.0
17.820000648498535,69.26486332880908,96.6948163393565,0.9408560849048074,-0.46107072913957486,-10,0.3,0.0
17.830000638961792,69.63620507826374,97.18611744105472,0.9408560849048074,-0.5511594668545844,-10,0.3,0.0
17.84000062942505,69.63620507826374,97.18611744105472,0.9408560849048074,-0.5511594668545844,-10,0.3,0.0
17.850000619888306,69.70627229569007,97.498244446232,0.9408560849048074,-0.5511594668545844,-10,0.3,0.0
17.860000610351562,69.70627229569007,97.498244446232,0.9408560849048074,-0.5511594668545844,-10,0.3,0.0
17.8700008392334,69.73618062488242,97.82046245276625,0.9408560849048074,-0.5511594668545844,-10,0.3,0.0
17.880000829696655,69.73618062488242,97.82046245276625,0.9408560849048074,-0.5511594668545844,-10,0.3,0.0
17.890000581741333,69.86898089374836,98.29435179959356,0.9408560849048074,-0.6414971287503789,-10,0.3,0.0
17.90000081062317,69.86898089374836,98.29435179959356,0.9408560849048074,-0.6414971287503789,-10,0.3,0.0
17.910000562667847,69.86898089374836,98.33735203561824,0.9408560849048074,-0.6414971287503789,-10,0.3,0.0
17.920000791549683,69.86898089374836,98.33735203561824,0.9408560849048074,-0.6414971287503789,-10,0.3,0.0
17.93000030517578,69.86898089374836,98.0809888639661,0.9408560849048074,-0.6414971287503789,-10,0.3,0.0
17.940000772476196,69.86898089374836,98.0809888639661,0.9408560849048074,-0.6414971287503789,-10,0.3,0.0
17.950000762939453,69.86898089374836,98.04313192994687,0.9408560849048074,-0.6414971287503789,-10,0.3,0.0
17.96000099182129,69.86898089374836,98.04313192994687,0.9408560849048074,-0.6414971287503789,-10,0.3,0.0
17.970000505447388,69.86898089374836,98.04313192994687,0.9408560849048074,-0.6414971287503789,-10,0.3,0.0
17.980000495910645,69.86898089374836,98.54095803856804,0.9408560849048074,-0.6414971287503789,-10,0.3,0.0
17.99000096321106,69.86898089374836,98.84880091900128,0.9408560849048074,-0.6414971287503789,-10,0.3,0.0
18.000000715255737,69.86898089374836,98.84880091900128,0.9408560849048074,-0.6414971287503789,-10,0.3,0.0
18.01017737388611,69.86898089374836,0.4866390598261815,0.9408560849048074,-0.7299919149884294,-10,0.3,0.0
18.02000093460083,69.86898089374836,0.4866390598261815,0.9408560849048074,-0.7299919149884294,-10,0.3,0.0
18.030001163482666,69.86898089374836,0.4866390598261815,0.9408560849048074,-0.7299919149884294,-10,0.3,0.0
18.040000915527344,70.7444902049963,2.9073201659183248,0.876590690139166,-0.893085661137181,-10,0.3,0.0
18.0500009059906,71.40944871997294,4.143961617790881,0.8064296947605115,-1.0237063065926062,-10,0.3,0.0
18.060000896453857,71.40944871997294,4.143961617790881,0.8064296947605115,-1.0237063065926062,-10,0.3,0.0
18.070000886917114,73.57628816203705,6.902466922811078,0.6541020398302799,-1.1051194526464705,-10,0.3,0.0
18.08000087738037,73.57628816203705,6.902466922811078,0.6541020398302799,-1.1051194526464705,-10,0.3,0.0
18.090000867843628,74.64585746806046,7.43932608011178,0.5747759491117617,-1.1221437138014954,-10,0.3,0.0
18.100001096725464,74.64585746806046,7.43932608011178,0.5747759491117617,-1.1221437138014954,-10,0.3,0.0
18.11000108718872,75.57058462801591,7.719674892070627,0.49523539544634754,-1.1221437138014954,-10,0.3,0.0
18.120001077651978,75.57058462801591,7.719674892070627,0.49523539544634754,-1.1221437138014954,-10,0.3,0.0
18.130001068115234,76.601833892145,8.625509614945704,0.4169006632505669,-1.12221120118872,-10,0.3,0.0
18.14000105857849,76.601833892145,8.625509614945704,0.4169006632505669,-1.12221120118872,-10,0.3,0.0
18.15000081062317,76.601833892145,8.625509614945704,0.4169006632505669,-1.12221120118872,-10,0.3,0.0
18.160001277923584,77.64618897714682,9.810747715211889,0.34119203694094874,-1.111720636307899,-10,0.3,0.0
18.170000553131104,78.18002386362618,10.383109028859906,0.2695298009340228,-1.0922657971471528,-10,0.3,0.0
18.18000102043152,78.18002386362618,10.383109028859906,0.2695298009340228,-1.0922657971471528,-10,0.3,0.0
18.190000534057617,79.83634735863521,11.892977502314748,0.2033342396463181,-1.0646420763801072,-10,0.3,0.0
18.200000762939453,79.83634735863521,11.892977502314748,0.2033342396463181,-1.0646420763801072,-10,0.3,0.0
18.21000099182129,80.8541291075299,12.712118170325281,0.14402563749436434,-1.0296448666803868,-10,0.3,0.0
18.220000982284546,80.8541291075299,12.712118170325281,0.14402563749436434,-1.0296448666803868,-10,0.3,0.0
18.230000734329224,81.85391171594873,13.715454011565251,0.09302427889469018,-0.9880695607216169,-10,0.3,0.0
18.24000096321106,81.85391171594873,13.715454011565251,0.09302427889469018,-0.9880695607216169,-10,0.3,0.0
18.250000953674316,82.93699593785374,14.743209104948344,0.051750448263825244,-0.9407115511774231,-10,0.3,0.0
18.260001182556152,82.93699593785374,14.743209104948344,0.051750448263825244,-0.9407115511774231,-10,0.3,0.0
18.27000141143799,84.05054435709638,16.109833387146107,0.004066508574640515,-0.8318289920272647,-10,0.3,0.0
18.280000925064087,84.05054435709638,16.109833387146107,0.004066508574640515,-0.8318289920272647,-10,0.3,0.0
18.290000915527344,85.34243634816809,17.719117587221977,0.0,-0.7718952277685502,-10,0.3,0.0
18.3000009059906,85.34243634816809,17.719117587221977,0.0,-0.7718952277685502,-10,0.3,0.0
18.31000065803528,85.34243634816809,17.719117587221977,0.0,-0.7718952277685502,-10,0.3,0.0
18.320001125335693,86.68712919302322,19.62259977810113,0.0,-0.645019693251978,-10,0.3,0.0
18.33000111579895,87.33426423102321,20.57389496008147,0.0,-0.5796687083413706,-10,0.3,0.0
18.340000867843628,87.33426423102321,20.57389496008147,0.0,-0.5796687083413706,-10,0.3,0.0
18.350000619888306,89.30408855828965,23.30315720204718,-0.01313062863293675,-0.3855075950837657,-10,0.3,0.0
18.36016273498535,89.30408855828965,23.30315720204718,-0.01313062863293675,-0.3855075950837657,-10,0.3,0.0
18.3700008392334,89.30408855828965,23.30315720204718,-0.01313062863293675,-0.3855075950837657,-10,0.3,0.0
18.380001306533813,90.49607265568036,25.065477782415808,-0.04290650160363536,-0.2655973142101297,-10,0.3,0.0
18.39000105857849,91.04965747772803,25.95247571537833,-0.08757389762482297,-0.2655973142101297,-10,0.3,0.0
18.400001049041748,91.04965747772803,25.95247571537833,-0.08757389762482297,-0.2655973142101297,-10,0.3,0.0
18.410043239593506,93.06553334215421,28.31572775214543,-0.2132160594645487,-0.11593543831933231,-10,0.3,0.0
18.42000102996826,93.06553334215421,28.31572775214543,-0.2132160594645487,-0.11593543831933231,-10,0.3,0.0
18.43000078201294,93.06553334215421,28.31572775214543,-0.2132160594645487,-0.11593543831933231,-10,0.3,0.0
18.440000772476196,94.47113499364961,29.81231467096959,-0.2900072256060285,-0.07728399582880847,-10,0.3,0.0
18.450001001358032,95.0365328808185,30.622599595763646,-0.3733227154438807,-0.045576132530865364,-10,0.3,0.0
18.46000075340271,95.0365328808185,30.622599595763646,-0.3733227154438807,-0.045576132530865364,-10,0.3,0.0
18.470000505447388,96.32925648990323,32.80065380883019,-0.46107072913957486,-0.006172714207220822,-10,0.3,0.0
18.480000257492065,96.32925648990323,39.413266694405564,-0.46107072913957486,0.07513229086626506,-10,0.3,0.0
18.4900004863739,97.31065246155488,40.12692563411244,-0.5511594668545844,0.10852504901440616,-10,0.3,0.0
18.500000476837158,97.31065246155488,40.12692563411244,-0.5511594668545844,0.10852504901440616,-10,0.3,0.0
18.510001182556152,98.4252752155714,40.93265983872001,-0.6414971287503789,0.10852504901440616,-10,0.3,0.0
18.52000093460083,98.4252752155714,40.93265983872001,-0.6414971287503789,0.10852504901440616,-10,0.3,0.0
18.530001163482666,0.3906799288000646,41.99571235610212,-0.7299919149884294,0.14681164046218032,-10,0.3,0.0
18.540001153945923,0.3906799288000646,41.99571235610212,-0.7299919149884294,0.14681164046218032,-10,0.3,0.0
18.5500009059906,3.0221170748223036,43.500055387050644,-0.9635010213708239,0.23588650273954542,-10,0.3,0.0
18.560001134872437,3.0221170748223036,43.500055387050644,-0.9635010213708239,0.23588650273954542,-10,0.3,0.0
18.570000648498535,5.637621299993929,45.06859698265265,-1.0716097169639978,0.33799723666419484,-10,0.3,0.0
18.58000087738037,5.637621299993929,45.06859698265265,-1.0716097169639978,0.33799723666419484,-10,0.3,0.0
18.590000867843628,7.964774334934112,46.34324951689803,-1.1221437138014954,0.39257866767107424,-10,0.3,0.0
18.600001096725464,7.964774334934112,46.34324951689803,-1.1221437138014954,0.39257866767107424,-10,0.3,0.0
18.61000108718872,9.977774360550503,47.3686314821699,-1.111720636307899,0.4487842012019627,-10,0.3,0.0
18.6200008392334,9.977774360550503,47.3686314821699,-1.111720636307899,0.4487842012019627,-10,0.3,0.0
18.630000591278076,12.441086047317254,48.64644989489037,-1.0296448666803868,0.5060688821275886,-10,0.3,0.0
18.640000820159912,12.441086047317254,48.64644989489037,-1.0296448666803868,0.5060688821275886,-10,0.3,0.0
18.65000057220459,15.060163264549395,49.98183063951811,-0.8883662307214307,0.5638877553186831,-10,0.3,0.0
18.660000801086426,15.060163264549395,49.98183063951811,-0.8883662307214307,0.5638877553186831,-10,0.3,0.0
18.670000553131104,17.62629302476504,51.23419995545845,-0.7718952277685502,0.6789482579801916,-10,0.3,0.0
18.68000054359436,17.62629302476504,51.23419995545845,-0.7718952277685502,0.6789482579801916,-10,0.3,0.0
18.690000534057617,20.50585427631271,52.50221102839355,-0.5796687083413706,0.7350999771920647,-10,0.3,0.0
18.700000762939453,20.50585427631271,52.50221102839355,-0.5796687083413706,0.7350999771920647,-10,0.3,0.0
18.71000099182129,23.946204870408643,53.8713571386931,-0.3855075950837657,0.7896060681523228,-10,0.3,0.0
18.72000026702881,23.946204870408643,53.8713571386931,-0.3855075950837657,0.7896060681523228,-10,0.3,0.0
18.730000495910645,27.09418369372238,55.340284384595826,-0.16073506732881002,0.8915015448009102,-10,0.3,0.0
18.74000072479248,27.09418369372238,55.340284384595826,-0.16073506732881002,0.8915015448009102,-10,0.3,0.0
18.750000715255737,29.940631735269402,56.86644272835702,-0.07728399582880847,0.9378010202306981,-10,0.3,0.0
18.760000705718994,29.940631735269402,56.86644272835702,-0.07728399582880847,0.9378010202306981,-10,0.3,0.0
18.77000093460083,32.4236285773294,58.43300860884959,-0.006172714207220822,1.01837866965491,-10,0.3,0.0
18.780000925064087,32.4236285773294,58.43300860884959,-0.006172714207220822,1.01837866965491,-10,0.3,0.0
18.790000677108765,34.6869496666644,59.88095736721951,0.0,1.0515669333907922,-10,0.3,0.0
18.80000066757202,34.6869496666644,59.88095736721951,0.0,1.0515669333907922,-10,0.3,0.0
18.810000896453857,36.68549885404506,61.40268131770588,0.009766567512347722,1.1010175632637553,-10,0.3,0.0
18.820000648498535,36.68549885404506,61.40268131770588,0.009766567512347722,1.1010175632637553,-10,0.3,0.0
18.830000638961792,38.2642729488077,62.91935924715849,0.047178321147027864,1.1161900191422955,-10,0.3,0.0
18.840000867843628,38.2642729488077,62.91935924715849,0.047178321147027864,1.1161900191422955,-10,0.3,0.0
18.850000858306885,39.73802444610785,64.26779467271528,0.07513229086626506,1.1240390949592913,-10,0.3,0.0
18.860000610351562,39.73802444610785,64.26779467271528,0.07513229086626506,1.1240390949592913,-10,0.3,0.0
18.87000060081482,40.873527953527216,65.72699103653162,0.10852504901440616,1.1105559695066554,-10,0.3,0.0
18.880000829696655,40.873527953527216,65.72699103653162,0.10852504901440616,1.1105559695066554,-10,0.3,0.0
18.890000581741333,41.7692125094173,67.11111477509061,0.14681164046218032,1.0460189349309337,-10,0.3,0.0
18.900001287460327,41.7692125094173,67.11111477509061,0.14681164046218032,1.0460189349309337,-10,0.3,0.0
18.910000562667847,42.728875083181315,68.18549032891832,0.18944711008031703,0.9978055946409063,-10,0.3,0.0
18.920000791549683,42.728875083181315,68.18549032891832,0.18944711008031703,0.9978055946409063,-10,0.3,0.0
18.93000054359436,43.730548499848766,69.16109901434675,0.23588650273954542,0.9408560849048074,-10,0.3,0.0
18.940000534057617,43.730548499848766,69.16109901434675,0.23588650273954542,0.9408560849048074,-10,0.3,0.0
18.950000524520874,44.68542099380424,70.17527856174746,0.2855848633105949,0.876590690139166,-10,0.3,0.0
18.96000051498413,44.68542099380424,70.17527856174746,0.2855848633105949,0.876590690139166,-10,0.3,0.0
18.970000505447388,45.76804963658393,71.0754762749394,0.33799723666419484,0.8064296947605115,-10,0.3,0.0
18.980000257492065,45.76804963658393,71.0754762749394,0.33799723666419484,0.8064296947605115,-10,0.3,0.0
18.990000247955322,46.84148984918869,71.9556707502351,0.39257866767107424,0.8064296947605115,-10,0.3,0.0
19.000000476837158,46.84148984918869,71.9556707502351,0.39257866767107424,0.8064296947605115,-10,0.3,0.0
19.010000944137573,47.75602326737084,72.86645253312591,0.4487842012019627,0.731793383185373,-10,0.3,0.0
19.02000069618225,47.75602326737084,72.86645253312591,0.4487842012019627,0.731793383185373,-10,0.3,0.0
19.030000925064087,48.652575900531644,73.84158394573875,0.5060688821275886,0.6541020398302799,-10,0.3,0.0
19.040000915527344,48.652575900531644,73.84158394573875,0.5060688821275886,0.6541020398302799,-10,0.3,0.0
19.05000066757202,49.803588988246375,74.80311844970333,0.5638877553186831,0.5747759491117617,-10,0.3,0.0
19.06000065803528,49.803588988246375,74.80311844970333,0.5638877553186831,0.5747759491117617,-10,0.3,0.0
19.070000648498535,51.02894830029223,75.71899879137978,0.6789482579801916,0.49523539544634754,-10,0.3,0.0
19.080000400543213,51.02894830029223,75.71899879137978,0.6789482579801916,0.49523539544634754,-10,0.3,0.0
19.09000062942505,52.451025088972955,76.64772918595853,0.7350999771920647,0.4169006632505669,-10,0.3,0.0
19.100000619888306,52.451025088972955,76.64772918595853,0.7350999771920647,0.4169006632505669,-10,0.3,0.0
19.110000371932983,54.128358843108515,77.56273371444917,0.8419215757316945,0.34119203694094874,-10,0.3,0.0
19.1200008392334,54.128358843108515,77.56273371444917,0.8419215757316945,0.34119203694094874,-10,0.3,0.0
19.130000591278076,55.83301874787371,78.52909429106988,0.8915015448009102,0.2695298009340228,-10,0.3,0.0
19.14000105857849,55.83301874787371,78.52909429106988,0.8915015448009102,0.2695298009340228,-10,0.3,0.0
19.15000057220459,57.4231455458459,79.49895781784636,0.9802750468917882,0.2033342396463181,-10,0.3,0.0
19.160001039505005,57.4231455458459,79.49895781784636,0.9802750468917882,0.2033342396463181,-10,0.3,0.0
19.170000791549683,58.958701084061104,80.40724670459647,1.01837866965491,0.14402563749436434,-10,0.3,0.0
19.18000078201294,58.958701084061104,80.40724670459647,1.01837866965491,0.14402563749436434,-10,0.3,0.0
19.190000772476196,60.47888364277698,81.3778462893596,1.0792948829701638,0.09302427889469018,-10,0.3,0.0
19.200000524520874,60.47888364277698,81.3778462893596,1.0792948829701638,0.09302427889469018,-10,0.3,0.0
19.21000027656555,61.98428250006063,82.3031518180273,1.1010175632637553,0.051750448263825244,-10,0.3,0.0
19.220000505447388,61.98428250006063,82.3031518180273,1.1010175632637553,0.051750448263825244,-10,0.3,0.0
19.230000495910645,63.52605959012574,83.12046260010442,1.1242672954765134,0.02162443001829868,-10,0.3,0.0
19.2400004863739,63.52605959012574,83.12046260010442,1.1242672954765134,0.02162443001829868,-10,0.3,0.0
19.250000715255737,64.89048559869384,83.91772108121873,1.1240390949592913,0.02162443001829868,-10,0.3,0.0
19.260390043258667,64.89048559869384,83.91772108121873,1.1240390949592913,0.02162443001829868,-10,0.3,0.0
19.27000117301941,65.9616032021764,84.7181306194567,1.1105559695066554,0.004066508574640515,-10,0.3,0.0
19.280000686645508,65.9616032021764,84.7181306194567,1.1105559695066554,0.004066508574640515,-10,0.3,0.0
19.290000677108765,66.8155858932335,85.41526958099882,1.0840758213583597,0.0,-10,0.3,0.0
19.30000066757202,66.8155858932335,85.41526958099882,1.0840758213583597,0.0,-10,0.3,0.0
19.31000065803528,67.464525909835,86.09012315856495,1.0460189349309337,0.0,-10,0.3,0.0
19.32013249397278,67.464525909835,86.09012315856495,1.0460189349309337,0.0,-10,0.3,0.0
19.33000087738037,68.1853958398435,87.00278495137768,0.9978055946409063,0.0,-10,0.3,0.0
19.34000062942505,68.1853958398435,87.00278495137768,0.9978055946409063,0.0,-10,0.3,0.0
19.350000619888306,69.53246992355277,88.92573915100247,0.9408560849048074,-0.00033807855125633394,-10,0.3,0.0
19.360000610351562,69.53246992355277,88.92573915100247,0.9408560849048074,-0.00033807855125633394,-10,0.3,0.0
19.37000060081482,70.93119732062897,91.70117360940029,0.876590690139166,-0.08757389762482297,-10,0.3,0.0
19.380000829696655,70.93119732062897,91.70117360940029,0.876590690139166,-0.08757389762482297,-10,0.3,0.0
19.390000581741333,72.35939892750255,95.76782749307505,0.731793383185373,-0.3733227154438807,-10,0.3,0.0
19.40000081062317,72.35939892750255,95.76782749307505,0.731793383185373,-0.3733227154438807,-10,0.3,0.0
19.410000562667847,73.27558375738786,98.24405816946202,0.6541020398302799,-0.6414971287503789,-10,0.3,0.0
19.420000791549683,73.27558375738786,98.24405816946202,0.6541020398302799,-0.6414971287503789,-10,0.3,0.0
19.43000078201294,74.00182584746427,99.28591378907629,0.5747759491117617,-0.7299919149884293,-10,0.3,0.0
19.440001010894775,74.00182584746427,99.28591378907629,0.5747759491117617,-0.7299919149884293,-10,0.3,0.0
19.450001001358032,74.74367270359879,0.5875905986658997,0.5747759491117617,-0.7299919149884294,-10,0.3,0.0
19.46000075340271,74.74367270359879,0.5875905986658997,0.5747759491117617,-0.7299919149884294,-10,0.3,0.0
19.470000743865967,75.64203532648858,3.1217604895916873,0.49523539544634754,-0.9635010213708239,-10,0.3,0.0
19.480000972747803,75.64203532648858,3.1217604895916873,0.49523539544634754,-0.9635010213708239,-10,0.3,0.0
19.49000120162964,76.59116943381818,6.135683325606357,0.4169006632505669,-1.1051194526464705,-10,0.3,0.0
19.500000715255737,76.59116943381818,6.135683325606357,0.4169006632505669,-1.1051194526464705,-10,0.3,0.0
19.510000705718994,77.53380465324938,9.221457268432282,0.34119203694094874,-1.111720636307899,-10,0.3,0.0
19.52000069618225,77.53380465324938,9.221457268432282,0.34119203694094874,-1.111720636307899,-10,0.3,0.0
19.530000686645508,78.53885183260601,12.209907146637224,0.2695298009340228,-1.0296448666803868,-10,0.3,0.0
19.540000677108765,78.53885183260601,12.209907146637224,0.2695298009340228,-1.0296448666803868,-10,0.3,0.0
19.550000429153442,79.4533221807928,14.972788567943237,0.2033342396463181,-0.9407115511774231,-10,0.3,0.0
19.560000896453857,79.4533221807928,14.972788567943237,0.2033342396463181,-0.9407115511774231,-10,0.3,0.0
19.570000648498535,80.3558854912054,17.54206456339278,0.14402563749436434,-0.7718952277685502,-10,0.3,0.0
19.580000638961792,80.3558854912054,17.54206456339278,0.14402563749436434,-0.7718952277685502,-10,0.3,0.0
19.59000062942505,81.33447637343167,19.6510199289672,0.09302427889469018,-0.645019693251978,-10,0.3,0.0
19.600000619888306,81.33447637343167,19.6510199289672,0.09302427889469018,-0.645019693251978,-10,0.3,0.0
19.610000610351562,82.44229741539051,21.44189988620463,0.051750448263825244,-0.5141027685607159,-10,0.3,0.0
19.62000036239624,82.44229741539051,21.44189988620463,0.051750448263825244,-0.5141027685607159,-10,0.3,0.0
19.630000352859497,83.63956051912027,23.0137482106878,0.02162443001829868,-0.3855075950837657,-10,0.3,0.0
19.640000820159912,83.63956051912027,23.0137482106878,0.02162443001829868,-0.3855075950837657,-10,0.3,0.0
19.65000033378601,84.78840589770786,24.559237449253732,0.004066508574640515,-0.324069146734721,-10,0.3,0.0
19.660000801086426,84.78840589770786,24.559237449253732,0.004066508574640515,-0.324069146734721,-10,0.3,0.0
19.670000553131104,85.96294014799672,26.042872244515912,0.0,-0.21088749018361777,-10,0.3,0.0
19.68000054359436,85.96294014799672,26.042872244515912,0.0,-0.21088749018361777,-10,0.3,0.0
19.690000772476196,87.1072471512788,27.4461050596727,0.0,-0.16073506732881002,-10,0.3,0.0
19.700000524520874,87.1072471512788,27.4461050596727,0.0,-0.16073506732881002,-10,0.3,0.0
19.71000051498413,88.26989730106632,28.93626577751342,-0.00033807855125633394,-0.11593543831933231,-10,0.3,0.0
19.720000505447388,88.26989730106632,28.93626577751342,-0.00033807855125633394,-0.11593543831933231,-10,0.3,0.0
19.730000734329224,89.45357328786608,30.499946804194796,-0.01313062863293675,-0.045576132530865364,-10,0.3,0.0
19.7400004863739,89.45357328786608,30.499946804194796,-0.01313062863293675,-0.045576132530865364,-10,0.3,0.0
19.750000715255737,90.43685677857749,31.94551670466185,-0.04290650160363536,-0.021607241099127757,-10,0.3,0.0
19.760000705718994,90.43685677857749,31.94551670466185,-0.04290650160363536,-0.021607241099127757,-10,0.3,0.0
19.77000069618225,91.31223242183142,33.135370981317735,-0.08757389762482297,-6.794452876866152e-05,-10,0.3,0.0
19.780000686645508,91.31223242183142,33.135370981317735,-0.08757389762482297,-6.794452876866152e-05,-10,0.3,0.0
19.790000915527344,92.2517053677476,34.257278536418475,-0.14504101685797047,0.0,-10,0.3,0.0
19.80000066757202,92.2517053677476,34.257278536418475,-0.14504101685797047,0.0,-10,0.3,0.0
19.8100004196167,93.28342553127007,35.39646510886598,-0.2132160594645487,0.0013986938554461867,-10,0.3,0.0
19.820000648498535,93.28342553127007,35.39646510886598,-0.2132160594645487,0.0013986938554461867,-10,0.3,0.0
19.83000087738037,94.3292782394838,36.502597905061,-0.2900072256060285,0.009766567512347722,-10,0.3,0.0
19.84000062942505,94.3292782394838,36.502597905061,-0.2900072256060285,0.009766567512347722,-10,0.3,0.0
19.850000619888306,95.36231290128745,37.54218943993155,-0.3733227154438807,0.025208094985965185,-10,0.3,0.0
19.860000371932983,95.36231290128745,37.54218943993155,-0.3733227154438807,0.025208094985965185,-10,0.3,0.0
19.87000036239624,96.86150365848849,38.812582752110956,-0.46107072913957486,0.047178321147027864,-10,0.3,0.0
19.880000829696655,96.86150365848849,38.812582752110956,-0.46107072913957486,0.047178321147027864,-10,0.3,0.0
19.890000343322754,98.78581324692675,40.21366504677225,-0.6414971287503789,0.10852504901440616,-10,0.3,0.0
19.90000081062317,98.78581324692675,40.21366504677225,-0.6414971287503789,0.10852504901440616,-10,0.3,0.0
19.910000562667847,0.5191646876790939,41.52892551151633,-0.7299919149884294,0.14681164046218032,-10,0.3,0.0
19.920000791549683,0.5191646876790939,41.52892551151633,-0.7299919149884294,0.14681164046218032,-10,0.3,0.0
19.93000078201294,1.9023161884157154,42.680460464753146,-0.8145520257302065,0.18944711008031703,-10,0.3,0.0
19.940000772476196,1.9023161884157154,42.680460464753146,-0.8145520257302065,0.18944711008031703,-10,0.3,0.0
19.950000524520874,3.294092728143174,43.94876735903341,-0.9635010213708239,0.23588650273954542,-10,0.3,0.0
19.96000075340271,3.294092728143174,43.94876735903341,-0.9635010213708239,0.23588650273954542,-10,0.3,0.0
19.970000505447388,5.175288570900707,45.488413880205776,-1.0716097169639978,0.33799723666419484,-10,0.3,0.0
19.980000495910645,5.175288570900707,45.488413880205776,-1.0716097169639978,0.33799723666419484,-10,0.3,0.0
19.9900004863739,7.38539826777775,47.17596247442303,-1.1221437138014954,0.4487842012019627,-10,0.3,0.0
20.000000715255737,7.38539826777775,47.17596247442303,-1.1221437138014954,0.4487842012019627,-10,0.3,0.0
20.010000705718994,9.808861223824703,48.71924526579098,-1.111720636307899,0.5060688821275886,-10,0.3,0.0
20.02000093460083,9.808861223824703,48.71924526579098,-1.111720636307899,0.5060688821275886,-10,0.3,0.0
20.030000925064087,12.184513594218323,49.97920087156361,-1.0296448666803868,0.5638877553186831,-10,0.3,0.0
20.040000915527344,12.184513594218323,49.97920087156361,-1.0296448666803868,0.5638877553186831,-10,0.3,0.0
20.0500009059906,15.229443933251604,51.19634195810268,-0.8883662307214307,0.6789482579801916,-10,0.3,0.0
20.06000065803528,15.229443933251604,51.19634195810268,-0.8883662307214307,0.6789482579801916,-10,0.3,0.0
20.070000648498535,18.53610619149887,52.358560115087904,-0.7093603306189131,0.7350999771920647,-10,0.3,0.0
20.080000638961792,18.53610619149887,52.358560115087904,-0.7093603306189131,0.7350999771920647,-10,0.3,0.0
20.09000062942505,21.78525574422172,53.39738535344439,-0.5141027685607159,0.7896060681523228,-10,0.3,0.0
20.100000619888306,21.78525574422172,53.39738535344439,-0.5141027685607159,0.7896060681523228,-10,0.3,0.0
20.11000084877014,24.800096006771568,54.594067760578305,-0.324069146734721,0.8419215757316945,-10,0.3,0.0
20.1200008392334,24.800096006771568,54.594067760578305,-0.324069146734721,0.8419215757316945,-10,0.3,0.0
20.130000829696655,27.781344048262163,55.79244836576781,-0.16073506732881002,0.8915015448009102,-10,0.3,0.0
20.140000581741333,27.781344048262163,55.79244836576781,-0.16073506732881002,0.8915015448009102,-10,0.3,0.0
20.15000057220459,30.659222427208533,57.086102818280246,-0.045576132530865364,0.9802750468917882,-10,0.3,0.0
20.160000801086426,30.659222427208533,57.086102818280246,-0.045576132530865364,0.9802750468917882,-10,0.3,0.0
20.170000553131104,33.484645182243725,58.67875263241464,-6.794452876866152e-05,1.01837866965491,-10,0.3,0.0
20.18000102043152,33.484645182243725,58.67875263241464,-6.794452876866152e-05,1.01837866965491,-10,0.3,0.0
20.190000772476196,35.92226109085862,60.21738364351277,0.0013986938554461867,1.0792948829701638,-10,0.3,0.0
20.200000524520874,35.92226109085862,60.21738364351277,0.0013986938554461867,1.0792948829701638,-10,0.3,0.0
20.21000075340271,38.379837887835706,61.597716226082966,0.047178321147027864,1.1010175632637553,-10,0.3,0.0
20.22000026702881,38.379837887835706,61.597716226082966,0.047178321147027864,1.1010175632637553,-10,0.3,0.0
20.230000495910645,40.57801574215777,63.11159108550663,0.10852504901440616,1.1242672954765134,-10,0.3,0.0
20.2400004863739,40.57801574215777,63.11159108550663,0.10852504901440616,1.1242672954765134,-10,0.3,0.0
20.250000715255737,42.370299063517024,64.68474453908308,0.18944711008031703,1.1240390949592913,-10,0.3,0.0
20.260000705718994,42.370299063517024,64.68474453908308,0.18944711008031703,1.1240390949592913,-10,0.3,0.0
20.27000093460083,44.200288078672756,65.98437139044934,0.2855848633105949,1.1105559695066554,-10,0.3,0.0
20.28000044822693,44.200288078672756,65.98437139044934,0.2855848633105949,1.1105559695066554,-10,0.3,0.0
20.290000915527344,45.88034882383777,67.17322555803078,0.33799723666419484,1.0460189349309337,-10,0.3,0.0
20.30000066757202,45.88034882383777,67.17322555803078,0.33799723666419484,1.0460189349309337,-10,0.3,0.0
20.31000065803528,47.69777855326948,68.22725801631844,0.4487842012019627,0.9978055946409063,-10,0.3,0.0
20.320000648498535,47.69777855326948,68.22725801631844,0.4487842012019627,0.9978055946409063,-10,0.3,0.0
20.330000638961792,49.25590471429258,69.35673987212438,0.5638877553186831,0.9408560849048074,-10,0.3,0.0
20.34000062942505,49.25590471429258,69.35673987212438,0.5638877553186831,0.9408560849048074,-10,0.3,0.0
20.350000619888306,50.44514628379382,70.6526073567927,0.6216958656459743,0.876590690139166,-10,0.3,0.0
20.360000610351562,50.44514628379382,70.6526073567927,0.6216958656459743,0.876590690139166,-10,0.3,0.0
20.37000060081482,51.703542502512434,72.0463886362874,0.6789482579801916,0.731793383185373,-10,0.3,0.0
20.380000829696655,51.703542502512434,72.0463886362874,0.6789482579801916,0.731793383185373,-10,0.3,0.0
20.390000581741333,52.92050798396458,73.1982592894906,0.7350999771920647,0.6541020398302799,-10,0.3,0.0
20.40000081062317,52.92050798396458,73.1982592894906,0.7350999771920647,0.6541020398302799,-10,0.3,0.0
20.410000562667847,54.13808709737897,74.20088946189563,0.8419215757316945,0.5747759491117617,-10,0.3,0.0
20.420000791549683,54.13808709737897,74.20088946189563,0.8419215757316945,0.5747759491117617,-10,0.3,0.0
20.43000054359436,55.09610649204358,75.16993733393755,0.8915015448009102,0.49523539544634754,-10,0.3,0.0
20.440000534057617,55.09610649204358,75.16993733393755,0.8915015448009102,0.49523539544634754,-10,0.3,0.0
20.450000524520874,55.945853080280386,76.15731537864305,0.8915015448009102,0.4169006632505669,-10,0.3,0.0
20.46000027656555,55.945853080280386,76.15731537864305,0.8915015448009102,0.4169006632505669,-10,0.3,0.0
20.47000026702881,56.93296211509189,77.09204952610348,0.9378010202306981,0.34119203694094874,-10,0.3,0.0
20.480000495910645,56.93296211509189,77.09204952610348,0.9378010202306981,0.34119203694094874,-10,0.3,0.0
20.490000247955322,58.10403032952161,77.9542358792608,1.01837866965491,0.34119203694094874,-10,0.3,0.0
20.500000476837158,58.10403032952161,77.9542358792608,1.01837866965491,0.34119203694094874,-10,0.3,0.0
20.510000944137573,59.53759523858131,78.74594014135752,1.0515669333907922,0.2695298009340228,-10,0.3,0.0
20.52000069618225,59.53759523858131,78.74594014135752,1.0515669333907922,0.2695298009340228,-10,0.3,0.0
20.530001163482666,61.2278653564867,79.4660846089934,1.1010175632637553,0.2033342396463181,-10,0.3,0.0
20.540000677108765,61.2278653564867,79.4660846089934,1.1010175632637553,0.2033342396463181,-10,0.3,0.0
20.550000429153442,62.868947979862774,80.22624186687544,1.1161900191422955,0.14402563749436434,-10,0.3,0.0
20.5600004196167,62.868947979862774,80.22624186687544,1.1161900191422955,0.14402563749436434,-10,0.3,0.0
20.570000886917114,64.17548521523653,81.05085936213128,1.1240390949592913,0.09302427889469018,-10,0.3,0.0
20.580000638961792,64.17548521523653,81.05085936213128,1.1240390949592913,0.09302427889469018,-10,0.3,0.0
20.59000062942505,65.1991408108546,81.77530403611932,1.1105559695066554,0.09302427889469018,-10,0.3,0.0
20.600000619888306,65.1991408108546,81.77530403611932,1.1105559695066554,0.09302427889469018,-10,0.3,0.0
20.610000610351562,65.99650350290224,82.47763106255633,1.1105559695066554,0.051750448263825244,-10,0.3,0.0
20.6200008392334,65.99650350290224,82.47763106255633,1.1105559695066554,0.051750448263825244,-10,0.3,0.0
20.630000591278076,66.64936073277902,83.1312878151231,1.0840758213583597,0.02162443001829868,-10,0.3,0.0
20.640000820159912,66.64936073277902,83.1312878151231,1.0840758213583597,0.02162443001829868,-10,0.3,0.0
20.650001049041748,67.1756830089646,83.69285359150335,1.0460189349309337,0.02162443001829868,-10,0.3,0.0
20.660001277923584,67.1756830089646,83.69285359150335,1.0460189349309337,0.02162443001829868,-10,0.3,0.0
20.67000102996826,67.64188651602781,84.24998358568666,1.0460189349309337,0.004066508574640515,-10,0.3,0.0
20.68000102043152,67.64188651602781,84.24998358568666,1.0460189349309337,0.004066508574640515,-10,0.3,0.0
20.690000295639038,68.17059176521674,84.88304653605394,0.9978055946409063,0.004066508574640515,-10,0.3,0.0
20.700000762939453,68.17059176521674,84.88304653605394,0.9978055946409063,0.004066508574640515,-10,0.3,0.0
20.71000051498413,69.11086228001426,85.87576691908923,0.9408560849048074,0.0,-10,0.3,0.0
20.720000505447388,69.11086228001426,85.87576691908923,0.9408560849048074,0.0,-10,0.3,0.0
20.730000495910645,70.38216800051885,87.95853558036536,0.876590690139166,0.0,-10,0.3,0.0
20.7400004863739,70.38216800051885,87.95853558036536,0.876590690139166,0.0,-10,0.3,0.0
20.75000023841858,71.56075684170506,91.12971314798888,0.8064296947605115,-0.08757389762482297,-10,0.3,0.0
20.760000944137573,71.56075684170506,91.12971314798888,0.8064296947605115,-0.08757389762482297,-10,0.3,0.0
20.77000141143799,72.45983313493004,94.48224610841139,0.731793383185373,-0.2900072256060285,-10,0.3,0.0
20.780000686645508,72.45983313493004,94.48224610841139,0.731793383185373,-0.2900072256060285,-10,0.3,0.0
20.790000677108765,73.24926580785727,96.73578043929118,0.6541020398302799,-0.46107072913957486,-10,0.3,0.0
20.80000066757202,73.24926580785727,96.73578043929118,0.6541020398302799,-0.46107072913957486,-10,0.3,0.0
20.81000065803528,74.12286671530906,98.88950886066547,0.5747759491117617,-0.6414971287503789,-10,0.3,0.0
20.820000648498535,74.12286671530906,98.88950886066547,0.5747759491117617,-0.6414971287503789,-10,0.3,0.0
20.830000638961792,75.2102700895005,1.4860661475265662,0.49523539544634754,-0.8145520257302065,-10,0.3,0.0
20.84000039100647,75.2102700895005,1.4860661475265662,0.49523539544634754,-0.8145520257302065,-10,0.3,0.0
20.850000619888306,76.38145920736582,4.092509277817626,0.4169006632505669,-1.0237063065926062,-10,0.3,0.0
20.86000108718872,76.38145920736582,4.092509277817626,0.4169006632505669,-1.0237063065926062,-10,0.3,0.0
20.8700008392334,77.46560084000605,6.352309601390046,0.34119203694094874,-1.1051194526464705,-10,0.3,0.0
20.880000829696655,77.46560084000605,6.352309601390046,0.34119203694094874,-1.1051194526464705,-10,0.3,0.0
20.890000581741333,78.37573233387316,8.502080252328152,0.2695298009340228,-1.12221120118872,-10,0.3,0.0
20.90000081062317,78.37573233387316,8.502080252328152,0.2695298009340228,-1.12221120118872,-10,0.3,0.0
20.910000562667847,79.27785742628942,10.868005017196293,0.2033342396463181,-1.0922657971471528,-10,0.3,0.0
20.920000791549683,79.27785742628942,10.868005017196293,0.2033342396463181,-1.0922657971471528,-10,0.3,0.0
20.93000054359436,80.21696328248625,13.299481173695723,0.14402563749436434,-0.9880695607216169,-10,0.3,0.0
20.940000534057617,80.21696328248625,13.299481173695723,0.14402563749436434,-0.9880695607216169,-10,0.3,0.0
20.950000524520874,81.26628795398436,15.929310630806484,0.09302427889469018,-0.8883662307214307,-10,0.3,0.0
20.96000051498413,81.26628795398436,15.929310630806484,0.09302427889469018,-0.8883662307214307,-10,0.3,0.0
20.970000505447388,82.35103356664453,18.167404089623666,0.051750448263825244,-0.7093603306189131,-10,0.3,0.0
20.980000495910645,82.35103356664453,18.167404089623666,0.051750448263825244,-0.7093603306189131,-10,0.3,0.0
20.9900004863739,83.52167285539794,20.03718031247202,0.02162443001829868,-0.5796687083413706,-10,0.3,0.0
21.000000476837158,83.52167285539794,20.03718031247202,0.02162443001829868,-0.5796687083413706,-10,0.3,0.0
21.010001182556152,84.80385676411977,21.849587895072258,0.004066508574640515,-0.5141027685607159,-10,0.3,0.0
21.020000457763672,84.80385676411977,21.849587895072258,0.004066508574640515,-0.5141027685607159,-10,0.3,0.0
21.030000925064087,86.06657412877175,23.712107701143747,0.0,-0.3855075950837657,-10,0.3,0.0
21.040000438690186,86.06657412877175,23.712107701143747,0.0,-0.3855075950837657,-10,0.3,0.0
21.0500009059906,87.33862096063828,25.526417485628993,0.0,-0.2655973142101297,-10,0.3,0.0
21.06000065803528,87.33862096063828,25.526417485628993,0.0,-0.2655973142101297,-10,0.3,0.0
21.070000648498535,88.5887736925681,27.330841548549227,-0.00033807855125633394,-0.16073506732881002,-10,0.3,0.0
21.080000638961792,88.5887736925681,27.330841548549227,-0.00033807855125633394,-0.16073506732881002,-10,0.3,0.0
21.09000062942505,89.91605409564771,29.080289933933727,-0.01313062863293675,-0.07728399582880847,-10,0.3,0.0
21.100000381469727,89.91605409564771,29.080289933933727,-0.01313062863293675,-0.07728399582880847,-10,0.3,0.0
21.110000610351562,91.06854460588104,30.80050280942328,-0.08757389762482297,-0.045576132530865364,-10,0.3,0.0
21.1200008392334,91.06854460588104,30.80050280942328,-0.08757389762482297,-0.045576132530865364,-10,0.3,0.0
21.130006551742554,92.25030275620527,32.39964603858982,-0.14504101685797047,-0.006172714207220822,-10,0.3,0.0
21.140000581741333,92.25030275620527,32.39964603858982,-0.14504101685797047,-0.006172714207220822,-10,0.3,0.0
21.15000057220459,93.32495319253601,33.916033560724614,-0.2132160594645487,-6.794452876866152e-05,-10,0.3,0.0
21.160000801086426,93.32495319253601,33.916033560724614,-0.2132160594645487,-6.794452876866152e-05,-10,0.3,0.0
21.170000553131104,94.41672779395172,35.29091758300112,-0.2900072256060285,0.0013986938554461867,-10,0.3,0.0
21.18000078201294,94.41672779395172,35.29091758300112,-0.2900072256060285,0.0013986938554461867,-10,0.3,0.0
21.190009117126465,95.49973905520136,36.50234902270357,-0.3733227154438807,0.009766567512347722,-10,0.3,0.0
21.200000524520874,95.49973905520136,36.50234902270357,-0.3733227154438807,0.009766567512347722,-10,0.3,0.0
21.21000099182129,96.51323390802726,37.589287537056556,-0.46107072913957486,0.025208094985965185,-10,0.3,0.0
21.220000505447388,96.51323390802726,37.589287537056556,-0.46107072913957486,0.025208094985965185,-10,0.3,0.0
21.230000495910645,97.30782037760854,38.40345254425342,-0.5511594668545844,0.047178321147027864,-10,0.3,0.0
21.24000072479248,97.30782037760854,38.40345254425342,-0.5511594668545844,0.047178321147027864,-10,0.3,0.0
21.250223875045776,98.24634747250573,39.16018047705837,-0.6414971287503789,0.07513229086626506,-10,0.3,0.0
21.260000705718994,98.24634747250573,39.16018047705837,-0.6414971287503789,0.07513229086626506,-10,0.3,0.0
21.27000141143799,98.24634747250573,39.16018047705837,-0.6414971287503789,0.07513229086626506,-10,0.3,0.0
21.280000925064087,0.06212446258449318,40.31953586412496,-0.7299919149884294,0.10852504901440616,-10,0.3,0.0
21.290000915527344,1.121934953883098,40.93047401596976,-0.8145520257302065,0.10852504901440616,-10,0.3,0.0
21.30000114440918,1.121934953883098,40.93047401596976,-0.8145520257302065,0.10852504901440616,-10,0.3,0.0
21.310000896453857,4.6211657466768825,43.06702586826564,-1.0237063065926062,0.23588650273954542,-10,0.3,0.0
21.320001125335693,4.6211657466768825,43.06702586826564,-1.0237063065926062,0.23588650273954542,-10,0.3,0.0
21.33000087738037,7.002450627542968,44.64737786870811,-1.1221437138014954,0.2855848633105949,-10,0.3,0.0
21.340000867843628,7.002450627542968,44.64737786870811,-1.1221437138014954,0.2855848633105949,-10,0.3,0.0
21.350001096725464,7.002450627542968,44.64737786870811,-1.1221437138014954,0.2855848633105949,-10,0.3,0.0
21.36000108718872,9.04177720012421,46.07531122878993,-1.111720636307899,0.39257866767107424,-10,0.3,0.0
21.3700008392334,9.970311202300957,46.70857405693444,-1.111720636307899,0.39257866767107424,-10,0.3,0.0
21.380001306533813,9.970311202300957,46.70857405693444,-1.111720636307899,0.39257866767107424,-10,0.3,0.0
21.390000820159912,9.970311202300957,46.70857405693444,-1.111720636307899,0.39257866767107424,-10,0.3,0.0
21.400001287460327,12.684893346145307,48.55255010545741,-1.0296448666803868,0.5060688821275886,-10,0.3,0.0
21.410001039505005,13.599653317359572,49.156909036959405,-0.9880695607216169,0.5638877553186831,-10,0.3,0.0
21.42000126838684,13.599653317359572,49.156909036959405,-0.9880695607216169,0.5638877553186831,-10,0.3,0.0
21.43000054359436,16.273255333733882,50.85996208403881,-0.8318289920272647,0.6216958656459743,-10,0.3,0.0
21.440000772476196,16.273255333733882,50.85996208403881,-0.8318289920272647,0.6216958656459743,-10,0.3,0.0
21.450000762939453,18.15315626830433,52.06273991027862,-0.7093603306189131,0.7350999771920647,-10,0.3,0.0
21.46000075340271,18.15315626830433,52.06273991027862,-0.7093603306189131,0.7350999771920647,-10,0.3,0.0
21.470000743865967,20.013452798873818,53.124546253739815,-0.5796687083413706,0.7896060681523228,-10,0.3,0.0
21.480000972747803,20.013452798873818,53.124546253739815,-0.5796687083413706,0.7896060681523228,-10,0.3,0.0
21.49000096321106,21.715450993902362,54.1565319314429,-0.5141027685607159,0.8419215757316945,-10,0.3,0.0
21.500000953674316,21.715450993902362,54.1565319314429,-0.5141027685607159,0.8419215757316945,-10,0.3,0.0
21.51000142097473,23.21175071343293,55.17526909636157,-0.3855075950837657,0.8915015448009102,-10,0.3,0.0
21.52000093460083,23.21175071343293,55.17526909636157,-0.3855075950837657,0.8915015448009102,-10,0.3,0.0
21.530001401901245,23.21175071343293,55.17526909636157,-0.3855075950837657,0.8915015448009102,-10,0.3,0.0
21.540096521377563,24.712904232823128,56.35648017734452,-0.324069146734721,0.9378010202306981,-10,0.3,0.0
21.5500009059906,25.502583374532577,57.01966960217667,-0.2655973142101297,0.9802750468917882,-10,0.3,0.0
21.560000896453857,25.502583374532577,57.01966960217667,-0.2655973142101297,0.9802750468917882,-10,0.3,0.0
21.570067405700684,27.718551161887707,59.2926637393833,-0.16073506732881002,1.0515669333907922,-10,0.3,0.0
21.58000087738037,27.718551161887707,59.2926637393833,-0.16073506732881002,1.0515669333907922,-10,0.3,0.0
21.590000867843628,27.718551161887707,59.2926637393833,-0.16073506732881002,1.0515669333907922,-10,0.3,0.0
21.600001096725464,29.067881486598374,60.59104875302479,-0.07728399582880847,1.0792948829701638,-10,0.3,0.0
21.61000084877014,29.736738093383362,61.204608502869476,-0.07728399582880847,1.1010175632637553,-10,0.3,0.0
21.620001077651978,29.736738093383362,61.204608502869476,-0.07728399582880847,1.1010175632637553,-10,0.3,0.0
21.630001068115234,31.796538080998992,62.904666289882904,-0.021607241099127757,1.1161900191422955,-10,0.3,0.0
21.64003276824951,31.796538080998992,62.904666289882904,-0.021607241099127757,1.1161900191422955,-10,0.3,0.0
21.65000057220459,31.796538080998992,62.904666289882904,-0.021607241099127757,1.1161900191422955,-10,0.3,0.0
21.660001039505005,33.289294717872586,64.00184051833044,-6.794452876866152e-05,1.1240390949592913,-10,0.3,0.0
21.670000791549683,34.06645511305133,64.55955197920646,0.0,1.1240390949592913,-10,0.3,0.0
21.68000078201294,34.06645511305133,64.55955197920646,0.0,1.1240390949592913,-10,0.3,0.0
21.690000534057617,36.44928116753628,66.13049014147373,0.009766567512347722,1.0840758213583597,-10,0.3,0.0
21.700000762939453,36.44928116753628,66.13049014147373,0.009766567512347722,1.0840758213583597,-10,0.3,0.0
21.71000075340271,36.44928116753628,67.17254618389208,0.009766567512347722,1.0460189349309337,-10,0.3,0.0
21.720000505447388,36.44928116753628,67.17254618389208,0.009766567512347722,1.0460189349309337,-10,0.3,0.0
21.730000495910645,36.44928116753628,68.10964595721781,0.009766567512347722,0.9978055946409063,-10,0.3,0.0
21.740000247955322,36.44928116753628,68.10964595721781,0.009766567512347722,0.9978055946409063,-10,0.3,0.0
21.750000715255737,36.460105742637225,69.04175176561573,0.009766567512347722,0.9408560849048074,-10,0.3,0.0
21.760000705718994,36.460105742637225,69.04175176561573,0.009766567512347722,0.9408560849048074,-10,0.3,0.0
21.77000093460083,37.51322016691708,69.90965236176686,0.025208094985965185,0.9408560849048074,-10,0.3,0.0
21.780000686645508,37.51322016691708,69.90965236176686,0.025208094985965185,0.9408560849048074,-10,0.3,0.0
21.790000677108765,38.548480656363594,70.7320950140496,0.047178321147027864,0.876590690139166,-10,0.3,0.0
21.80000066757202,38.548480656363594,70.7320950140496,0.047178321147027864,0.876590690139166,-10,0.3,0.0
21.81000065803528,39.53526613176289,71.58600085379814,0.07513229086626506,0.8064296947605115,-10,0.3,0.0
21.820000410079956,39.53526613176289,71.58600085379814,0.07513229086626506,0.8064296947605115,-10,0.3,0.0
21.83000087738037,40.45440788779533,72.53788736311212,0.10852504901440616,0.731793383185373,-10,0.3,0.0
21.84000039100647,40.45440788779533,72.53788736311212,0.10852504901440616,0.731793383185373,-10,0.3,0.0
21.850000858306885,41.42732957787396,73.44830295851241,0.14681164046218032,0.6541020398302799,-10,0.3,0.0
21.86000108718872,41.42732957787396,73.44830295851241,0.14681164046218032,0.6541020398302799,-10,0.3,0.0
21.87000060081482,42.62145939995674,74.40716790158915,0.18944711008031703,0.5747759491117617,-10,0.3,0.0
21.880000829696655,42.62145939995674,74.40716790158915,0.18944711008031703,0.5747759491117617,-10,0.3,0.0
21.890000581741333,44.12490731581226,75.44368364554317,0.2855848633105949,0.49523539544634754,-10,0.3,0.0
21.90000081062317,44.12490731581226,75.44368364554317,0.2855848633105949,0.49523539544634754,-10,0.3,0.0
21.910000562667847,46.0757282520566,76.5630636218722,0.39257866767107424,0.4169006632505669,-10,0.3,0.0
21.92000126838684,46.0757282520566,76.5630636218722,0.39257866767107424,0.4169006632505669,-10,0.3,0.0
21.93000078201294,48.33004248234052,77.84594093797917,0.5060688821275886,0.34119203694094874,-10,0.3,0.0
21.940000534057617,48.33004248234052,77.84594093797917,0.5060688821275886,0.34119203694094874,-10,0.3,0.0
21.950000524520874,50.549652618485986,79.10836245672283,0.6216958656459743,0.2033342396463181,-10,0.3,0.0
21.96000051498413,50.549652618485986,79.10836245672283,0.6216958656459743,0.2033342396463181,-10,0.3,0.0
21.970000505447388,52.573446901597784,80.27566466716574,0.7350999771920647,0.14402563749436434,-10,0.3,0.0
21.980000257492065,52.573446901597784,80.27566466716574,0.7350999771920647,0.14402563749436434,-10,0.3,0.0
21.9900004863739,54.44804209506401,81.30633942859643,0.8419215757316945,0.09302427889469018,-10,0.3,0.0
22.000000715255737,54.44804209506401,81.30633942859643,0.8419215757316945,0.09302427889469018,-10,0.3,0.0
22.010000944137573,56.43758730483475,82.29791990208288,0.9378010202306981,0.051750448263825244,-10,0.3,0.0
22.02000069618225,56.43758730483475,82.29791990208288,0.9378010202306981,0.051750448263825244,-10,0.3,0.0
22.030001163482666,58.45551964800014,83.28397604838868,1.01837866965491,0.02162443001829868,-10,0.3,0.0
22.040000677108765,58.45551964800014,83.28397604838868,1.01837866965491,0.02162443001829868,-10,0.3,0.0
22.05000066757202,60.318601710772604,84.199180496411,1.0792948829701638,0.004066508574640515,-10,0.3,0.0
22.060000896453857,60.318601710772604,84.199180496411,1.0792948829701638,0.004066508574640515,-10,0.3,0.0
22.070000648498535,62.6368729876482,85.36821262533583,1.1161900191422955,0.0,-10,0.3,0.0
22.08000087738037,62.6368729876482,85.36821262533583,1.1161900191422955,0.0,-10,0.3,0.0
22.09000062942505,64.18078955974009,86.73555109216922,1.1240390949592913,0.0,-10,0.3,0.0
22.100000619888306,64.18078955974009,86.73555109216922,1.1240390949592913,0.0,-10,0.3,0.0
22.11000084877014,65.77433123434591,88.33666929941373,1.1105559695066554,-0.00033807855125633394,-10,0.3,0.0
22.120001077651978,65.77433123434591,88.33666929941373,1.1105559695066554,-0.00033807855125633394,-10,0.3,0.0
22.130000591278076,67.01951006861687,90.10924230166715,1.0460189349309337,-0.04290650160363536,-10,0.3,0.0
22.140000820159912,67.01951006861687,90.10924230166715,1.0460189349309337,-0.04290650160363536,-10,0.3,0.0
22.15000057220459,68.34493560168042,92.21272049471553,0.9978055946409063,-0.14504101685797047,-10,0.3,0.0
22.160000562667847,68.34493560168042,92.21272049471553,0.9978055946409063,-0.14504101685797047,-10,0.3,0.0
22.170000314712524,69.51941806683473,94.43175653280737,0.9408560849048074,-0.2900072256060285,-10,0.3,0.0
22.18000054359436,69.51941806683473,94.43175653280737,0.9408560849048074,-0.2900072256060285,-10,0.3,0.0
22.190000534057617,69.89998659699279,96.13622684893633,0.9408560849048074,-0.46107072913957486,-10,0.3,0.0
22.200000524520874,69.89998659699279,96.13622684893633,0.9408560849048074,-0.46107072913957486,-10,0.3,0.0
22.21000051498413,69.89998659699279,97.14035386016772,0.9408560849048074,-0.5511594668545844,-10,0.3,0.0
22.220000505447388,69.89998659699279,97.14035386016772,0.9408560849048074,-0.5511594668545844,-10,0.3,0.0
22.230000495910645,69.89998659699279,98.04063296223313,0.9408560849048074,-0.6414971287503789,-10,0.3,0.0
22.24000072479248,69.89998659699279,98.04063296223313,0.9408560849048074,-0.6414971287503789,-10,0.3,0.0
22.250000715255737,69.89998659699279,99.42328894330737,0.9408560849048074,-0.7299919149884293,-10,0.3,0.0
22.260000705718994,69.89998659699279,99.42328894330737,0.9408560849048074,-0.7299919149884293,-10,0.3,0.0
22.27000093460083,69.89998659699279,2.5306388349664317,0.9408560849048074,-0.893085661137181,-10,0.3,0.0
22.28000044822693,69.89998659699279,2.5306388349664317,0.9408560849048074,-0.893085661137181,-10,0.3,0.0
22.290000677108765,69.89998659699279,2.5306388349664317,0.9408560849048074,-0.893085661137181,-10,0.3,0.0
22.30000114440918,71.02101973450957,7.9432479871126045,0.8064296947605115,-1.1221437138014954,-10,0.3,0.0
22.31000065803528,72.66340935687433,10.695122025596875,0.731793383185373,-1.0922657971471528,-10,0.3,0.0
22.320000648498535,72.66340935687433,10.695122025596875,0.731793383185373,-1.0922657971471528,-10,0.3,0.0
22.33000087738037,76.72656196009783,15.558805664007163,0.4169006632505669,-0.8883662307214307,-10,0.3,0.0
22.34000062942505,76.72656196009783,15.558805664007163,0.4169006632505669,-0.8883662307214307,-10,0.3,0.0
22.350000619888306,78.70030844424252,16.91965837181884,0.2695298009340228,-0.8318289920272647,-10,0.3,0.0
22.360000610351562,78.70030844424252,16.91965837181884,0.2695298009340228,-0.8318289920272647,-10,0.3,0.0
22.37000060081482,80.5156796878148,18.13396719362746,0.14402563749436434,-0.7093603306189131,-10,0.3,0.0
22.380000352859497,80.5156796878148,18.13396719362746,0.14402563749436434,-0.7093603306189131,-10,0.3,0.0
22.390000581741333,82.20777847314066,19.63503558617023,0.051750448263825244,-0.645019693251978,-10,0.3,0.0
22.400001287460327,82.20777847314066,19.63503558617023,0.051750448263825244,-0.645019693251978,-10,0.3,0.0
22.410000562667847,83.82353602548676,21.154616976882792,0.02162443001829868,-0.5141027685607159,-10,0.3,0.0
22.420000791549683,83.82353602548676,21.154616976882792,0.02162443001829868,-0.5141027685607159,-10,0.3,0.0
22.43000102043152,85.43209580093716,22.65086152487083,0.0,-0.4491172665836392,-10,0.3,0.0
22.440000772476196,85.43209580093716,22.65086152487083,0.0,-0.4491172665836392,-10,0.3,0.0
22.450000286102295,86.89969912102843,23.96881603111285,0.0,-0.3855075950837657,-10,0.3,0.0
22.46000051498413,86.89969912102843,23.96881603111285,0.0,-0.3855075950837657,-10,0.3,0.0
22.470000743865967,88.21663344932189,25.181820632199276,-0.00033807855125633394,-0.2655973142101297,-10,0.3,0.0
22.480000257492065,88.21663344932189,25.181820632199276,-0.00033807855125633394,-0.2655973142101297,-10,0.3,0.0
22.4900004863739,89.5446155041942,26.32685908338381,-0.01313062863293675,-0.21088749018361777,-10,0.3,0.0
22.500000476837158,89.5446155041942,26.32685908338381,-0.01313062863293675,-0.21088749018361777,-10,0.3,0.0
22.510000944137573,91.03617494112501,27.487939003471656,-0.08757389762482297,-0.16073506732881002,-10,0.3,0.0
22.52000069618225,91.03617494112501,27.487939003471656,-0.08757389762482297,-0.16073506732881002,-10,0.3,0.0
22.530000925064087,92.7072755349451,28.807656358340854,-0.14504101685797047,-0.11593543831933231,-10,0.3,0.0
22.540000677108765,92.7072755349451,28.807656358340854,-0.14504101685797047,-0.11593543831933231,-10,0.3,0.0
22.55000066757202,94.32876153102193,30.17219603791661,-0.2900072256060285,-0.045576132530865364,-10,0.3,0.0
22.56000065803528,94.32876153102193,30.17219603791661,-0.2900072256060285,-0.045576132530865364,-10,0.3,0.0
22.570000648498535,95.89523890364933,31.556317157730035,-0.3733227154438807,-0.021607241099127757,-10,0.3,0.0
22.580000638961792,96.64870781834637,32.25361244227523,-0.46107072913957486,-0.006172714207220822,-10,0.3,0.0
22.59000062942505,96.64870781834637,32.25361244227523,-0.46107072913957486,-0.006172714207220822,-10,0.3,0.0
22.600000619888306,96.64870781834637,32.25361244227523,-0.46107072913957486,-0.006172714207220822,-10,0.3,0.0
22.610000371932983,98.15767243141951,33.624383263147436,-0.6414971287503789,-6.794452876866152e-05,-10,0.3,0.0
22.6200008392334,98.7697006821296,34.31092680645108,-0.6414971287503789,0.0,-10,0.3,0.0
22.630000591278076,98.7697006821296,34.31092680645108,-0.6414971287503789,0.0,-10,0.3,0.0
22.640000820159912,0.7597118063427357,36.60971089670078,-0.7299919149884294,0.009766567512347722,-10,0.3,0.0
22.65000057220459,0.7597118063427357,36.60971089670078,-0.7299919149884294,0.009766567512347722,-10,0.3,0.0
22.660000801086426,0.7597118063427357,36.60971089670078,-0.7299919149884294,0.009766567512347722,-10,0.3,0.0
22.670000791549683,1.808268077788697,37.93982875815986,-0.8145520257302065,0.025208094985965185,-10,0.3,0.0
22.68000030517578,2.2175087007862317,38.5465855023216,-0.893085661137181,0.047178321147027864,-10,0.3,0.0
22.690000534057617,2.2175087007862317,38.5465855023216,-0.893085661137181,0.047178321147027864,-10,0.3,0.0
22.700000524520874,2.2175087007862317,38.5465855023216,-0.893085661137181,0.047178321147027864,-10,0.3,0.0
22.71000051498413,3.36396598404204,40.08301043554054,-0.9635010213708239,0.10852504901440616,-10,0.3,0.0
22.720000505447388,3.892095830006734,40.57601635383051,-0.9635010213708239,0.10852504901440616,-10,0.3,0.0
22.730000495910645,3.892095830006734,40.57601635383051,-0.9635010213708239,0.10852504901440616,-10,0.3,0.0
22.7400004863739,5.994068107092541,42.15844003619948,-1.0716097169639978,0.18944711008031703,-10,0.3,0.0
22.750000715255737,5.994068107092541,42.15844003619948,-1.0716097169639978,0.18944711008031703,-10,0.3,0.0
22.760000705718994,7.8719924388096,43.41675848523948,-1.1221437138014954,0.23588650273954542,-10,0.3,0.0
22.77000093460083,7.8719924388096,43.41675848523948,-1.1221437138014954,0.23588650273954542,-10,0.3,0.0
22.780000686645508,10.217214500845337,43.41675848523948,-1.0922657971471528,0.23588650273954542,-10,0.3,0.0
22.790000438690186,10.217214500845337,43.41675848523948,-1.0922657971471528,0.23588650273954542,-10,0.3,0.0
22.80000066757202,12.33407978442597,43.41675848523948,-1.0296448666803868,0.23588650273954542,-10,0.3,0.0
22.81000065803528,12.33407978442597,43.41675848523948,-1.0296448666803868,0.23588650273954542,-10,0.3,0.0
22.820000648498535,13.817445415630106,43.41675848523948,-0.9880695607216169,0.23588650273954542,-10,0.3,0.0
22.830000638961792,13.817445415630106,43.41675848523948,-0.9880695607216169,0.23588650273954542,-10,0.3,0.0
22.84000062942505,14.893395768114656,43.41675848523948,-0.9407115511774231,0.23588650273954542,-10,0.3,0.0
22.850000858306885,14.893395768114656,43.41675848523948,-0.9407115511774231,0.23588650273954542,-10,0.3,0.0
22.860000610351562,16.00249595920858,43.99700761616474,-0.8318289920272647,0.23588650273954542,-10,0.3,0.0
22.87000036239624,16.00249595920858,43.99700761616474,-0.8318289920272647,0.23588650273954542,-10,0.3,0.0
22.880000829696655,17.15701020314582,45.57267795193168,-0.7718952277685502,0.33799723666419484,-10,0.3,0.0
22.890000581741333,17.15701020314582,45.57267795193168,-0.7718952277685502,0.33799723666419484,-10,0.3,0.0
22.90000081062317,18.49269578145323,47.590721624942006,-0.7093603306189131,0.4487842012019627,-10,0.3,0.0
22.910000562667847,18.49269578145323,47.590721624942006,-0.7093603306189131,0.4487842012019627,-10,0.3,0.0
22.920000791549683,20.130368666881044,49.970295569874374,-0.5796687083413706,0.5638877553186831,-10,0.3,0.0
22.93000054359436,20.130368666881044,49.970295569874374,-0.5796687083413706,0.5638877553186831,-10,0.3,0.0
22.940000534057617,21.82235654523317,52.299739725748665,-0.5141027685607159,0.7350999771920647,-10,0.3,0.0
22.950000524520874,21.82235654523317,52.299739725748665,-0.5141027685607159,0.7350999771920647,-10,0.3,0.0
22.96000051498413,23.573205919156727,54.95680822400343,-0.3855075950837657,0.8419215757316945,-10,0.3,0.0
22.970000505447388,23.573205919156727,54.95680822400343,-0.3855075950837657,0.8419215757316945,-10,0.3,0.0
22.980000495910645,25.248128462996227,57.59329856931886,-0.2655973142101297,0.9802750468917882,-10,0.3,0.0
22.9900004863739,25.248128462996227,57.59329856931886,-0.2655973142101297,0.9802750468917882,-10,0.3,0.0
23.000000476837158,26.665328651862296,59.48269058747584,-0.21088749018361777,1.0515669333907922,-10,0.3,0.0
23.010000944137573,26.665328651862296,59.48269058747584,-0.21088749018361777,1.0515669333907922,-10,0.3,0.0
23.02000069618225,27.847538590513064,61.029547654666594,-0.16073506732881002,1.1010175632637553,-10,0.3,0.0
23.030000925064087,27.847538590513064,61.029547654666594,-0.16073506732881002,1.1010175632637553,-10,0.3,0.0
23.040000915527344,29.013446109436362,63.09005452659178,-0.07728399582880847,1.1242672954765134,-10,0.3,0.0
23.050000429153442,29.013446109436362,63.09005452659178,-0.07728399582880847,1.1242672954765134,-10,0.3,0.0
23.0600004196167,30.108719292758217,65.32006806343645,-0.045576132530865364,1.1105559695066554,-10,0.3,0.0
23.070000648498535,30.108719292758217,65.32006806343645,-0.045576132530865364,1.1105559695066554,-10,0.3,0.0
23.080000638961792,31.213591561751215,67.28655030690093,-0.021607241099127757,1.0460189349309337,-10,0.3,0.0
23.090000867843628,31.213591561751215,67.28655030690093,-0.021607241099127757,1.0460189349309337,-10,0.3,0.0
23.100000381469727,32.42784043548902,69.19211881858682,-0.006172714207220822,0.9408560849048074,-10,0.3,0.0
23.110000610351562,32.42784043548902,69.19211881858682,-0.006172714207220822,0.9408560849048074,-10,0.3,0.0
23.1200008392334,33.63196053733116,71.079609272475,-6.794452876866152e-05,0.8064296947605115,-10,0.3,0.0
23.130000829696655,33.63196053733116,71.079609272475,-6.794452876866152e-05,0.8064296947605115,-10,0.3,0.0
23.140000820159912,34.67300905642314,72.68693827288374,0.0,0.731793383185373,-10,0.3,0.0
23.15000033378601,34.67300905642314,72.68693827288374,0.0,0.731793383185373,-10,0.3,0.0
23.160000801086426,35.6334695196642,74.04542300905815,0.0013986938554461867,0.5747759491117617,-10,0.3,0.0
23.170000553131104,35.6334695196642,74.04542300905815,0.0013986938554461867,0.5747759491117617,-10,0.3,0.0
23.18000054359436,36.49921309101068,74.99341974319955,0.009766567512347722,0.5747759491117617,-10,0.3,0.0
23.190000295639038,36.49921309101068,74.99341974319955,0.009766567512347722,0.5747759491117617,-10,0.3,0.0
23.200000524520874,37.37903506387606,76.0026157726699,0.025208094985965185,0.4169006632505669,-10,0.3,0.0
23.21000051498413,37.37903506387606,76.0026157726699,0.025208094985965185,0.4169006632505669,-10,0.3,0.0
23.220000743865967,38.30101590420725,77.13460168496893,0.047178321147027864,0.34119203694094874,-10,0.3,0.0
23.230000495910645,38.30101590420725,77.13460168496893,0.047178321147027864,0.34119203694094874,-10,0.3,0.0
23.2400004863739,39.31226271232833,78.30925742410486,0.07513229086626506,0.2695298009340228,-10,0.3,0.0
23.250000715255737,39.31226271232833,78.30925742410486,0.07513229086626506,0.2695298009340228,-10,0.3,0.0
23.260000705718994,40.40476963700104,79.39214086180093,0.10852504901440616,0.2033342396463181,-10,0.3,0.0
23.27000093460083,40.40476963700104,79.39214086180093,0.10852504901440616,0.2033342396463181,-10,0.3,0.0
23.280000925064087,41.41925621441105,80.38561240816588,0.14681164046218032,0.14402563749436434,-10,0.3,0.0
23.290000677108765,41.41925621441105,80.38561240816588,0.14681164046218032,0.14402563749436434,-10,0.3,0.0
23.30000066757202,42.57516610241591,81.32663399394477,0.18944711008031703,0.09302427889469018,-10,0.3,0.0
23.31000065803528,42.57516610241591,81.32663399394477,0.18944711008031703,0.09302427889469018,-10,0.3,0.0
23.320000648498535,43.80260217324119,82.27482886160823,0.23588650273954542,0.051750448263825244,-10,0.3,0.0
23.330000638961792,43.80260217324119,82.27482886160823,0.23588650273954542,0.051750448263825244,-10,0.3,0.0
23.34000062942505,45.02298262498938,83.29167095808634,0.33799723666419484,0.02162443001829868,-10,0.3,0.0
23.350000619888306,45.02298262498938,83.29167095808634,0.33799723666419484,0.02162443001829868,-10,0.3,0.0
23.360000610351562,46.41685473155247,84.4030367825652,0.39257866767107424,0.004066508574640515,-10,0.3,0.0
23.37000060081482,46.41685473155247,84.4030367825652,0.39257866767107424,0.004066508574640515,-10,0.3,0.0
23.380001068115234,48.04085035611361,85.52342225994607,0.5060688821275886,0.0,-10,0.3,0.0
23.390000581741333,48.04085035611361,85.52342225994607,0.5060688821275886,0.0,-10,0.3,0.0
23.40000081062317,49.847815354948835,86.6457836711865,0.5638877553186831,0.0,-10,0.3,0.0
23.410000562667847,49.847815354948835,86.6457836711865,0.5638877553186831,0.0,-10,0.3,0.0
23.420000553131104,51.75296732260446,87.73522515970379,0.6789482579801916,0.0,-10,0.3,0.0
23.43000030517578,51.75296732260446,87.73522515970379,0.6789482579801916,0.0,-10,0.3,0.0
23.440000534057617,53.75382817122541,88.9282115887174,0.7896060681523228,-0.00033807855125633394,-10,0.3,0.0
23.450000524520874,53.75382817122541,88.9282115887174,0.7896060681523228,-0.00033807855125633394,-10,0.3,0.0
23.46000051498413,55.691154811907225,90.1351653684395,0.8915015448009102,-0.04290650160363536,-10,0.3,0.0
23.470000505447388,55.691154811907225,90.1351653684395,0.8915015448009102,-0.04290650160363536,-10,0.3,0.0
23.480000495910645,57.55105618880867,91.23189451461839,0.9802750468917882,-0.08757389762482297,-10,0.3,0.0
23.49000096321106,57.55105618880867,91.23189451461839,0.9802750468917882,-0.08757389762482297,-10,0.3,0.0
23.500000476837158,59.48769141021876,92.28248103945951,1.0515669333907922,-0.14504101685797047,-10,0.3,0.0
23.510000944137573,59.48769141021876,92.28248103945951,1.0515669333907922,-0.14504101685797047,-10,0.3,0.0
23.52000069618225,61.5171331028193,93.41696329791046,1.1010175632637553,-0.2132160594645487,-10,0.3,0.0
23.530000925064087,61.5171331028193,93.41696329791046,1.1010175632637553,-0.2132160594645487,-10,0.3,0.0
23.540000677108765,63.78193676217432,94.71391884233444,1.1242672954765134,-0.2900072256060285,-10,0.3,0.0
23.5500009059906,63.78193676217432,94.71391884233444,1.1242672954765134,-0.2900072256060285,-10,0.3,0.0
23.56000065803528,65.80502269247144,96.01835354545827,1.1105559695066554,-0.46107072913957486,-10,0.3,0.0
23.570000648498535,65.80502269247144,96.01835354545827,1.1105559695066554,-0.46107072913957486,-10,0.3,0.0
23.580000400543213,67.09906317830581,96.97489916740561,1.0460189349309337,-0.46107072913957486,-10,0.3,0.0
23.59000062942505,67.09906317830581,96.97489916740561,1.0460189349309337,-0.46107072913957486,-10,0.3,0.0
23.600000619888306,67.49987336644259,97.5692533042871,1.0460189349309337,-0.5511594668545844,-10,0.3,0.0
23.610000610351562,67.49987336644259,97.5692533042871,1.0460189349309337,-0.5511594668545844,-10,0.3,0.0
23.6200008392334,67.49987336644259,97.85100388109407,1.0460189349309337,-0.5511594668545844,-10,0.3,0.0
23.630000591278076,67.49987336644259,97.85100388109407,1.0460189349309337,-0.5511594668545844,-10,0.3,0.0
23.640000820159912,67.49987336644259,98.17590566365449,1.0460189349309337,-0.6414971287503789,-10,0.3,0.0
23.65000057220459,67.49987336644259,98.17590566365449,1.0460189349309337,-0.6414971287503789,-10,0.3,0.0
23.660000801086426,67.49987336644259,99.10680516170058,1.0460189349309337,-0.7299919149884293,-10,0.3,0.0
23.670000553131104,67.49987336644259,99.10680516170058,1.0460189349309337,-0.7299919149884293,-10,0.3,0.0
23.68000054359436,68.26851874274386,0.7638636555950991,0.9978055946409063,-0.7299919149884294,-10,0.3,0.0
23.690000534057617,68.26851874274386,0.7638636555950991,0.9978055946409063,-0.7299919149884294,-10,0.3,0.0
23.700000762939453,70.16103686757036,2.918305698839892,0.876590690139166,-0.893085661137181,-10,0.3,0.0
23.71000051498413,70.16103686757036,2.918305698839892,0.876590690139166,-0.893085661137181,-10,0.3,0.0
23.720000505447388,72.67448667188988,5.349059648356624,0.731793383185373,-1.0716097169639978,-10,0.3,0.0
23.730000495910645,72.67448667188988,5.349059648356624,0.731793383185373,-1.0716097169639978,-10,0.3,0.0
23.7400004863739,74.4696932416467,6.711074311700408,0.5747759491117617,-1.1051194526464705,-10,0.3,0.0
23.750000715255737,74.4696932416467,6.711074311700408,0.5747759491117617,-1.1051194526464705,-10,0.3,0.0
23.760000705718994,76.04530222556126,7.474279719262839,0.4169006632505669,-1.1221437138014954,-10,0.3,0.0
23.77000117301941,76.04530222556126,7.474279719262839,0.4169006632505669,-1.1221437138014954,-10,0.3,0.0
23.780000686645508,77.67366093515558,8.491439931600874,0.34119203694094874,-1.12221120118872,-10,0.3,0.0
23.790000915527344,77.67366093515558,8.491439931600874,0.34119203694094874,-1.12221120118872,-10,0.3,0.0
23.8000009059906,79.23182394916384,9.641432848008145,0.2033342396463181,-1.111720636307899,-10,0.3,0.0
23.81000065803528,79.23182394916384,9.641432848008145,0.2033342396463181,-1.111720636307899,-10,0.3,0.0
23.820000648498535,80.85497720889904,10.76456864283189,0.14402563749436434,-1.0922657971471528,-10,0.3,0.0
23.830000638961792,80.85497720889904,10.76456864283189,0.14402563749436434,-1.0922657971471528,-10,0.3,0.0
23.84000039100647,82.47444629362275,11.860633644866956,0.051750448263825244,-1.0646420763801072,-10,0.3,0.0
23.850000619888306,82.47444629362275,11.860633644866956,0.051750448263825244,-1.0646420763801072,-10,0.3,0.0
23.860000610351562,84.10259702780125,12.977312306694003,0.004066508574640515,-1.0296448666803868,-10,0.3,0.0
23.8700008392334,84.10259702780125,12.977312306694003,0.004066508574640515,-1.0296448666803868,-10,0.3,0.0
23.880000829696655,85.7091599849661,14.242858336448702,0.0,-0.9407115511774231,-10,0.3,0.0
23.890000581741333,85.7091599849661,14.242858336448702,0.0,-0.9407115511774231,-10,0.3,0.0
23.90000081062317,87.19766014515365,15.527576341446899,0.0,-0.8883662307214307,-10,0.3,0.0
23.910000562667847,87.19766014515365,15.527576341446899,0.0,-0.8883662307214307,-10,0.3,0.0
23.920000553131104,88.63723370079299,16.791002384004617,-0.00033807855125633394,-0.8318289920272647,-10,0.3,0.0
23.93000054359436,88.63723370079299,16.791002384004617,-0.00033807855125633394,-0.8318289920272647,-10,0.3,0.0
23.940000534057617,90.10717310717664,18.120998228728947,-0.04290650160363536,-0.7093603306189131,-10,0.3,0.0
23.950000762939453,90.10717310717664,18.120998228728947,-0.04290650160363536,-0.7093603306189131,-10,0.3,0.0
23.96000051498413,91.78640109497866,19.534497440607907,-0.08757389762482297,-0.645019693251978,-10,0.3,0.0
23.970000743865967,91.78640109497866,19.534497440607907,-0.08757389762482297,-0.645019693251978,-10,0.3,0.0
23.980000257492065,93.36005303993707,21.21125660890951,-0.2132160594645487,-0.5141027685607159,-10,0.3,0.0
23.9900004863739,93.36005303993707,21.21125660890951,-0.2132160594645487,-0.5141027685607159,-10,0.3,0.0
24.000000476837158,94.5829672633728,23.025919076964907,-0.2900072256060285,-0.3855075950837657,-10,0.3,0.0
24.010000944137573,94.5829672633728,23.025919076964907,-0.2900072256060285,-0.3855075950837657,-10,0.3,0.0
24.02000069618225,96.01208850398089,24.82755299403528,-0.46107072913957486,-0.324069146734721,-10,0.3,0.0
24.030000925064087,96.01208850398089,24.82755299403528,-0.46107072913957486,-0.324069146734721,-10,0.3,0.0
24.040000915527344,97.42441393660978,26.571674397816114,-0.5511594668545844,-0.21088749018361777,-10,0.3,0.0
24.0500009059906,97.42441393660978,26.571674397816114,-0.5511594668545844,-0.21088749018361777,-10,0.3,0.0
24.06000065803528,98.88803599439966,28.278597196733113,-0.6414971287503789,-0.11593543831933231,-10,0.3,0.0
24.070000648498535,98.88803599439966,28.278597196733113,-0.6414971287503789,-0.11593543831933231,-10,0.3,0.0
24.08000087738037,0.39328065450645255,29.929009309930755,-0.7299919149884294,-0.07728399582880847,-10,0.3,0.0
24.09000062942505,0.39328065450645255,29.929009309930755,-0.7299919149884294,-0.07728399582880847,-10,0.3,0.0
24.100000619888306,1.9378189479737449,31.488043159071744,-0.8145520257302065,-0.021607241099127757,-10,0.3,0.0
24.110000610351562,1.9378189479737449,31.488043159071744,-0.8145520257302065,-0.021607241099127757,-10,0.3,0.0
24.1200008392334,3.479821921397466,33.09827954304897,-0.9635010213708239,-6.794452876866152e-05,-10,0.3,0.0
24.130000591278076,3.479821921397466,33.09827954304897,-0.9635010213708239,-6.794452876866152e-05,-10,0.3,0.0
24.140000581741333,4.791268185749709,34.70564870553092,-1.0237063065926062,0.0,-10,0.3,0.0
24.15000033378601,4.791268185749709,34.70564870553092,-1.0237063065926062,0.0,-10,0.3,0.0
24.160000801086426,5.8355744095761395,36.23331207765098,-1.0716097169639978,0.009766567512347722,-10,0.3,0.0
24.170000314712524,5.8355744095761395,36.23331207765098,-1.0716097169639978,0.009766567512347722,-10,0.3,0.0
24.18000054359436,6.950839056398866,37.58119248114428,-1.1051194526464705,0.025208094985965185,-10,0.3,0.0
24.190000534057617,6.950839056398866,37.58119248114428,-1.1051194526464705,0.025208094985965185,-10,0.3,0.0
24.200000524520874,8.26395920199119,38.84945638503043,-1.12221120118872,0.047178321147027864,-10,0.3,0.0
24.21000051498413,8.26395920199119,38.84945638503043,-1.12221120118872,0.047178321147027864,-10,0.3,0.0
24.220000505447388,9.993221118990586,40.26759546611749,-1.111720636307899,0.10852504901440616,-10,0.3,0.0
24.230000495910645,9.993221118990586,40.26759546611749,-1.111720636307899,0.10852504901440616,-10,0.3,0.0
24.2400004863739,11.607429951679816,41.87206422392909,-1.0646420763801072,0.14681164046218032,-10,0.3,0.0
24.250000715255737,11.607429951679816,41.87206422392909,-1.0646420763801072,0.14681164046218032,-10,0.3,0.0
24.260000705718994,12.889346856415623,43.29275750942227,-1.0296448666803868,0.23588650273954542,-10,0.3,0.0
24.27000117301941,12.889346856415623,43.29275750942227,-1.0296448666803868,0.23588650273954542,-10,0.3,0.0
24.280000686645508,13.970723422134323,44.39202661865864,-0.9880695607216169,0.2855848633105949,-10,0.3,0.0
24.290000677108765,13.970723422134323,44.39202661865864,-0.9880695607216169,0.2855848633105949,-10,0.3,0.0
24.30000066757202,14.917786881127364,45.37534760653726,-0.9407115511774231,0.33799723666419484,-10,0.3,0.0
24.31000065803528,14.917786881127364,45.37534760653726,-0.9407115511774231,0.33799723666419484,-10,0.3,0.0
24.320000410079956,16.024888270211413,46.575332168866325,-0.8318289920272647,0.39257866767107424,-10,0.3,0.0
24.330000638961792,16.024888270211413,46.575332168866325,-0.8318289920272647,0.39257866767107424,-10,0.3,0.0
24.34000062942505,17.30969385409265,48.056115558811044,-0.7718952277685502,0.5060688821275886,-10,0.3,0.0
24.350000858306885,17.30969385409265,48.056115558811044,-0.7718952277685502,0.5060688821275886,-10,0.3,0.0
24.360000610351562,18.70085652606628,49.796443211465984,-0.7093603306189131,0.5638877553186831,-10,0.3,0.0
24.37000060081482,18.70085652606628,49.796443211465984,-0.7093603306189131,0.5638877553186831,-10,0.3,0.0
24.380000829696655,20.038670317593294,51.62127266368432,-0.5796687083413706,0.6789482579801916,-10,0.3,0.0
24.390000581741333,20.038670317593294,51.62127266368432,-0.5796687083413706,0.6789482579801916,-10,0.3,0.0
24.400001049041748,21.169309504882193,53.31766321726698,-0.5141027685607159,0.7896060681523228,-10,0.3,0.0
24.410000562667847,21.169309504882193,53.31766321726698,-0.5141027685607159,0.7896060681523228,-10,0.3,0.0
24.42000102996826,22.21307403726205,54.774539192727154,-0.4491172665836392,0.8419215757316945,-10,0.3,0.0
24.43000054359436,22.21307403726205,54.774539192727154,-0.4491172665836392,0.8419215757316945,-10,0.3,0.0
24.440000772476196,23.22430947779507,56.18968279820141,-0.3855075950837657,0.9378010202306981,-10,0.3,0.0
24.450000524520874,23.22430947779507,56.18968279820141,-0.3855075950837657,0.9378010202306981,-10,0.3,0.0
24.46000051498413,24.279484128601066,57.690711086556966,-0.324069146734721,0.9802750468917882,-10,0.3,0.0
24.470000505447388,24.279484128601066,57.690711086556966,-0.324069146734721,0.9802750468917882,-10,0.3,0.0
24.480000734329224,25.214161254119073,59.25422303269472,-0.2655973142101297,1.0515669333907922,-10,0.3,0.0
24.4900004863739,25.214161254119073,59.25422303269472,-0.2655973142101297,1.0515669333907922,-10,0.3,0.0
24.500000715255737,26.130770478901205,60.88424280878677,-0.21088749018361777,1.0792948829701638,-10,0.3,0.0
24.510001182556152,26.130770478901205,60.88424280878677,-0.21088749018361777,1.0792948829701638,-10,0.3,0.0
24.52000069618225,27.028346848113653,62.395048979327704,-0.16073506732881002,1.1161900191422955,-10,0.3,0.0
24.530000925064087,27.028346848113653,62.395048979327704,-0.16073506732881002,1.1161900191422955,-10,0.3,0.0
24.540000915527344,27.99375203955391,63.75337860553704,-0.16073506732881002,1.1242672954765134,-10,0.3,0.0
24.55000066757202,27.99375203955391,63.75337860553704,-0.16073506732881002,1.1242672954765134,-10,0.3,0.0
24.56000065803528,28.96352457534021,65.00364908248397,-0.11593543831933231,1.1105559695066554,-10,0.3,0.0
24.570000410079956,28.96352457534021,65.00364908248397,-0.11593543831933231,1.1105559695066554,-10,0.3,0.0
24.580000638961792,29.877264221596196,66.19297376988762,-0.07728399582880847,1.0840758213583597,-10,0.3,0.0
24.59000062942505,29.877264221596196,66.19297376988762,-0.07728399582880847,1.0840758213583597,-10,0.3,0.0
24.600000619888306,30.72662234438322,67.45779420758431,-0.045576132530865364,1.0460189349309337,-10,0.3,0.0
24.610000610351562,30.72662234438322,67.45779420758431,-0.045576132530865364,1.0460189349309337,-10,0.3,0.0
24.6200008392334,31.571499308817447,68.7122161654591,-0.021607241099127757,0.9978055946409063,-10,0.3,0.0
24.630000829696655,31.571499308817447,68.7122161654591,-0.021607241099127757,0.9978055946409063,-10,0.3,0.0
24.64000105857849,32.42915162824518,69.85284692705049,-0.006172714207220822,0.9408560849048074,-10,0.3,0.0
24.65000057220459,32.42915162824518,69.85284692705049,-0.006172714207220822,0.9408560849048074,-10,0.3,0.0
24.660000801086426,33.33475159437185,70.93786354800801,-6.794452876866152e-05,0.876590690139166,-10,0.3,0.0
24.670000553131104,33.33475159437185,70.93786354800801,-6.794452876866152e-05,0.876590690139166,-10,0.3,0.0
24.68000078201294,34.363305295528484,72.04280658088142,0.0,0.731793383185373,-10,0.3,0.0
24.690000534057617,34.363305295528484,72.04280658088142,0.0,0.731793383185373,-10,0.3,0.0
24.700000524520874,35.42907052621855,73.18387501872805,0.0013986938554461867,0.6541020398302799,-10,0.3,0.0
24.71000075340271,35.42907052621855,73.18387501872805,0.0013986938554461867,0.6541020398302799,-10,0.3,0.0
24.720000505447388,36.45046265276731,74.25110672307679,0.009766567512347722,0.5747759491117617,-10,0.3,0.0
24.730000495910645,36.45046265276731,74.25110672307679,0.009766567512347722,0.5747759491117617,-10,0.3,0.0
24.74000072479248,37.464852526652045,75.33718342621265,0.025208094985965185,0.49523539544634754,-10,0.3,0.0
24.750000953674316,37.464852526652045,75.33718342621265,0.025208094985965185,0.49523539544634754,-10,0.3,0.0
24.760000705718994,38.52326984090896,76.42247281870576,0.047178321147027864,0.4169006632505669,-10,0.3,0.0
24.77000093460083,38.52326984090896,76.42247281870576,0.047178321147027864,0.4169006632505669,-10,0.3,0.0
24.780000686645508,39.63765771262949,77.52189051518695,0.07513229086626506,0.34119203694094874,-10,0.3,0.0
24.790000438690186,39.63765771262949,77.52189051518695,0.07513229086626506,0.34119203694094874,-10,0.3,0.0
24.80000066757202,40.71525111164706,78.66424445060524,0.10852504901440616,0.2695298009340228,-10,0.3,0.0
24.810000896453857,40.71525111164706,78.66424445060524,0.10852504901440616,0.2695298009340228,-10,0.3,0.0
24.820000886917114,41.79839486242244,79.85141262308142,0.14681164046218032,0.2033342396463181,-10,0.3,0.0
24.830000638961792,41.79839486242244,79.85141262308142,0.14681164046218032,0.2033342396463181,-10,0.3,0.0
24.84000039100647,42.82696655193762,81.05277710187234,0.18944711008031703,0.09302427889469018,-10,0.3,0.0
24.850000619888306,42.82696655193762,81.05277710187234,0.18944711008031703,0.09302427889469018,-10,0.3,0.0
24.860000610351562,43.81934387878347,82.2525256198931,0.23588650273954542,0.051750448263825244,-10,0.3,0.0
24.87000060081482,43.81934387878347,82.2525256198931,0.23588650273954542,0.051750448263825244,-10,0.3,0.0
24.880001068115234,44.93451813455043,83.37739639424461,0.2855848633105949,0.02162443001829868,-10,0.3,0.0
24.890000343322754,44.93451813455043,83.37739639424461,0.2855848633105949,0.02162443001829868,-10,0.3,0.0
24.900001049041748,46.09749172976322,84.44258717169075,0.39257866767107424,0.004066508574640515,-10,0.3,0.0
24.910000801086426,46.09749172976322,84.44258717169075,0.39257866767107424,0.004066508574640515,-10,0.3,0.0
24.920000791549683,47.31649084781796,85.4343172046063,0.4487842012019627,0.0,-10,0.3,0.0
24.93000054359436,47.31649084781796,85.4343172046063,0.4487842012019627,0.0,-10,0.3,0.0
24.940000534057617,48.48077740508459,86.36008175306273,0.5060688821275886,0.0,-10,0.3,0.0
24.950000524520874,48.48077740508459,86.36008175306273,0.5060688821275886,0.0,-10,0.3,0.0
24.96000051498413,49.772303000548554,87.26898203344308,0.5638877553186831,0.0,-10,0.3,0.0
24.970000505447388,49.772303000548554,87.26898203344308,0.5638877553186831,0.0,-10,0.3,0.0
24.980000734329224,51.205261400752214,88.17662848979289,0.6789482579801916,-0.00033807855125633394,-10,0.3,0.0
24.9900004863739,51.205261400752214,88.17662848979289,0.6789482579801916,-0.00033807855125633394,-10,0.3,0.0
25.000000476837158,52.727684701664934,89.10054768519815,0.7350999771920647,-0.01313062863293675,-10,0.3,0.0
25.010000705718994,52.727684701664934,89.10054768519815,0.7350999771920647,-0.01313062863293675,-10,0.3,0.0
25.02000117301941,53.980518436581306,89.93047700717585,0.7896060681523228,-0.01313062863293675,-10,0.3,0.0
25.030000925064087,53.980518436581306,89.93047700717585,0.7896060681523228,-0.01313062863293675,-10,0.3,0.0
25.040000677108765,55.20545315914263,90.7151667383046,0.8915015448009102,-0.04290650160363536,-10,0.3,0.0
25.05000066757202,55.20545315914263,90.7151667383046,0.8915015448009102,-0.04290650160363536,-10,0.3,0.0
25.060000896453857,57.1469315002271,91.84050125798261,0.9802750468917882,-0.08757389762482297,-10,0.3,0.0
25.070000648498535,57.1469315002271,91.84050125798261,0.9802750468917882,-0.08757389762482297,-10,0.3,0.0
25.08000087738037,59.06048199990192,93.13706534694674,1.0515669333907922,-0.2132160594645487,-10,0.3,0.0
25.09000062942505,59.06048199990192,93.13706534694674,1.0515669333907922,-0.2132160594645487,-10,0.3,0.0
25.100001335144043,61.26779905778286,94.66796124993357,1.1010175632637553,-0.2900072256060285,-10,0.3,0.0
25.11000084877014,61.26779905778286,94.66796124993357,1.1010175632637553,-0.2900072256060285,-10,0.3,0.0
25.1200008392334,63.41269800101528,96.34548390963428,1.1242672954765134,-0.46107072913957486,-10,0.3,0.0
25.130000591278076,63.41269800101528,96.34548390963428,1.1242672954765134,-0.46107072913957486,-10,0.3,0.0
25.140000820159912,65.70293848758554,98.17056698171362,1.1105559695066554,-0.6414971287503789,-10,0.3,0.0
25.15000081062317,65.70293848758554,98.17056698171362,1.1105559695066554,-0.6414971287503789,-10,0.3,0.0
25.160001039505005,68.17341025476857,0.10104148142577529,0.9978055946409063,-0.7299919149884294,-10,0.3,0.0
25.170000791549683,68.17341025476857,0.10104148142577529,0.9978055946409063,-0.7299919149884294,-10,0.3,0.0
25.18000054359436,70.25323198638979,1.6942480163122338,0.876590690139166,-0.8145520257302065,-10,0.3,0.0
25.190000534057617,70.25323198638979,1.6942480163122338,0.876590690139166,-0.8145520257302065,-10,0.3,0.0
25.200000524520874,72.63572320873872,3.381295304884861,0.731793383185373,-0.9635010213708239,-10,0.3,0.0
25.21000051498413,72.63572320873872,3.381295304884861,0.731793383185373,-0.9635010213708239,-10,0.3,0.0
25.220000505447388,74.91879041760325,5.170252236291529,0.5747759491117617,-1.0716097169639978,-10,0.3,0.0
25.230000734329224,74.91879041760325,5.170252236291529,0.5747759491117617,-1.0716097169639978,-10,0.3,0.0
25.2400004863739,76.93683216588742,6.666895890876343,0.4169006632505669,-1.1051194526464705,-10,0.3,0.0
25.250000715255737,76.93683216588742,6.666895890876343,0.4169006632505669,-1.1051194526464705,-10,0.3,0.0
25.260000705718994,78.69014115565204,7.7282006402515675,0.2695298009340228,-1.1221437138014954,-10,0.3,0.0
25.27000093460083,78.69014115565204,7.7282006402515675,0.2695298009340228,-1.1221437138014954,-10,0.3,0.0
25.280000925064087,80.34006803585892,8.83994804042523,0.14402563749436434,-1.12221120118872,-10,0.3,0.0
25.290000677108765,80.34006803585892,8.83994804042523,0.14402563749436434,-1.12221120118872,-10,0.3,0.0
25.3000009059906,81.96273377646482,10.091660802564315,0.09302427889469018,-1.0922657971471528,-10,0.3,0.0
25.31000065803528,81.96273377646482,10.091660802564315,0.09302427889469018,-1.0922657971471528,-10,0.3,0.0
25.320000648498535,83.61040854574507,11.596863027506117,0.02162443001829868,-1.0646420763801072,-10,0.3,0.0
25.33000087738037,83.61040854574507,11.596863027506117,0.02162443001829868,-1.0646420763801072,-10,0.3,0.0
25.34000062942505,85.24590197525728,13.34011672074176,0.0,-0.9880695607216169,-10,0.3,0.0
25.350000619888306,85.24590197525728,13.34011672074176,0.0,-0.9880695607216169,-10,0.3,0.0
25.360000610351562,86.93024354872651,15.072831078389834,0.0,-0.8883662307214307,-10,0.3,0.0
25.37000036239624,86.93024354872651,15.072831078389834,0.0,-0.8883662307214307,-10,0.3,0.0
25.380001068115234,88.73636644502449,16.528725320865544,-0.00033807855125633394,-0.8318289920272647,-10,0.3,0.0
25.390000581741333,88.73636644502449,16.528725320865544,-0.00033807855125633394,-0.8318289920272647,-10,0.3,0.0
25.40000081062317,90.63089810997114,17.907990029171188,-0.04290650160363536,-0.7718952277685502,-10,0.3,0.0
25.410000562667847,90.63089810997114,17.907990029171188,-0.04290650160363536,-0.7718952277685502,-10,0.3,0.0
25.42000102996826,92.51200330791973,19.414012301010303,-0.14504101685797047,-0.645019693251978,-10,0.3,0.0
25.43000054359436,92.51200330791973,19.414012301010303,-0.14504101685797047,-0.645019693251978,-10,0.3,0.0
25.440000295639038,94.47763039286366,21.01373466749737,-0.2900072256060285,-0.5141027685607159,-10,0.3,0.0
25.450000524520874,94.47763039286366,21.01373466749737,-0.2900072256060285,-0.5141027685607159,-10,0.3,0.0
25.46000027656555,96.17959519535655,22.748455567973274,-0.46107072913957486,-0.4491172665836392,-10,0.3,0.0
25.470000505447388,96.17959519535655,22.748455567973274,-0.46107072913957486,-0.4491172665836392,-10,0.3,0.0
25.480000495910645,97.89143956021042,24.561479899135623,-0.5511594668545844,-0.324069146734721,-10,0.3,0.0
25.49000096321106,97.89143956021042,24.561479899135623,-0.5511594668545844,-0.324069146734721,-10,0.3,0.0
25.500000476837158,99.46896265237784,26.414570796618115,-0.7299919149884293,-0.21088749018361777,-10,0.3,0.0
25.510000944137573,99.46896265237784,26.414570796618115,-0.7299919149884293,-0.21088749018361777,-10,0.3,0.0
25.52000069618225,0.9373296757682739,28.313964059097902,-0.7299919149884294,-0.11593543831933231,-10,0.3,0.0
25.530000925064087,0.9373296757682739,28.313964059097902,-0.7299919149884294,-0.11593543831933231,-10,0.3,0.0
25.540000677108765,2.397282471005538,30.19537552817191,-0.893085661137181,-0.045576132530865364,-10,0.3,0.0
25.55009412765503,2.397282471005538,30.19537552817191,-0.893085661137181,-0.045576132530865364,-10,0.3,0.0
25.56000065803528,3.8553595893767403,32.0210880985139,-0.9635010213708239,-0.006172714207220822,-10,0.3,0.0
25.570000648498535,3.8553595893767403,32.0210880985139,-0.9635010213708239,-0.006172714207220822,-10,0.3,0.0
25.580000400543213,3.8553595893767403,32.0210880985139,-0.9635010213708239,-0.006172714207220822,-10,0.3,0.0
25.590000867843628,5.099994291322082,33.73704225844115,-1.0716097169639978,-6.794452876866152e-05,-10,0.3,0.0
25.600001096725464,5.620347766421048,34.51455936709196,-1.0716097169639978,0.0,-10,0.3,0.0
25.610117435455322,5.620347766421048,34.51455936709196,-1.0716097169639978,0.0,-10,0.3,0.0
25.620001077651978,7.196012999124876,36.71543576770635,-1.1221437138014954,0.009766567512347722,-10,0.3,0.0
25.630000829696655,7.196012999124876,36.71543576770635,-1.1221437138014954,0.009766567512347722,-10,0.3,0.0
25.640000820159912,8.398512220777556,38.12626038357096,-1.12221120118872,0.047178321147027864,-10,0.3,0.0
25.65000033378601,8.398512220777556,38.12626038357096,-1.12221120118872,0.047178321147027864,-10,0.3,0.0
25.660001039505005,9.80468397965987,39.633210801368676,-1.111720636307899,0.07513229086626506,-10,0.3,0.0
25.670000791549683,9.80468397965987,39.633210801368676,-1.111720636307899,0.07513229086626506,-10,0.3,0.0
25.68000030517578,11.360948013013502,41.190506060262436,-1.0646420763801072,0.14681164046218032,-10,0.3,0.0
25.690000534057617,11.360948013013502,41.190506060262436,-1.0646420763801072,0.14681164046218032,-10,0.3,0.0
25.700000524520874,12.723634336702702,42.63286127499868,-1.0296448666803868,0.18944711008031703,-10,0.3,0.0
25.71000027656555,12.723634336702702,42.63286127499868,-1.0296448666803868,0.18944711008031703,-10,0.3,0.0
25.72000026702881,13.781534611198923,43.79611752300858,-0.9880695607216169,0.23588650273954542,-10,0.3,0.0
25.730000734329224,13.781534611198923,43.79611752300858,-0.9880695607216169,0.23588650273954542,-10,0.3,0.0
25.740000247955322,14.604161671329695,44.70775648387896,-0.9407115511774231,0.2855848633105949,-10,0.3,0.0
25.750000715255737,14.604161671329695,44.70775648387896,-0.9407115511774231,0.2855848633105949,-10,0.3,0.0
25.760000944137573,14.604161671329695,44.70775648387896,-0.9407115511774231,0.2855848633105949,-10,0.3,0.0
25.77000093460083,15.3067722462767,45.6039644236292,-0.8883662307214307,0.33799723666419484,-10,0.3,0.0
25.780000686645508,15.68309038640286,46.09125896716958,-0.8883662307214307,0.39257866767107424,-10,0.3,0.0
25.790000677108765,15.68309038640286,46.09125896716958,-0.8883662307214307,0.39257866767107424,-10,0.3,0.0
25.80000066757202,16.8770872323439,47.622221032434034,-0.8318289920272647,0.4487842012019627,-10,0.3,0.0
25.81000065803528,16.8770872323439,47.622221032434034,-0.8318289920272647,0.4487842012019627,-10,0.3,0.0
25.820000648498535,16.8770872323439,47.622221032434034,-0.8318289920272647,0.4487842012019627,-10,0.3,0.0
25.830000638961792,17.82179597146762,48.77764954293577,-0.7718952277685502,0.5060688821275886,-10,0.3,0.0
25.840000867843628,18.3315697280077,49.40670245975715,-0.7093603306189131,0.5638877553186831,-10,0.3,0.0
25.850000619888306,18.3315697280077,49.40670245975715,-0.7093603306189131,0.5638877553186831,-10,0.3,0.0
25.86000108718872,19.99209606548477,51.45209430272125,-0.645019693251978,0.6789482579801916,-10,0.3,0.0
25.87000060081482,19.99209606548477,51.45209430272125,-0.645019693251978,0.6789482579801916,-10,0.3,0.0
25.880001068115234,21.098463521594965,53.07640876665736,-0.5141027685607159,0.7896060681523228,-10,0.3,0.0
25.890000581741333,21.098463521594965,53.07640876665736,-0.5141027685607159,0.7896060681523228,-10,0.3,0.0
25.90000081062317,22.18947543870737,54.907280754643104,-0.4491172665836392,0.8419215757316945,-10,0.3,0.0
25.910000562667847,22.18947543870737,54.907280754643104,-0.4491172665836392,0.8419215757316945,-10,0.3,0.0
25.920000791549683,23.238024179552642,56.539961084569136,-0.3855075950837657,0.9378010202306981,-10,0.3,0.0
25.93000054359436,23.238024179552642,56.539961084569136,-0.3855075950837657,0.9378010202306981,-10,0.3,0.0
25.940000534057617,24.257882006582058,57.90980826067381,-0.324069146734721,0.9802750468917882,-10,0.3,0.0
25.950000762939453,24.257882006582058,57.90980826067381,-0.324069146734721,0.9802750468917882,-10,0.3,0.0
25.96000051498413,24.257882006582058,57.90980826067381,-0.324069146734721,0.9802750468917882,-10,0.3,0.0
25.970000505447388,25.194038207759217,59.16136125280106,-0.2655973142101297,1.0515669333907922,-10,0.3,0.0
25.980000734329224,25.661425937946227,59.79001296723547,-0.2655973142101297,1.0515669333907922,-10,0.3,0.0
25.9900004863739,25.661425937946227,59.79001296723547,-0.2655973142101297,1.0515669333907922,-10,0.3,0.0
26.000000476837158,27.094983138380023,61.8792260631475,-0.16073506732881002,1.1010175632637553,-10,0.3,0.0
26.010001182556152,27.094983138380023,61.8792260631475,-0.16073506732881002,1.1010175632637553,-10,0.3,0.0
26.02000093460083,27.094983138380023,61.8792260631475,-0.16073506732881002,1.1010175632637553,-10,0.3,0.0
26.030000925064087,28.03381397108808,63.2741247916181,-0.11593543831933231,1.1242672954765134,-10,0.3,0.0
26.040000915527344,28.52427031587524,63.903758711733126,-0.11593543831933231,1.1242672954765134,-10,0.3,0.0
26.0500009059906,28.52427031587524,63.903758711733126,-0.11593543831933231,1.1242672954765134,-10,0.3,0.0
26.060000896453857,29.92200102723545,65.67366194587629,-0.07728399582880847,1.1105559695066554,-10,0.3,0.0
26.070000648498535,29.92200102723545,65.67366194587629,-0.07728399582880847,1.1105559695066554,-10,0.3,0.0
26.080000638961792,29.92200102723545,65.67366194587629,-0.07728399582880847,1.1105559695066554,-10,0.3,0.0
26.09000062942505,30.832969310738413,66.8439279061753,-0.045576132530865364,1.0840758213583597,-10,0.3,0.0
26.100001096725464,34.951785636187104,67.45647607184462,0.0,1.0460189349309337,-10,0.3,0.0
26.110000610351562,34.951785636187104,67.45647607184462,0.0,1.0460189349309337,-10,0.3,0.0
26.1200008392334,37.33300708431447,69.25525497440182,0.025208094985965185,0.9408560849048074,-10,0.3,0.0
26.130000591278076,37.33300708431447,69.25525497440182,0.025208094985965185,0.9408560849048074,-10,0.3,0.0
26.14000105857849,39.03944900395775,70.54139259122448,0.07513229086626506,0.876590690139166,-10,0.3,0.0
26.15000057220459,39.03944900395775,70.54139259122448,0.07513229086626506,0.876590690139166,-10,0.3,0.0
26.160001039505005,40.655986230394184,71.85427235892529,0.10852504901440616,0.8064296947605115,-10,0.3,0.0
26.170000791549683,40.655986230394184,71.85427235892529,0.10852504901440616,0.8064296947605115,-10,0.3,0.0
26.18000078201294,42.28202620380383,73.13119920957618,0.18944711008031703,0.6541020398302799,-10,0.3,0.0
26.190001010894775,42.28202620380383,73.13119920957618,0.18944711008031703,0.6541020398302799,-10,0.3,0.0
26.200000524520874,43.894210197860914,74.32955275231366,0.23588650273954542,0.5747759491117617,-10,0.3,0.0
26.21000075340271,43.894210197860914,74.32955275231366,0.23588650273954542,0.5747759491117617,-10,0.3,0.0
26.220000743865967,45.546940405177956,75.4948039242046,0.33799723666419484,0.49523539544634754,-10,0.3,0.0
26.230000495910645,45.546940405177956,75.4948039242046,0.33799723666419484,0.49523539544634754,-10,0.3,0.0
26.2400004863739,47.25887499747124,76.66103640732842,0.4487842012019627,0.4169006632505669,-10,0.3,0.0
26.250000715255737,47.25887499747124,76.66103640732842,0.4487842012019627,0.4169006632505669,-10,0.3,0.0
26.260000944137573,48.880129143330024,77.90118505009455,0.5060688821275886,0.34119203694094874,-10,0.3,0.0
26.27000069618225,48.880129143330024,77.90118505009455,0.5060688821275886,0.34119203694094874,-10,0.3,0.0
26.280000686645508,50.29096242812857,79.22602628430634,0.6216958656459743,0.2033342396463181,-10,0.3,0.0
26.290000677108765,50.29096242812857,79.22602628430634,0.6216958656459743,0.2033342396463181,-10,0.3,0.0
26.300000429153442,51.67406108405576,80.55804890140502,0.6789482579801916,0.14402563749436434,-10,0.3,0.0
26.31000065803528,51.67406108405576,80.55804890140502,0.6789482579801916,0.14402563749436434,-10,0.3,0.0
26.320000648498535,53.09162938885419,81.9355555106427,0.7896060681523228,0.09302427889469018,-10,0.3,0.0
26.330000638961792,53.09162938885419,81.9355555106427,0.7896060681523228,0.09302427889469018,-10,0.3,0.0
26.340000867843628,54.75351026315652,83.23769926127927,0.8419215757316945,0.02162443001829868,-10,0.3,0.0
26.350000619888306,54.75351026315652,83.23769926127927,0.8419215757316945,0.02162443001829868,-10,0.3,0.0
26.360000610351562,56.63491093867232,84.57972230844592,0.9378010202306981,0.004066508574640515,-10,0.3,0.0
26.3700008392334,56.63491093867232,84.57972230844592,0.9378010202306981,0.004066508574640515,-10,0.3,0.0
26.380000829696655,58.755493361488575,86.03917451229206,1.01837866965491,0.0,-10,0.3,0.0
26.390000343322754,58.755493361488575,86.03917451229206,1.01837866965491,0.0,-10,0.3,0.0
26.40000081062317,61.12930907468201,87.6464527539885,1.1010175632637553,0.0,-10,0.3,0.0
26.410000801086426,61.12930907468201,87.6464527539885,1.1010175632637553,0.0,-10,0.3,0.0
26.420000791549683,63.64727100148564,89.67386966813272,1.1242672954765134,-0.01313062863293675,-10,0.3,0.0
26.43000078201294,63.64727100148564,89.67386966813272,1.1242672954765134,-0.01313062863293675,-10,0.3,0.0
26.440000534057617,66.21707918495558,92.01555392546999,1.0840758213583597,-0.14504101685797047,-10,0.3,0.0
26.450000524520874,66.21707918495558,92.01555392546999,1.0840758213583597,-0.14504101685797047,-10,0.3,0.0
26.46000075340271,68.64728041791751,94.85420671249962,0.9978055946409063,-0.2900072256060285,-10,0.3,0.0
26.470000505447388,68.64728041791751,94.85420671249962,0.9978055946409063,-0.2900072256060285,-10,0.3,0.0
26.480009078979492,68.64728041791751,94.85420671249962,0.9978055946409063,-0.2900072256060285,-10,0.3,0.0
26.49000096321106,70.82447816504265,97.93611810987848,0.876590690139166,-0.5511594668545844,-10,0.3,0.0
26.500000476837158,71.78970895014916,99.36355733661718,0.8064296947605115,-0.7299919149884293,-10,0.3,0.0
26.510001182556152,71.78970895014916,99.36355733661718,0.8064296947605115,-0.7299919149884293,-10,0.3,0.0
26.52000093460083,74.12884120141626,2.594369949096166,0.5747759491117617,-0.893085661137181,-10,0.3,0.0
26.530000925064087,74.12884120141626,2.594369949096166,0.5747759491117617,-0.893085661137181,-10,0.3,0.0
26.540000915527344,75.2169605505195,3.9893917740391123,0.49523539544634754,-0.9635010213708239,-10,0.3,0.0
26.5500009059906,75.2169605505195,3.9893917740391123,0.49523539544634754,-0.9635010213708239,-10,0.3,0.0
26.560000896453857,75.97142832796922,4.940477725950367,0.49523539544634754,-1.0237063065926062,-10,0.3,0.0
26.570000648498535,75.97142832796922,4.940477725950367,0.49523539544634754,-1.0237063065926062,-10,0.3,0.0
26.580000638961792,76.71950143481251,5.970918778812241,0.4169006632505669,-1.0716097169639978,-10,0.3,0.0
26.590000867843628,76.71950143481251,5.970918778812241,0.4169006632505669,-1.0716097169639978,-10,0.3,0.0
26.600000619888306,76.71950143481251,5.970918778812241,0.4169006632505669,-1.0716097169639978,-10,0.3,0.0
26.610000371932983,77.61110557833571,7.334862964651445,0.34119203694094874,-1.1221437138014954,-10,0.3,0.0
26.62000036239624,78.06641135597373,8.090077010249304,0.2695298009340228,-1.12221120118872,-10,0.3,0.0
26.630000829696655,78.06641135597373,8.090077010249304,0.2695298009340228,-1.12221120118872,-10,0.3,0.0
26.64000105857849,79.48390136601726,10.721204785536544,0.2033342396463181,-1.0922657971471528,-10,0.3,0.0
26.65000057220459,79.48390136601726,10.721204785536544,0.2033342396463181,-1.0922657971471528,-10,0.3,0.0
26.660001039505005,80.44074061789229,12.570272363269957,0.14402563749436434,-1.0296448666803868,-10,0.3,0.0
26.670000553131104,80.44074061789229,12.570272363269957,0.14402563749436434,-1.0296448666803868,-10,0.3,0.0
26.68000078201294,81.42622095988162,14.349566156141341,0.09302427889469018,-0.9407115511774231,-10,0.3,0.0
26.690000295639038,81.42622095988162,14.349566156141341,0.09302427889469018,-0.9407115511774231,-10,0.3,0.0
26.700000762939453,81.42622095988162,14.349566156141341,0.09302427889469018,-0.9407115511774231,-10,0.3,0.0
26.71000075340271,82.4381897446842,15.860171837037267,0.051750448263825244,-0.8883662307214307,-10,0.3,0.0
26.720000505447388,82.93973730533575,16.54100967568365,0.051750448263825244,-0.8318289920272647,-10,0.3,0.0
26.730000734329224,82.93973730533575,16.54100967568365,0.051750448263825244,-0.8318289920272647,-10,0.3,0.0
26.740000247955322,84.4763439910227,18.496272081350973,0.004066508574640515,-0.7093603306189131,-10,0.3,0.0
26.750000715255737,84.4763439910227,18.496272081350973,0.004066508574640515,-0.7093603306189131,-10,0.3,0.0
26.760000944137573,85.5469633120611,19.87913401018146,0.0,-0.645019693251978,-10,0.3,0.0
26.77000069618225,85.5469633120611,19.87913401018146,0.0,-0.645019693251978,-10,0.3,0.0
26.780000925064087,86.5994122600851,21.348043293879257,0.0,-0.5141027685607159,-10,0.3,0.0
26.790000677108765,86.5994122600851,21.348043293879257,0.0,-0.5141027685607159,-10,0.3,0.0
26.8000009059906,87.61116060619094,22.99838072864872,0.0,-0.4491172665836392,-10,0.3,0.0
26.81000065803528,87.61116060619094,22.99838072864872,0.0,-0.4491172665836392,-10,0.3,0.0
26.820000886917114,87.61116060619094,22.99838072864872,0.0,-0.4491172665836392,-10,0.3,0.0
26.83000087738037,88.61649358717689,24.73366748542991,-0.00033807855125633394,-0.324069146734721,-10,0.3,0.0
26.84000062942505,89.14876829022272,25.61163111419722,-0.01313062863293675,-0.2655973142101297,-10,0.3,0.0
26.850000619888306,89.14876829022272,25.61163111419722,-0.01313062863293675,-0.2655973142101297,-10,0.3,0.0
26.860000610351562,90.98121088047576,28.134644524358055,-0.04290650160363536,-0.11593543831933231,-10,0.3,0.0
26.87000036239624,90.98121088047576,28.134644524358055,-0.04290650160363536,-0.11593543831933231,-10,0.3,0.0
26.880000829696655,92.35534277911987,29.764346378778267,-0.14504101685797047,-0.07728399582880847,-10,0.3,0.0
26.890000581741333,93.06483229693139,30.568683784119816,-0.2132160594645487,-0.045576132530865364,-10,0.3,0.0
26.90000081062317,93.06483229693139,30.568683784119816,-0.2132160594645487,-0.045576132530865364,-10,0.3,0.0
26.910000801086426,93.06483229693139,30.568683784119816,-0.2132160594645487,-0.045576132530865364,-10,0.3,0.0
26.920000791549683,94.35623068748689,32.08667689423745,-0.2900072256060285,-0.006172714207220822,-10,0.3,0.0
26.93000078201294,94.96450822893568,32.76242398714691,-0.2900072256060285,-0.006172714207220822,-10,0.3,0.0
26.940000295639038,94.96450822893568,32.76242398714691,-0.2900072256060285,-0.006172714207220822,-10,0.3,0.0
26.950000286102295,94.96450822893568,32.76242398714691,-0.2900072256060285,-0.006172714207220822,-10,0.3,0.0
26.96000099182129,96.88995257923067,34.735043557919504,-0.46107072913957486,0.0,-10,0.3,0.0
26.970000743865967,97.58416968504848,35.39751395070434,-0.5511594668545844,0.0013986938554461867,-10,0.3,0.0
26.980000734329224,97.58416968504848,35.39751395070434,-0.5511594668545844,0.0013986938554461867,-10,0.3,0.0
26.9900004863739,0.35504433466634816,35.39751395070434,-0.7299919149884294,0.0013986938554461867,-10,0.3,0.0
27.000000476837158,0.35504433466634816,35.39751395070434,-0.7299919149884294,0.0013986938554461867,-10,0.3,0.0
27.010001182556152,2.7341925272561634,36.121575559970445,-0.893085661137181,0.009766567512347722,-10,0.3,0.0
27.02000069618225,2.7341925272561634,36.121575559970445,-0.893085661137181,0.009766567512347722,-10,0.3,0.0
27.030000686645508,5.452183251879564,38.07239299614515,-1.0716097169639978,0.047178321147027864,-10,0.3,0.0
27.040000915527344,5.452183251879564,38.07239299614515,-1.0716097169639978,0.047178321147027864,-10,0.3,0.0
27.05000066757202,8.019050672281764,40.12327096571912,-1.12221120118872,0.10852504901440616,-10,0.3,0.0
27.06000065803528,8.019050672281764,40.12327096571912,-1.12221120118872,0.10852504901440616,-10,0.3,0.0
27.070000648498535,10.18289041417589,42.033692826782755,-1.0922657971471528,0.18944711008031703,-10,0.3,0.0
27.080000638961792,10.18289041417589,42.033692826782755,-1.0922657971471528,0.18944711008031703,-10,0.3,0.0
27.09000062942505,11.995316333715902,43.66427190664504,-1.0646420763801072,0.23588650273954542,-10,0.3,0.0
27.100000381469727,11.995316333715902,43.66427190664504,-1.0646420763801072,0.23588650273954542,-10,0.3,0.0
27.110000371932983,13.683400765684464,45.249726758362236,-0.9880695607216169,0.33799723666419484,-10,0.3,0.0
27.1200008392334,13.683400765684464,45.249726758362236,-0.9880695607216169,0.33799723666419484,-10,0.3,0.0
27.130000829696655,15.267294496715214,46.86834427335906,-0.8883662307214307,0.39257866767107424,-10,0.3,0.0
27.140000820159912,15.267294496715214,46.86834427335906,-0.8883662307214307,0.39257866767107424,-10,0.3,0.0
27.15000081062317,16.82512314308548,48.64308737783075,-0.8318289920272647,0.5060688821275886,-10,0.3,0.0
27.160000801086426,16.82512314308548,48.64308737783075,-0.8318289920272647,0.5060688821275886,-10,0.3,0.0
27.170000553131104,18.421598026820416,50.62963226763154,-0.7093603306189131,0.6216958656459743,-10,0.3,0.0
27.18000054359436,18.421598026820416,50.62963226763154,-0.7093603306189131,0.6216958656459743,-10,0.3,0.0
27.190000534057617,20.30607280425521,52.879612997003136,-0.5796687083413706,0.7350999771920647,-10,0.3,0.0
27.200000762939453,20.30607280425521,52.879612997003136,-0.5796687083413706,0.7350999771920647,-10,0.3,0.0
27.21000075340271,22.38904216180659,55.50174826745263,-0.4491172665836392,0.8915015448009102,-10,0.3,0.0
27.220000743865967,22.38904216180659,55.50174826745263,-0.4491172665836392,0.8915015448009102,-10,0.3,0.0
27.230000734329224,24.355443345218365,57.75403941184189,-0.324069146734721,0.9802750468917882,-10,0.3,0.0
27.24000072479248,24.355443345218365,57.75403941184189,-0.324069146734721,0.9802750468917882,-10,0.3,0.0
27.250000715255737,26.072930640259557,59.71277332957572,-0.21088749018361777,1.0515669333907922,-10,0.3,0.0
27.260000705718994,26.072930640259557,59.71277332957572,-0.21088749018361777,1.0515669333907922,-10,0.3,0.0
27.27000093460083,27.64104442430734,61.83223371798905,-0.16073506732881002,1.1010175632637553,-10,0.3,0.0
27.280000686645508,27.64104442430734,61.83223371798905,-0.16073506732881002,1.1010175632637553,-10,0.3,0.0
27.290000677108765,29.203168924567446,64.0316028043643,-0.07728399582880847,1.1240390949592913,-10,0.3,0.0
27.30000066757202,29.203168924567446,64.0316028043643,-0.07728399582880847,1.1240390949592913,-10,0.3,0.0
27.310000896453857,30.736198359546464,66.05036655729836,-0.045576132530865364,1.0840758213583597,-10,0.3,0.0
27.320000648498535,30.736198359546464,66.05036655729836,-0.045576132530865364,1.0840758213583597,-10,0.3,0.0
27.330000638961792,32.261537727118686,67.8742113797521,-0.006172714207220822,1.0460189349309337,-10,0.3,0.0
27.34000062942505,32.261537727118686,67.8742113797521,-0.006172714207220822,1.0460189349309337,-10,0.3,0.0
27.350000619888306,33.809278540249416,69.63154460231038,-6.794452876866152e-05,0.9408560849048074,-10,0.3,0.0
27.36000108718872,33.809278540249416,69.63154460231038,-6.794452876866152e-05,0.9408560849048074,-10,0.3,0.0
27.3700008392334,35.37648418749326,71.26397426180671,0.0013986938554461867,0.8064296947605115,-10,0.3,0.0
27.380000829696655,35.37648418749326,71.26397426180671,0.0013986938554461867,0.8064296947605115,-10,0.3,0.0
27.390000820159912,37.02278815707913,72.60956230072809,0.025208094985965185,0.731793383185373,-10,0.3,0.0
27.40000081062317,37.02278815707913,72.60956230072809,0.025208094985965185,0.731793383185373,-10,0.3,0.0
27.410000562667847,38.6804365883765,73.90567773480382,0.047178321147027864,0.6541020398302799,-10,0.3,0.0
27.420000553131104,38.6804365883765,73.90567773480382,0.047178321147027864,0.6541020398302799,-10,0.3,0.0
27.43000054359436,40.251588103835765,75.29278787592305,0.10852504901440616,0.49523539544634754,-10,0.3,0.0
27.440000534057617,40.251588103835765,75.29278787592305,0.10852504901440616,0.49523539544634754,-10,0.3,0.0
27.450000524520874,41.71597841921839,76.65495824648534,0.14681164046218032,0.4169006632505669,-10,0.3,0.0
27.46000051498413,41.71597841921839,76.65495824648534,0.14681164046218032,0.4169006632505669,-10,0.3,0.0
27.470000505447388,43.118918160196614,77.929385495788,0.23588650273954542,0.34119203694094874,-10,0.3,0.0
27.480000495910645,43.118918160196614,77.929385495788,0.23588650273954542,0.34119203694094874,-10,0.3,0.0
27.4900004863739,44.43344917023506,79.09795748058234,0.2855848633105949,0.2033342396463181,-10,0.3,0.0
27.500000476837158,44.43344917023506,79.09795748058234,0.2855848633105949,0.2033342396463181,-10,0.3,0.0
27.510000944137573,45.74305799433158,80.26461020196061,0.33799723666419484,0.14402563749436434,-10,0.3,0.0
27.520000457763672,45.74305799433158,80.26461020196061,0.33799723666419484,0.14402563749436434,-10,0.3,0.0
27.530000925064087,47.066914860150575,81.39142781272142,0.4487842012019627,0.09302427889469018,-10,0.3,0.0
27.540000915527344,47.066914860150575,81.39142781272142,0.4487842012019627,0.09302427889469018,-10,0.3,0.0
27.55000066757202,48.32405381340422,82.4390990109056,0.5060688821275886,0.051750448263825244,-10,0.3,0.0
27.560000896453857,48.32405381340422,82.4390990109056,0.5060688821275886,0.051750448263825244,-10,0.3,0.0
27.570000648498535,49.66397750273728,83.45981624369698,0.5638877553186831,0.02162443001829868,-10,0.3,0.0
27.580000638961792,49.66397750273728,83.45981624369698,0.5638877553186831,0.02162443001829868,-10,0.3,0.0
27.59000062942505,51.31343806805497,84.59767786974142,0.6789482579801916,0.004066508574640515,-10,0.3,0.0
27.600000619888306,51.31343806805497,84.59767786974142,0.6789482579801916,0.004066508574640515,-10,0.3,0.0
27.610000610351562,53.20465843244035,85.9192895391846,0.7896060681523228,0.0,-10,0.3,0.0
27.6200008392334,53.20465843244035,85.9192895391846,0.7896060681523228,0.0,-10,0.3,0.0
27.630000829696655,55.20364178206765,87.2587204993321,0.8915015448009102,0.0,-10,0.3,0.0
27.640000581741333,55.20364178206765,87.2587204993321,0.8915015448009102,0.0,-10,0.3,0.0
27.65000081062317,57.22033921167387,88.49183860753699,0.9802750468917882,-0.00033807855125633394,-10,0.3,0.0
27.660000801086426,57.22033921167387,88.49183860753699,0.9802750468917882,-0.00033807855125633394,-10,0.3,0.0
27.670000553131104,59.041942816640216,89.60319041504847,1.0515669333907922,-0.01313062863293675,-10,0.3,0.0
27.68000054359436,59.041942816640216,89.60319041504847,1.0515669333907922,-0.01313062863293675,-10,0.3,0.0
27.690000534057617,60.66196647736385,90.5807864829265,1.0792948829701638,-0.04290650160363536,-10,0.3,0.0
27.700000524520874,60.66196647736385,90.5807864829265,1.0792948829701638,-0.04290650160363536,-10,0.3,0.0
27.710026264190674,62.06449571528422,91.37082910536472,1.1161900191422955,-0.08757389762482297,-10,0.3,0.0
27.720000743865967,62.06449571528422,91.37082910536472,1.1161900191422955,-0.08757389762482297,-10,0.3,0.0
27.730000495910645,63.47180924025061,92.17304718909608,1.1242672954765134,-0.14504101685797047,-10,0.3,0.0
27.7400004863739,63.47180924025061,92.17304718909608,1.1242672954765134,-0.14504101685797047,-10,0.3,0.0
27.750000953674316,64.92144380885053,93.14523505203567,1.1240390949592913,-0.2132160594645487,-10,0.3,0.0
27.760000944137573,64.92144380885053,93.14523505203567,1.1240390949592913,-0.2132160594645487,-10,0.3,0.0
27.77000093460083,66.35790208644845,94.28777826388405,1.0840758213583597,-0.2900072256060285,-10,0.3,0.0
27.780000925064087,66.35790208644845,94.28777826388405,1.0840758213583597,-0.2900072256060285,-10,0.3,0.0
27.790000915527344,67.6950711284883,95.67412331426719,1.0460189349309337,-0.3733227154438807,-10,0.3,0.0
27.80000066757202,67.6950711284883,95.67412331426719,1.0460189349309337,-0.3733227154438807,-10,0.3,0.0
27.81000065803528,68.98853842093442,97.24079060107394,0.9978055946409063,-0.5511594668545844,-10,0.3,0.0
27.820000648498535,68.98853842093442,97.24079060107394,0.9978055946409063,-0.5511594668545844,-10,0.3,0.0
27.830000638961792,70.23671400264293,98.77849468638199,0.876590690139166,-0.6414971287503789,-10,0.3,0.0
27.840000867843628,70.23671400264293,98.77849468638199,0.876590690139166,-0.6414971287503789,-10,0.3,0.0
27.850000619888306,71.45780503827959,0.42090379435257486,0.8064296947605115,-0.7299919149884294,-10,0.3,0.0
27.860000610351562,71.45780503827959,0.42090379435257486,0.8064296947605115,-0.7299919149884294,-10,0.3,0.0
27.87000060081482,72.60593946981659,2.0571510248958895,0.731793383185373,-0.893085661137181,-10,0.3,0.0
27.880001068115234,72.60593946981659,2.0571510248958895,0.731793383185373,-0.893085661137181,-10,0.3,0.0
27.890000820159912,73.65334469620609,3.5478426439058275,0.6541020398302799,-0.9635010213708239,-10,0.3,0.0
27.90000081062317,73.65334469620609,3.5478426439058275,0.6541020398302799,-0.9635010213708239,-10,0.3,0.0
27.910000562667847,74.68246693424753,4.790289808672869,0.5747759491117617,-1.0237063065926062,-10,0.3,0.0
27.920000791549683,74.68246693424753,4.790289808672869,0.5747759491117617,-1.0237063065926062,-10,0.3,0.0
27.93000054359436,75.65467516873944,5.703930610640845,0.49523539544634754,-1.0716097169639978,-10,0.3,0.0
27.940000534057617,75.65467516873944,5.703930610640845,0.49523539544634754,-1.0716097169639978,-10,0.3,0.0
27.950000524520874,76.58636355903079,6.541464292871289,0.4169006632505669,-1.1051194526464705,-10,0.3,0.0
27.96000051498413,76.58636355903079,6.541464292871289,0.4169006632505669,-1.1051194526464705,-10,0.3,0.0
27.970000505447388,77.54664763519416,7.645968322505943,0.34119203694094874,-1.1221437138014954,-10,0.3,0.0
27.980000495910645,77.54664763519416,7.645968322505943,0.34119203694094874,-1.1221437138014954,-10,0.3,0.0
27.9900004863739,78.57339910437517,8.902964365243516,0.2695298009340228,-1.12221120118872,-10,0.3,0.0
28.000000476837158,78.57339910437517,8.902964365243516,0.2695298009340228,-1.12221120118872,-10,0.3,0.0
28.010000944137573,79.6479052185698,10.121700354980796,0.2033342396463181,-1.0922657971471528,-10,0.3,0.0
28.02000069618225,79.6479052185698,10.121700354980796,0.2033342396463181,-1.0922657971471528,-10,0.3,0.0
28.030000925064087,80.70515687501486,11.406312112472497,0.14402563749436434,-1.0646420763801072,-10,0.3,0.0
28.040000677108765,80.70515687501486,11.406312112472497,0.14402563749436434,-1.0646420763801072,-10,0.3,0.0
28.05000066757202,81.76485676669141,12.783652188453,0.09302427889469018,-1.0296448666803868,-10,0.3,0.0
28.06000065803528,81.76485676669141,12.783652188453,0.09302427889469018,-1.0296448666803868,-10,0.3,0.0
28.070000648498535,82.83974642793987,14.146075320431073,0.051750448263825244,-0.9407115511774231,-10,0.3,0.0
28.080000638961792,82.83974642793987,14.146075320431073,0.051750448263825244,-0.9407115511774231,-10,0.3,0.0
28.090000867843628,83.93686083625511,15.41293286007283,0.02162443001829868,-0.8883662307214307,-10,0.3,0.0
28.100000381469727,83.93686083625511,15.41293286007283,0.02162443001829868,-0.8883662307214307,-10,0.3,0.0
28.110000610351562,85.03686793896784,16.655235425735707,0.0,-0.8318289920272647,-10,0.3,0.0
28.1200008392334,85.03686793896784,16.655235425735707,0.0,-0.8318289920272647,-10,0.3,0.0
28.130000591278076,86.22085876327564,17.95685205531611,0.0,-0.7718952277685502,-10,0.3,0.0
28.14000105857849,86.22085876327564,17.95685205531611,0.0,-0.7718952277685502,-10,0.3,0.0
28.15000057220459,87.48796720738184,19.392547375529197,0.0,-0.645019693251978,-10,0.3,0.0
28.160000562667847,87.48796720738184,19.392547375529197,0.0,-0.645019693251978,-10,0.3,0.0
28.170000553131104,88.82882731534816,20.85638899813439,-0.00033807855125633394,-0.5796687083413706,-10,0.3,0.0
28.18000078201294,88.82882731534816,20.85638899813439,-0.00033807855125633394,-0.5796687083413706,-10,0.3,0.0
28.190000534057617,90.19647146897596,22.38243573332741,-0.04290650160363536,-0.4491172665836392,-10,0.3,0.0
28.200000524520874,90.19647146897596,22.38243573332741,-0.04290650160363536,-0.4491172665836392,-10,0.3,0.0
28.21000075340271,91.61156742428376,23.918570357077613,-0.08757389762482297,-0.3855075950837657,-10,0.3,0.0
28.22000026702881,91.61156742428376,23.918570357077613,-0.08757389762482297,-0.3855075950837657,-10,0.3,0.0
28.230000734329224,93.00057560593001,25.531009430694308,-0.2132160594645487,-0.2655973142101297,-10,0.3,0.0
28.2400004863739,93.00057560593001,25.531009430694308,-0.2132160594645487,-0.2655973142101297,-10,0.3,0.0
28.250000715255737,94.26768132081683,27.103786007725155,-0.2900072256060285,-0.16073506732881002,-10,0.3,0.0
28.260000705718994,94.26768132081683,27.103786007725155,-0.2900072256060285,-0.16073506732881002,-10,0.3,0.0
28.27000093460083,95.44322885688783,28.679669889518827,-0.3733227154438807,-0.11593543831933231,-10,0.3,0.0
28.28000044822693,95.44322885688783,28.679669889518827,-0.3733227154438807,-0.11593543831933231,-10,0.3,0.0
28.290000677108765,96.54589170611398,30.24988402404863,-0.46107072913957486,-0.045576132530865364,-10,0.3,0.0
28.30000066757202,96.54589170611398,30.24988402404863,-0.46107072913957486,-0.045576132530865364,-10,0.3,0.0
28.31000065803528,97.61281775158905,31.64965316955885,-0.5511594668545844,-0.021607241099127757,-10,0.3,0.0
28.320000886917114,97.61281775158905,31.64965316955885,-0.5511594668545844,-0.021607241099127757,-10,0.3,0.0
28.330000638961792,98.72240329329877,32.9519696010401,-0.6414971287503789,-0.006172714207220822,-10,0.3,0.0
28.34000062942505,98.72240329329877,32.9519696010401,-0.6414971287503789,-0.006172714207220822,-10,0.3,0.0
28.350000619888306,0.11000546431108574,34.17722641140914,-0.7299919149884294,0.0,-10,0.3,0.0
28.36000156402588,0.11000546431108574,34.17722641140914,-0.7299919149884294,0.0,-10,0.3,0.0
28.3700008392334,1.6954283407876594,35.469349428621925,-0.8145520257302065,0.0013986938554461867,-10,0.3,0.0
28.380001306533813,1.6954283407876594,35.469349428621925,-0.8145520257302065,0.0013986938554461867,-10,0.3,0.0
28.390000581741333,3.4477098119505984,36.92404227620682,-0.9635010213708239,0.009766567512347722,-10,0.3,0.0
28.40000081062317,3.4477098119505984,36.92404227620682,-0.9635010213708239,0.009766567512347722,-10,0.3,0.0
28.410000562667847,5.492065138162225,38.52690409466599,-1.0716097169639978,0.047178321147027864,-10,0.3,0.0
28.420000791549683,5.492065138162225,38.52690409466599,-1.0716097169639978,0.047178321147027864,-10,0.3,0.0
28.43000054359436,7.641402934581463,40.27611756150572,-1.1221437138014954,0.10852504901440616,-10,0.3,0.0
28.440000534057617,7.641402934581463,40.27611756150572,-1.1221437138014954,0.10852504901440616,-10,0.3,0.0
28.450000524520874,9.91158805951337,42.128883960241325,-1.111720636307899,0.18944711008031703,-10,0.3,0.0
28.46000027656555,9.91158805951337,42.128883960241325,-1.111720636307899,0.18944711008031703,-10,0.3,0.0
28.470000505447388,11.978610219320746,43.86774935808519,-1.0646420763801072,0.23588650273954542,-10,0.3,0.0
28.480000495910645,11.978610219320746,43.86774935808519,-1.0646420763801072,0.23588650273954542,-10,0.3,0.0
28.49000096321106,13.730467385451298,45.425461142343934,-0.9880695607216169,0.33799723666419484,-10,0.3,0.0
28.500000715255737,13.730467385451298,45.425461142343934,-0.9880695607216169,0.33799723666419484,-10,0.3,0.0
28.510001182556152,15.186631514019602,46.88529842383177,-0.8883662307214307,0.39257866767107424,-10,0.3,0.0
28.52000117301941,15.186631514019602,46.88529842383177,-0.8883662307214307,0.39257866767107424,-10,0.3,0.0
28.530001163482666,16.543531262337535,48.4422227273462,-0.8318289920272647,0.5060688821275886,-10,0.3,0.0
28.540000677108765,16.543531262337535,48.4422227273462,-0.8318289920272647,0.5060688821275886,-10,0.3,0.0
28.55000138282776,18.07683449567472,50.19216409969476,-0.7093603306189131,0.6216958656459743,-10,0.3,0.0
28.560001134872437,18.07683449567472,50.19216409969476,-0.7093603306189131,0.6216958656459743,-10,0.3,0.0
28.570000648498535,19.96361086577356,52.11446061194206,-0.645019693251978,0.7350999771920647,-10,0.3,0.0
28.580000638961792,19.96361086577356,52.11446061194206,-0.645019693251978,0.7350999771920647,-10,0.3,0.0
28.590000867843628,22.084637641565784,54.27784136368601,-0.4491172665836392,0.8419215757316945,-10,0.3,0.0
28.600000619888306,22.084637641565784,54.27784136368601,-0.4491172665836392,0.8419215757316945,-10,0.3,0.0
28.61000084877014,24.172646095578614,56.518085460252706,-0.324069146734721,0.9378010202306981,-10,0.3,0.0
28.6200008392334,24.172646095578614,56.518085460252706,-0.324069146734721,0.9378010202306981,-10,0.3,0.0
28.630001068115234,26.125596137754147,58.585921601509526,-0.21088749018361777,1.01837866965491,-10,0.3,0.0
28.640000581741333,26.125596137754147,58.585921601509526,-0.21088749018361777,1.01837866965491,-10,0.3,0.0
28.65000057220459,27.887219742109327,60.53180055851129,-0.16073506732881002,1.0792948829701638,-10,0.3,0.0
28.660000801086426,27.887219742109327,60.53180055851129,-0.16073506732881002,1.0792948829701638,-10,0.3,0.0
28.670000553131104,29.5451752097621,62.38329835742359,-0.07728399582880847,1.1161900191422955,-10,0.3,0.0
28.68000054359436,29.5451752097621,62.38329835742359,-0.07728399582880847,1.1161900191422955,-10,0.3,0.0
28.690000772476196,31.169929336904044,64.03713248989034,-0.021607241099127757,1.1240390949592913,-10,0.3,0.0
28.700000762939453,31.169929336904044,64.03713248989034,-0.021607241099127757,1.1240390949592913,-10,0.3,0.0
28.71000051498413,32.710672211403605,65.62994766057939,-0.006172714207220822,1.1105559695066554,-10,0.3,0.0
28.72000026702881,32.710672211403605,65.62994766057939,-0.006172714207220822,1.1105559695066554,-10,0.3,0.0
28.730000495910645,34.26220891577877,67.23839839677044,0.0,1.0460189349309337,-10,0.3,0.0
28.74000072479248,34.26220891577877,67.23839839677044,0.0,1.0460189349309337,-10,0.3,0.0
28.750000715255737,35.79174403521787,68.77473484367243,0.0013986938554461867,0.9978055946409063,-10,0.3,0.0
28.760000944137573,35.79174403521787,68.77473484367243,0.0013986938554461867,0.9978055946409063,-10,0.3,0.0
28.77000093460083,37.293161538191455,70.24532226498376,0.025208094985965185,0.876590690139166,-10,0.3,0.0
28.780000925064087,37.293161538191455,70.24532226498376,0.025208094985965185,0.876590690139166,-10,0.3,0.0
28.790000438690186,38.81913966098082,71.6146085603156,0.047178321147027864,0.8064296947605115,-10,0.3,0.0
28.80000066757202,38.81913966098082,71.6146085603156,0.047178321147027864,0.8064296947605115,-10,0.3,0.0
28.810000896453857,40.29309901959949,73.01081504705088,0.10852504901440616,0.6541020398302799,-10,0.3,0.0
28.820000648498535,40.29309901959949,73.01081504705088,0.10852504901440616,0.6541020398302799,-10,0.3,0.0
28.830000638961792,41.72887528399812,74.3020930371797,0.14681164046218032,0.5747759491117617,-10,0.3,0.0
28.84000062942505,41.72887528399812,74.3020930371797,0.14681164046218032,0.5747759491117617,-10,0.3,0.0
28.850000619888306,43.18335573742296,75.51416165212656,0.23588650273954542,0.49523539544634754,-10,0.3,0.0
28.860000610351562,43.18335573742296,75.51416165212656,0.23588650273954542,0.49523539544634754,-10,0.3,0.0
28.8700008392334,44.67858799409242,76.74214764403516,0.2855848633105949,0.4169006632505669,-10,0.3,0.0
28.880001068115234,44.67858799409242,76.74214764403516,0.2855848633105949,0.4169006632505669,-10,0.3,0.0
28.890000581741333,46.24828101809218,77.96182302268019,0.39257866767107424,0.34119203694094874,-10,0.3,0.0
28.90000081062317,46.24828101809218,77.96182302268019,0.39257866767107424,0.34119203694094874,-10,0.3,0.0
28.910000801086426,47.737672324726404,79.23860894810527,0.4487842012019627,0.2033342396463181,-10,0.3,0.0
28.920000791549683,47.737672324726404,79.23860894810527,0.4487842012019627,0.2033342396463181,-10,0.3,0.0
28.93000054359436,49.02328478509504,80.51700943830417,0.5638877553186831,0.14402563749436434,-10,0.3,0.0
28.940000534057617,49.02328478509504,80.51700943830417,0.5638877553186831,0.14402563749436434,-10,0.3,0.0
28.950000524520874,50.16568882619408,81.73827738724401,0.6216958656459743,0.09302427889469018,-10,0.3,0.0
28.96000051498413,50.16568882619408,81.73827738724401,0.6216958656459743,0.09302427889469018,-10,0.3,0.0
28.970000505447388,51.22079571521115,83.00634827522121,0.6789482579801916,0.02162443001829868,-10,0.3,0.0
28.980000495910645,51.22079571521115,83.00634827522121,0.6789482579801916,0.02162443001829868,-10,0.3,0.0
28.99000096321106,52.33470491423521,84.316555442973,0.7350999771920647,0.004066508574640515,-10,0.3,0.0
29.000000476837158,52.33470491423521,84.316555442973,0.7350999771920647,0.004066508574640515,-10,0.3,0.0
29.010000705718994,53.59808380789654,85.6285593988314,0.7896060681523228,0.0,-10,0.3,0.0
29.02000069618225,53.59808380789654,85.6285593988314,0.7896060681523228,0.0,-10,0.3,0.0
29.030000925064087,55.02978762799297,86.97051229950519,0.8915015448009102,0.0,-10,0.3,0.0
29.040000677108765,55.02978762799297,86.97051229950519,0.8915015448009102,0.0,-10,0.3,0.0
29.0500009059906,56.587964571166395,88.27274589368128,0.9378010202306981,-0.00033807855125633394,-10,0.3,0.0
29.060000896453857,56.587964571166395,88.27274589368128,0.9378010202306981,-0.00033807855125633394,-10,0.3,0.0
29.070000886917114,58.22136031846489,89.49948350548019,1.01837866965491,-0.01313062863293675,-10,0.3,0.0
29.08000087738037,58.22136031846489,89.49948350548019,1.01837866965491,-0.01313062863293675,-10,0.3,0.0
29.09000062942505,59.90763417738545,90.71863930446253,1.0515669333907922,-0.04290650160363536,-10,0.3,0.0
29.100000619888306,59.90763417738545,90.71863930446253,1.0515669333907922,-0.04290650160363536,-10,0.3,0.0
29.110000610351562,61.588181746838075,91.84692834746431,1.1010175632637553,-0.08757389762482297,-10,0.3,0.0
29.1200008392334,61.588181746838075,91.84692834746431,1.1010175632637553,-0.08757389762482297,-10,0.3,0.0
29.130000829696655,63.650825804267186,93.20984751322513,1.1242672954765134,-0.2132160594645487,-10,0.3,0.0
29.14000105857849,63.650825804267186,93.20984751322513,1.1242672954765134,-0.2132160594645487,-10,0.3,0.0
29.15000057220459,65.99017012617671,95.01430641744916,1.1105559695066554,-0.3733227154438807,-10,0.3,0.0
29.160000801086426,65.99017012617671,95.01430641744916,1.1105559695066554,-0.3733227154438807,-10,0.3,0.0
29.170000553131104,68.16991079796998,97.1797355350003,0.9978055946409063,-0.5511594668545844,-10,0.3,0.0
29.18000054359436,68.16991079796998,97.1797355350003,0.9978055946409063,-0.5511594668545844,-10,0.3,0.0
29.190000772476196,69.8615354920742,99.18763714046281,0.9408560849048074,-0.7299919149884293,-10,0.3,0.0
29.200000524520874,69.8615354920742,99.18763714046281,0.9408560849048074,-0.7299919149884293,-10,0.3,0.0
29.21000051498413,71.21494021007074,0.7754487732000593,0.8064296947605115,-0.7299919149884294,-10,0.3,0.0
29.220000505447388,71.21494021007074,0.7754487732000593,0.8064296947605115,-0.7299919149884294,-10,0.3,0.0
29.230000734329224,72.27022800202916,2.1185917957010796,0.731793383185373,-0.893085661137181,-10,0.3,0.0
29.240000247955322,72.27022800202916,2.1185917957010796,0.731793383185373,-0.893085661137181,-10,0.3,0.0
29.25000023841858,73.42699241285288,4.038010614311335,0.6541020398302799,-1.0237063065926062,-10,0.3,0.0
29.260000467300415,73.42699241285288,4.038010614311335,0.6541020398302799,-1.0237063065926062,-10,0.3,0.0
29.27000117301941,74.51216988559034,5.8826810493770205,0.5747759491117617,-1.0716097169639978,-10,0.3,0.0
29.280000686645508,74.51216988559034,5.8826810493770205,0.5747759491117617,-1.0716097169639978,-10,0.3,0.0
29.290000438690186,75.51129970984381,7.355351825914659,0.49523539544634754,-1.1221437138014954,-10,0.3,0.0
29.30000066757202,75.51129970984381,7.355351825914659,0.49523539544634754,-1.1221437138014954,-10,0.3,0.0
29.31000065803528,76.39814284468045,8.18181826183762,0.4169006632505669,-1.12221120118872,-10,0.3,0.0
29.320000648498535,76.39814284468045,8.18181826183762,0.4169006632505669,-1.12221120118872,-10,0.3,0.0
29.33000087738037,77.20456616558994,8.817496191991193,0.34119203694094874,-1.12221120118872,-10,0.3,0.0
29.34000062942505,77.20456616558994,8.817496191991193,0.34119203694094874,-1.12221120118872,-10,0.3,0.0
29.350000619888306,78.0425064760061,9.58575306645741,0.2695298009340228,-1.111720636307899,-10,0.3,0.0
29.360000610351562,78.0425064760061,9.58575306645741,0.2695298009340228,-1.111720636307899,-10,0.3,0.0
29.37000060081482,78.96695302185528,10.67439596644224,0.2695298009340228,-1.0922657971471528,-10,0.3,0.0
29.380000352859497,78.96695302185528,10.67439596644224,0.2695298009340228,-1.0922657971471528,-10,0.3,0.0
29.390000820159912,80.00566270731147,11.990868181696896,0.14402563749436434,-1.0646420763801072,-10,0.3,0.0
29.40000081062317,80.00566270731147,11.990868181696896,0.14402563749436434,-1.0646420763801072,-10,0.3,0.0
29.410000801086426,81.01438747036991,13.368986739154675,0.09302427889469018,-0.9880695607216169,-10,0.3,0.0
29.420000791549683,81.01438747036991,13.368986739154675,0.09302427889469018,-0.9880695607216169,-10,0.3,0.0
29.43000054359436,82.02662931071235,14.839586427394611,0.051750448263825244,-0.9407115511774231,-10,0.3,0.0
29.440000772476196,82.02662931071235,14.839586427394611,0.051750448263825244,-0.9407115511774231,-10,0.3,0.0
29.450000762939453,83.04317096946986,16.270660329448265,0.02162443001829868,-0.8318289920272647,-10,0.3,0.0
29.46000051498413,83.04317096946986,16.270660329448265,0.02162443001829868,-0.8318289920272647,-10,0.3,0.0
29.470000743865967,84.12986891840907,17.60212106550915,0.004066508574640515,-0.7718952277685502,-10,0.3,0.0
29.480000495910645,84.12986891840907,17.60212106550915,0.004066508574640515,-0.7718952277685502,-10,0.3,0.0
29.4900004863739,85.32998623485747,18.892276858226424,0.0,-0.7093603306189131,-10,0.3,0.0
29.500000476837158,85.32998623485747,18.892276858226424,0.0,-0.7093603306189131,-10,0.3,0.0
29.510000944137573,86.54651833023283,20.309161478254413,0.0,-0.5796687083413706,-10,0.3,0.0
29.520000457763672,86.54651833023283,20.309161478254413,0.0,-0.5796687083413706,-10,0.3,0.0
29.530000925064087,87.87472687585253,21.773438696546986,0.0,-0.5141027685607159,-10,0.3,0.0
29.540000677108765,87.87472687585253,21.773438696546986,0.0,-0.5141027685607159,-10,0.3,0.0
29.55000066757202,89.1502044701622,23.207514605433634,-0.01313062863293675,-0.3855075950837657,-10,0.3,0.0
29.56000065803528,89.1502044701622,23.207514605433634,-0.01313062863293675,-0.3855075950837657,-10,0.3,0.0
29.570000410079956,90.41272282432593,24.590928070939118,-0.04290650160363536,-0.324069146734721,-10,0.3,0.0
29.580000638961792,90.41272282432593,24.590928070939118,-0.04290650160363536,-0.324069146734721,-10,0.3,0.0
29.590000867843628,91.67208795028338,26.0582188102102,-0.08757389762482297,-0.21088749018361777,-10,0.3,0.0
29.600000381469727,91.67208795028338,26.0582188102102,-0.08757389762482297,-0.21088749018361777,-10,0.3,0.0
29.610000371932983,92.89738046712216,27.519990599970345,-0.14504101685797047,-0.16073506732881002,-10,0.3,0.0
29.6200008392334,92.89738046712216,27.519990599970345,-0.14504101685797047,-0.16073506732881002,-10,0.3,0.0
29.630001068115234,94.16454788204625,28.886463841178074,-0.2900072256060285,-0.11593543831933231,-10,0.3,0.0
29.64000105857849,94.16454788204625,28.886463841178074,-0.2900072256060285,-0.11593543831933231,-10,0.3,0.0
29.65000081062317,95.6254402380155,30.285308144358574,-0.3733227154438807,-0.045576132530865364,-10,0.3,0.0
29.660001039505005,95.6254402380155,30.285308144358574,-0.3733227154438807,-0.045576132530865364,-10,0.3,0.0
29.670000791549683,97.15914297943566,31.701545931618075,-0.5511594668545844,-0.021607241099127757,-10,0.3,0.0
29.68000102043152,97.15914297943566,31.701545931618075,-0.5511594668545844,-0.021607241099127757,-10,0.3,0.0
29.690000772476196,98.58094529541044,33.11596787319084,-0.6414971287503789,-6.794452876866152e-05,-10,0.3,0.0
29.700000762939453,98.58094529541044,33.11596787319084,-0.6414971287503789,-6.794452876866152e-05,-10,0.3,0.0
29.71000051498413,99.82287533368918,34.39040495796248,-0.7299919149884293,0.0,-10,0.3,0.0
29.720000743865967,99.82287533368918,34.39040495796248,-0.7299919149884293,0.0,-10,0.3,0.0
29.730000734329224,99.82287533368918,34.39040495796248,-0.7299919149884293,0.0,-10,0.3,0.0
29.7400004863739,1.123646010272294,35.60990592827775,-0.8145520257302065,0.0013986938554461867,-10,0.3,0.0
29.750000715255737,1.8184596513556903,36.195743454483484,-0.8145520257302065,0.009766567512347722,-10,0.3,0.0
29.760000705718994,1.8184596513556903,36.195743454483484,-0.8145520257302065,0.009766567512347722,-10,0.3,0.0
29.77000117301941,4.131877833935372,38.1592034643342,-1.0237063065926062,0.047178321147027864,-10,0.3,0.0
29.780000686645508,4.131877833935372,38.1592034643342,-1.0237063065926062,0.047178321147027864,-10,0.3,0.0
29.790000677108765,6.1568837285725,39.769907890323125,-1.1051194526464705,0.07513229086626506,-10,0.3,0.0
29.8000009059906,6.1568837285725,39.769907890323125,-1.1051194526464705,0.07513229086626506,-10,0.3,0.0
29.81000065803528,8.797380964496456,41.94329320270902,-1.12221120118872,0.14681164046218032,-10,0.3,0.0
29.820000648498535,8.797380964496456,41.94329320270902,-1.12221120118872,0.14681164046218032,-10,0.3,0.0
29.83000087738037,8.797380964496456,41.94329320270902,-1.12221120118872,0.14681164046218032,-10,0.3,0.0
29.840000867843628,11.287331865909655,44.13970212089562,-1.0646420763801072,0.2855848633105949,-10,0.3,0.0
29.850000619888306,12.497263614646617,45.300595755705444,-1.0296448666803868,0.33799723666419484,-10,0.3,0.0
29.860000610351562,12.497263614646617,45.300595755705444,-1.0296448666803868,0.33799723666419484,-10,0.3,0.0
29.87000060081482,12.497263614646617,45.300595755705444,-1.0296448666803868,0.33799723666419484,-10,0.3,0.0
29.880000829696655,15.492385255809223,47.9673126023573,-0.8883662307214307,0.4487842012019627,-10,0.3,0.0
29.89000105857849,16.29464259931435,48.62168959660897,-0.8318289920272647,0.5060688821275886,-10,0.3,0.0
29.90000081062317,16.29464259931435,48.62168959660897,-0.8318289920272647,0.5060688821275886,-10,0.3,0.0
29.910000801086426,18.437060507930347,50.6763009894883,-0.7093603306189131,0.6216958656459743,-10,0.3,0.0
29.920000553131104,18.437060507930347,50.6763009894883,-0.7093603306189131,0.6216958656459743,-10,0.3,0.0
29.93000054359436,20.0219997260462,52.59517330376403,-0.5796687083413706,0.7350999771920647,-10,0.3,0.0
29.940000534057617,20.0219997260462,52.59517330376403,-0.5796687083413706,0.7350999771920647,-10,0.3,0.0
29.950000524520874,20.0219997260462,52.59517330376403,-0.5796687083413706,0.7350999771920647,-10,0.3,0.0
29.96000051498413,21.797750290832546,54.777347042541216,-0.5141027685607159,0.8419215757316945,-10,0.3,0.0
29.970001220703125,22.676599400751037,55.872357515028725,-0.4491172665836392,0.8915015448009102,-10,0.3,0.0
29.980000972747803,22.676599400751037,55.872357515028725,-0.4491172665836392,0.8915015448009102,-10,0.3,0.0
29.9900004863739,25.34230506757685,59.04863897478373,-0.2655973142101297,1.0515669333907922,-10,0.3,0.0
30.00000023841858,25.34230506757685,59.04863897478373,-0.2655973142101297,1.0515669333907922,-10,0.3,0.0
30.010000944137573,27.210982161644804,60.90819524249458,-0.16073506732881002,1.0792948829701638,-10,0.3,0.0
30.020000457763672,27.210982161644804,60.90819524249458,-0.16073506732881002,1.0792948829701638,-10,0.3,0.0
30.030001163482666,29.047129311514535,62.67328504011746,-0.07728399582880847,1.1161900191422955,-10,0.3,0.0
30.040000677108765,29.047129311514535,62.67328504011746,-0.07728399582880847,1.1161900191422955,-10,0.3,0.0
30.05000114440918,30.744104746144846,64.5105858915982,-0.045576132530865364,1.1240390949592913,-10,0.3,0.0
30.060000896453857,30.744104746144846,64.5105858915982,-0.045576132530865364,1.1240390949592913,-10,0.3,0.0
30.070000648498535,30.744104746144846,64.5105858915982,-0.045576132530865364,1.1240390949592913,-10,0.3,0.0
30.080000638961792,32.339052728674346,66.09478390037455,-0.006172714207220822,1.0840758213583597,-10,0.3,0.0
30.090001106262207,33.07701606162245,66.82339996912125,-6.794452876866152e-05,1.0840758213583597,-10,0.3,0.0
30.100001096725464,33.07701606162245,66.82339996912125,-6.794452876866152e-05,1.0840758213583597,-10,0.3,0.0
30.110000610351562,35.37539672849747,68.97954474035681,0.0013986938554461867,0.9978055946409063,-10,0.3,0.0
30.120001077651978,35.37539672849747,68.97954474035681,0.0013986938554461867,0.9978055946409063,-10,0.3,0.0
30.130000829696655,35.37539672849747,68.97954474035681,0.0013986938554461867,0.9978055946409063,-10,0.3,0.0
30.14000105857849,36.900289157056754,70.49511549055562,0.009766567512347722,0.876590690139166,-10,0.3,0.0
30.15000057220459,37.63914586560844,71.27057015889031,0.025208094985965185,0.8064296947605115,-10,0.3,0.0
30.160000801086426,37.63914586560844,71.27057015889031,0.025208094985965185,0.8064296947605115,-10,0.3,0.0
30.170000553131104,40.000038685879325,73.69089334029107,0.10852504901440616,0.6541020398302799,-10,0.3,0.0
30.18000054359436,40.000038685879325,73.69089334029107,0.10852504901440616,0.6541020398302799,-10,0.3,0.0
30.190000534057617,40.000038685879325,75.1295015177787,0.10852504901440616,0.49523539544634754,-10,0.3,0.0
30.200000524520874,40.000038685879325,75.1295015177787,0.10852504901440616,0.49523539544634754,-10,0.3,0.0
30.21000051498413,40.000038685879325,76.4623307988983,0.10852504901440616,0.4169006632505669,-10,0.3,0.0
30.220001220703125,40.000038685879325,76.4623307988983,0.10852504901440616,0.4169006632505669,-10,0.3,0.0
30.230000734329224,40.945985139497395,77.74887782220199,0.10852504901440616,0.34119203694094874,-10,0.3,0.0
30.2400004863739,40.945985139497395,77.74887782220199,0.10852504901440616,0.34119203694094874,-10,0.3,0.0
30.250000715255737,42.106497143206965,79.03273089933583,0.18944711008031703,0.2033342396463181,-10,0.3,0.0
30.260000705718994,42.106497143206965,79.03273089933583,0.18944711008031703,0.2033342396463181,-10,0.3,0.0
30.270001649856567,43.29052440693062,80.25643728749274,0.23588650273954542,0.14402563749436434,-10,0.3,0.0
30.280000686645508,43.29052440693062,80.25643728749274,0.23588650273954542,0.14402563749436434,-10,0.3,0.0
30.290000915527344,44.45954246210497,81.45742663672428,0.2855848633105949,0.09302427889469018,-10,0.3,0.0
30.3000009059906,44.45954246210497,81.45742663672428,0.2855848633105949,0.09302427889469018,-10,0.3,0.0
30.310001134872437,45.725048297728456,82.60170418717654,0.33799723666419484,0.051750448263825244,-10,0.3,0.0
30.320001125335693,45.725048297728456,82.60170418717654,0.33799723666419484,0.051750448263825244,-10,0.3,0.0
30.33000087738037,47.008332710875,83.74838321395568,0.4487842012019627,0.02162443001829868,-10,0.3,0.0
30.34000062942505,47.008332710875,83.74838321395568,0.4487842012019627,0.02162443001829868,-10,0.3,0.0
30.350000619888306,48.385881134179684,84.89664350977547,0.5060688821275886,0.004066508574640515,-10,0.3,0.0
30.360000610351562,48.385881134179684,84.89664350977547,0.5060688821275886,0.004066508574640515,-10,0.3,0.0
30.370001077651978,49.86759538446614,86.09307927136751,0.5638877553186831,0.0,-10,0.3,0.0
30.380001306533813,49.86759538446614,86.09307927136751,0.5638877553186831,0.0,-10,0.3,0.0
30.39000129699707,51.496926664704546,87.26923544491933,0.6789482579801916,0.0,-10,0.3,0.0
30.400001287460327,51.496926664704546,87.26923544491933,0.6789482579801916,0.0,-10,0.3,0.0
30.410000801086426,53.29364254974956,88.46520003786519,0.7896060681523228,-0.00033807855125633394,-10,0.3,0.0
30.420000553131104,53.29364254974956,88.46520003786519,0.7896060681523228,-0.00033807855125633394,-10,0.3,0.0
30.43000054359436,55.03579252426527,89.56819024413909,0.8915015448009102,-0.01313062863293675,-10,0.3,0.0
30.440000534057617,55.03579252426527,89.56819024413909,0.8915015448009102,-0.01313062863293675,-10,0.3,0.0
30.450000286102295,56.640757589482384,90.58539284814127,0.9378010202306981,-0.04290650160363536,-10,0.3,0.0
30.46000051498413,56.640757589482384,90.58539284814127,0.9378010202306981,-0.04290650160363536,-10,0.3,0.0
30.470000743865967,58.0907892615352,91.57698875364272,1.01837866965491,-0.08757389762482297,-10,0.3,0.0
30.480000257492065,58.0907892615352,91.57698875364272,1.01837866965491,-0.08757389762482297,-10,0.3,0.0
30.4900004863739,59.544983178491115,92.61436524097326,1.0515669333907922,-0.14504101685797047,-10,0.3,0.0
30.500000476837158,59.544983178491115,92.61436524097326,1.0515669333907922,-0.14504101685797047,-10,0.3,0.0
30.510000944137573,61.189364964640156,93.92953922693894,1.1010175632637553,-0.2132160594645487,-10,0.3,0.0
30.52000069618225,61.189364964640156,93.92953922693894,1.1010175632637553,-0.2132160594645487,-10,0.3,0.0
30.530000925064087,62.4990728198067,95.21112721189003,1.1161900191422955,-0.3733227154438807,-10,0.3,0.0
30.540000677108765,62.4990728198067,95.21112721189003,1.1161900191422955,-0.3733227154438807,-10,0.3,0.0
30.550000429153442,63.61035752449675,96.394173296626,1.1242672954765134,-0.46107072913957486,-10,0.3,0.0
30.560000896453857,63.61035752449675,96.394173296626,1.1242672954765134,-0.46107072913957486,-10,0.3,0.0
30.570000648498535,64.35447522308885,97.35757281043902,1.1240390949592913,-0.5511594668545844,-10,0.3,0.0
30.58000087738037,64.35447522308885,97.35757281043902,1.1240390949592913,-0.5511594668545844,-10,0.3,0.0
30.59000062942505,65.18534881379838,98.49424976089519,1.1105559695066554,-0.6414971287503789,-10,0.3,0.0
30.600001096725464,65.18534881379838,98.49424976089519,1.1105559695066554,-0.6414971287503789,-10,0.3,0.0
30.610000610351562,67.06581472864879,0.9064362090505015,1.0460189349309337,-0.7299919149884294,-10,0.3,0.0
30.6200008392334,67.06581472864879,0.9064362090505015,1.0460189349309337,-0.7299919149884294,-10,0.3,0.0
30.630000352859497,69.36384991964918,3.625572369935975,0.9408560849048074,-0.9635010213708239,-10,0.3,0.0
30.640000820159912,69.36384991964918,3.625572369935975,0.9408560849048074,-0.9635010213708239,-10,0.3,0.0
30.65000057220459,71.19833049573238,5.380203284767292,0.8064296947605115,-1.0716097169639978,-10,0.3,0.0
30.660000801086426,71.19833049573238,5.380203284767292,0.8064296947605115,-1.0716097169639978,-10,0.3,0.0
30.670000314712524,72.54492324181207,6.280616251472542,0.731793383185373,-1.1051194526464705,-10,0.3,0.0
30.68000030517578,72.54492324181207,6.280616251472542,0.731793383185373,-1.1051194526464705,-10,0.3,0.0
30.690000295639038,73.66926700227769,6.701059445325923,0.6541020398302799,-1.1051194526464705,-10,0.3,0.0
30.700000524520874,73.66926700227769,6.701059445325923,0.6541020398302799,-1.1051194526464705,-10,0.3,0.0
30.71000051498413,74.73666517152576,7.110734440148736,0.5747759491117617,-1.1221437138014954,-10,0.3,0.0
30.720000505447388,74.73666517152576,7.110734440148736,0.5747759491117617,-1.1221437138014954,-10,0.3,0.0
30.730000257492065,75.8496981674402,7.905528492713905,0.49523539544634754,-1.1221437138014954,-10,0.3,0.0
30.740000247955322,75.8496981674402,7.905528492713905,0.49523539544634754,-1.1221437138014954,-10,0.3,0.0
30.750000715255737,75.8496981674402,7.905528492713905,0.49523539544634754,-1.1221437138014954,-10,0.3,0.0
30.760000705718994,77.04712944967322,9.10307498134664,0.34119203694094874,-1.111720636307899,-10,0.3,0.0
30.77000093460083,77.72173426011952,9.705647926513253,0.34119203694094874,-1.111720636307899,-10,0.3,0.0
30.780000686645508,77.72173426011952,9.705647926513253,0.34119203694094874,-1.111720636307899,-10,0.3,0.0
30.790000677108765,79.84834152080589,11.633723939168101,0.2033342396463181,-1.0646420763801072,-10,0.3,0.0
30.800000429153442,79.84834152080589,11.633723939168101,0.2033342396463181,-1.0646420763801072,-10,0.3,0.0
30.81000065803528,81.18111277076694,12.954010500579525,0.09302427889469018,-1.0296448666803868,-10,0.3,0.0
30.820000886917114,81.18111277076694,12.954010500579525,0.09302427889469018,-1.0296448666803868,-10,0.3,0.0
30.830000638961792,82.5726369654238,14.310388077773247,0.051750448263825244,-0.9407115511774231,-10,0.3,0.0
30.840000867843628,82.5726369654238,14.310388077773247,0.051750448263825244,-0.9407115511774231,-10,0.3,0.0
30.850000619888306,82.5726369654238,14.310388077773247,0.051750448263825244,-0.9407115511774231,-10,0.3,0.0
30.86000108718872,83.98680174986157,15.567528456564524,0.02162443001829868,-0.8883662307214307,-10,0.3,0.0
30.8700008392334,84.68686151195638,16.176564763251662,0.004066508574640515,-0.8318289920272647,-10,0.3,0.0
30.880000829696655,84.68686151195638,16.176564763251662,0.004066508574640515,-0.8318289920272647,-10,0.3,0.0
30.890000820159912,87.22778059707996,18.12826542787111,0.0,-0.7093603306189131,-10,0.3,0.0
30.90000081062317,87.22778059707996,18.12826542787111,0.0,-0.7093603306189131,-10,0.3,0.0
30.910000801086426,88.9820172578543,19.59037456106381,-0.00033807855125633394,-0.645019693251978,-10,0.3,0.0
30.920000791549683,88.9820172578543,19.59037456106381,-0.00033807855125633394,-0.645019693251978,-10,0.3,0.0
30.93000054359436,90.65918276448414,21.162988329686353,-0.04290650160363536,-0.5141027685607159,-10,0.3,0.0
30.940000534057617,90.65918276448414,21.162988329686353,-0.04290650160363536,-0.5141027685607159,-10,0.3,0.0
30.950000524520874,92.31668480864711,22.69908596063892,-0.14504101685797047,-0.4491172665836392,-10,0.3,0.0
30.96000075340271,92.31668480864711,22.69908596063892,-0.14504101685797047,-0.4491172665836392,-10,0.3,0.0
30.970000743865967,92.31668480864711,22.69908596063892,-0.14504101685797047,-0.4491172665836392,-10,0.3,0.0
30.980000495910645,94.14871010434719,24.243984921113928,-0.2900072256060285,-0.324069146734721,-10,0.3,0.0
30.9900004863739,95.03950695274797,24.974448974496216,-0.3733227154438807,-0.324069146734721,-10,0.3,0.0
31.000000476837158,95.03950695274797,24.974448974496216,-0.3733227154438807,-0.324069146734721,-10,0.3,0.0
31.010001182556152,97.71725201052035,26.996314619843716,-0.5511594668545844,-0.21088749018361777,-10,0.3,0.0
31.02000069618225,97.71725201052035,26.996314619843716,-0.5511594668545844,-0.21088749018361777,-10,0.3,0.0
31.030001163482666,97.71725201052035,26.996314619843716,-0.5511594668545844,-0.21088749018361777,-10,0.3,0.0
31.040000438690186,99.51908082088148,28.20900126951658,-0.7299919149884293,-0.11593543831933231,-10,0.3,0.0
31.05000066757202,0.43512103791423795,28.885504126754704,-0.7299919149884294,-0.11593543831933231,-10,0.3,0.0
31.060000896453857,0.43512103791423795,28.885504126754704,-0.7299919149884294,-0.11593543831933231,-10,0.3,0.0
31.070000648498535,2.8670715347194,30.940007343857456,-0.893085661137181,-0.045576132530865364,-10,0.3,0.0
31.08000087738037,2.8670715347194,30.940007343857456,-0.893085661137181,-0.045576132530865364,-10,0.3,0.0
31.090000867843628,2.8670715347194,30.940007343857456,-0.893085661137181,-0.045576132530865364,-10,0.3,0.0
31.100000619888306,4.449588753629277,32.28586153509716,-1.0237063065926062,-0.006172714207220822,-10,0.3,0.0
31.110000610351562,5.326333422175082,32.94049092646396,-1.0716097169639978,-0.006172714207220822,-10,0.3,0.0
31.1200008392334,5.326333422175082,32.94049092646396,-1.0716097169639978,-0.006172714207220822,-10,0.3,0.0
31.130001068115234,8.533039617235023,34.806228291784436,-1.12221120118872,0.0,-10,0.3,0.0
31.140000820159912,8.533039617235023,34.806228291784436,-1.12221120118872,0.0,-10,0.3,0.0
31.150001287460327,10.868457657744354,36.25525977791798,-1.0922657971471528,0.009766567512347722,-10,0.3,0.0
31.160001277923584,10.868457657744354,41.2151873721452,-1.0922657971471528,0.14681164046218032,-10,0.3,0.0
31.170000553131104,12.844592225872537,42.75126518556547,-1.0296448666803868,0.18944711008031703,-10,0.3,0.0
31.18000054359436,12.844592225872537,42.75126518556547,-1.0296448666803868,0.18944711008031703,-10,0.3,0.0
31.190000772476196,14.303354939861698,43.98832576933648,-0.9407115511774231,0.23588650273954542,-10,0.3,0.0
31.200000524520874,14.303354939861698,43.98832576933648,-0.9407115511774231,0.23588650273954542,-10,0.3,0.0
31.21000027656555,15.841783810437596,45.141275035243034,-0.8883662307214307,0.33799723666419484,-10,0.3,0.0
31.220000505447388,15.841783810437596,45.141275035243034,-0.8883662307214307,0.33799723666419484,-10,0.3,0.0
31.230000495910645,17.75891283384868,46.95578064038249,-0.7718952277685502,0.39257866767107424,-10,0.3,0.0
31.24000072479248,17.75891283384868,46.95578064038249,-0.7718952277685502,0.39257866767107424,-10,0.3,0.0
31.25000023841858,19.73402808351328,49.09937040902639,-0.645019693251978,0.5638877553186831,-10,0.3,0.0
31.260000705718994,19.73402808351328,49.09937040902639,-0.645019693251978,0.5638877553186831,-10,0.3,0.0
31.27000141143799,21.723946366924363,51.32963634184217,-0.5141027685607159,0.6789482579801916,-10,0.3,0.0
31.28000044822693,21.723946366924363,51.32963634184217,-0.5141027685607159,0.6789482579801916,-10,0.3,0.0
31.290001153945923,23.693156269535873,53.86605038754233,-0.3855075950837657,0.7896060681523228,-10,0.3,0.0
31.30000114440918,23.693156269535873,53.86605038754233,-0.3855075950837657,0.7896060681523228,-10,0.3,0.0
31.310001134872437,25.62308210632251,56.39827473127292,-0.2655973142101297,0.9378010202306981,-10,0.3,0.0
31.320001125335693,25.62308210632251,56.39827473127292,-0.2655973142101297,0.9378010202306981,-10,0.3,0.0
31.33000087738037,27.398457668016018,58.68339185893192,-0.16073506732881002,1.01837866965491,-10,0.3,0.0
31.34000062942505,27.398457668016018,58.68339185893192,-0.16073506732881002,1.01837866965491,-10,0.3,0.0
31.350001096725464,29.116679650379858,60.821597038332655,-0.07728399582880847,1.0792948829701638,-10,0.3,0.0
31.360000610351562,29.116679650379858,60.821597038332655,-0.07728399582880847,1.0792948829701638,-10,0.3,0.0
31.370001077651978,30.792933410901124,63.1106690034394,-0.045576132530865364,1.1242672954765134,-10,0.3,0.0
31.380001544952393,30.792933410901124,63.1106690034394,-0.045576132530865364,1.1242672954765134,-10,0.3,0.0
31.390000581741333,32.397785863365286,65.06311346498362,-0.006172714207220822,1.1105559695066554,-10,0.3,0.0
31.40000081062317,32.397785863365286,65.06311346498362,-0.006172714207220822,1.1105559695066554,-10,0.3,0.0
31.410001039505005,33.91810297566128,66.648826679859,-6.794452876866152e-05,1.0840758213583597,-10,0.3,0.0
31.42000126838684,33.91810297566128,66.648826679859,-6.794452876866152e-05,1.0840758213583597,-10,0.3,0.0
31.43000102043152,35.30792291542766,68.03185652614707,0.0013986938554461867,0.9978055946409063,-10,0.3,0.0
31.440001010894775,35.30792291542766,68.03185652614707,0.0013986938554461867,0.9978055946409063,-10,0.3,0.0
31.45000147819519,36.68721559866373,69.3048609272563,0.009766567512347722,0.9408560849048074,-10,0.3,0.0
31.46000075340271,36.68721559866373,69.3048609272563,0.009766567512347722,0.9408560849048074,-10,0.3,0.0
31.470000505447388,38.12118347421957,70.65533676073908,0.047178321147027864,0.876590690139166,-10,0.3,0.0
31.480000495910645,38.12118347421957,70.65533676073908,0.047178321147027864,0.876590690139166,-10,0.3,0.0
31.49000120162964,39.458467501741836,72.26825261438596,0.07513229086626506,0.731793383185373,-10,0.3,0.0
31.500000953674316,39.458467501741836,72.26825261438596,0.07513229086626506,0.731793383185373,-10,0.3,0.0
31.510001182556152,40.616506238238635,73.69635134378755,0.10852504901440616,0.6541020398302799,-10,0.3,0.0
31.52000117301941,40.616506238238635,73.69635134378755,0.10852504901440616,0.6541020398302799,-10,0.3,0.0
31.530001401901245,41.69248474579856,74.92869344881044,0.14681164046218032,0.5747759491117617,-10,0.3,0.0
31.540000677108765,41.69248474579856,74.92869344881044,0.14681164046218032,0.5747759491117617,-10,0.3,0.0
31.55000114440918,42.649464504782145,76.16468781751928,0.18944711008031703,0.4169006632505669,-10,0.3,0.0
31.56000065803528,42.649464504782145,76.16468781751928,0.18944711008031703,0.4169006632505669,-10,0.3,0.0
31.570000648498535,43.70112596068102,77.36643732476513,0.23588650273954542,0.34119203694094874,-10,0.3,0.0
31.580000638961792,43.70112596068102,77.36643732476513,0.23588650273954542,0.34119203694094874,-10,0.3,0.0
31.59000062942505,44.887632271090375,78.54266314512128,0.2855848633105949,0.2695298009340228,-10,0.3,0.0
31.600001096725464,44.887632271090375,78.54266314512128,0.2855848633105949,0.2695298009340228,-10,0.3,0.0
31.61000108718872,46.177501776007816,79.6956458010734,0.39257866767107424,0.2033342396463181,-10,0.3,0.0
31.620001316070557,46.177501776007816,79.6956458010734,0.39257866767107424,0.2033342396463181,-10,0.3,0.0
31.630001068115234,47.689604842888365,80.81609883768871,0.4487842012019627,0.14402563749436434,-10,0.3,0.0
31.64000105857849,47.689604842888365,80.81609883768871,0.4487842012019627,0.14402563749436434,-10,0.3,0.0
31.650001049041748,49.14216053794837,81.92374355452561,0.5638877553186831,0.09302427889469018,-10,0.3,0.0
31.660000801086426,49.14216053794837,81.92374355452561,0.5638877553186831,0.09302427889469018,-10,0.3,0.0
31.67000102996826,50.52158816052636,83.01933925353666,0.6216958656459743,0.02162443001829868,-10,0.3,0.0
31.68000078201294,50.52158816052636,83.01933925353666,0.6216958656459743,0.02162443001829868,-10,0.3,0.0
31.690000772476196,51.85800946741435,84.06311419489847,0.6789482579801916,0.004066508574640515,-10,0.3,0.0
31.700000524520874,51.85800946741435,84.06311419489847,0.6789482579801916,0.004066508574640515,-10,0.3,0.0
31.71000051498413,53.3689612858389,85.12996351177445,0.7896060681523228,0.0,-10,0.3,0.0
31.720000982284546,53.3689612858389,85.12996351177445,0.7896060681523228,0.0,-10,0.3,0.0
31.730001211166382,54.976019227868,86.22463921793718,0.8419215757316945,0.0,-10,0.3,0.0
31.74000096321106,54.976019227868,86.22463921793718,0.8419215757316945,0.0,-10,0.3,0.0
31.750000953674316,56.647744113475774,87.34173604995861,0.9378010202306981,0.0,-10,0.3,0.0
31.76000142097473,56.647744113475774,87.34173604995861,0.9378010202306981,0.0,-10,0.3,0.0
31.77000141143799,58.29696015498287,88.43242364988193,1.01837866965491,-0.00033807855125633394,-10,0.3,0.0
31.780000686645508,58.29696015498287,88.43242364988193,1.01837866965491,-0.00033807855125633394,-10,0.3,0.0
31.790001153945923,59.6503650633462,89.36336513978456,1.0515669333907922,-0.01313062863293675,-10,0.3,0.0
31.80000066757202,59.6503650633462,89.36336513978456,1.0515669333907922,-0.01313062863293675,-10,0.3,0.0
31.810001134872437,60.682816957943864,90.13850238277594,1.0792948829701638,-0.04290650160363536,-10,0.3,0.0
31.820001125335693,60.682816957943864,90.13850238277594,1.0792948829701638,-0.04290650160363536,-10,0.3,0.0
31.830000638961792,61.73393870834254,90.9761407174474,1.1010175632637553,-0.04290650160363536,-10,0.3,0.0
31.84000062942505,61.73393870834254,90.9761407174474,1.1010175632637553,-0.04290650160363536,-10,0.3,0.0
31.850000858306885,62.79594301732562,91.84571551550464,1.1161900191422955,-0.08757389762482297,-10,0.3,0.0
31.860000610351562,62.79594301732562,91.84571551550464,1.1161900191422955,-0.08757389762482297,-10,0.3,0.0
31.87000060081482,63.51839906564402,92.4499669950345,1.1242672954765134,-0.14504101685797047,-10,0.3,0.0
31.880000829696655,63.51839906564402,92.4499669950345,1.1242672954765134,-0.14504101685797047,-10,0.3,0.0
31.890000581741333,63.97457551947353,92.92413019113084,1.1242672954765134,-0.14504101685797047,-10,0.3,0.0
31.90000057220459,63.97457551947353,92.92413019113084,1.1242672954765134,-0.14504101685797047,-10,0.3,0.0
31.910001039505005,64.50952368625231,93.50024581082704,1.1240390949592913,-0.2132160594645487,-10,0.3,0.0
31.920000791549683,64.50952368625231,93.50024581082704,1.1240390949592913,-0.2132160594645487,-10,0.3,0.0
31.93000054359436,65.12579782691616,94.24899972480367,1.1105559695066554,-0.2900072256060285,-10,0.3,0.0
31.940000772476196,65.12579782691616,94.24899972480367,1.1105559695066554,-0.2900072256060285,-10,0.3,0.0
31.950000524520874,65.85217937789083,95.03317738778524,1.1105559695066554,-0.3733227154438807,-10,0.3,0.0
31.96000075340271,65.85217937789083,95.03317738778524,1.1105559695066554,-0.3733227154438807,-10,0.3,0.0
31.970000505447388,66.99191314110341,96.33383811495654,1.0840758213583597,-0.46107072913957486,-10,0.3,0.0
31.980000495910645,66.99191314110341,96.33383811495654,1.0840758213583597,-0.46107072913957486,-10,0.3,0.0
31.9900004863739,68.39729808321695,98.29240361540813,0.9978055946409063,-0.6414971287503789,-10,0.3,0.0
32.00000071525574,68.39729808321695,98.29240361540813,0.9978055946409063,-0.6414971287503789,-10,0.3,0.0
32.01000118255615,69.70114663043081,0.05317162667003163,0.9408560849048074,-0.7299919149884294,-10,0.3,0.0
32.02000069618225,69.70114663043081,0.05317162667003163,0.9408560849048074,-0.7299919149884294,-10,0.3,0.0
32.03000092506409,70.80563587450061,1.30815578288168,0.876590690139166,-0.8145520257302065,-10,0.3,0.0
32.040000677108765,70.80563587450061,1.30815578288168,0.876590690139166,-0.8145520257302065,-10,0.3,0.0
32.05000066757202,71.73754073933873,2.061760195317077,0.8064296947605115,-0.893085661137181,-10,0.3,0.0
32.06000065803528,71.73754073933873,2.061760195317077,0.8064296947605115,-0.893085661137181,-10,0.3,0.0
32.070000410079956,72.62480226057,2.786600216821685,0.731793383185373,-0.893085661137181,-10,0.3,0.0
32.08000063896179,72.62480226057,2.786600216821685,0.731793383185373,-0.893085661137181,-10,0.3,0.0
32.09000062942505,73.6899899672982,3.904668243845779,0.6541020398302799,-0.9635010213708239,-10,0.3,0.0
32.10000133514404,73.6899899672982,3.904668243845779,0.6541020398302799,-0.9635010213708239,-10,0.3,0.0
32.11000108718872,74.94711863117395,5.399483972794563,0.5747759491117617,-1.0716097169639978,-10,0.3,0.0
32.1200008392334,74.94711863117395,5.399483972794563,0.5747759491117617,-1.0716097169639978,-10,0.3,0.0
32.130000829696655,76.18272177604322,6.804577715368292,0.4169006632505669,-1.1051194526464705,-10,0.3,0.0
32.14000082015991,76.18272177604322,6.804577715368292,0.4169006632505669,-1.1051194526464705,-10,0.3,0.0
32.15000057220459,77.35400371392977,7.840950475637152,0.34119203694094874,-1.1221437138014954,-10,0.3,0.0
32.160000801086426,77.35400371392977,7.840950475637152,0.34119203694094874,-1.1221437138014954,-10,0.3,0.0
32.17000079154968,78.32446115614984,8.532425340205393,0.2695298009340228,-1.12221120118872,-10,0.3,0.0
32.18000030517578,78.32446115614984,8.532425340205393,0.2695298009340228,-1.12221120118872,-10,0.3,0.0
32.19000053405762,79.26147978796696,9.621202495578661,0.2033342396463181,-1.111720636307899,-10,0.3,0.0
32.200000524520874,79.26147978796696,9.621202495578661,0.2033342396463181,-1.111720636307899,-10,0.3,0.0
32.21000051498413,80.31627207945317,11.223893726087395,0.14402563749436434,-1.0646420763801072,-10,0.3,0.0
32.22000026702881,80.31627207945317,11.223893726087395,0.14402563749436434,-1.0646420763801072,-10,0.3,0.0
32.230000495910645,81.4660847131946,12.911546817630127,0.09302427889469018,-1.0296448666803868,-10,0.3,0.0
32.24000024795532,81.4660847131946,12.911546817630127,0.09302427889469018,-1.0296448666803868,-10,0.3,0.0
32.25000071525574,82.6951482598846,14.488864171459209,0.051750448263825244,-0.9407115511774231,-10,0.3,0.0
32.26000094413757,82.6951482598846,14.488864171459209,0.051750448263825244,-0.9407115511774231,-10,0.3,0.0
32.27000093460083,83.96527403397045,15.823476061878544,0.02162443001829868,-0.8883662307214307,-10,0.3,0.0
32.28000068664551,83.96527403397045,15.823476061878544,0.02162443001829868,-0.8883662307214307,-10,0.3,0.0
32.290000438690186,85.27063349880027,17.102376129004323,0.0,-0.7718952277685502,-10,0.3,0.0
32.3000009059906,85.27063349880027,17.102376129004323,0.0,-0.7718952277685502,-10,0.3,0.0
32.31000089645386,86.67362123617097,18.4359671525493,0.0,-0.7093603306189131,-10,0.3,0.0
32.320000648498535,86.67362123617097,18.4359671525493,0.0,-0.7093603306189131,-10,0.3,0.0
32.33000087738037,88.15951721282444,19.956192528736803,-0.00033807855125633394,-0.645019693251978,-10,0.3,0.0
32.34000062942505,88.15951721282444,19.956192528736803,-0.00033807855125633394,-0.645019693251978,-10,0.3,0.0
32.350000619888306,89.68014532291613,21.58884939983326,-0.01313062863293675,-0.5141027685607159,-10,0.3,0.0
32.36000061035156,89.68014532291613,21.58884939983326,-0.01313062863293675,-0.5141027685607159,-10,0.3,0.0
32.37000060081482,91.21789433590244,23.260492851144914,-0.08757389762482297,-0.3855075950837657,-10,0.3,0.0
32.380000829696655,91.21789433590244,23.260492851144914,-0.08757389762482297,-0.3855075950837657,-10,0.3,0.0
32.39000058174133,92.77704034621925,24.900666995719064,-0.14504101685797047,-0.324069146734721,-10,0.3,0.0
32.40000081062317,92.77704034621925,24.900666995719064,-0.14504101685797047,-0.324069146734721,-10,0.3,0.0
32.410000801086426,94.14871741748794,26.529423494993214,-0.2900072256060285,-0.21088749018361777,-10,0.3,0.0
32.42000126838684,94.14871741748794,26.529423494993214,-0.2900072256060285,-0.21088749018361777,-10,0.3,0.0
32.43000054359436,95.32980580950677,28.183398129270433,-0.3733227154438807,-0.11593543831933231,-10,0.3,0.0
32.44000053405762,95.32980580950677,28.183398129270433,-0.3733227154438807,-0.11593543831933231,-10,0.3,0.0
32.450000524520874,96.41058173132309,29.78360795710983,-0.46107072913957486,-0.07728399582880847,-10,0.3,0.0
32.46000051498413,96.41058173132309,29.78360795710983,-0.46107072913957486,-0.07728399582880847,-10,0.3,0.0
32.47000074386597,97.76722865579983,31.32540327282157,-0.5511594668545844,-0.021607241099127757,-10,0.3,0.0
32.480000495910645,97.76722865579983,31.32540327282157,-0.5511594668545844,-0.021607241099127757,-10,0.3,0.0
32.49000096321106,99.35119851330944,32.744653565256385,-0.7299919149884293,-0.006172714207220822,-10,0.3,0.0
32.50000047683716,99.35119851330944,32.744653565256385,-0.7299919149884293,-0.006172714207220822,-10,0.3,0.0
32.510000705718994,0.9849672740147662,34.117793735101074,-0.7299919149884294,0.0,-10,0.3,0.0
32.52000093460083,0.9849672740147662,34.117793735101074,-0.7299919149884294,0.0,-10,0.3,0.0
32.53000092506409,2.491951146330024,35.38824767633902,-0.893085661137181,0.0013986938554461867,-10,0.3,0.0
32.540000677108765,2.491951146330024,35.38824767633902,-0.893085661137181,0.0013986938554461867,-10,0.3,0.0
32.55000066757202,4.153699450532317,36.60269081238411,-1.0237063065926062,0.009766567512347722,-10,0.3,0.0
32.56000089645386,4.153699450532317,36.60269081238411,-1.0237063065926062,0.009766567512347722,-10,0.3,0.0
32.570000886917114,5.991121191143974,37.79321078672053,-1.0716097169639978,0.025208094985965185,-10,0.3,0.0
32.58000063896179,5.991121191143974,37.79321078672053,-1.0716097169639978,0.025208094985965185,-10,0.3,0.0
32.59000110626221,8.134944516570432,39.21516455445643,-1.12221120118872,0.07513229086626506,-10,0.3,0.0
32.600000619888306,8.134944516570432,39.21516455445643,-1.12221120118872,0.07513229086626506,-10,0.3,0.0
32.61000108718872,10.510243842081588,40.81179423607618,-1.0922657971471528,0.10852504901440616,-10,0.3,0.0
32.62000107765198,10.510243842081588,40.81179423607618,-1.0922657971471528,0.10852504901440616,-10,0.3,0.0
32.630000829696655,13.031372815225406,42.67917974469442,-0.9880695607216169,0.18944711008031703,-10,0.3,0.0
32.64000105857849,13.031372815225406,42.67917974469442,-0.9880695607216169,0.18944711008031703,-10,0.3,0.0
32.65000104904175,15.204293661965911,44.34170617224041,-0.8883662307214307,0.2855848633105949,-10,0.3,0.0
32.660001039505005,15.204293661965911,44.34170617224041,-0.8883662307214307,0.2855848633105949,-10,0.3,0.0
32.67000079154968,16.987834136530328,45.8821305803873,-0.8318289920272647,0.33799723666419484,-10,0.3,0.0
32.68000054359436,16.987834136530328,45.8821305803873,-0.8318289920272647,0.33799723666419484,-10,0.3,0.0
32.69000053405762,18.567855940953287,47.23583405341896,-0.7093603306189131,0.4487842012019627,-10,0.3,0.0
32.700000524520874,18.567855940953287,47.23583405341896,-0.7093603306189131,0.4487842012019627,-10,0.3,0.0
32.71000051498413,20.006405506540673,48.44039936082506,-0.5796687083413706,0.5060688821275886,-10,0.3,0.0
32.72000050544739,20.006405506540673,48.44039936082506,-0.5796687083413706,0.5060688821275886,-10,0.3,0.0
32.730000495910645,21.449448310804932,49.482651244205584,-0.5141027685607159,0.5638877553186831,-10,0.3,0.0
32.7400004863739,21.449448310804932,49.482651244205584,-0.5141027685607159,0.5638877553186831,-10,0.3,0.0
32.75000071525574,23.007712019333084,50.715740466663306,-0.3855075950837657,0.6216958656459743,-10,0.3,0.0
32.760000705718994,23.007712019333084,50.715740466663306,-0.3855075950837657,0.6216958656459743,-10,0.3,0.0
32.77000069618225,24.66472126263995,52.84011124347292,-0.324069146734721,0.7350999771920647,-10,0.3,0.0
32.78000068664551,24.66472126263995,52.84011124347292,-0.324069146734721,0.7350999771920647,-10,0.3,0.0
32.79000115394592,26.290844019991184,55.172076232286734,-0.21088749018361777,0.8915015448009102,-10,0.3,0.0
32.80000114440918,26.290844019991184,55.172076232286734,-0.21088749018361777,0.8915015448009102,-10,0.3,0.0
32.81000089645386,27.841794669711717,57.31000773940741,-0.16073506732881002,0.9802750468917882,-10,0.3,0.0
32.820000648498535,27.841794669711717,57.31000773940741,-0.16073506732881002,0.9802750468917882,-10,0.3,0.0
32.83000063896179,29.418356387362415,59.05073850155112,-0.07728399582880847,1.0515669333907922,-10,0.3,0.0
32.84000062942505,29.418356387362415,59.05073850155112,-0.07728399582880847,1.0515669333907922,-10,0.3,0.0
32.850000619888306,30.95356028506395,60.66798939696433,-0.045576132530865364,1.0792948829701638,-10,0.3,0.0
32.86000061035156,30.95356028506395,60.66798939696433,-0.045576132530865364,1.0792948829701638,-10,0.3,0.0
32.87000060081482,32.41375406511745,62.33231601677519,-0.006172714207220822,1.1161900191422955,-10,0.3,0.0
32.880000829696655,32.41375406511745,62.33231601677519,-0.006172714207220822,1.1161900191422955,-10,0.3,0.0
32.89000082015991,33.81980401614019,64.16172118353283,-6.794452876866152e-05,1.1240390949592913,-10,0.3,0.0
32.90000104904175,33.81980401614019,64.16172118353283,-6.794452876866152e-05,1.1240390949592913,-10,0.3,0.0
32.91000056266785,35.2178292887387,66.15530831135008,0.0013986938554461867,1.0840758213583597,-10,0.3,0.0
32.92000079154968,35.2178292887387,66.15530831135008,0.0013986938554461867,1.0840758213583597,-10,0.3,0.0
32.93000054359436,36.905542587039136,68.30648735533754,0.009766567512347722,0.9978055946409063,-10,0.3,0.0
32.94000053405762,36.905542587039136,68.30648735533754,0.009766567512347722,0.9978055946409063,-10,0.3,0.0
32.950000524520874,38.78442351902302,70.60984227718835,0.047178321147027864,0.876590690139166,-10,0.3,0.0
32.96000075340271,38.78442351902302,70.60984227718835,0.047178321147027864,0.876590690139166,-10,0.3,0.0
32.97000074386597,40.606615829741195,72.54891492843537,0.10852504901440616,0.731793383185373,-10,0.3,0.0
32.980000734329224,40.606615829741195,72.54891492843537,0.10852504901440616,0.731793383185373,-10,0.3,0.0
32.9900004863739,42.51608268780018,74.04352654698579,0.18944711008031703,0.5747759491117617,-10,0.3,0.0
33.00000047683716,42.51608268780018,74.04352654698579,0.18944711008031703,0.5747759491117617,-10,0.3,0.0
33.01000094413757,44.33707872797646,75.4161652761371,0.2855848633105949,0.49523539544634754,-10,0.3,0.0
33.02000069618225,44.33707872797646,75.4161652761371,0.2855848633105949,0.49523539544634754,-10,0.3,0.0
33.03000092506409,45.86322964546358,76.78118466568911,0.33799723666419484,0.4169006632505669,-10,0.3,0.0
33.040000677108765,45.86322964546358,76.78118466568911,0.33799723666419484,0.4169006632505669,-10,0.3,0.0
33.05000066757202,46.914946877520315,78.14316628454844,0.39257866767107424,0.2695298009340228,-10,0.3,0.0
33.0600004196167,46.914946877520315,78.14316628454844,0.39257866767107424,0.2695298009340228,-10,0.3,0.0
33.070000886917114,47.84612585576195,79.40937412986965,0.4487842012019627,0.2033342396463181,-10,0.3,0.0
33.08000087738037,47.84612585576195,79.40937412986965,0.4487842012019627,0.2033342396463181,-10,0.3,0.0
33.09000062942505,48.79093566199933,80.47381062991724,0.5060688821275886,0.14402563749436434,-10,0.3,0.0
33.100000619888306,48.79093566199933,80.47381062991724,0.5060688821275886,0.14402563749436434,-10,0.3,0.0
33.11000037193298,50.01836109691418,81.47002390911011,0.6216958656459743,0.09302427889469018,-10,0.3,0.0
33.1200008392334,50.01836109691418,81.47002390911011,0.6216958656459743,0.09302427889469018,-10,0.3,0.0
33.130000591278076,51.41177849119723,82.45119332475069,0.6789482579801916,0.051750448263825244,-10,0.3,0.0
33.14000082015991,51.41177849119723,82.45119332475069,0.6789482579801916,0.051750448263825244,-10,0.3,0.0
33.15000057220459,52.8781599372132,83.45652020658397,0.7350999771920647,0.02162443001829868,-10,0.3,0.0
33.160000801086426,52.8781599372132,83.45652020658397,0.7350999771920647,0.02162443001829868,-10,0.3,0.0
33.17000079154968,54.62455322497679,84.42920086629198,0.8419215757316945,0.004066508574640515,-10,0.3,0.0
33.18000054359436,54.62455322497679,84.42920086629198,0.8419215757316945,0.004066508574640515,-10,0.3,0.0
33.19000053405762,56.288917719436945,85.36148973881878,0.9378010202306981,0.0,-10,0.3,0.0
33.20000076293945,56.288917719436945,85.36148973881878,0.9378010202306981,0.0,-10,0.3,0.0
33.21000075340271,57.90828570416171,86.35743695268255,0.9802750468917882,0.0,-10,0.3,0.0
33.22000050544739,57.90828570416171,86.35743695268255,0.9802750468917882,0.0,-10,0.3,0.0
33.230000495910645,59.33210624111079,87.36149320959788,1.0515669333907922,0.0,-10,0.3,0.0
33.2400004863739,59.33210624111079,87.36149320959788,1.0515669333907922,0.0,-10,0.3,0.0
33.250000953674316,60.49136804654614,88.23403761179638,1.0792948829701638,-0.00033807855125633394,-10,0.3,0.0
33.260000705718994,60.49136804654614,88.23403761179638,1.0792948829701638,-0.00033807855125633394,-10,0.3,0.0
33.27000093460083,61.559772499941865,88.91696257943565,1.1010175632637553,-0.00033807855125633394,-10,0.3,0.0
33.28000092506409,61.559772499941865,88.91696257943565,1.1010175632637553,-0.00033807855125633394,-10,0.3,0.0
33.290000677108765,62.55987669299118,89.56609898440578,1.1161900191422955,-0.01313062863293675,-10,0.3,0.0
33.30000066757202,62.55987669299118,89.56609898440578,1.1161900191422955,-0.01313062863293675,-10,0.3,0.0
33.31000065803528,63.35014608235424,90.1599218510742,1.1242672954765134,-0.04290650160363536,-10,0.3,0.0
33.320000648498535,63.35014608235424,90.1599218510742,1.1242672954765134,-0.04290650160363536,-10,0.3,0.0
33.33000063896179,64.0727076893432,90.72607868923805,1.1240390949592913,-0.04290650160363536,-10,0.3,0.0
33.34000062942505,64.0727076893432,90.72607868923805,1.1240390949592913,-0.04290650160363536,-10,0.3,0.0
33.350000619888306,65.25431318238758,91.67077849725673,1.1105559695066554,-0.08757389762482297,-10,0.3,0.0
33.36000061035156,65.25431318238758,91.67077849725673,1.1105559695066554,-0.08757389762482297,-10,0.3,0.0
33.37000036239624,66.28621718509187,92.83427565173677,1.0840758213583597,-0.14504101685797047,-10,0.3,0.0
33.380000829696655,66.28621718509187,92.83427565173677,1.0840758213583597,-0.14504101685797047,-10,0.3,0.0
33.39000058174133,67.08414633070664,94.0701604845202,1.0460189349309337,-0.2900072256060285,-10,0.3,0.0
33.40000057220459,67.08414633070664,94.0701604845202,1.0460189349309337,-0.2900072256060285,-10,0.3,0.0
33.41000056266785,67.70877372190853,95.09579795785503,1.0460189349309337,-0.3733227154438807,-10,0.3,0.0
33.42000079154968,67.70877372190853,95.09579795785503,1.0460189349309337,-0.3733227154438807,-10,0.3,0.0
33.43000054359436,68.31597645005364,96.04873263213372,0.9978055946409063,-0.46107072913957486,-10,0.3,0.0
33.44000053405762,68.31597645005364,96.04873263213372,0.9978055946409063,-0.46107072913957486,-10,0.3,0.0
33.450000524520874,69.12990547541324,97.28646255213374,0.9408560849048074,-0.5511594668545844,-10,0.3,0.0
33.46000027656555,69.12990547541324,97.28646255213374,0.9408560849048074,-0.5511594668545844,-10,0.3,0.0
33.47000050544739,70.08684200158332,98.81829527947926,0.876590690139166,-0.6414971287503789,-10,0.3,0.0
33.480000495910645,70.08684200158332,98.81829527947926,0.876590690139166,-0.6414971287503789,-10,0.3,0.0
33.4900004863739,71.21737961766674,0.677708962605421,0.8064296947605115,-0.7299919149884294,-10,0.3,0.0
33.50000047683716,71.21737961766674,0.677708962605421,0.8064296947605115,-0.7299919149884294,-10,0.3,0.0
33.51000094413757,72.29518407150438,2.321113177243041,0.731793383185373,-0.893085661137181,-10,0.3,0.0
33.52000069618225,72.29518407150438,2.321113177243041,0.731793383185373,-0.893085661137181,-10,0.3,0.0
33.53000092506409,73.40357841181022,3.6170106588617847,0.6541020398302799,-0.9635010213708239,-10,0.3,0.0
33.540000677108765,73.40357841181022,3.6170106588617847,0.6541020398302799,-0.9635010213708239,-10,0.3,0.0
33.55000066757202,74.53036486274564,4.670699451957218,0.5747759491117617,-1.0237063065926062,-10,0.3,0.0
33.56000089645386,74.53036486274564,4.670699451957218,0.5747759491117617,-1.0237063065926062,-10,0.3,0.0
33.570000648498535,75.67409858731034,5.86371066887902,0.49523539544634754,-1.0716097169639978,-10,0.3,0.0
33.58000063896179,75.67409858731034,5.86371066887902,0.49523539544634754,-1.0716097169639978,-10,0.3,0.0
33.59000039100647,76.85605412989112,7.163877874517322,0.4169006632505669,-1.1221437138014954,-10,0.3,0.0
33.600000619888306,76.85605412989112,7.163877874517322,0.4169006632505669,-1.1221437138014954,-10,0.3,0.0
33.61000061035156,78.06334910648137,8.526907885022055,0.2695298009340228,-1.12221120118872,-10,0.3,0.0
33.6200008392334,78.06334910648137,8.526907885022055,0.2695298009340228,-1.12221120118872,-10,0.3,0.0
33.630000591278076,79.33539898591172,9.933070233212131,0.2033342396463181,-1.111720636307899,-10,0.3,0.0
33.64000082015991,79.33539898591172,9.933070233212131,0.2033342396463181,-1.111720636307899,-10,0.3,0.0
33.65000057220459,80.65435764287757,11.509945634617859,0.14402563749436434,-1.0646420763801072,-10,0.3,0.0
33.660000801086426,80.65435764287757,11.509945634617859,0.14402563749436434,-1.0646420763801072,-10,0.3,0.0
33.6700005531311,82.01772732107293,13.15813710797499,0.051750448263825244,-0.9880695607216169,-10,0.3,0.0
33.68000054359436,82.01772732107293,13.15813710797499,0.051750448263825244,-0.9880695607216169,-10,0.3,0.0
33.690000772476196,83.38530281336102,14.695299061214795,0.02162443001829868,-0.9407115511774231,-10,0.3,0.0
33.700000286102295,83.38530281336102,14.695299061214795,0.02162443001829868,-0.9407115511774231,-10,0.3,0.0
33.71000075340271,84.76228142713163,16.169129896323007,0.004066508574640515,-0.8318289920272647,-10,0.3,0.0
33.72000050544739,84.76228142713163,16.169129896323007,0.004066508574640515,-0.8318289920272647,-10,0.3,0.0
33.730000495910645,86.25991929043687,17.649027886477366,0.0,-0.7718952277685502,-10,0.3,0.0
33.7400004863739,86.25991929043687,17.649027886477366,0.0,-0.7718952277685502,-10,0.3,0.0
33.75000071525574,87.85929516528866,19.239506969204733,0.0,-0.645019693251978,-10,0.3,0.0
33.760000705718994,87.85929516528866,19.239506969204733,0.0,-0.645019693251978,-10,0.3,0.0
33.77000093460083,89.48767192199315,20.828193835249284,-0.01313062863293675,-0.5796687083413706,-10,0.3,0.0
33.78000068664551,89.48767192199315,20.828193835249284,-0.01313062863293675,-0.5796687083413706,-10,0.3,0.0
33.790000915527344,91.05184394549215,22.437015287765476,-0.08757389762482297,-0.4491172665836392,-10,0.3,0.0
33.80000066757202,91.05184394549215,22.437015287765476,-0.08757389762482297,-0.4491172665836392,-10,0.3,0.0
33.81000065803528,92.47712242165255,24.03302409223233,-0.14504101685797047,-0.324069146734721,-10,0.3,0.0
33.820000648498535,92.47712242165255,24.03302409223233,-0.14504101685797047,-0.324069146734721,-10,0.3,0.0
33.83000063896179,93.81890615023974,25.680130931405547,-0.2132160594645487,-0.2655973142101297,-10,0.3,0.0
33.84000062942505,93.81890615023974,25.680130931405547,-0.2132160594645487,-0.2655973142101297,-10,0.3,0.0
33.850000619888306,95.16515095324219,27.37668143952957,-0.3733227154438807,-0.16073506732881002,-10,0.3,0.0
33.86000061035156,95.16515095324219,27.37668143952957,-0.3733227154438807,-0.16073506732881002,-10,0.3,0.0
33.87000060081482,96.62439003924689,29.01385957483486,-0.46107072913957486,-0.07728399582880847,-10,0.3,0.0
33.880000829696655,96.62439003924689,29.01385957483486,-0.46107072913957486,-0.07728399582880847,-10,0.3,0.0
33.89000058174133,98.22611817227505,30.513757564627774,-0.6414971287503789,-0.045576132530865364,-10,0.3,0.0
33.90000081062317,98.22611817227505,30.513757564627774,-0.6414971287503789,-0.045576132530865364,-10,0.3,0.0
33.91000056266785,99.94578534169013,32.00291590474996,-0.7299919149884293,-0.006172714207220822,-10,0.3,0.0
33.92000079154968,99.94578534169013,32.00291590474996,-0.7299919149884293,-0.006172714207220822,-10,0.3,0.0
33.93000054359436,1.659663297804668,33.452508979911876,-0.8145520257302065,-6.794452876866152e-05,-10,0.3,0.0
33.94000053405762,1.659663297804668,33.452508979911876,-0.8145520257302065,-6.794452876866152e-05,-10,0.3,0.0
33.950000524520874,3.1307587025529564,34.79545691981632,-0.9635010213708239,0.0,-10,0.3,0.0
33.96000051498413,3.1307587025529564,34.79545691981632,-0.9635010213708239,0.0,-10,0.3,0.0
33.97000050544739,4.707258506132213,36.06567171939582,-1.0237063065926062,0.009766567512347722,-10,0.3,0.0
33.980000495910645,4.707258506132213,36.06567171939582,-1.0237063065926062,0.009766567512347722,-10,0.3,0.0
33.9900004863739,6.359994092239214,37.38457651676601,-1.1051194526464705,0.025208094985965185,-10,0.3,0.0
34.00000047683716,6.359994092239214,37.38457651676601,-1.1051194526464705,0.025208094985965185,-10,0.3,0.0
34.01000118255615,8.123962498640878,38.81145994709752,-1.12221120118872,0.047178321147027864,-10,0.3,0.0
34.02000069618225,8.123962498640878,38.81145994709752,-1.12221120118872,0.047178321147027864,-10,0.3,0.0
34.03000068664551,8.123962498640878,38.81145994709752,-1.12221120118872,0.047178321147027864,-10,0.3,0.0
34.040000677108765,9.931364351069304,40.33522602422682,-1.111720636307899,0.10852504901440616,-10,0.3,0.0
34.05000066757202,10.95719169974365,41.20304444272675,-1.0922657971471528,0.14681164046218032,-10,0.3,0.0
34.0600004196167,10.95719169974365,41.20304444272675,-1.0922657971471528,0.14681164046218032,-10,0.3,0.0
34.070000886917114,14.694514144478344,44.291879333115084,-0.9407115511774231,0.2855848633105949,-10,0.3,0.0
34.08000063896179,14.694514144478344,44.291879333115084,-0.9407115511774231,0.2855848633105949,-10,0.3,0.0
34.09000062942505,17.056179711246426,46.452058764288886,-0.7718952277685502,0.39257866767107424,-10,0.3,0.0
34.100000619888306,17.056179711246426,46.452058764288886,-0.7718952277685502,0.39257866767107424,-10,0.3,0.0
34.11000061035156,19.06089709859292,48.30415794955095,-0.645019693251978,0.5060688821275886,-10,0.3,0.0
34.1200008392334,19.06089709859292,48.30415794955095,-0.645019693251978,0.5060688821275886,-10,0.3,0.0
34.130000591278076,20.680330238771276,49.81340945266018,-0.5796687083413706,0.5638877553186831,-10,0.3,0.0
34.14000082015991,20.680330238771276,49.81340945266018,-0.5796687083413706,0.5638877553186831,-10,0.3,0.0
34.15000033378601,22.298689382782683,51.507035643831735,-0.4491172665836392,0.6789482579801916,-10,0.3,0.0
34.160000801086426,22.298689382782683,51.507035643831735,-0.4491172665836392,0.6789482579801916,-10,0.3,0.0
34.1700005531311,23.907327937025883,53.45755030539748,-0.3855075950837657,0.7896060681523228,-10,0.3,0.0
34.18000054359436,23.907327937025883,53.45755030539748,-0.3855075950837657,0.7896060681523228,-10,0.3,0.0
34.19000053405762,25.526258648815432,55.58375673068448,-0.2655973142101297,0.8915015448009102,-10,0.3,0.0
34.200000524520874,25.526258648815432,55.58375673068448,-0.2655973142101297,0.8915015448009102,-10,0.3,0.0
34.21000075340271,27.098009326225885,57.504967564397305,-0.16073506732881002,0.9802750468917882,-10,0.3,0.0
34.22000026702881,27.098009326225885,57.504967564397305,-0.16073506732881002,0.9802750468917882,-10,0.3,0.0
34.230000495910645,27.098009326225885,57.504967564397305,-0.16073506732881002,0.9802750468917882,-10,0.3,0.0
34.24000072479248,28.660517058189722,59.15377926815011,-0.11593543831933231,1.0515669333907922,-10,0.3,0.0
34.250000953674316,29.43062120259271,59.897270166876304,-0.07728399582880847,1.0515669333907922,-10,0.3,0.0
34.260000705718994,29.43062120259271,59.897270166876304,-0.07728399582880847,1.0515669333907922,-10,0.3,0.0
34.27000093460083,31.677834637596963,62.174328001312006,-0.021607241099127757,1.1161900191422955,-10,0.3,0.0
34.28000068664551,31.677834637596963,62.174328001312006,-0.021607241099127757,1.1161900191422955,-10,0.3,0.0
34.290000915527344,33.05173634056872,63.91331848826628,-6.794452876866152e-05,1.1242672954765134,-10,0.3,0.0
34.30000066757202,33.05173634056872,63.91331848826628,-6.794452876866152e-05,1.1242672954765134,-10,0.3,0.0
34.31000089645386,34.37849321894367,65.59930141821582,0.0,1.1105559695066554,-10,0.3,0.0
34.32000112533569,34.37849321894367,65.59930141821582,0.0,1.1105559695066554,-10,0.3,0.0
34.33000087738037,35.817699973691006,67.19534332946134,0.0013986938554461867,1.0460189349309337,-10,0.3,0.0
34.34000086784363,35.817699973691006,67.19534332946134,0.0013986938554461867,1.0460189349309337,-10,0.3,0.0
34.350000858306885,35.817699973691006,67.19534332946134,0.0013986938554461867,1.0460189349309337,-10,0.3,0.0
34.36000108718872,37.23518464689464,68.92822988204905,0.025208094985965185,0.9978055946409063,-10,0.3,0.0
34.3700008392334,37.92985219037285,69.77661275291412,0.025208094985965185,0.9408560849048074,-10,0.3,0.0
34.38000130653381,37.92985219037285,69.77661275291412,0.025208094985965185,0.9408560849048074,-10,0.3,0.0
34.39000082015991,39.91353160947108,71.98669016474858,0.07513229086626506,0.8064296947605115,-10,0.3,0.0
34.40000081062317,39.91353160947108,71.98669016474858,0.07513229086626506,0.8064296947605115,-10,0.3,0.0
34.410000801086426,39.91353160947108,71.98669016474858,0.07513229086626506,0.8064296947605115,-10,0.3,0.0
34.42000079154968,41.218725676451044,73.3171890972154,0.14681164046218032,0.6541020398302799,-10,0.3,0.0
34.43000054359436,41.86825346085904,73.97144787468021,0.14681164046218032,0.6541020398302799,-10,0.3,0.0
34.440000772476196,41.86825346085904,73.97144787468021,0.14681164046218032,0.6541020398302799,-10,0.3,0.0
34.45000100135803,41.86825346085904,73.97144787468021,0.14681164046218032,0.6541020398302799,-10,0.3,0.0
34.46000075340271,43.82408547273259,75.84221395415017,0.23588650273954542,0.49523539544634754,-10,0.3,0.0
34.470001220703125,43.82408547273259,76.46219067366575,0.23588650273954542,0.4169006632505669,-10,0.3,0.0
34.4800009727478,43.82408547273259,76.46219067366575,0.23588650273954542,0.4169006632505669,-10,0.3,0.0
34.4900004863739,43.82408547273259,78.28039821961293,0.23588650273954542,0.2695298009340228,-10,0.3,0.0
34.50000047683716,43.82408547273259,78.28039821961293,0.23588650273954542,0.2695298009340228,-10,0.3,0.0
34.51000094413757,44.50934906386434,79.41609305239731,0.2855848633105949,0.2033342396463181,-10,0.3,0.0
34.52000069618225,44.50934906386434,79.41609305239731,0.2855848633105949,0.2033342396463181,-10,0.3,0.0
34.530001163482666,45.64166713635637,80.5146641610779,0.33799723666419484,0.14402563749436434,-10,0.3,0.0
34.540000677108765,45.64166713635637,80.5146641610779,0.33799723666419484,0.14402563749436434,-10,0.3,0.0
34.5500009059906,46.873029003114695,81.61395585495804,0.39257866767107424,0.09302427889469018,-10,0.3,0.0
34.56000065803528,46.873029003114695,81.61395585495804,0.39257866767107424,0.09302427889469018,-10,0.3,0.0
34.570000886917114,48.246655201785885,82.74719729757918,0.5060688821275886,0.051750448263825244,-10,0.3,0.0
34.58000087738037,48.246655201785885,82.74719729757918,0.5060688821275886,0.051750448263825244,-10,0.3,0.0
34.59000062942505,49.723681928971146,83.88969179934905,0.5638877553186831,0.02162443001829868,-10,0.3,0.0
34.600000619888306,49.723681928971146,83.88969179934905,0.5638877553186831,0.02162443001829868,-10,0.3,0.0
34.61000061035156,51.30799894330787,85.03089566029944,0.6789482579801916,0.0,-10,0.3,0.0
34.62000107765198,51.30799894330787,85.03089566029944,0.6789482579801916,0.0,-10,0.3,0.0
34.630000829696655,53.25048432516396,86.24369672971632,0.7896060681523228,0.0,-10,0.3,0.0
34.64000105857849,53.25048432516396,86.24369672971632,0.7896060681523228,0.0,-10,0.3,0.0
34.65000081062317,55.23865142891524,87.38541911146223,0.8915015448009102,0.0,-10,0.3,0.0
34.66000151634216,55.23865142891524,87.38541911146223,0.8915015448009102,0.0,-10,0.3,0.0
34.67000102996826,57.16742200224656,88.41972023358666,0.9802750468917882,-0.00033807855125633394,-10,0.3,0.0
34.68000102043152,57.16742200224656,88.41972023358666,0.9802750468917882,-0.00033807855125633394,-10,0.3,0.0
34.690001010894775,58.6059747273722,89.26091916776474,1.01837866965491,-0.01313062863293675,-10,0.3,0.0
34.70000123977661,58.6059747273722,89.26091916776474,1.01837866965491,-0.01313062863293675,-10,0.3,0.0
34.71000051498413,59.78775869251181,89.9503383268714,1.0515669333907922,-0.01313062863293675,-10,0.3,0.0
34.72000050544739,59.78775869251181,89.9503383268714,1.0515669333907922,-0.01313062863293675,-10,0.3,0.0
34.730000734329224,61.418792498476606,91.01659207817924,1.1010175632637553,-0.08757389762482297,-10,0.3,0.0
34.74000072479248,61.418792498476606,91.01659207817924,1.1010175632637553,-0.08757389762482297,-10,0.3,0.0
34.75000071525574,63.28829539213948,92.58930538234384,1.1242672954765134,-0.14504101685797047,-10,0.3,0.0
34.760000705718994,63.28829539213948,92.58930538234384,1.1242672954765134,-0.14504101685797047,-10,0.3,0.0
34.77000117301941,64.92587340943919,94.40658527842973,1.1240390949592913,-0.2900072256060285,-10,0.3,0.0
34.78000092506409,64.92587340943919,94.40658527842973,1.1240390949592913,-0.2900072256060285,-10,0.3,0.0
34.790000438690186,66.18137998256545,95.76430795583525,1.0840758213583597,-0.3733227154438807,-10,0.3,0.0
34.80000066757202,66.18137998256545,95.76430795583525,1.0840758213583597,-0.3733227154438807,-10,0.3,0.0
34.81000065803528,67.62823509266194,97.24553227030313,1.0460189349309337,-0.5511594668545844,-10,0.3,0.0
34.82000112533569,67.62823509266194,97.24553227030313,1.0460189349309337,-0.5511594668545844,-10,0.3,0.0
34.83000063896179,69.24861789003793,98.9661928596773,0.9408560849048074,-0.6414971287503789,-10,0.3,0.0
34.84000062942505,69.24861789003793,98.9661928596773,0.9408560849048074,-0.6414971287503789,-10,0.3,0.0
34.85000038146973,70.8511376764667,0.882634271371828,0.876590690139166,-0.7299919149884294,-10,0.3,0.0
34.86000061035156,70.8511376764667,0.882634271371828,0.876590690139166,-0.7299919149884294,-10,0.3,0.0
34.87000060081482,72.3061231812503,2.7760425033535894,0.731793383185373,-0.893085661137181,-10,0.3,0.0
34.8800003528595,72.3061231812503,2.7760425033535894,0.731793383185373,-0.893085661137181,-10,0.3,0.0
34.89000058174133,73.61655041916971,4.269680859625407,0.6541020398302799,-1.0237063065926062,-10,0.3,0.0
34.90000104904175,73.61655041916971,4.269680859625407,0.6541020398302799,-1.0237063065926062,-10,0.3,0.0
34.91000056266785,74.90541993248766,5.51834221208908,0.5747759491117617,-1.0716097169639978,-10,0.3,0.0
34.92000126838684,74.90541993248766,5.51834221208908,0.5747759491117617,-1.0716097169639978,-10,0.3,0.0
34.93000078201294,76.09449971675386,6.551650061309654,0.4169006632505669,-1.1051194526464705,-10,0.3,0.0
34.940000772476196,76.09449971675386,6.551650061309654,0.4169006632505669,-1.1051194526464705,-10,0.3,0.0
34.950000524520874,77.24936271087329,7.602252722362644,0.34119203694094874,-1.1221437138014954,-10,0.3,0.0
34.96000051498413,77.24936271087329,7.602252722362644,0.34119203694094874,-1.1221437138014954,-10,0.3,0.0
34.970001220703125,78.3795563308939,8.681561063027853,0.2695298009340228,-1.12221120118872,-10,0.3,0.0
34.980000734329224,78.3795563308939,8.681561063027853,0.2695298009340228,-1.12221120118872,-10,0.3,0.0
34.99000096321106,79.62293859488477,10.033450635468457,0.2033342396463181,-1.0922657971471528,-10,0.3,0.0
35.00000071525574,79.62293859488477,10.033450635468457,0.2033342396463181,-1.0922657971471528,-10,0.3,0.0
35.01000118255615,79.62293859488477,10.033450635468457,0.2033342396463181,-1.0922657971471528,-10,0.3,0.0
35.02000093460083,80.94750329987575,11.540631828710977,0.14402563749436434,-1.0646420763801072,-10,0.3,0.0
35.030001163482666,81.64645540619584,12.411998045367644,0.09302427889469018,-1.0296448666803868,-10,0.3,0.0
35.040000677108765,81.64645540619584,12.411998045367644,0.09302427889469018,-1.0296448666803868,-10,0.3,0.0
35.05000066757202,83.78547249760916,15.302060228906921,0.02162443001829868,-0.8883662307214307,-10,0.3,0.0
35.06000065803528,83.78547249760916,15.302060228906921,0.02162443001829868,-0.8883662307214307,-10,0.3,0.0
35.07000112533569,85.29749802618294,16.962434252743755,0.0,-0.8318289920272647,-10,0.3,0.0
35.08000087738037,85.29749802618294,16.962434252743755,0.0,-0.8318289920272647,-10,0.3,0.0
35.090001344680786,86.96272782801235,18.431917633082666,0.0,-0.7093603306189131,-10,0.3,0.0
35.10000133514404,86.96272782801235,18.431917633082666,0.0,-0.7093603306189131,-10,0.3,0.0
35.11000037193298,88.79444535339094,19.916338308214097,-0.00033807855125633394,-0.645019693251978,-10,0.3,0.0
35.12000036239624,88.79444535339094,19.916338308214097,-0.00033807855125633394,-0.645019693251978,-10,0.3,0.0
35.130000591278076,88.79444535339094,19.916338308214097,-0.00033807855125633394,-0.645019693251978,-10,0.3,0.0
35.14000082015991,90.629380889103,21.508786597150785,-0.04290650160363536,-0.5141027685607159,-10,0.3,0.0
35.15000057220459,91.51267195896531,22.326854700673525,-0.08757389762482297,-0.4491172665836392,-10,0.3,0.0
35.160000801086426,91.51267195896531,22.326854700673525,-0.08757389762482297,-0.4491172665836392,-10,0.3,0.0
35.17000102996826,94.22784341374684,24.747393878430067,-0.2900072256060285,-0.324069146734721,-10,0.3,0.0
35.18000030517578,94.22784341374684,24.747393878430067,-0.2900072256060285,-0.324069146734721,-10,0.3,0.0
35.190001010894775,94.22784341374684,24.747393878430067,-0.2900072256060285,-0.324069146734721,-10,0.3,0.0
35.20000100135803,95.87124316080018,26.44209352400917,-0.3733227154438807,-0.21088749018361777,-10,0.3,0.0
35.21000075340271,96.72378326592708,27.29550639701713,-0.46107072913957486,-0.16073506732881002,-10,0.3,0.0
35.220000982284546,96.72378326592708,27.29550639701713,-0.46107072913957486,-0.16073506732881002,-10,0.3,0.0
35.230000734329224,99.49276896499755,29.80354472934186,-0.7299919149884293,-0.07728399582880847,-10,0.3,0.0
35.24000096321106,0.4620090916105049,30.592483210507844,-0.7299919149884294,-0.045576132530865364,-10,0.3,0.0
35.25000023841858,0.4620090916105049,30.592483210507844,-0.7299919149884294,-0.045576132530865364,-10,0.3,0.0
35.26016068458557,0.4620090916105049,30.592483210507844,-0.7299919149884294,-0.045576132530865364,-10,0.3,0.0
35.27000117301941,2.205383777233174,32.072754230061875,-0.893085661137181,-0.006172714207220822,-10,0.3,0.0
35.280001163482666,2.8982970853921155,32.75893044964092,-0.893085661137181,-0.006172714207220822,-10,0.3,0.0
35.290000915527344,2.8982970853921155,32.75893044964092,-0.893085661137181,-0.006172714207220822,-10,0.3,0.0
35.3000009059906,4.652925491850287,34.65828004267297,-1.0237063065926062,0.0,-10,0.3,0.0
35.31000113487244,4.652925491850287,34.65828004267297,-1.0237063065926062,0.0,-10,0.3,0.0
35.320000648498535,4.652925491850287,34.65828004267297,-1.0237063065926062,0.0,-10,0.3,0.0
35.33000063896179,6.002560968478245,35.856926449037815,-1.1051194526464705,0.0013986938554461867,-10,0.3,0.0
35.34000062942505,6.784386495058903,36.461938248988865,-1.1051194526464705,0.009766567512347722,-10,0.3,0.0
35.350000619888306,6.784386495058903,36.461938248988865,-1.1051194526464705,0.009766567512347722,-10,0.3,0.0
35.36000061035156,9.449142689872359,38.46921552005471,-1.111720636307899,0.047178321147027864,-10,0.3,0.0
35.37000060081482,9.449142689872359,38.46921552005471,-1.111720636307899,0.047178321147027864,-10,0.3,0.0
35.380001068115234,9.449142689872359,38.46921552005471,-1.111720636307899,0.047178321147027864,-10,0.3,0.0
35.39000082015991,11.362772675474089,40.06749467260326,-1.0646420763801072,0.10852504901440616,-10,0.3,0.0
35.40000104904175,12.22438105702048,40.82774630375966,-1.0296448666803868,0.10852504901440616,-10,0.3,0.0
35.410000801086426,12.22438105702048,40.82774630375966,-1.0296448666803868,0.10852504901440616,-10,0.3,0.0
35.42000102996826,14.698209001845939,43.11675423279121,-0.9407115511774231,0.23588650273954542,-10,0.3,0.0
35.43000078201294,14.698209001845939,44.667827265934,-0.9407115511774231,0.2855848633105949,-10,0.3,0.0
35.44000029563904,16.321805723928517,46.21122463298592,-0.8318289920272647,0.39257866767107424,-10,0.3,0.0
35.450000524520874,16.321805723928517,46.21122463298592,-0.8318289920272647,0.39257866767107424,-10,0.3,0.0
35.46000075340271,17.7336530052858,47.67480362778055,-0.7718952277685502,0.4487842012019627,-10,0.3,0.0
35.47000050544739,17.7336530052858,47.67480362778055,-0.7718952277685502,0.4487842012019627,-10,0.3,0.0
35.480000257492065,19.025352991893186,48.92505143206801,-0.645019693251978,0.5060688821275886,-10,0.3,0.0
35.49000024795532,19.025352991893186,48.92505143206801,-0.645019693251978,0.5060688821275886,-10,0.3,0.0
35.50000047683716,20.28973261306991,50.040037390208326,-0.5796687083413706,0.6216958656459743,-10,0.3,0.0
35.51000094413757,20.28973261306991,50.040037390208326,-0.5796687083413706,0.6216958656459743,-10,0.3,0.0
35.52000117301941,21.62113956413642,51.194444305385225,-0.5141027685607159,0.6789482579801916,-10,0.3,0.0
35.530001163482666,21.62113956413642,51.194444305385225,-0.5141027685607159,0.6789482579801916,-10,0.3,0.0
35.540000915527344,22.986426991490003,52.58163496423557,-0.4491172665836392,0.7350999771920647,-10,0.3,0.0
35.5500009059906,22.986426991490003,52.58163496423557,-0.4491172665836392,0.7350999771920647,-10,0.3,0.0
35.56000089645386,24.480594662463442,54.29996409519866,-0.324069146734721,0.8419215757316945,-10,0.3,0.0
35.570000648498535,24.480594662463442,54.29996409519866,-0.324069146734721,0.8419215757316945,-10,0.3,0.0
35.58000063896179,25.89574528780638,55.907857657142365,-0.2655973142101297,0.8915015448009102,-10,0.3,0.0
35.59000062942505,25.89574528780638,55.907857657142365,-0.2655973142101297,0.8915015448009102,-10,0.3,0.0
35.600000619888306,27.16817458438371,57.37792835111729,-0.16073506732881002,0.9802750468917882,-10,0.3,0.0
35.61000061035156,27.16817458438371,57.37792835111729,-0.16073506732881002,0.9802750468917882,-10,0.3,0.0
35.62000107765198,28.429012595177287,59.047552020579616,-0.11593543831933231,1.0515669333907922,-10,0.3,0.0
35.630000591278076,28.429012595177287,59.047552020579616,-0.11593543831933231,1.0515669333907922,-10,0.3,0.0
35.64000105857849,29.67887723376721,60.73067541872666,-0.07728399582880847,1.0792948829701638,-10,0.3,0.0
35.65000057220459,29.67887723376721,60.73067541872666,-0.07728399582880847,1.0792948829701638,-10,0.3,0.0
35.660000801086426,30.89348179831172,62.37365241556782,-0.045576132530865364,1.1161900191422955,-10,0.3,0.0
35.6700005531311,30.89348179831172,62.37365241556782,-0.045576132530865364,1.1161900191422955,-10,0.3,0.0
35.68000054359436,32.09279907460392,63.747039266369,-0.006172714207220822,1.1242672954765134,-10,0.3,0.0
35.690000772476196,32.09279907460392,63.747039266369,-0.006172714207220822,1.1242672954765134,-10,0.3,0.0
35.700000524520874,33.401676082413076,65.07833088204106,-6.794452876866152e-05,1.1105559695066554,-10,0.3,0.0
35.71000051498413,33.401676082413076,65.07833088204106,-6.794452876866152e-05,1.1105559695066554,-10,0.3,0.0
35.72000050544739,34.773801732305564,66.46440810022834,0.0,1.0840758213583597,-10,0.3,0.0
35.730000257492065,34.773801732305564,66.46440810022834,0.0,1.0840758213583597,-10,0.3,0.0
35.74000072479248,36.149988397504806,67.84043874929695,0.009766567512347722,1.0460189349309337,-10,0.3,0.0
35.75000071525574,36.149988397504806,67.84043874929695,0.009766567512347722,1.0460189349309337,-10,0.3,0.0
35.76000094413757,37.501269988408,69.21959998137113,0.025208094985965185,0.9408560849048074,-10,0.3,0.0
35.77000117301941,37.501269988408,69.21959998137113,0.025208094985965185,0.9408560849048074,-10,0.3,0.0
35.78000068664551,38.76088873325945,70.63887721429712,0.047178321147027864,0.876590690139166,-10,0.3,0.0
35.79000115394592,38.76088873325945,70.63887721429712,0.047178321147027864,0.876590690139166,-10,0.3,0.0
35.8000009059906,39.93480262338377,72.06934256573749,0.07513229086626506,0.731793383185373,-10,0.3,0.0
35.81000089645386,39.93480262338377,72.06934256573749,0.07513229086626506,0.731793383185373,-10,0.3,0.0
35.820000648498535,41.10342132574854,73.25596163921585,0.14681164046218032,0.6541020398302799,-10,0.3,0.0
35.83000063896179,41.10342132574854,73.25596163921585,0.14681164046218032,0.6541020398302799,-10,0.3,0.0
35.84000062942505,42.38913178500567,74.36804048561405,0.18944711008031703,0.5747759491117617,-10,0.3,0.0
35.850000619888306,42.38913178500567,74.36804048561405,0.18944711008031703,0.5747759491117617,-10,0.3,0.0
35.86000037193298,43.730567933894555,75.46809072805243,0.23588650273954542,0.49523539544634754,-10,0.3,0.0
35.87000107765198,43.730567933894555,75.46809072805243,0.23588650273954542,0.49523539544634754,-10,0.3,0.0
35.88000130653381,45.125487810358855,76.54542815428177,0.33799723666419484,0.4169006632505669,-10,0.3,0.0
35.89000058174133,45.125487810358855,76.54542815428177,0.33799723666419484,0.4169006632505669,-10,0.3,0.0
35.90000081062317,46.49298368024306,77.67817890892236,0.39257866767107424,0.34119203694094874,-10,0.3,0.0
35.91000032424927,46.49298368024306,77.67817890892236,0.39257866767107424,0.34119203694094874,-10,0.3,0.0
35.92000102996826,47.80355622875538,78.8451401572419,0.4487842012019627,0.2695298009340228,-10,0.3,0.0
35.93000054359436,47.80355622875538,78.8451401572419,0.4487842012019627,0.2695298009340228,-10,0.3,0.0
35.94000053405762,49.21851300844114,80.12262149013628,0.5638877553186831,0.14402563749436434,-10,0.3,0.0
35.95000076293945,49.21851300844114,80.12262149013628,0.5638877553186831,0.14402563749436434,-10,0.3,0.0
35.96000051498413,50.808047577031545,81.38669496738946,0.6216958656459743,0.09302427889469018,-10,0.3,0.0
35.97000050544739,50.808047577031545,81.38669496738946,0.6216958656459743,0.09302427889469018,-10,0.3,0.0
35.980000495910645,52.592005086894986,82.63044561007581,0.7350999771920647,0.051750448263825244,-10,0.3,0.0
35.99000096321106,52.592005086894986,82.63044561007581,0.7350999771920647,0.051750448263825244,-10,0.3,0.0
36.00000047683716,54.595032186582706,83.82634100107408,0.8419215757316945,0.02162443001829868,-10,0.3,0.0
36.01000118255615,54.595032186582706,83.82634100107408,0.8419215757316945,0.02162443001829868,-10,0.3,0.0
36.02000069618225,56.60713856111433,84.9772868576474,0.9378010202306981,0.004066508574640515,-10,0.3,0.0
36.030001163482666,56.60713856111433,84.9772868576474,0.9378010202306981,0.004066508574640515,-10,0.3,0.0
36.040000915527344,58.23517671959383,85.97764268073482,1.01837866965491,0.0,-10,0.3,0.0
36.05000066757202,58.23517671959383,85.97764268073482,1.01837866965491,0.0,-10,0.3,0.0
36.06000113487244,59.48107212520129,86.85272298140721,1.0515669333907922,0.0,-10,0.3,0.0
36.070000886917114,59.48107212520129,86.85272298140721,1.0515669333907922,0.0,-10,0.3,0.0
36.08000135421753,60.69498450309666,87.71489849559501,1.0792948829701638,0.0,-10,0.3,0.0
36.09000110626221,60.69498450309666,87.71489849559501,1.0792948829701638,0.0,-10,0.3,0.0
36.100001096725464,61.990983546497745,88.73812424274509,1.1010175632637553,-0.00033807855125633394,-10,0.3,0.0
36.11000061035156,61.990983546497745,88.73812424274509,1.1010175632637553,-0.00033807855125633394,-10,0.3,0.0
36.1200008392334,62.8666990817849,89.70717425972998,1.1161900191422955,-0.01313062863293675,-10,0.3,0.0
36.130000829696655,62.8666990817849,89.70717425972998,1.1161900191422955,-0.01313062863293675,-10,0.3,0.0
36.14000082015991,63.36831945262475,90.37484781636866,1.1242672954765134,-0.04290650160363536,-10,0.3,0.0
36.15000057220459,63.36831945262475,90.37484781636866,1.1242672954765134,-0.04290650160363536,-10,0.3,0.0
36.160000801086426,63.60191775907511,90.75490753724289,1.1242672954765134,-0.04290650160363536,-10,0.3,0.0
36.1700005531311,63.60191775907511,90.75490753724289,1.1242672954765134,-0.04290650160363536,-10,0.3,0.0
36.18000054359436,63.774952069481586,91.13228707104156,1.1242672954765134,-0.08757389762482297,-10,0.3,0.0
36.190000772476196,63.774952069481586,91.13228707104156,1.1242672954765134,-0.08757389762482297,-10,0.3,0.0
36.200000524520874,64.04083570931273,91.58510543249349,1.1240390949592913,-0.08757389762482297,-10,0.3,0.0
36.21000051498413,64.04083570931273,91.58510543249349,1.1240390949592913,-0.08757389762482297,-10,0.3,0.0
36.22000050544739,64.21728186251005,92.04632847340845,1.1240390949592913,-0.14504101685797047,-10,0.3,0.0
36.230000495910645,64.21728186251005,92.04632847340845,1.1240390949592913,-0.14504101685797047,-10,0.3,0.0
36.24000072479248,64.44717766740175,92.57507930714601,1.1240390949592913,-0.14504101685797047,-10,0.3,0.0
36.250000953674316,64.44717766740175,92.57507930714601,1.1240390949592913,-0.14504101685797047,-10,0.3,0.0
36.26000118255615,65.31621705772393,93.67500416710713,1.1105559695066554,-0.2132160594645487,-10,0.3,0.0
36.27000141143799,65.31621705772393,93.67500416710713,1.1105559695066554,-0.2132160594645487,-10,0.3,0.0
36.28000092506409,67.17336347536697,96.07529558225104,1.0460189349309337,-0.46107072913957486,-10,0.3,0.0
36.29000115394592,67.17336347536697,96.07529558225104,1.0460189349309337,-0.46107072913957486,-10,0.3,0.0
36.30000114440918,69.14987276002714,98.90208175845021,0.9408560849048074,-0.6414971287503789,-10,0.3,0.0
36.31000113487244,69.14987276002714,98.90208175845021,0.9408560849048074,-0.6414971287503789,-10,0.3,0.0
36.32000112533569,70.86576170228722,0.9283258236874986,0.876590690139166,-0.7299919149884294,-10,0.3,0.0
36.33000111579895,70.86576170228722,0.9283258236874986,0.876590690139166,-0.7299919149884294,-10,0.3,0.0
36.34000086784363,72.35679068666325,2.2635787649874737,0.731793383185373,-0.893085661137181,-10,0.3,0.0
36.35000133514404,72.35679068666325,2.2635787649874737,0.731793383185373,-0.893085661137181,-10,0.3,0.0
36.36000108718872,73.86908097806563,3.5265605831708133,0.6541020398302799,-0.9635010213708239,-10,0.3,0.0
36.37000107765198,73.86908097806563,3.5265605831708133,0.6541020398302799,-0.9635010213708239,-10,0.3,0.0
36.38000130653381,75.32014343500562,4.8362215924023495,0.49523539544634754,-1.0237063065926062,-10,0.3,0.0
36.39000105857849,75.32014343500562,4.8362215924023495,0.49523539544634754,-1.0237063065926062,-10,0.3,0.0
36.40000128746033,76.76168583898063,6.388560059347947,0.4169006632505669,-1.1051194526464705,-10,0.3,0.0
36.410001039505005,76.76168583898063,6.388560059347947,0.4169006632505669,-1.1051194526464705,-10,0.3,0.0
36.42000126838684,78.16676944672325,7.961685073142332,0.2695298009340228,-1.1221437138014954,-10,0.3,0.0
36.43000102043152,78.16676944672325,7.961685073142332,0.2695298009340228,-1.1221437138014954,-10,0.3,0.0
36.440000772476196,79.45107690460446,9.317173428777224,0.2033342396463181,-1.111720636307899,-10,0.3,0.0
36.45000100135803,79.45107690460446,9.317173428777224,0.2033342396463181,-1.111720636307899,-10,0.3,0.0
36.46000099182129,80.73726796307369,10.527592775955107,0.14402563749436434,-1.0922657971471528,-10,0.3,0.0
36.470001459121704,80.73726796307369,10.527592775955107,0.14402563749436434,-1.0922657971471528,-10,0.3,0.0
36.4800009727478,81.9638542584855,11.738631173509441,0.09302427889469018,-1.0646420763801072,-10,0.3,0.0
36.49000144004822,81.9638542584855,11.738631173509441,0.09302427889469018,-1.0646420763801072,-10,0.3,0.0
36.50000047683716,83.21920292989972,13.10306062096972,0.02162443001829868,-0.9880695607216169,-10,0.3,0.0
36.51000094413757,83.21920292989972,13.10306062096972,0.02162443001829868,-0.9880695607216169,-10,0.3,0.0
36.52000069618225,84.59500208559041,14.691564223715812,0.004066508574640515,-0.9407115511774231,-10,0.3,0.0
36.530001163482666,84.59500208559041,14.691564223715812,0.004066508574640515,-0.9407115511774231,-10,0.3,0.0
36.540000915527344,86.13071353382693,16.185849344324648,0.0,-0.8318289920272647,-10,0.3,0.0
36.55000066757202,86.13071353382693,16.185849344324648,0.0,-0.8318289920272647,-10,0.3,0.0
36.56000089645386,87.69993065940167,17.655985826477842,0.0,-0.7718952277685502,-10,0.3,0.0
36.570000648498535,87.69993065940167,17.655985826477842,0.0,-0.7718952277685502,-10,0.3,0.0
36.58000063896179,89.30791644827792,19.09816029496381,-0.01313062863293675,-0.645019693251978,-10,0.3,0.0
36.59000086784363,89.30791644827792,19.09816029496381,-0.01313062863293675,-0.645019693251978,-10,0.3,0.0
36.600000619888306,91.07991683865266,20.392795856180257,-0.08757389762482297,-0.5796687083413706,-10,0.3,0.0
36.61000061035156,91.07991683865266,20.392795856180257,-0.08757389762482297,-0.5796687083413706,-10,0.3,0.0
36.6200008392334,92.60497850117626,21.892471865083817,-0.14504101685797047,-0.5141027685607159,-10,0.3,0.0
36.630000591278076,92.60497850117626,21.892471865083817,-0.14504101685797047,-0.5141027685607159,-10,0.3,0.0
36.64000082015991,94.02664673168411,23.49103273946533,-0.2900072256060285,-0.3855075950837657,-10,0.3,0.0
36.65000057220459,94.02664673168411,23.49103273946533,-0.2900072256060285,-0.3855075950837657,-10,0.3,0.0
36.660000801086426,95.43576666898453,24.939479564813237,-0.3733227154438807,-0.324069146734721,-10,0.3,0.0
36.6700005531311,95.43576666898453,24.939479564813237,-0.3733227154438807,-0.324069146734721,-10,0.3,0.0
36.68000054359436,97.00731580491589,26.209325555651258,-0.5511594668545844,-0.21088749018361777,-10,0.3,0.0
36.69000053405762,97.00731580491589,26.209325555651258,-0.5511594668545844,-0.21088749018361777,-10,0.3,0.0
36.700000524520874,98.50717770689485,27.627047251421484,-0.6414971287503789,-0.16073506732881002,-10,0.3,0.0
36.71000075340271,98.50717770689485,27.627047251421484,-0.6414971287503789,-0.16073506732881002,-10,0.3,0.0
36.72000050544739,99.59755404275613,29.070892982392376,-0.7299919149884293,-0.07728399582880847,-10,0.3,0.0
36.730000495910645,99.59755404275613,29.070892982392376,-0.7299919149884293,-0.07728399582880847,-10,0.3,0.0
36.74000072479248,0.6747746856551662,30.410225970076887,-0.7299919149884294,-0.045576132530865364,-10,0.3,0.0
36.75000071525574,0.6747746856551662,30.410225970076887,-0.7299919149884294,-0.045576132530865364,-10,0.3,0.0
36.760000705718994,2.16727503177351,31.600750244738297,-0.893085661137181,-0.021607241099127757,-10,0.3,0.0
36.77000093460083,2.16727503177351,31.600750244738297,-0.893085661137181,-0.021607241099127757,-10,0.3,0.0
36.78000068664551,3.949322768451164,32.77354504817218,-0.9635010213708239,-0.006172714207220822,-10,0.3,0.0
36.790000677108765,3.949322768451164,32.77354504817218,-0.9635010213708239,-0.006172714207220822,-10,0.3,0.0
36.80000066757202,5.813560409444076,33.87716038840349,-1.0716097169639978,-6.794452876866152e-05,-10,0.3,0.0
36.81000065803528,5.813560409444076,33.87716038840349,-1.0716097169639978,-6.794452876866152e-05,-10,0.3,0.0
36.820000886917114,7.516708878551998,34.882583727415096,-1.1221437138014954,0.0,-10,0.3,0.0
36.83000063896179,7.516708878551998,34.882583727415096,-1.1221437138014954,0.0,-10,0.3,0.0
36.84000086784363,9.204855288775091,35.96858106708422,-1.111720636307899,0.0013986938554461867,-10,0.3,0.0
36.850000619888306,9.204855288775091,35.96858106708422,-1.111720636307899,0.0013986938554461867,-10,0.3,0.0
36.86000037193298,11.40885576788236,37.31402083426828,-1.0646420763801072,0.025208094985965185,-10,0.3,0.0
36.87000060081482,11.40885576788236,37.31402083426828,-1.0646420763801072,0.025208094985965185,-10,0.3,0.0
36.880000829696655,14.066454643654808,39.2286975435197,-0.9407115511774231,0.07513229086626506,-10,0.3,0.0
36.89000058174133,14.066454643654808,39.2286975435197,-0.9407115511774231,0.07513229086626506,-10,0.3,0.0
36.90000081062317,16.74620249565875,41.474569579449195,-0.8318289920272647,0.14681164046218032,-10,0.3,0.0
36.91000032424927,16.74620249565875,41.474569579449195,-0.8318289920272647,0.14681164046218032,-10,0.3,0.0
36.92000079154968,18.985028114497833,43.38820169388831,-0.7093603306189131,0.23588650273954542,-10,0.3,0.0
36.93000054359436,18.985028114497833,43.38820169388831,-0.7093603306189131,0.23588650273954542,-10,0.3,0.0
36.940000772476196,20.80990557682543,44.932470342316556,-0.5796687083413706,0.2855848633105949,-10,0.3,0.0
36.950000524520874,20.80990557682543,44.932470342316556,-0.5796687083413706,0.2855848633105949,-10,0.3,0.0
36.96000051498413,22.392797153286764,46.46291440145768,-0.4491172665836392,0.39257866767107424,-10,0.3,0.0
36.97000050544739,22.392797153286764,46.46291440145768,-0.4491172665836392,0.39257866767107424,-10,0.3,0.0
36.980000495910645,23.93100130273713,48.18364789614451,-0.3855075950837657,0.5060688821275886,-10,0.3,0.0
36.99000024795532,23.93100130273713,48.18364789614451,-0.3855075950837657,0.5060688821275886,-10,0.3,0.0
37.00000047683716,25.475285351977632,50.180713844568494,-0.2655973142101297,0.6216958656459743,-10,0.3,0.0
37.010000705718994,25.475285351977632,50.180713844568494,-0.2655973142101297,0.6216958656459743,-10,0.3,0.0
37.02000069618225,26.97844182918285,52.328779549327706,-0.21088749018361777,0.7350999771920647,-10,0.3,0.0
37.03000092506409,26.97844182918285,52.328779549327706,-0.21088749018361777,0.7350999771920647,-10,0.3,0.0
37.040000677108765,28.31397035012297,54.37777948619754,-0.11593543831933231,0.8419215757316945,-10,0.3,0.0
37.0500009059906,28.31397035012297,54.37777948619754,-0.11593543831933231,0.8419215757316945,-10,0.3,0.0
37.0600004196167,29.647441739925036,56.41572380115867,-0.07728399582880847,0.9378010202306981,-10,0.3,0.0
37.070000648498535,29.647441739925036,56.41572380115867,-0.07728399582880847,0.9378010202306981,-10,0.3,0.0
37.08000063896179,30.93079887161408,58.6381411559576,-0.045576132530865364,1.01837866965491,-10,0.3,0.0
37.09000062942505,30.93079887161408,58.6381411559576,-0.045576132530865364,1.01837866965491,-10,0.3,0.0
37.100000619888306,32.16650379515127,60.56455190807295,-0.006172714207220822,1.0792948829701638,-10,0.3,0.0
37.11000084877014,32.16650379515127,60.56455190807295,-0.006172714207220822,1.0792948829701638,-10,0.3,0.0
37.12000107765198,33.27383590409777,62.220882410354896,-6.794452876866152e-05,1.1161900191422955,-10,0.3,0.0
37.130000591278076,33.27383590409777,62.220882410354896,-6.794452876866152e-05,1.1161900191422955,-10,0.3,0.0
37.14000082015991,34.41549497653641,63.67610234875435,0.0,1.1242672954765134,-10,0.3,0.0
37.15000033378601,34.41549497653641,63.67610234875435,0.0,1.1242672954765134,-10,0.3,0.0
37.160001039505005,35.555516166450666,65.34994624227244,0.0013986938554461867,1.1105559695066554,-10,0.3,0.0
37.1700005531311,35.555516166450666,65.34994624227244,0.0013986938554461867,1.1105559695066554,-10,0.3,0.0
37.18000078201294,36.663424984248124,66.8922529897201,0.009766567512347722,1.0840758213583597,-10,0.3,0.0
37.19000053405762,36.663424984248124,66.8922529897201,0.009766567512347722,1.0840758213583597,-10,0.3,0.0
37.200000524520874,37.794018173132265,68.36923567590333,0.025208094985965185,0.9978055946409063,-10,0.3,0.0
37.21000051498413,37.794018173132265,68.36923567590333,0.025208094985965185,0.9978055946409063,-10,0.3,0.0
37.22000050544739,39.05482143003566,69.89511336870075,0.07513229086626506,0.9408560849048074,-10,0.3,0.0
37.230000495910645,39.05482143003566,69.89511336870075,0.07513229086626506,0.9408560849048074,-10,0.3,0.0
37.2400004863739,40.5103070252954,71.22911084263957,0.10852504901440616,0.8064296947605115,-10,0.3,0.0
37.250000953674316,40.5103070252954,71.22911084263957,0.10852504901440616,0.8064296947605115,-10,0.3,0.0
37.260000705718994,42.053689780962515,72.42477927487151,0.18944711008031703,0.731793383185373,-10,0.3,0.0
37.27000117301941,42.053689780962515,72.42477927487151,0.18944711008031703,0.731793383185373,-10,0.3,0.0
37.28000068664551,43.57297967944926,73.50783055660285,0.23588650273954542,0.6541020398302799,-10,0.3,0.0
37.290000677108765,43.57297967944926,73.50783055660285,0.23588650273954542,0.6541020398302799,-10,0.3,0.0
37.30000066757202,44.959714192749814,74.60091358693784,0.2855848633105949,0.5747759491117617,-10,0.3,0.0
37.3100004196167,44.959714192749814,74.60091358693784,0.2855848633105949,0.5747759491117617,-10,0.3,0.0
37.320000648498535,46.15037565669259,75.69428240001638,0.39257866767107424,0.49523539544634754,-10,0.3,0.0
37.33000063896179,46.15037565669259,75.69428240001638,0.39257866767107424,0.49523539544634754,-10,0.3,0.0
37.34000062942505,47.4427836347771,76.78848705846444,0.4487842012019627,0.4169006632505669,-10,0.3,0.0
37.350000858306885,47.4427836347771,76.78848705846444,0.4487842012019627,0.4169006632505669,-10,0.3,0.0
37.36000061035156,48.846503363241645,77.91961948867406,0.5060688821275886,0.34119203694094874,-10,0.3,0.0
37.37000060081482,48.846503363241645,77.91961948867406,0.5060688821275886,0.34119203694094874,-10,0.3,0.0
37.380000829696655,50.20322077202527,79.10095097648579,0.6216958656459743,0.2033342396463181,-10,0.3,0.0
37.39000058174133,50.20322077202527,79.10095097648579,0.6216958656459743,0.2033342396463181,-10,0.3,0.0
37.40000057220459,51.658783267089305,80.24408219897991,0.6789482579801916,0.14402563749436434,-10,0.3,0.0
37.410000801086426,51.658783267089305,80.24408219897991,0.6789482579801916,0.14402563749436434,-10,0.3,0.0
37.42000079154968,53.28226742124983,81.24893338940853,0.7896060681523228,0.09302427889469018,-10,0.3,0.0
37.43000054359436,53.28226742124983,81.24893338940853,0.7896060681523228,0.09302427889469018,-10,0.3,0.0
37.440000772476196,54.97126419649857,82.1163916613903,0.8419215757316945,0.051750448263825244,-10,0.3,0.0
37.45000100135803,54.97126419649857,82.1163916613903,0.8419215757316945,0.051750448263825244,-10,0.3,0.0
37.46000051498413,56.72295186273287,82.95027618802045,0.9378010202306981,0.051750448263825244,-10,0.3,0.0
37.470001220703125,56.72295186273287,82.95027618802045,0.9378010202306981,0.051750448263825244,-10,0.3,0.0
37.480000734329224,58.45921707568873,83.83865764388358,1.01837866965491,0.02162443001829868,-10,0.3,0.0
37.4900004863739,58.45921707568873,83.83865764388358,1.01837866965491,0.02162443001829868,-10,0.3,0.0
37.50000047683716,60.04346085350332,84.62386301162277,1.0792948829701638,0.004066508574640515,-10,0.3,0.0
37.51000094413757,60.04346085350332,84.62386301162277,1.0792948829701638,0.004066508574640515,-10,0.3,0.0
37.52000069618225,61.336741053399194,85.35445292508349,1.1010175632637553,0.0,-10,0.3,0.0
37.530001163482666,61.336741053399194,85.35445292508349,1.1010175632637553,0.0,-10,0.3,0.0
37.540000677108765,62.48014694290607,86.20282638926356,1.1161900191422955,0.0,-10,0.3,0.0
37.55000042915344,62.48014694290607,86.20282638926356,1.1161900191422955,0.0,-10,0.3,0.0
37.56000065803528,64.04860571540138,87.39296801016226,1.1240390949592913,0.0,-10,0.3,0.0
37.570000648498535,64.04860571540138,87.39296801016226,1.1240390949592913,0.0,-10,0.3,0.0
37.58000087738037,66.21816486017013,89.34925222288518,1.0840758213583597,-0.01313062863293675,-10,0.3,0.0
37.59000062942505,66.21816486017013,89.34925222288518,1.0840758213583597,-0.01313062863293675,-10,0.3,0.0
37.600000619888306,68.31482142949821,92.03595218405228,0.9978055946409063,-0.14504101685797047,-10,0.3,0.0
37.61000061035156,68.31482142949821,92.03595218405228,0.9978055946409063,-0.14504101685797047,-10,0.3,0.0
37.6200008392334,69.95852536118342,94.58391043970519,0.9408560849048074,-0.2900072256060285,-10,0.3,0.0
37.6300003528595,69.95852536118342,94.58391043970519,0.9408560849048074,-0.2900072256060285,-10,0.3,0.0
37.64000082015991,71.32241362334567,96.41675941385742,0.8064296947605115,-0.46107072913957486,-10,0.3,0.0
37.65000081062317,71.32241362334567,96.41675941385742,0.8064296947605115,-0.46107072913957486,-10,0.3,0.0
37.660000801086426,72.54733220066183,97.95454819564414,0.731793383185373,-0.5511594668545844,-10,0.3,0.0
37.670000314712524,72.54733220066183,97.95454819564414,0.731793383185373,-0.5511594668545844,-10,0.3,0.0
37.68000078201294,73.69534541252793,99.56516478808638,0.6541020398302799,-0.7299919149884293,-10,0.3,0.0
37.69000053405762,73.69534541252793,99.56516478808638,0.6541020398302799,-0.7299919149884293,-10,0.3,0.0
37.70000076293945,74.85468865513907,1.5484434148102777,0.5747759491117617,-0.8145520257302065,-10,0.3,0.0
37.71000099182129,74.85468865513907,1.5484434148102777,0.5747759491117617,-0.8145520257302065,-10,0.3,0.0
37.72000050544739,76.10613462632251,3.56241811284391,0.4169006632505669,-0.9635010213708239,-10,0.3,0.0
37.730000734329224,76.10613462632251,3.56241811284391,0.4169006632505669,-0.9635010213708239,-10,0.3,0.0
37.74000072479248,77.43666256802138,5.130267622339094,0.34119203694094874,-1.0716097169639978,-10,0.3,0.0
37.750000953674316,77.43666256802138,5.130267622339094,0.34119203694094874,-1.0716097169639978,-10,0.3,0.0
37.760000467300415,78.76244982822551,6.577693591369324,0.2695298009340228,-1.1051194526464705,-10,0.3,0.0
37.77000093460083,78.76244982822551,6.577693591369324,0.2695298009340228,-1.1051194526464705,-10,0.3,0.0
37.78000068664551,80.08220916720455,8.061783220394517,0.14402563749436434,-1.12221120118872,-10,0.3,0.0
37.790000677108765,80.08220916720455,8.061783220394517,0.14402563749436434,-1.12221120118872,-10,0.3,0.0
37.8000009059906,81.49769221205989,9.617182532115509,0.09302427889469018,-1.111720636307899,-10,0.3,0.0
37.81000065803528,81.49769221205989,9.617182532115509,0.09302427889469018,-1.111720636307899,-10,0.3,0.0
37.820000648498535,83.09249472511351,11.42906217431791,0.02162443001829868,-1.0646420763801072,-10,0.3,0.0
37.83000087738037,83.09249472511351,11.42906217431791,0.02162443001829868,-1.0646420763801072,-10,0.3,0.0
37.84000086784363,84.77969566614382,13.420636269666147,0.004066508574640515,-0.9880695607216169,-10,0.3,0.0
37.85000038146973,84.77969566614382,13.420636269666147,0.004066508574640515,-0.9880695607216169,-10,0.3,0.0
37.86000061035156,86.46827243104967,15.371957663279682,0.0,-0.8883662307214307,-10,0.3,0.0
37.87000036239624,86.46827243104967,15.371957663279682,0.0,-0.8883662307214307,-10,0.3,0.0
37.880001068115234,88.16910348851539,17.283297373700375,-0.00033807855125633394,-0.7718952277685502,-10,0.3,0.0
37.89000058174133,88.16910348851539,17.283297373700375,-0.00033807855125633394,-0.7718952277685502,-10,0.3,0.0
37.90000104904175,90.03588165380128,18.875463795189276,-0.04290650160363536,-0.7093603306189131,-10,0.3,0.0
37.910000801086426,90.03588165380128,18.875463795189276,-0.04290650160363536,-0.7093603306189131,-10,0.3,0.0
37.92000079154968,91.78996752937365,20.739132306025212,-0.08757389762482297,-0.5796687083413706,-10,0.3,0.0
37.93000054359436,91.78996752937365,20.739132306025212,-0.08757389762482297,-0.5796687083413706,-10,0.3,0.0
37.94000053405762,93.61391134732384,22.65277178207784,-0.2132160594645487,-0.4491172665836392,-10,0.3,0.0
37.950000524520874,93.61391134732384,22.65277178207784,-0.2132160594645487,-0.4491172665836392,-10,0.3,0.0
37.96000051498413,95.18026852628707,24.552095442512538,-0.3733227154438807,-0.324069146734721,-10,0.3,0.0
37.97000050544739,95.18026852628707,24.552095442512538,-0.3733227154438807,-0.324069146734721,-10,0.3,0.0
37.980000495910645,96.52105475270673,26.331319176467105,-0.46107072913957486,-0.21088749018361777,-10,0.3,0.0
37.9900004863739,96.52105475270673,26.331319176467105,-0.46107072913957486,-0.21088749018361777,-10,0.3,0.0
38.00000047683716,97.88879719677783,28.058342236616763,-0.5511594668545844,-0.11593543831933231,-10,0.3,0.0
38.01000094413757,97.88879719677783,28.058342236616763,-0.5511594668545844,-0.11593543831933231,-10,0.3,0.0
38.02000069618225,99.35907062416968,29.79969646751065,-0.7299919149884293,-0.07728399582880847,-10,0.3,0.0
38.03000092506409,99.35907062416968,29.79969646751065,-0.7299919149884293,-0.07728399582880847,-10,0.3,0.0
38.040000677108765,0.9175810303827775,31.536131679483013,-0.7299919149884294,-0.021607241099127757,-10,0.3,0.0
38.05001401901245,0.9175810303827775,31.536131679483013,-0.7299919149884294,-0.021607241099127757,-10,0.3,0.0
38.06000065803528,2.4820480555606736,33.19588862217775,-0.893085661137181,-6.794452876866152e-05,-10,0.3,0.0
38.070000886917114,2.4820480555606736,33.19588862217775,-0.893085661137181,-6.794452876866152e-05,-10,0.3,0.0
38.08000087738037,3.988694846582767,34.73648340076672,-0.9635010213708239,0.0,-10,0.3,0.0
38.09000086784363,3.988694846582767,34.73648340076672,-0.9635010213708239,0.0,-10,0.3,0.0
38.100001096725464,3.988694846582767,34.73648340076672,-0.9635010213708239,0.0,-10,0.3,0.0
38.11000061035156,5.243699202092151,36.03970160282224,-1.0716097169639978,0.009766567512347722,-10,0.3,0.0
38.12000036239624,5.874643540641525,36.661513421510904,-1.0716097169639978,0.009766567512347722,-10,0.3,0.0
38.130000591278076,5.874643540641525,36.661513421510904,-1.0716097169639978,0.009766567512347722,-10,0.3,0.0
38.14000105857849,8.018028032492506,38.50228286134266,-1.12221120118872,0.047178321147027864,-10,0.3,0.0
38.15000057220459,8.018028032492506,38.50228286134266,-1.12221120118872,0.047178321147027864,-10,0.3,0.0
38.160001039505005,9.77073394401119,39.86395400187948,-1.111720636307899,0.07513229086626506,-10,0.3,0.0
38.1700005531311,9.77073394401119,39.86395400187948,-1.111720636307899,0.07513229086626506,-10,0.3,0.0
38.18000054359436,9.77073394401119,39.86395400187948,-1.111720636307899,0.07513229086626506,-10,0.3,0.0
38.19000053405762,11.484813758413907,41.36273622217246,-1.0646420763801072,0.14681164046218032,-10,0.3,0.0
38.200000524520874,12.316207723792278,42.157157090751255,-1.0296448666803868,0.18944711008031703,-10,0.3,0.0
38.21000027656555,12.316207723792278,42.157157090751255,-1.0296448666803868,0.18944711008031703,-10,0.3,0.0
38.220000982284546,14.64999620984451,44.41000448509526,-0.9407115511774231,0.2855848633105949,-10,0.3,0.0
38.230000495910645,14.64999620984451,44.41000448509526,-0.9407115511774231,0.2855848633105949,-10,0.3,0.0
38.24000072479248,16.336902321606363,45.99762727071563,-0.8318289920272647,0.33799723666419484,-10,0.3,0.0
38.25000071525574,16.336902321606363,45.99762727071563,-0.8318289920272647,0.33799723666419484,-10,0.3,0.0
38.260000705718994,18.119821870926152,47.960088418368585,-0.7093603306189131,0.4487842012019627,-10,0.3,0.0
38.27000093460083,18.119821870926152,47.960088418368585,-0.7093603306189131,0.4487842012019627,-10,0.3,0.0
38.28000068664551,19.691939283549605,49.69489289811288,-0.645019693251978,0.5638877553186831,-10,0.3,0.0
38.290000677108765,19.691939283549605,49.69489289811288,-0.645019693251978,0.5638877553186831,-10,0.3,0.0
38.30000114440918,21.122431951245773,51.08718526745849,-0.5141027685607159,0.6789482579801916,-10,0.3,0.0
38.31000065803528,21.122431951245773,51.08718526745849,-0.5141027685607159,0.6789482579801916,-10,0.3,0.0
38.320000886917114,22.54373468702616,52.25307743247942,-0.4491172665836392,0.7350999771920647,-10,0.3,0.0
38.33000087738037,22.54373468702616,52.25307743247942,-0.4491172665836392,0.7350999771920647,-10,0.3,0.0
38.34000039100647,23.948151492667844,53.54944345846923,-0.3855075950837657,0.7896060681523228,-10,0.3,0.0
38.350000619888306,23.948151492667844,53.54944345846923,-0.3855075950837657,0.7896060681523228,-10,0.3,0.0
38.36000061035156,25.281121903331588,54.935229693986734,-0.2655973142101297,0.8419215757316945,-10,0.3,0.0
38.37000060081482,25.281121903331588,54.935229693986734,-0.2655973142101297,0.8419215757316945,-10,0.3,0.0
38.380000829696655,26.505141554994815,56.590120428085235,-0.21088749018361777,0.9378010202306981,-10,0.3,0.0
38.39000058174133,26.505141554994815,56.590120428085235,-0.21088749018361777,0.9378010202306981,-10,0.3,0.0
38.40000104904175,27.731746262121852,58.321429373048105,-0.16073506732881002,1.01837866965491,-10,0.3,0.0
38.41000056266785,27.731746262121852,58.321429373048105,-0.16073506732881002,1.01837866965491,-10,0.3,0.0
38.42000126838684,28.965133101684966,59.99806588388768,-0.11593543831933231,1.0515669333907922,-10,0.3,0.0
38.43000102043152,28.965133101684966,59.99806588388768,-0.11593543831933231,1.0515669333907922,-10,0.3,0.0
38.440001010894775,30.150444444404606,61.69389549621423,-0.045576132530865364,1.1010175632637553,-10,0.3,0.0
38.450000524520874,30.150444444404606,61.69389549621423,-0.045576132530865364,1.1010175632637553,-10,0.3,0.0
38.46000051498413,30.150444444404606,61.69389549621423,-0.045576132530865364,1.1010175632637553,-10,0.3,0.0
38.47000050544739,31.283636109067952,63.23160882338126,-0.021607241099127757,1.1242672954765134,-10,0.3,0.0
38.480000495910645,31.817804970548508,63.92348667501171,-0.021607241099127757,1.1242672954765134,-10,0.3,0.0
38.49000096321106,31.817804970548508,63.92348667501171,-0.021607241099127757,1.1242672954765134,-10,0.3,0.0
38.50000071525574,33.55594132773852,66.22771604880369,-6.794452876866152e-05,1.0840758213583597,-10,0.3,0.0
38.51000094413757,33.55594132773852,66.22771604880369,-6.794452876866152e-05,1.0840758213583597,-10,0.3,0.0
38.52000093460083,33.55594132773852,66.22771604880369,-6.794452876866152e-05,1.0840758213583597,-10,0.3,0.0
38.53000092506409,34.81588809247954,67.70857307182382,0.0,1.0460189349309337,-10,0.3,0.0
38.540000915527344,35.50334196346262,68.39165894196401,0.0013986938554461867,0.9978055946409063,-10,0.3,0.0
38.55000042915344,35.50334196346262,68.39165894196401,0.0013986938554461867,0.9978055946409063,-10,0.3,0.0
38.56000065803528,35.50334196346262,68.39165894196401,0.0013986938554461867,0.9978055946409063,-10,0.3,0.0
38.570000886917114,37.571729725420695,70.45349805808657,0.025208094985965185,0.876590690139166,-10,0.3,0.0
38.58000063896179,38.216007263243526,71.1213549240049,0.047178321147027864,0.8064296947605115,-10,0.3,0.0
38.59000039100647,38.216007263243526,71.1213549240049,0.047178321147027864,0.8064296947605115,-10,0.3,0.0
38.600001096725464,39.440029601063785,73.07795313248782,0.07513229086626506,0.6541020398302799,-10,0.3,0.0
38.61000061035156,39.440029601063785,73.07795313248782,0.07513229086626506,0.6541020398302799,-10,0.3,0.0
38.62000107765198,40.755480520157064,74.08855955274161,0.10852504901440616,0.5747759491117617,-10,0.3,0.0
38.630000829696655,40.755480520157064,74.08855955274161,0.10852504901440616,0.5747759491117617,-10,0.3,0.0
38.64000105857849,42.063931835465134,75.05135828795922,0.18944711008031703,0.49523539544634754,-10,0.3,0.0
38.65000081062317,42.063931835465134,75.05135828795922,0.18944711008031703,0.49523539544634754,-10,0.3,0.0
38.660001277923584,43.29095707009249,76.0699445940775,0.23588650273954542,0.4169006632505669,-10,0.3,0.0
38.67000079154968,43.29095707009249,76.0699445940775,0.23588650273954542,0.4169006632505669,-10,0.3,0.0
38.68000102043152,44.49527059753911,77.08585537097217,0.2855848633105949,0.34119203694094874,-10,0.3,0.0
38.690000772476196,44.49527059753911,77.08585537097217,0.2855848633105949,0.34119203694094874,-10,0.3,0.0
38.70000076293945,45.7848996078286,78.14438318541119,0.33799723666419484,0.2695298009340228,-10,0.3,0.0
38.71000075340271,45.7848996078286,78.14438318541119,0.33799723666419484,0.2695298009340228,-10,0.3,0.0
38.72000074386597,47.207046463997926,79.29397746342535,0.4487842012019627,0.2033342396463181,-10,0.3,0.0
38.730000495910645,47.207046463997926,79.29397746342535,0.4487842012019627,0.2033342396463181,-10,0.3,0.0
38.74000072479248,48.88917046333955,80.50156667309051,0.5060688821275886,0.14402563749436434,-10,0.3,0.0
38.750000953674316,48.88917046333955,80.50156667309051,0.5060688821275886,0.14402563749436434,-10,0.3,0.0
38.760000705718994,50.72678571528976,81.77021192420901,0.6216958656459743,0.09302427889469018,-10,0.3,0.0
38.77000093460083,50.72678571528976,81.77021192420901,0.6216958656459743,0.09302427889469018,-10,0.3,0.0
38.78000068664551,52.57697044722855,82.99400962511268,0.7350999771920647,0.051750448263825244,-10,0.3,0.0
38.790000677108765,52.57697044722855,82.99400962511268,0.7350999771920647,0.051750448263825244,-10,0.3,0.0
38.80000066757202,54.63122789182467,84.24274313130451,0.8419215757316945,0.004066508574640515,-10,0.3,0.0
38.81000065803528,54.63122789182467,84.24274313130451,0.8419215757316945,0.004066508574640515,-10,0.3,0.0
38.820000648498535,57.042501663729574,85.5580213858231,0.9802750468917882,0.0,-10,0.3,0.0
38.83000063896179,57.042501663729574,85.5580213858231,0.9802750468917882,0.0,-10,0.3,0.0
38.84000062942505,59.87740228611044,87.1838878018173,1.0515669333907922,0.0,-10,0.3,0.0
38.850000619888306,59.87740228611044,87.1838878018173,1.0515669333907922,0.0,-10,0.3,0.0
38.86000061035156,62.56211686774912,89.13696624550258,1.1161900191422955,-0.01313062863293675,-10,0.3,0.0
38.87000060081482,62.56211686774912,89.13696624550258,1.1161900191422955,-0.01313062863293675,-10,0.3,0.0
38.880000829696655,64.89392321267607,91.09032985665918,1.1240390949592913,-0.08757389762482297,-10,0.3,0.0
38.89000082015991,64.89392321267607,91.09032985665918,1.1240390949592913,-0.08757389762482297,-10,0.3,0.0
38.90000081062317,66.91390837083064,92.90262420389831,1.0840758213583597,-0.14504101685797047,-10,0.3,0.0
38.91000056266785,66.91390837083064,92.90262420389831,1.0840758213583597,-0.14504101685797047,-10,0.3,0.0
38.92000079154968,68.77705717779311,94.70447442308854,0.9978055946409063,-0.2900072256060285,-10,0.3,0.0
38.93000054359436,68.77705717779311,94.70447442308854,0.9978055946409063,-0.2900072256060285,-10,0.3,0.0
38.94000029563904,70.51458525994127,96.81374503615068,0.876590690139166,-0.46107072913957486,-10,0.3,0.0
38.95000100135803,70.51458525994127,96.81374503615068,0.876590690139166,-0.46107072913957486,-10,0.3,0.0
38.96000099182129,72.28793628857599,99.61002040689333,0.731793383185373,-0.7299919149884293,-10,0.3,0.0
38.97000050544739,72.28793628857599,99.61002040689333,0.731793383185373,-0.7299919149884293,-10,0.3,0.0
38.980000495910645,72.28793628857599,99.61002040689333,0.731793383185373,-0.7299919149884293,-10,0.3,0.0
38.99000096321106,74.03458113913628,2.7230616292865237,0.5747759491117617,-0.893085661137181,-10,0.3,0.0
39.00000047683716,74.76316676282352,3.9532924857057687,0.5747759491117617,-0.9635010213708239,-10,0.3,0.0
39.01000094413757,74.76316676282352,3.9532924857057687,0.5747759491117617,-0.9635010213708239,-10,0.3,0.0
39.02000069618225,76.67868888176737,6.766847808801543,0.4169006632505669,-1.1051194526464705,-10,0.3,0.0
39.030001401901245,76.67868888176737,6.766847808801543,0.4169006632505669,-1.1051194526464705,-10,0.3,0.0
39.040000915527344,77.74946950052627,8.270513388190885,0.34119203694094874,-1.12221120118872,-10,0.3,0.0
39.05000066757202,77.74946950052627,8.270513388190885,0.34119203694094874,-1.12221120118872,-10,0.3,0.0
39.06000065803528,78.84233982214704,10.0084373145561,0.2695298009340228,-1.0922657971471528,-10,0.3,0.0
39.070000648498535,78.84233982214704,10.0084373145561,0.2695298009340228,-1.0922657971471528,-10,0.3,0.0
39.08000063896179,80.03205567933655,11.793707674270145,0.14402563749436434,-1.0646420763801072,-10,0.3,0.0
39.09000086784363,80.03205567933655,11.793707674270145,0.14402563749436434,-1.0646420763801072,-10,0.3,0.0
39.100001096725464,81.27943436939665,13.180288941749305,0.09302427889469018,-0.9880695607216169,-10,0.3,0.0
39.11000037193298,81.27943436939665,13.180288941749305,0.09302427889469018,-0.9880695607216169,-10,0.3,0.0
39.1200008392334,81.27943436939665,13.180288941749305,0.09302427889469018,-0.9880695607216169,-10,0.3,0.0
39.130000591278076,82.60799343574442,14.471796464940597,0.051750448263825244,-0.9407115511774231,-10,0.3,0.0
39.14000058174133,83.29345001531905,15.185919950786325,0.02162443001829868,-0.8883662307214307,-10,0.3,0.0
39.15000081062317,83.29345001531905,15.185919950786325,0.02162443001829868,-0.8883662307214307,-10,0.3,0.0
39.160000801086426,85.37989722955096,17.596682851033016,0.0,-0.7718952277685502,-10,0.3,0.0
39.1700005531311,85.37989722955096,17.596682851033016,0.0,-0.7718952277685502,-10,0.3,0.0
39.18000078201294,86.71231732994222,19.223074178512977,0.0,-0.645019693251978,-10,0.3,0.0
39.190000772476196,86.71231732994222,19.223074178512977,0.0,-0.645019693251978,-10,0.3,0.0
39.20000076293945,87.9401997734251,20.843399487943675,0.0,-0.5796687083413706,-10,0.3,0.0
39.21000075340271,87.9401997734251,20.843399487943675,0.0,-0.5796687083413706,-10,0.3,0.0
39.22000050544739,89.18228647922146,22.342654930354364,-0.01313062863293675,-0.4491172665836392,-10,0.3,0.0
39.230000495910645,89.18228647922146,22.342654930354364,-0.01313062863293675,-0.4491172665836392,-10,0.3,0.0
39.24000072479248,89.18228647922146,22.342654930354364,-0.01313062863293675,-0.4491172665836392,-10,0.3,0.0
39.250000953674316,90.55461802052965,23.710525192496963,-0.04290650160363536,-0.3855075950837657,-10,0.3,0.0
39.26000118255615,91.27572847896782,24.38925110508994,-0.08757389762482297,-0.324069146734721,-10,0.3,0.0
39.27000093460083,91.27572847896782,24.38925110508994,-0.08757389762482297,-0.324069146734721,-10,0.3,0.0
39.28000068664551,93.6119204332882,26.42952530808882,-0.2132160594645487,-0.21088749018361777,-10,0.3,0.0
39.290000915527344,93.6119204332882,26.42952530808882,-0.2132160594645487,-0.21088749018361777,-10,0.3,0.0
39.3000009059906,95.27622108016894,27.935720900371475,-0.3733227154438807,-0.16073506732881002,-10,0.3,0.0
39.31000065803528,95.27622108016894,27.935720900371475,-0.3733227154438807,-0.16073506732881002,-10,0.3,0.0
39.320000886917114,96.96022517003128,29.523092086059783,-0.46107072913957486,-0.07728399582880847,-10,0.3,0.0
39.33000087738037,96.96022517003128,29.523092086059783,-0.46107072913957486,-0.07728399582880847,-10,0.3,0.0
39.34000086784363,98.68826215694921,31.189855162877084,-0.6414971287503789,-0.021607241099127757,-10,0.3,0.0
39.350000619888306,98.68826215694921,31.189855162877084,-0.6414971287503789,-0.021607241099127757,-10,0.3,0.0
39.36000108718872,0.7924102445547216,32.92215549082014,-0.7299919149884294,-0.006172714207220822,-10,0.3,0.0
39.3700008392334,0.7924102445547216,32.92215549082014,-0.7299919149884294,-0.006172714207220822,-10,0.3,0.0
39.380001068115234,0.7924102445547216,32.92215549082014,-0.7299919149884294,-0.006172714207220822,-10,0.3,0.0
39.39000082015991,2.603374449419149,34.627708761312384,-0.893085661137181,0.0,-10,0.3,0.0
39.40000081062317,3.4098003045814402,35.394022471360195,-0.9635010213708239,0.0013986938554461867,-10,0.3,0.0
39.410016775131226,3.4098003045814402,35.394022471360195,-0.9635010213708239,0.0013986938554461867,-10,0.3,0.0
39.42000102996826,5.392533211379399,37.2642416718527,-1.0716097169639978,0.025208094985965185,-10,0.3,0.0
39.43000078201294,5.392533211379399,37.2642416718527,-1.0716097169639978,0.025208094985965185,-10,0.3,0.0
39.44017720222473,5.392533211379399,37.2642416718527,-1.0716097169639978,0.025208094985965185,-10,0.3,0.0
39.450000524520874,6.761468764561633,38.507199846426545,-1.1051194526464705,0.047178321147027864,-10,0.3,0.0
39.46000075340271,7.515712723487492,39.2019656964015,-1.1221437138014954,0.07513229086626506,-10,0.3,0.0
39.47000074386597,7.515712723487492,39.2019656964015,-1.1221437138014954,0.07513229086626506,-10,0.3,0.0
39.4800009727478,9.476219965729205,39.2019656964015,-1.111720636307899,0.07513229086626506,-10,0.3,0.0
39.49000096321106,9.476219965729205,39.2019656964015,-1.111720636307899,0.07513229086626506,-10,0.3,0.0
39.50000047683716,10.850520922983211,39.759046640492535,-1.0922657971471528,0.07513229086626506,-10,0.3,0.0
39.51000094413757,10.850520922983211,39.759046640492535,-1.0922657971471528,0.07513229086626506,-10,0.3,0.0
39.52000069618225,12.365103818777921,41.237289511413444,-1.0296448666803868,0.14681164046218032,-10,0.3,0.0
39.53000092506409,12.365103818777921,41.237289511413444,-1.0296448666803868,0.14681164046218032,-10,0.3,0.0
39.540000677108765,14.072190286348224,42.920035155400775,-0.9407115511774231,0.18944711008031703,-10,0.3,0.0
39.55000066757202,14.072190286348224,42.920035155400775,-0.9407115511774231,0.18944711008031703,-10,0.3,0.0
39.56000065803528,15.962900178433701,45.029534985942234,-0.8883662307214307,0.33799723666419484,-10,0.3,0.0
39.570000648498535,15.962900178433701,45.029534985942234,-0.8883662307214307,0.33799723666419484,-10,0.3,0.0
39.58000063896179,17.776936563198422,47.118083213089605,-0.7718952277685502,0.4487842012019627,-10,0.3,0.0
39.59000062942505,17.776936563198422,47.118083213089605,-0.7718952277685502,0.4487842012019627,-10,0.3,0.0
39.600000619888306,19.378405826567217,48.77467760036226,-0.645019693251978,0.5060688821275886,-10,0.3,0.0
39.61000061035156,19.378405826567217,48.77467760036226,-0.645019693251978,0.5060688821275886,-10,0.3,0.0
39.6200008392334,20.83861301944353,50.204675350691694,-0.5796687083413706,0.6216958656459743,-10,0.3,0.0
39.630000591278076,20.83861301944353,50.204675350691694,-0.5796687083413706,0.6216958656459743,-10,0.3,0.0
39.64000105857849,22.24169587243265,51.71653291974383,-0.4491172665836392,0.6789482579801916,-10,0.3,0.0
39.65000057220459,22.24169587243265,51.71653291974383,-0.4491172665836392,0.6789482579801916,-10,0.3,0.0
39.660000801086426,23.638525623348716,53.54352686612922,-0.3855075950837657,0.7896060681523228,-10,0.3,0.0
39.6700005531311,23.638525623348716,53.54352686612922,-0.3855075950837657,0.7896060681523228,-10,0.3,0.0
39.68000030517578,25.163045297818876,55.735589705326824,-0.2655973142101297,0.8915015448009102,-10,0.3,0.0
39.69000053405762,25.163045297818876,55.735589705326824,-0.2655973142101297,0.8915015448009102,-10,0.3,0.0
39.700000524520874,26.74872129444748,58.111131223970034,-0.21088749018361777,1.01837866965491,-10,0.3,0.0
39.71000051498413,26.74872129444748,58.111131223970034,-0.21088749018361777,1.01837866965491,-10,0.3,0.0
39.72000050544739,28.214874119550114,60.261951970225965,-0.11593543831933231,1.0792948829701638,-10,0.3,0.0
39.730000495910645,28.214874119550114,60.261951970225965,-0.11593543831933231,1.0792948829701638,-10,0.3,0.0
39.74000072479248,29.533829582268222,61.89453176992233,-0.07728399582880847,1.1010175632637553,-10,0.3,0.0
39.75000071525574,29.533829582268222,61.89453176992233,-0.07728399582880847,1.1010175632637553,-10,0.3,0.0
39.760000705718994,30.79702497827895,63.50227869367225,-0.045576132530865364,1.1242672954765134,-10,0.3,0.0
39.77000093460083,30.79702497827895,63.50227869367225,-0.045576132530865364,1.1242672954765134,-10,0.3,0.0
39.78000068664551,32.06142022893295,65.2914052596953,-0.006172714207220822,1.1105559695066554,-10,0.3,0.0
39.790000677108765,32.06142022893295,65.2914052596953,-0.006172714207220822,1.1105559695066554,-10,0.3,0.0
39.80000066757202,33.31364130905983,67.0202649516971,-6.794452876866152e-05,1.0460189349309337,-10,0.3,0.0
39.81000065803528,33.31364130905983,67.0202649516971,-6.794452876866152e-05,1.0460189349309337,-10,0.3,0.0
39.820000648498535,34.69525376054147,68.71750843441806,0.0,0.9978055946409063,-10,0.3,0.0
39.83000063896179,34.69525376054147,68.71750843441806,0.0,0.9978055946409063,-10,0.3,0.0
39.84000062942505,36.041863502630946,70.4565237490108,0.009766567512347722,0.876590690139166,-10,0.3,0.0
39.850000858306885,36.041863502630946,70.4565237490108,0.009766567512347722,0.876590690139166,-10,0.3,0.0
39.86000108718872,37.35958578472146,72.15348941750163,0.025208094985965185,0.731793383185373,-10,0.3,0.0
39.87000060081482,37.35958578472146,72.15348941750163,0.025208094985965185,0.731793383185373,-10,0.3,0.0
39.880000829696655,38.679467811723214,73.56188617921954,0.047178321147027864,0.6541020398302799,-10,0.3,0.0
39.89000058174133,38.679467811723214,73.56188617921954,0.047178321147027864,0.6541020398302799,-10,0.3,0.0
39.90000081062317,39.9974320031237,74.73882804987899,0.07513229086626506,0.5747759491117617,-10,0.3,0.0
39.910000801086426,39.9974320031237,74.73882804987899,0.07513229086626506,0.5747759491117617,-10,0.3,0.0
39.92000079154968,41.22528808972574,76.04505035987937,0.14681164046218032,0.4169006632505669,-10,0.3,0.0
39.93000054359436,41.22528808972574,76.04505035987937,0.14681164046218032,0.4169006632505669,-10,0.3,0.0
39.94000053405762,42.26357717581279,77.37033019953617,0.18944711008031703,0.34119203694094874,-10,0.3,0.0
39.950000524520874,42.26357717581279,77.37033019953617,0.18944711008031703,0.34119203694094874,-10,0.3,0.0
39.96000051498413,43.24629201469511,78.58159363147895,0.23588650273954542,0.2695298009340228,-10,0.3,0.0
39.97000050544739,43.24629201469511,78.58159363147895,0.23588650273954542,0.2695298009340228,-10,0.3,0.0
39.980000495910645,44.38509734048448,79.61389303938957,0.2855848633105949,0.2033342396463181,-10,0.3,0.0
39.9900004863739,44.38509734048448,79.61389303938957,0.2855848633105949,0.2033342396463181,-10,0.3,0.0
