timestamp,mtr_pos_L,mtr_pos_R,mtr_vel_L,mtr_vel_R,GRF_L,GRF_R,CoP_L,CoP_R,gpio_output
10.000000476837158,11.8,-0.0,4.71238898038469,-9.250245035569947,0.9133701378966761,0.008669621632743436,0.8809598088264465,85.79335021972656,0.0
10.010000705718994,12.100000000000001,-0.1,16.58062789394613,-3.490658503988659,0.9041905385208301,0.04283813042061462,0.8583175539970398,16.84433364868164,1.0
10.02000093460083,12.700000000000001,-0.2,30.194196059501902,-7.67944870877505,0.9041905385208301,0.04283813042061462,0.8583175539970398,16.84433364868164,1.0
10.030000686645508,14.600000000000001,-0.4,49.56735075663896,-12.042771838760874,0.9041905385208301,0.04283813042061462,0.8583175539970398,16.84433364868164,1.0
10.040000915527344,14.600000000000001,-1.0,49.56735075663896,-24.958208303518912,0.9041905385208301,0.04283813042061462,0.8583175539970398,16.84433364868164,1.0
10.050000667572021,15.399999999999999,-1.5,49.741883681838395,-32.98672286269283,0.9041905385208301,0.04283813042061462,0.8583175539970398,16.84433364868164,1.0
10.060000658035278,17.0,-2.1,40.14257279586958,-26.878070480712676,0.7950553014968833,0.6507316001988602,0.4143367409706116,0.158021941781044,1.0
10.070000410079956,17.0,-2.4000000000000004,40.14257279586958,-20.245819323134224,0.7950553014968833,0.6507316001988602,0.4143367409706116,0.158021941781044,1.0
10.080000638961792,17.5,-2.8000000000000007,30.368728984701335,-23.212879051524585,0.7950553014968833,0.6507316001988602,0.4143367409706116,0.158021941781044,1.0
10.09000039100647,17.799999999999997,-3.2,17.976891295541595,-22.340214425527417,0.569645139045554,1.0434144623878276,0.13660429418087006,0.4154907166957855,1.0
10.100000619888306,17.900000000000006,-3.5,6.457718232379019,-14.660765716752369,0.569645139045554,1.0434144623878276,0.13660429418087006,0.4154907166957855,1.0
10.110000610351562,17.799999999999997,-3.5,-1.7453292519943295,-2.0943951023931953,0.569645139045554,1.0434144623878276,0.13660429418087006,0.4154907166957855,1.0
10.12000036239624,17.7,-3.5,-6.806784082777885,-0.8726646259971648,0.35443453145627574,1.268824624839157,1.1518633365631104,0.6433408260345459,1.0
10.130000829696655,17.5,-3.4000000000000004,-12.217304763960307,1.0471975511965976,0.35443453145627574,1.268824624839157,1.1518633365631104,0.6433408260345459,1.0
10.140000581741333,17.1,-3.4000000000000004,-18.675022996339326,0.3490658503988659,0.35443453145627574,1.268824624839157,1.1518633365631104,0.6433408260345459,1.0
10.150000810623169,16.6,-3.4000000000000004,-24.958208303518912,2.792526803190927,0.17441238814107382,1.3198223991494125,3.459537982940674,0.7687526941299438,1.0
10.160000562667847,16.1,-3.3000000000000007,-28.623399732707004,5.934119456780721,0.17441238814107382,1.3198223991494125,3.459537982940674,0.7687526941299438,1.0
10.170000791549683,15.5,-3.2,-31.2413936106985,5.585053606381854,0.17441238814107382,1.3198223991494125,3.459537982940674,0.7687526941299438,1.0
10.18000054359436,14.999999999999998,-3.1,-28.623399732707004,3.839724354387525,0.06986695080505004,1.292793578764977,9.908080101013184,0.8394536375999451,1.0
10.190000295639038,14.5,-3.0,-25.132741228718345,5.585053606381854,0.06986695080505004,1.292793578764977,9.908080101013184,0.8394536375999451,1.0
10.200000286102295,14.200000000000001,-3.0,-17.62782544514273,0.6981317007977318,0.06986695080505004,1.292793578764977,9.908080101013184,0.8394536375999451,1.0
10.21000051498413,14.100000000000003,-3.0,-9.773843811168245,-0.0,0.06986695080505004,1.292793578764977,9.908080101013184,0.8394536375999451,0.0
10.220000267028809,14.0,-3.0,-3.839724354387525,-0.0,0.0030598664586153302,1.1443900555221336,223.2443389892578,0.8868609666824341,0.0
10.230000495910645,14.100000000000003,-3.0,1.2217304763960306,-0.17453292519943295,0.0030598664586153302,1.1443900555221336,223.2443389892578,0.8868609666824341,0.0
10.24000096321106,14.100000000000003,-3.0,0.17453292519943295,-0.0,0.0030598664586153302,1.1443900555221336,223.2443389892578,0.8868609666824341,0.0
10.250000476837158,14.100000000000003,-3.0,0.0,-0.0,0.007649666146538325,0.9924166880775721,77.4576644897461,0.8816002011299133,0.0
10.260000944137573,14.100000000000003,-3.0,3.3161255787892263,0.17453292519943295,0.007649666146538325,0.9924166880775721,77.4576644897461,0.8816002011299133,0.0
10.270000696182251,14.300000000000002,-3.0,6.806784082777885,-0.0,0.007649666146538325,0.9924166880775721,77.4576644897461,0.8816002011299133,0.0
10.280000925064087,14.5,-2.9000000000000004,10.297442586766545,4.537856055185257,0.004079821944820441,0.8924610504294713,134.11099243164062,0.8807713985443115,0.0
10.290000438690186,14.600000000000001,-2.6,8.901179185171081,11.868238913561441,0.004079821944820441,0.8924610504294713,134.11099243164062,0.8807713985443115,0.0
10.300000429153442,14.700000000000001,-2.2,5.934119456780721,24.609142453120047,0.004589799687922995,0.8644122745588307,117.68877410888672,0.8856961727142334,0.0
10.310000658035278,14.700000000000001,-1.4000000000000004,0.8726646259971648,39.269908169872416,0.004589799687922995,0.8644122745588307,117.68877410888672,0.8856961727142334,0.0
10.320000648498535,14.700000000000001,-0.5,0.0,45.72762640225143,0.004589799687922995,0.8644122745588307,117.68877410888672,0.8856961727142334,0.0
10.330000638961792,14.700000000000001,0.30000000000000004,0.0,51.66174585903215,0.0030598664586153302,0.8863413175122407,188.31100463867188,0.8880794048309326,0.0
10.340000629425049,14.700000000000001,1.3,-0.3490658503988659,54.97787143782138,0.0030598664586153302,0.8863413175122407,188.31100463867188,0.8880794048309326,0.0
10.350000619888306,14.700000000000001,2.4000000000000004,-0.17453292519943295,57.07226654021458,0.0030598664586153302,0.8863413175122407,188.31100463867188,0.8880794048309326,0.0
10.360000371932983,14.700000000000001,3.4000000000000004,-1.7453292519943295,54.97787143782138,0.004079821944820441,0.9597781125190086,158.41099548339844,0.8885748982429504,0.0
10.370000839233398,14.700000000000001,4.4,-0.3490658503988659,55.850536063818545,0.004079821944820441,0.9597781125190086,158.41099548339844,0.8885748982429504,0.0
10.380000591278076,14.600000000000001,5.300000000000001,-0.6981317007977318,52.53441048502932,0.004079821944820441,0.9597781125190086,158.41099548339844,0.8885748982429504,0.0
10.390000820159912,14.600000000000001,6.300000000000001,-0.5235987755982988,53.581608036225916,0.005609755174128105,1.0510641285343658,130.0200958251953,0.8851183652877808,0.0
10.40000057220459,14.5,7.200000000000001,-5.934119456780721,49.21828490624009,0.005609755174128105,1.0510641285343658,130.0200958251953,0.8851183652877808,0.0
10.410001039505005,14.300000000000002,8.100000000000001,-10.122909661567112,50.09094953223726,0.005609755174128105,1.0510641285343658,130.0200958251953,0.8851183652877808,0.0
10.420000791549683,14.100000000000003,8.899999999999999,-12.915436464758038,45.378560551852566,0.0061197329172306605,1.1102215467342622,129.84432983398438,0.8834878206253052,0.0
10.43000054359436,13.8,9.700000000000001,-13.264502315156905,44.33136300065597,0.0061197329172306605,1.1102215467342622,129.84432983398438,0.8834878206253052,0.0
10.440000534057617,13.600000000000001,10.5,-15.3588974175501,40.14257279586958,0.0061197329172306605,1.1102215467342622,129.84432983398438,0.8834878206253052,0.0
10.450000524520874,13.3,10.9,-16.406094968746697,28.623399732707004,0.004589799687922995,1.1066517025325444,175.55545043945312,0.886788010597229,0.0
10.46000051498413,12.9,11.4,-19.02408884673819,26.354471705114378,0.004589799687922995,1.1066517025325444,175.55545043945312,0.886788010597229,0.0
10.470000505447388,12.5,11.900000000000002,-21.118483949131388,25.830872929516076,0.004589799687922995,1.1066517025325444,175.55545043945312,0.886788010597229,0.0
10.480000495910645,12.100000000000001,12.200000000000001,-24.26007660272118,16.929693744344995,0.007649666146538325,1.094412236698083,105.40433502197266,0.8852721452713013,0.0
10.490000486373901,11.600000000000001,12.200000000000001,-24.958208303518912,2.9670597283903604,0.007649666146538325,1.094412236698083,105.40433502197266,0.8852721452713013,0.0
10.500000476837158,10.999999999999998,12.100000000000001,-30.543261909900767,-0.5235987755982988,0.007649666146538325,1.094412236698083,105.40433502197266,0.8852721452713013,0.0
10.510000705718994,10.299999999999999,12.200000000000001,-36.302848441482055,0.5235987755982988,0.007649666146538325,1.094412236698083,105.40433502197266,0.8852721452713013,0.0
10.52000093460083,9.600000000000001,12.200000000000001,-38.92084231947355,2.2689280275926285,0.005609755174128105,1.070443282772263,143.98373413085938,0.8825207352638245,0.0
10.530000686645508,8.899999999999999,12.4,-39.444441095071845,7.853981633974483,0.005609755174128105,1.070443282772263,143.98373413085938,0.8825207352638245,0.0
10.540000915527344,8.3,12.5,-35.604716740684324,9.42477796076938,0.005609755174128105,1.070443282772263,143.98373413085938,0.8825207352638245,0.0
10.550000429153442,7.800000000000001,12.9,-28.44886680750757,18.151424220741028,0.006629710660333216,1.0505541507912635,121.88023376464844,0.8851165175437927,0.0
10.5600004196167,7.400000000000001,13.5,-20.943951023931955,32.2885911618951,0.006629710660333216,1.0505541507912635,121.88023376464844,0.8851165175437927,0.0
10.570000648498535,7.200000000000001,14.200000000000001,-12.915436464758038,34.73205211468716,0.006629710660333216,1.0505541507912635,121.88023376464844,0.8851165175437927,0.0
10.580000638961792,7.1000000000000005,14.800000000000002,-5.585053606381854,32.46312408709453,0.004589799687922995,1.029135085580956,176.35543823242188,0.8850356936454773,0.0
10.59000039100647,7.1000000000000005,15.399999999999999,0.0,33.85938748868999,0.004589799687922995,1.029135085580956,176.35543823242188,0.8850356936454773,0.0
10.600000619888306,7.1000000000000005,16.0,-0.5235987755982988,31.590459461097364,0.004589799687922995,1.029135085580956,176.35543823242188,0.8850356936454773,0.0
10.610000610351562,7.1000000000000005,16.3,0.6981317007977318,15.184364492350667,0.004589799687922995,1.009755931343059,176.35543823242188,0.8849595785140991,0.0
10.62000036239624,7.1000000000000005,16.3,0.17453292519943295,5.061454830783556,0.004589799687922995,1.009755931343059,176.35543823242188,0.8849595785140991,0.0
10.630000829696655,7.200000000000001,16.3,2.2689280275926285,0.17453292519943295,0.004589799687922995,1.009755931343059,176.35543823242188,0.8849595785140991,0.0
10.640000581741333,7.400000000000001,16.3,10.821041362364843,-0.17453292519943295,0.00509977743102555,0.9577382015465984,152.63099670410156,0.8826102018356323,0.0
10.650000810623169,7.800000000000001,16.3,20.59488517353309,-0.0,0.00509977743102555,0.9577382015465984,152.63099670410156,0.8826102018356323,0.0
10.660000562667847,8.4,16.3,28.97246558310587,-0.0,0.00509977743102555,0.9577382015465984,152.63099670410156,0.8826102018356323,0.0
10.670000791549683,9.0,16.3,37.69911184307752,-0.0,0.03671839750338396,0.8552326751829848,18.4776668548584,0.857038140296936,0.0
10.68000054359436,9.700000000000001,16.3,36.302848441482055,-0.0,0.03671839750338396,0.8552326751829848,18.4776668548584,0.857038140296936,0.0
10.690000772476196,10.299999999999999,16.3,34.20845333908886,-1.3962634015954636,0.03671839750338396,0.8552326751829848,18.4776668548584,0.857038140296936,0.0
10.700000524520874,10.8,16.200000000000003,28.44886680750757,-3.839724354387525,0.36004428663040383,0.6288025572454503,0.5908867120742798,0.4815385341644287,0.0
10.710000276565552,11.3,15.899999999999999,25.132741228718345,-15.3588974175501,0.36004428663040383,0.6288025572454503,0.5908867120742798,0.4815385341644287,0.0
10.720000505447388,11.8,15.399999999999999,28.44886680750757,-25.830872929516076,0.36004428663040383,0.6288025572454503,0.5908867120742798,0.4815385341644287,0.0
10.730000495910645,12.5,14.900000000000002,33.68485456349056,-27.925268031909273,0.9026606052915224,0.35239462048386555,0.5563446283340454,0.9263401031494141,0.0
10.740000486373901,13.100000000000001,14.300000000000002,35.95378259108319,-28.97246558310587,0.9026606052915224,0.35239462048386555,0.5563446283340454,0.9263401031494141,0.0
10.750000476837158,13.8,13.8,37.17551306747922,-31.93952531149623,0.9026606052915224,0.35239462048386555,0.5563446283340454,0.9263401031494141,0.0
10.760000705718994,14.200000000000001,13.3,25.830872929516076,-25.656340004316643,0.9026606052915224,0.35239462048386555,0.5563446283340454,0.9263401031494141,0.0
10.770000457763672,14.400000000000002,13.000000000000002,11.170107212763709,-15.184364492350667,1.3784698396062063,0.07853657243779348,0.840165376663208,11.672039031982422,0.0
10.780000925064087,14.400000000000002,12.8,2.0943951023931953,-13.788101090755204,1.3784698396062063,0.07853657243779348,0.840165376663208,11.672039031982422,0.0
10.790000677108765,14.400000000000002,12.4,0.3490658503988659,-21.81661564992912,1.3784698396062063,0.07853657243779348,0.840165376663208,11.672039031982422,0.0
10.800000667572021,14.400000000000002,11.8,0.3490658503988659,-31.590459461097364,1.3840795947803344,0.004079821944820441,0.8860523104667664,241.11099243164062,0.0
10.810000658035278,14.400000000000002,11.100000000000001,0.5235987755982988,-35.08111796508602,1.3840795947803344,0.004079821944820441,0.8860523104667664,241.11099243164062,0.0
10.820000648498535,14.5,10.4,4.1887902047863905,-36.82644721708035,1.3840795947803344,0.004079821944820441,0.8860523104667664,241.11099243164062,0.0
10.830000400543213,14.700000000000001,9.700000000000001,8.726646259971648,-39.79350694547071,1.312172733002874,0.007649666146538325,0.884958028793335,121.6709976196289,0.0
10.840000629425049,14.999999999999998,9.100000000000001,13.61356816555577,-36.302848441482055,1.312172733002874,0.007649666146538325,0.884958028793335,121.6709976196289,0.0
10.850000619888306,15.200000000000003,8.4,15.3588974175501,-34.73205211468716,1.2270064499047475,0.00509977743102555,0.8876699805259705,172.63099670410156,0.0
10.860000610351562,15.5,7.699999999999999,16.755160819145562,-39.96803987067015,1.2270064499047475,0.00509977743102555,0.8876699805259705,172.63099670410156,0.0
10.870000839233398,15.899999999999999,7.1000000000000005,16.406094968746697,-33.16125578789226,1.2270064499047475,0.00509977743102555,0.8876699805259705,172.63099670410156,0.0
10.880000591278076,16.1,6.500000000000001,12.740903539558605,-30.892327760299633,1.2270064499047475,0.00509977743102555,0.8876699805259705,172.63099670410156,0.0
10.890000820159912,16.200000000000003,6.0,5.061454830783556,-30.543261909900767,1.0240353081499305,0.002549888715512775,0.8866095542907715,290.7909851074219,0.0
10.90000057220459,16.1,5.7,0.0,-19.198621771937624,1.0240353081499305,0.002549888715512775,0.8866095542907715,290.7909851074219,0.0
10.910000801086426,16.1,5.499999999999999,-0.17453292519943295,-9.599310885968812,1.0240353081499305,0.002549888715512775,0.8866095542907715,290.7909851074219,0.0
10.920000314712524,16.1,5.4,-1.0471975511965976,-5.934119456780721,0.8929710281725739,0.004589799687922995,0.8821467757225037,142.57766723632812,0.0
10.93000054359436,16.1,5.4,-2.6179938779914944,-1.0471975511965976,0.8929710281725739,0.004589799687922995,0.8821467757225037,142.57766723632812,0.0
10.940371036529541,16.0,5.300000000000001,-4.537856055185257,-6.981317007977318,0.8929710281725739,0.004589799687922995,0.8821467757225037,142.57766723632812,0.0
10.950000286102295,15.8,5.0,-7.3303828583761845,-12.740903539558605,0.8929710281725739,0.004589799687922995,0.8821467757225037,142.57766723632812,0.0
10.96000051498413,15.5,4.7,-15.3588974175501,-17.62782544514273,0.8363634986881903,0.0020399109724102203,0.8899756073951721,307.71099853515625,0.0
10.970000505447388,14.999999999999998,4.3,-27.925268031909273,-20.420352248333657,0.8363634986881903,0.0020399109724102203,0.8899756073951721,307.71099853515625,0.0
10.980000257492065,14.100000000000003,4.0,-44.15683007545654,-15.184364492350667,0.8363634986881903,0.0020399109724102203,0.8899756073951721,307.71099853515625,0.0
10.990000247955322,13.200000000000003,3.9000000000000004,-52.01081170943102,-8.726646259971648,0.8521728087243695,0.006629710660333216,0.8822973966598511,97.75715637207031,0.0
11.000000476837158,11.3,3.8000000000000007,-51.13814708343386,-5.934119456780721,0.8521728087243695,0.006629710660333216,0.8822973966598511,97.75715637207031,0.0
11.010000705718994,11.3,3.7000000000000006,-51.13814708343386,-6.632251157578453,0.8521728087243695,0.006629710660333216,0.8822973966598511,97.75715637207031,0.0
11.02000093460083,10.5,3.5,-45.90215932745087,-8.901179185171081,0.8975608278604968,0.007649666146538325,0.8808181881904602,91.59100341796875,0.0
11.030000686645508,9.8,3.3000000000000007,-37.000980142279786,-10.64650843716541,0.8975608278604968,0.007649666146538325,0.8808181881904602,91.59100341796875,0.0
11.040000915527344,9.4,3.0,-20.420352248333657,-17.10422666954443,0.8975608278604968,0.007649666146538325,0.8808181881904602,91.59100341796875,0.0
11.050000429153442,9.4,2.5,-5.410520681182422,-25.132741228718345,0.8975608278604968,0.007649666146538325,0.8808181881904602,91.59100341796875,0.0
11.060000658035278,9.600000000000001,1.8000000000000003,3.141592653589793,-12.740903539558605,0.8975608278604968,0.007649666146538325,0.8808181881904602,91.59100341796875,0.0
11.070000648498535,9.8,1.8000000000000003,9.599310885968812,-3.839724354387525,0.9679377564086494,0.020909087467204757,0.8801485896110535,37.12075424194336,0.0
11.080000638961792,9.8,1.8000000000000003,9.599310885968812,-3.839724354387525,0.9679377564086494,0.020909087467204757,0.8801485896110535,37.12075424194336,0.0
11.09000039100647,10.100000000000001,1.8000000000000003,17.976891295541595,-0.3490658503988659,0.9679377564086494,0.020909087467204757,0.8801485896110535,37.12075424194336,0.0
11.100000619888306,10.700000000000001,1.8000000000000003,29.845130209103036,-0.0,0.8858313397691381,0.07394677274987048,0.8387985229492188,9.163414001464844,0.0
11.110000371932983,11.5,1.8000000000000003,41.01523742186674,-0.0,0.8858313397691381,0.07394677274987048,0.8387985229492188,9.163414001464844,0.0
11.12000060081482,12.4,1.8000000000000003,51.66174585903215,-0.0,0.8858313397691381,0.07394677274987048,0.8387985229492188,9.163414001464844,0.0
11.130000829696655,13.600000000000001,1.8000000000000003,61.61012259539983,-0.0,0.7522171710762687,0.6568513331160909,0.36886441707611084,0.08304969221353531,0.0
11.140000581741333,14.800000000000002,1.8000000000000003,67.54424205218055,-0.3490658503988659,0.7522171710762687,0.6568513331160909,0.36886441707611084,0.08304969221353531,0.0
11.15000057220459,16.1,1.8000000000000003,66.14797865058509,-0.0,0.7522171710762687,0.6568513331160909,0.36886441707611084,0.08304969221353531,0.0
11.160000562667847,17.1,1.8000000000000003,57.77039824101231,-0.0,0.5701551167886565,1.0148557087740846,0.13354025781154633,0.4049798846244812,0.0
11.170000791549683,17.799999999999997,1.7000000000000002,39.79350694547071,-1.9198621771937625,0.5701551167886565,1.0148557087740846,0.13354025781154633,0.4049798846244812,0.0
11.18000054359436,18.1,1.5,20.07128639793479,-11.344640137963141,0.5701551167886565,1.0148557087740846,0.13354025781154633,0.4049798846244812,0.0
11.190000534057617,18.0,1.2000000000000002,-1.7453292519943295,-15.882496193148398,0.37840348538209584,1.1576494768427998,0.8393018841743469,0.6017753481864929,0.0
11.200000286102295,17.799999999999997,0.8,-9.42477796076938,-23.56194490192345,0.37840348538209584,1.1576494768427998,0.8393018841743469,0.6017753481864929,0.0
11.210000276565552,17.400000000000002,0.30000000000000004,-17.976891295541595,-25.307274153917778,0.37840348538209584,1.1576494768427998,0.8393018841743469,0.6017753481864929,0.0
11.220000505447388,16.8,0.1,-31.2413936106985,-10.122909661567112,0.2050110527272271,1.2805541129305158,2.6373682022094727,0.7484982013702393,0.0
11.230000495910645,16.1,0.1,-38.92084231947355,-5.235987755982989,0.2050110527272271,1.2805541129305158,2.6373682022094727,0.7484982013702393,0.0
11.240000486373901,15.399999999999999,-0.0,-38.571776469074685,-2.9670597283903604,0.2050110527272271,1.2805541129305158,2.6373682022094727,0.7484982013702393,0.0
11.250000238418579,14.700000000000001,-0.1,-36.477381366681485,-13.788101090755204,0.08669621632743435,1.3585807076252066,8.160411834716797,0.836147129535675,0.0
11.260000944137573,14.0,-0.6000000000000001,-14.486232791552935,-24.08554367752175,0.08669621632743435,1.3585807076252066,8.160411834716797,0.836147129535675,0.0
11.270000696182251,14.0,-1.2000000000000002,-14.486232791552935,-29.321531433504738,0.08669621632743435,1.3585807076252066,8.160411834716797,0.836147129535675,0.0
11.280000925064087,14.0,-1.5,-2.0943951023931953,-20.07128639793479,0.018869176494794537,1.312172733002874,40.0839729309082,0.8784286975860596,0.0
11.290000438690186,14.0,-1.6,0.0,-4.363323129985824,0.018869176494794537,1.312172733002874,40.0839729309082,0.8784286975860596,0.0
11.300000429153442,14.100000000000003,-1.6,4.537856055185257,-0.5235987755982988,0.018869176494794537,1.312172733002874,40.0839729309082,0.8784286975860596,0.0
11.3100004196167,14.300000000000002,-1.6,7.504915783575617,-0.0,0.018869176494794537,1.312172733002874,40.0839729309082,0.8784286975860596,0.0
11.320000648498535,14.600000000000001,-1.5,14.137166941154069,1.9198621771937625,0.01121951034825621,1.0510641285343658,55.83827209472656,0.8816249370574951,0.0
11.330000638961792,14.900000000000002,-1.5,16.755160819145562,3.3161255787892263,0.01121951034825621,1.0510641285343658,55.83827209472656,0.8816249370574951,0.0
11.340000629425049,15.200000000000003,-1.2000000000000002,16.406094968746697,9.948376736367678,0.01121951034825621,1.0510641285343658,55.83827209472656,0.8816249370574951,0.0
11.350000619888306,15.5,-1.0,6.1086523819801535,11.693705988362009,0.01121951034825621,1.0510641285343658,55.83827209472656,0.8816249370574951,0.0
11.360000610351562,15.5,-0.8,0.8726646259971648,11.170107212763709,0.007139688403435771,0.9174499598414965,78.31099700927734,0.8809955716133118,0.0
11.370000839233398,15.5,-0.6000000000000001,0.8726646259971648,13.08996938995747,0.007139688403435771,0.9174499598414965,78.31099700927734,0.8809955716133118,0.0
11.380000591278076,15.5,-0.2,-0.17453292519943295,20.420352248333657,0.007649666146538325,0.8700220297329588,70.95099639892578,0.8833727836608887,0.0
11.390000820159912,15.5,0.30000000000000004,-0.17453292519943295,30.194196059501902,0.007649666146538325,0.8700220297329588,70.95099639892578,0.8833727836608887,0.0
11.40000057220459,15.399999999999999,0.9000000000000001,-3.141592653589793,31.93952531149623,0.007649666146538325,0.8700220297329588,70.95099639892578,0.8833727836608887,0.0
11.410000801086426,14.700000000000001,1.4000000000000004,-23.212879051524585,27.05260340591211,0.007649666146538325,0.8700220297329588,70.95099639892578,0.8833727836608887,0.0
11.420000314712524,14.700000000000001,1.9000000000000004,-23.212879051524585,31.590459461097364,0.005609755174128105,0.8960308946311892,103.03826904296875,0.8830808401107788,0.0
11.43000054359436,14.100000000000003,2.5,-33.335788713091695,32.46312408709453,0.005609755174128105,0.8960308946311892,103.03826904296875,0.8830808401107788,0.0
11.440000534057617,12.600000000000001,3.0,-42.06243497306334,24.78367537831948,0.0030598664586153302,0.9511084908862651,207.51100158691406,0.8872841596603394,0.0
11.450000524520874,12.600000000000001,3.3000000000000007,-42.06243497306334,19.54768762233649,0.0030598664586153302,0.9511084908862651,207.51100158691406,0.8872841596603394,0.0
11.46000051498413,11.700000000000001,3.8000000000000007,-47.99655442984406,25.830872929516076,0.0030598664586153302,0.9511084908862651,207.51100158691406,0.8872841596603394,0.0
11.470000267028809,10.8,4.4,-51.48721293383272,29.845130209103036,0.005609755174128105,1.0306650188102637,126.67463684082031,0.8854374289512634,0.0
11.480000495910645,9.8,4.800000000000001,-53.05800926062762,25.307274153917778,0.005609755174128105,1.0306650188102637,126.67463684082031,0.8854374289512634,0.0
11.490000486373901,8.8,5.2,-51.312680008633286,20.59488517353309,0.005609755174128105,1.0306650188102637,126.67463684082031,0.8854374289512634,0.0
11.500000238418579,7.9,5.7,-49.56735075663896,28.623399732707004,0.005609755174128105,1.0306650188102637,126.67463684082031,0.8854374289512634,0.0
11.510000705718994,7.1000000000000005,6.4,-47.99655442984406,35.95378259108319,0.00509977743102555,1.1163412796514929,157.27099609375,0.8871726989746094,0.0
11.52000093460083,5.2,7.0,-50.96361415823442,31.590459461097364,0.00509977743102555,1.1163412796514929,157.27099609375,0.8871726989746094,0.0
11.530000686645508,5.2,7.499999999999999,-50.96361415823442,31.066860685499066,0.00509977743102555,1.1163412796514929,157.27099609375,0.8871726989746094,0.0
11.540001153945923,4.3,8.100000000000001,-51.312680008633286,33.68485456349056,0.0061197329172306605,1.1245009235411338,134.91099548339844,0.8857346773147583,0.0
11.550000667572021,3.4000000000000004,8.6,-49.39281783143953,25.830872929516076,0.0061197329172306605,1.1245009235411338,134.91099548339844,0.8857346773147583,0.0
11.560000658035278,2.5,8.899999999999999,-47.29842272904633,19.02408884673819,0.0061197329172306605,1.1245009235411338,134.91099548339844,0.8857346773147583,0.0
11.570000648498535,1.7000000000000002,9.3,-44.85496177625427,20.943951023931955,0.005609755174128105,1.0745231047170836,143.18373107910156,0.8852031230926514,0.0
11.580000638961792,0.9000000000000001,9.8,-45.553093477052,26.703537555513243,0.005609755174128105,1.0745231047170836,143.18373107910156,0.8852031230926514,0.0
11.590000629425049,0.1,10.299999999999999,-45.20402762665314,25.307274153917778,0.005609755174128105,1.0745231047170836,143.18373107910156,0.8852031230926514,0.0
11.600000619888306,-0.6000000000000001,10.5,-42.236967898262776,15.707963267948966,0.00509977743102555,1.0123058200585717,151.27099609375,0.8845667243003845,0.0
11.610000610351562,-1.3,10.700000000000001,-38.04817769347638,8.028514559173916,0.00509977743102555,1.0123058200585717,151.27099609375,0.8845667243003845,0.0
11.62000060081482,-1.9000000000000004,10.8,-32.81218993749339,6.981317007977318,0.00509977743102555,1.0123058200585717,151.27099609375,0.8845667243003845,0.0
11.630000829696655,-2.3000000000000007,10.999999999999998,-27.05260340591211,10.122909661567112,0.00509977743102555,1.0123058200585717,151.27099609375,0.8845667243003845,0.0
11.640000581741333,-2.7,11.3,-19.02408884673819,16.929693744344995,0.00509977743102555,1.0123058200585717,151.27099609375,0.8845667243003845,0.0
11.650000810623169,-2.9000000000000004,11.700000000000001,-12.217304763960307,20.943951023931955,0.00509977743102555,0.9505985131431626,147.59100341796875,0.8834205865859985,0.0
11.660000562667847,-3.0,12.0,-6.632251157578453,16.755160819145562,0.00509977743102555,0.9505985131431626,147.59100341796875,0.8834205865859985,0.0
11.670000553131104,-3.0,12.100000000000001,0.0,6.632251157578453,0.00509977743102555,0.9505985131431626,147.59100341796875,0.8834205865859985,0.0
11.68000054359436,-3.0,12.100000000000001,-0.5235987755982988,1.2217304763960306,0.0035698442017178854,0.977627333527598,221.7395782470703,0.8856614232063293,0.0
11.690000295639038,-3.0,12.100000000000001,0.17453292519943295,-0.5235987755982988,0.0035698442017178854,0.977627333527598,221.7395782470703,0.8856614232063293,0.0
11.700000524520874,-3.0,12.100000000000001,0.0,-1.0471975511965976,0.0035698442017178854,0.977627333527598,221.7395782470703,0.8856614232063293,0.0
11.71000051498413,-3.0,12.0,0.0,-3.141592653589793,0.0035698442017178854,0.977627333527598,221.7395782470703,0.8856614232063293,0.0
11.720000505447388,-2.9000000000000004,12.0,2.792526803190927,-0.5235987755982988,0.017339243265486873,0.9597781125190086,44.99335479736328,0.8702964782714844,0.0
11.730000495910645,-2.9000000000000004,12.0,2.792526803190927,-0.5235987755982988,0.017339243265486873,0.9597781125190086,44.99335479736328,0.8702964782714844,0.0
11.740000486373901,-2.7,12.0,8.203047484373348,0.5235987755982988,0.017339243265486873,0.9597781125190086,44.99335479736328,0.8702964782714844,0.0
11.750000238418579,-2.5,12.0,14.311699866353502,-0.0,0.09893568216189567,0.9016406498053173,6.75636100769043,0.8102669715881348,0.0
11.760000944137573,-2.1,12.100000000000001,20.245819323134224,2.9670597283903604,0.09893568216189567,0.9016406498053173,6.75636100769043,0.8102669715881348,0.0
11.770000696182251,-1.6,12.100000000000001,27.22713633111154,2.9670597283903604,0.09893568216189567,0.9016406498053173,6.75636100769043,0.8102669715881348,0.0
11.780000925064087,-0.9000000000000001,12.200000000000001,35.95378259108319,6.806784082777885,0.7124389071142694,0.7435475494435252,0.001956333639100194,0.23714815080165863,0.0
11.790000677108765,0.0,12.4,47.82202150464463,6.632251157578453,0.7124389071142694,0.7435475494435252,0.001956333639100194,0.23714815080165863,0.0
11.800000429153442,1.0,12.600000000000001,57.94493116621174,11.519173063162574,0.7124389071142694,0.7435475494435252,0.001956333639100194,0.23714815080165863,0.0
11.8100004196167,2.3000000000000007,12.9,67.71877497737998,13.439035240356338,0.7124389071142694,0.7435475494435252,0.001956333639100194,0.23714815080165863,0.0
11.820000648498535,3.7000000000000006,13.100000000000001,78.3652834145454,12.915436464758038,0.917959937584599,0.3166961784666867,0.597000002861023,1.027908205986023,0.0
11.830000400543213,5.300000000000001,13.200000000000003,85.87019919812101,3.839724354387525,0.917959937584599,0.3166961784666867,0.597000002861023,1.027908205986023,0.0
11.840000629425049,6.800000000000001,13.100000000000001,80.11061266653972,-1.0471975511965976,0.917959937584599,0.3166961784666867,0.597000002861023,1.027908205986023,0.0
11.850000619888306,8.0,13.100000000000001,68.06784082777885,-1.3962634015954636,0.917959937584599,0.3166961784666867,0.597000002861023,1.027908205986023,0.0
11.860000371932983,9.700000000000001,13.000000000000002,45.378560551852566,-4.71238898038469,0.917959937584599,0.3166961784666867,0.597000002861023,1.027908205986023,0.0
11.870000839233398,9.700000000000001,12.700000000000001,45.378560551852566,-13.264502315156905,1.1795785197962099,0.04997781882405039,0.8554505109786987,14.474265098571777,0.0
11.880000591278076,10.4,12.100000000000001,39.444441095071845,-32.46312408709453,1.1795785197962099,0.04997781882405039,0.8554505109786987,14.474265098571777,0.0
11.890000820159912,11.100000000000001,11.3,35.95378259108319,-42.06243497306334,1.1795785197962099,0.04997781882405039,0.8554505109786987,14.474265098571777,0.0
11.90000033378601,12.0,10.5,25.48180707911721,-43.45869837465881,1.1795785197962099,0.04997781882405039,0.8554505109786987,14.474265098571777,0.0
11.910000801086426,12.5,9.600000000000001,21.81661564992912,-46.6002910282486,1.3815297060648215,0.010709532605153655,0.8842750191688538,82.99671173095703,0.0
11.920000553131104,12.700000000000001,8.8,17.278759594743864,-45.20402762665314,1.3815297060648215,0.010709532605153655,0.8842750191688538,82.99671173095703,0.0
11.93000054359436,12.700000000000001,7.9,17.278759594743864,-48.69468613064179,1.208137273409953,0.00509977743102555,0.8869737982749939,152.4709930419922,0.0
11.940000534057617,12.9,7.1000000000000005,10.297442586766545,-44.680428851054835,1.208137273409953,0.00509977743102555,0.8869737982749939,152.4709930419922,0.0
11.950000524520874,13.000000000000002,6.4,2.6179938779914944,-41.01523742186674,1.208137273409953,0.00509977743102555,0.8869737982749939,152.4709930419922,0.0
11.96000051498413,13.000000000000002,5.600000000000001,0.3490658503988659,-40.840704496667314,1.04188452915852,0.009689577118948545,0.8815599679946899,68.37416076660156,0.0
11.970000505447388,12.9,5.0,-0.3490658503988659,-33.85938748868999,1.04188452915852,0.009689577118948545,0.8815599679946899,68.37416076660156,0.0
11.980000495910645,12.9,4.3,-2.443460952792061,-38.92084231947355,1.04188452915852,0.009689577118948545,0.8815599679946899,68.37416076660156,0.0
11.990000486373901,12.9,3.6000000000000005,-2.443460952792061,-40.14257279586958,1.04188452915852,0.009689577118948545,0.8815599679946899,68.37416076660156,0.0
12.000000238418579,12.700000000000001,3.0,-10.122909661567112,-34.73205211468716,1.04188452915852,0.009689577118948545,0.8815599679946899,68.37416076660156,0.0
12.010000705718994,12.300000000000002,2.3000000000000007,-20.59488517353309,-37.69911184307752,0.8776716958794972,0.005609755174128105,0.8815624713897705,102.45645141601562,0.0
12.02000093460083,10.9,1.4000000000000004,-41.88790204786391,-20.769418098732523,0.8776716958794972,0.005609755174128105,0.8815624713897705,102.45645141601562,0.0
12.030000686645508,10.9,1.4000000000000004,-41.88790204786391,-20.769418098732523,0.8776716958794972,0.005609755174128105,0.8815624713897705,102.45645141601562,0.0
12.040000915527344,9.0,1.0,-52.185344634630454,-20.769418098732523,0.8139244779916779,0.008159643889640881,0.8799774646759033,66.71099853515625,0.0
12.050000667572021,8.100000000000001,0.5,-53.581608036225916,-26.878070480712676,0.8139244779916779,0.008159643889640881,0.8799774646759033,66.71099853515625,0.0
12.060000658035278,7.1000000000000005,-0.0,-53.75614096142535,-24.78367537831948,0.8139244779916779,0.008159643889640881,0.8799774646759033,66.71099853515625,0.0
12.070000886917114,7.1000000000000005,-0.1,-53.75614096142535,-14.835298641951802,0.8241240328537289,0.0061197329172306605,0.8845445513725281,93.31099700927734,0.0
12.080000638961792,6.2,-0.2,-46.949356878647464,-6.806784082777885,0.8241240328537289,0.0061197329172306605,0.8845445513725281,93.31099700927734,0.0
12.090000629425049,5.600000000000001,-0.4,-31.590459461097364,-9.599310885968812,0.8241240328537289,0.0061197329172306605,0.8845445513725281,93.31099700927734,0.0
12.10006308555603,5.499999999999999,-0.7000000000000002,-10.122909661567112,-16.58062789394613,0.8241240328537289,0.0061197329172306605,0.8845445513725281,93.31099700927734,0.0
12.110000610351562,5.600000000000001,-1.2000000000000002,0.6981317007977318,-25.132741228718345,0.8241240328537289,0.0061197329172306605,0.8845445513725281,93.31099700927734,0.0
12.12000060081482,5.600000000000001,-1.7000000000000002,0.0,-23.911010752322316,0.8241240328537289,0.0061197329172306605,0.8845445513725281,93.31099700927734,0.0
12.130000829696655,5.600000000000001,-1.9000000000000004,0.0,-15.009831567151235,0.8781816736225998,0.01121951034825621,0.8811022043228149,56.274635314941406,0.0
12.140000581741333,5.600000000000001,-2.1,3.141592653589793,-12.740903539558605,0.8781816736225998,0.01121951034825621,0.8811022043228149,56.274635314941406,0.0
12.150000810623169,5.800000000000001,-2.4000000000000004,9.250245035569947,-16.755160819145562,0.8725719184484717,0.029068731356845637,0.8698298931121826,21.707490921020508,0.0
12.160000562667847,6.2,-2.9000000000000004,19.373154697137057,-27.22713633111154,0.8725719184484717,0.029068731356845637,0.8698298931121826,21.707490921020508,0.0
12.170000791549683,6.800000000000001,-3.5,30.194196059501902,-30.892327760299633,0.8725719184484717,0.029068731356845637,0.8698298931121826,21.707490921020508,0.0
12.18000054359436,7.600000000000001,-4.0,41.538836197465045,-24.958208303518912,0.8006650566710114,0.21113078564445778,0.7575350403785706,2.0443332195281982,0.0
12.190000534057617,8.5,-4.3,52.185344634630454,-19.373154697137057,0.8006650566710114,0.21113078564445778,0.7575350403785706,2.0443332195281982,0.0
12.200000524520874,9.900000000000002,-4.800000000000001,69.46410422937431,-25.656340004316643,0.8006650566710114,0.21113078564445778,0.7575350403785706,2.0443332195281982,0.0
12.21000051498413,11.5,-5.300000000000001,83.60127117052839,-28.44886680750757,0.6522615334281678,0.8027049676434216,0.24599765241146088,0.2511346936225891,0.0
12.220000505447388,13.000000000000002,-5.7,86.21926504851987,-18.675022996339326,0.6522615334281678,0.8027049676434216,0.24599765241146088,0.2511346936225891,0.0
12.230000734329224,14.5,-5.7,78.3652834145454,-5.759586531581287,0.6522615334281678,0.8027049676434216,0.24599765241146088,0.2511346936225891,0.0
12.240000486373901,15.600000000000001,-5.7,63.355451847394164,-0.5235987755982988,0.6522615334281678,0.8027049676434216,0.24599765241146088,0.2511346936225891,0.0
12.250000238418579,16.4,-5.7,46.25122517784973,1.0471975511965976,0.6522615334281678,0.8027049676434216,0.24599765241146088,0.2511346936225891,0.0
12.260000944137573,16.699999999999996,-5.7,20.07128639793479,1.3962634015954636,0.41104206094065937,1.2402658712254138,0.6216699481010437,0.6169605255126953,0.0
12.270000696182251,16.1,-5.7,-22.340214425527417,-0.0,0.41104206094065937,1.2402658712254138,0.6216699481010437,0.6169605255126953,0.0
12.280000925064087,16.1,-5.7,-22.340214425527417,-0.0,0.41104206094065937,1.2402658712254138,0.6216699481010437,0.6169605255126953,0.0
12.290000677108765,15.399999999999999,-5.7,-36.302848441482055,0.3490658503988659,0.41104206094065937,1.2402658712254138,0.6216699481010437,0.6169605255126953,0.0
12.300000667572021,14.5,-5.7,-43.807764225057674,0.17453292519943295,0.41104206094065937,1.2402658712254138,0.6216699481010437,0.6169605255126953,0.0
12.3100004196167,13.700000000000003,-5.600000000000001,-46.949356878647464,1.2217304763960306,0.13106427997735665,1.3290019985252584,4.247186660766602,0.8064213395118713,0.0
12.320000410079956,12.8,-5.499999999999999,-45.553093477052,5.934119456780721,0.13106427997735665,1.3290019985252584,4.247186660766602,0.8064213395118713,0.0
12.330000638961792,12.100000000000001,-5.4,-40.840704496667314,6.1086523819801535,0.13106427997735665,1.3290019985252584,4.247186660766602,0.8064213395118713,0.0
12.34000039100647,11.600000000000001,-5.300000000000001,-30.194196059501902,6.457718232379019,0.05405764076887083,1.2968734007097975,11.518547058105469,0.8603723645210266,0.0
12.350000381469727,11.200000000000003,-5.1000000000000005,-20.769418098732523,6.632251157578453,0.05405764076887083,1.2968734007097975,11.518547058105469,0.8603723645210266,0.0
12.360000610351562,10.999999999999998,-5.0,-11.693705988362009,5.585053606381854,0.05405764076887083,1.2968734007097975,11.518547058105469,0.8603723645210266,0.0
12.370000839233398,10.999999999999998,-5.0,-4.886921905584122,1.3962634015954636,0.0005099777431025551,1.1413301890635181,0.0,0.8922171592712402,0.0
12.380000591278076,10.9,-5.0,-5.585053606381854,0.17453292519943295,0.0005099777431025551,1.1413301890635181,0.0,0.8922171592712402,0.0
12.390000820159912,10.9,-5.0,1.0471975511965976,-0.0,0.0005099777431025551,1.1413301890635181,0.0,0.8922171592712402,0.0
12.40000057220459,10.9,-5.0,1.5707963267948966,0.5235987755982988,0.0005099777431025551,1.1413301890635181,0.0,0.8922171592712402,0.0
12.410000562667847,10.9,-5.0,-0.5235987755982988,1.7453292519943295,0.0005099777431025551,1.1413301890635181,0.0,0.8922171592712402,0.0
12.420000553131104,11.100000000000001,-4.800000000000001,9.075712110370514,8.726646259971648,0.010709532605153655,0.9098002936949582,43.834808349609375,0.879582941532135,0.0
12.430000305175781,11.4,-4.600000000000001,16.755160819145562,9.948376736367678,0.010709532605153655,0.9098002936949582,43.834808349609375,0.879582941532135,0.0
12.440000534057617,11.700000000000001,-4.3,14.486232791552935,13.788101090755204,0.010709532605153655,0.9098002936949582,43.834808349609375,0.879582941532135,0.0
12.450000524520874,12.0,-3.8000000000000007,15.3588974175501,26.703537555513243,0.010709532605153655,0.8761417626501895,43.64433288574219,0.8773585557937622,0.0
12.460000276565552,12.300000000000002,-3.1,19.373154697137057,39.269908169872416,0.010709532605153655,0.8761417626501895,43.64433288574219,0.8773585557937622,0.0
12.470000505447388,12.600000000000001,-2.4000000000000004,16.755160819145562,37.69911184307752,0.010709532605153655,0.8761417626501895,43.64433288574219,0.8773585557937622,0.0
12.480000257492065,12.8,-1.5,7.3303828583761845,48.52015320544236,0.008159643889640881,0.899600738832907,61.861000061035156,0.8794761896133423,0.0
12.490000486373901,12.8,-0.5,1.3962634015954636,50.614548307835555,0.008159643889640881,0.899600738832907,61.861000061035156,0.8794761896133423,0.0
12.500000238418579,12.700000000000001,0.30000000000000004,-3.3161255787892263,52.708943410228756,0.008159643889640881,0.899600738832907,61.861000061035156,0.8794761896133423,0.0
12.510000705718994,12.5,1.2000000000000002,-8.552113334772216,49.56735075663896,0.004079821944820441,0.9562082683172907,138.31100463867188,0.8834533095359802,0.0
12.52000093460083,12.200000000000001,2.1,-15.707963267948966,48.345620280242926,0.004079821944820441,0.9562082683172907,138.31100463867188,0.8834533095359802,0.0
12.530000686645508,11.8,2.9000000000000004,-19.373154697137057,44.15683007545654,0.004079821944820441,0.9562082683172907,138.31100463867188,0.8834533095359802,0.0
12.540000677108765,11.3,3.6000000000000005,-26.878070480712676,38.22271061867582,0.005609755174128105,1.0321949520395715,113.2200927734375,0.885047435760498,0.0
12.550000667572021,10.700000000000001,4.3,-33.335788713091695,40.14257279586958,0.005609755174128105,1.0321949520395715,113.2200927734375,0.885047435760498,0.0
12.560083389282227,10.100000000000001,4.9,-33.335788713091695,32.2885911618951,0.005609755174128105,1.0321949520395715,113.2200927734375,0.885047435760498,0.0
12.570000410079956,9.5,5.4,-34.90658503988659,29.321531433504738,0.0061197329172306605,1.094412236698083,113.84432983398438,0.8845265507698059,0.0
12.580000638961792,8.6,6.1000000000000005,-40.840704496667314,35.95378259108319,0.0061197329172306605,1.094412236698083,113.84432983398438,0.8845265507698059,0.0
12.590000629425049,7.9,6.699999999999999,-39.79350694547071,31.2413936106985,0.0061197329172306605,1.094412236698083,113.84432983398438,0.8845265507698059,0.0
12.600000381469727,7.300000000000001,7.0,-34.033920413889426,22.689280275926283,0.004589799687922995,1.1290907232290568,162.1332244873047,0.8871933221817017,0.0
12.610000610351562,6.699999999999999,7.600000000000001,-35.95378259108319,28.97246558310587,0.004589799687922995,1.1290907232290568,162.1332244873047,0.8871933221817017,0.0
12.62000060081482,6.0,8.3,-36.82644721708035,35.77924966588375,0.004589799687922995,1.1290907232290568,162.1332244873047,0.8871933221817017,0.0
12.630000829696655,5.4,8.700000000000001,-31.590459461097364,26.703537555513243,0.0015299332293076651,1.1214410570825186,0.0,0.8875448107719421,0.0
12.640000343322754,4.9,9.200000000000003,-29.146998508305302,24.08554367752175,0.0015299332293076651,1.1214410570825186,0.0,0.8875448107719421,0.0
12.650000810623169,4.4,9.700000000000001,-27.401669256310974,27.576202181510407,0.0015299332293076651,1.1214410570825186,0.0,0.8875448107719421,0.0
12.66002345085144,4.0,10.100000000000001,-20.420352248333657,24.26007660272118,0.0015299332293076651,1.1214410570825186,0.0,0.8875448107719421,0.0
12.670000791549683,3.8000000000000007,10.299999999999999,-14.486232791552935,14.660765716752369,0.0035698442017178854,1.0495341953050583,206.42529296875,0.8831691145896912,0.0
12.680000305175781,3.6000000000000005,10.4,-10.995574287564276,4.537856055185257,0.0035698442017178854,1.0495341953050583,206.42529296875,0.8831691145896912,0.0
12.690000534057617,3.5,10.4,-4.886921905584122,-0.0,0.0035698442017178854,1.0495341953050583,206.42529296875,0.8831691145896912,0.0
12.700000524520874,3.5,10.4,-3.141592653589793,-0.0,0.0101995548620511,0.9964965100223926,69.5510025024414,0.8832681775093079,0.0
12.71000051498413,3.5,10.4,-1.3962634015954636,-0.0,0.0101995548620511,0.9964965100223926,69.5510025024414,0.8832681775093079,0.0
12.720000267028809,3.5,10.4,0.17453292519943295,-0.0,0.0101995548620511,0.9964965100223926,69.5510025024414,0.8832681775093079,0.0
12.730000257492065,3.5,10.5,0.17453292519943295,6.283185307179586,0.00917959937584599,0.9434588247397269,74.31099700927734,0.8799189329147339,0.0
12.740000486373901,3.5,10.9,1.5707963267948966,19.722220547535922,0.00917959937584599,0.9434588247397269,74.31099700927734,0.8799189329147339,0.0
12.750000238418579,3.6000000000000005,11.4,6.457718232379019,28.623399732707004,0.00917959937584599,0.9434588247397269,74.31099700927734,0.8799189329147339,0.0
12.760000944137573,3.9000000000000004,12.100000000000001,14.660765716752369,32.46312408709453,0.01835919875169198,0.927139536960445,36.71099853515625,0.8735984563827515,0.0
12.770000696182251,4.4,12.5,24.958208303518912,22.863813201125716,0.01835919875169198,0.927139536960445,36.71099853515625,0.8735984563827515,0.0
12.780000686645508,5.1000000000000005,12.8,34.90658503988659,18.675022996339326,0.01835919875169198,0.927139536960445,36.71099853515625,0.8735984563827515,0.0
12.790000438690186,6.800000000000001,13.200000000000003,48.69468613064179,20.07128639793479,0.01835919875169198,0.927139536960445,36.71099853515625,0.8735984563827515,0.0
12.800000429153442,7.699999999999999,13.600000000000001,50.96361415823442,25.48180707911721,0.05864744045679383,0.8965408723742917,10.714478492736816,0.842128574848175,0.0
12.810000658035278,7.699999999999999,14.0,50.96361415823442,18.151424220741028,0.05864744045679383,0.8965408723742917,10.714478492736816,0.842128574848175,0.0
12.820000648498535,8.6,14.0,45.553093477052,2.0943951023931953,0.4931484775801707,0.7904655018089604,0.3420237898826599,0.475580632686615,0.0
12.830000638961792,9.200000000000003,13.8,37.873644768276954,-5.585053606381854,0.4931484775801707,0.7904655018089604,0.3420237898826599,0.475580632686615,0.0
12.840000629425049,9.8,13.700000000000003,31.41592653589793,-8.203047484373348,0.4931484775801707,0.7904655018089604,0.3420237898826599,0.475580632686615,0.0
12.850000619888306,10.4,13.5,35.08111796508602,-7.853981633974483,0.4931484775801707,0.7904655018089604,0.3420237898826599,0.475580632686615,0.0
12.860000610351562,11.100000000000001,13.399999999999999,37.69911184307752,-6.981317007977318,0.9516184686293677,0.4100221054544542,0.5481640100479126,0.6453283429145813,0.0
12.870000839233398,11.900000000000002,13.200000000000003,42.06243497306334,-9.948376736367678,0.9516184686293677,0.4100221054544542,0.5481640100479126,0.6453283429145813,0.0
12.880000352859497,12.8,12.9,50.78908123303499,-15.3588974175501,0.9516184686293677,0.4100221054544542,0.5481640100479126,0.6453283429145813,0.0
12.890000820159912,14.5,12.5,41.01523742186674,-20.943951023931955,0.9516184686293677,0.4100221054544542,0.5481640100479126,0.6453283429145813,0.0
12.90000057220459,14.5,12.0,41.01523742186674,-28.44886680750757,1.1316406119445697,0.1427937680687154,0.789135217666626,4.316714286804199,0.0
12.910000801086426,14.999999999999998,11.5,30.892327760299633,-27.05260340591211,1.1316406119445697,0.1427937680687154,0.789135217666626,4.316714286804199,0.0
12.920000553131104,15.200000000000003,11.100000000000001,15.3588974175501,-21.642082724729686,1.1316406119445697,0.1427937680687154,0.789135217666626,4.316714286804199,0.0
12.93000054359436,15.300000000000002,10.700000000000001,5.759586531581287,-19.722220547535922,1.2744343800132851,0.029068731356845637,0.8723533153533936,28.20573616027832,0.0
12.940000295639038,15.399999999999999,10.200000000000001,4.71238898038469,-30.892327760299633,1.2744343800132851,0.029068731356845637,0.8723533153533936,28.20573616027832,0.0
12.950000286102295,15.5,9.5,7.155849933176751,-35.43018381548489,1.2744343800132851,0.029068731356845637,0.8723533153533936,28.20573616027832,0.0
12.96000051498413,15.700000000000001,8.899999999999999,9.250245035569947,-32.81218993749339,1.2744343800132851,0.029068731356845637,0.8723533153533936,28.20573616027832,0.0
12.970000505447388,16.0,8.3,13.788101090755204,-34.55751918948773,1.166829076218646,0.004079821944820441,0.8858531713485718,186.81100463867188,0.0
12.980000495910645,16.3,7.600000000000001,16.05702911834783,-36.477381366681485,1.166829076218646,0.004079821944820441,0.8858531713485718,186.81100463867188,0.0
12.990000486373901,16.900000000000002,7.1000000000000005,15.009831567151235,-28.623399732707004,1.166829076218646,0.004079821944820441,0.8858531713485718,186.81100463867188,0.0
13.000000476837158,16.900000000000002,6.699999999999999,15.009831567151235,-23.56194490192345,1.0408645736723148,0.004079821944820441,0.8831205368041992,167.51100158691406,0.0
13.010000467300415,17.1,6.2,11.344640137963141,-26.878070480712676,1.0408645736723148,0.004079821944820441,0.8831205368041992,167.51100158691406,0.0
13.02000093460083,17.1,5.7,4.014257279586958,-25.830872929516076,1.0408645736723148,0.004079821944820441,0.8831205368041992,167.51100158691406,0.0
13.030000686645508,17.1,5.4,0.0,-18.500490071139893,0.9556982905741881,0.00917959937584599,0.880462110042572,68.26655578613281,0.0
13.040000915527344,17.1,5.0,-0.17453292519943295,-22.689280275926283,0.9556982905741881,0.00917959937584599,0.880462110042572,68.26655578613281,0.0
13.050000667572021,17.1,4.4,-1.5707963267948966,-32.11405823669566,0.9556982905741881,0.00917959937584599,0.880462110042572,68.26655578613281,0.0
13.060000658035278,17.0,3.8000000000000007,-1.5707963267948966,-31.590459461097364,0.9103102714380608,0.008669621632743436,0.8786918520927429,69.79335021972656,0.0
13.070000648498535,16.900000000000002,3.4000000000000004,-7.67944870877505,-19.722220547535922,0.9103102714380608,0.008669621632743436,0.8786918520927429,69.79335021972656,0.0
13.080000400543213,16.1,3.0,-23.736477827122883,-11.519173063162574,0.9103102714380608,0.008669621632743436,0.8786918520927429,69.79335021972656,0.0
13.09000039100647,16.1,3.0,-23.736477827122883,-11.519173063162574,0.9103102714380608,0.008669621632743436,0.8786918520927429,69.79335021972656,0.0
13.100000619888306,15.600000000000001,2.8000000000000007,-30.194196059501902,-13.439035240356338,0.9103102714380608,0.008669621632743436,0.8786918520927429,69.79335021972656,0.0
13.110000610351562,14.800000000000002,2.5,-37.69911184307752,-16.406094968746697,0.9006206943191122,0.002549888715512775,0.8871880173683167,248.87100219726562,0.0
13.12000060081482,14.0,2.3000000000000007,-45.72762640225143,-10.821041362364843,0.9006206943191122,0.002549888715512775,0.8871880173683167,248.87100219726562,0.0
13.130000829696655,13.000000000000002,2.3000000000000007,-52.01081170943102,-1.2217304763960306,0.9006206943191122,0.002549888715512775,0.8871880173683167,248.87100219726562,0.0
13.140000343322754,12.0,2.3000000000000007,-56.89773361501514,-1.5707963267948966,0.9414189137673166,0.00509977743102555,0.8876999020576477,132.31100463867188,0.0
13.150000810623169,10.999999999999998,2.2,-52.708943410228756,-2.443460952792061,0.9414189137673166,0.00509977743102555,0.8876999020576477,132.31100463867188,0.0
13.160000562667847,10.299999999999999,2.1,-41.36430327226561,-6.283185307179586,0.9414189137673166,0.00509977743102555,0.8876999020576477,132.31100463867188,0.0
13.170000791549683,9.8,2.0,-28.274333882308138,-6.806784082777885,0.9414189137673166,0.00509977743102555,0.8876999020576477,132.31100463867188,0.0
13.18000054359436,9.700000000000001,1.8000000000000003,-1.2217304763960306,-8.028514559173916,0.9414189137673166,0.00509977743102555,0.8876999020576477,132.31100463867188,0.0
13.190000295639038,9.700000000000001,1.7000000000000002,-1.2217304763960306,-7.504915783575617,1.0056761093982385,0.004079821944820441,0.8869715929031372,187.21099853515625,0.0
13.200000524520874,9.8,1.6,4.886921905584122,-5.759586531581287,1.0056761093982385,0.004079821944820441,0.8869715929031372,187.21099853515625,0.0
13.210000276565552,9.8,1.4000000000000004,4.886921905584122,-6.283185307179586,1.0056761093982385,0.004079821944820441,0.8869715929031372,187.21099853515625,0.0
13.220000505447388,10.0,1.2000000000000002,10.995574287564276,-11.344640137963141,1.008735975856854,0.010709532605153655,0.8825288414955139,72.8633804321289,0.0
13.230000495910645,10.299999999999999,0.8,17.802358370342162,-21.467549799530254,1.001596287453418,0.017339243265486873,0.8792240023612976,44.56982421875,0.0
13.240000486373901,11.200000000000003,0.4,26.703537555513243,-24.08554367752175,1.001596287453418,0.017339243265486873,0.8792240023612976,44.56982421875,0.0
13.250000476837158,11.200000000000003,0.1,26.703537555513243,-16.406094968746697,1.001596287453418,0.017339243265486873,0.8792240023612976,44.56982421875,0.0
13.260000705718994,12.600000000000001,-0.0,39.444441095071845,-13.264502315156905,1.001596287453418,0.017339243265486873,0.8792240023612976,44.56982421875,0.0
13.270000696182251,12.600000000000001,-0.30000000000000004,39.444441095071845,-12.217304763960307,0.8725719184484717,0.1361640574083822,0.8146575093269348,4.23459529876709,0.0
13.280000925064087,13.399999999999999,-0.7000000000000002,45.0294947014537,-20.59488517353309,0.8725719184484717,0.1361640574083822,0.8146575093269348,4.23459529876709,0.0
13.290000438690186,15.600000000000001,-1.3,59.8647933434055,-31.066860685499066,0.8725719184484717,0.1361640574083822,0.8146575093269348,4.23459529876709,0.0
13.300000667572021,15.600000000000001,-1.9000000000000004,59.8647933434055,-33.510321638291124,0.6492016669695525,0.755277037534884,0.2517651319503784,0.17920932173728943,0.0
13.310000658035278,17.5,-2.3000000000000007,48.345620280242926,-24.78367537831948,0.6492016669695525,0.755277037534884,0.2517651319503784,0.17920932173728943,0.0
13.320000886917114,18.0,-2.6,28.797932657906436,-16.05702911834783,0.6492016669695525,0.755277037534884,0.2517651319503784,0.17920932173728943,0.0
13.330000638961792,18.0,-2.8000000000000007,28.797932657906436,-12.915436464758038,0.4549001468474791,0.9505985131431626,0.2437354326248169,0.49157509207725525,0.0
13.340000629425049,18.0,-2.9000000000000004,7.3303828583761845,-6.283185307179586,0.4549001468474791,0.9505985131431626,0.2437354326248169,0.49157509207725525,0.0
13.350000619888306,17.799999999999997,-2.9000000000000004,-8.726646259971648,-0.0,0.4549001468474791,0.9505985131431626,0.2437354326248169,0.49157509207725525,0.0
13.360000610351562,17.2,-2.9000000000000004,-16.58062789394613,-2.792526803190927,0.4549001468474791,0.9505985131431626,0.2437354326248169,0.49157509207725525,0.0
13.370001077651978,17.2,-3.0,-16.58062789394613,-2.443460952792061,0.27742789224778996,1.2678046693529519,1.4654117822647095,0.7062163949012756,0.0
13.380000591278076,16.5,-3.0,-20.07128639793479,-0.5235987755982988,0.27742789224778996,1.2678046693529519,1.4654117822647095,0.7062163949012756,0.0
13.390000820159912,16.5,-3.0,-20.07128639793479,-0.0,0.12851439126184386,1.4677159446491534,5.006237983703613,0.815615713596344,0.0
13.40000033378601,15.8,-3.0,-18.84955592153876,-0.0,0.12851439126184386,1.4677159446491534,5.006237983703613,0.815615713596344,0.0
13.410000801086426,15.600000000000001,-3.0,-15.009831567151235,0.17453292519943295,0.12851439126184386,1.4677159446491534,5.006237983703613,0.815615713596344,0.0
13.420000553131104,15.600000000000001,-3.0,-15.009831567151235,0.17453292519943295,0.12851439126184386,1.4677159446491534,5.006237983703613,0.815615713596344,0.0
13.43000054359436,15.300000000000002,-3.0,-12.39183768915974,0.17453292519943295,0.043348108163717175,1.427937680687154,16.334529876708984,0.8647142648696899,0.0
13.440000534057617,15.100000000000001,-3.0,-10.821041362364843,-0.0,0.043348108163717175,1.427937680687154,16.334529876708984,0.8647142648696899,0.0
13.450000286102295,14.800000000000002,-3.0,-7.67944870877505,-0.0,0.043348108163717175,1.427937680687154,16.334529876708984,0.8647142648696899,0.0
13.46000051498413,14.800000000000002,-3.0,-1.5707963267948966,-0.0,0.0061197329172306605,1.2336361605650805,105.71099853515625,0.8866850137710571,0.0
13.470000505447388,14.800000000000002,-3.0,-1.5707963267948966,-0.0,0.0061197329172306605,1.2336361605650805,105.71099853515625,0.8866850137710571,0.0
13.480000257492065,14.800000000000002,-3.0,0.0,1.0471975511965976,0.0030598664586153302,1.0153656865171872,175.37767028808594,0.8889999985694885,0.0
13.490000486373901,14.800000000000002,-2.9000000000000004,0.0,1.0471975511965976,0.0030598664586153302,1.0153656865171872,175.37767028808594,0.8889999985694885,0.0
13.500000238418579,14.800000000000002,-2.8000000000000007,0.3490658503988659,7.853981633974483,0.0030598664586153302,1.0153656865171872,175.37767028808594,0.8889999985694885,0.0
13.510000705718994,14.800000000000002,-2.5,0.0,14.137166941154069,0.009689577118948545,0.8929710281725739,49.21626281738281,0.8794054985046387,0.0
13.52000093460083,14.800000000000002,-2.0,0.0,26.354471705114378,0.009689577118948545,0.8929710281725739,49.21626281738281,0.8794054985046387,0.0
13.530000686645508,14.800000000000002,-1.2000000000000002,0.0,38.39724354387525,0.009689577118948545,0.8929710281725739,49.21626281738281,0.8794054985046387,0.0
13.540000915527344,14.900000000000002,-0.5,0.0,38.39724354387525,0.009689577118948545,0.8929710281725739,49.21626281738281,0.8794054985046387,0.0
13.550000667572021,14.900000000000002,0.1,0.0,41.713369122664474,0.0020399109724102203,0.848092986779549,232.11099243164062,0.8894810676574707,0.0
13.560000896453857,14.900000000000002,1.0,0.0,46.6002910282486,0.0020399109724102203,0.848092986779549,232.11099243164062,0.8894810676574707,0.0
13.570000648498535,14.900000000000002,1.8000000000000003,0.0,45.20402762665314,0.0020399109724102203,0.848092986779549,232.11099243164062,0.8894810676574707,0.0
13.580000638961792,14.900000000000002,2.7,0.0,49.56735075663896,0.007139688403435771,0.8919510726863688,71.79671478271484,0.8848833441734314,0.0
13.59000039100647,14.900000000000002,3.5,0.0,45.72762640225143,0.007139688403435771,0.8919510726863688,71.79671478271484,0.8848833441734314,0.0
13.600000381469727,14.900000000000002,4.4,0.0,48.86921905584123,0.007139688403435771,0.8919510726863688,71.79671478271484,0.8848833441734314,0.0
13.610000371932983,14.900000000000002,5.2,0.0,43.109632524259936,0.004589799687922995,0.9852769996741363,128.2665557861328,0.8865154981613159,0.0
13.62000036239624,14.800000000000002,6.1000000000000005,-0.17453292519943295,47.647488579445195,0.004589799687922995,0.9852769996741363,128.2665557861328,0.8865154981613159,0.0
13.630000352859497,14.800000000000002,7.0,-0.17453292519943295,46.774823953448035,0.004589799687922995,0.9852769996741363,128.2665557861328,0.8865154981613159,0.0
13.640000581741333,14.800000000000002,7.9,-1.2217304763960306,50.78908123303499,0.0035698442017178854,1.0908423924963653,190.42529296875,0.8852599263191223,0.0
13.650000810623169,14.800000000000002,8.899999999999999,-0.17453292519943295,49.56735075663896,0.0035698442017178854,1.0908423924963653,190.42529296875,0.8852599263191223,0.0
13.660000324249268,14.700000000000001,9.700000000000001,-5.585053606381854,49.916416607037824,0.0035698442017178854,1.0908423924963653,190.42529296875,0.8852599263191223,0.0
13.670000553131104,14.400000000000002,10.5,-13.61356816555577,45.90215932745087,0.006629710660333216,1.1479598997238514,110.8648452758789,0.8850906491279602,0.0
13.68000078201294,14.0,11.200000000000003,-20.245819323134224,37.000980142279786,0.006629710660333216,1.1479598997238514,110.8648452758789,0.8850906491279602,0.0
13.690115928649902,13.600000000000001,11.8,-21.81661564992912,34.55751918948773,0.006629710660333216,1.1479598997238514,110.8648452758789,0.8850906491279602,0.0
13.700000524520874,13.200000000000003,12.200000000000001,-24.958208303518912,22.863813201125716,0.0010199554862051102,1.139290278091108,0.0,0.8857770562171936,0.0
13.71000051498413,12.700000000000001,12.300000000000002,-24.26007660272118,5.585053606381854,0.0010199554862051102,1.139290278091108,0.0,0.8857770562171936,0.0
13.720000505447388,11.8,12.200000000000001,-26.354471705114378,-0.8726646259971648,0.0010199554862051102,1.139290278091108,0.0,0.8857770562171936,0.0
13.730000257492065,11.8,12.100000000000001,-26.354471705114378,-5.410520681182422,0.007139688403435771,1.0964521476704934,102.02528381347656,0.8826743960380554,0.0
13.740000486373901,11.200000000000003,12.100000000000001,-32.81218993749339,0.3490658503988659,0.007139688403435771,1.0964521476704934,102.02528381347656,0.8826743960380554,0.0
13.750000238418579,10.4,12.100000000000001,-40.840704496667314,-0.6981317007977318,0.007139688403435771,1.0964521476704934,102.02528381347656,0.8826743960380554,0.0
13.760000944137573,9.5,12.200000000000001,-46.25122517784973,1.5707963267948966,0.006629710660333216,1.0694233272860578,109.14176940917969,0.8840405344963074,0.0
13.770000696182251,8.6,12.200000000000001,-48.1710873550435,-0.0,0.006629710660333216,1.0694233272860578,109.14176940917969,0.8840405344963074,0.0
13.780000686645508,7.800000000000001,12.200000000000001,-46.0766922526503,2.0943951023931953,0.006629710660333216,1.0694233272860578,109.14176940917969,0.8840405344963074,0.0
13.790000677108765,7.0,12.300000000000002,-41.713369122664474,6.981317007977318,0.006629710660333216,1.0694233272860578,109.14176940917969,0.8840405344963074,0.0
13.800000667572021,6.4,12.700000000000001,-35.08111796508602,17.10422666954443,0.006629710660333216,1.0694233272860578,109.14176940917969,0.8840405344963074,0.0
13.810000658035278,6.0,13.200000000000003,-26.354471705114378,29.49606435870417,0.00509977743102555,1.0128157978016743,139.27099609375,0.8857774138450623,0.0
13.820000648498535,5.7,14.0,-2.792526803190927,40.31710572106901,0.00509977743102555,1.0128157978016743,139.27099609375,0.8857774138450623,0.0
13.830000638961792,5.7,14.600000000000001,-2.792526803190927,34.73205211468716,0.00509977743102555,1.0128157978016743,139.27099609375,0.8857774138450623,0.0
13.84000039100647,5.7,15.300000000000002,1.0471975511965976,34.55751918948773,0.007649666146538325,0.9516184686293677,89.08433532714844,0.8825691342353821,0.0
13.850000381469727,5.9,15.8,6.283185307179586,31.764992386296797,0.007649666146538325,0.9516184686293677,89.08433532714844,0.8825691342353821,0.0
13.860000610351562,6.0,16.200000000000003,7.67944870877505,22.863813201125716,0.007649666146538325,0.9516184686293677,89.08433532714844,0.8825691342353821,0.0
13.870000839233398,6.1000000000000005,16.5,7.504915783575617,13.788101090755204,0.005609755174128105,0.889401183970856,115.91100311279297,0.8853302597999573,0.0
13.880000591278076,6.300000000000001,16.699999999999996,10.297442586766545,13.788101090755204,0.005609755174128105,0.889401183970856,115.91100311279297,0.8853302597999573,0.0
13.890000820159912,6.699999999999999,17.0,17.976891295541595,16.755160819145562,0.005609755174128105,0.889401183970856,115.91100311279297,0.8853302597999573,0.0
13.90000057220459,7.200000000000001,17.300000000000004,25.48180707911721,16.755160819145562,0.03722837524648652,0.7190686177746026,13.64250659942627,0.8526879549026489,0.0
13.910000562667847,7.9,17.5,36.65191429188092,6.981317007977318,0.03722837524648652,0.7190686177746026,13.64250659942627,0.8526879549026489,0.0
13.920000314712524,8.700000000000001,17.400000000000002,44.680428851054835,-1.3962634015954636,0.16676272199453548,0.5308868305697598,1.535464882850647,0.703793466091156,0.0
13.93000054359436,9.600000000000001,17.300000000000004,47.82202150464463,-5.759586531581287,0.16676272199453548,0.5308868305697598,1.535464882850647,0.703793466091156,0.0
13.940000295639038,10.4,17.0,44.680428851054835,-14.660765716752369,0.16676272199453548,0.5308868305697598,1.535464882850647,0.703793466091156,0.0
13.950000524520874,11.100000000000001,16.5,39.96803987067015,-26.00540585471551,1.0230153526637253,0.28507755839432825,0.6752412915229797,1.3235223293304443,0.0
13.96000051498413,11.600000000000001,15.8,29.49606435870417,-37.873644768276954,1.0230153526637253,0.28507755839432825,0.6752412915229797,1.3235223293304443,0.0
13.970126152038574,11.900000000000002,15.200000000000003,17.802358370342162,-30.892327760299633,1.0230153526637253,0.28507755839432825,0.6752412915229797,1.3235223293304443,0.0
13.980000495910645,12.0,14.999999999999998,7.3303828583761845,-14.486232791552935,1.5263633851059473,0.08924610504294712,0.8440952301025391,9.419571876525879,0.0
13.990000486373901,12.0,14.999999999999998,1.2217304763960306,-1.9198621771937625,1.5263633851059473,0.08924610504294712,0.8440952301025391,9.419571876525879,0.0
14.000000238418579,12.0,14.999999999999998,0.6981317007977318,-0.5235987755982988,1.5263633851059473,0.08924610504294712,0.8440952301025391,9.419571876525879,0.0
14.010000705718994,12.100000000000001,14.999999999999998,1.5707963267948966,-0.3490658503988659,1.4901549653456658,0.014789354549974097,0.8854407668113708,59.63513946533203,0.0
14.020000696182251,12.300000000000002,14.900000000000002,12.042771838760874,-6.283185307179586,1.4901549653456658,0.014789354549974097,0.8854407668113708,59.63513946533203,0.0
14.030000686645508,12.8,14.5,25.307274153917778,-16.755160819145562,1.437117280063,0.004589799687922995,0.881618857383728,184.4443359375,0.0
14.040000915527344,13.5,13.900000000000002,37.35004599267865,-33.335788713091695,1.437117280063,0.004589799687922995,0.881618857383728,184.4443359375,0.0
14.050000429153442,14.400000000000002,13.200000000000003,45.378560551852566,-36.302848441482055,1.437117280063,0.004589799687922995,0.881618857383728,184.4443359375,0.0
14.060000658035278,15.300000000000002,12.600000000000001,49.56735075663896,-33.510321638291124,1.3381815979011045,0.009689577118948545,0.8829024434089661,81.42678833007812,0.0
14.070000410079956,16.200000000000003,11.900000000000002,50.96361415823442,-35.95378259108319,1.3381815979011045,0.009689577118948545,0.8829024434089661,81.42678833007812,0.0
14.080000638961792,17.1,11.3,48.69468613064179,-33.510321638291124,1.3381815979011045,0.009689577118948545,0.8829024434089661,81.42678833007812,0.0
14.090000629425049,17.799999999999997,10.9,41.88790204786391,-23.911010752322316,1.182638386254825,0.005609755174128105,0.8858951926231384,125.07463836669922,0.0
14.100000381469727,18.400000000000006,10.5,34.033920413889426,-22.340214425527417,1.182638386254825,0.005609755174128105,0.8858951926231384,125.07463836669922,0.0
14.110000610351562,18.8,10.0,23.212879051524585,-25.830872929516076,1.182638386254825,0.005609755174128105,0.8858951926231384,125.07463836669922,0.0
14.12000036239624,19.0,9.600000000000001,9.948376736367678,-26.17993877991494,1.0633035943688272,0.008159643889640881,0.8820935487747192,77.56099700927734,0.0
14.130000829696655,19.0,9.200000000000003,0.8726646259971648,-20.943951023931955,1.0633035943688272,0.008159643889640881,0.8820935487747192,77.56099700927734,0.0
14.140000581741333,19.0,8.8,0.0,-19.02408884673819,1.0633035943688272,0.008159643889640881,0.8820935487747192,77.56099700927734,0.0
14.150000810623169,18.900000000000002,8.4,-2.0943951023931953,-22.689280275926283,0.9577382015465984,0.010709532605153655,0.8792023658752441,53.66337966918945,0.0
14.160000562667847,18.8,7.9,-5.061454830783556,-28.099800957108705,0.9577382015465984,0.010709532605153655,0.8792023658752441,53.66337966918945,0.0
14.170000791549683,18.700000000000003,7.499999999999999,-6.806784082777885,-19.896753472735355,0.9577382015465984,0.010709532605153655,0.8792023658752441,53.66337966918945,0.0
14.18000054359436,18.5,7.400000000000001,-10.64650843716541,-8.203047484373348,0.9577382015465984,0.010709532605153655,0.8792023658752441,53.66337966918945,0.0
14.190000534057617,18.200000000000003,7.300000000000001,-15.3588974175501,-4.886921905584122,0.8766517403932921,0.00509977743102555,0.886673092842102,108.07099914550781,0.0
14.200000524520874,17.799999999999997,7.300000000000001,-21.118483949131388,-0.8726646259971648,0.8766517403932921,0.00509977743102555,0.886673092842102,108.07099914550781,0.0
14.21000051498413,17.300000000000004,7.300000000000001,-27.05260340591211,-0.17453292519943295,0.8766517403932921,0.00509977743102555,0.886673092842102,108.07099914550781,0.0
14.220000505447388,16.6,7.300000000000001,-34.73205211468716,-0.0,0.8154544112209855,0.00509977743102555,0.8834965825080872,102.95099639892578,0.0
14.230000495910645,15.899999999999999,7.300000000000001,-41.18977034706618,-0.3490658503988659,0.8154544112209855,0.00509977743102555,0.8834965825080872,102.95099639892578,0.0
14.240000486373901,14.300000000000002,7.200000000000001,-42.58603374866164,-6.632251157578453,0.8154544112209855,0.00509977743102555,0.8834965825080872,102.95099639892578,0.0
14.250000476837158,14.300000000000002,7.200000000000001,-42.58603374866164,-6.632251157578453,0.8690020742467538,0.005609755174128105,0.8861830830574036,104.20191192626953,0.0
14.260000944137573,13.000000000000002,6.9,-34.55751918948773,-12.740903539558605,0.8690020742467538,0.005609755174128105,0.8861830830574036,104.20191192626953,0.0
14.270000696182251,12.600000000000001,6.500000000000001,-24.958208303518912,-22.340214425527417,0.8690020742467538,0.005609755174128105,0.8861830830574036,104.20191192626953,0.0
14.280000925064087,12.600000000000001,6.0,-24.958208303518912,-29.321531433504738,0.8690020742467538,0.005609755174128105,0.8861830830574036,104.20191192626953,0.0
14.290000677108765,12.300000000000002,5.499999999999999,-12.915436464758038,-22.689280275926283,0.9368291140793936,0.004079821944820441,0.8872580528259277,160.71099853515625,0.0
14.300000667572021,12.300000000000002,5.300000000000001,-2.443460952792061,-14.486232791552935,0.9368291140793936,0.004079821944820441,0.8872580528259277,160.71099853515625,0.0
14.310000658035278,12.4,5.1000000000000005,1.5707963267948966,-12.39183768915974,0.9419288915104191,0.006629710660333216,0.8833692669868469,101.449462890625,0.0
14.320000410079956,12.5,4.7,7.67944870877505,-20.420352248333657,0.9419288915104191,0.006629710660333216,0.8833692669868469,101.449462890625,0.0
14.330000638961792,12.8,4.1,15.009831567151235,-29.845130209103036,0.9419288915104191,0.006629710660333216,0.8833692669868469,101.449462890625,0.0
14.340000629425049,13.8,3.7000000000000006,30.01966313430247,-25.656340004316643,0.9419288915104191,0.006629710660333216,0.8833692669868469,101.449462890625,0.0
14.350000619888306,13.8,3.3000000000000007,30.01966313430247,-18.675022996339326,0.9220397595294195,0.00509977743102555,0.8845752477645874,131.75100708007812,0.0
14.360000610351562,14.5,2.2,36.12831551628262,-35.08111796508602,0.9220397595294195,0.00509977743102555,0.8845752477645874,131.75100708007812,0.0
14.370000839233398,15.200000000000003,2.2,37.35004599267865,-35.08111796508602,0.9128601601535735,0.1519733674445614,0.8009552955627441,3.613013505935669,0.0
14.380000352859497,15.8,1.6,33.510321638291124,-33.85938748868999,0.9128601601535735,0.1519733674445614,0.8009552955627441,3.613013505935669,0.0
14.390000820159912,16.3,1.0,28.099800957108705,-32.2885911618951,0.9128601601535735,0.1519733674445614,0.8009552955627441,3.613013505935669,0.0
14.40000057220459,16.6,0.30000000000000004,20.59488517353309,-39.79350694547071,0.7680264811124479,0.5686251835593489,0.5346839427947998,0.149206280708313,0.0
14.410000801086426,16.8,-0.2,11.868238913561441,-32.2885911618951,0.7680264811124479,0.5686251835593489,0.5346839427947998,0.149206280708313,0.0
14.420000553131104,16.900000000000002,-0.7000000000000002,5.585053606381854,-29.49606435870417,0.7680264811124479,0.5686251835593489,0.5346839427947998,0.149206280708313,0.0
14.43000054359436,16.900000000000002,-1.3,0.17453292519943295,-32.46312408709453,0.5487360515783493,1.115321324165288,0.06564684212207794,0.5019858479499817,0.0
14.440000295639038,16.900000000000002,-1.7000000000000002,0.0,-19.198621771937624,0.5487360515783493,1.115321324165288,0.06564684212207794,0.5019858479499817,0.0
14.450000524520874,16.900000000000002,-1.7000000000000002,0.0,-3.839724354387525,0.5487360515783493,1.115321324165288,0.06564684212207794,0.5019858479499817,0.0
14.46000051498413,16.900000000000002,-1.7000000000000002,0.6981317007977318,-0.8726646259971648,0.5487360515783493,1.115321324165288,0.06564684212207794,0.5019858479499817,0.0
14.470000505447388,16.900000000000002,-1.7000000000000002,0.0,-0.0,0.26977822610125163,1.4988245869784091,1.6864253282546997,0.7499050498008728,0.0
14.480000495910645,16.900000000000002,-1.7000000000000002,0.17453292519943295,-0.6981317007977318,0.26977822610125163,1.4988245869784091,1.6864253282546997,0.7499050498008728,0.0
14.490000486373901,16.900000000000002,-1.7000000000000002,-0.6981317007977318,-0.0,0.26977822610125163,1.4988245869784091,1.6864253282546997,0.7499050498008728,0.0
14.500000476837158,16.900000000000002,-1.7000000000000002,-0.3490658503988659,-0.0,0.09740574893258801,1.330531931754566,5.5989580154418945,0.8289003372192383,0.0
14.510000705718994,16.8,-1.7000000000000002,-3.3161255787892263,-0.0,0.09740574893258801,1.330531931754566,5.5989580154418945,0.8289003372192383,0.0
14.52000093460083,16.6,-1.7000000000000002,-12.217304763960307,-0.0,0.09740574893258801,1.330531931754566,5.5989580154418945,0.8289003372192383,0.0
14.530000686645508,16.200000000000003,-1.7000000000000002,-22.165681500327985,-0.0,0.09740574893258801,1.330531931754566,5.5989580154418945,0.8289003372192383,0.0
14.540000677108765,15.700000000000001,-1.7000000000000002,-26.52900463031381,-0.17453292519943295,0.022948998439614978,1.2346561160512857,25.19099998474121,0.874130129814148,0.0
14.550000667572021,15.200000000000003,-1.7000000000000002,-26.17993877991494,-0.0,0.022948998439614978,1.2346561160512857,25.19099998474121,0.874130129814148,0.0
14.560000658035278,14.800000000000002,-1.7000000000000002,-23.387411976724017,-0.0,0.009689577118948545,1.1398002558342104,57.679420471191406,0.8843467831611633,0.0
14.570000648498535,14.400000000000002,-1.7000000000000002,-19.198621771937624,-0.0,0.009689577118948545,1.1398002558342104,57.679420471191406,0.8843467831611633,0.0
14.580000400543213,14.200000000000001,-1.7000000000000002,-10.297442586766545,0.17453292519943295,0.009689577118948545,1.1398002558342104,57.679420471191406,0.8843467831611633,0.0
14.590000629425049,14.200000000000001,-1.7000000000000002,-2.443460952792061,0.17453292519943295,0.0061197329172306605,1.0021062651965207,83.11100006103516,0.8873714804649353,0.0
14.600000381469727,14.200000000000001,-1.7000000000000002,0.0,0.8726646259971648,0.0061197329172306605,1.0021062651965207,83.11100006103516,0.8873714804649353,0.0
14.610000610351562,14.200000000000001,-1.7000000000000002,0.0,0.5235987755982988,0.0061197329172306605,1.0021062651965207,83.11100006103516,0.8873714804649353,0.0
14.62000060081482,14.200000000000001,-1.6,0.3490658503988659,6.981317007977318,0.0061197329172306605,0.9103102714380608,78.31099700927734,0.8813809752464294,0.0
14.630000829696655,14.200000000000001,-1.3,0.0,14.137166941154069,0.0061197329172306605,0.9103102714380608,78.31099700927734,0.8813809752464294,0.0
14.640000581741333,14.300000000000002,-0.9000000000000001,0.3490658503988659,18.675022996339326,0.0061197329172306605,0.9103102714380608,78.31099700927734,0.8813809752464294,0.0
14.650001049041748,14.300000000000002,-0.5,0.0,22.340214425527417,0.0020399109724102203,0.8781816736225998,237.11099243164062,0.8815667629241943,0.0
14.660000324249268,14.300000000000002,0.1,0.0,35.95378259108319,0.0020399109724102203,0.8781816736225998,237.11099243164062,0.8815667629241943,0.0
14.670000791549683,14.300000000000002,0.9000000000000001,0.0,45.20402762665314,0.0020399109724102203,0.8781816736225998,237.11099243164062,0.8815667629241943,0.0
14.68000054359436,14.300000000000002,1.8000000000000003,0.5235987755982988,46.42575810304917,0.0020399109724102203,0.8781816736225998,237.11099243164062,0.8815667629241943,0.0
14.690000534057617,14.400000000000002,2.7,5.235987755982989,49.741883681838395,0.002549888715512775,0.9266295592173425,210.63099670410156,0.8859180212020874,0.0
14.700000524520874,14.5,3.6000000000000005,3.839724354387525,48.345620280242926,0.002549888715512775,0.9266295592173425,210.63099670410156,0.8859180212020874,0.0
14.710000276565552,14.5,4.5,3.839724354387525,53.40707511102649,0.002549888715512775,0.9266295592173425,210.63099670410156,0.8859180212020874,0.0
14.720000505447388,14.600000000000001,5.499999999999999,2.0943951023931953,50.96361415823442,0.002549888715512775,0.9266295592173425,210.63099670410156,0.8859180212020874,0.0
14.730000495910645,14.600000000000001,6.4,2.0943951023931953,51.66174585903215,0.005609755174128105,1.0112858645723666,108.20191192626953,0.8845622539520264,0.0
14.740000247955322,14.700000000000001,7.300000000000001,4.71238898038469,48.1710873550435,0.005609755174128105,1.0112858645723666,108.20191192626953,0.8845622539520264,0.0
14.750000476837158,14.700000000000001,8.2,4.71238898038469,50.09094953223726,0.007649666146538325,1.0959421699273908,88.60433197021484,0.8845328092575073,0.0
14.760000944137573,14.900000000000002,9.0,4.886921905584122,43.109632524259936,0.007649666146538325,1.0959421699273908,88.60433197021484,0.8845328092575073,0.0
14.770000457763672,14.900000000000002,9.700000000000001,4.886921905584122,40.31710572106901,0.007649666146538325,1.0959421699273908,88.60433197021484,0.8845328092575073,0.0
14.780000925064087,14.900000000000002,10.4,2.0943951023931953,37.69911184307752,0.007649666146538325,1.1336805229169797,93.99099731445312,0.8861210346221924,0.0
14.790000438690186,14.900000000000002,10.9,0.3490658503988659,28.274333882308138,0.007649666146538325,1.1336805229169797,93.99099731445312,0.8861210346221924,0.0
14.800000667572021,14.900000000000002,11.4,-1.0471975511965976,28.274333882308138,0.007649666146538325,1.1336805229169797,93.99099731445312,0.8861210346221924,0.0
14.810000658035278,14.900000000000002,11.900000000000002,-0.17453292519943295,28.97246558310587,0.004589799687922995,1.120931079339416,157.7776641845703,0.8868162035942078,0.0
14.820015907287598,14.800000000000002,12.300000000000002,-1.9198621771937625,20.943951023931955,0.004589799687922995,1.120931079339416,157.7776641845703,0.8868162035942078,0.0
14.830000638961792,14.800000000000002,12.5,-0.3490658503988659,11.519173063162574,0.004589799687922995,1.120931079339416,157.7776641845703,0.8868162035942078,0.0
14.840000629425049,14.600000000000001,12.5,-11.170107212763709,2.9670597283903604,0.004079821944820441,1.0918623479825704,176.21099853515625,0.8848897814750671,0.0
14.850000619888306,14.200000000000001,12.5,-23.03834612632515,-0.17453292519943295,0.004079821944820441,1.0918623479825704,176.21099853515625,0.8848897814750671,0.0
14.860000610351562,13.5,12.5,-33.85938748868999,-0.17453292519943295,0.004079821944820441,1.0918623479825704,176.21099853515625,0.8848897814750671,0.0
14.870000839233398,12.8,12.5,-39.79350694547071,-0.5235987755982988,0.00509977743102555,1.0566738837084941,137.75100708007812,0.885138988494873,0.0
14.880000591278076,11.200000000000003,12.5,-41.538836197465045,-0.0,0.00509977743102555,1.0566738837084941,137.75100708007812,0.885138988494873,0.0
14.890000820159912,11.200000000000003,12.5,-41.538836197465045,-0.0,0.00509977743102555,1.0566738837084941,137.75100708007812,0.885138988494873,0.0
14.90000057220459,10.5,12.5,-40.31710572106901,1.2217304763960306,0.005609755174128105,1.033724885268879,124.42008972167969,0.8846586346626282,0.0
14.910000801086426,9.8,12.5,-36.477381366681485,-0.5235987755982988,0.005609755174128105,1.033724885268879,124.42008972167969,0.8846586346626282,0.0
14.920000791549683,9.3,12.5,-31.41592653589793,0.17453292519943295,0.005609755174128105,1.033724885268879,124.42008972167969,0.8846586346626282,0.0
14.93000054359436,8.8,12.5,-24.434609527920614,-0.0,0.006629710660333216,1.0286251078378534,106.06484985351562,0.8866202235221863,0.0
14.940000534057617,8.5,12.5,-6.981317007977318,1.7453292519943295,0.006629710660333216,1.0286251078378534,106.06484985351562,0.8866202235221863,0.0
14.950000524520874,8.5,12.700000000000001,-6.981317007977318,7.504915783575617,0.006629710660333216,1.0286251078378534,106.06484985351562,0.8866202235221863,0.0
14.96000075340271,8.6,13.100000000000001,0.3490658503988659,21.29301687433082,0.006629710660333216,1.0286251078378534,106.06484985351562,0.8866202235221863,0.0
14.970000505447388,8.6,13.700000000000003,0.3490658503988659,33.68485456349056,0.008159643889640881,1.0413745514154173,88.96099853515625,0.8839069604873657,0.0
14.980000495910645,8.6,14.300000000000002,0.8726646259971648,33.510321638291124,0.008159643889640881,1.0413745514154173,88.96099853515625,0.8839069604873657,0.0
14.990000486373901,8.6,14.800000000000002,3.6651914291880923,26.52900463031381,0.008159643889640881,1.0413745514154173,88.96099853515625,0.8839069604873657,0.0
15.000000238418579,9.100000000000001,15.300000000000002,14.660765716752369,25.656340004316643,0.008159643889640881,1.0413745514154173,88.96099853515625,0.8839069604873657,0.0
15.010000705718994,9.100000000000001,15.700000000000001,14.660765716752369,21.81661564992912,0.00509977743102555,1.0321949520395715,144.1510009765625,0.8862332105636597,0.0
15.02000117301941,9.900000000000002,15.899999999999999,22.51474735072685,13.439035240356338,0.00509977743102555,1.0321949520395715,144.1510009765625,0.8862332105636597,0.0
15.030000686645508,9.900000000000002,15.899999999999999,22.51474735072685,3.3161255787892263,0.03161862007235841,0.949068579913855,21.123903274536133,0.8636372685432434,0.0
15.040000915527344,10.8,15.899999999999999,23.736477827122883,0.3490658503988659,0.03161862007235841,0.949068579913855,21.123903274536133,0.8636372685432434,0.0
15.050000667572021,10.8,15.899999999999999,23.736477827122883,-0.6981317007977318,0.03161862007235841,0.949068579913855,21.123903274536133,0.8636372685432434,0.0
15.0600004196167,11.100000000000001,15.899999999999999,18.675022996339326,-1.3962634015954636,0.22999996213925233,0.7547670597917815,1.5340598821640015,0.6906216144561768,0.0
15.070000648498535,11.3,15.700000000000001,13.61356816555577,-6.806784082777885,0.22999996213925233,0.7547670597917815,1.5340598821640015,0.6906216144561768,0.0
15.080000877380371,11.5,15.5,10.64650843716541,-9.948376736367678,0.22999996213925233,0.7547670597917815,1.5340598821640015,0.6906216144561768,0.0
15.090000629425049,11.8,15.300000000000002,16.231562043547264,-12.740903539558605,0.7950553014968833,0.43297110389406923,0.4748883843421936,0.2634146213531494,0.0
15.100000381469727,12.200000000000001,14.999999999999998,21.991148575128552,-14.137166941154069,0.7950553014968833,0.43297110389406923,0.4748883843421936,0.2634146213531494,0.0
15.110000610351562,12.700000000000001,14.800000000000002,25.132741228718345,-12.740903539558605,0.7950553014968833,0.43297110389406923,0.4748883843421936,0.2634146213531494,0.0
15.12000060081482,13.200000000000003,14.600000000000001,27.75073510670984,-13.08996938995747,0.7950553014968833,0.43297110389406923,0.4748883843421936,0.2634146213531494,0.0
15.130000829696655,13.700000000000003,14.300000000000002,29.146998508305302,-15.707963267948966,1.2111971398685681,0.1417738125825103,0.802431583404541,4.365676403045654,0.0
15.140000581741333,14.400000000000002,13.8,32.637657012293964,-24.434609527920614,1.2111971398685681,0.1417738125825103,0.802431583404541,4.365676403045654,0.0
15.15000057220459,14.999999999999998,13.399999999999999,32.637657012293964,-23.03834612632515,1.3606206185976168,0.026518842641332863,0.8764063119888306,30.603307723999023,0.0
15.160000562667847,15.5,13.000000000000002,31.2413936106985,-20.245819323134224,1.3606206185976168,0.026518842641332863,0.8764063119888306,30.603307723999023,0.0
15.170000791549683,16.1,12.600000000000001,31.41592653589793,-22.340214425527417,1.3606206185976168,0.026518842641332863,0.8764063119888306,30.603307723999023,0.0
15.18000054359436,16.699999999999996,12.0,31.590459461097364,-32.11405823669566,1.3606206185976168,0.026518842641332863,0.8764063119888306,30.603307723999023,0.0
15.190000295639038,17.2,11.4,29.321531433504738,-34.20845333908886,1.3458312640476426,0.0035698442017178854,0.8868779540061951,232.1395721435547,0.0
15.200000524520874,18.1,10.8,23.212879051524585,-31.93952531149623,1.3458312640476426,0.0035698442017178854,0.8868779540061951,232.1395721435547,0.0
15.210000276565552,18.1,10.100000000000001,23.212879051524585,-37.69911184307752,1.3458312640476426,0.0035698442017178854,0.8868779540061951,232.1395721435547,0.0
15.220000267028809,18.400000000000006,9.4,19.02408884673819,-40.14257279586958,1.2147669840702862,0.002549888715512775,0.8873207569122314,294.7909851074219,0.0
15.230000257492065,18.6,8.700000000000001,13.264502315156905,-34.55751918948773,1.2147669840702862,0.002549888715512775,0.8873207569122314,294.7909851074219,0.0
15.240000247955322,18.8,8.100000000000001,8.028514559173916,-38.22271061867582,1.2147669840702862,0.002549888715512775,0.8873207569122314,294.7909851074219,0.0
15.250000476837158,18.900000000000002,7.400000000000001,4.363323129985824,-33.510321638291124,1.0546339727360838,0.00509977743102555,0.8843578100204468,128.39100646972656,0.0
15.260000705718994,18.8,6.9,-0.17453292519943295,-30.194196059501902,1.0546339727360838,0.00509977743102555,0.8843578100204468,128.39100646972656,0.0
15.270000696182251,18.8,6.300000000000001,-0.17453292519943295,-34.033920413889426,1.0546339727360838,0.00509977743102555,0.8843578100204468,128.39100646972656,0.0
15.280000925064087,18.8,5.600000000000001,-0.17453292519943295,-35.43018381548489,1.0546339727360838,0.00509977743102555,0.8843578100204468,128.39100646972656,0.0
15.290000915527344,18.8,5.2,-0.8726646259971648,-26.703537555513243,0.9128601601535735,0.004589799687922995,0.8836368918418884,124.5332260131836,0.0
15.300000667572021,18.700000000000003,4.7,-6.1086523819801535,-25.307274153917778,0.9128601601535735,0.004589799687922995,0.8836368918418884,124.5332260131836,0.0
15.310000658035278,18.700000000000003,4.2,-6.1086523819801535,-25.132741228718345,0.8246340105968315,0.0030598664586153302,0.8850420713424683,171.37767028808594,0.0
15.320000410079956,18.400000000000006,3.9000000000000004,-14.835298641951802,-17.10422666954443,0.8246340105968315,0.0030598664586153302,0.8850420713424683,171.37767028808594,0.0
15.330000638961792,17.900000000000006,3.9000000000000004,-24.609142453120047,-5.061454830783556,0.8246340105968315,0.0030598664586153302,0.8850420713424683,171.37767028808594,0.0
15.34000039100647,16.8,3.9000000000000004,-32.46312408709453,-0.6981317007977318,0.8246340105968315,0.0030598664586153302,0.8850420713424683,171.37767028808594,0.0
15.350000619888306,16.8,3.9000000000000004,-32.46312408709453,0.17453292519943295,0.7991351234417038,0.0061197329172306605,0.8823631405830383,84.91100311279297,0.0
15.360000610351562,15.600000000000001,3.9000000000000004,-33.85938748868999,-0.0,0.7991351234417038,0.0061197329172306605,0.8823631405830383,84.91100311279297,0.0
15.37000036239624,14.900000000000002,3.9000000000000004,-35.08111796508602,-0.17453292519943295,0.7991351234417038,0.0061197329172306605,0.8823631405830383,84.91100311279297,0.0
15.380000591278076,14.900000000000002,3.9000000000000004,-35.08111796508602,-0.3490658503988659,0.8455430980640363,0.00509977743102555,0.886104941368103,112.23100280761719,0.0
15.390000581741333,14.300000000000002,3.9000000000000004,-36.12831551628262,-0.6981317007977318,0.8455430980640363,0.00509977743102555,0.886104941368103,112.23100280761719,0.0
15.40000033378601,13.700000000000003,3.8000000000000007,-31.2413936106985,-2.2689280275926285,0.8455430980640363,0.00509977743102555,0.886104941368103,112.23100280761719,0.0
15.410000801086426,13.3,3.6000000000000005,-21.642082724729686,-8.377580409572781,0.9296894256759578,0.00509977743102555,0.8837339282035828,126.95099639892578,0.0
15.420000553131104,13.3,2.9000000000000004,3.490658503988659,-23.56194490192345,0.9296894256759578,0.00509977743102555,0.8837339282035828,126.95099639892578,0.0
15.43000054359436,13.3,2.9000000000000004,3.490658503988659,-23.56194490192345,0.9322393143914706,0.008159643889640881,0.88199782371521,81.36100006103516,0.0
15.440000772476196,13.600000000000001,2.2,11.519173063162574,-35.604716740684324,0.9322393143914706,0.008159643889640881,0.88199782371521,81.36100006103516,0.0
15.450000524520874,13.600000000000001,1.6,11.519173063162574,-31.590459461097364,0.9322393143914706,0.008159643889640881,0.88199782371521,81.36100006103516,0.0
15.46000051498413,14.0,1.0,18.84955592153876,-31.590459461097364,0.9322393143914706,0.008159643889640881,0.88199782371521,81.36100006103516,0.0
15.470000505447388,14.5,-0.2,26.17993877991494,-36.65191429188092,0.9322393143914706,0.008159643889640881,0.88199782371521,81.36100006103516,0.0
15.480000495910645,15.100000000000001,-0.2,32.11405823669566,-36.65191429188092,0.9322393143914706,0.041818174934409515,0.8767461776733398,15.76465892791748,0.0
15.490000247955322,15.700000000000001,-0.8,35.43018381548489,-32.81218993749339,0.9322393143914706,0.041818174934409515,0.8767461776733398,15.76465892791748,0.0
15.500000476837158,16.4,-1.5,37.000980142279786,-38.22271061867582,0.9322393143914706,0.041818174934409515,0.8767461776733398,15.76465892791748,0.0
15.510000705718994,17.1,-2.1,35.25565089028546,-32.98672286269283,0.791995435038268,0.5048779656715295,0.5521036982536316,0.30372726917266846,0.0
15.520000696182251,18.1,-2.6,28.44886680750757,-27.925268031909273,0.791995435038268,0.5048779656715295,0.5521036982536316,0.30372726917266846,0.0
15.530000686645508,18.1,-3.1,28.44886680750757,-30.01966313430247,0.791995435038268,0.5048779656715295,0.5521036982536316,0.30372726917266846,0.0
15.540000677108765,18.5,-3.6000000000000005,19.02408884673819,-23.911010752322316,0.791995435038268,0.5048779656715295,0.5521036982536316,0.30372726917266846,0.0
15.550000429153442,18.5,-3.8000000000000007,5.934119456780721,-11.519173063162574,0.791995435038268,0.5048779656715295,0.5521036982536316,0.30372726917266846,0.0
15.560000658035278,18.5,-3.8000000000000007,-0.17453292519943295,-3.141592653589793,0.791995435038268,0.5048779656715295,0.5521036982536316,0.30372726917266846,0.0
15.570000648498535,18.5,-3.8000000000000007,0.0,-0.0,0.45643008007678676,1.2999332671684127,0.4061955213546753,0.618148684501648,0.0
15.580000400543213,18.5,-3.8000000000000007,1.0471975511965976,-0.0,0.45643008007678676,1.2999332671684127,0.4061955213546753,0.618148684501648,0.0
15.59000039100647,18.5,-3.8000000000000007,-0.5235987755982988,0.17453292519943295,0.27742789224778996,1.510554075069768,1.5771764516830444,0.749094545841217,0.0
15.600000619888306,18.5,-3.8000000000000007,-0.5235987755982988,0.17453292519943295,0.27742789224778996,1.510554075069768,1.5771764516830444,0.749094545841217,0.0
15.610000371932983,18.400000000000006,-3.8000000000000007,-3.141592653589793,0.5235987755982988,0.27742789224778996,1.510554075069768,1.5771764516830444,0.749094545841217,0.0
15.62000036239624,18.200000000000003,-3.7000000000000006,-10.821041362364843,1.2217304763960306,0.11321505896876721,1.4182481035682055,4.822711944580078,0.8271517157554626,0.0
15.630008459091187,17.900000000000006,-3.6000000000000005,-18.675022996339326,6.283185307179586,0.11321505896876721,1.4182481035682055,4.822711944580078,0.8271517157554626,0.0
15.640000343322754,17.0,-3.4000000000000004,-23.736477827122883,6.283185307179586,0.11321505896876721,1.4182481035682055,4.822711944580078,0.8271517157554626,0.0
15.650000810623169,17.0,-3.4000000000000004,-23.736477827122883,6.283185307179586,0.029578709099948194,1.2876938013339514,19.207551956176758,0.8674554228782654,0.0
15.660000562667847,16.5,-3.3000000000000007,-28.274333882308138,4.1887902047863905,0.029578709099948194,1.2876938013339514,19.207551956176758,0.8674554228782654,0.0
15.670000791549683,16.0,-3.3000000000000007,-28.623399732707004,0.5235987755982988,0.029578709099948194,1.2876938013339514,19.207551956176758,0.8674554228782654,0.0
15.680000305175781,15.600000000000001,-3.3000000000000007,-22.51474735072685,-0.0,0.010709532605153655,1.1326605674307748,49.77766799926758,0.878914475440979,0.0
15.690000295639038,15.300000000000002,-3.3000000000000007,-14.660765716752369,-0.0,0.010709532605153655,1.1326605674307748,49.77766799926758,0.878914475440979,0.0
15.700000524520874,15.300000000000002,-3.3000000000000007,-3.839724354387525,0.3490658503988659,0.010709532605153655,1.1326605674307748,49.77766799926758,0.878914475440979,0.0
15.71000051498413,15.300000000000002,-3.3000000000000007,-0.17453292519943295,0.6981317007977318,0.006629710660333216,0.9536583796017779,69.14176940917969,0.8842940926551819,0.0
15.720000267028809,15.300000000000002,-3.1,0.6981317007977318,8.726646259971648,0.006629710660333216,0.9536583796017779,69.14176940917969,0.8842940926551819,0.0
15.730000495910645,15.300000000000002,-2.8000000000000007,0.0,13.264502315156905,0.006629710660333216,0.9536583796017779,69.14176940917969,0.8842940926551819,0.0
15.740000486373901,15.300000000000002,-2.6,0.5235987755982988,14.311699866353502,0.006629710660333216,0.9536583796017779,69.14176940917969,0.8842940926551819,0.0
15.750000476837158,15.300000000000002,-2.2,0.17453292519943295,19.54768762233649,0.00509977743102555,0.8241240328537289,80.87100219726562,0.8875148296356201,0.0
15.760000944137573,15.300000000000002,-1.6,0.17453292519943295,33.16125578789226,0.00509977743102555,0.8241240328537289,80.87100219726562,0.8875148296356201,0.0
15.770000696182251,15.300000000000002,-0.9000000000000001,0.0,36.12831551628262,0.00509977743102555,0.8241240328537289,80.87100219726562,0.8875148296356201,0.0
15.780000925064087,15.300000000000002,-0.2,0.0,36.477381366681485,0.006629710660333216,0.8460530758071388,65.88023376464844,0.8788734078407288,0.0
15.790000677108765,15.300000000000002,0.5,0.0,43.982297150257104,0.006629710660333216,0.8460530758071388,65.88023376464844,0.8788734078407288,0.0
15.800000429153442,15.300000000000002,2.2,0.0,48.1710873550435,0.006629710660333216,0.8460530758071388,65.88023376464844,0.8788734078407288,0.0
15.810000658035278,15.300000000000002,2.2,0.0,48.1710873550435,0.004589799687922995,0.945498735712137,111.91100311279297,0.883390486240387,0.0
15.820000410079956,15.300000000000002,3.0,0.0,47.472955654245766,0.004589799687922995,0.945498735712137,111.91100311279297,0.883390486240387,0.0
15.830000400543213,15.300000000000002,3.9000000000000004,0.0,46.6002910282486,0.004589799687922995,0.945498735712137,111.91100311279297,0.883390486240387,0.0
15.84000039100647,15.300000000000002,4.800000000000001,0.0,49.39281783143953,0.007139688403435771,1.0546339727360838,82.59671783447266,0.8874526023864746,0.0
15.850000619888306,15.399999999999999,6.600000000000001,0.0,47.29842272904633,0.007139688403435771,1.0546339727360838,82.59671783447266,0.8874526023864746,0.0
15.860000610351562,15.399999999999999,6.600000000000001,0.0,47.29842272904633,0.007139688403435771,1.0546339727360838,82.59671783447266,0.8874526023864746,0.0
15.870000839233398,15.399999999999999,7.300000000000001,0.0,41.36430327226561,0.007139688403435771,1.0546339727360838,82.59671783447266,0.8874526023864746,0.0
15.880000352859497,15.399999999999999,8.100000000000001,0.0,44.33136300065597,0.005609755174128105,1.1168512573945955,115.03826904296875,0.8864428997039795,0.0
15.890000820159912,15.399999999999999,8.8,0.0,38.39724354387525,0.005609755174128105,1.1168512573945955,115.03826904296875,0.8864428997039795,0.0
15.90000033378601,15.300000000000002,9.5,0.0,38.39724354387525,0.005609755174128105,1.1168512573945955,115.03826904296875,0.8864428997039795,0.0
15.910000562667847,15.300000000000002,10.200000000000001,0.0,40.14257279586958,0.0061197329172306605,1.131130634201467,108.71099853515625,0.8875572681427002,0.0
15.920000553131104,15.300000000000002,10.8,-1.3962634015954636,32.2885911618951,0.0061197329172306605,1.131130634201467,108.71099853515625,0.8875572681427002,0.0
15.93000054359436,15.300000000000002,11.3,-0.17453292519943295,29.670597283903604,0.004589799687922995,1.11175147996357,146.57766723632812,0.8878991007804871,0.0
15.940000295639038,15.200000000000003,11.900000000000002,-4.1887902047863905,30.194196059501902,0.004589799687922995,1.11175147996357,146.57766723632812,0.8878991007804871,0.0
15.950000524520874,14.999999999999998,12.300000000000002,-11.868238913561441,21.118483949131388,0.004589799687922995,1.11175147996357,146.57766723632812,0.8878991007804871,0.0
15.960000276565552,14.600000000000001,12.300000000000002,-21.81661564992912,5.759586531581287,0.00509977743102555,1.0582038169378016,128.1510009765625,0.8870722651481628,0.0
15.970000505447388,13.5,12.300000000000002,-28.44886680750757,-0.5235987755982988,0.00509977743102555,1.0582038169378016,128.1510009765625,0.8870722651481628,0.0
15.980000257492065,13.5,12.300000000000002,-28.44886680750757,-0.17453292519943295,0.00509977743102555,1.0582038169378016,128.1510009765625,0.8870722651481628,0.0
15.990000486373901,12.9,12.300000000000002,-33.85938748868999,0.5235987755982988,0.00509977743102555,1.0582038169378016,128.1510009765625,0.8870722651481628,0.0
16.000000476837158,12.100000000000001,12.300000000000002,-41.18977034706618,-0.0,0.004589799687922995,0.9837470664448287,135.55545043945312,0.8865116834640503,0.0
16.010000705718994,11.3,12.300000000000002,-41.01523742186674,-0.0,0.004589799687922995,0.9837470664448287,135.55545043945312,0.8865116834640503,0.0
16.02000069618225,10.600000000000001,12.4,-41.01523742186674,2.2689280275926285,0.004589799687922995,0.9837470664448287,135.55545043945312,0.8865116834640503,0.0
16.03000044822693,9.900000000000002,12.4,-38.04817769347638,1.0471975511965976,0.0061197329172306605,0.9715076006103673,102.37767028808594,0.885220468044281,0.0
16.040000915527344,9.4,12.4,-27.925268031909273,-0.0,0.0061197329172306605,0.9715076006103673,102.37767028808594,0.885220468044281,0.0
16.05000066757202,9.100000000000001,12.4,-18.500490071139893,2.6179938779914944,0.0061197329172306605,0.9715076006103673,102.37767028808594,0.885220468044281,0.0
16.06000065803528,9.0,12.600000000000001,-6.1086523819801535,10.64650843716541,0.0005099777431025551,0.9653878676931367,0.0,0.8856191039085388,0.0
16.070000648498535,9.100000000000001,13.000000000000002,4.1887902047863905,19.02408884673819,0.0005099777431025551,0.9653878676931367,0.0,0.8856191039085388,0.0
16.080000638961792,9.600000000000001,13.5,15.882496193148398,28.274333882308138,0.0005099777431025551,0.9653878676931367,0.0,0.8856191039085388,0.0
16.09000062942505,9.600000000000001,14.100000000000003,15.882496193148398,28.099800957108705,0.01529933229307665,0.9291794479328552,40.284332275390625,0.8771448731422424,0.0
16.100000381469727,10.700000000000001,14.400000000000002,34.55751918948773,21.29301687433082,0.01529933229307665,0.9291794479328552,40.284332275390625,0.8771448731422424,0.0
16.110000371932983,10.700000000000001,14.700000000000001,34.55751918948773,18.151424220741028,0.01529933229307665,0.9291794479328552,40.284332275390625,0.8771448731422424,0.0
16.12000060081482,11.5,15.100000000000001,41.01523742186674,18.500490071139893,0.09995563764810078,0.770066392084858,4.470183849334717,0.8132383823394775,0.0
16.130001068115234,12.300000000000002,15.300000000000002,46.774823953448035,12.042771838760874,0.09995563764810078,0.770066392084858,4.470183849334717,0.8132383823394775,0.0
16.140000581741333,14.100000000000003,15.300000000000002,48.1710873550435,2.443460952792061,0.09995563764810078,0.770066392084858,4.470183849334717,0.8132383823394775,0.0
16.15000081062317,14.100000000000003,15.300000000000002,48.1710873550435,-1.2217304763960306,0.8042349008727293,0.48039903400260686,0.469976544380188,0.08000212162733078,0.0
16.160000562667847,15.600000000000001,15.200000000000003,39.269908169872416,-2.443460952792061,0.8042349008727293,0.48039903400260686,0.469976544380188,0.08000212162733078,0.0
16.170000791549683,15.600000000000001,15.100000000000001,39.269908169872416,-3.490658503988659,0.8042349008727293,0.48039903400260686,0.469976544380188,0.08000212162733078,0.0
16.18000054359436,16.200000000000003,15.100000000000001,30.368728984701335,-0.5235987755982988,1.2234366057030295,0.1983813420668939,0.7732850909233093,2.658557891845703,0.0
16.190000534057617,16.5,15.100000000000001,22.165681500327985,-0.17453292519943295,1.2234366057030295,0.1983813420668939,0.7732850909233093,2.658557891845703,0.0
16.200000524520874,16.8,15.100000000000001,4.363323129985824,-0.17453292519943295,1.2234366057030295,0.1983813420668939,0.7732850909233093,2.658557891845703,0.0
16.21000051498413,16.8,15.100000000000001,4.363323129985824,-1.5707963267948966,1.333081820470079,0.05711750722748617,0.8580895066261292,12.603857040405273,0.0
16.220000505447388,16.8,14.900000000000002,0.6981317007977318,-8.552113334772216,1.333081820470079,0.05711750722748617,0.8580895066261292,12.603857040405273,0.0
16.230000495910645,16.8,14.600000000000001,0.17453292519943295,-16.755160819145562,1.333081820470079,0.05711750722748617,0.8580895066261292,12.603857040405273,0.0
16.240000247955322,16.8,14.100000000000003,1.7453292519943295,-26.00540585471551,1.333081820470079,0.05711750722748617,0.8580895066261292,12.603857040405273,0.0
16.250000476837158,17.0,13.5,7.504915783575617,-30.368728984701335,1.3657203960286424,0.005609755174128105,0.8889999985694885,141.2200927734375,0.0
16.260000944137573,17.7,13.200000000000003,24.434609527920614,-21.991148575128552,1.3657203960286424,0.005609755174128105,0.8889999985694885,141.2200927734375,0.0
16.27000069618225,17.7,12.9,24.434609527920614,-14.311699866353502,1.3657203960286424,0.005609755174128105,0.8889999985694885,141.2200927734375,0.0
16.280000925064087,18.3,12.700000000000001,32.2885911618951,-13.08996938995747,1.228536383134055,0.00509977743102555,0.8883358240127563,141.51100158691406,0.0
16.290000677108765,19.0,12.4,34.033920413889426,-15.009831567151235,1.228536383134055,0.00509977743102555,0.8883358240127563,141.51100158691406,0.0
16.3000009059906,19.6,12.100000000000001,30.892327760299633,-17.802358370342162,1.228536383134055,0.00509977743102555,0.8883358240127563,141.51100158691406,0.0
16.31000065803528,20.1,11.8,11.519173063162574,-15.3588974175501,1.228536383134055,0.00509977743102555,0.8883358240127563,141.51100158691406,0.0
16.320000648498535,20.200000000000003,11.700000000000001,2.2689280275926285,-8.901179185171081,1.0469843065895454,0.007649666146538325,0.8843238949775696,80.5510025024414,0.0
16.330000638961792,20.200000000000003,11.600000000000001,2.2689280275926285,-1.9198621771937625,1.0469843065895454,0.007649666146538325,0.8843238949775696,80.5510025024414,0.0
16.34000039100647,20.200000000000003,11.600000000000001,0.0,-0.3490658503988659,0.917959937584599,0.0030598664586153302,0.8872222304344177,180.84432983398438,0.0
16.350000619888306,20.1,11.600000000000001,-1.3962634015954636,-0.0,0.917959937584599,0.0030598664586153302,0.8872222304344177,180.84432983398438,0.0
16.360000610351562,20.1,11.600000000000001,-2.2689280275926285,-0.6981317007977318,0.917959937584599,0.0030598664586153302,0.8872222304344177,180.84432983398438,0.0
16.3700008392334,19.900000000000002,11.600000000000001,-9.42477796076938,-0.0,0.917959937584599,0.0030598664586153302,0.8872222304344177,180.84432983398438,0.0
16.380000591278076,19.5,11.600000000000001,-18.32595714594046,-0.0,0.917959937584599,0.0030598664586153302,0.8872222304344177,180.84432983398438,0.0
16.390000820159912,19.5,11.600000000000001,-18.32595714594046,0.17453292519943295,0.8521728087243695,0.0030598664586153302,0.8856487274169922,175.2443389892578,0.0
16.40000081062317,19.0,11.600000000000001,-28.274333882308138,-0.5235987755982988,0.8521728087243695,0.0030598664586153302,0.8856487274169922,175.2443389892578,0.0
16.410000801086426,17.300000000000004,11.600000000000001,-50.78908123303499,-0.0,0.8521728087243695,0.0030598664586153302,0.8856487274169922,175.2443389892578,0.0
16.420000553131104,17.300000000000004,11.600000000000001,-50.78908123303499,-0.0,0.8521728087243695,0.0030598664586153302,0.8856487274169922,175.2443389892578,0.0
16.43000054359436,15.200000000000003,11.600000000000001,-54.80333851262195,-2.792526803190927,0.8414632761192158,0.007139688403435771,0.8846363425254822,75.453857421875,0.0
16.440000534057617,15.200000000000003,11.200000000000003,-54.80333851262195,-15.707963267948966,0.8414632761192158,0.007139688403435771,0.8846363425254822,75.453857421875,0.0
16.450000762939453,14.200000000000001,10.8,-55.32693728822024,-23.212879051524585,0.899600738832907,0.002549888715512775,0.8876394629478455,232.87100219726562,0.0
16.46000051498413,13.399999999999999,10.0,-46.6002910282486,-39.09537524467298,0.899600738832907,0.002549888715512775,0.8876394629478455,232.87100219726562,0.0
16.470000505447388,12.300000000000002,9.200000000000003,-24.958208303518912,-43.109632524259936,0.899600738832907,0.002549888715512775,0.8876394629478455,232.87100219726562,0.0
16.480000495910645,12.300000000000002,8.6,-24.958208303518912,-36.302848441482055,0.936319136336291,0.005609755174128105,0.882028341293335,112.20191192626953,0.0
16.4900004863739,12.100000000000001,7.9,-14.486232791552935,-37.000980142279786,0.936319136336291,0.005609755174128105,0.882028341293335,112.20191192626953,0.0
16.500000476837158,12.200000000000001,7.400000000000001,0.0,-27.05260340591211,0.936319136336291,0.005609755174128105,0.882028341293335,112.20191192626953,0.0
16.510000467300415,12.200000000000001,7.200000000000001,1.0471975511965976,-15.707963267948966,0.912350182410471,0.012749443577563876,0.8778205513954163,48.39099884033203,0.0
16.52000093460083,12.600000000000001,7.0,15.882496193148398,-13.08996938995747,0.912350182410471,0.012749443577563876,0.8778205513954163,48.39099884033203,0.0
16.530000686645508,12.600000000000001,6.600000000000001,15.882496193148398,-18.151424220741028,0.912350182410471,0.012749443577563876,0.8778205513954163,48.39099884033203,0.0
16.540000677108765,13.100000000000001,6.2,25.830872929516076,-23.911010752322316,0.8292238102847544,0.18359198751691982,0.788631021976471,2.299888849258423,0.0
16.55000066757202,14.400000000000002,5.800000000000001,36.302848441482055,-19.722220547535922,0.8292238102847544,0.18359198751691982,0.788631021976471,2.299888849258423,0.0
16.5600004196167,14.400000000000002,5.7,36.302848441482055,-5.235987755982989,0.8292238102847544,0.18359198751691982,0.788631021976471,2.299888849258423,0.0
16.570000410079956,15.100000000000001,5.800000000000001,42.93509959906051,-0.5235987755982988,0.8292238102847544,0.18359198751691982,0.788631021976471,2.299888849258423,0.0
16.580000638961792,16.1,5.7,49.39281783143953,-0.17453292519943295,0.5946340484575792,0.782815835662422,0.28865694999694824,0.3464592695236206,0.0
16.59000062942505,17.1,5.7,50.78908123303499,-0.6981317007977318,0.5946340484575792,0.782815835662422,0.28865694999694824,0.3464592695236206,0.0
16.600000619888306,17.900000000000006,5.600000000000001,45.0294947014537,-5.061454830783556,0.5946340484575792,0.782815835662422,0.28865694999694824,0.3464592695236206,0.0
16.610000610351562,18.5,5.4,37.000980142279786,-12.566370614359172,0.440110792297505,1.2071173179237478,0.3485434651374817,0.6250371932983398,0.0
16.62000060081482,19.0,5.0,25.307274153917778,-20.943951023931955,0.440110792297505,1.2071173179237478,0.3485434651374817,0.6250371932983398,0.0
16.630000829696655,19.1,4.4,7.853981633974483,-31.93952531149623,0.440110792297505,1.2071173179237478,0.3485434651374817,0.6250371932983398,0.0
16.640000343322754,19.0,3.7000000000000006,-3.141592653589793,-34.73205211468716,0.29884695745809725,1.347871175020053,1.0973480939865112,0.7267601490020752,0.0
16.65000081062317,18.5,3.3000000000000007,-15.707963267948966,-22.689280275926283,0.29884695745809725,1.347871175020053,1.0973480939865112,0.7267601490020752,0.0
16.660000562667847,18.1,3.1,-23.387411976724017,-13.264502315156905,0.29884695745809725,1.347871175020053,1.0973480939865112,0.7267601490020752,0.0
16.670000553131104,18.1,2.9000000000000004,-23.387411976724017,-13.962634015954636,0.16421283327902272,1.3733700621751808,2.8103787899017334,0.8040390014648438,0.0
16.68000078201294,17.6,2.5,-28.274333882308138,-19.54768762233649,0.16421283327902272,1.3733700621751808,2.8103787899017334,0.8040390014648438,0.0
16.690000534057617,16.900000000000002,2.2,-33.335788713091695,-13.61356816555577,0.16421283327902272,1.3733700621751808,2.8103787899017334,0.8040390014648438,0.0
16.70000171661377,16.200000000000003,2.2,-37.000980142279786,-2.443460952792061,0.06527715111712705,1.371840128945873,8.798500061035156,0.8545018434524536,0.0
16.71000027656555,15.700000000000001,2.1,-31.2413936106985,-9.948376736367678,0.06527715111712705,1.371840128945873,8.798500061035156,0.8545018434524536,0.0
16.72000026702881,15.100000000000001,1.6,-13.439035240356338,-18.675022996339326,0.06527715111712705,1.371840128945873,8.798500061035156,0.8545018434524536,0.0
16.730000495910645,15.100000000000001,1.4000000000000004,-13.439035240356338,-16.755160819145562,0.06527715111712705,1.371840128945873,8.798500061035156,0.8545018434524536,0.0
16.7400004863739,14.999999999999998,0.9000000000000001,-7.3303828583761845,-23.387411976724017,0.01835919875169198,1.2815740684167207,32.355445861816406,0.8753111958503723,0.0
16.75000023841858,14.999999999999998,0.30000000000000004,-1.2217304763960306,-31.41592653589793,0.01835919875169198,1.2815740684167207,32.355445861816406,0.8753111958503723,0.0
16.760000705718994,14.999999999999998,-0.0,0.17453292519943295,-23.03834612632515,0.006629710660333216,1.0862525928084423,79.5417709350586,0.8833661675453186,0.0
16.77000069618225,14.999999999999998,-0.1,0.0,-11.170107212763709,0.006629710660333216,1.0862525928084423,79.5417709350586,0.8833661675453186,0.0
16.780000925064087,14.999999999999998,-0.1,0.8726646259971648,-1.3962634015954636,0.006629710660333216,1.0862525928084423,79.5417709350586,0.8833661675453186,0.0
16.790000677108765,14.999999999999998,-0.1,0.0,-0.0,0.006629710660333216,1.0862525928084423,79.5417709350586,0.8833661675453186,0.0
16.80000066757202,15.300000000000002,-0.0,7.504915783575617,9.075712110370514,0.0015299332293076651,0.8695120519898564,0.0,0.8861847519874573,0.0
16.81000065803528,15.300000000000002,-0.0,7.504915783575617,9.075712110370514,0.0015299332293076651,0.8695120519898564,0.0,0.8861847519874573,0.0
16.820000410079956,15.600000000000001,0.30000000000000004,7.155849933176751,17.10422666954443,0.0015299332293076651,0.8695120519898564,0.0,0.8861847519874573,0.0
16.830000638961792,15.600000000000001,0.7000000000000002,7.155849933176751,19.54768762233649,0.0030598664586153302,0.8516628309812669,146.84432983398438,0.8866047859191895,0.0
16.84000062942505,15.700000000000001,1.1,5.759586531581287,19.896753472735355,0.0030598664586153302,0.8516628309812669,146.84432983398438,0.8866047859191895,0.0
16.850000619888306,15.700000000000001,1.5,1.0471975511965976,23.736477827122883,0.0030598664586153302,0.8516628309812669,146.84432983398438,0.8866047859191895,0.0
16.860000371932983,15.700000000000001,2.2,0.17453292519943295,32.637657012293964,0.005609755174128105,0.9118402046673684,89.43827056884766,0.8831834197044373,0.0
16.87000036239624,15.700000000000001,2.7,0.0,32.637657012293964,0.005609755174128105,0.9118402046673684,89.43827056884766,0.8831834197044373,0.0
16.880000591278076,15.700000000000001,3.3000000000000007,-0.17453292519943295,29.670597283903604,0.005609755174128105,0.9118402046673684,89.43827056884766,0.8831834197044373,0.0
16.890000820159912,15.700000000000001,3.9000000000000004,-0.17453292519943295,36.477381366681485,0.0035698442017178854,0.9954765545361874,160.71099853515625,0.8849016427993774,0.0
16.90000057220459,15.700000000000001,4.7,0.0,40.49163864626845,0.0035698442017178854,0.9954765545361874,160.71099853515625,0.8849016427993774,0.0
16.910000801086426,15.700000000000001,5.4,0.0,37.17551306747922,0.0035698442017178854,0.9954765545361874,160.71099853515625,0.8849016427993774,0.0
16.920000314712524,15.700000000000001,6.2,0.0,44.33136300065597,0.005609755174128105,1.0673834163136477,112.78372955322266,0.8828843832015991,0.0
16.93000030517578,15.700000000000001,7.0,0.0,43.28416544945937,0.005609755174128105,1.0673834163136477,112.78372955322266,0.8828843832015991,0.0
16.940000534057617,15.700000000000001,7.9,0.0,47.82202150464463,0.005609755174128105,1.0673834163136477,112.78372955322266,0.8828843832015991,0.0
16.950000524520874,15.700000000000001,8.700000000000001,0.0,47.1238898038469,0.007139688403435771,1.1035918360739292,94.13957214355469,0.8823456764221191,0.0
16.96000051498413,15.700000000000001,9.600000000000001,0.0,45.90215932745087,0.007139688403435771,1.1035918360739292,94.13957214355469,0.8823456764221191,0.0
16.970000505447388,15.700000000000001,10.4,0.0,44.33136300065597,0.007139688403435771,1.1035918360739292,94.13957214355469,0.8823456764221191,0.0
16.980000734329224,15.700000000000001,10.999999999999998,0.0,36.12831551628262,0.007139688403435771,1.1035918360739292,94.13957214355469,0.8823456764221191,0.0
16.9900004863739,15.700000000000001,11.600000000000001,0.0,35.08111796508602,0.0061197329172306605,1.1092015912480573,113.37767028808594,0.884954035282135,0.0
17.000000476837158,15.600000000000001,12.200000000000001,-0.6981317007977318,30.368728984701335,0.0061197329172306605,1.1092015912480573,113.37767028808594,0.884954035282135,0.0
17.010000705718994,15.600000000000001,12.5,0.0,16.406094968746697,0.0061197329172306605,1.1092015912480573,113.37767028808594,0.884954035282135,0.0
17.02000093460083,15.5,12.5,-3.3161255787892263,5.235987755982989,0.006629710660333216,1.075033082460186,104.09561157226562,0.8840664029121399,0.0
17.030000686645508,15.5,12.600000000000001,-3.3161255787892263,2.0943951023931953,0.006629710660333216,1.075033082460186,104.09561157226562,0.8840664029121399,0.0
17.040000915527344,15.300000000000002,12.700000000000001,-13.439035240356338,4.363323129985824,0.006629710660333216,1.075033082460186,104.09561157226562,0.8840664029121399,0.0
17.050000429153442,14.900000000000002,12.700000000000001,-19.722220547535922,1.2217304763960306,0.0061197329172306605,1.0490242175619557,111.91100311279297,0.8854997754096985,0.0
17.0600004196167,14.300000000000002,12.700000000000001,-31.764992386296797,-0.0,0.0061197329172306605,1.0490242175619557,111.91100311279297,0.8854997754096985,0.0
17.070000648498535,12.700000000000001,12.700000000000001,-45.90215932745087,-0.3490658503988659,0.0061197329172306605,1.0490242175619557,111.91100311279297,0.8854997754096985,0.0
17.080000638961792,11.900000000000002,12.700000000000001,-46.949356878647464,3.6651914291880923,0.00509977743102555,1.0184255529758024,132.79100036621094,0.8853945732116699,0.0
17.09000062942505,11.900000000000002,12.9,-46.949356878647464,10.995574287564276,0.00509977743102555,1.0184255529758024,132.79100036621094,0.8853945732116699,0.0
17.100000619888306,10.999999999999998,13.3,-45.72762640225143,18.32595714594046,0.00509977743102555,1.0184255529758024,132.79100036621094,0.8853945732116699,0.0
17.110000371932983,10.299999999999999,13.700000000000003,-40.31710572106901,20.943951023931955,0.004589799687922995,0.991396732591367,145.86656188964844,0.8857077956199646,0.0
17.12000060081482,9.200000000000003,14.0,-26.00540585471551,16.58062789394613,0.004589799687922995,0.991396732591367,145.86656188964844,0.8857077956199646,0.0
17.130000352859497,9.200000000000003,14.100000000000003,-26.00540585471551,7.155849933176751,0.004589799687922995,0.991396732591367,145.86656188964844,0.8857077956199646,0.0
17.140000581741333,8.899999999999999,14.100000000000003,-19.373154697137057,2.2689280275926285,0.005609755174128105,0.9704876451241622,118.09281921386719,0.8831145763397217,0.0
17.15000081062317,8.700000000000001,14.200000000000001,-11.868238913561441,5.585053606381854,0.005609755174128105,0.9704876451241622,118.09281921386719,0.8831145763397217,0.0
17.160000562667847,8.700000000000001,14.400000000000002,-2.9670597283903604,9.599310885968812,0.005609755174128105,0.9704876451241622,118.09281921386719,0.8831145763397217,0.0
17.17000126838684,8.700000000000001,14.700000000000001,1.9198621771937625,13.962634015954636,0.005609755174128105,0.9388690250518038,115.91100311279297,0.8842200040817261,0.0
17.18000054359436,9.3,15.100000000000001,20.769418098732523,22.689280275926283,0.005609755174128105,0.9388690250518038,115.91100311279297,0.8842200040817261,0.0
17.190000534057617,9.3,15.600000000000001,20.769418098732523,27.05260340591211,0.005609755174128105,0.9388690250518038,115.91100311279297,0.8842200040817261,0.0
17.200000524520874,10.0,16.0,34.90658503988659,19.722220547535922,0.027538798127537973,0.7751661695158837,19.12581443786621,0.87531578540802,0.0
17.21000075340271,12.100000000000001,16.1,60.03932626860494,5.934119456780721,0.027538798127537973,0.7751661695158837,19.12581443786621,0.87531578540802,0.0
17.220000505447388,12.100000000000001,16.1,60.03932626860494,1.0471975511965976,0.027538798127537973,0.7751661695158837,19.12581443786621,0.87531578540802,0.0
17.230000495910645,13.399999999999999,16.0,63.87905062299246,-3.3161255787892263,0.027538798127537973,0.7751661695158837,19.12581443786621,0.87531578540802,0.0
17.240000247955322,14.400000000000002,15.8,58.99212871740834,-12.39183768915974,0.7542570820486789,0.3804433963545061,0.5222657322883606,0.3303029537200928,0.0
17.250000715255737,15.200000000000003,15.399999999999999,49.56735075663896,-18.500490071139893,0.7542570820486789,0.3804433963545061,0.5222657322883606,0.3303029537200928,0.0
17.260000944137573,15.899999999999999,15.100000000000001,37.35004599267865,-17.10422666954443,0.7542570820486789,0.3804433963545061,0.5222657322883606,0.3303029537200928,0.0
17.27000069618225,16.3,14.900000000000002,23.56194490192345,-9.599310885968812,1.4080485487061545,0.1417738125825103,0.8125059604644775,4.993014335632324,0.0
17.28029727935791,16.3,14.999999999999998,3.839724354387525,0.5235987755982988,1.4080485487061545,0.1417738125825103,0.8125059604644775,4.993014335632324,0.0
17.290000677108765,16.200000000000003,14.999999999999998,-5.235987755982989,0.3490658503988659,1.4080485487061545,0.1417738125825103,0.8125059604644775,4.993014335632324,0.0
17.300000429153442,15.5,14.999999999999998,-17.278759594743864,-0.0,1.4437469907233333,0.029068731356845637,0.8714796900749207,28.55661392211914,0.0
17.310187339782715,15.5,14.999999999999998,-17.278759594743864,-0.17453292519943295,1.4437469907233333,0.029068731356845637,0.8714796900749207,28.55661392211914,0.0
17.320000648498535,15.100000000000001,14.999999999999998,-23.911010752322316,-0.3490658503988659,1.4437469907233333,0.029068731356845637,0.8714796900749207,28.55661392211914,0.0
17.330000638961792,14.5,14.999999999999998,-28.44886680750757,-1.3962634015954636,1.4095784819354622,0.01121951034825621,0.8829218745231628,72.89281463623047,0.0
17.34000039100647,14.100000000000003,14.900000000000002,-27.22713633111154,-5.235987755982989,1.4095784819354622,0.01121951034825621,0.8829218745231628,72.89281463623047,0.0
17.350000619888306,13.700000000000003,14.600000000000001,-19.373154697137057,-15.009831567151235,1.4095784819354622,0.01121951034825621,0.8829218745231628,72.89281463623047,0.0
17.360000610351562,13.8,14.0,2.6179938779914944,-29.845130209103036,1.4095784819354622,0.01121951034825621,0.8829218745231628,72.89281463623047,0.0
17.3700008392334,13.8,13.3,2.6179938779914944,-35.08111796508602,1.3738800399182833,0.00509977743102555,0.8892969489097595,160.2310028076172,0.0
17.380000829696655,13.900000000000002,12.8,4.71238898038469,-28.099800957108705,1.3738800399182833,0.00509977743102555,0.8892969489097595,160.2310028076172,0.0
17.390000581741333,14.0,12.4,8.028514559173916,-26.354471705114378,1.2208867169875168,0.004079821944820441,0.8879975080490112,181.31100463867188,0.0
17.40000057220459,14.300000000000002,11.8,11.344640137963141,-31.066860685499066,1.2208867169875168,0.004079821944820441,0.8879975080490112,181.31100463867188,0.0
17.410000801086426,14.400000000000002,11.3,9.075712110370514,-24.434609527920614,1.2208867169875168,0.004079821944820441,0.8879975080490112,181.31100463867188,0.0
17.420000553131104,14.5,11.100000000000001,6.981317007977318,-12.915436464758038,1.0388246626999047,0.01121951034825621,0.8795743584632874,55.983726501464844,0.0
17.43000030517578,14.600000000000001,11.100000000000001,2.6179938779914944,-5.061454830783556,1.0388246626999047,0.01121951034825621,0.8795743584632874,55.983726501464844,0.0
17.440000534057617,14.600000000000001,10.999999999999998,0.17453292519943295,-3.141592653589793,1.0388246626999047,0.01121951034825621,0.8795743584632874,55.983726501464844,0.0
17.450000524520874,14.5,10.999999999999998,-0.6981317007977318,-0.5235987755982988,1.0388246626999047,0.01121951034825621,0.8795743584632874,55.983726501464844,0.0
17.46000051498413,14.5,10.999999999999998,-1.7453292519943295,-0.0,0.8899111617139586,0.004589799687922995,0.8871662020683289,119.91100311279297,0.0
17.47000026702881,14.5,10.999999999999998,-1.7453292519943295,-0.0,0.8899111617139586,0.004589799687922995,0.8871662020683289,119.91100311279297,0.0
17.480000495910645,14.5,10.999999999999998,-1.5707963267948966,-0.0,0.8899111617139586,0.004589799687922995,0.8871662020683289,119.91100311279297,0.0
17.4900004863739,14.100000000000003,10.999999999999998,-12.566370614359172,-0.0,0.8899111617139586,0.004589799687922995,0.8871662020683289,119.91100311279297,0.0
17.500000476837158,14.100000000000003,10.999999999999998,-12.566370614359172,-1.7453292519943295,0.8251439883399341,0.00509977743102555,0.8840556144714355,101.43099975585938,0.0
17.510000705718994,13.700000000000003,10.999999999999998,-17.802358370342162,-0.3490658503988659,0.8251439883399341,0.00509977743102555,0.8840556144714355,101.43099975585938,0.0
17.52000093460083,13.3,10.8,-19.722220547535922,-8.552113334772216,0.7996451011848063,0.005609755174128105,0.8833877444267273,91.69281768798828,0.0
17.530000686645508,12.9,10.4,-23.03834612632515,-22.340214425527417,0.7996451011848063,0.005609755174128105,0.8833877444267273,91.69281768798828,0.0
17.540000915527344,12.5,9.700000000000001,-24.609142453120047,-34.38298626428829,0.7996451011848063,0.005609755174128105,0.8833877444267273,91.69281768798828,0.0
17.5500009059906,12.0,9.100000000000001,-26.00540585471551,-31.590459461097364,0.8129045225054727,0.007139688403435771,0.8844830393791199,75.68242645263672,0.0
17.56000065803528,11.600000000000001,8.6,-21.81661564992912,-32.98672286269283,0.8129045225054727,0.007139688403435771,0.8844830393791199,75.68242645263672,0.0
17.570000648498535,11.3,7.800000000000001,-15.184364492350667,-41.18977034706618,0.8129045225054727,0.007139688403435771,0.8844830393791199,75.68242645263672,0.0
17.580000638961792,11.200000000000003,7.0,-7.853981633974483,-38.571776469074685,0.8781816736225998,0.006629710660333216,0.8824959397315979,91.3571548461914,0.0
17.59000062942505,11.200000000000003,6.4,-0.6981317007977318,-38.22271061867582,0.8781816736225998,0.006629710660333216,0.8824959397315979,91.3571548461914,0.0
17.600000619888306,11.3,5.7,2.2689280275926285,-36.477381366681485,0.8781816736225998,0.006629710660333216,0.8824959397315979,91.3571548461914,0.0
17.610000610351562,11.4,5.2,6.981317007977318,-26.00540585471551,0.9715076006103673,0.0061197329172306605,0.8839606046676636,112.17766571044922,0.0
17.62000060081482,11.700000000000001,4.800000000000001,15.009831567151235,-25.48180707911721,0.9715076006103673,0.0061197329172306605,0.8839606046676636,112.17766571044922,0.0
17.630000352859497,12.200000000000001,4.2,26.52900463031381,-30.368728984701335,0.9715076006103673,0.0061197329172306605,0.8839606046676636,112.17766571044922,0.0
17.640000581741333,12.9,3.7000000000000006,37.873644768276954,-27.401669256310974,0.9322393143914706,0.04232815267751207,0.8570525050163269,15.120638847351074,0.0
17.65000057220459,13.8,3.4000000000000004,46.6002910282486,-19.373154697137057,0.9322393143914706,0.04232815267751207,0.8570525050163269,15.120638847351074,0.0
17.660000562667847,15.8,3.1,55.676003138619116,-15.184364492350667,0.9322393143914706,0.04232815267751207,0.8570525050163269,15.120638847351074,0.0
17.670000791549683,15.8,2.8000000000000007,55.676003138619116,-18.32595714594046,0.843503187091626,0.292217246797764,0.721648097038269,1.2471256256103516,0.0
17.68000030517578,16.8,2.3000000000000007,52.53441048502932,-23.56194490192345,0.843503187091626,0.292217246797764,0.721648097038269,1.2471256256103516,0.0
17.690000534057617,17.6,1.9000000000000004,44.680428851054835,-21.118483949131388,0.843503187091626,0.292217246797764,0.721648097038269,1.2471256256103516,0.0
17.700000286102295,18.1,1.3,32.81218993749339,-17.453292519943297,0.843503187091626,0.292217246797764,0.721648097038269,1.2471256256103516,0.0
17.71000051498413,18.400000000000006,1.3,16.755160819145562,-17.453292519943297,0.6328823791902708,0.9098002936949582,0.23404431343078613,0.35895514488220215,0.0
17.720000505447388,18.3,0.9000000000000001,-0.5235987755982988,-23.03834612632515,0.6328823791902708,0.9098002936949582,0.23404431343078613,0.35895514488220215,0.0
17.730000257492065,18.200000000000003,0.30000000000000004,-4.1887902047863905,-29.670597283903604,0.6328823791902708,0.9098002936949582,0.23404431343078613,0.35895514488220215,0.0
17.7400004863739,18.200000000000003,-0.0,-3.490658503988659,-23.736477827122883,0.6328823791902708,0.9098002936949582,0.23404431343078613,0.35895514488220215,0.0
17.750000476837158,18.200000000000003,-0.1,-0.3490658503988659,-10.297442586766545,0.4457205474716331,1.3519509969648733,0.4775903820991516,0.6324930191040039,0.0
17.760000705718994,18.200000000000003,-0.1,0.3490658503988659,-1.2217304763960306,0.4457205474716331,1.3519509969648733,0.4775903820991516,0.6324930191040039,0.0
17.77000093460083,18.200000000000003,-0.1,-1.2217304763960306,0.8726646259971648,0.27385804804607206,1.4345673913474872,1.4961024522781372,0.7382712364196777,0.0
17.780000925064087,18.1,-0.2,-4.886921905584122,-2.0943951023931953,0.27385804804607206,1.4345673913474872,1.4961024522781372,0.7382712364196777,0.0
17.790000677108765,17.799999999999997,-0.1,-12.39183768915974,0.6981317007977318,0.27385804804607206,1.4345673913474872,1.4961024522781372,0.7382712364196777,0.0
17.8000009059906,17.1,-0.2,-20.245819323134224,-1.3962634015954636,0.27385804804607206,1.4345673913474872,1.4961024522781372,0.7382712364196777,0.0
17.81000065803528,17.1,-0.2,-20.245819323134224,-0.0,0.11372503671186977,1.291773623278772,4.3558430671691895,0.8188855051994324,0.0
17.820000648498535,16.1,-0.30000000000000004,-28.274333882308138,-6.981317007977318,0.11372503671186977,1.291773623278772,4.3558430671691895,0.8188855051994324,0.0
17.830000638961792,16.1,-0.6000000000000001,-28.274333882308138,-15.184364492350667,0.026008864898230306,1.1969177630616967,20.805118560791016,0.8743429780006409,0.0
17.84000062942505,15.700000000000001,-1.1,-25.132741228718345,-26.354471705114378,0.026008864898230306,1.1969177630616967,20.805118560791016,0.8743429780006409,0.0
17.850000381469727,15.300000000000002,-1.6,-20.245819323134224,-27.75073510670984,0.026008864898230306,1.1969177630616967,20.805118560791016,0.8743429780006409,0.0
17.860000610351562,15.100000000000001,-1.9000000000000004,-15.707963267948966,-17.62782544514273,0.0015299332293076651,1.0699333050291604,0.0,0.8916692137718201,0.0
17.8700008392334,14.900000000000002,-2.0,-11.170107212763709,-6.457718232379019,0.0015299332293076651,1.0699333050291604,0.0,0.8916692137718201,0.0
17.880000591278076,14.800000000000002,-2.0,-0.17453292519943295,-0.8726646259971648,0.0015299332293076651,1.0699333050291604,0.0,0.8916692137718201,0.0
17.890000820159912,14.800000000000002,-2.0,-0.17453292519943295,0.17453292519943295,0.0015299332293076651,1.0699333050291604,0.0,0.8916692137718201,0.0
17.90000033378601,14.900000000000002,-1.9000000000000004,0.5235987755982988,7.3303828583761845,0.0015299332293076651,1.0699333050291604,0.0,0.8916692137718201,0.0
17.910000562667847,14.900000000000002,-1.6,0.5235987755982988,11.519173063162574,0.004079821944820441,0.8832814510536253,107.11100006103516,0.885304868221283,0.0
17.920000553131104,14.999999999999998,-1.3,2.792526803190927,15.3588974175501,0.004079821944820441,0.8832814510536253,107.11100006103516,0.885304868221283,0.0
17.93000030517578,15.200000000000003,-1.1,5.759586531581287,14.486232791552935,0.004079821944820441,0.8832814510536253,107.11100006103516,0.885304868221283,0.0
17.940000534057617,15.200000000000003,-0.8,5.759586531581287,16.05702911834783,0.005609755174128105,0.8465630535502413,77.72917938232422,0.8885180950164795,0.0
17.950000524520874,15.200000000000003,-0.4,1.2217304763960306,21.642082724729686,0.005609755174128105,0.8465630535502413,77.72917938232422,0.8885180950164795,0.0
17.96000051498413,15.200000000000003,0.2,0.0,34.033920413889426,0.005609755174128105,0.8465630535502413,77.72917938232422,0.8885180950164795,0.0
17.97000026702881,15.200000000000003,0.9000000000000001,0.0,39.09537524467298,0.00509977743102555,0.8904211394570611,93.27100372314453,0.8880836367607117,0.0
17.980000495910645,15.200000000000003,1.7000000000000002,0.0,41.538836197465045,0.00509977743102555,0.8904211394570611,93.27100372314453,0.8880836367607117,0.0
17.9900004863739,15.200000000000003,2.6,0.0,48.52015320544236,0.00509977743102555,0.8904211394570611,93.27100372314453,0.8880836367607117,0.0
18.00000023841858,15.200000000000003,3.4000000000000004,0.0,46.25122517784973,0.00509977743102555,0.8904211394570611,93.27100372314453,0.8880836367607117,0.0
18.010000944137573,15.200000000000003,4.3,0.0,49.741883681838395,0.007649666146538325,1.0383146849568021,77.03099822998047,0.8831061124801636,0.0
18.02000093460083,15.200000000000003,5.2,0.0,48.69468613064179,0.007649666146538325,1.0383146849568021,77.03099822998047,0.8831061124801636,0.0
18.03000044822693,15.200000000000003,6.2,0.0,52.708943410228756,0.007649666146538325,1.0383146849568021,77.03099822998047,0.8831061124801636,0.0
18.040000677108765,15.200000000000003,7.1000000000000005,0.0,50.26548245743669,0.006629710660333216,1.1204211015963135,99.23407745361328,0.8839021325111389,0.0
18.05000066757202,15.200000000000003,8.0,0.0,50.96361415823442,0.006629710660333216,1.1204211015963135,99.23407745361328,0.8839021325111389,0.0
18.0600004196167,15.200000000000003,8.899999999999999,0.0,46.0766922526503,0.006629710660333216,1.1204211015963135,99.23407745361328,0.8839021325111389,0.0
18.070000648498535,15.200000000000003,9.700000000000001,0.0,44.85496177625427,0.004079821944820441,1.143880077779031,169.81100463867188,0.8865033388137817,0.0
18.080000400543213,15.200000000000003,10.5,0.0,44.15683007545654,0.004079821944820441,1.143880077779031,169.81100463867188,0.8865033388137817,0.0
18.09000039100647,15.200000000000003,11.100000000000001,0.0,38.39724354387525,0.004079821944820441,1.143880077779031,169.81100463867188,0.8865033388137817,0.0
18.100000381469727,15.200000000000003,11.900000000000002,-0.17453292519943295,39.96803987067015,0.0030598664586153302,1.1250109012842364,228.57766723632812,0.8879120349884033,0.0
18.110000610351562,15.200000000000003,12.5,-0.17453292519943295,32.11405823669566,0.0030598664586153302,1.1250109012842364,228.57766723632812,0.8879120349884033,0.0
18.12000036239624,15.100000000000001,12.8,-2.0943951023931953,22.689280275926283,0.0030598664586153302,1.1250109012842364,228.57766723632812,0.8879120349884033,0.0
18.130000352859497,14.800000000000002,13.200000000000003,-13.439035240356338,20.59488517353309,0.0030598664586153302,1.1250109012842364,228.57766723632812,0.8879120349884033,0.0
18.140000581741333,14.800000000000002,13.600000000000001,-13.439035240356338,22.165681500327985,0.004589799687922995,1.0949222144411856,149.9554443359375,0.8856464624404907,0.0
18.15000081062317,14.400000000000002,13.900000000000002,-21.642082724729686,16.58062789394613,0.004589799687922995,1.0949222144411856,149.9554443359375,0.8856464624404907,0.0
18.160000562667847,13.200000000000003,13.900000000000002,-32.46312408709453,2.0943951023931953,0.007139688403435771,1.0673834163136477,95.16814422607422,0.8844133019447327,0.0
18.170000791549683,13.200000000000003,13.900000000000002,-32.46312408709453,-2.0943951023931953,0.007139688403435771,1.0673834163136477,95.16814422607422,0.8844133019447327,0.0
18.18000054359436,12.600000000000001,13.900000000000002,-37.17551306747922,1.0471975511965976,0.007139688403435771,1.0673834163136477,95.16814422607422,0.8844133019447327,0.0
18.190000534057617,11.8,13.900000000000002,-38.22271061867582,-0.5235987755982988,0.004589799687922995,1.0413745514154173,147.55545043945312,0.8858658075332642,0.0
18.200000524520874,11.100000000000001,13.900000000000002,-38.22271061867582,-0.0,0.004589799687922995,1.0413745514154173,147.55545043945312,0.8858658075332642,0.0
18.21000051498413,10.5,13.900000000000002,-36.302848441482055,-0.17453292519943295,0.004589799687922995,1.0413745514154173,147.55545043945312,0.8858658075332642,0.0
18.22000026702881,9.900000000000002,13.900000000000002,-34.55751918948773,0.3490658503988659,0.0030598664586153302,1.033724885268879,224.31100463867188,0.8878160119056702,0.0
18.230000257492065,9.3,13.900000000000002,-31.41592653589793,-0.0,0.0030598664586153302,1.033724885268879,224.31100463867188,0.8878160119056702,0.0
18.2400004863739,8.8,13.900000000000002,-28.97246558310587,1.9198621771937625,0.0030598664586153302,1.033724885268879,224.31100463867188,0.8878160119056702,0.0
18.250000476837158,8.3,13.900000000000002,-24.78367537831948,-0.0,0.0030598664586153302,1.033724885268879,224.31100463867188,0.8878160119056702,0.0
18.260000944137573,7.800000000000001,14.0,-13.788101090755204,5.410520681182422,0.00509977743102555,1.0311749965533663,137.59100341796875,0.8854391574859619,0.0
18.27000069618225,7.800000000000001,14.200000000000001,-13.788101090755204,9.599310885968812,0.00509977743102555,1.0311749965533663,137.59100341796875,0.8854391574859619,0.0
18.280000925064087,7.800000000000001,14.5,3.141592653589793,14.660765716752369,0.00509977743102555,1.0311749965533663,137.59100341796875,0.8854391574859619,0.0
18.290000677108765,7.800000000000001,14.900000000000002,3.141592653589793,20.59488517353309,0.00509977743102555,1.0046561539120333,137.11099243164062,0.8857512474060059,0.0
18.30000066757202,7.800000000000001,15.399999999999999,1.5707963267948966,24.958208303518912,0.00509977743102555,1.0046561539120333,137.11099243164062,0.8857512474060059,0.0
18.31000065803528,7.800000000000001,15.700000000000001,2.6179938779914944,19.896753472735355,0.00509977743102555,1.0046561539120333,137.11099243164062,0.8857512474060059,0.0
18.320000648498535,8.5,15.899999999999999,22.689280275926283,8.028514559173916,0.005609755174128105,0.954678335087983,120.4928207397461,0.8881452679634094,0.0
18.330000638961792,8.5,15.8,22.689280275926283,-0.6981317007977318,0.005609755174128105,0.954678335087983,120.4928207397461,0.8881452679634094,0.0
18.34000062942505,9.100000000000001,15.8,29.321531433504738,-0.0,0.005609755174128105,0.954678335087983,120.4928207397461,0.8881452679634094,0.0
18.350000619888306,9.700000000000001,15.8,33.510321638291124,-0.17453292519943295,0.028558753613743083,0.8139244779916779,19.81100082397461,0.8709548711776733,0.0
18.360000610351562,10.4,15.8,37.52457891787809,-0.5235987755982988,0.028558753613743083,0.8139244779916779,19.81100082397461,0.8709548711776733,0.0
18.3700008392334,11.100000000000001,15.8,40.840704496667314,-2.2689280275926285,0.028558753613743083,0.8139244779916779,19.81100082397461,0.8709548711776733,0.0
18.380000591278076,11.8,15.600000000000001,36.477381366681485,-8.552113334772216,0.40237243930791594,0.5364965857438879,0.10060709714889526,0.43500760197639465,0.0
18.390000820159912,12.4,15.200000000000003,31.764992386296797,-19.02408884673819,0.40237243930791594,0.5364965857438879,0.10060709714889526,0.43500760197639465,0.0
18.40000057220459,12.8,14.700000000000001,21.118483949131388,-27.22713633111154,0.40237243930791594,0.5364965857438879,0.10060709714889526,0.43500760197639465,0.0
18.410000562667847,13.000000000000002,14.100000000000003,14.311699866353502,-32.98672286269283,1.115321324165288,0.2662083818995337,0.7115880250930786,1.5539119243621826,0.0
18.420000553131104,13.000000000000002,13.399999999999999,2.443460952792061,-11.170107212763709,1.115321324165288,0.2662083818995337,0.7115880250930786,1.5539119243621826,0.0
18.43000030517578,13.000000000000002,13.399999999999999,-0.5235987755982988,-11.170107212763709,1.115321324165288,0.2662083818995337,0.7115880250930786,1.5539119243621826,0.0
18.440000534057617,13.000000000000002,13.399999999999999,0.8726646259971648,-1.0471975511965976,1.4376272578061027,0.07853657243779348,0.8492695689201355,9.95775318145752,0.0
18.450000286102295,13.000000000000002,13.399999999999999,0.8726646259971648,-0.5235987755982988,1.4376272578061027,0.07853657243779348,0.8492695689201355,9.95775318145752,0.0
18.46000051498413,13.000000000000002,13.399999999999999,0.3490658503988659,-1.2217304763960306,1.4376272578061027,0.07853657243779348,0.8492695689201355,9.95775318145752,0.0
18.470000505447388,13.000000000000002,13.3,0.5235987755982988,-5.934119456780721,1.4376272578061027,0.07853657243779348,0.8492695689201355,9.95775318145752,0.0
18.480000495910645,13.200000000000003,12.9,9.948376736367678,-15.707963267948966,1.4376272578061027,0.07853657243779348,0.8492695689201355,9.95775318145752,0.0
18.4900004863739,13.600000000000001,12.4,22.863813201125716,-26.17993877991494,1.4207979922837184,0.0101995548620511,0.8878514170646667,82.19100189208984,0.0
18.50000023841858,13.600000000000001,11.700000000000001,22.863813201125716,-39.09537524467298,1.4207979922837184,0.0101995548620511,0.8878514170646667,82.19100189208984,0.0
18.510000705718994,14.300000000000002,10.999999999999998,34.033920413889426,-35.25565089028546,1.4207979922837184,0.0101995548620511,0.8878514170646667,82.19100189208984,0.0
18.52000093460083,15.8,10.5,41.88790204786391,-32.11405823669566,1.2759643132425926,0.0101995548620511,0.8851630687713623,74.11100006103516,0.0
18.53000044822693,15.8,9.900000000000002,41.88790204786391,-33.85938748868999,1.2759643132425926,0.0101995548620511,0.8851630687713623,74.11100006103516,0.0
18.540000915527344,16.6,9.4,41.538836197465045,-26.52900463031381,1.2759643132425926,0.0101995548620511,0.8851630687713623,74.11100006103516,0.0
18.5500009059906,17.7,9.100000000000001,25.132741228718345,-16.05702911834783,1.2759643132425926,0.0101995548620511,0.8851630687713623,74.11100006103516,0.0
18.56000065803528,17.900000000000006,9.0,13.61356816555577,-8.901179185171081,1.084212681836032,0.00917959937584599,0.8844844698905945,71.02210998535156,0.0
18.570000648498535,17.900000000000006,8.8,13.61356816555577,-10.297442586766545,1.084212681836032,0.00917959937584599,0.8844844698905945,71.02210998535156,0.0
18.580000400543213,17.900000000000006,8.5,2.0943951023931953,-16.406094968746697,0.9327492921345731,0.005609755174128105,0.8876878023147583,102.96554565429688,0.0
18.59000039100647,17.900000000000006,8.100000000000001,-0.8726646259971648,-20.943951023931955,0.9327492921345731,0.005609755174128105,0.8876878023147583,102.96554565429688,0.0
18.600000619888306,17.900000000000006,7.699999999999999,-0.5235987755982988,-18.32595714594046,0.9327492921345731,0.005609755174128105,0.8876878023147583,102.96554565429688,0.0
18.610000371932983,17.799999999999997,7.499999999999999,-4.014257279586958,-10.297442586766545,0.8343235877157801,0.0005099777431025551,0.8924229741096497,0.0,0.0
18.62000060081482,17.6,7.499999999999999,-8.028514559173916,-5.061454830783556,0.8343235877157801,0.0005099777431025551,0.8924229741096497,0.0,0.0
18.630000829696655,17.400000000000002,7.499999999999999,-12.39183768915974,-0.3490658503988659,0.8343235877157801,0.0005099777431025551,0.8924229741096497,0.0,0.0
18.640000343322754,17.0,7.499999999999999,-19.373154697137057,-0.0,0.7925054127813705,0.006629710660333216,0.8838520050048828,77.81869506835938,0.0
18.65000081062317,16.4,7.499999999999999,-28.97246558310587,0.3490658503988659,0.7925054127813705,0.006629710660333216,0.8838520050048828,77.81869506835938,0.0
18.660000562667847,15.8,7.400000000000001,-34.38298626428829,-2.792526803190927,0.7925054127813705,0.006629710660333216,0.8838520050048828,77.81869506835938,0.0
18.670000791549683,15.100000000000001,7.200000000000001,-38.39724354387525,-9.948376736367678,0.8241240328537289,0.005609755174128105,0.881574273109436,98.96554565429688,0.0
18.68000054359436,14.300000000000002,6.800000000000001,-42.411500823462205,-19.722220547535922,0.8241240328537289,0.005609755174128105,0.881574273109436,98.96554565429688,0.0
18.690000295639038,13.5,6.2,-43.109632524259936,-32.637657012293964,0.8241240328537289,0.005609755174128105,0.881574273109436,98.96554565429688,0.0
18.700000762939453,12.8,5.499999999999999,-37.69911184307752,-36.477381366681485,0.8241240328537289,0.005609755174128105,0.881574273109436,98.96554565429688,0.0
18.71000051498413,12.200000000000001,5.0,-11.344640137963141,-30.368728984701335,0.866452185531241,0.004589799687922995,0.8852331042289734,131.6443328857422,0.0
18.72000026702881,12.200000000000001,4.4,-11.344640137963141,-30.01966313430247,0.866452185531241,0.004589799687922995,0.8852331042289734,131.6443328857422,0.0
18.730000495910645,12.200000000000001,4.0,-0.6981317007977318,-26.878070480712676,0.866452185531241,0.004589799687922995,0.8852331042289734,131.6443328857422,0.0
18.7400004863739,12.600000000000001,3.8000000000000007,10.821041362364843,-12.566370614359172,0.866452185531241,0.004589799687922995,0.8852331042289734,131.6443328857422,0.0
18.75000023841858,12.600000000000001,3.8000000000000007,10.821041362364843,-1.7453292519943295,0.8623723635864206,0.0061197329172306605,0.8856883645057678,100.31099700927734,0.0
18.760000944137573,12.9,3.7000000000000006,16.755160819145562,-1.3962634015954636,0.8623723635864206,0.0061197329172306605,0.8856883645057678,100.31099700927734,0.0
18.770000457763672,13.399999999999999,3.7000000000000006,24.609142453120047,-0.0,0.8797116068519074,0.04640797462233251,0.8621014356613159,12.957154273986816,0.0
18.780000925064087,14.0,3.7000000000000006,31.93952531149623,-3.141592653589793,0.8797116068519074,0.04640797462233251,0.8621014356613159,12.957154273986816,0.0
18.790000677108765,14.600000000000001,3.5,33.85938748868999,-6.457718232379019,0.8797116068519074,0.04640797462233251,0.8621014356613159,12.957154273986816,0.0
18.80000066757202,15.600000000000001,3.3000000000000007,27.22713633111154,-12.566370614359172,0.7955652792399859,0.5528158735231696,0.540794849395752,0.17668265104293823,0.0
18.810000896453857,15.600000000000001,2.8000000000000007,27.22713633111154,-26.17993877991494,0.7955652792399859,0.5528158735231696,0.540794849395752,0.17668265104293823,0.0
18.820035457611084,16.1,2.0,24.08554367752175,-41.18977034706618,0.7955652792399859,0.5528158735231696,0.540794849395752,0.17668265104293823,0.0
18.830000638961792,16.4,1.3,17.802358370342162,-38.39724354387525,0.7955652792399859,0.5528158735231696,0.540794849395752,0.17668265104293823,0.0
18.84000039100647,16.699999999999996,0.4,16.231562043547264,-45.378560551852566,0.7955652792399859,0.5528158735231696,0.540794849395752,0.17668265104293823,0.0
18.850032091140747,17.0,-0.2,16.231562043547264,-40.840704496667314,0.49518838855258096,1.3055430223425408,0.32871368527412415,0.6043124794960022,0.0
18.860000610351562,17.300000000000004,-0.9000000000000001,15.3588974175501,-37.873644768276954,0.49518838855258096,1.3055430223425408,0.32871368527412415,0.6043124794960022,0.0
18.8700008392334,17.5,-1.6,11.170107212763709,-37.35004599267865,0.49518838855258096,1.3055430223425408,0.32871368527412415,0.6043124794960022,0.0
18.880000591278076,17.5,-2.1,4.886921905584122,-27.401669256310974,0.31873608943909687,1.3035031113701308,1.0079599618911743,0.7074663639068604,0.0
18.890000820159912,17.5,-2.4000000000000004,0.0,-21.81661564992912,0.31873608943909687,1.3035031113701308,1.0079599618911743,0.7074663639068604,0.0
18.90000033378601,17.300000000000004,-2.8000000000000007,-10.64650843716541,-20.769418098732523,0.31873608943909687,1.3035031113701308,1.0079599618911743,0.7074663639068604,0.0
18.910000801086426,16.900000000000002,-3.2,-21.991148575128552,-18.84955592153876,0.31873608943909687,1.3035031113701308,1.0079599618911743,0.7074663639068604,0.0
18.920000314712524,16.3,-3.3000000000000007,-31.764992386296797,-8.028514559173916,0.1575831226186895,1.2820840461598233,2.93753719329834,0.7967168092727661,0.0
18.93000054359436,15.600000000000001,-3.3000000000000007,-34.20845333908886,-2.0943951023931953,0.1575831226186895,1.2820840461598233,2.93753719329834,0.7967168092727661,0.0
18.940000534057617,15.100000000000001,-3.3000000000000007,-30.7177948351002,-0.3490658503988659,0.05915741819989639,1.2943235119942846,9.648931503295898,0.8536965847015381,0.0
18.950000524520874,14.700000000000001,-3.3000000000000007,-21.991148575128552,-0.0,0.05915741819989639,1.2943235119942846,9.648931503295898,0.8536965847015381,0.0
18.96000051498413,14.5,-3.3000000000000007,-13.439035240356338,-0.0,0.05915741819989639,1.2943235119942846,9.648931503295898,0.8536965847015381,0.0
18.970000505447388,14.300000000000002,-3.3000000000000007,-8.726646259971648,-0.0,0.009689577118948545,1.1943678743461839,60.163631439208984,0.8825098276138306,0.0
18.980000495910645,14.300000000000002,-3.3000000000000007,0.5235987755982988,0.6981317007977318,0.009689577118948545,1.1943678743461839,60.163631439208984,0.8825098276138306,0.0
18.9900004863739,14.300000000000002,-3.2,0.5235987755982988,2.443460952792061,0.009689577118948545,1.1943678743461839,60.163631439208984,0.8825098276138306,0.0
19.000000476837158,14.300000000000002,-3.1,0.0,6.1086523819801535,0.007649666146538325,1.0260752191223408,67.64433288574219,0.8846262693405151,0.0
19.010000467300415,14.400000000000002,-2.9000000000000004,0.17453292519943295,10.821041362364843,0.007649666146538325,1.0260752191223408,67.64433288574219,0.8846262693405151,0.0
19.02000093460083,14.400000000000002,-2.7,0.17453292519943295,11.868238913561441,0.007649666146538325,1.0260752191223408,67.64433288574219,0.8846262693405151,0.0
19.030000686645508,14.400000000000002,-2.3000000000000007,0.3490658503988659,17.802358370342162,0.007139688403435771,0.8970508501173943,64.99671173095703,0.8821779489517212,0.0
19.040000915527344,14.400000000000002,-1.8000000000000003,0.0,29.670597283903604,0.007139688403435771,0.8970508501173943,64.99671173095703,0.8821779489517212,0.0
19.05000066757202,14.400000000000002,-1.0,0.0,37.873644768276954,0.007139688403435771,0.8970508501173943,64.99671173095703,0.8821779489517212,0.0
19.06000065803528,14.400000000000002,-0.4,0.0,34.73205211468716,0.007139688403435771,0.8970508501173943,64.99671173095703,0.8821779489517212,0.0
19.070000648498535,14.400000000000002,0.30000000000000004,0.0,42.411500823462205,0.005609755174128105,0.8475830090364465,80.71099853515625,0.8870745897293091,0.0
19.080000638961792,14.400000000000002,1.1,0.0,43.807764225057674,0.005609755174128105,0.8475830090364465,80.71099853515625,0.8870745897293091,0.0
19.09000039100647,14.400000000000002,1.8000000000000003,0.0,40.840704496667314,0.005609755174128105,0.8475830090364465,80.71099853515625,0.8870745897293091,0.0
19.100000619888306,14.400000000000002,2.6,0.0,45.72762640225143,0.005609755174128105,0.8475830090364465,80.71099853515625,0.8870745897293091,0.0
19.110000371932983,14.400000000000002,3.5,0.0,42.236967898262776,0.007139688403435771,0.8873612729984458,67.9681396484375,0.885321855545044,0.0
19.1200008392334,14.400000000000002,4.3,0.0,44.33136300065597,0.007139688403435771,0.8873612729984458,67.9681396484375,0.885321855545044,0.0
19.130000352859497,14.400000000000002,5.1000000000000005,0.0,44.680428851054835,0.007139688403435771,0.8873612729984458,67.9681396484375,0.885321855545044,0.0
19.140000581741333,14.400000000000002,5.9,0.0,48.52015320544236,0.0061197329172306605,0.9674277786655469,89.57766723632812,0.8822525143623352,0.0
19.150139570236206,14.400000000000002,6.9,0.6981317007977318,47.647488579445195,0.0061197329172306605,0.9674277786655469,89.57766723632812,0.8822525143623352,0.0
19.160000562667847,14.400000000000002,7.699999999999999,2.0943951023931953,45.72762640225143,0.00509977743102555,1.0413745514154173,118.71099853515625,0.884690523147583,0.0
19.170000791549683,14.600000000000001,8.5,9.599310885968812,42.411500823462205,0.00509977743102555,1.0413745514154173,118.71099853515625,0.884690523147583,0.0
19.18000030517578,14.900000000000002,9.100000000000001,15.882496193148398,34.90658503988659,0.00509977743102555,1.0413745514154173,118.71099853515625,0.884690523147583,0.0
19.190000534057617,15.300000000000002,9.700000000000001,19.198621771937624,37.52457891787809,0.004079821944820441,1.078602926661904,158.01100158691406,0.8882434964179993,0.0
19.200000286102295,15.700000000000001,10.4,20.245819323134224,35.08111796508602,0.004079821944820441,1.078602926661904,158.01100158691406,0.8882434964179993,0.0
19.21000051498413,16.1,10.8,20.943951023931955,24.26007660272118,0.004079821944820441,1.078602926661904,158.01100158691406,0.8882434964179993,0.0
19.220000505447388,16.3,11.200000000000003,13.61356816555577,21.118483949131388,0.00509977743102555,1.0898224370101601,128.63099670410156,0.8863794803619385,0.0
19.230000495910645,16.3,11.600000000000001,1.3962634015954636,23.56194490192345,0.00509977743102555,1.0898224370101601,128.63099670410156,0.8863794803619385,0.0
19.2400004863739,16.3,12.0,0.0,19.896753472735355,0.00509977743102555,1.0898224370101601,128.63099670410156,0.8863794803619385,0.0
19.250000476837158,16.1,12.100000000000001,-8.552113334772216,10.122909661567112,0.005609755174128105,1.0964521476704934,119.6200942993164,0.8845348954200745,0.0
19.260000705718994,15.700000000000001,12.100000000000001,-18.500490071139893,0.6981317007977318,0.005609755174128105,1.0964521476704934,119.6200942993164,0.8845348954200745,0.0
19.27000069618225,15.300000000000002,12.100000000000001,-21.991148575128552,0.3490658503988659,0.005609755174128105,1.0964521476704934,119.6200942993164,0.8845348954200745,0.0
19.280000925064087,14.800000000000002,12.100000000000001,-28.623399732707004,0.6981317007977318,0.00509977743102555,1.0867625705515447,133.1909942626953,0.8856213092803955,0.0
19.290000677108765,14.100000000000003,12.100000000000001,-37.000980142279786,-0.0,0.00509977743102555,1.0867625705515447,133.1909942626953,0.8856213092803955,0.0
19.30000066757202,13.399999999999999,12.100000000000001,-39.444441095071845,-0.3490658503988659,0.00509977743102555,1.0867625705515447,133.1909942626953,0.8856213092803955,0.0
19.31000065803528,12.5,12.100000000000001,-46.6002910282486,0.17453292519943295,0.00509977743102555,1.0867625705515447,133.1909942626953,0.8856213092803955,0.0
19.320000648498535,11.5,12.100000000000001,-51.312680008633286,-0.17453292519943295,0.004589799687922995,1.0699333050291604,150.57766723632812,0.8867121338844299,0.0
19.330000400543213,9.8,12.100000000000001,-45.20402762665314,0.3490658503988659,0.004589799687922995,1.0699333050291604,150.57766723632812,0.8867121338844299,0.0
19.34000062942505,9.8,12.100000000000001,-45.20402762665314,-0.0,0.004589799687922995,1.0699333050291604,150.57766723632812,0.8867121338844299,0.0
19.350000619888306,9.100000000000001,12.100000000000001,-36.12831551628262,-0.0,0.004589799687922995,1.039334640443007,149.68878173828125,0.8835043907165527,0.0
19.360000610351562,8.700000000000001,12.100000000000001,-24.26007660272118,-0.0,0.004589799687922995,1.039334640443007,149.68878173828125,0.8835043907165527,0.0
19.370001077651978,8.700000000000001,12.100000000000001,-5.585053606381854,-0.0,0.004589799687922995,1.039334640443007,149.68878173828125,0.8835043907165527,0.0
19.380000352859497,8.8,12.100000000000001,5.585053606381854,-0.0,0.0061197329172306605,0.9964965100223926,110.31099700927734,0.88367760181427,0.0
19.390000581741333,9.100000000000001,12.200000000000001,12.566370614359172,2.443460952792061,0.0061197329172306605,0.9964965100223926,110.31099700927734,0.88367760181427,0.0
19.40000033378601,9.4,12.300000000000002,19.198621771937624,4.71238898038469,0.0061197329172306605,0.9964965100223926,110.31099700927734,0.88367760181427,0.0
19.410000801086426,9.900000000000002,12.600000000000001,22.863813201125716,13.788101090755204,0.0061197329172306605,0.9964965100223926,110.31099700927734,0.88367760181427,0.0
19.420000553131104,10.4,13.000000000000002,27.925268031909273,23.03834612632515,0.0061197329172306605,0.9964965100223926,110.31099700927734,0.88367760181427,0.0
19.43000054359436,11.600000000000001,13.600000000000001,33.68485456349056,33.68485456349056,0.0061197329172306605,0.9964965100223926,110.31099700927734,0.88367760181427,0.0
19.440000534057617,11.600000000000001,14.200000000000001,33.68485456349056,29.670597283903604,0.04844788559474273,0.8154544112209855,10.951000213623047,0.8454728126525879,0.0
19.450000524520874,12.300000000000002,14.400000000000002,37.69911184307752,13.439035240356338,0.04844788559474273,0.8154544112209855,10.951000213623047,0.8454728126525879,0.0
19.46000051498413,13.000000000000002,14.300000000000002,40.31710572106901,-3.141592653589793,0.5262970308818368,0.5579156509541952,0.12543410062789917,0.33470383286476135,0.0
19.47000026702881,13.700000000000003,14.100000000000003,39.444441095071845,-10.297442586766545,0.5262970308818368,0.5579156509541952,0.12543410062789917,0.33470383286476135,0.0
19.480000495910645,14.5,13.8,39.09537524467298,-13.962634015954636,0.5262970308818368,0.5579156509541952,0.12543410062789917,0.33470383286476135,0.0
19.4900004863739,15.300000000000002,13.600000000000001,20.245819323134224,-9.599310885968812,0.5262970308818368,0.5579156509541952,0.12543410062789917,0.33470383286476135,0.0
19.500000476837158,15.300000000000002,13.600000000000001,20.245819323134224,-3.141592653589793,1.0678933940567503,0.26824829287194396,0.7063829898834229,1.3452205657958984,0.0
19.510000705718994,15.5,13.600000000000001,9.773843811168245,-0.3490658503988659,1.0678933940567503,0.26824829287194396,0.7063829898834229,1.3452205657958984,0.0
19.52000069618225,15.5,13.600000000000001,2.2689280275926285,-0.5235987755982988,1.3239022210942328,0.06884699531884493,0.8492465019226074,9.81322193145752,0.0
19.530000686645508,15.5,13.600000000000001,0.17453292519943295,-0.3490658503988659,1.3239022210942328,0.06884699531884493,0.8492465019226074,9.81322193145752,0.0
19.540000915527344,15.5,13.5,0.6981317007977318,-2.0943951023931953,1.3239022210942328,0.06884699531884493,0.8492465019226074,9.81322193145752,0.0
19.550000429153442,15.5,13.3,0.17453292519943295,-8.901179185171081,1.4136583038802826,0.0005099777431025551,0.8915973901748657,0.0,0.0
19.5600004196167,15.5,13.000000000000002,0.3490658503988659,-16.929693744344995,1.4136583038802826,0.0005099777431025551,0.8915973901748657,0.0,0.0
19.570000648498535,15.5,12.5,1.7453292519943295,-25.48180707911721,1.408558526449257,0.006629710660333216,0.8881310820579529,116.28022766113281,0.0
19.580000638961792,15.700000000000001,11.900000000000002,8.552113334772216,-33.68485456349056,1.408558526449257,0.006629710660333216,0.8881310820579529,116.28022766113281,0.0
19.59000062942505,16.0,11.3,16.231562043547264,-28.97246558310587,1.408558526449257,0.006629710660333216,0.8881310820579529,116.28022766113281,0.0
19.600000619888306,16.4,11.100000000000001,19.54768762233649,-15.707963267948966,1.2897337123063617,0.004079821944820441,0.8889999985694885,175.01100158691406,0.0
19.610000610351562,17.300000000000004,10.8,26.00540585471551,-9.42477796076938,1.2897337123063617,0.004079821944820441,0.8889999985694885,175.01100158691406,0.0
19.62000060081482,17.300000000000004,10.8,26.00540585471551,-9.42477796076938,1.2897337123063617,0.004079821944820441,0.8889999985694885,175.01100158691406,0.0
19.630000829696655,17.799999999999997,10.5,26.17993877991494,-12.740903539558605,1.1168512573945955,0.008159643889640881,0.8857123255729675,76.41100311279297,0.0
19.640000581741333,18.200000000000003,10.200000000000001,21.29301687433082,-15.707963267948966,1.1168512573945955,0.008159643889640881,0.8857123255729675,76.41100311279297,0.0
19.65000057220459,18.400000000000006,10.0,12.915436464758038,-11.519173063162574,1.1168512573945955,0.008159643889640881,0.8857123255729675,76.41100311279297,0.0
19.660000562667847,18.400000000000006,10.0,1.7453292519943295,-2.6179938779914944,0.959268134775906,0.0061197329172306605,0.8872987627983093,89.84432983398438,0.0
19.670000791549683,18.400000000000006,10.0,-1.2217304763960306,-0.3490658503988659,0.959268134775906,0.0061197329172306605,0.8872987627983093,89.84432983398438,0.0
19.68000054359436,18.400000000000006,9.900000000000002,-0.3490658503988659,-3.141592653589793,0.959268134775906,0.0061197329172306605,0.8872987627983093,89.84432983398438,0.0
19.690000295639038,18.400000000000006,9.8,-0.3490658503988659,-4.71238898038469,0.959268134775906,0.0061197329172306605,0.8872987627983093,89.84432983398438,0.0
19.700000524520874,18.3,9.8,-1.9198621771937625,-0.8726646259971648,0.8450331203209337,0.0030598664586153302,0.8894827961921692,162.84432983398438,0.0
19.71000027656555,18.3,9.8,-0.5235987755982988,-2.0943951023931953,0.8450331203209337,0.0030598664586153302,0.8894827961921692,162.84432983398438,0.0
19.720000505447388,18.3,9.8,-3.6651914291880923,-0.3490658503988659,0.8180042999364983,0.004589799687922995,0.8885012269020081,108.08877563476562,0.0
19.730000495910645,18.0,9.700000000000001,-10.64650843716541,-3.3161255787892263,0.8180042999364983,0.004589799687922995,0.8885012269020081,108.08877563476562,0.0
19.7400004863739,17.6,9.700000000000001,-20.59488517353309,-1.2217304763960306,0.8180042999364983,0.004589799687922995,0.8885012269020081,108.08877563476562,0.0
19.75000023841858,17.1,9.5,-27.22713633111154,-8.028514559173916,0.8180042999364983,0.004589799687922995,0.8885012269020081,108.08877563476562,0.0
19.760000944137573,16.5,9.3,-35.95378259108319,-13.08996938995747,0.8659422077881385,0.0035698442017178854,0.8871154189109802,155.22528076171875,0.0
19.77000069618225,15.700000000000001,8.899999999999999,-39.96803987067015,-18.151424220741028,0.8659422077881385,0.0035698442017178854,0.8871154189109802,155.22528076171875,0.0
19.780000925064087,14.999999999999998,8.4,-41.538836197465045,-26.354471705114378,0.8659422077881385,0.0035698442017178854,0.8871154189109802,155.22528076171875,0.0
19.790000438690186,14.200000000000001,7.699999999999999,-41.18977034706618,-37.17551306747922,0.9138801156397787,0.004079821944820441,0.8867678642272949,147.71099853515625,0.0
19.800000429153442,13.5,7.1000000000000005,-37.17551306747922,-33.68485456349056,0.9138801156397787,0.004079821944820441,0.8867678642272949,147.71099853515625,0.0
19.81000065803528,12.9,6.500000000000001,-32.2885911618951,-31.066860685499066,0.9138801156397787,0.004079821944820441,0.8867678642272949,147.71099853515625,0.0
19.820000410079956,12.600000000000001,5.9,-21.81661564992912,-33.68485456349056,0.936319136336291,0.019889131980999647,0.8724422454833984,31.254589080810547,0.0
19.830000638961792,12.4,5.4,-8.552113334772216,-27.22713633111154,0.936319136336291,0.019889131980999647,0.8724422454833984,31.254589080810547,0.0
19.84000062942505,12.5,5.1000000000000005,1.2217304763960306,-20.07128639793479,0.936319136336291,0.019889131980999647,0.8724422454833984,31.254589080810547,0.0
19.850000619888306,12.8,4.3,11.170107212763709,-21.467549799530254,0.8690020742467538,0.055077596255075946,0.8556666374206543,10.214703559875488,0.0
19.860000610351562,12.8,4.3,11.170107212763709,-21.467549799530254,0.8690020742467538,0.055077596255075946,0.8556666374206543,10.214703559875488,0.0
19.8700008392334,13.100000000000001,4.0,16.58062789394613,-17.976891295541595,0.8690020742467538,0.055077596255075946,0.8556666374206543,10.214703559875488,0.0
19.880000591278076,13.5,3.9000000000000004,22.340214425527417,-8.726646259971648,0.7527271488193712,0.5920841597420664,0.5280243754386902,0.033652886748313904,0.0
19.890000581741333,14.100000000000003,3.8000000000000007,30.7177948351002,-2.9670597283903604,0.7527271488193712,0.5920841597420664,0.5280243754386902,0.033652886748313904,0.0
19.90000057220459,14.900000000000002,3.8000000000000007,40.14257279586958,-1.0471975511965976,0.7527271488193712,0.5920841597420664,0.5280243754386902,0.033652886748313904,0.0
19.910000562667847,15.700000000000001,3.6000000000000005,45.90215932745087,-10.471975511965978,0.5538358290093748,0.9893568216189568,0.09931307286024094,0.4824020564556122,0.0
19.920000791549683,16.6,3.1,45.20402762665314,-23.736477827122883,0.5538358290093748,0.9893568216189568,0.09931307286024094,0.4824020564556122,0.0
19.93000054359436,17.300000000000004,2.4000000000000004,39.269908169872416,-40.66617157146788,0.5538358290093748,0.9893568216189568,0.09931307286024094,0.4824020564556122,0.0
19.940000295639038,17.799999999999997,1.6,27.75073510670984,-39.269908169872416,0.37840348538209584,1.2616849364357212,0.5924016237258911,0.6678197383880615,0.0
19.950000524520874,18.0,1.0,14.137166941154069,-34.55751918948773,0.37840348538209584,1.2616849364357212,0.5924016237258911,0.6678197383880615,0.0
19.96000075340271,18.0,0.4,3.141592653589793,-36.12831551628262,0.37840348538209584,1.2616849364357212,0.5924016237258911,0.6678197383880615,0.0
19.97000026702881,17.900000000000006,-0.0,-5.235987755982989,-22.863813201125716,0.37840348538209584,1.2616849364357212,0.5924016237258911,0.6678197383880615,0.0
19.980000495910645,17.7,-0.1,-11.170107212763709,-12.915436464758038,0.2483591608909443,1.3177824881770022,1.4995009899139404,0.7472043037414551,0.0
19.990000247955322,17.400000000000002,-0.30000000000000004,-14.137166941154069,-10.297442586766545,0.2483591608909443,1.3177824881770022,1.4995009899139404,0.7472043037414551,0.0
20.000000476837158,17.0,-0.4,-20.59488517353309,-8.028514559173916,0.2483591608909443,1.3177824881770022,1.4995009899139404,0.7472043037414551,0.0
20.010000467300415,16.6,-0.7000000000000002,-22.689280275926283,-13.264502315156905,0.09128601601535735,1.2846339348753362,5.618262767791748,0.8388213515281677,0.0
20.02000093460083,16.200000000000003,-1.1,-22.165681500327985,-19.896753472735355,0.09128601601535735,1.2846339348753362,5.618262767791748,0.8388213515281677,0.0
20.03000044822693,15.899999999999999,-1.5,-17.976891295541595,-20.59488517353309,0.09128601601535735,1.2846339348753362,5.618262767791748,0.8388213515281677,0.0
20.040000677108765,15.600000000000001,-1.6,-13.08996938995747,-9.948376736367678,0.023968953925820085,1.241285826711619,23.67270278930664,0.8774963021278381,0.0
20.05000066757202,15.600000000000001,-1.7000000000000002,-4.363323129985824,-2.2689280275926285,0.023968953925820085,1.241285826711619,23.67270278930664,0.8774963021278381,0.0
20.06000065803528,15.600000000000001,-1.7000000000000002,-0.6981317007977318,-0.6981317007977318,0.023968953925820085,1.241285826711619,23.67270278930664,0.8774963021278381,0.0
20.070000648498535,15.700000000000001,-1.7000000000000002,1.5707963267948966,-0.0,0.023968953925820085,1.241285826711619,23.67270278930664,0.8774963021278381,0.0
20.080000638961792,15.700000000000001,-1.7000000000000002,1.5707963267948966,-0.0,0.0035698442017178854,1.0995120141291086,149.6252899169922,0.8852894306182861,0.0
20.09000062942505,15.8,-1.6,4.886921905584122,3.839724354387525,0.0035698442017178854,1.0995120141291086,149.6252899169922,0.8852894306182861,0.0
20.100000619888306,16.200000000000003,-1.5,13.788101090755204,2.6179938779914944,0.0035698442017178854,1.0995120141291086,149.6252899169922,0.8852894306182861,0.0
20.110000610351562,16.5,-1.5,13.788101090755204,3.490658503988659,0.00509977743102555,0.9653878676931367,94.07099914550781,0.8856191039085388,0.0
20.12000060081482,16.5,-1.3,13.788101090755204,7.853981633974483,0.00509977743102555,0.9653878676931367,94.07099914550781,0.8856191039085388,0.0
20.130000352859497,16.699999999999996,-1.0,9.42477796076938,14.660765716752369,0.004079821944820441,0.8853213620260355,110.51100158691406,0.88853919506073,0.0
20.140000581741333,16.8,-0.7000000000000002,5.235987755982989,17.278759594743864,0.004079821944820441,0.8853213620260355,110.51100158691406,0.88853919506073,0.0
20.15000081062317,16.8,-0.2,1.0471975511965976,28.099800957108705,0.004079821944820441,0.8853213620260355,110.51100158691406,0.88853919506073,0.0
20.160000324249268,16.8,0.5,0.17453292519943295,42.236967898262776,0.007139688403435771,0.8899111617139586,65.73957061767578,0.8867077231407166,0.0
20.170000791549683,16.8,1.4000000000000004,0.0,43.982297150257104,0.007139688403435771,0.8899111617139586,65.73957061767578,0.8867077231407166,0.0
20.18000054359436,16.8,2.2,0.0,47.647488579445195,0.007139688403435771,0.8899111617139586,65.73957061767578,0.8867077231407166,0.0
20.190000295639038,16.8,3.1,-0.17453292519943295,48.1710873550435,0.0030598664586153302,0.9439688024828293,169.91099548339844,0.8846780061721802,0.0
20.200000762939453,16.8,4.0,-0.3490658503988659,49.21828490624009,0.0030598664586153302,0.9439688024828293,169.91099548339844,0.8846780061721802,0.0
20.21000051498413,16.699999999999996,4.9,-0.8726646259971648,47.647488579445195,0.0030598664586153302,0.9439688024828293,169.91099548339844,0.8846780061721802,0.0
20.22000026702881,16.699999999999996,5.7,-0.8726646259971648,43.45869837465881,0.005609755174128105,1.0301550410671612,105.07463836669922,0.8846435546875,0.0
20.230000495910645,16.6,6.500000000000001,-6.806784082777885,45.90215932745087,0.005609755174128105,1.0301550410671612,105.07463836669922,0.8846435546875,0.0
20.2400004863739,16.3,7.200000000000001,-12.39183768915974,41.36430327226561,0.005609755174128105,1.0301550410671612,105.07463836669922,0.8846435546875,0.0
20.250000476837158,16.0,8.0,-17.802358370342162,44.33136300065597,0.005609755174128105,1.0301550410671612,105.07463836669922,0.8846435546875,0.0
20.260000944137573,15.600000000000001,9.4,-18.675022996339326,35.95378259108319,0.0061197329172306605,1.1163412796514929,108.97766876220703,0.8849799036979675,0.0
20.27000069618225,15.300000000000002,9.4,-21.118483949131388,35.95378259108319,0.0061197329172306605,1.1163412796514929,108.97766876220703,0.8849799036979675,0.0
20.280000686645508,14.800000000000002,10.100000000000001,-22.689280275926283,35.604716740684324,0.0061197329172306605,1.1163412796514929,108.97766876220703,0.8849799036979675,0.0
20.290000915527344,14.400000000000002,10.5,-23.03834612632515,26.703537555513243,0.005609755174128105,1.1250109012842364,122.09281921386719,0.884285569190979,0.0
20.30000066757202,14.100000000000003,10.8,-20.07128639793479,16.406094968746697,0.005609755174128105,1.1250109012842364,122.09281921386719,0.884285569190979,0.0
20.3100004196167,13.700000000000003,11.100000000000001,-21.467549799530254,15.3588974175501,0.005609755174128105,1.1250109012842364,122.09281921386719,0.884285569190979,0.0
20.320000648498535,13.200000000000003,11.4,-24.434609527920614,19.373154697137057,0.004589799687922995,1.1122614577066725,150.7554473876953,0.886799156665802,0.0
20.330000638961792,12.700000000000001,11.8,-26.00540585471551,20.943951023931955,0.004589799687922995,1.1122614577066725,150.7554473876953,0.886799156665802,0.0
20.34000062942505,12.300000000000002,12.0,-25.830872929516076,13.61356816555577,0.004589799687922995,1.1122614577066725,150.7554473876953,0.886799156665802,0.0
20.350000619888306,11.8,12.100000000000001,-27.401669256310974,4.537856055185257,0.007139688403435771,1.0867625705515447,96.19671630859375,0.8867475390434265,0.0
20.360000610351562,11.200000000000003,12.100000000000001,-30.368728984701335,1.3962634015954636,0.007139688403435771,1.0867625705515447,96.19671630859375,0.8867475390434265,0.0
20.3700008392334,10.5,12.100000000000001,-35.95378259108319,0.8726646259971648,0.007139688403435771,1.0867625705515447,96.19671630859375,0.8867475390434265,0.0
20.380000591278076,9.8,12.100000000000001,-40.66617157146788,-0.0,0.0035698442017178854,1.0633035943688272,191.91099548339844,0.8855467438697815,0.0
20.390000820159912,9.0,12.100000000000001,-44.33136300065597,0.5235987755982988,0.0035698442017178854,1.0633035943688272,191.91099548339844,0.8855467438697815,0.0
20.40000057220459,8.100000000000001,12.100000000000001,-44.680428851054835,-0.17453292519943295,0.0035698442017178854,1.0633035943688272,191.91099548339844,0.8855467438697815,0.0
20.410000801086426,6.800000000000001,12.200000000000001,-35.43018381548489,1.2217304763960306,0.0030598664586153302,1.0413745514154173,223.37767028808594,0.8862575888633728,0.0
20.420000553131104,6.800000000000001,12.200000000000001,-35.43018381548489,-0.17453292519943295,0.0030598664586153302,1.0413745514154173,223.37767028808594,0.8862575888633728,0.0
20.43000054359436,6.300000000000001,12.200000000000001,-27.401669256310974,2.0943951023931953,0.0030598664586153302,1.0413745514154173,223.37767028808594,0.8862575888633728,0.0
20.440000534057617,6.0,12.300000000000002,-19.02408884673819,6.981317007977318,0.004589799687922995,1.0250552636361356,149.33322143554688,0.8870099782943726,0.0
20.450000524520874,5.800000000000001,12.600000000000001,-11.693705988362009,15.184364492350667,0.004589799687922995,1.0250552636361356,149.33322143554688,0.8870099782943726,0.0
20.46000051498413,5.7,13.100000000000001,-6.1086523819801535,24.26007660272118,0.004589799687922995,1.0250552636361356,149.33322143554688,0.8870099782943726,0.0
20.470000505447388,5.7,13.700000000000003,0.17453292519943295,32.46312408709453,0.004589799687922995,1.0194455084620075,152.2665557861328,0.8869990110397339,0.0
20.480000495910645,5.7,14.200000000000001,0.0,26.703537555513243,0.004589799687922995,1.0194455084620075,152.2665557861328,0.8869990110397339,0.0
20.4900004863739,5.7,14.400000000000002,0.0,15.009831567151235,0.004589799687922995,1.0194455084620075,152.2665557861328,0.8869990110397339,0.0
20.50000023841858,5.7,14.600000000000001,0.17453292519943295,8.377580409572781,0.005609755174128105,1.0179155752326998,126.6019058227539,0.8849920034408569,0.0
20.510000705718994,5.7,14.600000000000001,0.5235987755982988,5.061454830783556,0.005609755174128105,1.0179155752326998,126.6019058227539,0.8849920034408569,0.0
20.52000117301941,5.800000000000001,14.700000000000001,3.3161255787892263,2.9670597283903604,0.005609755174128105,1.0179155752326998,126.6019058227539,0.8849920034408569,0.0
20.530000686645508,6.0,14.700000000000001,12.740903539558605,0.3490658503988659,0.00509977743102555,0.9842570441879313,137.1909942626953,0.8848549127578735,0.0
20.540000677108765,6.500000000000001,14.700000000000001,24.958208303518912,-0.0,0.00509977743102555,0.9842570441879313,137.1909942626953,0.8848549127578735,0.0
20.55000066757202,7.300000000000001,14.700000000000001,39.09537524467298,-0.0,0.00509977743102555,0.9842570441879313,137.1909942626953,0.8848549127578735,0.0
20.56000065803528,8.3,14.700000000000001,52.01081170943102,-0.0,0.00509977743102555,0.9842570441879313,137.1909942626953,0.8848549127578735,0.0
20.570000648498535,10.700000000000001,14.700000000000001,69.46410422937431,-0.0,0.00509977743102555,0.9842570441879313,137.1909942626953,0.8848549127578735,0.0
20.580000638961792,10.700000000000001,14.700000000000001,69.46410422937431,-0.0,0.03365853104476863,0.8343235877157801,17.26857566833496,0.8591711521148682,0.0
20.59000062942505,12.0,14.700000000000001,68.59143960337715,-0.0,0.03365853104476863,0.8343235877157801,17.26857566833496,0.8591711521148682,0.0
20.600000619888306,13.100000000000001,14.700000000000001,64.0535835481919,-0.5235987755982988,0.2983369797149947,0.5946340484575792,0.5906581282615662,0.6056380867958069,0.0
20.610000610351562,14.100000000000003,14.700000000000001,55.850536063818545,-0.5235987755982988,0.2983369797149947,0.5946340484575792,0.5906581282615662,0.6056380867958069,0.0
20.6200008392334,14.999999999999998,14.600000000000001,47.647488579445195,-2.443460952792061,0.2983369797149947,0.5946340484575792,0.5906581282615662,0.6056380867958069,0.0
20.630000829696655,15.700000000000001,14.5,39.269908169872416,-7.67944870877505,1.145919988751441,0.28048775870640524,0.7070685625076294,1.4659091234207153,0.0
20.640000581741333,16.3,14.300000000000002,34.73205211468716,-11.519173063162574,1.145919988751441,0.28048775870640524,0.7070685625076294,1.4659091234207153,0.0
20.65000081062317,16.699999999999996,14.200000000000001,17.453292519943297,-3.490658503988659,1.145919988751441,0.28048775870640524,0.7070685625076294,1.4659091234207153,0.0
20.660000562667847,16.8,14.200000000000001,8.901179185171081,-0.6981317007977318,1.4009088603027187,0.09026606052915224,0.8426949381828308,7.761847496032715,0.0
20.670000791549683,16.8,14.200000000000001,1.3962634015954636,-0.17453292519943295,1.4009088603027187,0.09026606052915224,0.8426949381828308,7.761847496032715,0.0
20.68000054359436,16.8,14.100000000000003,1.2217304763960306,-1.3962634015954636,1.4009088603027187,0.09026606052915224,0.8426949381828308,7.761847496032715,0.0
20.690000534057617,16.8,13.900000000000002,0.5235987755982988,-9.773843811168245,1.385609528009642,0.0061197329172306605,0.897244393825531,125.42233276367188,0.0
20.700000524520874,16.900000000000002,13.600000000000001,5.585053606381854,-15.009831567151235,1.385609528009642,0.0061197329172306605,0.897244393825531,125.42233276367188,0.0
20.71000051498413,17.2,13.3,15.184364492350667,-15.707963267948966,1.385609528009642,0.0061197329172306605,0.897244393825531,125.42233276367188,0.0
20.720000505447388,17.7,13.100000000000001,25.48180707911721,-15.707963267948966,1.3529709524510785,0.010709532605153655,0.8823660016059875,68.17766571044922,0.0
20.730000495910645,18.3,12.600000000000001,30.7177948351002,-22.863813201125716,1.3529709524510785,0.010709532605153655,0.8823660016059875,68.17766571044922,0.0
20.7400004863739,18.8,12.0,29.49606435870417,-32.11405823669566,1.3529709524510785,0.010709532605153655,0.8823660016059875,68.17766571044922,0.0
20.750000476837158,19.6,11.4,16.58062789394613,-34.20845333908886,1.3529709524510785,0.010709532605153655,0.8823660016059875,68.17766571044922,0.0
20.760000944137573,19.6,10.9,16.58062789394613,-25.307274153917778,1.2535252925460802,0.008669621632743436,0.8795614242553711,78.73452758789062,0.0
20.77000069618225,19.700000000000003,10.5,8.552113334772216,-23.212879051524585,1.2535252925460802,0.008669621632743436,0.8795614242553711,78.73452758789062,0.0
20.780000686645508,19.700000000000003,10.100000000000001,1.2217304763960306,-25.830872929516076,1.0939022589549805,0.0035698442017178854,0.8908647894859314,171.68243408203125,0.0
20.790000438690186,19.700000000000003,9.600000000000001,-1.2217304763960306,-25.132741228718345,1.0939022589549805,0.0035698442017178854,0.8908647894859314,171.68243408203125,0.0
20.80000066757202,19.6,9.3,-2.0943951023931953,-15.533430342749533,1.0939022589549805,0.0035698442017178854,0.8908647894859314,171.68243408203125,0.0
20.81000065803528,19.6,9.200000000000003,-0.6981317007977318,-10.471975511965978,1.0939022589549805,0.0035698442017178854,0.8908647894859314,171.68243408203125,0.0
20.820000648498535,19.5,9.100000000000001,-5.585053606381854,-4.1887902047863905,0.8720619407053691,0.008669621632743436,0.8763684034347534,56.14629364013672,0.0
20.830000638961792,19.200000000000003,9.100000000000001,-14.311699866353502,-1.0471975511965976,0.8720619407053691,0.008669621632743436,0.8763684034347534,56.14629364013672,0.0
20.84000039100647,18.8,9.100000000000001,-24.958208303518912,-0.0,0.8720619407053691,0.008669621632743436,0.8763684034347534,56.14629364013672,0.0
20.850000619888306,17.300000000000004,8.899999999999999,-41.36430327226561,-7.67944870877505,0.8720619407053691,0.008669621632743436,0.8763684034347534,56.14629364013672,0.0
20.860000371932983,17.300000000000004,8.5,-41.36430327226561,-21.81661564992912,0.7848557466348322,0.007649666146538325,0.8801630735397339,59.270999908447266,0.0
20.870001077651978,16.4,7.800000000000001,-49.04375198104066,-35.604716740684324,0.7848557466348322,0.007649666146538325,0.8801630735397339,59.270999908447266,0.0
20.880000591278076,14.200000000000001,7.200000000000001,-63.0063859969953,-32.46312408709453,0.7981151679554986,0.007139688403435771,0.8808211088180542,66.82528686523438,0.0
20.890000820159912,14.200000000000001,6.600000000000001,-63.0063859969953,-30.7177948351002,0.7981151679554986,0.007139688403435771,0.8808211088180542,66.82528686523438,0.0
20.90000057220459,13.000000000000002,6.0,-63.18091892219473,-34.90658503988659,0.7981151679554986,0.007139688403435771,0.8808211088180542,66.82528686523438,0.0
20.910000801086426,12.0,5.499999999999999,-56.72320068981571,-28.44886680750757,0.8705320074760614,0.00509977743102555,0.8852507472038269,105.99099731445312,0.0
20.920000553131104,11.200000000000003,5.2,-45.378560551852566,-20.245819323134224,0.8705320074760614,0.00509977743102555,0.8852507472038269,105.99099731445312,0.0
20.93000030517578,10.700000000000001,4.800000000000001,-30.01966313430247,-19.198621771937624,0.8705320074760614,0.00509977743102555,0.8852507472038269,105.99099731445312,0.0
20.940000534057617,10.4,4.4,-15.3588974175501,-21.81661564992912,0.8705320074760614,0.00509977743102555,0.8852507472038269,105.99099731445312,0.0
20.950000524520874,10.4,4.0,-2.2689280275926285,-18.84955592153876,0.8705320074760614,0.00509977743102555,0.8852507472038269,105.99099731445312,0.0
20.96000051498413,10.5,3.9000000000000004,0.17453292519943295,-7.504915783575617,0.848092986779549,0.03161862007235841,0.8740872144699097,16.917451858520508,0.0
20.97000026702881,10.600000000000001,3.9000000000000004,5.934119456780721,-4.014257279586958,0.848092986779549,0.03161862007235841,0.8740872144699097,16.917451858520508,0.0
20.980000495910645,10.9,3.9000000000000004,17.802358370342162,-0.5235987755982988,0.848092986779549,0.03161862007235841,0.8740872144699097,16.917451858520508,0.0
20.9900004863739,11.5,3.8000000000000007,30.543261909900767,-1.5707963267948966,0.727738239407346,0.3860531515286342,0.6507378816604614,0.39818626642227173,0.0
21.000000476837158,12.300000000000002,3.8000000000000007,42.06243497306334,-0.5235987755982988,0.727738239407346,0.3860531515286342,0.6507378816604614,0.39818626642227173,0.0
21.010000705718994,13.399999999999999,3.7000000000000006,56.548667764616276,-8.203047484373348,0.727738239407346,0.3860531515286342,0.6507378816604614,0.39818626642227173,0.0
21.02000069618225,16.0,3.3000000000000007,73.6528944341607,-19.54768762233649,0.5727050055041693,1.0872725482946473,0.02488601766526699,0.5238968133926392,0.0
21.03000044822693,16.0,2.7,73.6528944341607,-29.845130209103036,0.5727050055041693,1.0872725482946473,0.02488601766526699,0.5238968133926392,0.0
21.040000915527344,17.300000000000004,2.1,67.71877497737998,-33.68485456349056,0.5727050055041693,1.0872725482946473,0.02488601766526699,0.5238968133926392,0.0
21.05000066757202,18.1,1.5,48.1710873550435,-29.146998508305302,0.430931192921659,1.2499554483443625,0.4383372664451599,0.6455075740814209,0.0
21.0600004196167,18.5,1.1,24.609142453120047,-25.830872929516076,0.430931192921659,1.2499554483443625,0.4383372664451599,0.6455075740814209,0.0
21.070000648498535,18.5,0.4,4.363323129985824,-35.25565089028546,0.430931192921659,1.2499554483443625,0.4383372664451599,0.6455075740814209,0.0
21.080000638961792,18.3,-0.1,-11.519173063162574,-32.637657012293964,0.2707981815874567,1.2540352702891828,1.2277607917785645,0.7276335954666138,0.0
21.09000062942505,17.799999999999997,-0.5,-25.307274153917778,-27.05260340591211,0.2707981815874567,1.2540352702891828,1.2277607917785645,0.7276335954666138,0.0
21.100000381469727,17.1,-1.0,-37.000980142279786,-27.401669256310974,0.2707981815874567,1.2540352702891828,1.2277607917785645,0.7276335954666138,0.0
21.110000610351562,16.200000000000003,-1.6,-45.72762640225143,-29.321531433504738,0.2707981815874567,1.2540352702891828,1.2277607917785645,0.7276335954666138,0.0
21.12000060081482,15.300000000000002,-1.9000000000000004,-49.56735075663896,-20.245819323134224,0.09893568216189567,1.3223722878649251,5.181103229522705,0.8368596434593201,0.0
21.130000829696655,14.5,-2.0,-45.0294947014537,-6.1086523819801535,0.09893568216189567,1.3223722878649251,5.181103229522705,0.8368596434593201,0.0
21.140000581741333,13.900000000000002,-2.0,-32.98672286269283,-1.0471975511965976,0.09893568216189567,1.3223722878649251,5.181103229522705,0.8368596434593201,0.0
21.15000081062317,13.600000000000001,-2.0,-15.009831567151235,0.5235987755982988,0.03365853104476863,1.2943235119942846,17.135242462158203,0.8700874447822571,0.0
21.160000562667847,13.600000000000001,-1.9000000000000004,-4.363323129985824,3.839724354387525,0.03365853104476863,1.2943235119942846,17.135242462158203,0.8700874447822571,0.0
21.170000791549683,13.700000000000003,-1.8000000000000003,4.537856055185257,6.1086523819801535,0.03365853104476863,1.2943235119942846,17.135242462158203,0.8700874447822571,0.0
21.18000030517578,13.900000000000002,-1.6,10.64650843716541,6.457718232379019,0.00509977743102555,1.119911123853211,105.43099975585938,0.8842641115188599,0.0
21.190000295639038,14.300000000000002,-1.5,18.32595714594046,9.250245035569947,0.00509977743102555,1.119911123853211,105.43099975585938,0.8842641115188599,0.0
21.200000524520874,14.700000000000001,-1.3,21.81661564992912,7.67944870877505,0.00509977743102555,1.119911123853211,105.43099975585938,0.8842641115188599,0.0
21.21000027656555,15.600000000000001,-1.0,23.911010752322316,9.773843811168245,0.005609755174128105,0.9281594924466502,80.2746353149414,0.8819670081138611,0.0
21.220000505447388,15.600000000000001,-1.0,23.911010752322316,9.773843811168245,0.005609755174128105,0.9281594924466502,80.2746353149414,0.8819670081138611,0.0
21.230000257492065,16.0,-0.7000000000000002,23.03834612632515,15.009831567151235,0.005609755174128105,0.9281594924466502,80.2746353149414,0.8819670081138611,0.0
21.2400004863739,16.3,-0.2,19.02408884673819,23.736477827122883,0.004589799687922995,0.8537027419536771,92.88877868652344,0.8823094367980957,0.0
21.250000476837158,16.5,0.4,12.217304763960307,39.61897402027128,0.004589799687922995,0.8537027419536771,92.88877868652344,0.8823094367980957,0.0
21.260000944137573,16.6,1.2000000000000002,6.283185307179586,41.36430327226561,0.004589799687922995,0.8537027419536771,92.88877868652344,0.8823094367980957,0.0
21.27000069618225,16.6,2.9000000000000004,0.0,46.42575810304917,0.007139688403435771,0.8705320074760614,63.453857421875,0.8805641531944275,0.0
21.280000925064087,16.6,2.9000000000000004,0.0,46.42575810304917,0.007139688403435771,0.8705320074760614,63.453857421875,0.8805641531944275,0.0
21.290000677108765,16.6,3.6000000000000005,-0.3490658503988659,43.807764225057674,0.007139688403435771,0.8705320074760614,63.453857421875,0.8805641531944275,0.0
21.300000429153442,16.6,4.5,-0.3490658503988659,46.25122517784973,0.005609755174128105,0.9352991808500859,90.52918243408203,0.8833293318748474,0.0
21.3100004196167,16.6,5.2,-0.3490658503988659,39.61897402027128,0.005609755174128105,0.9352991808500859,90.52918243408203,0.8833293318748474,0.0
21.320000648498535,16.6,5.9,-0.5235987755982988,39.444441095071845,0.005609755174128105,0.9352991808500859,90.52918243408203,0.8833293318748474,0.0
21.330000638961792,16.5,6.699999999999999,-2.6179938779914944,38.92084231947355,0.005609755174128105,1.0138357532878794,101.58372497558594,0.883768618106842,0.0
21.34000062942505,16.4,7.300000000000001,-7.853981633974483,35.43018381548489,0.005609755174128105,1.0138357532878794,101.58372497558594,0.883768618106842,0.0
21.350000619888306,16.1,8.100000000000001,-14.311699866353502,41.18977034706618,0.005609755174128105,1.0138357532878794,101.58372497558594,0.883768618106842,0.0
21.360000610351562,15.8,8.700000000000001,-16.755160819145562,37.873644768276954,0.005609755174128105,1.0138357532878794,101.58372497558594,0.883768618106842,0.0
21.37000036239624,15.399999999999999,9.4,-19.54768762233649,34.20845333908886,0.005609755174128105,1.0959421699273908,114.38372802734375,0.8860218524932861,0.0
21.380000352859497,14.999999999999998,10.0,-20.59488517353309,33.85938748868999,0.005609755174128105,1.0959421699273908,114.38372802734375,0.8860218524932861,0.0
21.390000581741333,14.5,10.5,-25.132741228718345,25.132741228718345,0.005609755174128105,1.0959421699273908,114.38372802734375,0.8860218524932861,0.0
21.40000033378601,14.100000000000003,10.700000000000001,-26.878070480712676,16.929693744344995,0.004079821944820441,1.1137913909359802,164.21099853515625,0.8831391930580139,0.0
21.410000562667847,13.5,10.9,-31.41592653589793,12.915436464758038,0.004079821944820441,1.1137913909359802,164.21099853515625,0.8831391930580139,0.0
21.420000314712524,12.8,11.200000000000003,-35.08111796508602,14.486232791552935,0.004079821944820441,1.1137913909359802,164.21099853515625,0.8831391930580139,0.0
21.43000054359436,11.4,11.600000000000001,-40.31710572106901,17.976891295541595,0.004079821944820441,1.1137913909359802,164.21099853515625,0.8831391930580139,0.0
21.440000295639038,11.4,11.8,-40.31710572106901,15.882496193148398,0.007139688403435771,1.1137913909359802,95.56814575195312,0.884238064289093,0.0
21.450000524520874,10.600000000000001,11.900000000000002,-42.236967898262776,4.71238898038469,0.007139688403435771,1.1137913909359802,95.56814575195312,0.884238064289093,0.0
21.46000075340271,9.8,11.8,-43.109632524259936,-1.7453292519943295,0.004589799687922995,1.1010419473584163,150.31100463867188,0.8864061832427979,0.0
21.470000743865967,9.0,11.900000000000002,-44.680428851054835,0.5235987755982988,0.004589799687922995,1.1010419473584163,150.31100463867188,0.8864061832427979,0.0
21.480000495910645,8.100000000000001,11.900000000000002,-44.505895925855405,-0.0,0.004589799687922995,1.1010419473584163,150.31100463867188,0.8864061832427979,0.0
21.490000247955322,7.400000000000001,11.900000000000002,-41.01523742186674,2.0943951023931953,0.004589799687922995,1.0729931714877758,149.33322143554688,0.885577917098999,0.0
21.500000476837158,6.800000000000001,12.100000000000001,-35.08111796508602,9.773843811168245,0.004589799687922995,1.0729931714877758,149.33322143554688,0.885577917098999,0.0
21.510000705718994,6.300000000000001,12.300000000000002,-27.05260340591211,9.250245035569947,0.00509977743102555,1.0439244401309302,132.79100036621094,0.8870459198951721,0.0
21.52000093460083,6.0,12.4,-17.62782544514273,9.250245035569947,0.00509977743102555,1.0439244401309302,132.79100036621094,0.8870459198951721,0.0
21.530000686645508,5.9,12.700000000000001,-9.948376736367678,13.264502315156905,0.00509977743102555,1.0439244401309302,132.79100036621094,0.8870459198951721,0.0
21.540000915527344,5.800000000000001,13.100000000000001,-1.9198621771937625,19.896753472735355,0.00509977743102555,0.9781373112707006,126.95099639892578,0.8864973783493042,0.0
21.55000066757202,5.9,13.600000000000001,2.0943951023931953,27.05260340591211,0.00509977743102555,0.9781373112707006,126.95099639892578,0.8864973783493042,0.0
21.56000065803528,6.0,14.0,5.934119456780721,23.736477827122883,0.00509977743102555,0.9781373112707006,126.95099639892578,0.8864973783493042,0.0
21.570000648498535,6.300000000000001,14.200000000000001,13.788101090755204,10.64650843716541,0.013259421320666431,0.9159200266121889,46.187923431396484,0.8796458840370178,0.0
21.580000638961792,6.699999999999999,14.200000000000001,21.991148575128552,1.9198621771937625,0.013259421320666431,0.9159200266121889,46.187923431396484,0.8796458840370178,0.0
21.590000867843628,7.300000000000001,14.200000000000001,29.49606435870417,0.6981317007977318,0.013259421320666431,0.9159200266121889,46.187923431396484,0.8796458840370178,0.0
21.600000381469727,7.9,14.200000000000001,37.000980142279786,-0.0,0.013259421320666431,0.9159200266121889,46.187923431396484,0.8796458840370178,0.0
21.610000610351562,9.0,14.200000000000001,47.1238898038469,0.8726646259971648,0.04232815267751207,0.829733788027857,12.691722869873047,0.8580227494239807,0.0
21.62000036239624,9.900000000000002,14.200000000000001,53.75614096142535,-0.3490658503988659,0.04232815267751207,0.829733788027857,12.691722869873047,0.8580227494239807,0.0
21.630000829696655,10.9,14.200000000000001,57.94493116621174,-0.3490658503988659,0.04232815267751207,0.829733788027857,12.691722869873047,0.8580227494239807,0.0
21.640000343322754,11.900000000000002,14.200000000000001,57.59586531581287,-1.0471975511965976,0.6757205096108854,0.5196673202215035,0.3401698172092438,0.1196182519197464,0.0
21.65000057220459,12.8,14.200000000000001,50.440015382636126,-0.17453292519943295,0.6757205096108854,0.5196673202215035,0.3401698172092438,0.1196182519197464,0.0
21.660000562667847,13.5,14.200000000000001,40.14257279586958,-0.0,0.6757205096108854,0.5196673202215035,0.3401698172092438,0.1196182519197464,0.0
21.670000553131104,14.0,14.200000000000001,28.797932657906436,0.3490658503988659,1.061263683396417,0.25906869349609796,0.7106242179870605,1.4968267679214478,0.0
21.68000054359436,14.400000000000002,14.200000000000001,20.420352248333657,-0.0,1.061263683396417,0.25906869349609796,0.7106242179870605,1.4968267679214478,0.0
21.690000534057617,14.5,14.200000000000001,10.297442586766545,-0.17453292519943295,1.061263683396417,0.25906869349609796,0.7106242179870605,1.4968267679214478,0.0
21.700000286102295,14.5,14.200000000000001,2.0943951023931953,-1.0471975511965976,1.2351660937943882,0.08975608278604968,0.8269025683403015,6.8200907707214355,0.0
21.71000027656555,14.5,14.200000000000001,-0.8726646259971648,-0.5235987755982988,1.2351660937943882,0.08975608278604968,0.8269025683403015,6.8200907707214355,0.0
21.720000505447388,14.5,14.100000000000003,0.6981317007977318,-4.537856055185257,1.2351660937943882,0.08975608278604968,0.8269025683403015,6.8200907707214355,0.0
21.730000495910645,14.5,13.8,-0.3490658503988659,-12.39183768915974,1.3366516646717967,0.012749443577563876,0.8774013519287109,57.415000915527344,0.0
21.7400004863739,14.5,13.600000000000001,0.3490658503988659,-12.915436464758038,1.3366516646717967,0.012749443577563876,0.8774013519287109,57.415000915527344,0.0
21.750000476837158,14.5,13.5,0.0,-4.71238898038469,1.3366516646717967,0.012749443577563876,0.8774013519287109,57.415000915527344,0.0
21.760000944137573,14.5,13.5,0.6981317007977318,-0.6981317007977318,1.4024387935320264,0.0061197329172306605,0.883472740650177,129.11099243164062,0.0
21.770000457763672,14.5,13.5,0.17453292519943295,-0.8726646259971648,1.4024387935320264,0.0061197329172306605,0.883472740650177,129.11099243164062,0.0
21.780000925064087,14.600000000000001,13.399999999999999,0.17453292519943295,-6.457718232379019,1.4024387935320264,0.0061197329172306605,0.883472740650177,129.11099243164062,0.0
21.790000438690186,14.600000000000001,13.100000000000001,0.0,-14.137166941154069,1.2831040016460284,0.0015299332293076651,0.8858203291893005,0.0,0.0
21.80000066757202,14.600000000000001,12.700000000000001,0.0,-19.54768762233649,1.2831040016460284,0.0015299332293076651,0.8858203291893005,0.0,0.0
21.81000065803528,14.600000000000001,12.200000000000001,0.0,-27.05260340591211,1.2831040016460284,0.0015299332293076651,0.8858203291893005,0.0,0.0
21.820000648498535,14.5,11.700000000000001,0.0,-29.670597283903604,1.0964521476704934,0.00509977743102555,0.8819302320480347,123.7509994506836,0.0
21.830000638961792,14.5,11.200000000000003,-0.17453292519943295,-23.387411976724017,1.0964521476704934,0.00509977743102555,0.8819302320480347,123.7509994506836,0.0
21.84000039100647,14.5,10.999999999999998,-0.5235987755982988,-15.184364492350667,1.0964521476704934,0.00509977743102555,0.8819302320480347,123.7509994506836,0.0
21.850000619888306,14.5,10.8,-1.7453292519943295,-10.297442586766545,0.9393790027949064,0.007649666146538325,0.8785765171051025,70.73766326904297,0.0
21.860000610351562,14.5,10.700000000000001,-1.7453292519943295,-10.122909661567112,0.9393790027949064,0.007649666146538325,0.8785765171051025,70.73766326904297,0.0
21.8700008392334,14.300000000000002,10.4,-8.028514559173916,-11.693705988362009,0.9393790027949064,0.007649666146538325,0.8785765171051025,70.73766326904297,0.0
21.880000591278076,13.3,10.200000000000001,-31.590459461097364,-13.08996938995747,0.8496229200088566,0.002549888715512775,0.8856386542320251,198.79100036621094,0.0
21.890000820159912,13.3,9.900000000000002,-31.590459461097364,-13.788101090755204,0.8496229200088566,0.002549888715512775,0.8856386542320251,198.79100036621094,0.0
21.90000057220459,12.5,9.700000000000001,-44.680428851054835,-11.170107212763709,0.8496229200088566,0.002549888715512775,0.8856386542320251,198.79100036621094,0.0
21.910000801086426,11.5,9.600000000000001,-50.26548245743669,-9.250245035569947,0.8496229200088566,0.002549888715512775,0.8856386542320251,198.79100036621094,0.0
21.920000553131104,9.700000000000001,9.4,-48.86921905584123,-11.170107212763709,0.8098446560468574,0.007649666146538325,0.8819471001625061,64.81766510009766,0.0
21.93000054359436,9.700000000000001,9.100000000000001,-48.86921905584123,-15.533430342749533,0.8098446560468574,0.007649666146538325,0.8819471001625061,64.81766510009766,0.0
21.940000534057617,8.899999999999999,8.700000000000001,-43.807764225057674,-23.03834612632515,0.8098446560468574,0.007649666146538325,0.8819471001625061,64.81766510009766,0.0
21.950000524520874,8.3,8.0,-35.95378259108319,-35.95378259108319,0.8098446560468574,0.007649666146538325,0.8819471001625061,64.81766510009766,0.0
21.96000051498413,7.800000000000001,7.300000000000001,-26.354471705114378,-34.90658503988659,0.8266739215692417,0.007139688403435771,0.8850518465042114,73.73957061767578,0.0
21.97000026702881,7.600000000000001,6.699999999999999,-11.170107212763709,-34.033920413889426,0.8266739215692417,0.007139688403435771,0.8850518465042114,73.73957061767578,0.0
21.980000257492065,7.699999999999999,6.0,-0.8726646259971648,-38.22271061867582,0.8684920965036512,0.0061197329172306605,0.8847721815109253,93.84432983398438,0.0
21.9900004863739,7.800000000000001,5.4,6.283185307179586,-31.066860685499066,0.8684920965036512,0.0061197329172306605,0.8847721815109253,93.84432983398438,0.0
22.000000476837158,8.0,5.1000000000000005,8.028514559173916,-22.51474735072685,0.8684920965036512,0.0061197329172306605,0.8847721815109253,93.84432983398438,0.0
22.010000467300415,8.2,4.600000000000001,12.217304763960307,-23.03834612632515,0.8684920965036512,0.0061197329172306605,0.8847721815109253,93.84432983398438,0.0
22.02000093460083,8.5,4.2,17.976891295541595,-24.609142453120047,0.8684920965036512,0.0061197329172306605,0.8847721815109253,93.84432983398438,0.0
22.03000044822693,9.0,3.9000000000000004,26.52900463031381,-17.976891295541595,0.912350182410471,0.0061197329172306605,0.887211263179779,105.37767028808594,0.0
22.040000915527344,9.700000000000001,3.8000000000000007,34.55751918948773,-7.504915783575617,0.912350182410471,0.0061197329172306605,0.887211263179779,105.37767028808594,0.0
22.05000066757202,10.600000000000001,3.7000000000000006,47.99655442984406,-4.1887902047863905,0.912350182410471,0.0061197329172306605,0.887211263179779,105.37767028808594,0.0
22.0600004196167,11.700000000000001,3.7000000000000006,59.16666164260777,-0.5235987755982988,0.8511528532381644,0.19889131980999647,0.7658124566078186,2.2371537685394287,0.0
22.070000648498535,13.000000000000002,3.7000000000000006,69.46410422937431,-0.6981317007977318,0.8511528532381644,0.19889131980999647,0.7658124566078186,2.2371537685394287,0.0
22.080000638961792,14.400000000000002,3.6000000000000005,74.7000919853573,-4.886921905584122,0.8511528532381644,0.19889131980999647,0.7658124566078186,2.2371537685394287,0.0
22.09000062942505,15.8,3.3000000000000007,74.176493209759,-11.170107212763709,0.7052992187108336,0.7374278165262946,0.3597158193588257,0.17530705034732819,0.0
22.100000619888306,17.1,3.0,64.40264939859075,-18.151424220741028,0.7052992187108336,0.7374278165262946,0.3597158193588257,0.17530705034732819,0.0
22.11006259918213,18.0,2.4000000000000004,49.21828490624009,-27.925268031909273,0.7052992187108336,0.7374278165262946,0.3597158193588257,0.17530705034732819,0.0
22.12000060081482,18.400000000000006,2.0,35.25565089028546,-27.401669256310974,0.5160974760197857,1.1867182081996455,0.19953754544258118,0.557586133480072,0.0
22.130001068115234,18.700000000000003,1.7000000000000002,14.660765716752369,-17.453292519943297,0.5160974760197857,1.1867182081996455,0.19953754544258118,0.557586133480072,0.0
22.140000581741333,18.700000000000003,1.6,2.0943951023931953,-7.504915783575617,0.3998225505924031,1.3519509969648733,0.695693850517273,0.6644809246063232,0.0
22.15000081062317,18.6,1.3,-1.7453292519943295,-14.311699866353502,0.356474442428686,1.371840128945873,0.8838183283805847,0.6855798959732056,0.0
22.160000801086426,18.400000000000006,0.9000000000000001,-9.250245035569947,-20.245819323134224,0.356474442428686,1.371840128945873,0.8838183283805847,0.6855798959732056,0.0
22.17000102996826,17.300000000000004,0.30000000000000004,-35.25565089028546,-29.845130209103036,0.356474442428686,1.371840128945873,0.8838183283805847,0.6855798959732056,0.0
22.18000054359436,17.300000000000004,-0.0,-35.25565089028546,-21.991148575128552,0.20858089692894502,1.3657203960286424,2.177992582321167,0.7701053023338318,0.0
22.190000534057617,16.4,-0.1,-47.472955654245766,-12.042771838760874,0.20858089692894502,1.3657203960286424,2.177992582321167,0.7701053023338318,0.0
22.200000524520874,15.5,-0.2,-52.35987755982988,-2.9670597283903604,0.20858089692894502,1.3657203960286424,2.177992582321167,0.7701053023338318,0.0
22.21000075340271,14.5,-0.2,-49.56735075663896,-0.3490658503988659,0.09332592698776757,1.2994232894253102,5.812639236450195,0.8365667462348938,0.0
22.220000505447388,13.8,-0.2,-43.45869837465881,-0.0,0.09332592698776757,1.2994232894253102,5.812639236450195,0.8365667462348938,0.0
22.230000495910645,13.100000000000001,-0.2,-37.52457891787809,0.5235987755982988,0.09332592698776757,1.2994232894253102,5.812639236450195,0.8365667462348938,0.0
22.2400004863739,12.600000000000001,-0.2,-28.623399732707004,-0.0,0.023968953925820085,1.185188274970338,23.38334083557129,0.8741979598999023,0.0
22.250000476837158,12.300000000000002,-0.2,-17.278759594743864,-0.0,0.023968953925820085,1.185188274970338,23.38334083557129,0.8741979598999023,0.0
22.260000944137573,12.200000000000001,-0.2,-9.599310885968812,-0.0,0.023968953925820085,1.185188274970338,23.38334083557129,0.8741979598999023,0.0
22.27000069618225,12.200000000000001,-0.1,1.0471975511965976,1.5707963267948966,0.023968953925820085,1.185188274970338,23.38334083557129,0.8741979598999023,0.0
22.280000686645508,12.300000000000002,-0.1,3.3161255787892263,0.5235987755982988,0.0061197329172306605,0.9291794479328552,77.37767028808594,0.881096601486206,0.0
22.290000677108765,12.5,-0.0,11.344640137963141,6.806784082777885,0.0061197329172306605,0.9291794479328552,77.37767028808594,0.881096601486206,0.0
22.30000066757202,12.8,0.2,14.835298641951802,14.137166941154069,0.0061197329172306605,0.9291794479328552,77.37767028808594,0.881096601486206,0.0
22.3100004196167,13.3,0.6000000000000001,24.26007660272118,22.51474735072685,0.008669621632743436,0.8169843444502932,49.79335403442383,0.8785130977630615,0.0
22.320000648498535,13.8,1.1,31.41592653589793,22.689280275926283,0.008669621632743436,0.8169843444502932,49.79335403442383,0.8785130977630615,0.0
22.33000087738037,14.600000000000001,1.6,37.69911184307752,29.670597283903604,0.008669621632743436,0.8169843444502932,49.79335403442383,0.8785130977630615,0.0
22.34000039100647,15.700000000000001,3.2,26.878070480712676,42.06243497306334,0.008669621632743436,0.8169843444502932,49.79335403442383,0.8785130977630615,0.0
22.350000619888306,15.700000000000001,3.2,26.878070480712676,42.06243497306334,0.007649666146538325,0.8266739215692417,60.284332275390625,0.8801165819168091,0.0
22.360000610351562,15.899999999999999,4.0,14.311699866353502,44.85496177625427,0.007649666146538325,0.8266739215692417,60.284332275390625,0.8801165819168091,0.0
22.3700008392334,16.0,4.800000000000001,3.3161255787892263,45.0294947014537,0.008669621632743436,0.9128601601535735,60.52276611328125,0.8818491697311401,0.0
22.380000591278076,16.0,5.499999999999999,0.5235987755982988,39.444441095071845,0.008669621632743436,0.9128601601535735,60.52276611328125,0.8818491697311401,0.0
22.390000581741333,15.899999999999999,6.2,-1.0471975511965976,39.79350694547071,0.008669621632743436,0.9128601601535735,60.52276611328125,0.8818491697311401,0.0
22.40000057220459,15.899999999999999,6.800000000000001,-1.7453292519943295,30.368728984701335,0.006629710660333216,1.0046561539120333,91.3571548461914,0.8849390745162964,0.0
22.410000801086426,15.700000000000001,7.300000000000001,-10.122909661567112,28.44886680750757,0.006629710660333216,1.0046561539120333,91.3571548461914,0.8849390745162964,0.0
22.420000553131104,15.300000000000002,7.9,-16.929693744344995,33.510321638291124,0.006629710660333216,1.0046561539120333,91.3571548461914,0.8849390745162964,0.0
22.43000030517578,14.999999999999998,8.5,-21.467549799530254,32.81218993749339,0.00509977743102555,1.102571880587724,133.99099731445312,0.8878899216651917,0.0
22.440000534057617,14.5,8.899999999999999,-22.51474735072685,24.958208303518912,0.00509977743102555,1.102571880587724,133.99099731445312,0.8878899216651917,0.0
22.450000524520874,14.0,9.4,-28.797932657906436,27.22713633111154,0.00509977743102555,1.102571880587724,133.99099731445312,0.8878899216651917,0.0
22.46000027656555,13.399999999999999,10.0,-33.510321638291124,30.543261909900767,0.00509977743102555,1.1505097884393642,143.51100158691406,0.8854538798332214,0.0
22.470000505447388,11.900000000000002,10.4,-39.444441095071845,26.00540585471551,0.00509977743102555,1.1505097884393642,143.51100158691406,0.8854538798332214,0.0
22.480000495910645,11.900000000000002,10.700000000000001,-39.444441095071845,17.976891295541595,0.00509977743102555,1.1505097884393642,143.51100158691406,0.8854538798332214,0.0
22.4900004863739,11.200000000000003,10.999999999999998,-39.96803987067015,15.707963267948966,0.008159643889640881,1.1433701000359284,90.21099853515625,0.8868590593338013,0.0
22.500000476837158,10.5,11.4,-39.96803987067015,19.373154697137057,0.008159643889640881,1.1433701000359284,90.21099853515625,0.8868590593338013,0.0
22.510000705718994,9.700000000000001,11.8,-39.444441095071845,21.467549799530254,0.008159643889640881,1.1433701000359284,90.21099853515625,0.8868590593338013,0.0
22.52000069618225,9.100000000000001,12.0,-37.52457891787809,14.137166941154069,0.008159643889640881,1.1433701000359284,90.21099853515625,0.8868590593338013,0.0
22.530000686645508,8.5,12.100000000000001,-31.066860685499066,2.792526803190927,0.0061197329172306605,1.1092015912480573,120.31099700927734,0.8856896758079529,0.0
22.540000677108765,8.100000000000001,12.100000000000001,-25.307274153917778,1.0471975511965976,0.0061197329172306605,1.1092015912480573,120.31099700927734,0.8856896758079529,0.0
22.55000066757202,7.699999999999999,12.200000000000001,-22.51474735072685,4.71238898038469,0.0061197329172306605,1.1092015912480573,120.31099700927734,0.8856896758079529,0.0
22.56000065803528,7.300000000000001,12.200000000000001,-20.59488517353309,0.5235987755982988,0.004589799687922995,1.0724831937446733,158.1332244873047,0.8867175579071045,0.0
22.570000648498535,7.0,12.200000000000001,-19.373154697137057,1.9198621771937625,0.004589799687922995,1.0724831937446733,158.1332244873047,0.8867175579071045,0.0
22.580000400543213,6.600000000000001,12.300000000000002,-18.32595714594046,6.283185307179586,0.004589799687922995,1.0724831937446733,158.1332244873047,0.8867175579071045,0.0
22.59000039100647,6.4,12.5,-14.835298641951802,11.693705988362009,0.004079821944820441,1.04188452915852,176.51100158691406,0.8866505026817322,0.0
22.600000619888306,6.2,12.8,-9.948376736367678,14.660765716752369,0.004079821944820441,1.04188452915852,176.51100158691406,0.8866505026817322,0.0
22.610000610351562,6.1000000000000005,13.200000000000003,-4.71238898038469,19.198621771937624,0.004079821944820441,1.04188452915852,176.51100158691406,0.8866505026817322,0.0
22.62000060081482,6.1000000000000005,13.600000000000001,0.5235987755982988,21.991148575128552,0.004589799687922995,1.0158756642602895,155.466552734375,0.8865903615951538,0.0
22.630000352859497,6.1000000000000005,14.0,0.5235987755982988,20.769418098732523,0.004589799687922995,1.0158756642602895,155.466552734375,0.8865903615951538,0.0
22.640000581741333,6.1000000000000005,14.200000000000001,0.17453292519943295,10.64650843716541,0.004589799687922995,1.0158756642602895,155.466552734375,0.8865903615951538,0.0
22.65000081062317,6.1000000000000005,14.300000000000002,0.0,7.67944870877505,0.0061197329172306605,0.9674277786655469,112.31099700927734,0.8847827911376953,0.0
22.660000562667847,6.2,14.400000000000002,0.17453292519943295,6.981317007977318,0.0061197329172306605,0.9674277786655469,112.31099700927734,0.8847827911376953,0.0
22.670000791549683,6.2,14.700000000000001,2.0943951023931953,14.660765716752369,0.0061197329172306605,0.9674277786655469,112.31099700927734,0.8847827911376953,0.0
22.68000054359436,6.2,15.200000000000003,2.0943951023931953,24.958208303518912,0.0061197329172306605,0.9674277786655469,112.31099700927734,0.8847827911376953,0.0
22.690000534057617,6.300000000000001,15.8,5.934119456780721,33.68485456349056,0.00917959937584599,0.9006206943191122,70.0443344116211,0.8808459639549255,0.0
22.700000286102295,6.699999999999999,16.3,17.278759594743864,26.354471705114378,0.00917959937584599,0.9006206943191122,70.0443344116211,0.8808459639549255,0.0
22.71000051498413,7.200000000000001,16.699999999999996,26.00540585471551,20.59488517353309,0.00917959937584599,0.9006206943191122,70.0443344116211,0.8808459639549255,0.0
22.720000505447388,7.800000000000001,17.0,34.90658503988659,18.675022996339326,0.00917959937584599,0.9006206943191122,70.0443344116211,0.8808459639549255,0.0
22.730000495910645,8.6,17.2,43.28416544945937,14.137166941154069,0.11780485865669021,0.7812859024331144,3.9906537532806396,0.7944830060005188,0.0
22.740000247955322,9.600000000000001,17.2,50.96361415823442,0.17453292519943295,0.11780485865669021,0.7812859024331144,3.9906537532806396,0.7944830060005188,0.0
22.750000476837158,10.600000000000001,17.0,52.53441048502932,-9.599310885968812,0.11780485865669021,0.7812859024331144,3.9906537532806396,0.7944830060005188,0.0
22.760000705718994,11.600000000000001,16.5,51.312680008633286,-24.609142453120047,0.7608867927090122,0.505387943414632,0.3908766806125641,0.06195862963795662,0.0
22.77000069618225,12.4,15.700000000000001,49.916416607037824,-44.505895925855405,0.7608867927090122,0.505387943414632,0.3908766806125641,0.06195862963795662,0.0
22.780000686645508,13.200000000000003,14.800000000000002,46.42575810304917,-47.1238898038469,0.7608867927090122,0.505387943414632,0.3908766806125641,0.06195862963795662,0.0
22.790000677108765,14.0,14.0,42.76056667386107,-42.411500823462205,0.7608867927090122,0.505387943414632,0.3908766806125641,0.06195862963795662,0.0
22.80000066757202,14.700000000000001,13.399999999999999,37.52457891787809,-34.38298626428829,1.3402215088735145,0.10352548184981868,0.8302481174468994,7.311985015869141,0.0
22.81000065803528,15.100000000000001,13.100000000000001,23.736477827122883,-19.54768762233649,1.3402215088735145,0.10352548184981868,0.8302481174468994,7.311985015869141,0.0
22.820000648498535,15.300000000000002,12.9,9.42477796076938,-11.344640137963141,1.3402215088735145,0.10352548184981868,0.8302481174468994,7.311985015869141,0.0
22.830000400543213,15.300000000000002,12.600000000000001,4.1887902047863905,-15.882496193148398,1.3402215088735145,0.10352548184981868,0.8302481174468994,7.311985015869141,0.0
22.84000062942505,15.399999999999999,12.100000000000001,3.839724354387525,-27.22713633111154,1.3952991051285906,0.016319287779281762,0.8805204629898071,52.7859992980957,0.0
22.850000381469727,15.399999999999999,11.3,0.6981317007977318,-39.79350694547071,1.3952991051285906,0.016319287779281762,0.8805204629898071,52.7859992980957,0.0
22.860000610351562,15.399999999999999,10.600000000000001,0.17453292519943295,-38.571776469074685,1.3519509969648733,0.005609755174128105,0.8841716051101685,148.78372192382812,0.0
22.87000036239624,15.399999999999999,9.8,1.9198621771937625,-43.28416544945937,1.3519509969648733,0.005609755174128105,0.8841716051101685,148.78372192382812,0.0
22.880000591278076,15.600000000000001,9.100000000000001,8.377580409572781,-38.22271061867582,1.3519509969648733,0.005609755174128105,0.8841716051101685,148.78372192382812,0.0
22.890000820159912,15.899999999999999,8.6,16.05702911834783,-32.46312408709453,1.3519509969648733,0.005609755174128105,0.8841716051101685,148.78372192382812,0.0
22.90000057220459,16.3,7.800000000000001,20.769418098732523,-39.61897402027128,1.1703989204203638,0.002549888715512775,0.8883028030395508,289.9909973144531,0.0
22.910000801086426,16.699999999999996,7.200000000000001,20.245819323134224,-34.20845333908886,1.1703989204203638,0.002549888715512775,0.8883028030395508,289.9909973144531,0.0
22.920000314712524,17.0,6.699999999999999,14.660765716752369,-27.05260340591211,1.1703989204203638,0.002549888715512775,0.8883028030395508,289.9909973144531,0.0
22.93000054359436,17.1,6.1000000000000005,6.981317007977318,-35.08111796508602,1.0225053749206228,0.005609755174128105,0.8850099444389343,115.03826904296875,0.0
22.940000295639038,17.1,5.4,1.0471975511965976,-36.82644721708035,1.0225053749206228,0.005609755174128105,0.8850099444389343,115.03826904296875,0.0
22.950000524520874,17.0,4.7,-0.3490658503988659,-39.269908169872416,1.0225053749206228,0.005609755174128105,0.8850099444389343,115.03826904296875,0.0
22.96000051498413,16.900000000000002,3.9000000000000004,-4.886921905584122,-45.20402762665314,0.9006206943191122,0.008159643889640881,0.8799399733543396,69.51100158691406,0.0
22.97000026702881,16.699999999999996,3.2,-11.170107212763709,-36.65191429188092,0.9006206943191122,0.008159643889640881,0.8799399733543396,69.51100158691406,0.0
22.980000734329224,16.4,2.6,-16.755160819145562,-32.98672286269283,0.9006206943191122,0.008159643889640881,0.8799399733543396,69.51100158691406,0.0
22.9900004863739,16.0,2.1,-21.467549799530254,-29.845130209103036,0.8327936544864724,0.006629710660333216,0.8816515803337097,81.32638549804688,0.0
23.000000953674316,15.5,1.8000000000000003,-27.22713633111154,-16.231562043547264,0.8327936544864724,0.006629710660333216,0.8816515803337097,81.32638549804688,0.0
23.010000467300415,14.900000000000002,1.8000000000000003,-31.590459461097364,-0.8726646259971648,0.8327936544864724,0.006629710660333216,0.8816515803337097,81.32638549804688,0.0
23.02000093460083,14.200000000000001,1.8000000000000003,-37.17551306747922,-1.3962634015954636,0.819534233165806,0.004589799687922995,0.8855152726173401,119.19989013671875,0.0
23.030000686645508,13.399999999999999,1.8000000000000003,-43.63323129985824,-0.0,0.819534233165806,0.004589799687922995,0.8855152726173401,119.19989013671875,0.0
23.040000915527344,12.600000000000001,1.8000000000000003,-46.0766922526503,-0.17453292519943295,0.819534233165806,0.004589799687922995,0.8855152726173401,119.19989013671875,0.0
23.05000066757202,11.8,1.8000000000000003,-41.01523742186674,-1.0471975511965976,0.8735918739346767,0.00509977743102555,0.8847968578338623,116.79100036621094,0.0
23.06000065803528,11.200000000000003,1.7000000000000002,-36.477381366681485,-3.6651914291880923,0.8735918739346767,0.00509977743102555,0.8847968578338623,116.79100036621094,0.0
23.070000886917114,10.700000000000001,1.4000000000000004,-25.48180707911721,-14.486232791552935,0.8735918739346767,0.00509977743102555,0.8847968578338623,116.79100036621094,0.0
23.080000400543213,10.5,0.9000000000000001,-12.217304763960307,-26.17993877991494,0.9388690250518038,0.007649666146538325,0.8824818134307861,85.5643310546875,0.0
23.09000062942505,10.600000000000001,0.2,1.2217304763960306,-37.52457891787809,0.9388690250518038,0.007649666146538325,0.8824818134307861,85.5643310546875,0.0
23.100000381469727,10.600000000000001,-0.30000000000000004,1.0471975511965976,-30.7177948351002,0.9388690250518038,0.007649666146538325,0.8824818134307861,85.5643310546875,0.0
23.110000371932983,10.700000000000001,-0.8,2.792526803190927,-28.274333882308138,0.9388690250518038,0.007649666146538325,0.8824818134307861,85.5643310546875,0.0
23.12000036239624,10.8,-1.4000000000000004,8.901179185171081,-32.637657012293964,0.954678335087983,0.0061197329172306605,0.8842991590499878,112.97766876220703,0.0
23.130000352859497,11.200000000000003,-2.0,17.453292519943297,-30.892327760299633,0.9296894256759578,0.0015299332293076651,0.885489284992218,0.0,0.0
23.140000581741333,11.700000000000001,-2.3000000000000007,24.434609527920614,-23.736477827122883,0.9296894256759578,0.0015299332293076651,0.885489284992218,0.0,0.0
23.15000081062317,12.300000000000002,-2.9000000000000004,33.85938748868999,-28.797932657906436,0.9296894256759578,0.0015299332293076651,0.885489284992218,0.0,0.0
23.160000562667847,13.100000000000001,-3.5,42.236967898262776,-32.46312408709453,0.848092986779549,0.08567626084122924,0.8404130935668945,6.549095153808594,0.0
23.17000102996826,13.900000000000002,-3.9000000000000004,45.72762640225143,-21.642082724729686,0.848092986779549,0.08567626084122924,0.8404130935668945,6.549095153808594,0.0
23.18000054359436,14.800000000000002,-4.2,47.82202150464463,-20.07128639793479,0.848092986779549,0.08567626084122924,0.8404130935668945,6.549095153808594,0.0
23.190000534057617,15.700000000000001,-4.7,50.09094953223726,-26.354471705114378,0.7364078610400895,0.5956540039437843,0.4962022006511688,0.05552054941654205,0.0
23.200000524520874,16.699999999999996,-5.2,50.440015382636126,-29.146998508305302,0.7364078610400895,0.5956540039437843,0.4962022006511688,0.05552054941654205,0.0
23.21000027656555,17.6,-5.7,53.23254218582705,-23.212879051524585,0.7364078610400895,0.5956540039437843,0.4962022006511688,0.05552054941654205,0.0
23.220000505447388,18.5,-5.9,45.72762640225143,-14.311699866353502,0.5262970308818368,0.9679377564086494,0.07659690082073212,0.46118125319480896,0.0
23.230000495910645,19.0,-5.800000000000001,29.49606435870417,0.3490658503988659,0.5262970308818368,0.9679377564086494,0.07659690082073212,0.46118125319480896,0.0
23.2400004863739,19.200000000000003,-5.800000000000001,13.08996938995747,0.5235987755982988,0.41665181611478747,1.3912192831837702,0.4710979163646698,0.6585014462471008,0.0
23.250000476837158,19.200000000000003,-5.800000000000001,1.5707963267948966,0.8726646259971648,0.41665181611478747,1.3912192831837702,0.4710979163646698,0.6585014462471008,0.0
23.260000944137573,19.1,-5.7,-0.8726646259971648,7.853981633974483,0.41665181611478747,1.3912192831837702,0.4710979163646698,0.6585014462471008,0.0
23.27000069618225,19.200000000000003,-5.300000000000001,1.5707963267948966,15.882496193148398,0.24427933894612386,1.5034143866663323,1.6746742725372314,0.7636268734931946,0.0
23.280000925064087,19.1,-5.0,-1.0471975511965976,18.84955592153876,0.24427933894612386,1.5034143866663323,1.6746742725372314,0.7636268734931946,0.0
23.290000915527344,19.1,-4.7,-2.6179938779914944,17.802358370342162,0.24427933894612386,1.5034143866663323,1.6746742725372314,0.7636268734931946,0.0
23.30000066757202,19.1,-4.4,-2.6179938779914944,17.976891295541595,0.10556539282222889,1.4534365678422818,5.116796970367432,0.8303333520889282,0.0
23.3100004196167,18.900000000000002,-3.9000000000000004,-7.853981633974483,26.00540585471551,0.10556539282222889,1.4534365678422818,5.116796970367432,0.8303333520889282,0.0
23.320000648498535,18.6,-3.3000000000000007,-13.61356816555577,31.93952531149623,0.10556539282222889,1.4534365678422818,5.116796970367432,0.8303333520889282,0.0
23.330000638961792,17.900000000000006,-2.8000000000000007,-20.59488517353309,26.52900463031381,0.10556539282222889,1.4534365678422818,5.116796970367432,0.8303333520889282,0.0
23.34000062942505,17.900000000000006,-2.5,-20.59488517353309,17.10422666954443,0.03722837524648652,1.3667403515148475,15.582232475280762,0.864522397518158,0.0
23.350000619888306,17.6,-2.2,-17.453292519943297,13.788101090755204,0.0030598664586153302,1.2642348251512339,193.2443389892578,0.886741042137146,0.0
23.360000371932983,17.400000000000002,-2.0,-13.962634015954636,15.707963267948966,0.0030598664586153302,1.2642348251512339,193.2443389892578,0.886741042137146,0.0
23.3700008392334,17.2,-1.6,-9.075712110370514,20.245819323134224,0.0030598664586153302,1.2642348251512339,193.2443389892578,0.886741042137146,0.0
23.380000591278076,17.2,-1.2000000000000002,-1.5707963267948966,17.976891295541595,0.0030598664586153302,1.034744840755084,163.5556640625,0.8886057138442993,0.0
23.390000820159912,17.2,-1.0,0.0,15.882496193148398,0.0030598664586153302,1.034744840755084,163.5556640625,0.8886057138442993,0.0
23.40000057220459,17.2,-0.7000000000000002,0.0,15.009831567151235,0.0030598664586153302,1.034744840755084,163.5556640625,0.8886057138442993,0.0
23.410000801086426,17.2,-0.30000000000000004,0.0,22.340214425527417,0.0015299332293076651,0.8531927642105746,0.0,0.8928254842758179,0.0
23.420000553131104,17.2,0.30000000000000004,0.0,35.25565089028546,0.0015299332293076651,0.8531927642105746,0.0,0.8928254842758179,0.0
23.43000054359436,17.2,1.1,0.0,41.36430327226561,0.0015299332293076651,0.8531927642105746,0.0,0.8928254842758179,0.0
23.440000534057617,17.2,1.9000000000000004,0.0,43.982297150257104,0.0010199554862051102,0.7879156130934475,0.0,0.8946958184242249,0.0
23.450000762939453,17.2,2.8000000000000007,-0.17453292519943295,50.09094953223726,0.0010199554862051102,0.7879156130934475,0.0,0.8946958184242249,0.0
23.46000027656555,17.2,3.7000000000000006,-0.17453292519943295,48.86921905584123,0.007139688403435771,0.8047448786158319,58.65385818481445,0.878860592842102,0.0
23.470000505447388,17.1,4.7,-2.9670597283903604,53.93067388662478,0.007139688403435771,0.8047448786158319,58.65385818481445,0.878860592842102,0.0
23.480000495910645,16.900000000000002,5.600000000000001,-9.773843811168245,50.78908123303499,0.007139688403435771,0.8047448786158319,58.65385818481445,0.878860592842102,0.0
23.49000072479248,16.6,7.400000000000001,-18.675022996339326,47.82202150464463,0.007139688403435771,0.8047448786158319,58.65385818481445,0.878860592842102,0.0
23.500000476837158,16.1,7.400000000000001,-25.307274153917778,47.82202150464463,0.007649666146538325,0.8817515178243177,63.32433319091797,0.8829849362373352,0.0
23.510000705718994,15.5,8.3,-31.2413936106985,47.82202150464463,0.007649666146538325,0.8817515178243177,63.32433319091797,0.8829849362373352,0.0
23.52000093460083,14.900000000000002,9.0,-35.08111796508602,38.746309394274114,0.008669621632743436,0.9888468438758542,64.99335479736328,0.8807483315467834,0.0
23.530000686645508,14.200000000000001,9.700000000000001,-38.22271061867582,39.79350694547071,0.008669621632743436,0.9888468438758542,64.99335479736328,0.8807483315467834,0.0
23.540000915527344,13.5,10.4,-37.35004599267865,38.22271061867582,0.008669621632743436,0.9888468438758542,64.99335479736328,0.8807483315467834,0.0
23.55000066757202,12.8,10.999999999999998,-39.269908169872416,31.41592653589793,0.008669621632743436,0.9888468438758542,64.99335479736328,0.8807483315467834,0.0
23.5600004196167,12.0,11.600000000000001,-40.31710572106901,32.98672286269283,0.004589799687922995,1.1188911683670058,147.11099243164062,0.8824366331100464,0.0
23.570000648498535,11.3,12.100000000000001,-41.36430327226561,31.066860685499066,0.004589799687922995,1.1703989204203638,157.2443389892578,0.8872570991516113,0.0
23.58000087738037,9.700000000000001,12.5,-42.236967898262776,20.245819323134224,0.004589799687922995,1.1703989204203638,157.2443389892578,0.8872570991516113,0.0
23.59000062942505,9.700000000000001,12.700000000000001,-42.236967898262776,12.740903539558605,0.004589799687922995,1.1703989204203638,157.2443389892578,0.8872570991516113,0.0
23.600000381469727,9.0,12.9,-42.06243497306334,12.042771838760874,0.004589799687922995,1.1703989204203638,157.2443389892578,0.8872570991516113,0.0
23.610000610351562,8.2,13.200000000000003,-42.411500823462205,16.406094968746697,0.004589799687922995,1.1703989204203638,157.2443389892578,0.8872570991516113,0.0
23.62000060081482,7.499999999999999,13.600000000000001,-41.01523742186674,22.165681500327985,0.0061197329172306605,1.1148113464221854,117.0443344116211,0.8831445574760437,0.0
23.630000829696655,6.800000000000001,14.0,-38.746309394274114,18.84955592153876,0.0061197329172306605,1.1148113464221854,117.0443344116211,0.8831445574760437,0.0
23.640000581741333,6.1000000000000005,14.100000000000003,-33.335788713091695,6.632251157578453,0.0061197329172306605,1.1148113464221854,117.0443344116211,0.8831445574760437,0.0
23.65000057220459,5.600000000000001,14.100000000000003,-27.75073510670984,0.17453292519943295,0.006629710660333216,1.0362747739843918,101.88023376464844,0.8827008008956909,0.0
23.660000562667847,5.2,14.100000000000003,-22.863813201125716,-0.0,0.006629710660333216,1.0362747739843918,101.88023376464844,0.8827008008956909,0.0
23.670000553131104,4.9,14.100000000000003,-17.802358370342162,0.3490658503988659,0.006629710660333216,1.0362747739843918,101.88023376464844,0.8827008008956909,0.0
23.68000054359436,4.7,14.100000000000003,-13.08996938995747,-0.17453292519943295,0.005609755174128105,0.9832370887017261,116.4928207397461,0.8848506212234497,0.0
23.690000534057617,4.600000000000001,14.100000000000003,-1.5707963267948966,-0.0,0.005609755174128105,0.9832370887017261,116.4928207397461,0.8848506212234497,0.0
23.700000524520874,4.600000000000001,14.100000000000003,-1.5707963267948966,-0.17453292519943295,0.005609755174128105,0.9832370887017261,116.4928207397461,0.8848506212234497,0.0
23.71000027656555,4.600000000000001,14.100000000000003,0.17453292519943295,0.5235987755982988,0.004079821944820441,0.9541683573448805,156.71099853515625,0.8860069513320923,0.0
23.720000505447388,4.600000000000001,14.100000000000003,0.17453292519943295,-0.17453292519943295,0.004079821944820441,0.9541683573448805,156.71099853515625,0.8860069513320923,0.0
23.730000734329224,4.600000000000001,14.100000000000003,0.0,-0.0,0.004079821944820441,0.9541683573448805,156.71099853515625,0.8860069513320923,0.0
23.7400004863739,4.600000000000001,14.100000000000003,0.17453292519943295,-0.0,0.013259421320666431,0.9230597150156246,46.434078216552734,0.8788342475891113,0.0
23.750000476837158,4.7,14.100000000000003,4.886921905584122,1.2217304763960306,0.013259421320666431,0.9230597150156246,46.434078216552734,0.8788342475891113,0.0
23.760000944137573,4.7,14.100000000000003,4.886921905584122,-0.0,0.013259421320666431,0.9230597150156246,46.434078216552734,0.8788342475891113,0.0
23.77000093460083,4.9,14.100000000000003,9.599310885968812,2.6179938779914944,0.013259421320666431,0.9230597150156246,46.434078216552734,0.8788342475891113,0.0
23.780000925064087,5.2,14.300000000000002,16.929693744344995,9.948376736367678,0.03569844201717885,0.8588025193847026,15.556714057922363,0.8633468151092529,0.0
23.790000438690186,5.7,14.700000000000001,24.434609527920614,19.896753472735355,0.03569844201717885,0.8588025193847026,15.556714057922363,0.8633468151092529,0.0
23.80000066757202,6.300000000000001,15.200000000000003,32.98672286269283,27.22713633111154,0.2845675806512257,0.7726162808003709,0.9948709607124329,0.6841155290603638,0.0
23.8100004196167,7.699999999999999,15.8,38.571776469074685,26.703537555513243,0.2845675806512257,0.7726162808003709,0.9948709607124329,0.6841155290603638,0.0
23.820000410079956,7.699999999999999,15.899999999999999,38.571776469074685,9.599310885968812,0.2845675806512257,0.7726162808003709,0.9948709607124329,0.6841155290603638,0.0
23.830000638961792,8.4,15.8,39.09537524467298,-4.014257279586958,0.2845675806512257,0.7726162808003709,0.9948709607124329,0.6841155290603638,0.0
23.84000062942505,9.100000000000001,15.700000000000001,39.96803987067015,-1.7453292519943295,0.8470730312933439,0.435520992609582,0.529698371887207,0.20046135783195496,0.0
23.850000619888306,10.700000000000001,15.700000000000001,44.33136300065597,-1.2217304763960306,0.8470730312933439,0.435520992609582,0.529698371887207,0.20046135783195496,0.0
23.860000610351562,10.700000000000001,15.5,44.33136300065597,-8.901179185171081,0.8470730312933439,0.435520992609582,0.529698371887207,0.20046135783195496,0.0
23.8700008392334,11.900000000000002,15.300000000000002,29.670597283903604,-14.660765716752369,1.099002036386006,0.15605318938938184,0.7906241416931152,3.061326742172241,0.0
23.880000591278076,11.900000000000002,14.900000000000002,29.670597283903604,-19.198621771937624,1.1652991429893382,0.10250552636361356,0.8263304233551025,5.288114547729492,0.0
23.890000820159912,12.5,14.400000000000002,12.217304763960307,-27.576202181510407,1.1652991429893382,0.10250552636361356,0.8263304233551025,5.288114547729492,0.0
23.90000033378601,12.600000000000001,13.600000000000001,7.3303828583761845,-39.61897402027128,1.1652991429893382,0.10250552636361356,0.8263304233551025,5.288114547729492,0.0
23.910000801086426,12.600000000000001,12.9,7.3303828583761845,-40.66617157146788,1.3596006631114117,0.008669621632743436,0.886899471282959,84.89923858642578,0.0
23.920000553131104,12.700000000000001,12.100000000000001,4.363323129985824,-40.840704496667314,1.3596006631114117,0.008669621632743436,0.886899471282959,84.89923858642578,0.0
23.93000054359436,13.000000000000002,11.3,13.61356816555577,-43.63323129985824,1.3596006631114117,0.008669621632743436,0.886899471282959,84.89923858642578,0.0
23.940000295639038,13.000000000000002,10.600000000000001,13.61356816555577,-37.17551306747922,1.3596006631114117,0.008669621632743436,0.886899471282959,84.89923858642578,0.0
23.950000286102295,14.100000000000003,9.900000000000002,29.670597283903604,-41.01523742186674,1.4044787045044365,0.002549888715512775,0.8895809650421143,305.83099365234375,0.0
23.96000027656555,14.100000000000003,9.200000000000003,29.670597283903604,-35.25565089028546,1.4044787045044365,0.002549888715512775,0.8895809650421143,305.83099365234375,0.0
23.97000026702881,15.200000000000003,8.8,31.2413936106985,-28.44886680750757,1.4044787045044365,0.002549888715512775,0.8895809650421143,305.83099365234375,0.0
23.980000495910645,15.700000000000001,8.2,25.830872929516076,-29.845130209103036,1.4044787045044365,0.002549888715512775,0.8895809650421143,305.83099365234375,0.0
23.990000247955322,15.700000000000001,7.600000000000001,25.830872929516076,-32.46312408709453,1.4044787045044365,0.002549888715512775,0.8895809650421143,305.83099365234375,0.0
24.000000476837158,16.0,7.1000000000000005,18.151424220741028,-28.44886680750757,1.1505097884393642,0.006629710660333216,0.885808527469635,96.64945983886719,0.0
24.010000705718994,16.1,6.500000000000001,8.901179185171081,-33.85938748868999,1.1505097884393642,0.006629710660333216,0.885808527469635,96.64945983886719,0.0
24.02000093460083,16.1,5.7,0.5235987755982988,-39.96803987067015,0.9847670219310338,0.004079821944820441,0.8852713704109192,137.61099243164062,0.0
24.030000686645508,16.1,4.5,-0.6981317007977318,-35.77924966588375,0.9847670219310338,0.004079821944820441,0.8852713704109192,137.61099243164062,0.0
24.040000915527344,16.1,4.5,-0.6981317007977318,-35.77924966588375,0.9847670219310338,0.004079821944820441,0.8852713704109192,137.61099243164062,0.0
24.05000066757202,16.1,3.8000000000000007,-0.3490658503988659,-35.77924966588375,0.8552326751829848,0.007649666146538325,0.8789821267127991,64.81766510009766,0.0
24.0600004196167,16.0,3.3000000000000007,-3.839724354387525,-26.00540585471551,0.8552326751829848,0.007649666146538325,0.8789821267127991,64.81766510009766,0.0
24.070000648498535,15.600000000000001,3.0,-12.566370614359172,-20.59488517353309,0.8552326751829848,0.007649666146538325,0.8789821267127991,64.81766510009766,0.0
24.080000400543213,15.600000000000001,2.6,-12.566370614359172,-22.165681500327985,0.8098446560468574,0.006629710660333216,0.8819471001625061,73.20330810546875,0.0
24.09000062942505,14.700000000000001,2.2,-27.75073510670984,-19.54768762233649,0.8098446560468574,0.006629710660333216,0.8819471001625061,73.20330810546875,0.0
24.100000619888306,14.700000000000001,2.1,-27.75073510670984,-7.504915783575617,0.8098446560468574,0.006629710660333216,0.8819471001625061,73.20330810546875,0.0
24.110000610351562,13.600000000000001,2.2,-31.2413936106985,1.0471975511965976,0.8098446560468574,0.006629710660333216,0.8819471001625061,73.20330810546875,0.0
24.1200008392334,13.600000000000001,2.1,-31.2413936106985,-1.5707963267948966,0.8404433206330107,0.005609755174128105,0.8846310377120972,92.92918395996094,0.0
24.130000829696655,13.100000000000001,2.1,-28.44886680750757,-0.17453292519943295,0.8404433206330107,0.005609755174128105,0.8846310377120972,92.92918395996094,0.0
24.140000343322754,12.700000000000001,2.1,-23.56194490192345,-0.0,0.8404433206330107,0.005609755174128105,0.8846310377120972,92.92918395996094,0.0
24.15000081062317,12.4,2.1,-12.39183768915974,-0.3490658503988659,0.8781816736225998,0.0061197329172306605,0.8838896751403809,91.57766723632812,0.0
24.160000562667847,12.5,2.1,0.6981317007977318,-0.17453292519943295,0.8781816736225998,0.0061197329172306605,0.8838896751403809,91.57766723632812,0.0
24.170000553131104,12.600000000000001,2.1,5.410520681182422,-1.2217304763960306,0.8781816736225998,0.0061197329172306605,0.8838896751403809,91.57766723632812,0.0
24.18000030517578,12.8,2.0,8.726646259971648,-2.792526803190927,0.8837914287967279,0.0061197329172306605,0.8839221000671387,94.97766876220703,0.0
24.190000534057617,13.200000000000003,1.8000000000000003,10.471975511965978,-12.39183768915974,0.8837914287967279,0.0061197329172306605,0.8839221000671387,94.97766876220703,0.0
24.200000524520874,13.200000000000003,1.4000000000000004,10.471975511965978,-17.802358370342162,0.8837914287967279,0.0061197329172306605,0.8839221000671387,94.97766876220703,0.0
24.21000051498413,13.399999999999999,1.0,9.599310885968812,-26.703537555513243,0.8837914287967279,0.0061197329172306605,0.8839221000671387,94.97766876220703,0.0
24.22000026702881,13.600000000000001,0.30000000000000004,11.170107212763709,-35.08111796508602,0.8822614955674202,0.03722837524648652,0.8691155910491943,15.209630012512207,0.0
24.230000257492065,13.8,-0.2,13.08996938995747,-30.892327760299633,0.8822614955674202,0.03722837524648652,0.8691155910491943,15.209630012512207,0.0
24.240000247955322,14.100000000000003,-0.7000000000000002,15.882496193148398,-27.576202181510407,0.7165187290590899,0.4156318606285824,0.6333416104316711,0.3085460066795349,0.0
24.250000476837158,15.200000000000003,-1.3,35.604716740684324,-31.590459461097364,0.7165187290590899,0.4156318606285824,0.6333416104316711,0.3085460066795349,0.0
24.260000705718994,15.200000000000003,-1.7000000000000002,35.604716740684324,-25.48180707911721,0.7165187290590899,0.4156318606285824,0.6333416104316711,0.3085460066795349,0.0
24.27000069618225,17.0,-2.0,50.09094953223726,-16.929693744344995,0.49722829952499115,1.0413745514154173,0.01848718151450157,0.5469823479652405,0.0
24.280000925064087,17.0,-2.1,50.09094953223726,-7.504915783575617,0.49722829952499115,1.0413745514154173,0.01848718151450157,0.5469823479652405,0.0
24.290000677108765,18.1,-2.1,57.42133239061344,-1.0471975511965976,0.49722829952499115,1.0413745514154173,0.01848718151450157,0.5469823479652405,0.0
24.30000066757202,19.200000000000003,-2.0,58.293997016610604,4.1887902047863905,0.30445671263222535,1.3692902402303602,0.9937470555305481,0.7257225513458252,0.0
24.31000065803528,20.3,-2.0,22.165681500327985,1.9198621771937625,0.30445671263222535,1.3692902402303602,0.9937470555305481,0.7257225513458252,0.0
24.320000648498535,20.3,-2.0,22.165681500327985,1.3962634015954636,0.19634143109448368,1.3657203960286424,1.8185324668884277,0.7925100922584534,0.0
24.330000638961792,19.800000000000004,-1.9000000000000004,-19.02408884673819,4.886921905584122,0.19634143109448368,1.3657203960286424,1.8185324668884277,0.7925100922584534,0.0
24.34000039100647,19.800000000000004,-1.8000000000000003,-19.02408884673819,2.9670597283903604,0.19634143109448368,1.3657203960286424,1.8185324668884277,0.7925100922584534,0.0
24.350000619888306,19.200000000000003,-1.8000000000000003,-31.93952531149623,0.5235987755982988,0.19634143109448368,1.3657203960286424,1.8185324668884277,0.7925100922584534,0.0
24.360000371932983,18.3,-1.8000000000000003,-44.33136300065597,0.3490658503988659,0.19634143109448368,1.3657203960286424,1.8185324668884277,0.7925100922584534,0.0
24.3700008392334,16.699999999999996,-1.8000000000000003,-41.18977034706618,-0.0,0.19634143109448368,1.3657203960286424,1.8185324668884277,0.7925100922584534,0.0
24.380000352859497,16.699999999999996,-1.8000000000000003,-41.18977034706618,-0.0,0.04793790785164017,1.4937248095473836,11.698233604431152,0.8652375936508179,0.0
24.390000820159912,15.899999999999999,-1.8000000000000003,-17.453292519943297,-0.0,0.04793790785164017,1.4937248095473836,11.698233604431152,0.8652375936508179,0.0
24.40000081062317,15.899999999999999,-1.8000000000000003,-17.453292519943297,-0.0,0.0020399109724102203,1.4478268126681537,295.1109924316406,0.8878728151321411,0.0
24.410000801086426,16.0,-1.8000000000000003,2.0943951023931953,-0.0,0.0020399109724102203,1.4478268126681537,295.1109924316406,0.8878728151321411,0.0
24.420000553131104,16.0,-1.8000000000000003,2.0943951023931953,-0.0,0.0020399109724102203,1.4478268126681537,295.1109924316406,0.8878728151321411,0.0
24.43000030517578,16.0,-1.7000000000000002,1.3962634015954636,3.839724354387525,0.0005099777431025551,1.1867182081996455,0.0,0.8903751373291016,0.0
24.440000772476196,16.0,-1.6,0.0,7.67944870877505,0.0005099777431025551,1.1867182081996455,0.0,0.8903751373291016,0.0
24.450000524520874,16.0,-1.3,-0.17453292519943295,12.39183768915974,0.0005099777431025551,1.1867182081996455,0.0,0.8903751373291016,0.0
24.46000051498413,16.0,-1.1,-0.17453292519943295,12.740903539558605,0.0005099777431025551,0.9720175783534699,0.0,0.8910986185073853,0.0
24.470000505447388,16.0,-0.8,-0.17453292519943295,18.500490071139893,0.0005099777431025551,0.9720175783534699,0.0,0.8910986185073853,0.0
24.480000257492065,16.0,-0.2,-0.5235987755982988,28.623399732707004,0.0005099777431025551,0.9720175783534699,0.0,0.8910986185073853,0.0
24.4900004863739,16.0,0.6000000000000001,-0.17453292519943295,45.90215932745087,0.0005099777431025551,0.9720175783534699,0.0,0.8910986185073853,0.0
24.500000476837158,16.0,1.5,-0.17453292519943295,49.21828490624009,0.0,0.8741018516777793,0.0,0.8955343961715698,0.0
24.510000705718994,16.0,2.6,-0.17453292519943295,57.59586531581287,0.0,0.8741018516777793,0.0,0.8955343961715698,0.0
24.52000069618225,15.899999999999999,3.6000000000000005,-1.2217304763960306,56.19960191421741,0.0,0.8741018516777793,0.0,0.8955343961715698,0.0
24.530000686645508,15.899999999999999,4.600000000000001,-1.2217304763960306,58.119464091411174,0.0035698442017178854,0.8542127196967797,112.25386047363281,0.8875671625137329,0.0
24.540000915527344,15.899999999999999,5.600000000000001,-0.5235987755982988,51.312680008633286,0.0035698442017178854,0.8542127196967797,112.25386047363281,0.8875671625137329,0.0
24.55000066757202,15.899999999999999,6.600000000000001,-2.443460952792061,53.05800926062762,0.002549888715512775,0.8945009614018815,171.59100341796875,0.8894560933113098,0.0
24.5600004196167,15.700000000000001,7.400000000000001,-8.552113334772216,48.1710873550435,0.002549888715512775,0.8945009614018815,171.59100341796875,0.8894560933113098,0.0
24.570000648498535,15.399999999999999,8.3,-15.3588974175501,49.21828490624009,0.002549888715512775,0.8945009614018815,171.59100341796875,0.8894560933113098,0.0
24.580000400543213,14.5,9.0,-26.354471705114378,39.96803987067015,0.002549888715512775,0.8945009614018815,171.59100341796875,0.8894560933113098,0.0
24.59000062942505,14.0,10.5,-29.321531433504738,39.444441095071845,0.0035698442017178854,0.9888468438758542,143.56814575195312,0.8885874152183533,0.0
24.600000619888306,14.0,10.5,-29.321531433504738,39.444441095071845,0.0035698442017178854,0.9888468438758542,143.56814575195312,0.8885874152183533,0.0
24.610000610351562,13.399999999999999,11.100000000000001,-31.93952531149623,34.55751918948773,0.0035698442017178854,0.9888468438758542,143.56814575195312,0.8885874152183533,0.0
24.62000060081482,12.8,11.8,-33.510321638291124,36.82644721708035,0.0035698442017178854,1.0510641285343658,158.88243103027344,0.8866710066795349,0.0
24.63024878501892,12.100000000000001,12.4,-36.65191429188092,31.590459461097364,0.0035698442017178854,1.0510641285343658,158.88243103027344,0.8866710066795349,0.0
24.640000343322754,10.700000000000001,12.700000000000001,-38.04817769347638,21.81661564992912,0.0035698442017178854,1.0510641285343658,158.88243103027344,0.8866710066795349,0.0
24.65000057220459,10.700000000000001,13.100000000000001,-38.04817769347638,18.84955592153876,0.009689577118948545,1.0923723257256728,62.18468475341797,0.8837712407112122,0.0
24.660000562667847,10.0,13.399999999999999,-39.61897402027128,20.769418098732523,0.009689577118948545,1.0923723257256728,62.18468475341797,0.8837712407112122,0.0
24.670000791549683,9.3,13.8,-41.88790204786391,19.54768762233649,0.009689577118948545,1.0923723257256728,62.18468475341797,0.8837712407112122,0.0
24.68000054359436,8.5,13.900000000000002,-43.63323129985824,8.552113334772216,0.010709532605153655,1.0903324147532627,57.77766799926758,0.8848839998245239,0.0
24.690000534057617,7.699999999999999,13.900000000000002,-42.58603374866164,-1.2217304763960306,0.010709532605153655,1.0903324147532627,57.77766799926758,0.8848839998245239,0.0
24.700000286102295,7.0,13.900000000000002,-39.96803987067015,1.0471975511965976,0.010709532605153655,1.0903324147532627,57.77766799926758,0.8848839998245239,0.0
24.71000075340271,5.600000000000001,13.900000000000002,-36.477381366681485,0.17453292519943295,0.010709532605153655,1.0903324147532627,57.77766799926758,0.8848839998245239,0.0
24.720000505447388,5.600000000000001,13.900000000000002,-36.477381366681485,-0.3490658503988659,0.008159643889640881,1.055653928222289,75.91100311279297,0.885135293006897,0.0
24.730000495910645,5.0,13.900000000000002,-31.2413936106985,0.3490658503988659,0.008159643889640881,1.055653928222289,75.91100311279297,0.885135293006897,0.0
24.740000247955322,4.600000000000001,13.900000000000002,-23.911010752322316,-0.0,0.007139688403435771,1.0214854194344178,85.73957061767578,0.8838077783584595,0.0
24.750000476837158,4.3,13.900000000000002,-7.504915783575617,0.5235987755982988,0.007139688403435771,1.0214854194344178,85.73957061767578,0.8838077783584595,0.0
24.760000705718994,4.3,13.900000000000002,-7.504915783575617,-0.0,0.007139688403435771,1.0214854194344178,85.73957061767578,0.8838077783584595,0.0
24.77000069618225,4.3,13.900000000000002,0.3490658503988659,0.17453292519943295,0.009689577118948545,0.968447734151752,61.04784393310547,0.884365975856781,0.0
24.780000686645508,4.3,13.900000000000002,0.0,-0.0,0.009689577118948545,0.968447734151752,61.04784393310547,0.884365975856781,0.0
24.790000438690186,4.4,13.900000000000002,3.839724354387525,1.2217304763960306,0.009689577118948545,0.968447734151752,61.04784393310547,0.884365975856781,0.0
24.80000066757202,4.7,13.900000000000002,14.835298641951802,-0.0,0.028048775870640526,0.8455430980640363,18.165544509887695,0.86873459815979,0.0
24.81000065803528,5.2,13.900000000000002,26.52900463031381,0.17453292519943295,0.028048775870640526,0.8455430980640363,18.165544509887695,0.86873459815979,0.0
24.820000410079956,5.9,13.900000000000002,39.96803987067015,-0.3490658503988659,0.028048775870640526,0.8455430980640363,18.165544509887695,0.86873459815979,0.0
24.830000638961792,7.0,13.900000000000002,54.97787143782138,-0.17453292519943295,0.028048775870640526,0.8455430980640363,18.165544509887695,0.86873459815979,0.0
24.84000062942505,8.2,13.900000000000002,65.79891280018623,-1.7453292519943295,0.5477160960921441,0.5645453616145284,0.22084356844425201,0.3946910500526428,0.0
24.850000381469727,9.5,13.900000000000002,71.03490055616922,-0.3490658503988659,0.8134145002485753,0.47172941236986343,0.5113197565078735,0.01737838052213192,0.0
24.860000371932983,12.100000000000001,13.900000000000002,71.20943348136865,-0.8726646259971648,0.8134145002485753,0.47172941236986343,0.5113197565078735,0.01737838052213192,0.0
24.8700008392334,12.100000000000001,13.900000000000002,71.20943348136865,0.17453292519943295,0.8134145002485753,0.47172941236986343,0.5113197565078735,0.01737838052213192,0.0
24.880000591278076,13.399999999999999,13.900000000000002,69.11503837897546,-0.17453292519943295,1.269844580325362,0.21572058533238078,0.7755863666534424,2.131330966949463,0.0
24.890000820159912,14.5,13.900000000000002,59.69026041820607,-0.17453292519943295,1.269844580325362,0.21572058533238078,0.7755863666534424,2.131330966949463,0.0
24.90000057220459,15.300000000000002,13.900000000000002,47.1238898038469,-0.17453292519943295,1.269844580325362,0.21572058533238078,0.7755863666534424,2.131330966949463,0.0
24.910000801086426,16.0,13.900000000000002,13.08996938995747,-0.5235987755982988,1.3723501066889756,0.04997781882405039,0.8661088943481445,13.592632293701172,0.0
24.920000553131104,16.0,13.900000000000002,13.08996938995747,-0.5235987755982988,1.3723501066889756,0.04997781882405039,0.8661088943481445,13.592632293701172,0.0
24.93000078201294,15.899999999999999,13.900000000000002,-4.1887902047863905,-0.17453292519943295,1.3723501066889756,0.04997781882405039,0.8661088943481445,13.592632293701172,0.0
24.940000534057617,15.600000000000001,13.8,-13.08996938995747,-0.8726646259971648,1.3601106408545143,0.0010199554862051102,0.8898999094963074,0.0,0.0
24.950000286102295,15.200000000000003,13.700000000000003,-19.373154697137057,-6.981317007977318,1.3601106408545143,0.0010199554862051102,0.8898999094963074,0.0,0.0
24.96000075340271,14.800000000000002,13.5,-21.29301687433082,-11.693705988362009,1.293813534251182,0.004589799687922995,0.8845853209495544,151.2887725830078,0.0
24.970000505447388,14.5,13.100000000000001,-18.500490071139893,-17.62782544514273,1.293813534251182,0.004589799687922995,0.8845853209495544,151.2887725830078,0.0
24.980000495910645,14.300000000000002,12.700000000000001,-9.42477796076938,-25.48180707911721,1.293813534251182,0.004589799687922995,0.8845853209495544,151.2887725830078,0.0
24.9900004863739,14.300000000000002,11.8,-0.6981317007977318,-44.505895925855405,1.1408202113204156,0.002549888715512775,0.8868542909622192,243.91099548339844,0.0
25.00000023841858,14.300000000000002,10.8,0.17453292519943295,-50.614548307835555,1.1408202113204156,0.002549888715512775,0.8868542909622192,243.91099548339844,0.0
25.010000705718994,14.300000000000002,9.8,0.0,-54.45427266222308,1.1408202113204156,0.002549888715512775,0.8868542909622192,243.91099548339844,0.0
25.02000069618225,14.300000000000002,9.0,0.0,-46.25122517784973,0.9939466213068797,0.0015299332293076651,0.8894104361534119,0.0,0.0
25.030000686645508,14.300000000000002,8.3,0.0,-41.538836197465045,0.9939466213068797,0.0015299332293076651,0.8894104361534119,0.0,0.0
25.040000677108765,14.300000000000002,7.600000000000001,0.0,-35.604716740684324,0.9939466213068797,0.0015299332293076651,0.8894104361534119,0.0,0.0
25.05000066757202,14.300000000000002,7.1000000000000005,0.0,-27.401669256310974,0.8822614955674202,0.005609755174128105,0.8834508657455444,87.98372650146484,0.0
25.06000065803528,14.300000000000002,6.800000000000001,-0.3490658503988659,-23.212879051524585,0.8822614955674202,0.005609755174128105,0.8834508657455444,87.98372650146484,0.0
25.070000648498535,14.300000000000002,6.300000000000001,-0.6981317007977318,-24.78367537831948,0.8822614955674202,0.005609755174128105,0.8834508657455444,87.98372650146484,0.0
25.080000638961792,14.200000000000001,5.9,-7.155849933176751,-18.675022996339326,0.8327936544864724,0.005609755174128105,0.8855707049369812,85.36554718017578,0.0
25.09000039100647,13.5,5.800000000000001,-20.943951023931955,-9.948376736367678,0.8327936544864724,0.005609755174128105,0.8855707049369812,85.36554718017578,0.0
25.100000381469727,13.5,5.800000000000001,-20.943951023931955,-2.9670597283903604,0.8327936544864724,0.005609755174128105,0.8855707049369812,85.36554718017578,0.0
25.110000610351562,12.600000000000001,5.7,-25.656340004316643,-1.0471975511965976,0.8327936544864724,0.005609755174128105,0.8855707049369812,85.36554718017578,0.0
25.12000060081482,12.600000000000001,5.7,-25.656340004316643,-0.0,0.8317736990002672,0.007139688403435771,0.8782090544700623,69.79671478271484,0.0
25.130000829696655,11.700000000000001,5.7,-22.689280275926283,-1.0471975511965976,0.8317736990002672,0.007139688403435771,0.8782090544700623,69.79671478271484,0.0
25.140000581741333,11.700000000000001,5.7,-22.689280275926283,-1.2217304763960306,0.8317736990002672,0.007139688403435771,0.8782090544700623,69.79671478271484,0.0
25.15000057220459,11.3,5.600000000000001,-24.78367537831948,-6.283185307179586,0.8873612729984458,0.006629710660333216,0.882103443145752,81.88023376464844,0.0
25.160000562667847,10.700000000000001,5.300000000000001,-29.670597283903604,-11.868238913561441,0.8873612729984458,0.006629710660333216,0.882103443145752,81.88023376464844,0.0
25.170000553131104,10.200000000000001,5.0,-28.797932657906436,-20.07128639793479,0.8873612729984458,0.006629710660333216,0.882103443145752,81.88023376464844,0.0
25.18000078201294,9.8,4.4,-21.81661564992912,-31.93952531149623,0.9347892031069833,0.002549888715512775,0.8898729085922241,231.75100708007812,0.0
25.190000534057617,9.600000000000001,3.7000000000000006,-9.42477796076938,-34.55751918948773,0.9347892031069833,0.002549888715512775,0.8898729085922241,231.75100708007812,0.0
25.200000524520874,9.700000000000001,3.2,-0.6981317007977318,-26.00540585471551,0.9347892031069833,0.002549888715512775,0.8898729085922241,231.75100708007812,0.0
25.21000027656555,9.8,2.8000000000000007,5.061454830783556,-23.387411976724017,0.9347892031069833,0.002549888715512775,0.8898729085922241,231.75100708007812,0.0
25.22000026702881,10.0,2.3000000000000007,12.042771838760874,-25.48180707911721,0.9347892031069833,0.002549888715512775,0.8898729085922241,231.75100708007812,0.0
25.230000257492065,10.4,2.0,19.54768762233649,-17.278759594743864,0.9618180234914188,0.00917959937584599,0.8851823806762695,68.75544738769531,0.0
25.2400004863739,10.9,2.0,25.830872929516076,-5.759586531581287,0.9618180234914188,0.00917959937584599,0.8851823806762695,68.75544738769531,0.0
25.250000476837158,11.5,2.0,34.20845333908886,-1.9198621771937625,0.9618180234914188,0.00917959937584599,0.8851823806762695,68.75544738769531,0.0
25.260000944137573,12.300000000000002,2.0,42.411500823462205,-0.3490658503988659,0.9465186911983422,0.05252770753956317,0.8605517148971558,11.351777076721191,0.0
25.270000457763672,13.200000000000003,1.9000000000000004,49.04375198104066,-0.8726646259971648,0.9465186911983422,0.05252770753956317,0.8605517148971558,11.351777076721191,0.0
25.280000925064087,14.200000000000001,1.9000000000000004,51.13814708343386,-1.0471975511965976,0.9465186911983422,0.05252770753956317,0.8605517148971558,11.351777076721191,0.0
25.290000438690186,15.100000000000001,1.8000000000000003,49.39281783143953,-7.3303828583761845,0.8067847895882421,0.5589356064404003,0.5926662683486938,0.10297080129384995,0.0
25.30000066757202,16.0,1.5,50.440015382636126,-13.788101090755204,0.8067847895882421,0.5589356064404003,0.5926662683486938,0.10297080129384995,0.0
25.310059785842896,17.0,1.2000000000000002,54.80333851262195,-18.32595714594046,0.8067847895882421,0.5589356064404003,0.5926662683486938,0.10297080129384995,0.0
25.320000410079956,18.1,0.7000000000000002,54.10520681182422,-24.434609527920614,0.5895342710265536,0.9138801156397787,0.266162633895874,0.43766072392463684,0.0
25.330000638961792,18.900000000000002,0.7000000000000002,50.614548307835555,-24.434609527920614,0.5895342710265536,0.9138801156397787,0.266162633895874,0.43766072392463684,0.0
25.34000062942505,19.700000000000003,-0.0,43.45869837465881,-13.264502315156905,0.5895342710265536,0.9138801156397787,0.266162633895874,0.43766072392463684,0.0
25.350000381469727,20.5,-0.1,16.58062789394613,-5.759586531581287,0.4100221054544542,1.1474499219807488,0.2194577157497406,0.6358444690704346,0.0
25.360000610351562,20.5,-0.1,16.58062789394613,-5.759586531581287,0.4100221054544542,1.1474499219807488,0.2194577157497406,0.6358444690704346,0.0
25.370001077651978,20.400000000000002,-0.1,-0.3490658503988659,-0.6981317007977318,0.4100221054544542,1.1474499219807488,0.2194577157497406,0.6358444690704346,0.0
25.380000829696655,20.3,-0.2,-8.028514559173916,-2.2689280275926285,0.4100221054544542,1.1474499219807488,0.2194577157497406,0.6358444690704346,0.0
25.390000820159912,20.0,-0.30000000000000004,-11.519173063162574,-6.1086523819801535,0.2560088270374826,1.2377159825099011,0.9372948408126831,0.7413280010223389,0.0
25.40000033378601,19.700000000000003,-0.4,-16.05702911834783,-6.283185307179586,0.2560088270374826,1.2377159825099011,0.9372948408126831,0.7413280010223389,0.0
25.410000562667847,19.5,-0.6000000000000001,-15.882496193148398,-9.948376736367678,0.13412414643597198,1.3499110859924632,2.943699598312378,0.8152561187744141,0.0
25.420000553131104,19.200000000000003,-0.9000000000000001,-15.3588974175501,-15.3588974175501,0.13412414643597198,1.3499110859924632,2.943699598312378,0.8152561187744141,0.0
25.43000054359436,18.900000000000002,-1.2000000000000002,-14.835298641951802,-14.660765716752369,0.13412414643597198,1.3499110859924632,2.943699598312378,0.8152561187744141,0.0
25.440000295639038,18.700000000000003,-1.3,-13.264502315156905,-6.806784082777885,0.13412414643597198,1.3499110859924632,2.943699598312378,0.8152561187744141,0.0
25.450000524520874,18.6,-1.3,-1.9198621771937625,-1.0471975511965976,0.13412414643597198,1.3499110859924632,2.943699598312378,0.8152561187744141,0.0
25.46000051498413,18.700000000000003,-1.3,1.2217304763960306,-0.17453292519943295,0.13412414643597198,1.3499110859924632,2.943699598312378,0.8152561187744141,0.0
25.47000026702881,18.700000000000003,-1.3,0.0,-0.0,0.13412414643597198,1.3499110859924632,2.943699598312378,0.8152561187744141,0.0
25.480000495910645,18.700000000000003,-1.3,0.3490658503988659,-0.0,0.0010199554862051102,1.1846782972272354,0.0,0.8845230340957642,0.0
25.4900004863739,18.700000000000003,-1.3,1.0471975511965976,-0.0,0.0010199554862051102,1.1846782972272354,0.0,0.8845230340957642,0.0
25.500000476837158,18.700000000000003,-1.3,0.0,-0.0,0.0010199554862051102,1.1846782972272354,0.0,0.8845230340957642,0.0
25.510000705718994,18.8,-1.2000000000000002,2.2689280275926285,1.7453292519943295,0.004589799687922995,1.008735975856854,91.19989013671875,0.8885955214500427,0.0
25.52000093460083,18.900000000000002,-1.2000000000000002,5.934119456780721,0.3490658503988659,0.004589799687922995,1.008735975856854,91.19989013671875,0.8885955214500427,0.0
25.53000044822693,18.900000000000002,-1.2000000000000002,-0.3490658503988659,2.9670597283903604,0.004589799687922995,1.008735975856854,91.19989013671875,0.8885955214500427,0.0
25.540000915527344,18.900000000000002,-1.0,-0.3490658503988659,7.67944870877505,0.00509977743102555,0.9250996259880349,78.39099884033203,0.8872359395027161,0.0
25.55000066757202,18.900000000000002,-0.8,-0.8726646259971648,14.311699866353502,0.00509977743102555,0.9250996259880349,78.39099884033203,0.8872359395027161,0.0
25.56000065803528,18.900000000000002,-0.30000000000000004,-0.6981317007977318,24.08554367752175,0.00509977743102555,0.9250996259880349,78.39099884033203,0.8872359395027161,0.0
25.570000648498535,18.8,0.4,-0.6981317007977318,41.36430327226561,0.008669621632743436,0.9113302269242658,47.44041061401367,0.8831802010536194,0.0
25.580000400543213,18.8,1.3,-0.6981317007977318,46.25122517784973,0.008669621632743436,0.9113302269242658,47.44041061401367,0.8831802010536194,0.0
25.590059757232666,18.8,2.2,-0.6981317007977318,48.52015320544236,0.008669621632743436,0.9113302269242658,47.44041061401367,0.8831802010536194,0.0
25.600000381469727,18.8,3.0,-2.6179938779914944,47.647488579445195,0.005609755174128105,0.9352991808500859,80.20191192626953,0.8837655186653137,0.0
25.610000610351562,18.5,3.9000000000000004,-11.170107212763709,48.345620280242926,0.005609755174128105,0.9352991808500859,80.20191192626953,0.8837655186653137,0.0
25.62002730369568,18.1,3.9000000000000004,-19.896753472735355,48.345620280242926,0.005609755174128105,0.9352991808500859,80.20191192626953,0.8837655186653137,0.0
25.630000829696655,17.7,5.600000000000001,-25.132741228718345,45.553093477052,0.005609755174128105,0.9740574893258801,88.2746353149414,0.8856492042541504,0.0
25.640000581741333,17.2,6.500000000000001,-26.703537555513243,47.82202150464463,0.005609755174128105,0.9740574893258801,88.2746353149414,0.8856492042541504,0.0
25.65000057220459,16.6,7.300000000000001,-25.656340004316643,39.96803987067015,0.005609755174128105,0.9740574893258801,88.2746353149414,0.8856492042541504,0.0
25.660043954849243,16.3,8.0,-24.26007660272118,40.31710572106901,0.00509977743102555,1.0153656865171872,106.07099914550781,0.8857855200767517,0.0
25.670000791549683,15.8,8.6,-23.911010752322316,34.90658503988659,0.00509977743102555,1.0153656865171872,106.07099914550781,0.8857855200767517,0.0
25.68000054359436,15.399999999999999,9.0,-21.118483949131388,24.609142453120047,0.00509977743102555,1.0153656865171872,106.07099914550781,0.8857855200767517,0.0
25.690000295639038,14.999999999999998,9.600000000000001,-23.911010752322316,30.01966313430247,0.00509977743102555,1.0153656865171872,106.07099914550781,0.8857855200767517,0.0
25.700000524520874,14.5,10.200000000000001,-27.75073510670984,33.68485456349056,0.004079821944820441,1.0663634608274426,146.71099853515625,0.8851740956306458,0.0
25.71000051498413,13.900000000000002,10.600000000000001,-32.2885911618951,25.656340004316643,0.004079821944820441,1.0663634608274426,146.71099853515625,0.8851740956306458,0.0
25.72000026702881,12.600000000000001,10.999999999999998,-33.68485456349056,19.02408884673819,0.004079821944820441,1.0663634608274426,146.71099853515625,0.8851740956306458,0.0
25.730000257492065,12.600000000000001,11.3,-33.68485456349056,19.02408884673819,0.00509977743102555,1.088802481523955,123.35099792480469,0.8860023617744446,0.0
25.740000247955322,12.0,11.700000000000001,-35.604716740684324,20.943951023931955,0.00509977743102555,1.088802481523955,123.35099792480469,0.8860023617744446,0.0
25.75000023841858,10.700000000000001,12.0,-33.16125578789226,16.755160819145562,0.00509977743102555,1.088802481523955,123.35099792480469,0.8860023617744446,0.0
25.760000944137573,10.100000000000001,12.100000000000001,-38.39724354387525,6.283185307179586,0.00509977743102555,1.088802481523955,123.35099792480469,0.8860023617744446,0.0
25.77000069618225,10.100000000000001,12.100000000000001,-38.39724354387525,0.5235987755982988,0.00509977743102555,1.1010419473584163,127.91100311279297,0.8856651186943054,0.0
25.780000925064087,9.100000000000001,12.0,-45.553093477052,-2.0943951023931953,0.00509977743102555,1.1010419473584163,127.91100311279297,0.8856651186943054,0.0
25.790000677108765,8.2,12.0,-51.13814708343386,-2.6179938779914944,0.004589799687922995,1.0984920586429034,145.42210388183594,0.8864001631736755,0.0
25.80000066757202,7.300000000000001,12.0,-52.883476335428185,-0.17453292519943295,0.004589799687922995,1.0984920586429034,145.42210388183594,0.8864001631736755,0.0
25.81000065803528,6.300000000000001,12.0,-49.741883681838395,-0.0,0.004589799687922995,1.0984920586429034,145.42210388183594,0.8864001631736755,0.0
25.820000648498535,5.600000000000001,12.0,-41.36430327226561,-0.0,0.005609755174128105,1.079622882148109,119.40190887451172,0.8863547444343567,0.0
25.830000400543213,5.1000000000000005,12.0,-32.2885911618951,0.8726646259971648,0.005609755174128105,1.079622882148109,119.40190887451172,0.8863547444343567,0.0
25.84000062942505,4.600000000000001,12.0,-24.78367537831948,-0.0,0.005609755174128105,1.079622882148109,119.40190887451172,0.8863547444343567,0.0
25.850000619888306,4.4,12.0,-15.184364492350667,1.5707963267948966,0.0035698442017178854,1.0566738837084941,187.453857421875,0.8870695233345032,0.0
25.860000610351562,4.4,12.0,-2.0943951023931953,1.0471975511965976,0.0035698442017178854,1.0566738837084941,187.453857421875,0.8870695233345032,0.0
25.87000036239624,4.5,12.200000000000001,2.792526803190927,8.203047484373348,0.0035698442017178854,1.0566738837084941,187.453857421875,0.8870695233345032,0.0
25.880000591278076,4.4,12.5,-1.9198621771937625,13.264502315156905,0.00509977743102555,1.061263683396417,134.2310028076172,0.8843868374824524,0.0
25.890000820159912,4.4,12.9,0.0,21.29301687433082,0.00509977743102555,1.061263683396417,134.2310028076172,0.8843868374824524,0.0
25.90000057220459,4.4,13.399999999999999,0.0,30.543261909900767,0.00509977743102555,1.061263683396417,134.2310028076172,0.8843868374824524,0.0
25.910000562667847,4.5,14.100000000000003,1.5707963267948966,35.08111796508602,0.00509977743102555,1.061263683396417,134.2310028076172,0.8843868374824524,0.0
25.920000553131104,4.5,14.600000000000001,1.5707963267948966,26.703537555513243,0.00509977743102555,1.0531040395067761,136.55099487304688,0.8851259350776672,0.0
25.93000054359436,4.9,14.999999999999998,15.882496193148398,23.212879051524585,0.00509977743102555,1.0531040395067761,136.55099487304688,0.8851259350776672,0.0
25.940000534057617,4.9,15.399999999999999,15.882496193148398,20.943951023931955,0.00509977743102555,1.0531040395067761,136.55099487304688,0.8851259350776672,0.0
25.950000762939453,5.4,15.700000000000001,22.51474735072685,19.02408884673819,0.00509977743102555,1.0072060426275462,133.031005859375,0.8861645460128784,0.0
25.96000051498413,6.0,15.899999999999999,32.2885911618951,11.170107212763709,0.00509977743102555,1.0072060426275462,133.031005859375,0.8861645460128784,0.0
25.970000505447388,8.0,16.0,61.086523819801535,4.71238898038469,0.00509977743102555,1.0072060426275462,133.031005859375,0.8861645460128784,0.0
25.980000495910645,8.0,16.0,61.086523819801535,0.6981317007977318,0.008159643889640881,0.8817515178243177,73.91100311279297,0.8852984309196472,0.0
25.990000247955322,10.8,16.0,80.28514559173917,0.17453292519943295,0.008159643889640881,0.8817515178243177,73.91100311279297,0.8852984309196472,0.0
26.00000023841858,10.8,16.0,80.28514559173917,-0.0,0.008159643889640881,0.8817515178243177,73.91100311279297,0.8852984309196472,0.0
26.010000705718994,13.700000000000003,15.899999999999999,75.57275661135446,-2.0943951023931953,0.008159643889640881,0.8817515178243177,73.91100311279297,0.8852984309196472,0.0
26.02000093460083,13.700000000000003,15.899999999999999,75.57275661135446,-2.0943951023931953,0.11729488091358765,0.6354322679057836,2.8849129676818848,0.7952600121498108,0.0
26.03000044822693,14.900000000000002,15.8,69.63863715457374,-8.203047484373348,0.11729488091358765,0.6354322679057836,2.8849129676818848,0.7952600121498108,0.0
26.040001153945923,16.0,15.5,60.56292504420323,-15.707963267948966,0.11729488091358765,0.6354322679057836,2.8849129676818848,0.7952600121498108,0.0
26.05000066757202,16.900000000000002,14.999999999999998,45.553093477052,-19.896753472735355,0.8955209168880867,0.2855875361374308,0.6639430522918701,0.8795714378356934,0.0
26.06003999710083,17.5,14.800000000000002,31.590459461097364,-15.3588974175501,0.8955209168880867,0.2855875361374308,0.6639430522918701,0.8795714378356934,0.0
26.070019721984863,17.7,14.600000000000001,14.137166941154069,-10.122909661567112,0.8955209168880867,0.2855875361374308,0.6639430522918701,0.8795714378356934,0.0
26.080000638961792,17.7,14.5,2.792526803190927,-5.061454830783556,0.8955209168880867,0.2855875361374308,0.6639430522918701,0.8795714378356934,0.0
26.09000062942505,17.7,14.5,0.5235987755982988,-3.839724354387525,1.5182037412163063,0.011729488091358766,0.88631272315979,69.30230712890625,0.0
26.100000619888306,17.7,14.200000000000001,1.5707963267948966,-15.184364492350667,1.5182037412163063,0.011729488091358766,0.88631272315979,69.30230712890625,0.0
26.110000610351562,17.7,13.5,2.2689280275926285,-34.20845333908886,1.5182037412163063,0.011729488091358766,0.88631272315979,69.30230712890625,0.0
26.12000060081482,17.7,12.8,0.3490658503988659,-39.61897402027128,1.36725032925795,0.0061197329172306605,0.8860160112380981,118.37767028808594,0.0
26.130000829696655,17.799999999999997,11.900000000000002,0.3490658503988659,-45.20402762665314,1.36725032925795,0.0061197329172306605,0.8860160112380981,118.37767028808594,0.0
26.140000581741333,17.799999999999997,10.999999999999998,0.8726646259971648,-47.82202150464463,1.36725032925795,0.0061197329172306605,0.8860160112380981,118.37767028808594,0.0
26.15000081062317,17.799999999999997,10.100000000000001,2.792526803190927,-52.35987755982988,1.2433257376840292,0.009689577118948545,0.883093535900116,68.16363525390625,0.0
26.160000562667847,18.200000000000003,8.2,8.377580409572781,-52.53441048502932,1.2433257376840292,0.009689577118948545,0.883093535900116,68.16363525390625,0.0
26.170000791549683,18.200000000000003,8.2,8.377580409572781,-52.53441048502932,1.2132370508409784,0.0010199554862051102,0.890008807182312,0.0,0.0
26.18000054359436,18.3,7.300000000000001,5.061454830783556,-48.69468613064179,1.2132370508409784,0.0010199554862051102,0.890008807182312,0.0,0.0
26.190000534057617,18.200000000000003,6.600000000000001,-1.3962634015954636,-40.66617157146788,1.2132370508409784,0.0010199554862051102,0.890008807182312,0.0,0.0
26.200000524520874,18.200000000000003,5.9,-1.3962634015954636,-36.12831551628262,1.0877825260377498,0.002549888715512775,0.8848743438720703,234.79100036621094,0.0
26.21000051498413,18.200000000000003,5.499999999999999,-0.8726646259971648,-24.08554367752175,1.0877825260377498,0.002549888715512775,0.8848743438720703,234.79100036621094,0.0
26.220000505447388,18.200000000000003,5.300000000000001,-2.0943951023931953,-13.08996938995747,1.0877825260377498,0.002549888715512775,0.8848743438720703,234.79100036621094,0.0
26.230000257492065,18.1,5.2,-5.061454830783556,-5.585053606381854,0.8837914287967279,0.0035698442017178854,0.8889999985694885,140.82528686523438,0.0
26.2400004863739,17.799999999999997,5.1000000000000005,-15.184364492350667,-5.235987755982989,0.8837914287967279,0.0035698442017178854,0.8889999985694885,140.82528686523438,0.0
26.250000476837158,17.400000000000002,5.0,-21.467549799530254,-5.585053606381854,0.8837914287967279,0.0035698442017178854,0.8889999985694885,140.82528686523438,0.0
26.260000944137573,16.8,4.9,-31.41592653589793,-5.235987755982989,0.8129045225054727,0.004589799687922995,0.8849849700927734,102.84432983398438,0.0
26.27000069618225,16.0,4.9,-38.22271061867582,-1.5707963267948966,0.8129045225054727,0.004589799687922995,0.8849849700927734,102.84432983398438,0.0
26.280000925064087,15.200000000000003,4.9,-43.807764225057674,-3.141592653589793,0.8129045225054727,0.004589799687922995,0.8849849700927734,102.84432983398438,0.0
26.290000438690186,14.300000000000002,4.7,-47.29842272904633,-7.155849933176751,0.8129045225054727,0.004589799687922995,0.8849849700927734,102.84432983398438,0.0
26.30000066757202,13.399999999999999,4.5,-50.09094953223726,-8.552113334772216,0.8735918739346767,0.004079821944820441,0.8852638602256775,131.21099853515625,0.0
26.3100004196167,12.5,4.4,-49.21828490624009,-8.377580409572781,0.8735918739346767,0.004079821944820441,0.8852638602256775,131.21099853515625,0.0
26.320000648498535,11.700000000000001,4.3,-46.25122517784973,-5.585053606381854,0.8735918739346767,0.004079821944820441,0.8852638602256775,131.21099853515625,0.0
26.330000638961792,10.999999999999998,4.2,-38.22271061867582,-3.490658503988659,0.921529781786317,0.004589799687922995,0.8850154876708984,127.5554428100586,0.0
26.34000062942505,10.4,4.1,-12.042771838760874,-5.759586531581287,0.921529781786317,0.004589799687922995,0.8850154876708984,127.5554428100586,0.0
26.350000619888306,10.4,4.0,-12.042771838760874,-7.155849933176751,0.921529781786317,0.004589799687922995,0.8850154876708984,127.5554428100586,0.0
26.360000610351562,10.4,3.8000000000000007,0.5235987755982988,-7.3303828583761845,0.921529781786317,0.004589799687922995,0.8850154876708984,127.5554428100586,0.0
26.37000036239624,10.5,3.7000000000000006,4.537856055185257,-9.250245035569947,0.9225497372725221,0.00509977743102555,0.8863465785980225,118.07099914550781,0.0
26.380000591278076,10.8,3.4000000000000004,13.439035240356338,-14.137166941154069,0.9225497372725221,0.00509977743102555,0.8863465785980225,118.07099914550781,0.0
26.390000820159912,11.200000000000003,3.0,23.03834612632515,-23.212879051524585,0.9225497372725221,0.00509977743102555,0.8863465785980225,118.07099914550781,0.0
26.40000057220459,11.900000000000002,2.2,32.46312408709453,-38.04817769347638,0.9556982905741881,0.00509977743102555,0.8851579427719116,127.6709976196289,0.0
26.410000562667847,12.600000000000001,1.5,39.269908169872416,-37.69911184307752,0.9556982905741881,0.00509977743102555,0.8851579427719116,127.6709976196289,0.0
26.420000314712524,13.399999999999999,0.8,41.01523742186674,-37.35004599267865,0.9556982905741881,0.00509977743102555,0.8851579427719116,127.6709976196289,0.0
26.43000054359436,14.100000000000003,0.2,37.35004599267865,-34.73205211468716,0.9026606052915224,0.2473392054047392,0.7674180865287781,1.6561546325683594,0.0
26.440000295639038,14.600000000000001,-0.2,32.98672286269283,-27.22713633111154,0.9026606052915224,0.2473392054047392,0.7674180865287781,1.6561546325683594,0.0
26.450000524520874,15.200000000000003,-0.7000000000000002,30.543261909900767,-27.22713633111154,0.9026606052915224,0.2473392054047392,0.7674180865287781,1.6561546325683594,0.0
26.46000027656555,15.8,-1.2000000000000002,33.16125578789226,-29.49606435870417,0.69458968610568,0.6384921343643989,0.5166064500808716,0.10944728553295135,0.0
26.470000505447388,16.5,-1.6,36.12831551628262,-20.245819323134224,0.69458968610568,0.6384921343643989,0.5166064500808716,0.10944728553295135,0.0
26.480000257492065,17.2,-1.8000000000000003,41.36430327226561,-12.39183768915974,0.69458968610568,0.6384921343643989,0.5166064500808716,0.10944728553295135,0.0
26.4900004863739,18.1,-2.0,47.1238898038469,-11.344640137963141,0.69458968610568,0.6384921343643989,0.5166064500808716,0.10944728553295135,0.0
26.500000953674316,18.900000000000002,-2.1,44.680428851054835,-6.981317007977318,0.69458968610568,0.6384921343643989,0.5166064500808716,0.10944728553295135,0.0
26.510000705718994,19.700000000000003,-2.3000000000000007,43.807764225057674,-9.599310885968812,0.4202216603165054,1.291773623278772,0.218766987323761,0.6552850604057312,0.0
26.52000093460083,20.400000000000002,-2.6,41.36430327226561,-16.929693744344995,0.4202216603165054,1.291773623278772,0.218766987323761,0.6552850604057312,0.0
26.530000686645508,21.300000000000004,-3.0,16.929693744344995,-24.08554367752175,0.4202216603165054,1.291773623278772,0.218766987323761,0.6552850604057312,0.0
26.540000915527344,21.300000000000004,-3.4000000000000004,16.929693744344995,-21.29301687433082,0.2911972913115589,1.3509310414786684,0.8370945453643799,0.7328656315803528,0.0
26.550000429153442,21.1,-3.6000000000000005,-5.585053606381854,-12.39183768915974,0.2911972913115589,1.3509310414786684,0.8370945453643799,0.7328656315803528,0.0
26.5600004196167,21.1,-3.7000000000000006,-5.585053606381854,-2.792526803190927,0.2911972913115589,1.3509310414786684,0.8370945453643799,0.7328656315803528,0.0
26.570000648498535,20.900000000000006,-3.7000000000000006,-10.821041362364843,-0.17453292519943295,0.2911972913115589,1.3509310414786684,0.8370945453643799,0.7328656315803528,0.0
26.580000638961792,20.599999999999998,-3.7000000000000006,-16.231562043547264,0.3490658503988659,0.15044343421525375,1.2820840461598233,2.452017068862915,0.801490068435669,0.0
26.59000039100647,19.900000000000002,-3.6000000000000005,-19.722220547535922,0.6981317007977318,0.15044343421525375,1.2820840461598233,2.452017068862915,0.801490068435669,0.0
26.600000619888306,19.900000000000002,-3.6000000000000005,-19.722220547535922,0.17453292519943295,0.05864744045679383,1.3213523323787202,8.265782356262207,0.8522574305534363,0.0
26.610000610351562,19.6,-3.6000000000000005,-12.566370614359172,0.6981317007977318,0.05864744045679383,1.3213523323787202,8.265782356262207,0.8522574305534363,0.0
26.62000060081482,19.6,-3.6000000000000005,-2.2689280275926285,-0.0,0.05864744045679383,1.3213523323787202,8.265782356262207,0.8522574305534363,0.0
26.630000829696655,19.6,-3.6000000000000005,0.0,0.6981317007977318,0.016319287779281762,1.2463856041426444,31.93600082397461,0.8791800141334534,0.0
26.640000581741333,19.6,-3.6000000000000005,0.0,0.17453292519943295,0.016319287779281762,1.2463856041426444,31.93600082397461,0.8791800141334534,0.0
26.65000081062317,19.700000000000003,-3.5,0.6981317007977318,4.537856055185257,0.016319287779281762,1.2463856041426444,31.93600082397461,0.8791800141334534,0.0
26.66013526916504,19.700000000000003,-3.3000000000000007,0.17453292519943295,10.471975511965978,0.008669621632743436,1.052084084020571,53.3227653503418,0.8839588165283203,0.0
26.670000553131104,19.700000000000003,-3.1,0.0,12.915436464758038,0.008669621632743436,1.052084084020571,53.3227653503418,0.8839588165283203,0.0
26.68000054359436,19.700000000000003,-2.8000000000000007,0.0,12.915436464758038,0.008669621632743436,1.052084084020571,53.3227653503418,0.8839588165283203,0.0
26.690000534057617,19.700000000000003,-2.5,0.0,16.929693744344995,0.005609755174128105,0.9031705830346249,74.31099700927734,0.8840310573577881,0.0
26.700000524520874,19.700000000000003,-2.0,0.0,27.401669256310974,0.005609755174128105,0.9031705830346249,74.31099700927734,0.8840310573577881,0.0
26.71000051498413,19.700000000000003,-1.2000000000000002,0.0,39.79350694547071,0.005609755174128105,0.9031705830346249,74.31099700927734,0.8840310573577881,0.0
26.720000505447388,19.700000000000003,-0.5,0.0,38.22271061867582,0.005609755174128105,0.9031705830346249,74.31099700927734,0.8840310573577881,0.0
26.730000257492065,19.700000000000003,0.2,0.0,44.680428851054835,0.005609755174128105,0.8639022968157283,74.45645141601562,0.8856942057609558,0.0
26.7400004863739,19.700000000000003,1.1,0.0,49.21828490624009,0.005609755174128105,0.8639022968157283,74.45645141601562,0.8856942057609558,0.0
26.75000023841858,19.700000000000003,2.0,0.0,50.614548307835555,0.005609755174128105,0.8639022968157283,74.45645141601562,0.8856942057609558,0.0
26.760000944137573,19.700000000000003,3.0,0.0,51.312680008633286,0.005609755174128105,0.908780338208753,82.45645141601562,0.8809192180633545,0.0
26.77000069618225,19.700000000000003,3.9000000000000004,-0.3490658503988659,52.708943410228756,0.005609755174128105,0.908780338208753,82.45645141601562,0.8809192180633545,0.0
26.780000686645508,19.700000000000003,4.9,-0.3490658503988659,54.97787143782138,0.005609755174128105,0.908780338208753,82.45645141601562,0.8809192180633545,0.0
26.790000438690186,19.6,5.9,-0.6981317007977318,56.02506898901798,0.005609755174128105,0.9908867548482644,93.43827056884766,0.8832356929779053,0.0
26.80000066757202,19.6,6.9,-0.17453292519943295,54.80333851262195,0.005609755174128105,0.9908867548482644,93.43827056884766,0.8832356929779053,0.0
26.81000065803528,19.6,8.0,-2.792526803190927,57.24679946541401,0.005609755174128105,0.9908867548482644,93.43827056884766,0.8832356929779053,0.0
26.820000648498535,19.400000000000002,9.0,-9.773843811168245,54.97787143782138,0.00509977743102555,1.0872725482946473,118.1510009765625,0.8871238231658936,0.0
26.830000638961792,18.6,10.0,-22.51474735072685,54.27973973702365,0.00509977743102555,1.0872725482946473,118.1510009765625,0.8871238231658936,0.0
26.84000039100647,18.6,10.8,-22.51474735072685,45.72762640225143,0.00509977743102555,1.0872725482946473,118.1510009765625,0.8871238231658936,0.0
26.850000619888306,18.1,11.5,-26.52900463031381,40.66617157146788,0.00509977743102555,1.0872725482946473,118.1510009765625,0.8871238231658936,0.0
26.860000610351562,17.6,12.200000000000001,-27.05260340591211,37.52457891787809,0.004589799687922995,1.1214410570825186,140.6221160888672,0.8879085779190063,0.0
26.87000036239624,17.1,12.600000000000001,-25.307274153917778,23.736477827122883,0.004589799687922995,1.1214410570825186,140.6221160888672,0.8879085779190063,0.0
26.880000591278076,16.699999999999996,12.8,-23.212879051524585,15.3588974175501,0.002549888715512775,1.1046117915601341,257.510986328125,0.8871532678604126,0.0
26.890000820159912,16.200000000000003,13.100000000000001,-25.132741228718345,15.3588974175501,0.002549888715512775,1.1046117915601341,257.510986328125,0.8871532678604126,0.0
26.90000057220459,15.700000000000001,13.5,-27.22713633111154,18.32595714594046,0.002549888715512775,1.1046117915601341,257.510986328125,0.8871532678604126,0.0
26.910000801086426,15.200000000000003,13.8,-30.892327760299633,20.420352248333657,0.002549888715512775,1.1046117915601341,257.510986328125,0.8871532678604126,0.0
26.920000553131104,14.5,14.100000000000003,-33.85938748868999,11.693705988362009,0.007139688403435771,1.0831927263498269,93.39671325683594,0.8852335214614868,0.0
26.93000054359436,13.900000000000002,14.100000000000003,-37.69911184307752,1.7453292519943295,0.007139688403435771,1.0831927263498269,93.39671325683594,0.8852335214614868,0.0
26.940000534057617,13.100000000000001,14.100000000000003,-41.18977034706618,0.3490658503988659,0.007139688403435771,1.0831927263498269,93.39671325683594,0.8852335214614868,0.0
26.950000524520874,12.300000000000002,14.100000000000003,-45.378560551852566,0.3490658503988659,0.00509977743102555,1.079622882148109,133.51100158691406,0.8855989575386047,0.0
26.96000027656555,11.4,14.100000000000003,-46.774823953448035,-0.17453292519943295,0.00509977743102555,1.079622882148109,133.51100158691406,0.8855989575386047,0.0
26.97000026702881,10.5,14.100000000000003,-47.82202150464463,0.5235987755982988,0.00509977743102555,1.079622882148109,133.51100158691406,0.8855989575386047,0.0
26.980000495910645,9.700000000000001,14.100000000000003,-46.25122517784973,-0.17453292519943295,0.006629710660333216,1.0653435053412375,103.29561614990234,0.8844044804573059,0.0
26.9900004863739,8.3,14.100000000000003,-35.08111796508602,1.0471975511965976,0.006629710660333216,1.0653435053412375,103.29561614990234,0.8844044804573059,0.0
27.000000476837158,8.3,14.100000000000003,-35.08111796508602,-0.0,0.006629710660333216,1.0653435053412375,103.29561614990234,0.8844044804573059,0.0
27.010000467300415,7.9,14.200000000000001,-27.401669256310974,3.141592653589793,0.006629710660333216,1.0653435053412375,103.29561614990234,0.8844044804573059,0.0
27.02000093460083,7.499999999999999,14.400000000000002,-20.245819323134224,11.519173063162574,0.0035698442017178854,1.0617736611395197,196.36814880371094,0.8866945505142212,0.0
27.030000686645508,6.9,14.900000000000002,-16.05702911834783,24.08554367752175,0.0035698442017178854,1.0617736611395197,196.36814880371094,0.8866945505142212,0.0
27.040000677108765,6.9,15.5,-16.05702911834783,36.477381366681485,0.0035698442017178854,1.0536140172498787,197.39671325683594,0.8862894177436829,0.0
27.05000066757202,6.600000000000001,16.3,-19.02408884673819,37.69911184307752,0.0035698442017178854,1.0536140172498787,197.39671325683594,0.8862894177436829,0.0
27.06000065803528,6.2,16.8,-20.07128639793479,30.543261909900767,0.0035698442017178854,1.0536140172498787,197.39671325683594,0.8862894177436829,0.0
27.070000648498535,5.7,17.300000000000004,-24.78367537831948,29.670597283903604,0.0035698442017178854,1.0536140172498787,197.39671325683594,0.8862894177436829,0.0
27.080000638961792,5.1000000000000005,17.7,-31.066860685499066,21.118483949131388,0.004589799687922995,1.042904484644725,154.1332244873047,0.885479211807251,0.0
27.09000039100647,4.5,17.799999999999997,-34.73205211468716,7.3303828583761845,0.004589799687922995,1.042904484644725,154.1332244873047,0.885479211807251,0.0
27.100000619888306,3.9000000000000004,17.799999999999997,-34.55751918948773,0.3490658503988659,0.004079821944820441,1.0260752191223408,171.01100158691406,0.8866143226623535,0.0
27.110000371932983,3.1,17.799999999999997,-39.444441095071845,-0.0,0.004079821944820441,1.0260752191223408,171.01100158691406,0.8866143226623535,0.0
27.12000060081482,2.4000000000000004,17.799999999999997,-40.66617157146788,-0.3490658503988659,0.004079821944820441,1.0260752191223408,171.01100158691406,0.8866143226623535,0.0
27.130000829696655,1.6,17.799999999999997,-42.06243497306334,-0.5235987755982988,0.004589799687922995,1.010775886829264,151.466552734375,0.8869818449020386,0.0
27.140000581741333,0.9000000000000001,17.7,-39.79350694547071,-1.3962634015954636,0.004589799687922995,1.010775886829264,151.466552734375,0.8869818449020386,0.0
27.15000081062317,0.30000000000000004,17.7,-35.25565089028546,-0.3490658503988659,0.004589799687922995,1.010775886829264,151.466552734375,0.8869818449020386,0.0
27.160000324249268,-0.1,17.7,-26.52900463031381,-0.17453292519943295,0.004589799687922995,1.006186087141341,152.35543823242188,0.8857561945915222,0.0
27.170000791549683,-0.4,17.7,-2.9670597283903604,-0.3490658503988659,0.004589799687922995,1.006186087141341,152.35543823242188,0.8857561945915222,0.0
27.18000054359436,-0.4,17.7,-2.9670597283903604,-1.0471975511965976,0.004589799687922995,1.006186087141341,152.35543823242188,0.8857561945915222,0.0
27.190000534057617,-0.30000000000000004,17.7,5.759586531581287,-1.9198621771937625,0.004589799687922995,1.006186087141341,152.35543823242188,0.8857561945915222,0.0
27.200000286102295,0.1,17.5,21.991148575128552,-8.901179185171081,0.05966739594299894,0.8980708056035994,9.852880477905273,0.8494769930839539,0.0
27.21000051498413,1.0,17.1,46.949356878647464,-21.118483949131388,0.05966739594299894,0.8980708056035994,9.852880477905273,0.8494769930839539,0.0
27.22000026702881,2.3000000000000007,16.4,70.33676885537147,-33.16125578789226,0.05966739594299894,0.8980708056035994,9.852880477905273,0.8494769930839539,0.0
27.230000495910645,4.0,15.399999999999999,88.66272600131194,-53.40707511102649,0.05966739594299894,0.8980708056035994,9.852880477905273,0.8494769930839539,0.0
27.2400004863739,5.7,14.300000000000002,95.81857593448869,-60.9119908946021,0.46254981299401743,0.6206429133558095,0.08564167469739914,0.4630345106124878,0.0
27.25000023841858,8.899999999999999,13.100000000000001,80.80874436733745,-63.52998477259359,0.46254981299401743,0.6206429133558095,0.08564167469739914,0.4630345106124878,0.0
27.260000944137573,8.899999999999999,12.200000000000001,80.80874436733745,-51.83627878423159,1.1081816357618521,0.2391795615150983,0.7314298152923584,1.6594008207321167,0.0
27.270000457763672,10.0,11.5,63.355451847394164,-37.873644768276954,1.1081816357618521,0.2391795615150983,0.7314298152923584,1.6594008207321167,0.0
27.280000925064087,10.8,11.3,47.1238898038469,-15.3588974175501,1.1081816357618521,0.2391795615150983,0.7314298152923584,1.6594008207321167,0.0
27.290000677108765,11.4,11.4,32.2885911618951,-0.17453292519943295,1.1081816357618521,0.2391795615150983,0.7314298152923584,1.6594008207321167,0.0
27.30000066757202,11.700000000000001,11.4,22.165681500327985,-0.17453292519943295,1.3550108634234888,0.04997781882405039,0.860095202922821,14.082428932189941,0.0
27.3100004196167,12.100000000000001,11.3,20.420352248333657,-2.0943951023931953,1.3550108634234888,0.04997781882405039,0.860095202922821,14.082428932189941,0.0
27.320000410079956,12.5,11.3,23.03834612632515,-0.5235987755982988,1.3550108634234888,0.04997781882405039,0.860095202922821,14.082428932189941,0.0
27.330000400543213,13.200000000000003,11.200000000000003,34.55751918948773,-7.504915783575617,1.3550108634234888,0.04997781882405039,0.860095202922821,14.082428932189941,0.0
27.34000062942505,14.100000000000003,10.700000000000001,46.949356878647464,-22.689280275926283,1.2479155373719522,0.004079821944820441,0.8876922726631165,160.81100463867188,0.0
27.350000619888306,15.100000000000001,9.8,55.850536063818545,-44.85496177625427,1.2479155373719522,0.004079821944820441,0.8876922726631165,160.81100463867188,0.0
27.360000610351562,17.1,8.899999999999999,50.78908123303499,-49.741883681838395,1.2479155373719522,0.004079821944820441,0.8876922726631165,160.81100463867188,0.0
27.3700008392334,17.1,7.9,50.78908123303499,-53.23254218582705,1.2479155373719522,0.004079821944820441,0.8876922726631165,160.81100463867188,0.0
27.380000591278076,17.799999999999997,7.1000000000000005,40.31710572106901,-46.774823953448035,1.143880077779031,0.007649666146538325,0.8818666934967041,78.20433044433594,0.0
27.390000581741333,18.3,5.4,28.099800957108705,-43.982297150257104,1.143880077779031,0.007649666146538325,0.8818666934967041,78.20433044433594,0.0
27.40000057220459,18.400000000000006,5.4,12.217304763960307,-43.982297150257104,1.143880077779031,0.007649666146538325,0.8818666934967041,78.20433044433594,0.0
27.410000562667847,18.400000000000006,4.7,0.17453292519943295,-39.61897402027128,1.0643235498550323,0.007649666146538325,0.8824834823608398,74.57766723632812,0.0
27.420000553131104,18.3,4.0,-3.839724354387525,-39.96803987067015,1.0643235498550323,0.007649666146538325,0.8824834823608398,74.57766723632812,0.0
27.43000054359436,18.3,3.2,-0.8726646259971648,-18.500490071139893,1.0643235498550323,0.007649666146538325,0.8824834823608398,74.57766723632812,0.0
27.440000534057617,18.3,3.2,-2.792526803190927,-18.500490071139893,0.9388690250518038,0.0101995548620511,0.8803090453147888,50.270999908447266,0.0
27.450000524520874,17.900000000000006,3.0,-10.471975511965978,-12.915436464758038,0.9388690250518038,0.0101995548620511,0.8803090453147888,50.270999908447266,0.0
27.46000051498413,17.900000000000006,2.7,-10.471975511965978,-13.439035240356338,0.9388690250518038,0.0101995548620511,0.8803090453147888,50.270999908447266,0.0
27.470000505447388,17.7,2.6,-14.311699866353502,-8.552113334772216,0.9388690250518038,0.0101995548620511,0.8803090453147888,50.270999908447266,0.0
27.480000495910645,17.300000000000004,2.6,-19.02408884673819,-0.0,0.8577825638984976,0.009689577118948545,0.8780606389045715,50.1004753112793,0.0
27.4900004863739,16.8,2.6,-24.78367537831948,-0.0,0.8577825638984976,0.009689577118948545,0.8780606389045715,50.1004753112793,0.0
27.50000023841858,15.600000000000001,2.6,-34.20845333908886,-0.0,0.8414632761192158,0.006629710660333216,0.8826969861984253,73.69561767578125,0.0
27.510000705718994,14.999999999999998,2.6,-37.17551306747922,-0.5235987755982988,0.8414632761192158,0.006629710660333216,0.8826969861984253,73.69561767578125,0.0
27.52000093460083,14.999999999999998,2.6,-37.17551306747922,-0.5235987755982988,0.8414632761192158,0.006629710660333216,0.8826969861984253,73.69561767578125,0.0
27.530000686645508,13.600000000000001,2.4000000000000004,-36.12831551628262,-7.3303828583761845,0.8414632761192158,0.006629710660333216,0.8826969861984253,73.69561767578125,0.0
27.540000915527344,13.600000000000001,2.1,-36.12831551628262,-14.311699866353502,0.8858313397691381,0.004589799687922995,0.885315477848053,119.11100006103516,0.0
27.55000066757202,12.600000000000001,1.8000000000000003,-23.212879051524585,-16.929693744344995,0.8858313397691381,0.004589799687922995,0.885315477848053,119.11100006103516,0.0
27.56000065803528,12.600000000000001,1.5,-23.212879051524585,-18.500490071139893,0.8858313397691381,0.004589799687922995,0.885315477848053,119.11100006103516,0.0
27.570000648498535,12.4,0.9000000000000001,-12.566370614359172,-30.194196059501902,0.8858313397691381,0.004589799687922995,0.885315477848053,119.11100006103516,0.0
27.580000638961792,12.5,0.2,0.6981317007977318,-39.444441095071845,0.8776716958794972,0.0035698442017178854,0.8862109184265137,157.39671325683594,0.0
27.59000062942505,12.600000000000001,-0.4,2.0943951023931953,-36.65191429188092,0.8776716958794972,0.0035698442017178854,0.8862109184265137,157.39671325683594,0.0
27.600000619888306,12.600000000000001,-1.1,2.0943951023931953,-38.746309394274114,0.9016406498053173,0.007649666146538325,0.8826651573181152,77.13766479492188,0.0
27.610000610351562,12.8,-1.9000000000000004,10.297442586766545,-43.63323129985824,0.9016406498053173,0.007649666146538325,0.8826651573181152,77.13766479492188,0.0
27.62000060081482,13.100000000000001,-2.6,18.84955592153876,-37.873644768276954,0.9016406498053173,0.007649666146538325,0.8826651573181152,77.13766479492188,0.0
27.630000352859497,13.700000000000003,-3.4000000000000004,26.52900463031381,-39.444441095071845,0.9016406498053173,0.007649666146538325,0.8826651573181152,77.13766479492188,0.0
27.640000581741333,14.200000000000001,-3.9000000000000004,31.41592653589793,-29.321531433504738,0.9016406498053173,0.007649666146538325,0.8826651573181152,77.13766479492188,0.0
27.65000081062317,14.999999999999998,-4.1,39.444441095071845,-16.755160819145562,0.6925497751332698,0.6186030023833993,0.5249351859092712,0.1193380057811737,0.0
27.660000562667847,15.899999999999999,-4.3,48.345620280242926,-9.075712110370514,0.6925497751332698,0.6186030023833993,0.5249351859092712,0.1193380057811737,0.0
27.670000791549683,16.8,-4.5,52.35987755982988,-11.693705988362009,0.6925497751332698,0.6186030023833993,0.5249351859092712,0.1193380057811737,0.0
27.68000054359436,17.6,-4.800000000000001,45.72762640225143,-14.835298641951802,0.5482260738352467,1.0240353081499305,0.17086046934127808,0.5121075510978699,0.0
27.690000534057617,18.700000000000003,-5.0,22.689280275926283,-13.264502315156905,0.5482260738352467,1.0240353081499305,0.17086046934127808,0.5121075510978699,0.0
27.700000524520874,18.700000000000003,-5.1000000000000005,22.689280275926283,-4.71238898038469,0.5482260738352467,1.0240353081499305,0.17086046934127808,0.5121075510978699,0.0
27.71000051498413,18.900000000000002,-5.1000000000000005,1.5707963267948966,-0.0,0.5482260738352467,1.0240353081499305,0.17086046934127808,0.5121075510978699,0.0
27.72000026702881,18.900000000000002,-5.1000000000000005,1.5707963267948966,-0.0,0.385033196042429,1.4111084151647697,0.48212581872940063,0.6918189525604248,0.0
27.730000495910645,18.8,-5.1000000000000005,-1.9198621771937625,0.17453292519943295,0.385033196042429,1.4111084151647697,0.48212581872940063,0.6918189525604248,0.0
27.740000247955322,18.8,-5.1000000000000005,-1.9198621771937625,0.5235987755982988,0.2279600511668421,1.4340574136043847,1.5288970470428467,0.7766244411468506,0.0
27.750000476837158,18.700000000000003,-5.0,-5.061454830783556,0.8726646259971648,0.2279600511668421,1.4340574136043847,1.5288970470428467,0.7766244411468506,0.0
27.760000944137573,18.400000000000006,-5.0,-14.137166941154069,2.9670597283903604,0.2279600511668421,1.4340574136043847,1.5288970470428467,0.7766244411468506,0.0
27.770000457763672,18.0,-4.800000000000001,-23.911010752322316,8.901179185171081,0.09842570441879313,1.3529709524510785,4.495455741882324,0.8398481011390686,0.0
27.780000925064087,17.400000000000002,-4.600000000000001,-29.670597283903604,8.028514559173916,0.09842570441879313,1.3529709524510785,4.495455741882324,0.8398481011390686,0.0
27.790000438690186,16.900000000000002,-4.4,-27.75073510670984,11.344640137963141,0.09842570441879313,1.3529709524510785,4.495455741882324,0.8398481011390686,0.0
27.80000066757202,16.5,-4.1,-22.340214425527417,15.3588974175501,0.019889131980999647,1.3040130891132333,26.126384735107422,0.8789882659912109,0.0
27.81000065803528,16.200000000000003,-3.7000000000000006,-15.533430342749533,23.387411976724017,0.019889131980999647,1.3040130891132333,26.126384735107422,0.8789882659912109,0.0
27.820000648498535,16.1,-3.2,-8.377580409572781,23.387411976724017,0.019889131980999647,1.3040130891132333,26.126384735107422,0.8789882659912109,0.0
27.83000087738037,16.1,-2.9000000000000004,0.0,19.896753472735355,0.004079821944820441,1.117361235137698,116.91100311279297,0.8831579089164734,0.0
27.84000062942505,16.1,-2.6,0.0,15.3588974175501,0.004079821944820441,1.117361235137698,116.91100311279297,0.8831579089164734,0.0
27.850000381469727,16.1,-2.3000000000000007,0.0,19.198621771937624,0.004079821944820441,1.117361235137698,116.91100311279297,0.8831579089164734,0.0
27.860000610351562,16.1,-1.7000000000000002,0.0,29.49606435870417,0.004079821944820441,1.117361235137698,116.91100311279297,0.8831579089164734,0.0
27.87000036239624,16.200000000000003,-1.1,0.8726646259971648,35.43018381548489,0.0030598664586153302,0.8822614955674202,128.4443359375,0.8857629895210266,0.0
27.880000591278076,16.200000000000003,-0.5,0.17453292519943295,31.590459461097364,0.0030598664586153302,0.8822614955674202,128.4443359375,0.8857629895210266,0.0
27.890000820159912,16.200000000000003,0.2,0.0,39.79350694547071,0.0030598664586153302,0.8822614955674202,128.4443359375,0.8857629895210266,0.0
27.90000057220459,16.200000000000003,1.0,0.0,45.0294947014537,0.0030598664586153302,0.8118845670192676,124.57766723632812,0.8874924778938293,0.0
27.910000801086426,16.200000000000003,1.9000000000000004,0.0,48.52015320544236,0.0030598664586153302,0.8118845670192676,124.57766723632812,0.8874924778938293,0.0
27.920000553131104,16.200000000000003,2.8000000000000007,0.0,52.708943410228756,0.0030598664586153302,0.8118845670192676,124.57766723632812,0.8874924778938293,0.0
27.93000054359436,16.200000000000003,3.7000000000000006,-0.17453292519943295,50.26548245743669,0.0030598664586153302,0.8118845670192676,124.57766723632812,0.8874924778938293,0.0
27.940000295639038,16.200000000000003,4.7,-0.17453292519943295,50.09094953223726,0.00509977743102555,0.8429932093485235,81.7509994506836,0.8856121897697449,0.0
27.950000524520874,16.1,5.499999999999999,-0.3490658503988659,46.25122517784973,0.00509977743102555,0.8429932093485235,81.7509994506836,0.8856121897697449,0.0
27.96000051498413,16.1,6.4,-0.5235987755982988,48.52015320544236,0.004589799687922995,0.9403989582811115,106.93321990966797,0.8842277526855469,0.0
27.970000505447388,16.1,7.200000000000001,-1.0471975511965976,45.0294947014537,0.004589799687922995,0.9403989582811115,106.93321990966797,0.8842277526855469,0.0
27.980000495910645,16.1,8.100000000000001,-0.17453292519943295,47.82202150464463,0.004589799687922995,0.9403989582811115,106.93321990966797,0.8842277526855469,0.0
27.990000247955322,16.1,8.899999999999999,-2.6179938779914944,44.33136300065597,0.006629710660333216,1.0551439504791864,86.3725357055664,0.8820401430130005,0.0
28.00000023841858,15.899999999999999,9.700000000000001,-7.853981633974483,44.33136300065597,0.006629710660333216,1.0551439504791864,86.3725357055664,0.8820401430130005,0.0
28.010000705718994,15.600000000000001,10.5,-15.009831567151235,42.236967898262776,0.006629710660333216,1.0551439504791864,86.3725357055664,0.8820401430130005,0.0
28.02000069618225,15.200000000000003,11.100000000000001,-19.198621771937624,34.38298626428829,0.005609755174128105,1.120931079339416,113.58372497558594,0.884632408618927,0.0
28.03000044822693,14.300000000000002,11.700000000000001,-25.48180707911721,34.20845333908886,0.005609755174128105,1.120931079339416,113.58372497558594,0.884632408618927,0.0
28.040000915527344,14.300000000000002,12.200000000000001,-25.48180707911721,28.623399732707004,0.005609755174128105,1.120931079339416,113.58372497558594,0.884632408618927,0.0
28.05000066757202,13.8,12.4,-27.401669256310974,14.835298641951802,0.004589799687922995,1.1336805229169797,145.51100158691406,0.885041356086731,0.0
28.06000065803528,13.3,12.5,-27.925268031909273,3.6651914291880923,0.004589799687922995,1.1336805229169797,145.51100158691406,0.885041356086731,0.0
28.070000648498535,12.100000000000001,12.5,-34.38298626428829,0.3490658503988659,0.004589799687922995,1.1336805229169797,145.51100158691406,0.885041356086731,0.0
28.080000638961792,12.100000000000001,12.5,-34.38298626428829,-0.0,0.004589799687922995,1.1041018138170315,145.2443389892578,0.886043906211853,0.0
28.09000062942505,11.4,12.5,-37.17551306747922,-0.0,0.004589799687922995,1.1041018138170315,145.2443389892578,0.886043906211853,0.0
28.100000381469727,10.700000000000001,12.5,-39.269908169872416,-0.17453292519943295,0.004589799687922995,1.1041018138170315,145.2443389892578,0.886043906211853,0.0
28.110000371932983,9.900000000000002,12.5,-41.538836197465045,0.17453292519943295,0.005609755174128105,1.0801328598912117,119.40190887451172,0.885222852230072,0.0
28.12000060081482,9.200000000000003,12.5,-41.538836197465045,-0.17453292519943295,0.005609755174128105,1.0801328598912117,119.40190887451172,0.885222852230072,0.0
28.130000829696655,8.5,12.5,-38.746309394274114,2.0943951023931953,0.005609755174128105,1.0801328598912117,119.40190887451172,0.885222852230072,0.0
28.140000581741333,7.9,12.600000000000001,-33.510321638291124,1.9198621771937625,0.005609755174128105,1.0801328598912117,119.40190887451172,0.885222852230072,0.0
28.15000057220459,7.300000000000001,12.700000000000001,-29.49606435870417,9.250245035569947,0.005609755174128105,1.04188452915852,118.16554260253906,0.8850842118263245,0.0
28.160000324249268,6.600000000000001,13.100000000000001,-17.976891295541595,16.05702911834783,0.005609755174128105,1.04188452915852,118.16554260253906,0.8850842118263245,0.0
28.170000553131104,6.600000000000001,13.600000000000001,-17.976891295541595,25.830872929516076,0.005609755174128105,1.04188452915852,118.16554260253906,0.8850842118263245,0.0
28.18000030517578,6.4,14.0,-10.297442586766545,26.17993877991494,0.005609755174128105,1.04188452915852,118.16554260253906,0.8850842118263245,0.0
28.190000534057617,6.500000000000001,14.400000000000002,-0.17453292519943295,19.722220547535922,0.008159643889640881,1.0276051523516483,81.41100311279297,0.8842357397079468,0.0
28.200000524520874,6.500000000000001,14.700000000000001,-0.17453292519943295,15.882496193148398,0.008159643889640881,1.0276051523516483,81.41100311279297,0.8842357397079468,0.0
28.21000027656555,6.500000000000001,14.999999999999998,0.3490658503988659,17.802358370342162,0.005609755174128105,1.0133257755447769,118.23827362060547,0.8833633661270142,0.0
28.220000505447388,6.500000000000001,15.300000000000002,0.17453292519943295,18.500490071139893,0.005609755174128105,1.0133257755447769,118.23827362060547,0.8833633661270142,0.0
28.230000495910645,6.500000000000001,15.700000000000001,0.6981317007977318,18.675022996339326,0.005609755174128105,1.0133257755447769,118.23827362060547,0.8833633661270142,0.0
28.2400004863739,6.500000000000001,15.899999999999999,0.6981317007977318,12.915436464758038,0.005609755174128105,1.0133257755447769,118.23827362060547,0.8833633661270142,0.0
28.250000476837158,6.500000000000001,16.0,0.5235987755982988,5.061454830783556,0.0061197329172306605,0.9842570441879313,105.57766723632812,0.8848549127578735,0.0
28.260000944137573,6.500000000000001,16.0,0.5235987755982988,0.6981317007977318,0.0061197329172306605,0.9842570441879313,105.57766723632812,0.8848549127578735,0.0
28.27000069618225,6.500000000000001,16.0,2.0943951023931953,0.3490658503988659,0.00509977743102555,0.9495785576569574,122.63099670410156,0.8864220976829529,0.0
28.280000925064087,6.500000000000001,16.0,2.0943951023931953,-0.0,0.00509977743102555,0.9495785576569574,122.63099670410156,0.8864220976829529,0.0
28.290000677108765,6.699999999999999,16.0,5.759586531581287,-0.0,0.00509977743102555,0.9495785576569574,122.63099670410156,0.8864220976829529,0.0
28.30000066757202,6.699999999999999,16.0,5.759586531581287,-0.0,0.024988909412025195,0.889401183970856,22.849775314331055,0.8812018036842346,0.0
28.3100004196167,6.800000000000001,16.0,6.457718232379019,-0.3490658503988659,0.024988909412025195,0.889401183970856,22.849775314331055,0.8812018036842346,0.0
28.320000648498535,7.0,15.899999999999999,10.122909661567112,-1.7453292519943295,0.024988909412025195,0.889401183970856,22.849775314331055,0.8812018036842346,0.0
28.330000638961792,7.800000000000001,15.8,23.387411976724017,-6.283185307179586,0.024988909412025195,0.889401183970856,22.849775314331055,0.8812018036842346,0.0
28.34000062942505,7.800000000000001,15.5,23.387411976724017,-13.439035240356338,0.5655653171007335,0.6277826017592453,0.13516771793365479,0.36779773235321045,0.0
28.350000619888306,8.3,15.200000000000003,29.845130209103036,-19.896753472735355,0.7511972155900636,0.5171174315059908,0.41595178842544556,0.059808678925037384,0.0
28.360000610351562,8.899999999999999,14.700000000000001,33.85938748868999,-23.212879051524585,0.7511972155900636,0.5171174315059908,0.41595178842544556,0.059808678925037384,0.0
28.3700008392334,10.200000000000001,14.200000000000001,33.68485456349056,-27.925268031909273,0.7511972155900636,0.5171174315059908,0.41595178842544556,0.059808678925037384,0.0
28.380000591278076,10.200000000000001,13.600000000000001,33.68485456349056,-30.368728984701335,1.208137273409953,0.17951216557209937,0.7873537540435791,2.9087271690368652,0.0
28.390000820159912,10.8,13.200000000000003,34.55751918948773,-22.51474735072685,1.208137273409953,0.17951216557209937,0.7873537540435791,2.9087271690368652,0.0
28.40000057220459,11.5,13.000000000000002,37.000980142279786,-12.566370614359172,1.208137273409953,0.17951216557209937,0.7873537540435791,2.9087271690368652,0.0
28.410000562667847,13.200000000000003,12.5,48.52015320544236,-19.02408884673819,1.3239022210942328,0.05711750722748617,0.8594160079956055,12.368143081665039,0.0
28.420000553131104,14.200000000000001,12.5,52.708943410228756,-19.02408884673819,1.3239022210942328,0.05711750722748617,0.8594160079956055,12.368143081665039,0.0
28.43000054359436,14.200000000000001,11.8,52.708943410228756,-32.637657012293964,1.3239022210942328,0.05711750722748617,0.8594160079956055,12.368143081665039,0.0
28.440000772476196,16.0,11.200000000000003,46.42575810304917,-33.68485456349056,1.3239022210942328,0.05711750722748617,0.8594160079956055,12.368143081665039,0.0
28.450000524520874,16.0,10.700000000000001,46.42575810304917,-28.274333882308138,1.3239022210942328,0.05711750722748617,0.8594160079956055,12.368143081665039,0.0
28.46000051498413,16.699999999999996,10.200000000000001,41.36430327226561,-30.543261909900767,1.3381815979011045,0.00509977743102555,0.887780487537384,150.2310028076172,0.0
28.47000026702881,17.400000000000002,9.5,36.302848441482055,-34.73205211468716,1.3381815979011045,0.00509977743102555,0.887780487537384,150.2310028076172,0.0
28.480000495910645,17.900000000000006,8.899999999999999,31.41592653589793,-31.066860685499066,1.3381815979011045,0.00509977743102555,0.887780487537384,150.2310028076172,0.0
28.4900004863739,18.400000000000006,8.3,28.623399732707004,-34.38298626428829,1.190798030144466,0.006629710660333216,0.8835182189941406,104.89561462402344,0.0
28.500000476837158,18.900000000000002,7.699999999999999,23.736477827122883,-34.73205211468716,1.190798030144466,0.006629710660333216,0.8835182189941406,104.89561462402344,0.0
28.510000705718994,19.1,7.1000000000000005,16.05702911834783,-30.01966313430247,1.190798030144466,0.006629710660333216,0.8835182189941406,104.89561462402344,0.0
28.52000093460083,19.300000000000004,6.600000000000001,7.3303828583761845,-29.321531433504738,1.0066960648844436,0.005609755174128105,0.883731484413147,106.52918243408203,0.0
28.53000044822693,19.300000000000004,5.9,2.792526803190927,-35.43018381548489,1.0066960648844436,0.005609755174128105,0.883731484413147,106.52918243408203,0.0
28.540000915527344,19.300000000000004,5.4,0.0,-28.274333882308138,1.0066960648844436,0.005609755174128105,0.883731484413147,106.52918243408203,0.0
28.55000066757202,19.300000000000004,5.1000000000000005,-0.3490658503988659,-19.896753472735355,0.8613524081002154,0.006629710660333216,0.882842481136322,78.61869049072266,0.0
28.56000065803528,19.200000000000003,4.800000000000001,-5.061454830783556,-15.882496193148398,0.8613524081002154,0.006629710660333216,0.882842481136322,78.61869049072266,0.0
28.570000648498535,19.0,4.5,-8.028514559173916,-16.231562043547264,0.8613524081002154,0.006629710660333216,0.882842481136322,78.61869049072266,0.0
28.580000638961792,18.700000000000003,4.2,-14.137166941154069,-13.962634015954636,0.8032149453865242,0.007139688403435771,0.8793492317199707,69.62528228759766,0.0
28.59000062942505,18.400000000000006,4.2,-18.151424220741028,-4.886921905584122,0.8032149453865242,0.007139688403435771,0.8793492317199707,69.62528228759766,0.0
28.600000381469727,17.900000000000006,4.2,-24.08554367752175,0.3490658503988659,0.8032149453865242,0.007139688403435771,0.8793492317199707,69.62528228759766,0.0
28.610000610351562,17.400000000000002,4.2,-28.797932657906436,-0.0,0.8032149453865242,0.007139688403435771,0.8793492317199707,69.62528228759766,0.0
28.62000060081482,16.699999999999996,4.2,-35.08111796508602,-0.0,0.843503187091626,0.006629710660333216,0.8807774782180786,82.18791961669922,0.0
28.630000829696655,16.1,4.2,-37.000980142279786,-0.17453292519943295,0.8588025193847026,0.005609755174128105,0.8832992911338806,100.20191192626953,0.0
28.640000581741333,15.399999999999999,4.2,-37.17551306747922,-0.3490658503988659,0.8588025193847026,0.005609755174128105,0.8832992911338806,100.20191192626953,0.0
28.65000081062317,14.300000000000002,4.2,-27.401669256310974,-0.3490658503988659,0.8588025193847026,0.005609755174128105,0.8832992911338806,100.20191192626953,0.0
28.660000562667847,14.300000000000002,4.2,-27.401669256310974,-0.3490658503988659,0.8929710281725739,0.006629710660333216,0.8844311833381653,89.57254028320312,0.0
28.670000791549683,14.100000000000003,3.9000000000000004,0.3490658503988659,-10.471975511965978,0.8929710281725739,0.006629710660333216,0.8844311833381653,89.57254028320312,0.0
28.68000078201294,14.200000000000001,3.9000000000000004,4.537856055185257,-10.471975511965978,0.8929710281725739,0.006629710660333216,0.8844311833381653,89.57254028320312,0.0
28.690000295639038,14.200000000000001,3.6000000000000005,4.537856055185257,-15.533430342749533,0.8929710281725739,0.006629710660333216,0.8844311833381653,89.57254028320312,0.0
28.700000286102295,14.300000000000002,3.2,8.377580409572781,-20.420352248333657,0.9036805607777275,0.006629710660333216,0.8853882551193237,92.46484375,0.0
28.71000051498413,14.900000000000002,1.5,17.976891295541595,-50.09094953223726,0.9036805607777275,0.006629710660333216,0.8853882551193237,92.46484375,0.0
28.720000743865967,14.900000000000002,1.5,17.976891295541595,-50.09094953223726,0.9036805607777275,0.006629710660333216,0.8853882551193237,92.46484375,0.0
28.730000495910645,15.300000000000002,0.5,20.420352248333657,-56.72320068981571,0.9036805607777275,0.006629710660333216,0.8853882551193237,92.46484375,0.0
28.7400004863739,16.1,-0.5,20.769418098732523,-56.548667764616276,0.8863413175122407,0.10352548184981868,0.8415891528129578,5.128734111785889,0.0
28.750000476837158,16.5,-1.6,21.29301687433082,-60.56292504420323,0.8863413175122407,0.10352548184981868,0.8415891528129578,5.128734111785889,0.0
28.760000944137573,16.5,-2.6,21.29301687433082,-54.10520681182422,0.7858757021210373,0.643081934052322,0.5416930317878723,0.019214114174246788,0.0
28.77000069618225,17.0,-3.5,25.830872929516076,-48.345620280242926,0.7858757021210373,0.643081934052322,0.5416930317878723,0.019214114174246788,0.0
28.780000925064087,17.5,-4.0,28.97246558310587,-31.41592653589793,0.7858757021210373,0.643081934052322,0.5416930317878723,0.019214114174246788,0.0
28.790000915527344,18.1,-4.3,30.01966313430247,-17.62782544514273,0.5966739594299894,1.2060973624375426,0.0705384612083435,0.5351733565330505,0.0
28.80000066757202,18.5,-4.5,26.00540585471551,-10.122909661567112,0.5966739594299894,1.2060973624375426,0.0705384612083435,0.5351733565330505,0.0
28.810000896453857,18.900000000000002,-4.5,20.07128639793479,-1.7453292519943295,0.5966739594299894,1.2060973624375426,0.0705384612083435,0.5351733565330505,0.0
28.820000648498535,19.0,-4.5,9.599310885968812,0.17453292519943295,0.3743236634372754,1.3453212863045403,0.5398828387260437,0.6833896636962891,0.0
28.830000638961792,19.0,-4.4,-2.443460952792061,0.8726646259971648,0.3743236634372754,1.3453212863045403,0.5398828387260437,0.6833896636962891,0.0
28.84000062942505,18.8,-4.4,-9.42477796076938,0.17453292519943295,0.3743236634372754,1.3453212863045403,0.5398828387260437,0.6833896636962891,0.0
28.850000619888306,18.400000000000006,-4.4,-19.722220547535922,-0.0,0.1779822323427917,1.260664980949516,1.95569908618927,0.7896472215652466,0.0
28.860000610351562,17.7,-4.4,-33.510321638291124,0.3490658503988659,0.1779822323427917,1.260664980949516,1.95569908618927,0.7896472215652466,0.0
28.870001077651978,17.0,-4.4,-40.840704496667314,0.17453292519943295,0.1779822323427917,1.260664980949516,1.95569908618927,0.7896472215652466,0.0
28.880000591278076,15.300000000000002,-4.4,-45.20402762665314,0.3490658503988659,0.1779822323427917,1.260664980949516,1.95569908618927,0.7896472215652466,0.0
28.890000820159912,14.600000000000001,-4.4,-38.04817769347638,0.17453292519943295,0.1779822323427917,1.260664980949516,1.95569908618927,0.7896472215652466,0.0
28.90000033378601,14.600000000000001,-4.4,-38.04817769347638,0.17453292519943295,0.01835919875169198,1.2968734007097975,29.244333267211914,0.8745288848876953,0.0
28.910000801086426,13.8,-4.4,-18.32595714594046,-0.0,0.01835919875169198,1.2968734007097975,29.244333267211914,0.8745288848876953,0.0
28.920000553131104,13.8,-4.4,-6.283185307179586,-0.0,0.01835919875169198,1.2968734007097975,29.244333267211914,0.8745288848876953,0.0
28.93000054359436,13.8,-4.4,-6.283185307179586,1.2217304763960306,0.01835919875169198,1.2968734007097975,29.244333267211914,0.8745288848876953,0.0
28.940000534057617,13.8,-4.2,-0.6981317007977318,6.806784082777885,0.008669621632743436,1.1520397216686717,57.08747100830078,0.8858127593994141,0.0
28.950000762939453,14.200000000000001,-3.9000000000000004,13.962634015954636,16.755160819145562,0.008669621632743436,1.1520397216686717,57.08747100830078,0.8858127593994141,0.0
28.96000051498413,14.200000000000001,-3.5,13.962634015954636,22.165681500327985,0.0015299332293076651,0.9613080457483162,0.0,0.8915464282035828,0.0
28.97000026702881,14.900000000000002,-3.0,17.453292519943297,25.656340004316643,0.0015299332293076651,0.9613080457483162,0.0,0.8915464282035828,0.0
28.980000734329224,14.900000000000002,-2.6,17.453292519943297,23.736477827122883,0.0015299332293076651,0.9613080457483162,0.0,0.8915464282035828,0.0
28.9900004863739,15.100000000000001,-2.0,13.61356816555577,29.49606435870417,0.0015299332293076651,0.871041985219164,0.0,0.8843161463737488,0.0
29.000000953674316,15.200000000000003,-1.2000000000000002,6.457718232379019,39.96803987067015,0.0015299332293076651,0.871041985219164,0.0,0.8843161463737488,0.0
29.010000467300415,15.200000000000003,-0.6000000000000001,-0.17453292519943295,34.38298626428829,0.0015299332293076651,0.871041985219164,0.0,0.8843161463737488,0.0
29.02000069618225,15.200000000000003,-0.0,-0.17453292519943295,33.68485456349056,0.0010199554862051102,0.8603324526140104,0.0,0.8852062821388245,0.0
29.030000686645508,15.200000000000003,0.6000000000000001,0.0,41.01523742186674,0.0010199554862051102,0.8603324526140104,0.0,0.8852062821388245,0.0
29.040000915527344,15.200000000000003,1.3,-0.3490658503988659,36.82644721708035,0.007139688403435771,0.8832814510536253,58.48242950439453,0.8848429322242737,0.0
29.05000066757202,15.200000000000003,2.2,-0.17453292519943295,45.553093477052,0.007139688403435771,0.8832814510536253,58.48242950439453,0.8848429322242737,0.0
29.06000065803528,15.200000000000003,3.1,-0.17453292519943295,50.09094953223726,0.007139688403435771,0.8832814510536253,58.48242950439453,0.8848429322242737,0.0
29.070000648498535,15.200000000000003,4.0,-0.17453292519943295,50.26548245743669,0.006629710660333216,0.9597781125190086,71.91100311279297,0.8826237916946411,0.0
29.080000638961792,15.200000000000003,4.9,0.0,49.39281783143953,0.006629710660333216,0.9597781125190086,71.91100311279297,0.8826237916946411,0.0
29.09000062942505,15.200000000000003,5.800000000000001,0.0,48.1710873550435,0.006629710660333216,0.9597781125190086,71.91100311279297,0.8826237916946411,0.0
29.100000619888306,15.200000000000003,6.600000000000001,0.0,46.949356878647464,0.00509977743102555,1.0439244401309302,105.6709976196289,0.8839194178581238,0.0
29.110000371932983,15.100000000000001,7.400000000000001,-0.17453292519943295,45.20402762665314,0.00509977743102555,1.0439244401309302,105.6709976196289,0.8839194178581238,0.0
29.12000060081482,15.100000000000001,8.3,-0.17453292519943295,48.1710873550435,0.00509977743102555,1.0439244401309302,105.6709976196289,0.8839194178581238,0.0
29.130000829696655,15.100000000000001,9.100000000000001,-2.0943951023931953,42.06243497306334,0.007649666146538325,1.094412236698083,75.9643325805664,0.8845265507698059,0.0
29.140000581741333,14.900000000000002,9.900000000000002,-7.155849933176751,40.840704496667314,0.007649666146538325,1.094412236698083,75.9643325805664,0.8845265507698059,0.0
29.15000081062317,14.700000000000001,10.4,-12.217304763960307,34.20845333908886,0.007649666146538325,1.094412236698083,75.9643325805664,0.8845265507698059,0.0
29.160000562667847,14.400000000000002,10.8,-17.802358370342162,23.212879051524585,0.008159643889640881,1.1041018138170315,73.61100006103516,0.8841962814331055,0.0
29.170000553131104,14.0,11.200000000000003,-21.118483949131388,20.59488517353309,0.008159643889640881,1.1041018138170315,73.61100006103516,0.8841962814331055,0.0
29.18000054359436,13.5,11.600000000000001,-26.00540585471551,22.689280275926283,0.008159643889640881,1.1041018138170315,73.61100006103516,0.8841962814331055,0.0
29.190000534057617,13.000000000000002,12.0,-28.099800957108705,19.373154697137057,0.00509977743102555,1.0964521476704934,121.43099975585938,0.885651171207428,0.0
29.200000524520874,12.5,12.100000000000001,-25.830872929516076,8.726646259971648,0.00509977743102555,1.0964521476704934,121.43099975585938,0.885651171207428,0.0
29.21000051498413,11.900000000000002,12.100000000000001,-31.764992386296797,1.3962634015954636,0.00509977743102555,1.0964521476704934,121.43099975585938,0.885651171207428,0.0
29.220000505447388,11.100000000000001,12.100000000000001,-41.538836197465045,0.8726646259971648,0.004589799687922995,1.0745231047170836,135.37767028808594,0.8867218494415283,0.0
29.230000495910645,9.3,12.100000000000001,-54.10520681182422,-0.0,0.004589799687922995,1.0745231047170836,135.37767028808594,0.8867218494415283,0.0
29.240000247955322,9.3,12.200000000000001,-54.10520681182422,1.0471975511965976,0.00509977743102555,1.0597337501671094,122.71099853515625,0.8878450393676758,0.0
29.25000023841858,8.2,12.100000000000001,-56.72320068981571,-0.17453292519943295,0.00509977743102555,1.0597337501671094,122.71099853515625,0.8878450393676758,0.0
29.260000944137573,7.200000000000001,12.200000000000001,-54.10520681182422,2.0943951023931953,0.00509977743102555,1.0597337501671094,122.71099853515625,0.8878450393676758,0.0
29.270000457763672,6.4,12.200000000000001,-47.472955654245766,1.5707963267948966,0.0030598664586153302,1.0367847517274944,206.57766723632812,0.8866389393806458,0.0
29.280000686645508,5.300000000000001,12.4,-24.609142453120047,7.155849933176751,0.0030598664586153302,1.0367847517274944,206.57766723632812,0.8866389393806458,0.0
29.290000677108765,5.300000000000001,12.600000000000001,-24.609142453120047,11.693705988362009,0.0030598664586153302,1.0367847517274944,206.57766723632812,0.8866389393806458,0.0
29.30000066757202,5.2,13.000000000000002,-6.981317007977318,21.467549799530254,0.004589799687922995,1.0240353081499305,138.39988708496094,0.8846175074577332,0.0
29.31000065803528,5.4,13.600000000000001,5.061454830783556,30.01966313430247,0.004589799687922995,1.0240353081499305,138.39988708496094,0.8846175074577332,0.0
29.320000648498535,6.2,14.100000000000003,27.05260340591211,29.146998508305302,0.004589799687922995,1.0240353081499305,138.39988708496094,0.8846175074577332,0.0
29.330000638961792,6.2,14.400000000000002,27.05260340591211,17.10422666954443,0.0035698442017178854,0.9954765545361874,176.59671020507812,0.8857213258743286,0.0
29.34000039100647,6.9,14.5,37.000980142279786,7.155849933176751,0.0035698442017178854,0.9954765545361874,176.59671020507812,0.8857213258743286,0.0
29.350000619888306,7.800000000000001,14.600000000000001,44.85496177625427,6.283185307179586,0.0035698442017178854,0.9954765545361874,176.59671020507812,0.8857213258743286,0.0
29.360000610351562,9.8,14.900000000000002,58.46852994181004,8.552113334772216,0.0035698442017178854,0.9954765545361874,176.59671020507812,0.8857213258743286,0.0
29.3700008392334,10.999999999999998,14.900000000000002,66.84611035138282,8.552113334772216,0.010709532605153655,0.9291794479328552,55.453857421875,0.8815356492996216,0.0
29.380000352859497,12.4,15.100000000000001,75.92182246175334,10.821041362364843,0.010709532605153655,0.9291794479328552,55.453857421875,0.8815356492996216,0.0
29.390000581741333,12.4,15.200000000000003,75.92182246175334,7.3303828583761845,0.10403545959292122,0.7460974381590381,3.891392230987549,0.8228346109390259,0.0
29.40000057220459,13.900000000000002,15.200000000000003,81.85594191853406,0.17453292519943295,0.10403545959292122,0.7460974381590381,3.891392230987549,0.8228346109390259,0.0
29.410000801086426,15.600000000000001,15.100000000000001,84.29940287132612,-1.9198621771937625,0.10403545959292122,0.7460974381590381,3.891392230987549,0.8228346109390259,0.0
29.420000553131104,18.200000000000003,15.100000000000001,67.36970912698112,-0.5235987755982988,0.10403545959292122,0.7460974381590381,3.891392230987549,0.8228346109390259,0.0
29.43000054359436,18.200000000000003,15.100000000000001,67.36970912698112,-2.0943951023931953,0.9031705830346249,0.33760526593389145,0.6373907327651978,0.4813927412033081,0.0
29.440000295639038,18.900000000000002,14.900000000000002,43.982297150257104,-7.67944870877505,1.1306206564583645,0.23560971731338043,0.7475475668907166,1.5871905088424683,0.0
29.450000524520874,19.1,14.800000000000002,16.58062789394613,-9.599310885968812,1.1306206564583645,0.23560971731338043,0.7475475668907166,1.5871905088424683,0.0
29.46000027656555,19.1,14.600000000000001,0.6981317007977318,-8.552113334772216,1.4595563007595125,0.09689577118948546,0.8453941345214844,6.647841930389404,0.0
29.470000743865967,19.0,14.5,-5.585053606381854,-5.934119456780721,1.4595563007595125,0.09689577118948546,0.8453941345214844,6.647841930389404,0.0
29.480000495910645,18.700000000000003,14.5,-6.632251157578453,-1.0471975511965976,1.4595563007595125,0.09689577118948546,0.8453941345214844,6.647841930389404,0.0
29.49000072479248,18.700000000000003,14.5,-6.632251157578453,-0.6981317007977318,1.496784676005999,0.0,0.8911805748939514,0.0,0.0
29.500014305114746,18.700000000000003,14.400000000000002,-1.2217304763960306,-6.632251157578453,1.496784676005999,0.0,0.8911805748939514,0.0,0.0
29.510000467300415,18.700000000000003,14.0,0.3490658503988659,-19.198621771937624,1.496784676005999,0.0,0.8911805748939514,0.0,0.0
29.52000069618225,18.700000000000003,13.5,0.8726646259971648,-25.830872929516076,1.496784676005999,0.0,0.8911805748939514,0.0,0.0
29.530000686645508,18.8,13.100000000000001,3.490658503988659,-22.689280275926283,1.3402215088735145,0.006629710660333216,0.8847382068634033,101.38792419433594,0.0
29.540000915527344,18.8,12.600000000000001,3.490658503988659,-26.878070480712676,1.3402215088735145,0.006629710660333216,0.8847382068634033,101.38792419433594,0.0
29.55000066757202,19.0,11.900000000000002,10.821041362364843,-36.477381366681485,1.1744787423651843,0.00509977743102555,0.8844841718673706,117.51100158691406,0.0
29.56000065803528,19.200000000000003,11.3,10.471975511965978,-32.637657012293964,1.1744787423651843,0.00509977743102555,0.8844841718673706,117.51100158691406,0.0
29.570000410079956,19.300000000000004,10.9,7.504915783575617,-20.769418098732523,1.1744787423651843,0.00509977743102555,0.8844841718673706,117.51100158691406,0.0
29.580000638961792,19.400000000000002,10.600000000000001,1.7453292519943295,-16.929693744344995,0.9954765545361874,0.0061197329172306605,0.8836721181869507,85.4443359375,0.0
29.59000062942505,19.300000000000004,10.299999999999999,-0.3490658503988659,-17.802358370342162,0.9954765545361874,0.0061197329172306605,0.8836721181869507,85.4443359375,0.0
29.600000381469727,19.300000000000004,9.900000000000002,-0.3490658503988659,-20.07128639793479,0.9954765545361874,0.0061197329172306605,0.8836721181869507,85.4443359375,0.0
29.610000610351562,19.300000000000004,9.700000000000001,-2.443460952792061,-12.39183768915974,0.9954765545361874,0.0061197329172306605,0.8836721181869507,85.4443359375,0.0
29.62000060081482,18.700000000000003,9.700000000000001,-20.07128639793479,-1.9198621771937625,0.9954765545361874,0.0061197329172306605,0.8836721181869507,85.4443359375,0.0
29.630000829696655,18.700000000000003,9.700000000000001,-20.07128639793479,0.3490658503988659,0.8251439883399341,0.00917959937584599,0.8786168098449707,48.48877716064453,0.0
29.640000581741333,18.200000000000003,9.700000000000001,-28.274333882308138,-0.6981317007977318,0.8251439883399341,0.00917959937584599,0.8786168098449707,48.48877716064453,0.0
29.65000057220459,17.5,9.700000000000001,-36.65191429188092,0.3490658503988659,0.8098446560468574,0.00917959937584599,0.8799319863319397,49.28877639770508,0.0
29.660000562667847,16.699999999999996,9.700000000000001,-42.411500823462205,-0.6981317007977318,0.8098446560468574,0.00917959937584599,0.8799319863319397,49.28877639770508,0.0
29.670000791549683,15.8,9.700000000000001,-47.647488579445195,0.3490658503988659,0.8098446560468574,0.00917959937584599,0.8799319863319397,49.28877639770508,0.0
29.68000054359436,14.900000000000002,9.700000000000001,-51.83627878423159,-1.2217304763960306,0.8098446560468574,0.00917959937584599,0.8799319863319397,49.28877639770508,0.0
29.690000534057617,13.900000000000002,9.600000000000001,-55.850536063818545,-2.2689280275926285,0.857272586155395,0.00509977743102555,0.8861445784568787,98.87100219726562,0.0
29.700000524520874,12.9,9.4,-54.10520681182422,-10.995574287564276,0.857272586155395,0.00509977743102555,0.8861445784568787,98.87100219726562,0.0
29.71000027656555,12.0,9.100000000000001,-50.09094953223726,-15.882496193148398,0.9205098263001118,0.0061197329172306605,0.8827950358390808,90.57766723632812,0.0
29.720000505447388,11.3,8.700000000000001,-39.444441095071845,-20.769418098732523,0.9205098263001118,0.0061197329172306605,0.8827950358390808,90.57766723632812,0.0
29.730000495910645,10.9,8.2,-24.78367537831948,-30.194196059501902,0.9205098263001118,0.0061197329172306605,0.8827950358390808,90.57766723632812,0.0
29.7400004863739,10.700000000000001,7.600000000000001,-10.122909661567112,-29.670597283903604,0.9709976228672648,0.006629710660333216,0.8843781352043152,90.43407440185547,0.0
29.750000476837158,10.700000000000001,7.300000000000001,-0.3490658503988659,-17.802358370342162,0.9709976228672648,0.006629710660333216,0.8843781352043152,90.43407440185547,0.0
29.760000944137573,10.8,7.200000000000001,1.3962634015954636,-8.901179185171081,0.9709976228672648,0.006629710660333216,0.8843781352043152,90.43407440185547,0.0
29.77000069618225,11.200000000000003,7.200000000000001,15.533430342749533,-0.3490658503988659,0.9709976228672648,0.006629710660333216,0.8843781352043152,90.43407440185547,0.0
29.780000925064087,11.200000000000003,7.200000000000001,15.533430342749533,-0.5235987755982988,0.9709976228672648,0.006629710660333216,0.8843781352043152,90.43407440185547,0.0
29.790000677108765,12.200000000000001,7.200000000000001,29.49606435870417,-0.0,0.9709976228672648,0.006629710660333216,0.8843781352043152,90.43407440185547,0.0
29.800000429153442,12.200000000000001,7.200000000000001,29.49606435870417,-0.0,0.8730818961915742,0.13310419094976686,0.8282523155212402,3.38686203956604,0.0
29.81000065803528,12.8,7.200000000000001,31.93952531149623,-1.2217304763960306,0.8730818961915742,0.13310419094976686,0.8282523155212402,3.38686203956604,0.0
29.820000648498535,13.399999999999999,7.0,31.2413936106985,-8.028514559173916,0.8730818961915742,0.13310419094976686,0.8282523155212402,3.38686203956604,0.0
29.830000400543213,13.900000000000002,6.600000000000001,30.7177948351002,-21.467549799530254,0.7083590851694489,0.6084034475213481,0.5393959879875183,0.11917602270841599,0.0
29.84000062942505,14.999999999999998,5.800000000000001,30.543261909900767,-38.92084231947355,0.7083590851694489,0.6084034475213481,0.5393959879875183,0.11917602270841599,0.0
29.850000619888306,15.5,5.2,26.878070480712676,-36.302848441482055,0.7083590851694489,0.6084034475213481,0.5393959879875183,0.11917602270841599,0.0
29.860000610351562,15.5,4.5,26.878070480712676,-39.09537524467298,0.5472061183490415,1.1617292987876204,0.06439608335494995,0.5782010555267334,0.0
29.8700008392334,16.200000000000003,3.8000000000000007,15.184364492350667,-37.000980142279786,0.5472061183490415,1.1617292987876204,0.06439608335494995,0.5782010555267334,0.0
29.880000591278076,16.3,3.4000000000000004,9.42477796076938,-23.03834612632515,0.5472061183490415,1.1617292987876204,0.06439608335494995,0.5782010555267334,0.0
29.890000820159912,16.3,3.0,9.42477796076938,-23.387411976724017,0.37942344086830093,1.3116627552597715,0.46476343274116516,0.693354606628418,0.0
29.90000057220459,16.4,2.3000000000000007,0.3490658503988659,-36.12831551628262,0.37942344086830093,1.3116627552597715,0.46476343274116516,0.693354606628418,0.0
29.910000801086426,16.4,1.6,0.3490658503988659,-33.510321638291124,0.37942344086830093,1.3116627552597715,0.46476343274116516,0.693354606628418,0.0
29.920000553131104,16.3,1.1,-6.1086523819801535,-33.85938748868999,0.37942344086830093,1.3116627552597715,0.46476343274116516,0.693354606628418,0.0
29.93000054359436,16.3,0.30000000000000004,-6.1086523819801535,-37.873644768276954,0.17288245491176615,1.2759643132425926,2.1245694160461426,0.7988321185112,0.0
29.940000534057617,15.300000000000002,-0.1,-32.637657012293964,-28.623399732707004,0.17288245491176615,1.2759643132425926,2.1245694160461426,0.7988321185112,0.0
29.950000524520874,15.300000000000002,-0.30000000000000004,-32.637657012293964,-14.137166941154069,0.17288245491176615,1.2759643132425926,2.1245694160461426,0.7988321185112,0.0
29.96000051498413,14.600000000000001,-0.4,-37.000980142279786,-6.632251157578453,0.06884699531884493,1.2361860492805934,6.672481536865234,0.8484059572219849,0.0
29.97000026702881,14.0,-0.5,-33.510321638291124,-4.71238898038469,0.06884699531884493,1.2361860492805934,6.672481536865234,0.8484059572219849,0.0
29.980000495910645,13.399999999999999,-0.5,-11.344640137963141,-0.6981317007977318,0.06884699531884493,1.2361860492805934,6.672481536865234,0.8484059572219849,0.0
29.990000247955322,13.399999999999999,-0.5,-11.344640137963141,-0.0,0.019889131980999647,1.1596893878152101,24.587923049926758,0.8773905038833618,0.0
30.000000476837158,13.399999999999999,-0.4,-0.3490658503988659,0.6981317007977318,0.019889131980999647,1.1596893878152101,24.587923049926758,0.8773905038833618,0.0
30.010000705718994,13.5,-0.4,4.1887902047863905,0.6981317007977318,0.019889131980999647,1.1596893878152101,24.587923049926758,0.8773905038833618,0.0
30.02000093460083,13.5,-0.4,4.1887902047863905,3.490658503988659,0.002549888715512775,1.0214854194344178,182.4709930419922,0.8882011771202087,0.0
30.030000686645508,13.700000000000003,-0.1,9.948376736367678,10.297442586766545,0.002549888715512775,1.0214854194344178,182.4709930419922,0.8882011771202087,0.0
30.040000677108765,14.5,0.1,21.991148575128552,18.151424220741028,0.002549888715512775,1.0214854194344178,182.4709930419922,0.8882011771202087,0.0
30.05000066757202,14.5,0.5,21.991148575128552,21.467549799530254,0.0030598664586153302,0.9174499598414965,141.6443328857422,0.8872212171554565,0.0
30.06000065803528,15.300000000000002,1.0,20.943951023931955,24.08554367752175,0.0030598664586153302,0.9174499598414965,141.6443328857422,0.8872212171554565,0.0
30.070000648498535,15.300000000000002,1.5,20.943951023931955,27.75073510670984,0.0030598664586153302,0.9174499598414965,141.6443328857422,0.8872212171554565,0.0
30.080000400543213,15.600000000000001,2.2,19.722220547535922,40.840704496667314,0.0061197329172306605,0.9143900933828811,72.91100311279297,0.8831996917724609,0.0
30.09000062942505,16.0,3.1,18.500490071139893,42.76056667386107,0.0061197329172306605,0.9143900933828811,72.91100311279297,0.8831996917724609,0.0
30.100000619888306,16.3,3.9000000000000004,16.231562043547264,43.45869837465881,0.0061197329172306605,0.9143900933828811,72.91100311279297,0.8831996917724609,0.0
30.11000108718872,16.5,4.600000000000001,10.821041362364843,43.45869837465881,0.004589799687922995,0.9602880902621111,106.48877716064453,0.8860260248184204,0.0
30.12000060081482,16.5,5.300000000000001,-0.17453292519943295,38.746309394274114,0.004589799687922995,0.9602880902621111,106.48877716064453,0.8860260248184204,0.0
30.130000829696655,16.5,6.1000000000000005,-0.17453292519943295,40.840704496667314,0.004589799687922995,0.9602880902621111,106.48877716064453,0.8860260248184204,0.0
30.140000581741333,16.5,7.400000000000001,-0.17453292519943295,36.12831551628262,0.004589799687922995,1.0021062651965207,116.3554458618164,0.8873714804649353,0.0
30.15000081062317,16.5,7.400000000000001,-0.3490658503988659,36.12831551628262,0.004589799687922995,1.0021062651965207,116.3554458618164,0.8873714804649353,0.0
30.160000562667847,16.4,8.2,-0.17453292519943295,41.88790204786391,0.004589799687922995,1.0021062651965207,116.3554458618164,0.8873714804649353,0.0
30.170000791549683,16.4,8.899999999999999,-0.17453292519943295,37.000980142279786,0.004589799687922995,1.0021062651965207,116.3554458618164,0.8873714804649353,0.0
30.18000054359436,16.4,9.600000000000001,-1.7453292519943295,39.269908169872416,0.004589799687922995,1.0021062651965207,116.3554458618164,0.8873714804649353,0.0
30.190000295639038,16.3,10.299999999999999,-4.1887902047863905,40.49163864626845,0.005609755174128105,1.0597337501671094,104.56554412841797,0.8843801617622375,0.0
30.200000524520874,15.600000000000001,10.999999999999998,-20.59488517353309,34.73205211468716,0.005609755174128105,1.0597337501671094,104.56554412841797,0.8843801617622375,0.0
30.21000051498413,15.600000000000001,11.600000000000001,-20.59488517353309,34.90658503988659,0.005609755174128105,1.084212681836032,110.31099700927734,0.8852370381355286,0.0
30.220000505447388,14.5,12.200000000000001,-31.066860685499066,31.41592653589793,0.005609755174128105,1.084212681836032,110.31099700927734,0.8852370381355286,0.0
30.230000495910645,14.5,12.5,-31.066860685499066,20.59488517353309,0.005609755174128105,1.084212681836032,110.31099700927734,0.8852370381355286,0.0
30.2400004863739,13.200000000000003,12.700000000000001,-38.22271061867582,13.264502315156905,0.005609755174128105,1.084212681836032,110.31099700927734,0.8852370381355286,0.0
30.25000023841858,13.200000000000003,13.000000000000002,-38.22271061867582,13.08996938995747,0.002549888715512775,1.0791129044050065,248.87100219726562,0.8867315649986267,0.0
30.260000944137573,11.600000000000001,13.3,-43.807764225057674,16.406094968746697,0.002549888715512775,1.0791129044050065,248.87100219726562,0.8867315649986267,0.0
30.27000069618225,11.600000000000001,13.600000000000001,-43.807764225057674,20.07128639793479,0.00509977743102555,1.068403371799853,126.31099700927734,0.8867088556289673,0.0
30.280000686645508,10.700000000000001,14.100000000000003,-45.72762640225143,7.155849933176751,0.00509977743102555,1.068403371799853,126.31099700927734,0.8867088556289673,0.0
30.290000677108765,9.100000000000001,14.100000000000003,-43.63323129985824,7.155849933176751,0.00509977743102555,1.068403371799853,126.31099700927734,0.8867088556289673,0.0
30.30000066757202,9.100000000000001,14.100000000000003,-43.63323129985824,0.6981317007977318,0.00509977743102555,1.068403371799853,126.31099700927734,0.8867088556289673,0.0
30.31000065803528,7.699999999999999,14.100000000000003,-37.000980142279786,0.3490658503988659,0.00509977743102555,1.0582038169378016,128.31100463867188,0.8859156370162964,0.0
30.320000648498535,7.699999999999999,14.100000000000003,-37.000980142279786,1.0471975511965976,0.0061197329172306605,1.032704929782674,104.64433288574219,0.8866296410560608,0.0
30.330000638961792,7.1000000000000005,14.100000000000003,-34.20845333908886,-0.0,0.0061197329172306605,1.032704929782674,104.64433288574219,0.8866296410560608,0.0
30.34000062942505,6.300000000000001,14.200000000000001,-19.896753472735355,8.552113334772216,0.0061197329172306605,1.032704929782674,104.64433288574219,0.8866296410560608,0.0
30.350000619888306,6.300000000000001,14.600000000000001,-19.896753472735355,18.151424220741028,0.0030598664586153302,0.973037533839675,202.31100463867188,0.8852264285087585,0.0
30.360000371932983,6.1000000000000005,15.200000000000003,-10.122909661567112,28.797932657906436,0.0030598664586153302,0.973037533839675,202.31100463867188,0.8852264285087585,0.0
30.3700008392334,6.2,16.200000000000003,1.7453292519943295,24.434609527920614,0.0030598664586153302,0.973037533839675,202.31100463867188,0.8852264285087585,0.0
30.380000591278076,6.300000000000001,16.200000000000003,5.759586531581287,24.434609527920614,0.00509977743102555,0.857272586155395,107.19100189208984,0.8842409253120422,0.0
30.390000820159912,6.600000000000001,16.3,13.61356816555577,8.377580409572781,0.00509977743102555,0.857272586155395,107.19100189208984,0.8842409253120422,0.0
30.40000057220459,7.0,16.3,21.29301687433082,-0.8726646259971648,0.00509977743102555,0.857272586155395,107.19100189208984,0.8842409253120422,0.0
30.410000801086426,7.499999999999999,16.3,28.274333882308138,-0.6981317007977318,0.029578709099948194,0.7205985510039102,14.73858642578125,0.8612576127052307,0.0
30.420000791549683,9.100000000000001,16.3,48.52015320544236,-0.0,0.029578709099948194,0.7205985510039102,14.73858642578125,0.8612576127052307,0.0
30.43000054359436,9.100000000000001,16.200000000000003,48.52015320544236,-1.0471975511965976,0.029578709099948194,0.7205985510039102,14.73858642578125,0.8612576127052307,0.0
30.440000534057617,11.3,16.1,61.784655520599266,-5.410520681182422,0.029578709099948194,0.7205985510039102,14.73858642578125,0.8612576127052307,0.0
30.450000524520874,11.3,15.8,61.784655520599266,-17.976891295541595,0.029578709099948194,0.7205985510039102,14.73858642578125,0.8612576127052307,0.0
30.46000051498413,12.5,15.300000000000002,63.18091892219473,-24.08554367752175,0.8934810059156765,0.47019947914055576,0.5396849513053894,0.14006724953651428,0.0
30.470000505447388,13.600000000000001,14.900000000000002,63.0063859969953,-22.51474735072685,0.8934810059156765,0.47019947914055576,0.5396849513053894,0.14006724953651428,0.0
30.480000495910645,14.700000000000001,14.700000000000001,61.261056745000964,-12.566370614359172,0.8934810059156765,0.47019947914055576,0.5396849513053894,0.14006724953651428,0.0
30.4900004863739,15.8,14.700000000000001,58.46852994181004,-2.792526803190927,1.427937680687154,0.2075609414427399,0.7910000085830688,2.8377814292907715,0.0
30.50000023841858,17.400000000000002,14.700000000000001,38.571776469074685,0.17453292519943295,1.427937680687154,0.2075609414427399,0.7910000085830688,2.8377814292907715,0.0
30.510000705718994,17.400000000000002,14.700000000000001,38.571776469074685,-0.0,1.427937680687154,0.2075609414427399,0.7910000085830688,2.8377814292907715,0.0
30.52000093460083,17.799999999999997,14.700000000000001,24.958208303518912,-0.0,1.427937680687154,0.2075609414427399,0.7910000085830688,2.8377814292907715,0.0
30.530000925064087,17.900000000000006,14.700000000000001,12.042771838760874,-0.3490658503988659,1.4570064120439998,0.05201772979646061,0.8623986840248108,14.279627799987793,0.0
30.540000677108765,17.6,14.700000000000001,-8.203047484373348,-0.5235987755982988,1.4570064120439998,0.05201772979646061,0.8623986840248108,14.279627799987793,0.0
30.550000429153442,17.6,14.600000000000001,-8.203047484373348,-1.9198621771937625,1.38917937221136,0.0061197329172306605,0.8807768225669861,123.51100158691406,0.0
30.56000065803528,17.5,14.400000000000002,-5.585053606381854,-9.42477796076938,1.38917937221136,0.0061197329172306605,0.8807768225669861,123.51100158691406,0.0
30.570000410079956,17.6,14.0,0.5235987755982988,-21.991148575128552,1.38917937221136,0.0061197329172306605,0.8807768225669861,123.51100158691406,0.0
30.580000400543213,17.6,13.399999999999999,0.0,-31.764992386296797,1.38917937221136,0.0061197329172306605,0.8807768225669861,123.51100158691406,0.0
30.59000062942505,17.6,12.8,0.0,-30.543261909900767,1.38917937221136,0.0061197329172306605,0.8807768225669861,123.51100158691406,0.0
30.600000619888306,17.6,12.100000000000001,0.0,-38.39724354387525,1.1443900555221336,0.0020399109724102203,0.8875739574432373,317.3110046386719,0.0
30.610000610351562,17.6,11.3,0.0,-44.33136300065597,1.1443900555221336,0.0020399109724102203,0.8875739574432373,317.3110046386719,0.0
30.62000060081482,17.6,10.5,0.0,-40.66617157146788,1.1443900555221336,0.0020399109724102203,0.8875739574432373,317.3110046386719,0.0
30.630001068115234,17.5,9.8,-0.3490658503988659,-39.96803987067015,0.9771173557844954,0.0020399109724102203,0.8898350596427917,276.1109924316406,0.0
30.640000581741333,17.5,9.3,-1.7453292519943295,-30.543261909900767,0.9771173557844954,0.0020399109724102203,0.8898350596427917,276.1109924316406,0.0
30.65000081062317,17.2,8.899999999999999,-12.740903539558605,-17.976891295541595,0.9771173557844954,0.0020399109724102203,0.8898350596427917,276.1109924316406,0.0
30.660000562667847,16.8,8.5,-23.387411976724017,-21.118483949131388,0.9771173557844954,0.0020399109724102203,0.8898350596427917,276.1109924316406,0.0
30.670000791549683,16.3,8.0,-30.368728984701335,-27.925268031909273,0.9771173557844954,0.0020399109724102203,0.8898350596427917,276.1109924316406,0.0
30.68000030517578,15.600000000000001,7.499999999999999,-37.35004599267865,-28.44886680750757,0.7930153905244731,0.0005099777431025551,0.8920868039131165,0.0,0.0
30.690000534057617,14.800000000000002,7.1000000000000005,-43.807764225057674,-22.165681500327985,0.7930153905244731,0.0005099777431025551,0.8920868039131165,0.0,0.0
30.700000524520874,13.000000000000002,6.699999999999999,-49.39281783143953,-24.78367537831948,0.7930153905244731,0.0005099777431025551,0.8920868039131165,0.0,0.0
30.71000051498413,13.000000000000002,6.1000000000000005,-49.39281783143953,-32.637657012293964,0.7670065256262427,0.004589799687922995,0.885808527469635,101.59989166259766,0.0
30.720000505447388,12.200000000000001,5.499999999999999,-49.21828490624009,-30.194196059501902,0.7670065256262427,0.004589799687922995,0.885808527469635,101.59989166259766,0.0
30.730000495910645,11.3,5.2,-47.99655442984406,-21.118483949131388,0.7670065256262427,0.004589799687922995,0.885808527469635,101.59989166259766,0.0
30.7400004863739,10.4,4.9,-46.6002910282486,-18.32595714594046,0.7670065256262427,0.004589799687922995,0.885808527469635,101.59989166259766,0.0
30.750000476837158,9.600000000000001,4.5,-43.45869837465881,-20.420352248333657,0.7986251456986012,0.00509977743102555,0.8844022750854492,97.99099731445312,0.0
30.760000705718994,8.5,4.1,-25.656340004316643,-19.198621771937624,0.7986251456986012,0.00509977743102555,0.8844022750854492,97.99099731445312,0.0
30.770000457763672,8.5,3.9000000000000004,-25.656340004316643,-10.995574287564276,0.7986251456986012,0.00509977743102555,0.8844022750854492,97.99099731445312,0.0
30.780001163482666,8.4,3.9000000000000004,-9.948376736367678,-5.585053606381854,0.7986251456986012,0.00509977743102555,0.8844022750854492,97.99099731445312,0.0
30.790000677108765,8.4,3.9000000000000004,-0.5235987755982988,-0.5235987755982988,0.7986251456986012,0.00509977743102555,0.8844022750854492,97.99099731445312,0.0
30.80000066757202,9.0,3.8000000000000007,18.500490071139893,-2.2689280275926285,0.945498735712137,0.006629710660333216,0.881664514541626,92.58792114257812,0.0
30.81000065803528,9.0,3.7000000000000006,18.500490071139893,-7.3303828583761845,0.945498735712137,0.006629710660333216,0.881664514541626,92.58792114257812,0.0
30.820000648498535,10.0,3.4000000000000004,28.797932657906436,-11.693705988362009,1.0255652413792382,0.005609755174128105,0.8850218653678894,122.16554260253906,0.0
30.830000400543213,10.0,3.1,28.797932657906436,-16.05702911834783,1.0255652413792382,0.005609755174128105,0.8850218653678894,122.16554260253906,0.0
30.84000062942505,10.600000000000001,2.6,34.38298626428829,-30.892327760299633,1.0255652413792382,0.005609755174128105,0.8850218653678894,122.16554260253906,0.0
30.850000619888306,11.3,1.8000000000000003,38.04817769347638,-37.17551306747922,1.0286251078378534,0.031108642329255858,0.877894401550293,21.629032135009766,0.0
30.860000610351562,12.8,0.6000000000000001,41.36430327226561,-34.73205211468716,1.0286251078378534,0.031108642329255858,0.877894401550293,21.629032135009766,0.0
30.87000036239624,12.8,0.6000000000000001,41.36430327226561,-34.73205211468716,1.0286251078378534,0.031108642329255858,0.877894401550293,21.629032135009766,0.0
30.880000591278076,13.5,-0.0,37.35004599267865,-35.43018381548489,1.0286251078378534,0.031108642329255858,0.877894401550293,21.629032135009766,0.0
30.890000820159912,14.100000000000003,-0.4,31.93952531149623,-27.05260340591211,0.9613080457483162,0.41665181611478747,0.7145702838897705,0.6992496848106384,0.0
30.90000057220459,14.700000000000001,-1.0,34.73205211468716,-34.20845333908886,0.9613080457483162,0.41665181611478747,0.7145702838897705,0.6992496848106384,0.0
30.910000801086426,15.5,-1.8000000000000003,41.713369122664474,-40.31710572106901,0.9613080457483162,0.41665181611478747,0.7145702838897705,0.6992496848106384,0.0
30.920000553131104,16.4,-2.5,49.39281783143953,-38.22271061867582,0.7904655018089604,0.7726162808003709,0.5034515857696533,0.17560066282749176,0.0
30.93000030517578,17.400000000000002,-3.2,52.185344634630454,-41.18977034706618,0.7904655018089604,0.7726162808003709,0.5034515857696533,0.17560066282749176,0.0
30.940000534057617,18.8,-3.8000000000000007,32.81218993749339,-30.543261909900767,0.7904655018089604,0.7726162808003709,0.5034515857696533,0.17560066282749176,0.0
30.950000524520874,18.8,-4.0,32.81218993749339,-13.439035240356338,0.7904655018089604,0.7726162808003709,0.5034515857696533,0.17560066282749176,0.0
30.96000051498413,19.1,-4.1,15.009831567151235,-7.3303828583761845,0.4696895013974532,1.0571838614515965,0.01429858710616827,0.5698490142822266,0.0
30.970000505447388,18.900000000000002,-4.2,-5.759586531581287,-7.67944870877505,0.4696895013974532,1.0571838614515965,0.01429858710616827,0.5698490142822266,0.0
30.980000495910645,18.700000000000003,-4.5,-8.726646259971648,-16.58062789394613,0.4696895013974532,1.0571838614515965,0.01429858710616827,0.5698490142822266,0.0
30.9900004863739,18.700000000000003,-5.0,-8.726646259971648,-24.78367537831948,0.3075165790908407,1.1561195436134923,0.5756766200065613,0.6963224411010742,0.0
31.00000023841858,18.5,-5.4,-12.566370614359172,-18.500490071139893,0.3075165790908407,1.1561195436134923,0.5756766200065613,0.6963224411010742,0.0
31.010000467300415,18.1,-5.4,-18.32595714594046,-4.1887902047863905,0.3075165790908407,1.1561195436134923,0.5756766200065613,0.6963224411010742,0.0
31.02000093460083,17.7,-5.4,-19.896753472735355,-0.17453292519943295,0.1575831226186895,1.2326162050788756,2.1970841884613037,0.7979780435562134,0.0
31.030000686645508,17.400000000000002,-5.4,-17.802358370342162,0.6981317007977318,0.1575831226186895,1.2326162050788756,2.1970841884613037,0.7979780435562134,0.0
31.040000915527344,17.2,-5.300000000000001,-10.471975511965978,2.9670597283903604,0.1575831226186895,1.2326162050788756,2.1970841884613037,0.7979780435562134,0.0
31.05000066757202,17.2,-5.1000000000000005,-1.5707963267948966,8.203047484373348,0.062217284658511715,1.1831483639979277,6.881491661071777,0.8555517196655273,0.0
31.06000065803528,17.2,-5.0,1.0471975511965976,9.773843811168245,0.062217284658511715,1.1831483639979277,6.881491661071777,0.8555517196655273,0.0
31.070000648498535,17.2,-4.800000000000001,0.0,8.028514559173916,0.062217284658511715,1.1831483639979277,6.881491661071777,0.8555517196655273,0.0
31.080000638961792,17.2,-4.7,0.17453292519943295,5.235987755982989,0.008669621632743436,1.042904484644725,48.56982421875,0.8846968412399292,0.0
31.09000062942505,17.2,-4.7,0.0,0.8726646259971648,0.008669621632743436,1.042904484644725,48.56982421875,0.8846968412399292,0.0
31.100000381469727,17.2,-4.7,0.0,2.443460952792061,0.008669621632743436,1.042904484644725,48.56982421875,0.8846968412399292,0.0
31.110000610351562,17.2,-4.5,0.0,6.806784082777885,0.0015299332293076651,0.9414189137673166,0.0,0.8894333839416504,0.0
31.12000060081482,17.300000000000004,-4.3,0.0,12.39183768915974,0.0015299332293076651,0.9414189137673166,0.0,0.8894333839416504,0.0
31.130000829696655,17.300000000000004,-3.9000000000000004,0.0,20.59488517353309,0.0015299332293076651,0.9414189137673166,0.0,0.8894333839416504,0.0
31.140000581741333,17.300000000000004,-3.3000000000000007,0.0,28.97246558310587,0.0015299332293076651,0.9414189137673166,0.0,0.8894333839416504,0.0
31.15000081062317,17.300000000000004,-2.8000000000000007,0.0,27.22713633111154,0.004589799687922995,0.8939909836587789,84.88877868652344,0.8894563317298889,0.0
31.160000562667847,17.2,-2.4000000000000004,0.0,25.830872929516076,0.004589799687922995,0.8939909836587789,84.88877868652344,0.8894563317298889,0.0
31.170000791549683,17.2,-1.7000000000000002,0.0,34.033920413889426,0.004589799687922995,0.8939909836587789,84.88877868652344,0.8894563317298889,0.0
31.18000054359436,17.2,-0.9000000000000001,-0.17453292519943295,41.18977034706618,0.0030598664586153302,0.9205098263001118,142.31100463867188,0.8867839574813843,0.0
31.190000534057617,17.2,-0.2,-0.17453292519943295,39.09537524467298,0.0030598664586153302,0.9205098263001118,142.31100463867188,0.8867839574813843,0.0
31.200000286102295,17.2,0.5,-0.6981317007977318,45.0294947014537,0.0030598664586153302,0.9205098263001118,142.31100463867188,0.8867839574813843,0.0
31.21000051498413,17.2,1.2000000000000002,-0.3490658503988659,41.538836197465045,0.004589799687922995,0.973037533839675,104.5332260131836,0.8873228430747986,0.0
31.22000026702881,16.8,2.9000000000000004,-13.439035240356338,46.25122517784973,0.004589799687922995,0.973037533839675,104.5332260131836,0.8873228430747986,0.0
31.230000495910645,16.8,2.9000000000000004,-13.439035240356338,46.25122517784973,0.004589799687922995,0.973037533839675,104.5332260131836,0.8873228430747986,0.0
31.2400004863739,16.1,4.5,-21.642082724729686,44.15683007545654,0.0035698442017178854,1.0332149075257766,149.05386352539062,0.8882102370262146,0.0
31.250000476837158,16.1,4.5,-21.642082724729686,44.15683007545654,0.0035698442017178854,1.0332149075257766,149.05386352539062,0.8882102370262146,0.0
31.260000705718994,15.600000000000001,5.2,-24.434609527920614,38.92084231947355,0.0035698442017178854,1.0332149075257766,149.05386352539062,0.8882102370262146,0.0
31.27000069618225,15.100000000000001,5.9,-26.00540585471551,40.66617157146788,0.0020399109724102203,1.076053037946391,279.3110046386719,0.8886208534240723,0.0
31.280000925064087,14.200000000000001,6.699999999999999,-25.656340004316643,38.571776469074685,0.0020399109724102203,1.076053037946391,279.3110046386719,0.8886208534240723,0.0
31.290000677108765,14.200000000000001,7.200000000000001,-25.656340004316643,32.46312408709453,0.0020399109724102203,1.076053037946391,279.3110046386719,0.8886208534240723,0.0
31.30000066757202,13.700000000000003,7.800000000000001,-26.52900463031381,33.85938748868999,0.0035698442017178854,1.0964521476704934,167.11099243164062,0.8867674469947815,0.0
31.31000065803528,13.200000000000003,8.4,-28.274333882308138,31.590459461097364,0.0035698442017178854,1.0964521476704934,167.11099243164062,0.8867674469947815,0.0
31.320000648498535,12.600000000000001,8.8,-31.590459461097364,20.769418098732523,0.0035698442017178854,1.0964521476704934,167.11099243164062,0.8867674469947815,0.0
31.330000638961792,12.0,9.100000000000001,-33.85938748868999,16.58062789394613,0.004079821944820441,1.1030818583308266,151.21099853515625,0.8871507048606873,0.0
31.34000062942505,11.4,9.5,-33.335788713091695,21.118483949131388,0.004079821944820441,1.1030818583308266,151.21099853515625,0.8871507048606873,0.0
31.350000619888306,10.8,9.900000000000002,-30.543261909900767,25.132741228718345,0.004079821944820441,1.1030818583308266,151.21099853515625,0.8871507048606873,0.0
31.360000371932983,9.8,10.299999999999999,-28.099800957108705,20.769418098732523,0.004079821944820441,1.1005319696153137,154.71099853515625,0.8875171542167664,0.0
31.3700008392334,9.8,10.4,-28.099800957108705,8.901179185171081,0.004079821944820441,1.1005319696153137,154.71099853515625,0.8875171542167664,0.0
31.380000591278076,8.8,10.4,-25.830872929516076,0.5235987755982988,0.004079821944820441,1.1005319696153137,154.71099853515625,0.8875171542167664,0.0
31.390000820159912,8.8,10.4,-25.830872929516076,0.3490658503988659,0.004079821944820441,1.0903324147532627,155.91099548339844,0.8871290683746338,0.0
31.40000033378601,7.9,10.4,-24.26007660272118,1.0471975511965976,0.004079821944820441,1.0903324147532627,155.91099548339844,0.8871290683746338,0.0
31.410000801086426,7.9,10.5,-24.26007660272118,0.8726646259971648,0.004079821944820441,1.0903324147532627,155.91099548339844,0.8871290683746338,0.0
31.420000314712524,7.499999999999999,10.600000000000001,-21.118483949131388,5.585053606381854,0.007649666146538325,1.0668734385705452,82.68433380126953,0.8847935199737549,0.0
31.43000030517578,7.200000000000001,10.8,-15.882496193148398,9.773843811168245,0.007649666146538325,1.0668734385705452,82.68433380126953,0.8847935199737549,0.0
31.440000534057617,7.1000000000000005,11.200000000000003,0.0,12.566370614359172,0.007649666146538325,1.0668734385705452,82.68433380126953,0.8847935199737549,0.0
31.450000524520874,7.1000000000000005,11.200000000000003,0.0,12.566370614359172,0.007649666146538325,1.0668734385705452,82.68433380126953,0.8847935199737549,0.0
31.46000051498413,7.200000000000001,11.5,3.6651914291880923,16.231562043547264,0.005609755174128105,1.0536140172498787,113.8746337890625,0.8847405314445496,0.0
31.470000505447388,7.200000000000001,11.700000000000001,3.6651914291880923,13.788101090755204,0.005609755174128105,1.0536140172498787,113.8746337890625,0.8847405314445496,0.0
31.480000495910645,7.9,11.900000000000002,21.991148575128552,6.981317007977318,0.005609755174128105,1.0536140172498787,113.8746337890625,0.8847405314445496,0.0
31.4900004863739,7.9,11.8,21.991148575128552,-0.0,0.00509977743102555,0.9954765545361874,121.6709976196289,0.8861311674118042,0.0
31.500000476837158,8.5,11.8,32.2885911618951,-0.0,0.00509977743102555,0.9954765545361874,121.6709976196289,0.8861311674118042,0.0
31.510000705718994,9.3,11.8,43.109632524259936,-0.0,0.00509977743102555,0.9954765545361874,121.6709976196289,0.8861311674118042,0.0
31.52000069618225,10.299999999999999,11.8,52.01081170943102,0.3490658503988659,0.01529933229307665,0.8705320074760614,35.53766632080078,0.8782208561897278,0.0
31.530000686645508,11.4,11.8,58.99212871740834,-0.0,0.01529933229307665,0.8705320074760614,35.53766632080078,0.8782208561897278,0.0
31.540000915527344,12.5,11.8,59.8647933434055,0.5235987755982988,0.01529933229307665,0.8705320074760614,35.53766632080078,0.8782208561897278,0.0
31.550000429153442,13.600000000000001,11.8,59.34119456780721,-0.17453292519943295,0.1315742577204592,0.6634810437764241,2.394721031188965,0.7832351922988892,0.0
31.56000065803528,14.600000000000001,11.8,58.119464091411174,-0.6981317007977318,0.1315742577204592,0.6634810437764241,2.394721031188965,0.7832351922988892,0.0
31.570000648498535,15.600000000000001,11.8,55.850536063818545,-1.9198621771937625,0.1315742577204592,0.6634810437764241,2.394721031188965,0.7832351922988892,0.0
31.580000638961792,17.400000000000002,11.700000000000001,46.6002910282486,-2.6179938779914944,0.8236140551106264,0.37738352989589075,0.5833653211593628,0.3293783664703369,0.0
31.59000039100647,17.400000000000002,11.600000000000001,46.6002910282486,-5.934119456780721,0.8236140551106264,0.37738352989589075,0.5833653211593628,0.3293783664703369,0.0
31.600000381469727,18.1,11.600000000000001,38.04817769347638,-0.0,0.8236140551106264,0.37738352989589075,0.5833653211593628,0.3293783664703369,0.0
31.610000610351562,18.6,11.600000000000001,28.97246558310587,0.3490658503988659,1.3937691718992828,0.1427937680687154,0.8210892677307129,4.633857250213623,0.0
31.62000060081482,18.900000000000002,11.600000000000001,18.675022996339326,-0.0,1.3937691718992828,0.1427937680687154,0.8210892677307129,4.633857250213623,0.0
31.630000829696655,19.1,11.600000000000001,11.170107212763709,-0.17453292519943295,1.3937691718992828,0.1427937680687154,0.8210892677307129,4.633857250213623,0.0
31.640000581741333,19.1,11.600000000000001,4.1887902047863905,-0.5235987755982988,1.4238578587423336,0.05252770753956317,0.8589140176773071,14.225563049316406,0.0
31.65000081062317,19.200000000000003,11.600000000000001,5.410520681182422,-3.839724354387525,1.4238578587423336,0.05252770753956317,0.8589140176773071,14.225563049316406,0.0
31.660000562667847,19.300000000000004,11.3,2.792526803190927,-13.788101090755204,1.3126827107459766,0.007139688403435771,0.8824731707572937,101.9681396484375,0.0
31.670000791549683,19.400000000000002,10.9,4.71238898038469,-19.373154697137057,1.3126827107459766,0.007139688403435771,0.8824731707572937,101.9681396484375,0.0
31.68000054359436,19.400000000000002,10.4,0.6981317007977318,-28.099800957108705,1.3126827107459766,0.007139688403435771,0.8824731707572937,101.9681396484375,0.0
31.690000295639038,19.400000000000002,9.700000000000001,0.17453292519943295,-34.38298626428829,1.190798030144466,0.006629710660333216,0.8842034339904785,99.8494644165039,0.0
31.700000524520874,19.400000000000002,9.200000000000003,0.0,-26.878070480712676,1.190798030144466,0.006629710660333216,0.8842034339904785,99.8494644165039,0.0
31.71000051498413,19.400000000000002,8.899999999999999,0.0,-19.198621771937624,1.190798030144466,0.006629710660333216,0.8842034339904785,99.8494644165039,0.0
31.72000026702881,19.400000000000002,8.5,0.0,-22.340214425527417,1.0413745514154173,0.0030598664586153302,0.8854740262031555,190.84432983398438,0.0
31.730000734329224,19.400000000000002,8.0,-0.17453292519943295,-27.401669256310974,1.0413745514154173,0.0030598664586153302,0.8854740262031555,190.84432983398438,0.0
31.7400004863739,19.300000000000004,7.600000000000001,-1.3962634015954636,-20.943951023931955,1.0413745514154173,0.0030598664586153302,0.8854740262031555,190.84432983398438,0.0
31.75000023841858,19.300000000000004,7.499999999999999,-1.7453292519943295,-8.901179185171081,0.917959937584599,0.0101995548620511,0.8792222142219543,50.31100082397461,0.0
31.760000705718994,19.1,7.499999999999999,-8.901179185171081,-1.3962634015954636,0.917959937584599,0.0101995548620511,0.8792222142219543,50.31100082397461,0.0
31.77000069618225,19.1,7.499999999999999,-8.901179185171081,-0.0,0.917959937584599,0.0101995548620511,0.8792222142219543,50.31100082397461,0.0
31.780000925064087,18.700000000000003,7.499999999999999,-18.500490071139893,-0.17453292519943295,0.8521728087243695,0.008669621632743436,0.8813399076461792,56.475704193115234,0.0
31.790000677108765,18.200000000000003,7.499999999999999,-29.49606435870417,0.17453292519943295,0.8521728087243695,0.008669621632743436,0.8813399076461792,56.475704193115234,0.0
31.80000066757202,17.5,7.400000000000001,-36.65191429188092,-4.886921905584122,0.8521728087243695,0.008669621632743436,0.8813399076461792,56.475704193115234,0.0
31.81000065803528,16.699999999999996,7.200000000000001,-43.45869837465881,-11.519173063162574,0.8521728087243695,0.008669621632743436,0.8813399076461792,56.475704193115234,0.0
31.820000648498535,14.900000000000002,6.800000000000001,-48.345620280242926,-17.62782544514273,0.8531927642105746,0.004589799687922995,0.8875654339790344,111.64433288574219,0.0
31.830000638961792,14.900000000000002,6.4,-48.345620280242926,-25.307274153917778,0.8659422077881385,0.004589799687922995,0.8857020139694214,115.28878021240234,0.0
31.84000062942505,14.100000000000003,5.800000000000001,-46.42575810304917,-28.623399732707004,0.8659422077881385,0.004589799687922995,0.8857020139694214,115.28878021240234,0.0
31.850000381469727,13.3,5.499999999999999,-41.713369122664474,-19.54768762233649,0.8659422077881385,0.004589799687922995,0.8857020139694214,115.28878021240234,0.0
31.860000371932983,12.700000000000001,5.2,-36.82644721708035,-15.009831567151235,0.8659422077881385,0.004589799687922995,0.8857020139694214,115.28878021240234,0.0
31.8700008392334,12.200000000000001,4.9,-30.194196059501902,-16.231562043547264,0.9057204717501377,0.0061197329172306605,0.8849459290504456,92.97766876220703,0.0
31.880000352859497,11.900000000000002,4.5,-16.58062789394613,-22.165681500327985,0.9057204717501377,0.0061197329172306605,0.8849459290504456,92.97766876220703,0.0
31.890000820159912,11.8,4.1,-3.6651914291880923,-23.911010752322316,0.9138801156397787,0.007139688403435771,0.8831964135169983,82.65385437011719,0.0
31.90000057220459,11.900000000000002,3.8000000000000007,1.9198621771937625,-15.533430342749533,0.9138801156397787,0.007139688403435771,0.8831964135169983,82.65385437011719,0.0
31.910000801086426,12.0,3.7000000000000006,6.283185307179586,-7.3303828583761845,0.9138801156397787,0.007139688403435771,0.8831964135169983,82.65385437011719,0.0
31.920000553131104,12.600000000000001,3.7000000000000006,19.722220547535922,-0.6981317007977318,0.9322393143914706,0.021929042953409868,0.8763085603713989,27.613325119018555,0.0
31.93000054359436,12.600000000000001,3.7000000000000006,19.722220547535922,-0.17453292519943295,0.9322393143914706,0.021929042953409868,0.8763085603713989,27.613325119018555,0.0
31.940000534057617,13.900000000000002,3.7000000000000006,35.95378259108319,-0.17453292519943295,0.9322393143914706,0.021929042953409868,0.8763085603713989,27.613325119018555,0.0
31.950000286102295,13.900000000000002,3.7000000000000006,35.95378259108319,-0.0,0.9322393143914706,0.021929042953409868,0.8763085603713989,27.613325119018555,0.0
31.96000051498413,14.700000000000001,3.6000000000000005,42.76056667386107,-2.443460952792061,0.9322393143914706,0.021929042953409868,0.8763085603713989,27.613325119018555,0.0
31.970000505447388,15.5,3.5,47.1238898038469,-8.377580409572781,0.7624167259383198,0.5823945826231178,0.5545518398284912,0.022383539006114006,0.0
31.980000495910645,16.4,3.2,48.69468613064179,-14.486232791552935,0.7624167259383198,0.5823945826231178,0.5545518398284912,0.022383539006114006,0.0
31.9900004863739,17.2,2.7,45.378560551852566,-26.17993877991494,0.7624167259383198,0.5823945826231178,0.5545518398284912,0.022383539006114006,0.0
32.00000047683716,18.0,2.0,39.79350694547071,-32.81218993749339,0.5854544490817332,1.2076272956668503,0.0583379790186882,0.541364848613739,0.0
32.010000705718994,18.6,1.6,35.08111796508602,-22.863813201125716,0.5854544490817332,1.2076272956668503,0.0583379790186882,0.541364848613739,0.0
32.02000093460083,19.800000000000004,1.3,30.892327760299633,-20.245819323134224,0.5854544490817332,1.2076272956668503,0.0583379790186882,0.541364848613739,0.0
32.03000068664551,19.800000000000004,0.8,30.892327760299633,-25.132741228718345,0.4161418383716849,1.2851439126184387,0.3315882384777069,0.6499523520469666,0.0
32.040000915527344,20.3,0.2,27.925268031909273,-32.11405823669566,0.4161418383716849,1.2851439126184387,0.3315882384777069,0.6499523520469666,0.0
32.05000066757202,20.5,-0.1,14.486232791552935,-23.911010752322316,0.4161418383716849,1.2851439126184387,0.3315882384777069,0.6499523520469666,0.0
32.06000089645386,20.400000000000002,-0.4,-3.3161255787892263,-19.198621771937624,0.2662083818995337,1.1652991429893382,0.8044865727424622,0.721297562122345,0.0
32.070000648498535,20.1,-0.8,-16.231562043547264,-19.373154697137057,0.2662083818995337,1.1652991429893382,0.8044865727424622,0.721297562122345,0.0
32.08000063896179,19.5,-1.2000000000000002,-26.354471705114378,-23.212879051524585,0.2662083818995337,1.1652991429893382,0.8044865727424622,0.721297562122345,0.0
32.09000039100647,18.8,-1.5,-36.65191429188092,-16.05702911834783,0.1509534119583563,1.2428157599409266,2.300189256668091,0.8016795516014099,0.0
32.100000619888306,18.0,-1.6,-43.45869837465881,-5.061454830783556,0.1509534119583563,1.2428157599409266,2.300189256668091,0.8016795516014099,0.0
32.11000061035156,17.300000000000004,-1.6,-41.713369122664474,-0.3490658503988659,0.1509534119583563,1.2428157599409266,2.300189256668091,0.8016795516014099,0.0
32.12000036239624,16.200000000000003,-1.6,-21.991148575128552,0.3490658503988659,0.1509534119583563,1.2428157599409266,2.300189256668091,0.8016795516014099,0.0
32.130000829696655,16.200000000000003,-1.6,-21.991148575128552,-0.0,0.05609755174128105,1.2672946916098493,8.383727073669434,0.8551971912384033,0.0
32.140000343322754,16.200000000000003,-1.6,-3.6651914291880923,-0.0,0.05609755174128105,1.2672946916098493,8.383727073669434,0.8551971912384033,0.0
32.15000057220459,16.3,-1.6,2.2689280275926285,-0.0,0.05609755174128105,1.2672946916098493,8.383727073669434,0.8551971912384033,0.0
32.16000056266785,16.4,-1.6,5.410520681182422,0.3490658503988659,0.004589799687922995,1.0984920586429034,99.466552734375,0.8845431804656982,0.0
32.17000079154968,16.6,-1.6,10.821041362364843,-0.0,0.004589799687922995,1.0984920586429034,99.466552734375,0.8845431804656982,0.0
32.18000030517578,16.900000000000002,-1.5,13.439035240356338,0.6981317007977318,0.004589799687922995,1.0984920586429034,99.466552734375,0.8845431804656982,0.0
32.19000053405762,17.1,-1.5,12.566370614359172,0.17453292519943295,0.0035698442017178854,0.9628379789776239,116.3681411743164,0.8877288103103638,0.0
32.200000286102295,17.300000000000004,-1.5,11.170107212763709,2.443460952792061,0.0035698442017178854,0.9628379789776239,116.3681411743164,0.8877288103103638,0.0
32.21000027656555,17.5,-1.4000000000000004,8.901179185171081,6.632251157578453,0.0035698442017178854,0.9628379789776239,116.3681411743164,0.8877288103103638,0.0
32.22000050544739,17.6,-1.2000000000000002,1.5707963267948966,10.122909661567112,0.0035698442017178854,0.9628379789776239,116.3681411743164,0.8877288103103638,0.0
32.230000495910645,17.6,-0.9000000000000001,1.5707963267948966,12.566370614359172,0.002549888715512775,0.9159200266121889,160.87100219726562,0.888554573059082,0.0
32.2400004863739,17.6,-0.6000000000000001,-0.3490658503988659,15.3588974175501,0.002549888715512775,0.9159200266121889,160.87100219726562,0.888554573059082,0.0
32.25000047683716,17.6,-0.2,-0.3490658503988659,22.165681500327985,0.002549888715512775,0.9337692476207783,171.43099975585938,0.8903107643127441,0.0
32.26000094413757,17.6,0.4,-0.17453292519943295,36.65191429188092,0.002549888715512775,0.9337692476207783,171.43099975585938,0.8903107643127441,0.0
32.27000093460083,17.6,1.1,0.0,39.09537524467298,0.007649666146538325,0.9556982905741881,60.33766555786133,0.8813158869743347,0.0
32.28000068664551,17.6,1.8000000000000003,-0.3490658503988659,37.000980142279786,0.007649666146538325,0.9556982905741881,60.33766555786133,0.8813158869743347,0.0
32.290000677108765,17.6,2.5,-0.3490658503988659,42.411500823462205,0.007649666146538325,0.9556982905741881,60.33766555786133,0.8813158869743347,0.0
32.30000066757202,17.6,3.3000000000000007,-0.17453292519943295,40.14257279586958,0.007649666146538325,0.9556982905741881,60.33766555786133,0.8813158869743347,0.0
32.3100004196167,17.6,4.1,-0.17453292519943295,42.58603374866164,0.00509977743102555,0.9883368661327516,97.99099731445312,0.8848720192909241,0.0
32.320000648498535,17.5,4.9,-1.2217304763960306,45.72762640225143,0.00509977743102555,0.9883368661327516,97.99099731445312,0.8848720192909241,0.0
32.33000040054321,17.5,5.800000000000001,-0.6981317007977318,47.82202150464463,0.00509977743102555,1.016385642003392,104.1510009765625,0.8849859237670898,0.0
32.34000062942505,17.300000000000004,7.400000000000001,-8.377580409572781,43.45869837465881,0.00509977743102555,1.016385642003392,104.1510009765625,0.8849859237670898,0.0
32.350000619888306,17.300000000000004,7.400000000000001,-8.377580409572781,43.45869837465881,0.00509977743102555,1.016385642003392,104.1510009765625,0.8849859237670898,0.0
32.36000061035156,17.0,8.3,-16.755160819145562,46.25122517784973,0.00509977743102555,1.016385642003392,104.1510009765625,0.8849859237670898,0.0
32.3700008392334,16.6,9.0,-20.07128639793479,39.61897402027128,0.004589799687922995,1.0469843065895454,123.19989013671875,0.8854929208755493,0.0
32.380000591278076,16.1,9.8,-28.274333882308138,42.58603374866164,0.004589799687922995,1.0469843065895454,123.19989013671875,0.8854929208755493,0.0
32.39000082015991,15.5,10.5,-33.510321638291124,41.01523742186674,0.004079821944820441,1.0775829711756988,146.91099548339844,0.8878641724586487,0.0
32.40000057220459,14.300000000000002,11.100000000000001,-32.46312408709453,32.81218993749339,0.004079821944820441,1.0775829711756988,146.91099548339844,0.8878641724586487,0.0
32.410000801086426,13.700000000000003,11.700000000000001,-35.25565089028546,32.98672286269283,0.004079821944820441,1.0775829711756988,146.91099548339844,0.8878641724586487,0.0
32.4200005531311,13.000000000000002,12.200000000000001,-34.55751918948773,28.44886680750757,0.006629710660333216,1.0949222144411856,94.18791961669922,0.8860191106796265,0.0
32.43000054359436,13.000000000000002,12.5,-34.55751918948773,15.009831567151235,0.006629710660333216,1.0949222144411856,94.18791961669922,0.8860191106796265,0.0
32.44000029563904,11.700000000000001,12.5,-37.35004599267865,5.759586531581287,0.006629710660333216,1.0949222144411856,94.18791961669922,0.8860191106796265,0.0
32.450000286102295,11.700000000000001,12.5,-37.35004599267865,1.7453292519943295,0.0030598664586153302,1.107161680275647,214.17767333984375,0.8886315226554871,0.0
32.46000027656555,10.999999999999998,12.600000000000001,-39.444441095071845,4.537856055185257,0.0030598664586153302,1.107161680275647,214.17767333984375,0.8886315226554871,0.0
32.47000050544739,9.600000000000001,12.700000000000001,-34.033920413889426,4.363323129985824,0.0030598664586153302,1.107161680275647,214.17767333984375,0.8886315226554871,0.0
32.480000257492065,9.600000000000001,12.8,-34.033920413889426,6.1086523819801535,0.0035698442017178854,1.0893124592670576,183.7967071533203,0.8875018954277039,0.0
32.4900004863739,9.0,13.000000000000002,-30.368728984701335,9.42477796076938,0.0035698442017178854,1.0893124592670576,183.7967071533203,0.8875018954277039,0.0
32.50000047683716,8.5,13.3,-27.925268031909273,15.184364492350667,0.0035698442017178854,1.0893124592670576,183.7967071533203,0.8875018954277039,0.0
32.510000467300415,8.100000000000001,13.600000000000001,-23.03834612632515,17.802358370342162,0.0035698442017178854,1.0893124592670576,183.7967071533203,0.8875018954277039,0.0
32.52000093460083,7.9,13.8,-15.533430342749533,11.344640137963141,0.005609755174128105,1.0490242175619557,115.54736328125,0.8847219347953796,0.0
32.53000044822693,7.699999999999999,14.0,-10.471975511965978,9.773843811168245,0.005609755174128105,1.0490242175619557,115.54736328125,0.8847219347953796,0.0
32.540000677108765,7.699999999999999,14.200000000000001,-2.9670597283903604,7.155849933176751,0.005609755174128105,1.0490242175619557,115.54736328125,0.8847219347953796,0.0
32.55000066757202,7.699999999999999,14.300000000000002,1.9198621771937625,6.806784082777885,0.0061197329172306605,1.016385642003392,104.64433288574219,0.8857887387275696,0.0
32.56000065803528,7.800000000000001,14.5,1.7453292519943295,9.599310885968812,0.0061197329172306605,1.016385642003392,104.64433288574219,0.8857887387275696,0.0
32.570000648498535,7.800000000000001,14.800000000000002,1.2217304763960306,17.453292519943297,0.0061197329172306605,1.016385642003392,104.64433288574219,0.8857887387275696,0.0
32.58000063896179,7.9,15.300000000000002,8.028514559173916,28.623399732707004,0.0061197329172306605,0.9643679122069315,101.37767028808594,0.8835002779960632,0.0
32.59000062942505,8.4,15.899999999999999,22.340214425527417,30.194196059501902,0.0061197329172306605,0.9643679122069315,101.37767028808594,0.8835002779960632,0.0
32.60000038146973,10.200000000000001,16.200000000000003,56.37413483941685,18.84955592153876,0.0061197329172306605,0.9643679122069315,101.37767028808594,0.8835002779960632,0.0
32.61000061035156,10.200000000000001,16.3,56.37413483941685,5.410520681182422,0.026008864898230306,0.8409532983761132,20.55413818359375,0.8598914742469788,0.0
32.62000036239624,11.5,16.3,70.51130178057092,0.6981317007977318,0.026008864898230306,0.8409532983761132,20.55413818359375,0.8598914742469788,0.0
32.6300003528595,13.100000000000001,16.3,80.4596785169386,-0.5235987755982988,0.026008864898230306,0.8409532983761132,20.55413818359375,0.8598914742469788,0.0
32.64000058174133,14.5,16.3,82.72860654453122,-1.3962634015954636,0.22388022922202166,0.6058535588058354,0.9460797309875488,0.6788989901542664,0.0
32.65000081062317,16.0,16.1,79.58701389094142,-8.726646259971648,0.22388022922202166,0.6058535588058354,0.9460797309875488,0.6788989901542664,0.0
32.66000056266785,17.400000000000002,15.700000000000001,70.86036763096978,-17.802358370342162,0.22388022922202166,0.6058535588058354,0.9460797309875488,0.6788989901542664,0.0
32.6700005531311,18.400000000000006,15.399999999999999,57.77039824101231,-18.500490071139893,0.982217133215521,0.30802655683394325,0.6779927015304565,0.9507350921630859,0.0
32.68000054359436,19.1,15.200000000000003,40.66617157146788,-11.170107212763709,0.982217133215521,0.30802655683394325,0.6779927015304565,0.9507350921630859,0.0
32.69000029563904,19.5,15.200000000000003,24.609142453120047,-2.443460952792061,0.982217133215521,0.30802655683394325,0.6779927015304565,0.9507350921630859,0.0
32.700000524520874,19.700000000000003,15.200000000000003,13.61356816555577,-0.17453292519943295,1.4534365678422818,0.08924610504294712,0.847456157207489,8.386428833007812,0.0
32.71000051498413,19.700000000000003,15.200000000000003,2.9670597283903604,-0.0,1.4534365678422818,0.08924610504294712,0.847456157207489,8.386428833007812,0.0
32.72000050544739,19.700000000000003,15.200000000000003,0.5235987755982988,-0.0,1.4534365678422818,0.08924610504294712,0.847456157207489,8.386428833007812,0.0
32.730000257492065,19.700000000000003,15.200000000000003,1.0471975511965976,-0.17453292519943295,1.4707758111077687,0.0015299332293076651,0.8887225985527039,0.0,0.0
32.74000024795532,19.700000000000003,15.100000000000001,0.17453292519943295,-2.0943951023931953,1.4707758111077687,0.0015299332293076651,0.8887225985527039,0.0,0.0
32.75000047683716,19.700000000000003,14.900000000000002,1.3962634015954636,-9.42477796076938,1.4707758111077687,0.0015299332293076651,0.8887225985527039,0.0,0.0
32.76000094413757,19.800000000000004,14.5,4.886921905584122,-23.03834612632515,1.4707758111077687,0.0015299332293076651,0.8887225985527039,0.0,0.0
32.77000045776367,19.900000000000002,13.700000000000003,2.6179938779914944,-38.746309394274114,1.2713745135546697,0.006629710660333216,0.885791003704071,110.18791961669922,0.0
32.78000092506409,19.900000000000002,13.000000000000002,1.7453292519943295,-40.49163864626845,1.2713745135546697,0.006629710660333216,0.885791003704071,110.18791961669922,0.0
32.790000915527344,19.900000000000002,12.300000000000002,1.2217304763960306,-38.92084231947355,1.2713745135546697,0.006629710660333216,0.885791003704071,110.18791961669922,0.0
32.80000066757202,19.900000000000002,11.5,0.17453292519943295,-43.982297150257104,1.0816627931205192,0.008669621632743436,0.8837194442749023,72.56982421875,0.0
32.81000065803528,19.900000000000002,10.8,-0.17453292519943295,-38.746309394274114,1.0816627931205192,0.008669621632743436,0.8837194442749023,72.56982421875,0.0
32.820000410079956,19.900000000000002,10.100000000000001,-0.3490658503988659,-39.269908169872416,1.0816627931205192,0.008669621632743436,0.8837194442749023,72.56982421875,0.0
32.83000063896179,19.900000000000002,9.5,-3.839724354387525,-31.41592653589793,0.9230597150156246,0.0101995548620511,0.8797182440757751,53.35100173950195,0.0
32.84000039100647,19.200000000000003,9.100000000000001,-22.51474735072685,-22.863813201125716,0.9230597150156246,0.0101995548620511,0.8797182440757751,53.35100173950195,0.0
32.850000619888306,19.200000000000003,8.8,-22.51474735072685,-17.453292519943297,0.9230597150156246,0.0101995548620511,0.8797182440757751,53.35100173950195,0.0
32.86000084877014,18.5,8.4,-33.85938748868999,-20.07128639793479,0.9230597150156246,0.0101995548620511,0.8797182440757751,53.35100173950195,0.0
32.8700008392334,17.7,8.0,-46.42575810304917,-20.769418098732523,0.9230597150156246,0.0101995548620511,0.8797182440757751,53.35100173950195,0.0
32.8800003528595,16.5,7.9,-59.8647933434055,-8.726646259971648,0.8129045225054727,0.006629710660333216,0.8829774260520935,75.8494644165039,0.0
32.89000058174133,14.200000000000001,7.800000000000001,-63.355451847394164,-3.839724354387525,0.8129045225054727,0.006629710660333216,0.8829774260520935,75.8494644165039,0.0
32.90000057220459,14.200000000000001,7.800000000000001,-63.355451847394164,-0.8726646259971648,0.8129045225054727,0.006629710660333216,0.8829774260520935,75.8494644165039,0.0
32.910000801086426,13.100000000000001,7.800000000000001,-61.61012259539983,-0.0,0.8343235877157801,0.0061197329172306605,0.8855770230293274,86.57766723632812,0.0
32.9200005531311,12.100000000000001,7.699999999999999,-53.93067388662478,-4.1887902047863905,0.8343235877157801,0.0061197329172306605,0.8855770230293274,86.57766723632812,0.0
32.93000054359436,10.5,7.499999999999999,-41.713369122664474,-11.519173063162574,0.8343235877157801,0.0061197329172306605,0.8855770230293274,86.57766723632812,0.0
32.94000029563904,10.0,7.200000000000001,-33.16125578789226,-14.660765716752369,0.9098002936949582,0.007139688403435771,0.8831704258918762,82.88243103027344,0.0
32.950000524520874,10.0,6.9,-33.16125578789226,-20.07128639793479,0.9098002936949582,0.007139688403435771,0.8831704258918762,82.88243103027344,0.0
32.96000051498413,9.700000000000001,6.300000000000001,-16.231562043547264,-30.368728984701335,0.9098002936949582,0.007139688403435771,0.8831704258918762,82.88243103027344,0.0
32.97000050544739,9.700000000000001,5.7,-2.792526803190927,-32.11405823669566,0.9669178009224444,0.005609755174128105,0.8852025270462036,115.32918548583984,0.0
32.980000495910645,9.8,5.300000000000001,0.8726646259971648,-21.118483949131388,0.9669178009224444,0.005609755174128105,0.8852025270462036,115.32918548583984,0.0
32.9900004863739,9.8,5.1000000000000005,0.8726646259971648,-13.788101090755204,0.9669178009224444,0.005609755174128105,0.8852025270462036,115.32918548583984,0.0
33.00000047683716,9.900000000000002,4.9,4.537856055185257,-12.915436464758038,0.982217133215521,0.004589799687922995,0.8852616548538208,147.466552734375,0.0
33.010000705718994,10.200000000000001,4.5,16.05702911834783,-16.58062789394613,0.982217133215521,0.004589799687922995,0.8852616548538208,147.466552734375,0.0
33.02000093460083,10.700000000000001,4.2,24.609142453120047,-17.976891295541595,0.982217133215521,0.004589799687922995,0.8852616548538208,147.466552734375,0.0
33.03000068664551,11.3,3.9000000000000004,34.38298626428829,-14.311699866353502,0.9332592698776757,0.07241683952056281,0.8732622861862183,8.203957557678223,0.0
33.040000915527344,12.200000000000001,3.7000000000000006,42.411500823462205,-7.504915783575617,0.9332592698776757,0.07241683952056281,0.8732622861862183,8.203957557678223,0.0
33.05000042915344,13.000000000000002,3.7000000000000006,44.33136300065597,-7.504915783575617,0.9332592698776757,0.07241683952056281,0.8732622861862183,8.203957557678223,0.0
33.0600004196167,13.8,3.4000000000000004,46.42575810304917,-12.915436464758038,0.8042349008727293,0.5094677653594525,0.6074527502059937,0.24573473632335663,0.0
33.070000410079956,14.700000000000001,2.9000000000000004,49.39281783143953,-24.609142453120047,0.8042349008727293,0.5094677653594525,0.6074527502059937,0.24573473632335663,0.0
33.08000063896179,16.3,2.2,40.49163864626845,-41.01523742186674,0.8042349008727293,0.5094677653594525,0.6074527502059937,0.24573473632335663,0.0
33.09000062942505,16.8,1.4000000000000004,28.099800957108705,-38.92084231947355,0.8042349008727293,0.5094677653594525,0.6074527502059937,0.24573473632335663,0.0
33.100000619888306,16.8,0.7000000000000002,28.099800957108705,-41.538836197465045,0.5727050055041693,1.1270508122566467,0.06620391458272934,0.5150633454322815,0.0
33.11000037193298,16.900000000000002,-0.0,10.821041362364843,-41.01523742186674,0.5727050055041693,1.1270508122566467,0.06620391458272934,0.5150633454322815,0.0
33.12000060081482,16.900000000000002,-0.5,-1.2217304763960306,-29.146998508305302,0.5727050055041693,1.1270508122566467,0.06620391458272934,0.5150633454322815,0.0
33.130000829696655,16.699999999999996,-1.0,-6.283185307179586,-31.066860685499066,0.385033196042429,1.3188024436632073,0.5086159110069275,0.6721400022506714,0.0
33.14000058174133,16.6,-1.7000000000000002,-9.599310885968812,-33.68485456349056,0.385033196042429,1.3188024436632073,0.5086159110069275,0.6721400022506714,0.0
33.15000081062317,16.3,-2.0,-14.486232791552935,-18.500490071139893,0.385033196042429,1.3188024436632073,0.5086159110069275,0.6721400022506714,0.0
33.16000056266785,15.8,-2.0,-23.03834612632515,-3.141592653589793,0.20042125303930414,1.3392015533873096,1.9242315292358398,0.7753670811653137,0.0
33.1700005531311,15.399999999999999,-2.0,-23.736477827122883,-1.2217304763960306,0.20042125303930414,1.3392015533873096,1.9242315292358398,0.7753670811653137,0.0
33.18000054359436,14.999999999999998,-2.0,-20.769418098732523,-0.0,0.20042125303930414,1.3392015533873096,1.9242315292358398,0.7753670811653137,0.0
33.19000029563904,14.600000000000001,-2.0,-21.81661564992912,0.6981317007977318,0.07649666146538325,1.2407758489685163,6.11899995803833,0.8449391722679138,0.0
33.200000524520874,14.300000000000002,-2.0,-20.245819323134224,-0.17453292519943295,0.07649666146538325,1.2407758489685163,6.11899995803833,0.8449391722679138,0.0
33.21000051498413,13.900000000000002,-2.0,-17.802358370342162,-0.0,0.07649666146538325,1.2407758489685163,6.11899995803833,0.8449391722679138,0.0
33.22000050544739,13.700000000000003,-2.0,-12.915436464758038,-0.0,0.07649666146538325,1.2407758489685163,6.11899995803833,0.8449391722679138,0.0
33.230000495910645,13.600000000000001,-2.0,-8.203047484373348,-0.0,0.014279376806871542,1.1581594545859024,35.42528533935547,0.8840682506561279,0.0
33.2400004863739,13.600000000000001,-2.0,-1.5707963267948966,-0.0,0.014279376806871542,1.1581594545859024,35.42528533935547,0.8840682506561279,0.0
33.25000047683716,13.600000000000001,-2.0,-0.17453292519943295,-0.0,0.0020399109724102203,1.0276051523516483,234.68899536132812,0.8933672308921814,0.0
33.26000094413757,13.600000000000001,-2.0,1.0471975511965976,-0.0,0.0020399109724102203,1.0276051523516483,234.68899536132812,0.8933672308921814,0.0
33.27000093460083,13.600000000000001,-2.0,0.0,-0.0,0.0020399109724102203,1.0276051523516483,234.68899536132812,0.8933672308921814,0.0
33.28000092506409,13.600000000000001,-2.0,2.443460952792061,0.17453292519943295,0.0010199554862051102,0.912350182410471,0.0,0.8925774097442627,0.0
33.290000677108765,13.8,-2.0,5.934119456780721,0.17453292519943295,0.0010199554862051102,0.912350182410471,0.0,0.8925774097442627,0.0
33.30000066757202,14.200000000000001,-1.9000000000000004,12.39183768915974,4.014257279586958,0.0010199554862051102,0.912350182410471,0.0,0.8925774097442627,0.0
33.31000065803528,14.200000000000001,-1.7000000000000002,12.39183768915974,9.948376736367678,0.0010199554862051102,0.912350182410471,0.0,0.8925774097442627,0.0
33.320000648498535,14.400000000000002,-1.4000000000000004,11.693705988362009,16.58062789394613,0.004589799687922995,0.8827714733105227,96.71099853515625,0.8880756497383118,0.0
33.33000063896179,14.5,-1.1,4.886921905584122,18.32595714594046,0.004589799687922995,0.8827714733105227,96.71099853515625,0.8880756497383118,0.0
33.34000062942505,14.5,-0.7000000000000002,0.17453292519943295,20.07128639793479,0.004589799687922995,0.8827714733105227,96.71099853515625,0.8880756497383118,0.0
33.35000038146973,14.5,-0.2,0.17453292519943295,26.00540585471551,0.0005099777431025551,0.9419288915104191,0.0,0.8894331455230713,0.0
33.36000037193298,14.5,0.4,0.0,39.61897402027128,0.0005099777431025551,0.9419288915104191,0.0,0.8894331455230713,0.0
33.3700008392334,14.5,1.2000000000000002,0.0,41.01523742186674,0.0005099777431025551,0.9419288915104191,0.0,0.8894331455230713,0.0
33.380000829696655,14.400000000000002,2.1,-3.6651914291880923,46.42575810304917,0.0005099777431025551,1.0133257755447769,0.0,0.8910130858421326,0.0
33.39000082015991,14.400000000000002,2.9000000000000004,-3.6651914291880923,48.1710873550435,0.0005099777431025551,1.0133257755447769,0.0,0.8910130858421326,0.0
33.40000057220459,14.100000000000003,3.8000000000000007,-7.155849933176751,48.86921905584123,0.0005099777431025551,1.0133257755447769,0.0,0.8910130858421326,0.0
33.410000801086426,14.100000000000003,4.800000000000001,-7.155849933176751,49.56735075663896,0.00509977743102555,1.0862525928084423,120.1510009765625,0.8893755674362183,0.0
33.420000314712524,13.600000000000001,5.600000000000001,-14.137166941154069,46.949356878647464,0.00509977743102555,1.0862525928084423,120.1510009765625,0.8893755674362183,0.0
33.43000054359436,13.600000000000001,6.500000000000001,-14.137166941154069,47.472955654245766,0.00509977743102555,1.0862525928084423,120.1510009765625,0.8893755674362183,0.0
33.44000053405762,13.3,7.1000000000000005,-16.58062789394613,39.61897402027128,0.0035698442017178854,1.1234809680549287,183.68243408203125,0.8889999985694885,0.0
33.450000524520874,13.000000000000002,7.800000000000001,-15.882496193148398,37.000980142279786,0.0035698442017178854,1.1234809680549287,183.68243408203125,0.8889999985694885,0.0
33.46000051498413,12.700000000000001,8.5,-18.500490071139893,34.033920413889426,0.0035698442017178854,1.1234809680549287,183.68243408203125,0.8889999985694885,0.0
33.47000074386597,12.300000000000002,8.899999999999999,-20.420352248333657,24.434609527920614,0.004079821944820441,1.1148113464221854,163.61099243164062,0.8871701955795288,0.0
33.480000495910645,11.4,9.3,-24.26007660272118,23.212879051524585,0.004079821944820441,1.1148113464221854,163.61099243164062,0.8871701955795288,0.0
33.4900004863739,11.4,9.700000000000001,-24.26007660272118,25.132741228718345,0.004079821944820441,1.1148113464221854,163.61099243164062,0.8871701955795288,0.0
33.50000023841858,10.9,10.100000000000001,-29.845130209103036,21.991148575128552,0.005609755174128105,1.102571880587724,119.91100311279297,0.884559690952301,0.0
33.510000705718994,10.200000000000001,10.299999999999999,-33.510321638291124,9.250245035569947,0.005609755174128105,1.102571880587724,119.91100311279297,0.884559690952301,0.0
33.52000069618225,9.600000000000001,10.200000000000001,-36.65191429188092,-0.8726646259971648,0.005609755174128105,1.102571880587724,119.91100311279297,0.884559690952301,0.0
33.53000068664551,8.8,10.200000000000001,-39.444441095071845,-0.0,0.005609755174128105,1.102571880587724,119.91100311279297,0.884559690952301,0.0
33.540000677108765,8.100000000000001,10.200000000000001,-39.444441095071845,-0.0,0.00509977743102555,1.079622882148109,132.63099670410156,0.8859768509864807,0.0
33.55000066757202,7.499999999999999,10.200000000000001,-36.12831551628262,-0.0,0.00509977743102555,1.079622882148109,132.63099670410156,0.8859768509864807,0.0
33.56000065803528,6.800000000000001,10.200000000000001,-34.73205211468716,0.17453292519943295,0.00509977743102555,1.079622882148109,132.63099670410156,0.8859768509864807,0.0
33.570000410079956,6.300000000000001,10.200000000000001,-32.46312408709453,-0.0,0.004079821944820441,1.0490242175619557,164.01100158691406,0.8851108551025391,0.0
33.58000063896179,5.800000000000001,10.299999999999999,-28.797932657906436,2.2689280275926285,0.00509977743102555,1.039334640443007,130.2310028076172,0.8858596682548523,0.0
33.59000062942505,5.300000000000001,10.4,-24.958208303518912,7.504915783575617,0.00509977743102555,1.039334640443007,130.2310028076172,0.8858596682548523,0.0
33.600000619888306,4.9,10.700000000000001,-21.29301687433082,13.264502315156905,0.00509977743102555,1.039334640443007,130.2310028076172,0.8858596682548523,0.0
33.61000061035156,4.600000000000001,11.100000000000001,-17.453292519943297,19.02408884673819,0.0030598664586153302,1.0199554862051101,217.2443389892578,0.8866000175476074,0.0
33.62000060081482,4.4,11.600000000000001,-11.519173063162574,30.01966313430247,0.0030598664586153302,1.0199554862051101,217.2443389892578,0.8866000175476074,0.0
33.630000829696655,4.4,12.200000000000001,-1.9198621771937625,30.892327760299633,0.0030598664586153302,1.0199554862051101,217.2443389892578,0.8866000175476074,0.0
33.64000058174133,4.4,12.700000000000001,0.8726646259971648,26.703537555513243,0.0035698442017178854,0.982217133215521,180.9395751953125,0.8865078091621399,0.0
33.65000057220459,4.4,13.200000000000003,-0.17453292519943295,27.401669256310974,0.0035698442017178854,0.982217133215521,180.9395751953125,0.8865078091621399,0.0
33.66000032424927,4.4,13.8,0.3490658503988659,32.98672286269283,0.0035698442017178854,0.982217133215521,180.9395751953125,0.8865078091621399,0.0
33.6700005531311,4.5,14.300000000000002,1.9198621771937625,26.00540585471551,0.0035698442017178854,0.982217133215521,180.9395751953125,0.8865078091621399,0.0
33.68000054359436,4.600000000000001,14.600000000000001,6.457718232379019,17.802358370342162,0.0035698442017178854,0.982217133215521,180.9395751953125,0.8865078091621399,0.0
33.69000053405762,4.9,14.800000000000002,14.835298641951802,14.311699866353502,0.002549888715512775,0.9220397595294195,241.3509979248047,0.8859026432037354,0.0
33.700000286102295,5.4,15.200000000000003,25.48180707911721,18.32595714594046,0.002549888715512775,0.9220397595294195,241.3509979248047,0.8859026432037354,0.0
33.71000027656555,6.2,15.5,40.840704496667314,19.722220547535922,0.04946784108094784,0.8282038547985494,10.50893783569336,0.8481132984161377,0.0
33.72000026702881,7.200000000000001,15.8,57.24679946541401,12.566370614359172,0.04946784108094784,0.8282038547985494,10.50893783569336,0.8481132984161377,0.0
33.730000257492065,8.6,15.8,72.25663103256524,2.443460952792061,0.04946784108094784,0.8282038547985494,10.50893783569336,0.8481132984161377,0.0
33.7400004863739,10.0,15.8,75.92182246175334,-0.0,0.04946784108094784,0.8282038547985494,10.50893783569336,0.8481132984161377,0.0
33.75000047683716,11.3,15.700000000000001,73.47836150896127,-3.490658503988659,0.42277154903201813,0.6731706208953726,0.20436550676822662,0.5277878642082214,0.0
33.76000094413757,12.5,15.5,63.70451769779303,-9.599310885968812,0.42277154903201813,0.6731706208953726,0.20436550676822662,0.5277878642082214,0.0
33.77000045776367,13.399999999999999,15.399999999999999,52.708943410228756,-6.457718232379019,0.991396732591367,0.37330370795107026,0.6243909597396851,0.5820382237434387,0.0
33.78000092506409,14.600000000000001,15.300000000000002,29.146998508305302,-2.443460952792061,0.991396732591367,0.37330370795107026,0.6243909597396851,0.5820382237434387,0.0
33.790000438690186,14.600000000000001,15.300000000000002,29.146998508305302,-0.3490658503988659,0.991396732591367,0.37330370795107026,0.6243909597396851,0.5820382237434387,0.0
33.80000066757202,14.800000000000002,15.300000000000002,13.788101090755204,-0.0,1.2576051144909006,0.11831483639979277,0.8241176009178162,5.083413600921631,0.0
33.81000065803528,14.900000000000002,15.300000000000002,3.6651914291880923,-1.2217304763960306,1.2576051144909006,0.11831483639979277,0.8241176009178162,5.083413600921631,0.0
33.820000410079956,14.900000000000002,15.200000000000003,1.5707963267948966,-3.6651914291880923,1.2576051144909006,0.11831483639979277,0.8241176009178162,5.083413600921631,0.0
33.83000063896179,14.900000000000002,14.999999999999998,1.5707963267948966,-11.868238913561441,1.3748999954044885,0.013769399063768986,0.8830652832984924,54.192481994628906,0.0
33.84000062942505,14.900000000000002,14.5,0.3490658503988659,-25.307274153917778,1.3748999954044885,0.013769399063768986,0.8830652832984924,54.192481994628906,0.0
33.85000038146973,14.900000000000002,13.700000000000003,0.3490658503988659,-42.06243497306334,1.3748999954044885,0.013769399063768986,0.8830652832984924,54.192481994628906,0.0
33.86000084877014,14.900000000000002,12.8,0.17453292519943295,-47.1238898038469,1.3335917982131815,0.00917959937584599,0.8834933042526245,78.4443359375,0.0
33.87000036239624,14.900000000000002,11.900000000000002,1.7453292519943295,-51.48721293383272,1.3335917982131815,0.00917959937584599,0.8834933042526245,78.4443359375,0.0
33.880000591278076,15.100000000000001,9.900000000000002,9.773843811168245,-55.152404363020814,1.3335917982131815,0.00917959937584599,0.8834933042526245,78.4443359375,0.0
33.89000082015991,15.399999999999999,9.900000000000002,15.009831567151235,-55.152404363020814,1.2173168727857988,0.006629710660333216,0.8859836459159851,99.8494644165039,0.0
33.90000033378601,16.1,9.0,16.406094968746697,-48.86921905584123,1.2173168727857988,0.006629710660333216,0.8859836459159851,99.8494644165039,0.0
33.910000801086426,16.1,8.2,16.406094968746697,-42.93509959906051,1.2173168727857988,0.006629710660333216,0.8859836459159851,99.8494644165039,0.0
33.9200005531311,16.200000000000003,7.600000000000001,6.806784082777885,-37.000980142279786,1.2173168727857988,0.006629710660333216,0.8859836459159851,99.8494644165039,0.0
33.93000054359436,16.1,7.1000000000000005,-0.6981317007977318,-26.17993877991494,1.0780929489188014,0.00509977743102555,0.8878647089004517,116.71099853515625,0.0
33.94000053405762,16.1,6.699999999999999,-1.2217304763960306,-24.26007660272118,1.0780929489188014,0.00509977743102555,0.8878647089004517,116.71099853515625,0.0
33.950000524520874,16.1,6.2,-1.9198621771937625,-27.401669256310974,0.9276495147035476,0.0030598664586153302,0.8885601758956909,171.37767028808594,0.0
33.96000051498413,15.5,5.7,-20.07128639793479,-25.656340004316643,0.9276495147035476,0.0030598664586153302,0.8885601758956909,171.37767028808594,0.0
33.97000050544739,15.5,5.4,-20.07128639793479,-16.231562043547264,0.9276495147035476,0.0030598664586153302,0.8885601758956909,171.37767028808594,0.0
33.980000495910645,14.200000000000001,4.9,-37.873644768276954,-16.231562043547264,0.8088247005606523,0.007139688403435771,0.8789117336273193,64.65385437011719,0.0
33.9900004863739,14.200000000000001,4.9,-37.873644768276954,-16.231562043547264,0.8088247005606523,0.007139688403435771,0.8789117336273193,64.65385437011719,0.0
34.00000047683716,12.600000000000001,4.5,-47.82202150464463,-22.863813201125716,0.8088247005606523,0.007139688403435771,0.8789117336273193,64.65385437011719,0.0
34.010000705718994,12.600000000000001,4.0,-47.82202150464463,-24.08554367752175,0.8088247005606523,0.007139688403435771,0.8789117336273193,64.65385437011719,0.0
34.02000069618225,10.700000000000001,3.6000000000000005,-51.48721293383272,-10.471975511965978,0.8185142776796008,0.00509977743102555,0.8835171461105347,96.47100067138672,0.0
34.03000044822693,10.700000000000001,3.6000000000000005,-51.48721293383272,-10.471975511965978,0.8185142776796008,0.00509977743102555,0.8835171461105347,96.47100067138672,0.0
34.040000915527344,9.200000000000003,3.5,-39.269908169872416,-1.2217304763960306,0.8185142776796008,0.00509977743102555,0.8835171461105347,96.47100067138672,0.0
34.05000066757202,9.200000000000003,3.5,-39.269908169872416,-1.2217304763960306,0.8980708056035994,0.006629710660333216,0.8844571113586426,83.8494644165039,0.0
34.06000065803528,8.700000000000001,3.4000000000000004,-26.00540585471551,-4.014257279586958,0.8980708056035994,0.006629710660333216,0.8844571113586426,83.8494644165039,0.0
34.070000648498535,8.6,3.3000000000000007,-9.075712110370514,-6.283185307179586,0.8980708056035994,0.006629710660333216,0.8844571113586426,83.8494644165039,0.0
34.08000063896179,8.6,3.1,-0.3490658503988659,-11.519173063162574,0.8980708056035994,0.006629710660333216,0.8844571113586426,83.8494644165039,0.0
34.09000039100647,8.700000000000001,2.7,5.235987755982989,-16.929693744344995,0.8980708056035994,0.006629710660333216,0.8844571113586426,83.8494644165039,0.0
34.100000619888306,8.899999999999999,2.3000000000000007,10.64650843716541,-20.943951023931955,0.8980708056035994,0.006629710660333216,0.8844571113586426,83.8494644165039,0.0
34.11000061035156,9.200000000000003,2.1,15.882496193148398,-15.533430342749533,0.9067404272363428,0.008669621632743436,0.8831507563591003,67.39335632324219,0.0
34.12000060081482,9.700000000000001,2.0,23.56194490192345,-7.155849933176751,0.9067404272363428,0.008669621632743436,0.8831507563591003,67.39335632324219,0.0
34.130000829696655,10.299999999999999,1.9000000000000004,33.68485456349056,-2.6179938779914944,0.9067404272363428,0.008669621632743436,0.8831507563591003,67.39335632324219,0.0
34.140000343322754,11.100000000000001,1.8000000000000003,43.807764225057674,-7.853981633974483,0.8639022968157283,0.03722837524648652,0.8672762513160706,14.606890678405762,0.0
34.15000081062317,12.100000000000001,1.5,48.52015320544236,-12.042771838760874,0.8639022968157283,0.03722837524648652,0.8672762513160706,14.606890678405762,0.0
34.16000056266785,12.9,1.2000000000000002,48.86921905584123,-18.675022996339326,0.8639022968157283,0.03722837524648652,0.8672762513160706,14.606890678405762,0.0
34.17000079154968,13.8,0.6000000000000001,46.949356878647464,-29.321531433504738,0.782815835662422,0.6043236255765277,0.5637882947921753,0.002586496528238058,0.0
34.18000054359436,14.600000000000001,-0.0,43.807764225057674,-34.73205211468716,0.782815835662422,0.6043236255765277,0.5637882947921753,0.002586496528238058,0.0
34.19000053405762,15.300000000000002,-0.5,38.39724354387525,-30.01966313430247,0.782815835662422,0.6043236255765277,0.5637882947921753,0.002586496528238058,0.0
34.200000524520874,15.8,-1.1,32.81218993749339,-33.335788713091695,0.782815835662422,0.6043236255765277,0.5637882947921753,0.002586496528238058,0.0
34.21000027656555,16.3,-1.7000000000000002,26.878070480712676,-32.46312408709453,0.6359422456488861,1.0352548184981867,0.20704330503940582,0.451167494058609,0.0
34.22000026702881,16.699999999999996,-2.1,21.642082724729686,-23.911010752322316,0.6359422456488861,1.0352548184981867,0.20704330503940582,0.451167494058609,0.0
34.230000257492065,16.900000000000002,-2.4000000000000004,13.264502315156905,-15.882496193148398,0.6359422456488861,1.0352548184981867,0.20704330503940582,0.451167494058609,0.0
34.2400004863739,17.0,-2.6,3.141592653589793,-14.660765716752369,0.42124161580271047,1.2346561160512857,0.27710169553756714,0.6398467421531677,0.0
34.25000047683716,16.900000000000002,-2.9000000000000004,-0.6981317007977318,-14.486232791552935,0.42124161580271047,1.2346561160512857,0.27710169553756714,0.6398467421531677,0.0
34.26000118255615,16.8,-3.1,-6.632251157578453,-9.948376736367678,0.42124161580271047,1.2346561160512857,0.27710169553756714,0.6398467421531677,0.0
34.27000045776367,16.8,-3.0,-6.632251157578453,-0.0,0.2325498508547651,1.2428157599409266,1.2092455625534058,0.756049633026123,0.0
34.28000092506409,16.5,-3.0,-14.137166941154069,-0.0,0.2325498508547651,1.2428157599409266,1.2092455625534058,0.756049633026123,0.0
34.290000915527344,16.1,-3.0,-21.118483949131388,-0.0,0.2325498508547651,1.2428157599409266,1.2092455625534058,0.756049633026123,0.0
34.30000042915344,15.600000000000001,-3.0,-24.434609527920614,-0.0,0.2325498508547651,1.2428157599409266,1.2092455625534058,0.756049633026123,0.0
34.31000065803528,15.100000000000001,-3.0,-26.17993877991494,-0.0,0.09587581570328034,1.2749443577563875,4.442914962768555,0.8451600074768066,0.0
34.320000410079956,14.700000000000001,-3.0,-23.911010752322316,-0.0,0.09587581570328034,1.2749443577563875,4.442914962768555,0.8451600074768066,0.0
34.33000063896179,14.300000000000002,-3.0,-19.722220547535922,-0.0,0.01121951034825621,1.2535252925460802,44.892818450927734,0.8886745572090149,0.0
34.34000062942505,14.200000000000001,-3.0,-10.297442586766545,-0.0,0.01121951034825621,1.2535252925460802,44.892818450927734,0.8886745572090149,0.0
34.350000619888306,14.200000000000001,-3.0,-0.8726646259971648,-0.0,0.014789354549974097,1.1550995881272872,33.01445007324219,0.8745187520980835,0.0
34.36000061035156,14.200000000000001,-3.0,0.17453292519943295,-0.0,0.014789354549974097,1.1550995881272872,33.01445007324219,0.8745187520980835,0.0
34.37000036239624,14.200000000000001,-3.0,0.17453292519943295,-0.0,0.014789354549974097,1.1550995881272872,33.01445007324219,0.8745187520980835,0.0
34.380000591278076,14.400000000000002,-3.0,4.886921905584122,0.17453292519943295,0.007649666146538325,0.9903767771051619,56.23099899291992,0.8819969296455383,0.0
34.39000082015991,14.400000000000002,-3.0,4.886921905584122,0.17453292519943295,0.007649666146538325,0.9903767771051619,56.23099899291992,0.8819969296455383,0.0
34.40000057220459,14.600000000000001,-2.9000000000000004,4.363323129985824,2.2689280275926285,0.007649666146538325,0.9903767771051619,56.23099899291992,0.8819969296455383,0.0
34.410000801086426,14.600000000000001,-2.8000000000000007,4.363323129985824,6.981317007977318,0.007649666146538325,0.9903767771051619,56.23099899291992,0.8819969296455383,0.0
34.420000314712524,14.600000000000001,-2.5,0.6981317007977318,18.675022996339326,0.007649666146538325,0.9903767771051619,56.23099899291992,0.8819969296455383,0.0
34.43000054359436,14.600000000000001,-1.8000000000000003,0.0,34.73205211468716,0.0020399109724102203,0.8786916513657024,200.11099243164062,0.8927144408226013,0.0
34.44000053405762,14.600000000000001,-0.9000000000000001,0.0,46.774823953448035,0.0020399109724102203,0.8786916513657024,200.11099243164062,0.8927144408226013,0.0
34.450000524520874,14.600000000000001,-0.0,0.0,47.472955654245766,0.0020399109724102203,0.8786916513657024,200.11099243164062,0.8927144408226013,0.0
34.46000051498413,14.600000000000001,0.9000000000000001,-0.5235987755982988,54.10520681182422,0.0020399109724102203,0.8786916513657024,200.11099243164062,0.8927144408226013,0.0
34.47000026702881,14.600000000000001,1.8000000000000003,-0.3490658503988659,51.312680008633286,0.0005099777431025551,0.9092903159518556,0.0,0.889897346496582,0.0
34.480000495910645,14.5,3.5,-0.8726646259971648,40.14257279586958,0.0005099777431025551,0.9092903159518556,0.0,0.889897346496582,0.0
34.4900004863739,14.5,3.5,-0.3490658503988659,40.14257279586958,0.0035698442017178854,0.968447734151752,138.88243103027344,0.8860510587692261,0.0
34.50000047683716,14.5,4.2,-1.3962634015954636,42.58603374866164,0.0035698442017178854,0.968447734151752,138.88243103027344,0.8860510587692261,0.0
34.510000467300415,14.5,4.9,-1.3962634015954636,37.52457891787809,0.0035698442017178854,0.968447734151752,138.88243103027344,0.8860510587692261,0.0
34.52000093460083,14.300000000000002,5.499999999999999,-9.075712110370514,33.16125578789226,0.0035698442017178854,1.0454543733602377,156.59671020507812,0.8866585493087769,0.0
34.53000068664551,14.0,6.1000000000000005,-14.835298641951802,34.033920413889426,0.0035698442017178854,1.0454543733602377,156.59671020507812,0.8866585493087769,0.0
34.540000915527344,13.600000000000001,6.699999999999999,-21.467549799530254,29.146998508305302,0.0035698442017178854,1.0454543733602377,156.59671020507812,0.8866585493087769,0.0
34.55000066757202,13.100000000000001,7.0,-26.703537555513243,22.165681500327985,0.007139688403435771,1.1056317470463393,85.91100311279297,0.8856789469718933,0.0
34.56000065803528,11.8,8.0,-35.25565089028546,27.05260340591211,0.007139688403435771,1.1056317470463393,85.91100311279297,0.8856789469718933,0.0
34.570000648498535,11.8,8.0,-35.25565089028546,27.05260340591211,0.004589799687922995,1.1194011461101083,138.1332244873047,0.8875421285629272,0.0
34.58000063896179,11.200000000000003,8.4,-36.82644721708035,23.387411976724017,0.004589799687922995,1.1194011461101083,138.1332244873047,0.8875421285629272,0.0
34.59000062942505,10.5,8.6,-37.17551306747922,12.042771838760874,0.004589799687922995,1.1194011461101083,138.1332244873047,0.8875421285629272,0.0
34.600000619888306,9.8,8.700000000000001,-38.571776469074685,5.934119456780721,0.004589799687922995,1.1194011461101083,138.1332244873047,0.8875421285629272,0.0
34.61000061035156,9.0,8.700000000000001,-39.79350694547071,0.5235987755982988,0.0035698442017178854,1.119911123853211,182.88243103027344,0.8857213258743286,0.0
34.62000060081482,8.3,8.700000000000001,-42.76056667386107,-0.0,0.0035698442017178854,1.119911123853211,182.88243103027344,0.8857213258743286,0.0
34.630000829696655,7.400000000000001,8.700000000000001,-44.505895925855405,-0.3490658503988659,0.005609755174128105,1.1066517025325444,118.02008819580078,0.8853133916854858,0.0
34.64000058174133,6.600000000000001,8.700000000000001,-44.15683007545654,0.17453292519943295,0.005609755174128105,1.1066517025325444,118.02008819580078,0.8853133916854858,0.0
34.65000081062317,5.9,8.700000000000001,-40.49163864626845,-0.0,0.005609755174128105,1.1066517025325444,118.02008819580078,0.8853133916854858,0.0
34.66000056266785,4.5,8.700000000000001,-35.77924966588375,0.5235987755982988,0.0030598664586153302,1.0821727708636217,217.7776641845703,0.8852299451828003,0.0
34.67000079154968,4.5,8.700000000000001,-35.77924966588375,-0.17453292519943295,0.0030598664586153302,1.0821727708636217,217.7776641845703,0.8852299451828003,0.0
34.68000054359436,4.0,8.700000000000001,-30.892327760299633,0.6981317007977318,0.0030598664586153302,1.0821727708636217,217.7776641845703,0.8852299451828003,0.0
34.69000053405762,3.5,8.700000000000001,-25.48180707911721,1.5707963267948966,0.0035698442017178854,1.0413745514154173,185.05386352539062,0.8854740262031555,0.0
34.700000524520874,3.2,8.899999999999999,-18.500490071139893,11.170107212763709,0.0035698442017178854,1.0413745514154173,185.05386352539062,0.8854740262031555,0.0
34.71000051498413,3.0,9.3,-10.471975511965978,20.07128639793479,0.0035698442017178854,1.0413745514154173,185.05386352539062,0.8854740262031555,0.0
34.72000050544739,3.0,9.8,-4.363323129985824,27.22713633111154,0.0035698442017178854,1.0413745514154173,185.05386352539062,0.8854740262031555,0.0
34.730000495910645,3.0,10.299999999999999,0.5235987755982988,24.26007660272118,0.004589799687922995,0.9975164655085976,141.7776641845703,0.8857280015945435,0.0
34.7400004863739,3.0,10.600000000000001,0.0,17.976891295541595,0.004589799687922995,0.9975164655085976,141.7776641845703,0.8857280015945435,0.0
34.75000047683716,3.0,10.9,0.3490658503988659,15.009831567151235,0.004589799687922995,0.9975164655085976,141.7776641845703,0.8857280015945435,0.0
34.760000705718994,3.0,11.200000000000003,0.17453292519943295,21.118483949131388,0.004589799687922995,0.9893568216189568,142.6665496826172,0.8865257501602173,0.0
34.77000069618225,3.1,11.8,2.0943951023931953,26.878070480712676,0.004589799687922995,0.9893568216189568,142.6665496826172,0.8865257501602173,0.0
34.78000068664551,3.2,12.200000000000001,8.552113334772216,21.991148575128552,0.004589799687922995,0.9893568216189568,142.6665496826172,0.8865257501602173,0.0
34.790000677108765,3.5,12.300000000000002,15.184364492350667,10.471975511965978,0.004079821944820441,0.9587581570328034,157.71099853515625,0.8881489634513855,0.0
34.80000066757202,4.3,12.4,23.212879051524585,7.155849933176751,0.004079821944820441,0.9587581570328034,157.71099853515625,0.8881489634513855,0.0
34.81000065803528,4.9,12.600000000000001,32.81218993749339,7.155849933176751,0.004079821944820441,0.9587581570328034,157.71099853515625,0.8881489634513855,0.0
34.820000648498535,4.9,12.700000000000001,32.81218993749339,8.377580409572781,0.03722837524648652,0.9062304494932403,15.77949333190918,0.8619881868362427,0.0
34.83000040054321,5.800000000000001,12.8,46.42575810304917,3.839724354387525,0.03722837524648652,0.9062304494932403,15.77949333190918,0.8619881868362427,0.0
34.84000062942505,8.4,12.8,75.2236907609556,-0.0,0.03722837524648652,0.9062304494932403,15.77949333190918,0.8619881868362427,0.0
34.850000619888306,8.4,12.700000000000001,75.2236907609556,-2.2689280275926285,0.3763635744096856,0.6935697306194748,0.39988890290260315,0.5484117865562439,0.0
34.86000061035156,11.900000000000002,12.5,98.08750396208131,-10.821041362364843,0.3763635744096856,0.6935697306194748,0.39988890290260315,0.5484117865562439,0.0
34.87000107765198,11.900000000000002,12.5,98.08750396208131,-10.821041362364843,0.3763635744096856,0.6935697306194748,0.39988890290260315,0.5484117865562439,0.0
34.880000591278076,13.600000000000001,12.100000000000001,94.59684545809266,-19.54768762233649,0.9296894256759578,0.3314855330166608,0.6366686820983887,0.8230000138282776,0.0
34.89000082015991,14.999999999999998,11.700000000000001,79.58701389094142,-22.165681500327985,0.9296894256759578,0.3314855330166608,0.6366686820983887,0.8230000138282776,0.0
34.90000057220459,15.899999999999999,11.4,53.23254218582705,-13.264502315156905,0.9296894256759578,0.3314855330166608,0.6366686820983887,0.8230000138282776,0.0
34.910000801086426,16.3,11.3,28.099800957108705,-7.504915783575617,1.3198223991494125,0.08414632761192158,0.8435595035552979,8.803121566772461,0.0
34.920000314712524,16.5,11.3,1.7453292519943295,-1.9198621771937625,1.3198223991494125,0.08414632761192158,0.8435595035552979,8.803121566772461,0.0
34.93000030517578,16.5,11.3,1.7453292519943295,-1.0471975511965976,1.3198223991494125,0.08414632761192158,0.8435595035552979,8.803121566772461,0.0
34.94000053405762,16.5,10.700000000000001,0.5235987755982988,-19.722220547535922,1.3198223991494125,0.08414632761192158,0.8435595035552979,8.803121566772461,0.0
34.950000286102295,16.5,10.700000000000001,0.5235987755982988,-19.722220547535922,1.4192680590544107,0.002549888715512775,0.8869878053665161,345.031005859375,0.0
34.96000051498413,16.5,10.100000000000001,0.0,-34.033920413889426,1.4192680590544107,0.002549888715512775,0.8869878053665161,345.031005859375,0.0
34.97000050544739,16.5,9.4,0.17453292519943295,-35.43018381548489,1.4192680590544107,0.002549888715512775,0.8869878053665161,345.031005859375,0.0
34.980000257492065,16.5,8.899999999999999,0.17453292519943295,-30.892327760299633,1.2581150922340032,0.0061197329172306605,0.8873785734176636,131.31100463867188,0.0
34.99000024795532,16.5,8.3,0.3490658503988659,-34.20845333908886,1.2581150922340032,0.0061197329172306605,0.8873785734176636,131.31100463867188,0.0
35.00000047683716,16.5,7.600000000000001,0.0,-36.302848441482055,1.2581150922340032,0.0061197329172306605,0.8873785734176636,131.31100463867188,0.0
35.010000705718994,16.5,7.0,0.0,-28.97246558310587,1.0459643511033403,0.005609755174128105,0.8839293122291565,119.98372650146484,0.0
35.02000093460083,16.5,6.500000000000001,0.0,-31.590459461097364,1.0459643511033403,0.005609755174128105,0.8839293122291565,119.98372650146484,0.0
35.03000068664551,16.5,5.800000000000001,-0.3490658503988659,-34.033920413889426,1.0459643511033403,0.005609755174128105,0.8839293122291565,119.98372650146484,0.0
35.040000915527344,16.5,5.4,-0.8726646259971648,-24.609142453120047,0.9174499598414965,0.00917959937584599,0.8814402222633362,65.33322143554688,0.0
35.05000066757202,16.4,5.2,-1.2217304763960306,-13.08996938995747,0.9174499598414965,0.00917959937584599,0.8814402222633362,65.33322143554688,0.0
35.06000065803528,16.4,5.0,-1.2217304763960306,-13.788101090755204,0.9174499598414965,0.00917959937584599,0.8814402222633362,65.33322143554688,0.0
35.070000648498535,16.3,4.7,-7.504915783575617,-15.533430342749533,0.9174499598414965,0.00917959937584599,0.8814402222633362,65.33322143554688,0.0
35.08000063896179,15.300000000000002,4.3,-30.194196059501902,-18.500490071139893,0.857272586155395,0.0030598664586153302,0.8875722885131836,190.31100463867188,0.0
35.09000062942505,15.300000000000002,4.1,-30.194196059501902,-12.39183768915974,0.857272586155395,0.0030598664586153302,0.8875722885131836,190.31100463867188,0.0
35.100000619888306,14.5,4.0,-39.79350694547071,-6.457718232379019,0.857272586155395,0.0030598664586153302,0.8875722885131836,190.31100463867188,0.0
35.11000037193298,13.700000000000003,4.0,-45.20402762665314,0.5235987755982988,0.857272586155395,0.0030598664586153302,0.8875722885131836,190.31100463867188,0.0
35.12000036239624,12.9,4.0,-44.505895925855405,-0.17453292519943295,0.898580783346702,0.00509977743102555,0.8849137425422668,122.47100067138672,0.0
35.130000829696655,12.100000000000001,4.0,-42.58603374866164,-0.0,0.898580783346702,0.00509977743102555,0.8849137425422668,122.47100067138672,0.0
35.14000058174133,10.999999999999998,4.0,-30.543261909900767,-0.17453292519943295,0.898580783346702,0.00509977743102555,0.8849137425422668,122.47100067138672,0.0
35.15000104904175,10.999999999999998,4.0,-30.543261909900767,-0.0,0.9465186911983422,0.004589799687922995,0.8842586278915405,146.04432678222656,0.0
35.16000056266785,10.600000000000001,4.0,-20.59488517353309,-0.3490658503988659,0.9465186911983422,0.004589799687922995,0.8842586278915405,146.04432678222656,0.0
35.17000079154968,10.5,4.0,-9.42477796076938,-0.3490658503988659,0.9465186911983422,0.004589799687922995,0.8842586278915405,146.04432678222656,0.0
35.18000030517578,10.5,4.0,-0.3490658503988659,-2.0943951023931953,0.9791572667569056,0.00917959937584599,0.8823333382606506,76.0443344116211,0.0
35.19000053405762,10.5,4.0,-0.3490658503988659,-2.0943951023931953,0.9791572667569056,0.00917959937584599,0.8823333382606506,76.0443344116211,0.0
35.200000286102295,10.700000000000001,3.8000000000000007,7.3303828583761845,-7.853981633974483,0.9791572667569056,0.00917959937584599,0.8823333382606506,76.0443344116211,0.0
35.21000051498413,10.700000000000001,3.6000000000000005,7.3303828583761845,-10.297442586766545,0.9791572667569056,0.00917959937584599,0.8823333382606506,76.0443344116211,0.0
35.22000050544739,10.9,3.4000000000000004,12.566370614359172,-12.39183768915974,0.9715076006103673,0.008159643889640881,0.8818609118461609,86.16100311279297,0.0
35.230000495910645,11.3,3.1,20.420352248333657,-16.406094968746697,0.9715076006103673,0.008159643889640881,0.8818609118461609,86.16100311279297,0.0
35.2400004863739,11.8,2.5,29.670597283903604,-28.44886680750757,0.8674721410174461,0.04997781882405039,0.8485531806945801,11.927326202392578,0.0
35.25000047683716,12.600000000000001,1.9000000000000004,38.92084231947355,-31.590459461097364,0.8674721410174461,0.04997781882405039,0.8485531806945801,11.927326202392578,0.0
35.26000094413757,14.100000000000003,1.5,40.49163864626845,-21.642082724729686,0.8674721410174461,0.04997781882405039,0.8485531806945801,11.927326202392578,0.0
35.27000069618225,14.100000000000003,1.3,40.49163864626845,-15.3588974175501,0.722128484233218,0.45541012459058167,0.5963446497917175,0.2836763858795166,0.0
35.28000068664551,15.300000000000002,1.0,30.368728984701335,-17.10422666954443,0.722128484233218,0.45541012459058167,0.5963446497917175,0.2836763858795166,0.0
35.290000677108765,15.300000000000002,0.6000000000000001,30.368728984701335,-22.165681500327985,0.722128484233218,0.45541012459058167,0.5963446497917175,0.2836763858795166,0.0
35.30000066757202,15.700000000000001,0.1,22.689280275926283,-21.118483949131388,0.722128484233218,0.45541012459058167,0.5963446497917175,0.2836763858795166,0.0
35.3100004196167,16.0,-0.0,14.486232791552935,-12.042771838760874,0.5681152058162463,0.9184699153277016,0.17804847657680511,0.4274786114692688,0.0
35.320000648498535,16.0,-0.1,-0.8726646259971648,-6.632251157578453,0.5681152058162463,0.9184699153277016,0.17804847657680511,0.4274786114692688,0.0
35.33000040054321,16.0,-0.1,-0.8726646259971648,-2.9670597283903604,0.39625270639068527,1.4819953214560249,0.6945263743400574,0.6858341097831726,0.0
35.34000039100647,16.0,-0.1,2.0943951023931953,-0.8726646259971648,0.39625270639068527,1.4819953214560249,0.6945263743400574,0.6858341097831726,0.0
35.350000619888306,16.0,-0.1,-0.17453292519943295,-0.0,0.39625270639068527,1.4819953214560249,0.6945263743400574,0.6858341097831726,0.0
35.36000061035156,16.0,-0.1,1.3962634015954636,0.3490658503988659,0.2019511862686118,1.4896449876025633,2.317060708999634,0.783008873462677,0.0
35.3700008392334,16.0,-0.1,-1.0471975511965976,0.6981317007977318,0.2019511862686118,1.4896449876025633,2.317060708999634,0.783008873462677,0.0
35.380000591278076,15.899999999999999,-0.1,-4.363323129985824,-0.0,0.2019511862686118,1.4896449876025633,2.317060708999634,0.783008873462677,0.0
35.39000058174133,15.700000000000001,-0.1,-10.122909661567112,-0.0,0.0611973291723066,1.3437913530752326,8.930999755859375,0.8486204743385315,0.0
35.40000057220459,15.399999999999999,-0.1,-15.882496193148398,-0.3490658503988659,0.0611973291723066,1.3437913530752326,8.930999755859375,0.8486204743385315,0.0
35.410000801086426,14.999999999999998,-0.1,-22.863813201125716,-0.0,0.0611973291723066,1.3437913530752326,8.930999755859375,0.8486204743385315,0.0
35.420000314712524,14.400000000000002,-0.1,-31.41592653589793,-0.0,0.0611973291723066,1.3437913530752326,8.930999755859375,0.8486204743385315,0.0
35.43000054359436,13.8,-0.2,-31.590459461097364,-2.0943951023931953,0.006629710660333216,1.244855670913337,86.06484985351562,0.8794956803321838,0.0
35.44000029563904,13.399999999999999,-0.2,-24.26007660272118,-2.2689280275926285,0.006629710660333216,1.244855670913337,86.06484985351562,0.8794956803321838,0.0
35.450000524520874,13.100000000000001,-0.30000000000000004,-16.231562043547264,-6.981317007977318,0.0035698442017178854,1.2178268505289014,161.3461456298828,0.893355131149292,0.0
35.46000051498413,13.100000000000001,-0.5,-0.17453292519943295,-7.67944870877505,0.0035698442017178854,1.2178268505289014,161.3461456298828,0.893355131149292,0.0
35.47000050544739,13.200000000000003,-0.5,2.792526803190927,-2.6179938779914944,0.0015299332293076651,1.0311749965533663,0.0,0.88623046875,0.0
35.480000495910645,13.399999999999999,-0.5,10.471975511965978,0.17453292519943295,0.0015299332293076651,1.0311749965533663,0.0,0.88623046875,0.0
35.49000024795532,13.700000000000003,-0.4,14.835298641951802,1.2217304763960306,0.0015299332293076651,1.0311749965533663,0.0,0.88623046875,0.0
35.50000023841858,14.0,-0.4,15.009831567151235,1.2217304763960306,0.005609755174128105,0.875631784907087,77.51100158691406,0.8848066329956055,0.0
35.510000705718994,14.300000000000002,-0.4,16.929693744344995,4.1887902047863905,0.005609755174128105,0.875631784907087,77.51100158691406,0.8848066329956055,0.0
35.52000093460083,14.600000000000001,-0.0,17.278759594743864,19.373154697137057,0.005609755174128105,0.875631784907087,77.51100158691406,0.8848066329956055,0.0
35.53000068664551,14.999999999999998,0.6000000000000001,7.67944870877505,31.93952531149623,0.005609755174128105,0.875631784907087,77.51100158691406,0.8848066329956055,0.0
35.540000915527344,14.999999999999998,1.3,4.71238898038469,37.873644768276954,0.004079821944820441,0.8241240328537289,104.81099700927734,0.8894950747489929,0.0
35.55000066757202,14.999999999999998,2.1,4.71238898038469,46.42575810304917,0.004079821944820441,0.8241240328537289,104.81099700927734,0.8894950747489929,0.0
35.5600004196167,14.999999999999998,3.1,0.5235987755982988,51.83627878423159,0.004079821944820441,0.8241240328537289,104.81099700927734,0.8894950747489929,0.0
35.570000410079956,14.999999999999998,4.1,-0.8726646259971648,53.75614096142535,0.0020399109724102203,0.9067404272363428,243.91099548339844,0.889449954032898,0.0
35.58000063896179,14.999999999999998,5.1000000000000005,-0.8726646259971648,53.75614096142535,0.0020399109724102203,0.9067404272363428,243.91099548339844,0.889449954032898,0.0
35.59000039100647,14.999999999999998,6.0,-0.17453292519943295,53.75614096142535,0.0020399109724102203,0.9067404272363428,243.91099548339844,0.889449954032898,0.0
35.60000038146973,14.999999999999998,6.9,-0.6981317007977318,48.69468613064179,0.00509977743102555,1.0066960648844436,113.03099822998047,0.885352611541748,0.0
35.61000061035156,14.999999999999998,7.699999999999999,-0.17453292519943295,44.680428851054835,0.00509977743102555,1.0066960648844436,113.03099822998047,0.885352611541748,0.0
35.62011241912842,14.999999999999998,8.5,-1.3962634015954636,43.28416544945937,0.00509977743102555,1.0066960648844436,113.03099822998047,0.885352611541748,0.0
35.630000829696655,14.900000000000002,9.200000000000003,-4.71238898038469,36.12831551628262,0.002549888715512775,1.0607537056533145,248.0709991455078,0.8843846321105957,0.0
35.64000058174133,14.600000000000001,9.900000000000002,-12.915436464758038,37.873644768276954,0.002549888715512775,1.0607537056533145,248.0709991455078,0.8843846321105957,0.0
35.65000081062317,14.200000000000001,10.5,-17.10422666954443,29.670597283903604,0.002549888715512775,1.0607537056533145,248.0709991455078,0.8843846321105957,0.0
35.66000056266785,13.900000000000002,10.8,-19.896753472735355,20.59488517353309,0.0061197329172306605,1.1260308567704416,112.17766571044922,0.8853768110275269,0.0
35.67000079154968,13.5,11.100000000000001,-23.212879051524585,18.32595714594046,0.0061197329172306605,1.1260308567704416,112.17766571044922,0.8853768110275269,0.0
35.68000054359436,12.9,11.5,-29.146998508305302,20.245819323134224,0.0061197329172306605,1.1260308567704416,112.17766571044922,0.8853768110275269,0.0
35.69000053405762,12.300000000000002,11.8,-32.2885911618951,18.32595714594046,0.007649666146538325,1.138270322604903,92.65766906738281,0.8818315267562866,0.0
35.700000286102295,11.8,11.900000000000002,-27.576202181510407,4.014257279586958,0.007649666146538325,1.138270322604903,92.65766906738281,0.8818315267562866,0.0
35.71000027656555,11.4,11.8,-25.830872929516076,-4.1887902047863905,0.007649666146538325,1.138270322604903,92.65766906738281,0.8818315267562866,0.0
35.72000074386597,10.8,11.8,-29.670597283903604,0.17453292519943295,0.00509977743102555,1.1229709903118261,139.59100341796875,0.8853669166564941,0.0
35.730000495910645,10.200000000000001,11.8,-30.7177948351002,-0.3490658503988659,0.00509977743102555,1.1229709903118261,139.59100341796875,0.8853669166564941,0.0
35.7400004863739,9.700000000000001,11.700000000000001,-27.401669256310974,-0.8726646259971648,0.00509977743102555,1.1229709903118261,139.59100341796875,0.8853669166564941,0.0
35.75000023841858,9.3,11.8,-28.099800957108705,1.0471975511965976,0.004589799687922995,1.1000219918722112,154.22210693359375,0.8871455788612366,0.0
35.76016068458557,8.6,11.8,-31.590459461097364,2.0943951023931953,0.004589799687922995,1.1000219918722112,154.22210693359375,0.8871455788612366,0.0
35.77000045776367,8.100000000000001,11.8,-30.543261909900767,-0.0,0.00509977743102555,1.084212681836032,138.39100646972656,0.8852370381355286,0.0
35.78000092506409,7.600000000000001,11.900000000000002,-26.878070480712676,1.7453292519943295,0.00509977743102555,1.084212681836032,138.39100646972656,0.8852370381355286,0.0
35.790141105651855,7.200000000000001,11.900000000000002,-21.29301687433082,0.17453292519943295,0.00509977743102555,1.084212681836032,138.39100646972656,0.8852370381355286,0.0
35.80000042915344,7.0,11.900000000000002,-14.660765716752369,2.792526803190927,0.004079821944820441,1.0571838614515965,171.51100158691406,0.8855267763137817,0.0
35.81000065803528,6.800000000000001,12.100000000000001,-8.203047484373348,9.599310885968812,0.004079821944820441,1.0571838614515965,171.51100158691406,0.8855267763137817,0.0
35.820000410079956,6.800000000000001,12.4,-3.490658503988659,15.882496193148398,0.004079821944820441,1.0571838614515965,171.51100158691406,0.8855267763137817,0.0
35.83000063896179,6.800000000000001,13.399999999999999,-1.0471975511965976,31.590459461097364,0.004079821944820441,1.0571838614515965,171.51100158691406,0.8855267763137817,0.0
35.84000039100647,6.800000000000001,13.399999999999999,-1.0471975511965976,31.590459461097364,0.0020399109724102203,1.0383146849568021,340.510986328125,0.8889999985694885,0.0
35.850000619888306,6.800000000000001,14.100000000000003,-1.0471975511965976,35.25565089028546,0.0020399109724102203,1.0383146849568021,340.510986328125,0.8889999985694885,0.0
35.86000061035156,6.800000000000001,14.5,-1.0471975511965976,25.830872929516076,0.0061197329172306605,1.0184255529758024,111.97766876220703,0.8853945732116699,0.0
35.8700008392334,6.800000000000001,14.800000000000002,0.8726646259971648,19.373154697137057,0.0061197329172306605,1.0184255529758024,111.97766876220703,0.8853945732116699,0.0
35.8800003528595,6.800000000000001,15.200000000000003,2.0943951023931953,20.59488517353309,0.00509977743102555,0.9919067103344695,132.4709930419922,0.884475588798523,0.0
35.89000082015991,6.800000000000001,15.600000000000001,2.0943951023931953,19.373154697137057,0.00509977743102555,0.9919067103344695,132.4709930419922,0.884475588798523,0.0
35.90000057220459,6.800000000000001,15.8,1.0471975511965976,15.707963267948966,0.00509977743102555,0.9919067103344695,132.4709930419922,0.884475588798523,0.0
35.910000801086426,7.0,15.899999999999999,9.599310885968812,5.585053606381854,0.007139688403435771,0.9108202491811633,87.91100311279297,0.8831769227981567,0.0
35.9200005531311,7.499999999999999,15.899999999999999,23.911010752322316,0.17453292519943295,0.007139688403435771,0.9108202491811633,87.91100311279297,0.8831769227981567,0.0
35.93000054359436,8.3,15.8,42.93509959906051,-4.014257279586958,0.007139688403435771,0.9108202491811633,87.91100311279297,0.8831769227981567,0.0
35.94000053405762,9.5,15.8,60.73745796940267,-2.792526803190927,0.09587581570328034,0.7109089738849618,4.349298000335693,0.8000473380088806,0.0
35.950000524520874,10.9,15.600000000000001,73.82742735936014,-8.203047484373348,0.09587581570328034,0.7109089738849618,4.349298000335693,0.8000473380088806,0.0
35.96000051498413,12.4,15.200000000000003,83.42673824532895,-19.722220547535922,0.09587581570328034,0.7109089738849618,4.349298000335693,0.8000473380088806,0.0
35.97000050544739,13.900000000000002,14.700000000000001,82.72860654453122,-28.623399732707004,0.643081934052322,0.39268286218896736,0.4487145245075226,0.13853247463703156,0.0
35.980000495910645,15.200000000000003,14.0,69.63863715457374,-37.873644768276954,0.643081934052322,0.39268286218896736,0.4487145245075226,0.13853247463703156,0.0
35.9900004863739,16.0,13.3,52.01081170943102,-34.73205211468716,0.643081934052322,0.39268286218896736,0.4487145245075226,0.13853247463703156,0.0
36.00000023841858,16.6,13.100000000000001,28.97246558310587,-12.566370614359172,0.643081934052322,0.39268286218896736,0.4487145245075226,0.13853247463703156,0.0
36.010000705718994,16.8,13.200000000000003,13.962634015954636,-0.0,0.643081934052322,0.39268286218896736,0.4487145245075226,0.13853247463703156,0.0
36.02000093460083,16.8,13.3,2.0943951023931953,4.886921905584122,1.4651660559336406,0.04028824170510185,0.868672788143158,20.802139282226562,0.0
36.03000068664551,16.8,13.3,0.5235987755982988,0.3490658503988659,1.4651660559336406,0.04028824170510185,0.868672788143158,20.802139282226562,0.0
36.040000915527344,16.8,13.200000000000003,0.3490658503988659,-2.0943951023931953,1.4651660559336406,0.04028824170510185,0.868672788143158,20.802139282226562,0.0
36.05000042915344,16.8,13.100000000000001,1.0471975511965976,-4.537856055185257,1.3881594167251547,0.005609755174128105,0.8872365951538086,148.49281311035156,0.0
36.06000065803528,16.900000000000002,12.700000000000001,6.981317007977318,-21.118483949131388,1.3463412417907452,0.007139688403435771,0.88718181848526,112.25386047363281,0.0
36.070000648498535,17.2,11.900000000000002,14.311699866353502,-40.840704496667314,1.3463412417907452,0.007139688403435771,0.88718181848526,112.25386047363281,0.0
36.08000063896179,17.6,10.9,19.54768762233649,-51.83627878423159,1.3463412417907452,0.007139688403435771,0.88718181848526,112.25386047363281,0.0
36.09000039100647,18.0,9.900000000000002,20.420352248333657,-55.676003138619116,1.3463412417907452,0.007139688403435771,0.88718181848526,112.25386047363281,0.0
36.10013747215271,18.3,9.0,15.533430342749533,-50.78908123303499,1.3463412417907452,0.007139688403435771,0.88718181848526,112.25386047363281,0.0
36.11000061035156,18.400000000000006,8.2,8.203047484373348,-46.25122517784973,1.1739687646220818,0.0015299332293076651,0.884482204914093,0.0,0.0
36.12000060081482,18.400000000000006,7.499999999999999,0.6981317007977318,-40.14257279586958,1.1739687646220818,0.0015299332293076651,0.884482204914093,0.0,0.0
36.130000829696655,18.400000000000006,7.0,-0.5235987755982988,-28.44886680750757,1.0485142398188532,0.00509977743102555,0.885498046875,126.79100036621094,0.0
36.140000343322754,18.3,6.600000000000001,-1.3962634015954636,-21.467549799530254,1.0485142398188532,0.00509977743102555,0.885498046875,126.79100036621094,0.0
36.15000081062317,18.3,6.2,-2.792526803190927,-22.863813201125716,1.0485142398188532,0.00509977743102555,0.885498046875,126.79100036621094,0.0
36.16000056266785,17.6,5.800000000000001,-22.165681500327985,-18.500490071139893,0.9245896482449323,0.006629710660333216,0.8823811411857605,86.68022918701172,0.0
36.1700005531311,17.6,5.7,-22.165681500327985,-7.67944870877505,0.9245896482449323,0.006629710660333216,0.8823811411857605,86.68022918701172,0.0
36.18005108833313,17.1,5.7,-26.354471705114378,-2.443460952792061,0.9245896482449323,0.006629710660333216,0.8823811411857605,86.68022918701172,0.0
36.19000053405762,16.5,5.600000000000001,-31.590459461097364,-2.792526803190927,0.8465630535502413,0.009689577118948545,0.8798433542251587,55.36363220214844,0.0
36.200000286102295,15.899999999999999,5.600000000000001,-32.46312408709453,-3.3161255787892263,0.8465630535502413,0.009689577118948545,0.8798433542251587,55.36363220214844,0.0
36.21000051498413,15.300000000000002,5.600000000000001,-32.98672286269283,0.3490658503988659,0.8317736990002672,0.004079821944820441,0.8836045265197754,132.31100463867188,0.0
36.22000050544739,14.600000000000001,5.600000000000001,-38.22271061867582,0.3490658503988659,0.8317736990002672,0.004079821944820441,0.8836045265197754,132.31100463867188,0.0
36.230000495910645,13.900000000000002,5.600000000000001,-39.444441095071845,-0.0,0.8317736990002672,0.004079821944820441,0.8836045265197754,132.31100463867188,0.0
36.24000024795532,13.200000000000003,5.600000000000001,-37.873644768276954,-0.0,0.8960308946311892,0.0035698442017178854,0.8853574395179749,169.6252899169922,0.0
36.25000023841858,12.5,5.600000000000001,-39.444441095071845,-0.0,0.8960308946311892,0.0035698442017178854,0.8853574395179749,169.6252899169922,0.0
36.26005721092224,11.700000000000001,5.600000000000001,-41.538836197465045,-0.3490658503988659,0.8960308946311892,0.0035698442017178854,0.8853574395179749,169.6252899169922,0.0
36.27000069618225,11.100000000000001,5.600000000000001,-35.604716740684324,-0.5235987755982988,0.9674277786655469,0.0061197329172306605,0.8843610882759094,109.11100006103516,0.0
36.28000068664551,10.600000000000001,5.600000000000001,-24.609142453120047,-0.8726646259971648,0.9674277786655469,0.0061197329172306605,0.8843610882759094,109.11100006103516,0.0
36.290000677108765,10.4,5.4,-14.835298641951802,-6.283185307179586,0.9674277786655469,0.0061197329172306605,0.8843610882759094,109.11100006103516,0.0
36.30000066757202,10.4,5.1000000000000005,0.0,-15.533430342749533,0.9674277786655469,0.0061197329172306605,0.8843610882759094,109.11100006103516,0.0
36.31000065803528,10.600000000000001,4.600000000000001,6.1086523819801535,-27.05260340591211,0.9837470664448287,0.004589799687922995,0.8852674961090088,151.73321533203125,0.0
36.320000648498535,10.8,3.9000000000000004,12.915436464758038,-37.35004599267865,0.9837470664448287,0.004589799687922995,0.8852674961090088,151.73321533203125,0.0
36.33000063896179,11.200000000000003,3.3000000000000007,19.54768762233649,-30.543261909900767,0.9995563764810078,0.010709532605153655,0.88287752866745,67.26338195800781,0.0
36.34000062942505,11.700000000000001,2.8000000000000007,25.830872929516076,-32.637657012293964,0.9995563764810078,0.010709532605153655,0.88287752866745,67.26338195800781,0.0
36.35000038146973,12.300000000000002,2.0,32.2885911618951,-37.52457891787809,0.9995563764810078,0.010709532605153655,0.88287752866745,67.26338195800781,0.0
36.36000061035156,13.5,1.4000000000000004,31.590459461097364,-35.25565089028546,0.9995563764810078,0.010709532605153655,0.88287752866745,67.26338195800781,0.0
36.3700008392334,13.5,0.7000000000000002,31.590459461097364,-40.66617157146788,0.939888980538009,0.21725051856168845,0.7722338438034058,2.3448028564453125,0.0
36.380000591278076,14.0,-0.0,28.797932657906436,-40.31710572106901,0.939888980538009,0.21725051856168845,0.7722338438034058,2.3448028564453125,0.0
36.39041090011597,14.600000000000001,-0.6000000000000001,29.49606435870417,-31.93952531149623,0.7991351234417038,0.6186030023833993,0.5152922868728638,0.09236850589513779,0.0
36.40000057220459,15.100000000000001,-1.1,32.2885911618951,-32.98672286269283,0.7991351234417038,0.6186030023833993,0.5152922868728638,0.09236850589513779,0.0
36.41000056266785,15.8,-1.7000000000000002,34.20845333908886,-28.623399732707004,0.7991351234417038,0.6186030023833993,0.5152922868728638,0.09236850589513779,0.0
36.420000314712524,16.4,-2.0,33.335788713091695,-18.84955592153876,0.7991351234417038,0.6186030023833993,0.5152922868728638,0.09236850589513779,0.0
36.43000054359436,16.900000000000002,-2.2,30.543261909900767,-14.311699866353502,0.5313968083128624,1.1331705451738774,0.00850479956716299,0.5304041504859924,0.0
36.44000053405762,17.400000000000002,-2.5,23.911010752322316,-14.835298641951802,0.5313968083128624,1.1331705451738774,0.00850479956716299,0.5304041504859924,0.0
36.450000524520874,17.6,-3.0,15.882496193148398,-25.48180707911721,0.5313968083128624,1.1331705451738774,0.00850479956716299,0.5304041504859924,0.0
36.46000051498413,17.7,-3.5,7.155849933176751,-26.354471705114378,0.34831479853904507,1.2305762941064653,0.6044114232063293,0.6708483099937439,0.0
36.47000026702881,17.7,-3.7000000000000006,-2.2689280275926285,-12.915436464758038,0.34831479853904507,1.2305762941064653,0.6044114232063293,0.6708483099937439,0.0
36.480000495910645,17.5,-3.7000000000000006,-6.632251157578453,-1.9198621771937625,0.34831479853904507,1.2305762941064653,0.6044114232063293,0.6708483099937439,0.0
36.4900004863739,17.300000000000004,-3.7000000000000006,-10.64650843716541,-0.0,0.14585363452733074,1.3080929110580537,3.105405569076538,0.7982397675514221,0.0
36.50000047683716,17.1,-3.6000000000000005,-14.137166941154069,1.2217304763960306,0.14585363452733074,1.3080929110580537,3.105405569076538,0.7982397675514221,0.0
36.510000467300415,16.8,-3.6000000000000005,-13.264502315156905,0.3490658503988659,0.14585363452733074,1.3080929110580537,3.105405569076538,0.7982397675514221,0.0
36.52000093460083,16.6,-3.6000000000000005,-12.39183768915974,0.6981317007977318,0.04130819719130696,1.3244121988373354,14.034457206726074,0.8600435256958008,0.0
36.53000068664551,16.5,-3.6000000000000005,-8.203047484373348,0.6981317007977318,0.04130819719130696,1.3244121988373354,14.034457206726074,0.8600435256958008,0.0
36.540000915527344,16.4,-3.6000000000000005,-3.6651914291880923,0.17453292519943295,0.04130819719130696,1.3244121988373354,14.034457206726074,0.8600435256958008,0.0
36.55000042915344,16.4,-3.6000000000000005,0.8726646259971648,0.6981317007977318,0.04130819719130696,1.3244121988373354,14.034457206726074,0.8600435256958008,0.0
36.56000065803528,16.4,-3.6000000000000005,0.0,0.17453292519943295,0.04130819719130696,1.3244121988373354,14.034457206726074,0.8600435256958008,0.0
36.570000648498535,16.5,-3.5,0.17453292519943295,2.443460952792061,0.0010199554862051102,1.0678933940567503,0.0,0.8943486213684082,0.0
36.58000063896179,16.5,-3.4000000000000004,0.17453292519943295,6.632251157578453,0.0010199554862051102,1.0678933940567503,0.0,0.8943486213684082,0.0
36.59000062942505,16.5,-3.2,0.8726646259971648,9.599310885968812,0.0010199554862051102,1.0678933940567503,0.0,0.8943486213684082,0.0
36.600000619888306,16.5,-3.0,0.3490658503988659,9.948376736367678,0.0010199554862051102,0.9118402046673684,0.0,0.8898948431015015,0.0
36.61000037193298,16.6,-2.8000000000000007,3.141592653589793,13.439035240356338,0.0010199554862051102,0.9118402046673684,0.0,0.8898948431015015,0.0
36.62000060081482,16.699999999999996,-2.5,6.806784082777885,16.929693744344995,0.0010199554862051102,0.9118402046673684,0.0,0.8898948431015015,0.0
36.630000829696655,16.900000000000002,-1.9000000000000004,9.250245035569947,29.146998508305302,0.0010199554862051102,0.9118402046673684,0.0,0.8898948431015015,0.0
36.64000058174133,17.0,-1.1,8.203047484373348,41.01523742186674,0.0010199554862051102,0.8547226974398823,0.0,0.8894773125648499,0.0
36.65000081062317,17.2,-0.30000000000000004,7.3303828583761845,44.680428851054835,0.0010199554862051102,0.8547226974398823,0.0,0.8894773125648499,0.0
36.66000056266785,17.300000000000004,0.6000000000000001,5.759586531581287,53.05800926062762,0.002549888715512775,0.8883812284846508,192.87100219726562,0.8880814909934998,0.0
36.67000079154968,17.300000000000004,1.7000000000000002,0.6981317007977318,56.72320068981571,0.002549888715512775,0.8883812284846508,192.87100219726562,0.8880814909934998,0.0
36.68000030517578,17.300000000000004,2.8000000000000007,0.0,60.73745796940267,0.002549888715512775,0.8883812284846508,192.87100219726562,0.8880814909934998,0.0
36.69000053405762,17.300000000000004,3.8000000000000007,0.0,57.94493116621174,0.0061197329172306605,0.9709976228672648,91.0443344116211,0.8847982883453369,0.0
36.700000524520874,17.300000000000004,4.800000000000001,-0.17453292519943295,56.72320068981571,0.0061197329172306605,0.9709976228672648,91.0443344116211,0.8847982883453369,0.0
36.71000051498413,17.300000000000004,5.800000000000001,-0.17453292519943295,54.62880558742251,0.0061197329172306605,0.9709976228672648,91.0443344116211,0.8847982883453369,0.0
36.72000050544739,17.300000000000004,6.800000000000001,0.0,53.40707511102649,0.004589799687922995,1.0536140172498787,136.08877563476562,0.8831916451454163,0.0
36.730000495910645,17.2,7.699999999999999,-0.3490658503988659,52.35987755982988,0.004589799687922995,1.0536140172498787,136.08877563476562,0.8831916451454163,0.0
36.7400004863739,17.2,8.6,0.0,50.440015382636126,0.004589799687922995,1.0536140172498787,136.08877563476562,0.8831916451454163,0.0
36.75000047683716,17.2,9.5,0.0,47.472955654245766,0.004589799687922995,1.0536140172498787,136.08877563476562,0.8831916451454163,0.0
36.76000094413757,17.2,10.299999999999999,0.0,46.949356878647464,0.0035698442017178854,1.1352104561462875,197.1681365966797,0.8868436813354492,0.0
36.77000069618225,17.2,10.999999999999998,-1.0471975511965976,39.96803987067015,0.0035698442017178854,1.1352104561462875,197.1681365966797,0.8868436813354492,0.0
36.78000092506409,17.2,11.8,-0.17453292519943295,40.840704496667314,0.0035698442017178854,1.1352104561462875,197.1681365966797,0.8868436813354492,0.0
36.790000438690186,17.0,12.4,-9.250245035569947,34.033920413889426,0.0061197329172306605,1.1290907232290568,116.4443359375,0.8846639394760132,0.0
36.80000066757202,17.0,12.8,-9.250245035569947,25.48180707911721,0.0061197329172306605,1.1290907232290568,116.4443359375,0.8846639394760132,0.0
36.81000065803528,16.6,13.3,-17.976891295541595,23.736477827122883,0.0061197329172306605,1.1290907232290568,116.4443359375,0.8846639394760132,0.0
36.820000648498535,16.1,13.700000000000003,-24.08554367752175,24.78367537831948,0.00509977743102555,1.101551925101519,139.75100708007812,0.8845555782318115,0.0
36.83000063896179,15.600000000000001,14.100000000000003,-30.194196059501902,17.802358370342162,0.00509977743102555,1.101551925101519,139.75100708007812,0.8845555782318115,0.0
36.84000062942505,14.999999999999998,14.0,-33.510321638291124,1.5707963267948966,0.00509977743102555,1.101551925101519,139.75100708007812,0.8845555782318115,0.0
36.850000619888306,14.200000000000001,14.100000000000003,-38.92084231947355,1.7453292519943295,0.00509977743102555,1.0816627931205192,139.75100708007812,0.8867369294166565,0.0
36.86000061035156,13.5,14.100000000000003,-41.538836197465045,-0.17453292519943295,0.00509977743102555,1.0816627931205192,139.75100708007812,0.8867369294166565,0.0
36.87000036239624,12.700000000000001,14.100000000000003,-44.680428851054835,1.3962634015954636,0.00509977743102555,1.0816627931205192,139.75100708007812,0.8867369294166565,0.0
36.880000591278076,11.8,14.100000000000003,-45.378560551852566,-0.5235987755982988,0.0061197329172306605,1.0627936166257248,116.4443359375,0.8851612210273743,0.0
36.89000082015991,10.999999999999998,14.100000000000003,-45.20402762665314,1.0471975511965976,0.0061197329172306605,1.0627936166257248,116.4443359375,0.8851612210273743,0.0
36.90000057220459,10.200000000000001,14.100000000000003,-43.45869837465881,-0.3490658503988659,0.0061197329172306605,1.0627936166257248,116.4443359375,0.8851612210273743,0.0
36.910000801086426,8.8,14.100000000000003,-36.82644721708035,1.3962634015954636,0.0061197329172306605,1.0627936166257248,116.4443359375,0.8851612210273743,0.0
36.9200005531311,8.8,14.200000000000001,-36.82644721708035,3.3161255787892263,0.005609755174128105,1.0541239949929813,127.54736328125,0.8851296305656433,0.0
36.93000054359436,8.3,14.400000000000002,-30.7177948351002,11.170107212763709,0.005609755174128105,1.0541239949929813,127.54736328125,0.8851296305656433,0.0
36.94000053405762,7.9,14.700000000000001,-23.911010752322316,16.406094968746697,0.0030598664586153302,1.0413745514154173,236.17767333984375,0.8870411515235901,0.0
36.950000524520874,7.600000000000001,15.200000000000003,-17.10422666954443,25.656340004316643,0.0030598664586153302,1.0413745514154173,236.17767333984375,0.8870411515235901,0.0
36.96000051498413,7.400000000000001,15.8,-10.821041362364843,29.321531433504738,0.0030598664586153302,1.0413745514154173,236.17767333984375,0.8870411515235901,0.0
36.97000050544739,7.400000000000001,16.200000000000003,-1.7453292519943295,23.212879051524585,0.004079821944820441,1.0383146849568021,178.81100463867188,0.8862494826316833,0.0
36.980000495910645,7.400000000000001,16.4,1.3962634015954636,12.566370614359172,0.004079821944820441,1.0383146849568021,178.81100463867188,0.8862494826316833,0.0
36.9900004863739,7.400000000000001,16.6,-2.443460952792061,13.08996938995747,0.004079821944820441,1.0383146849568021,178.81100463867188,0.8862494826316833,0.0
37.00000047683716,7.200000000000001,16.900000000000002,-6.806784082777885,16.58062789394613,0.004589799687922995,1.037294729470597,160.6221160888672,0.8870334029197693,0.0
37.010000705718994,7.0,17.300000000000004,-12.740903539558605,21.991148575128552,0.004589799687922995,1.037294729470597,160.6221160888672,0.8870334029197693,0.0
37.02000093460083,6.699999999999999,17.7,-13.61356816555577,18.84955592153876,0.004589799687922995,1.037294729470597,160.6221160888672,0.8870334029197693,0.0
37.03000068664551,6.2,17.799999999999997,-12.915436464758038,8.028514559173916,0.004589799687922995,1.037294729470597,160.6221160888672,0.8870334029197693,0.0
37.040000915527344,6.2,17.799999999999997,-12.915436464758038,0.8726646259971648,0.004589799687922995,1.0265851968654434,161.68878173828125,0.8854232430458069,0.0
37.05000066757202,6.0,17.799999999999997,-9.773843811168245,-0.17453292519943295,0.004589799687922995,1.0265851968654434,161.68878173828125,0.8854232430458069,0.0
37.06000065803528,6.0,17.7,-3.6651914291880923,-2.443460952792061,0.004589799687922995,1.0265851968654434,161.68878173828125,0.8854232430458069,0.0
37.070000648498535,6.0,17.7,-1.7453292519943295,-1.0471975511965976,0.00509977743102555,1.0102659090861614,144.79100036621094,0.8861731290817261,0.0
37.08000063896179,6.0,17.7,1.3962634015954636,-0.5235987755982988,0.00509977743102555,1.0102659090861614,144.79100036621094,0.8861731290817261,0.0
37.09000062942505,6.0,17.7,0.3490658503988659,-0.3490658503988659,0.00509977743102555,1.0102659090861614,144.79100036621094,0.8861731290817261,0.0
37.100000619888306,6.1000000000000005,17.7,3.6651914291880923,-1.3962634015954636,0.019889131980999647,0.899600738832907,32.91613006591797,0.8799297213554382,0.0
37.11000108718872,6.300000000000001,17.6,13.08996938995747,-6.283185307179586,0.019889131980999647,0.899600738832907,32.91613006591797,0.8799297213554382,0.0
37.12000036239624,6.9,17.2,27.576202181510407,-16.05702911834783,0.019889131980999647,0.899600738832907,32.91613006591797,0.8799297213554382,0.0
37.1300003528595,7.600000000000001,16.699999999999996,36.477381366681485,-26.17993877991494,0.019889131980999647,0.899600738832907,32.91613006591797,0.8799297213554382,0.0
37.14000058174133,8.3,16.0,40.49163864626845,-40.49163864626845,0.45643008007678676,0.5349666525145802,0.0005083784344606102,0.33380457758903503,0.0
37.15000081062317,9.100000000000001,14.900000000000002,42.93509959906051,-53.75614096142535,0.45643008007678676,0.5349666525145802,0.0005083784344606102,0.33380457758903503,0.0
37.16000056266785,9.8,13.900000000000002,41.01523742186674,-55.676003138619116,0.45643008007678676,0.5349666525145802,0.0005083784344606102,0.33380457758903503,0.0
37.17000079154968,10.600000000000001,13.000000000000002,38.746309394274114,-49.741883681838395,0.45643008007678676,0.5349666525145802,0.0005083784344606102,0.33380457758903503,0.0
37.18000030517578,11.100000000000001,12.5,33.510321638291124,-32.81218993749339,1.195387829832389,0.14330374581181796,0.7927542924880981,4.269718647003174,0.0
37.19000053405762,11.700000000000001,12.200000000000001,28.623399732707004,-18.151424220741028,1.195387829832389,0.14330374581181796,0.7927542924880981,4.269718647003174,0.0
37.200000286102295,12.200000000000001,12.100000000000001,29.49606435870417,-6.806784082777885,1.195387829832389,0.14330374581181796,0.7927542924880981,4.269718647003174,0.0
37.21000051498413,12.8,12.0,34.20845333908886,-1.9198621771937625,1.3504210637355658,0.03926828621889674,0.8639244437217712,19.921390533447266,0.0
37.22000050544739,13.600000000000001,12.0,40.49163864626845,-4.014257279586958,1.3504210637355658,0.03926828621889674,0.8639244437217712,19.921390533447266,0.0
37.230000495910645,14.5,11.8,47.647488579445195,-7.67944870877505,1.3504210637355658,0.03926828621889674,0.8639244437217712,19.921390533447266,0.0
37.2400004863739,15.399999999999999,11.600000000000001,50.09094953223726,-12.740903539558605,1.3096228442873614,0.009689577118948545,0.8843271136283875,80.75310516357422,0.0
37.25000047683716,16.3,11.200000000000003,51.13814708343386,-20.07128639793479,1.3096228442873614,0.009689577118948545,0.8843271136283875,80.75310516357422,0.0
37.260000705718994,17.2,10.700000000000001,47.647488579445195,-27.05260340591211,1.3096228442873614,0.009689577118948545,0.8843271136283875,80.75310516357422,0.0
37.27000069618225,18.6,9.900000000000002,36.65191429188092,-39.79350694547071,1.3096228442873614,0.009689577118948545,0.8843271136283875,80.75310516357422,0.0
37.28000092506409,18.6,9.200000000000003,36.65191429188092,-38.39724354387525,1.2866738458477462,0.008159643889640881,0.8883658051490784,94.96099853515625,0.0
37.290000677108765,19.1,8.6,26.17993877991494,-36.302848441482055,1.2866738458477462,0.008159643889640881,0.8883658051490784,94.96099853515625,0.0
37.30000066757202,19.300000000000004,7.800000000000001,4.71238898038469,-39.269908169872416,1.2866738458477462,0.008159643889640881,0.8883658051490784,94.96099853515625,0.0
37.3100004196167,19.300000000000004,7.300000000000001,4.71238898038469,-31.764992386296797,1.1862082304565431,0.008159643889640881,0.881777286529541,88.36100006103516,0.0
37.320000648498535,19.300000000000004,6.800000000000001,-0.3490658503988659,-23.736477827122883,1.1862082304565431,0.008159643889640881,0.881777286529541,88.36100006103516,0.0
37.33000063896179,19.300000000000004,6.4,0.0,-24.434609527920614,1.1862082304565431,0.008159643889640881,0.881777286529541,88.36100006103516,0.0
37.34000062942505,19.300000000000004,6.0,-0.8726646259971648,-23.387411976724017,1.0209754416913153,0.008669621632743436,0.8826063871383667,72.758056640625,0.0
37.350000619888306,19.200000000000003,5.800000000000001,-3.3161255787892263,-12.740903539558605,1.0209754416913153,0.008669621632743436,0.8826063871383667,72.758056640625,0.0
37.36000061035156,19.200000000000003,5.800000000000001,-3.3161255787892263,-1.3962634015954636,0.8786916513657024,0.0035698442017178854,0.8899286389350891,156.482421875,0.0
37.3700008392334,19.1,5.800000000000001,-8.028514559173916,-0.3490658503988659,0.8786916513657024,0.0035698442017178854,0.8899286389350891,156.482421875,0.0
37.380000591278076,18.8,5.800000000000001,-15.184364492350667,0.3490658503988659,0.8786916513657024,0.0035698442017178854,0.8899286389350891,156.482421875,0.0
37.39000082015991,17.900000000000006,5.800000000000001,-26.878070480712676,-0.0,0.8786916513657024,0.0035698442017178854,0.8899286389350891,156.482421875,0.0
37.40000057220459,17.900000000000006,5.800000000000001,-26.878070480712676,0.5235987755982988,0.8633923190726257,0.00509977743102555,0.8838021159172058,112.23100280761719,0.0
37.410000801086426,16.6,5.800000000000001,-36.477381366681485,0.3490658503988659,0.8633923190726257,0.00509977743102555,0.8838021159172058,112.23100280761719,0.0
37.4200005531311,16.6,5.800000000000001,-36.477381366681485,-0.17453292519943295,0.8633923190726257,0.00509977743102555,0.8838021159172058,112.23100280761719,0.0
37.43000054359436,15.899999999999999,5.800000000000001,-39.444441095071845,-0.5235987755982988,0.8700220297329588,0.0030598664586153302,0.8885310888290405,195.7776641845703,0.0
37.44000053405762,15.200000000000003,5.800000000000001,-39.444441095071845,-0.6981317007977318,0.8542127196967797,0.00509977743102555,0.8851791024208069,116.07099914550781,0.0
37.450000524520874,14.5,5.7,-35.604716740684324,-2.792526803190927,0.8542127196967797,0.00509977743102555,0.8851791024208069,116.07099914550781,0.0
37.46000051498413,14.0,5.600000000000001,-25.830872929516076,-6.1086523819801535,0.8542127196967797,0.00509977743102555,0.8851791024208069,116.07099914550781,0.0
37.47000050544739,13.900000000000002,5.300000000000001,-11.344640137963141,-14.137166941154069,0.8542127196967797,0.00509977743102555,0.8851791024208069,116.07099914550781,0.0
37.480000734329224,13.900000000000002,4.9,0.8726646259971648,-22.51474735072685,0.8904211394570611,0.007139688403435771,0.8816689848899841,89.51100158691406,0.0
37.4900004863739,14.0,4.1,4.363323129985824,-41.88790204786391,0.8904211394570611,0.007139688403435771,0.8816689848899841,89.51100158691406,0.0
37.50000047683716,14.200000000000001,3.3000000000000007,11.170107212763709,-42.76056667386107,0.8904211394570611,0.007139688403435771,0.8816689848899841,89.51100158691406,0.0
37.510000705718994,14.600000000000001,2.4000000000000004,17.10422666954443,-49.21828490624009,0.8934810059156765,0.05048779656715295,0.8561232686042786,12.274636268615723,0.0
37.52000093460083,14.999999999999998,1.4000000000000004,20.769418098732523,-49.04375198104066,0.8934810059156765,0.05048779656715295,0.8561232686042786,12.274636268615723,0.0
37.53000092506409,15.399999999999999,0.30000000000000004,20.245819323134224,-53.93067388662478,0.8934810059156765,0.05048779656715295,0.8561232686042786,12.274636268615723,0.0
37.540000915527344,15.700000000000001,-0.30000000000000004,19.54768762233649,-51.13814708343386,0.7894455463227552,0.41716179385789004,0.6342196464538574,0.552564799785614,0.0
37.55000042915344,16.1,-1.2000000000000002,21.467549799530254,-47.82202150464463,0.7894455463227552,0.41716179385789004,0.6342196464538574,0.552564799785614,0.0
37.56000065803528,16.5,-1.9000000000000004,21.467549799530254,-41.713369122664474,0.7894455463227552,0.41716179385789004,0.6342196464538574,0.552564799785614,0.0
37.570000410079956,17.300000000000004,-2.5,20.943951023931955,-31.93952531149623,0.7894455463227552,0.41716179385789004,0.6342196464538574,0.552564799785614,0.0
37.58000063896179,17.300000000000004,-3.1,20.943951023931955,-32.98672286269283,0.6956096415918851,0.8032149453865242,0.3282961845397949,0.21344444155693054,0.0
37.59000086784363,17.6,-3.6000000000000005,16.231562043547264,-25.830872929516076,0.6956096415918851,0.8032149453865242,0.3282961845397949,0.21344444155693054,0.0
37.600000619888306,17.7,-3.7000000000000006,10.995574287564276,-12.217304763960307,0.542106340918016,1.2519953593167725,0.17741580307483673,0.5435824990272522,0.0
37.61000037193298,17.7,-3.8000000000000007,-0.3490658503988659,-3.839724354387525,0.542106340918016,1.2519953593167725,0.17741580307483673,0.5435824990272522,0.0
37.62000060081482,17.7,-3.8000000000000007,-0.3490658503988659,-0.5235987755982988,0.542106340918016,1.2519953593167725,0.17741580307483673,0.5435824990272522,0.0
37.630000829696655,17.7,-3.8000000000000007,-0.17453292519943295,-0.0,0.36361413083212174,1.3835696170372318,0.8579846024513245,0.6837659478187561,0.0
37.64000058174133,17.7,-3.8000000000000007,-1.2217304763960306,0.6981317007977318,0.36361413083212174,1.3835696170372318,0.8579846024513245,0.6837659478187561,0.0
37.65000057220459,17.6,-3.8000000000000007,-6.283185307179586,0.6981317007977318,0.36361413083212174,1.3835696170372318,0.8579846024513245,0.6837659478187561,0.0
37.66000056266785,17.6,-3.7000000000000006,-6.283185307179586,2.9670597283903604,0.17084254393935594,1.3223722878649251,2.8005521297454834,0.7896556258201599,0.0
37.6700005531311,17.2,-3.5,-18.151424220741028,8.552113334772216,0.17084254393935594,1.3223722878649251,2.8005521297454834,0.7896556258201599,0.0
37.68000030517578,16.6,-3.3000000000000007,-30.194196059501902,11.519173063162574,0.17084254393935594,1.3223722878649251,2.8005521297454834,0.7896556258201599,0.0
37.69000053405762,16.0,-3.1,-33.510321638291124,10.821041362364843,0.05150775205335806,1.2178268505289014,10.87337589263916,0.8544941544532776,0.0
37.700000524520874,15.399999999999999,-2.9000000000000004,-31.93952531149623,8.901179185171081,0.05150775205335806,1.2178268505289014,10.87337589263916,0.8544941544532776,0.0
37.71000051498413,14.900000000000002,-2.9000000000000004,-27.576202181510407,5.061454830783556,0.05150775205335806,1.2178268505289014,10.87337589263916,0.8544941544532776,0.0
37.72000050544739,14.5,-2.8000000000000007,-24.08554367752175,2.9670597283903604,0.005609755174128105,1.1076716580187496,100.34736633300781,0.8849484324455261,0.0
37.730000495910645,14.200000000000001,-2.8000000000000007,-4.1887902047863905,0.6981317007977318,0.005609755174128105,1.1076716580187496,100.34736633300781,0.8849484324455261,0.0
37.7400004863739,14.200000000000001,-2.8000000000000007,-4.1887902047863905,0.3490658503988659,0.005609755174128105,1.1076716580187496,100.34736633300781,0.8849484324455261,0.0
37.75000023841858,14.200000000000001,-2.7,1.3962634015954636,7.504915783575617,0.005609755174128105,1.1076716580187496,100.34736633300781,0.8849484324455261,0.0
37.76000094413757,14.200000000000001,-2.3000000000000007,0.17453292519943295,15.707963267948966,0.007649666146538325,0.9250996259880349,63.964332580566406,0.8815027475357056,0.0
37.77000069618225,14.300000000000002,-1.8000000000000003,1.2217304763960306,29.845130209103036,0.007649666146538325,0.9250996259880349,63.964332580566406,0.8815027475357056,0.0
37.78000092506409,14.300000000000002,-1.1,2.0943951023931953,35.95378259108319,0.007649666146538325,0.9250996259880349,63.964332580566406,0.8815027475357056,0.0
37.790000677108765,14.700000000000001,0.2,9.250245035569947,39.09537524467298,0.006629710660333216,0.857272586155395,70.31099700927734,0.8813855051994324,0.0
37.80000066757202,14.700000000000001,0.2,9.250245035569947,39.09537524467298,0.006629710660333216,0.857272586155395,70.31099700927734,0.8813855051994324,0.0
37.8100004196167,14.800000000000002,1.0,8.028514559173916,45.20402762665314,0.006629710660333216,0.857272586155395,70.31099700927734,0.8813855051994324,0.0
37.820000648498535,14.900000000000002,1.8000000000000003,5.061454830783556,45.20402762665314,0.007649666146538325,0.8623723635864206,63.9109992980957,0.8819035887718201,0.0
37.83000040054321,14.900000000000002,2.7,0.8726646259971648,48.345620280242926,0.007649666146538325,0.8623723635864206,63.9109992980957,0.8819035887718201,0.0
37.84000062942505,14.900000000000002,3.5,0.0,42.236967898262776,0.007649666146538325,0.8623723635864206,63.9109992980957,0.8819035887718201,0.0
37.850000619888306,14.900000000000002,4.4,0.0,48.69468613064179,0.00509977743102555,0.9444787802259319,109.7509994506836,0.8868401646614075,0.0
37.86000037193298,14.900000000000002,5.2,0.0,46.6002910282486,0.00509977743102555,0.9444787802259319,109.7509994506836,0.8868401646614075,0.0
37.8700008392334,14.900000000000002,6.1000000000000005,0.0,50.26548245743669,0.00509977743102555,0.9444787802259319,109.7509994506836,0.8868401646614075,0.0
37.880000591278076,14.900000000000002,7.0,-0.17453292519943295,46.774823953448035,0.0015299332293076651,1.0597337501671094,0.0,0.8905399441719055,0.0
37.89000058174133,14.900000000000002,7.9,-0.17453292519943295,50.78908123303499,0.0015299332293076651,1.0597337501671094,0.0,0.8905399441719055,0.0
37.90000033378601,14.900000000000002,8.8,0.0,49.916416607037824,0.0015299332293076651,1.0597337501671094,0.0,0.8905399441719055,0.0
37.910000801086426,14.900000000000002,9.8,-1.2217304763960306,52.185344634630454,0.002549888715512775,1.1285807454859542,278.47100830078125,0.8871924877166748,0.0
37.9200005531311,14.900000000000002,10.700000000000001,-0.17453292519943295,49.741883681838395,0.002549888715512775,1.1285807454859542,278.47100830078125,0.8871924877166748,0.0
37.93000054359436,14.800000000000002,11.5,-1.2217304763960306,47.82202150464463,0.002549888715512775,1.1285807454859542,278.47100830078125,0.8871924877166748,0.0
37.94000053405762,14.800000000000002,12.300000000000002,-0.17453292519943295,44.680428851054835,0.0030598664586153302,1.1423501445497233,240.84432983398438,0.8868571519851685,0.0
37.950000524520874,14.800000000000002,13.000000000000002,-3.6651914291880923,36.12831551628262,0.0030598664586153302,1.1423501445497233,240.84432983398438,0.8868571519851685,0.0
37.96000027656555,14.5,13.600000000000001,-10.122909661567112,35.08111796508602,0.0030598664586153302,1.1423501445497233,240.84432983398438,0.8868571519851685,0.0
37.97000026702881,14.200000000000001,14.100000000000003,-19.02408884673819,29.146998508305302,0.0030598664586153302,1.1423501445497233,240.84432983398438,0.8868571519851685,0.0
37.980000495910645,13.700000000000003,14.300000000000002,-23.03834612632515,12.566370614359172,0.005609755174128105,1.1035918360739292,129.58372497558594,0.8860425353050232,0.0
37.9900004863739,12.600000000000001,14.400000000000002,-31.764992386296797,2.792526803190927,0.005609755174128105,1.1035918360739292,129.58372497558594,0.8860425353050232,0.0
38.00000047683716,12.600000000000001,14.300000000000002,-31.764992386296797,0.17453292519943295,0.005609755174128105,1.1035918360739292,129.58372497558594,0.8860425353050232,0.0
38.010000705718994,12.0,14.400000000000002,-35.43018381548489,0.3490658503988659,0.004079821944820441,1.0668734385705452,176.21099853515625,0.8882351517677307,0.0
38.02000093460083,11.3,14.300000000000002,-35.604716740684324,-0.17453292519943295,0.004079821944820441,1.0668734385705452,176.21099853515625,0.8882351517677307,0.0
38.03000044822693,10.700000000000001,14.400000000000002,-33.335788713091695,1.2217304763960306,0.004079821944820441,1.0668734385705452,176.21099853515625,0.8882351517677307,0.0
38.040000915527344,10.200000000000001,14.400000000000002,-28.797932657906436,-1.0471975511965976,0.00509977743102555,1.0378047072136996,138.1510009765625,0.8850687742233276,0.0
38.05000042915344,9.700000000000001,14.400000000000002,-25.656340004316643,0.6981317007977318,0.00509977743102555,1.0378047072136996,138.1510009765625,0.8850687742233276,0.0
38.06000065803528,9.3,14.400000000000002,-23.387411976724017,-0.17453292519943295,0.00509977743102555,1.0378047072136996,138.1510009765625,0.8850687742233276,0.0
38.070000648498535,8.899999999999999,14.400000000000002,-21.991148575128552,0.17453292519943295,0.00509977743102555,1.024545285893033,138.39100646972656,0.8870089650154114,0.0
38.08000063896179,8.6,14.400000000000002,-19.02408884673819,-0.17453292519943295,0.00509977743102555,1.024545285893033,138.39100646972656,0.8870089650154114,0.0
38.09000062942505,8.3,14.400000000000002,-14.660765716752369,0.3490658503988659,0.00509977743102555,1.024545285893033,138.39100646972656,0.8870089650154114,0.0
38.100000619888306,8.2,14.400000000000002,-8.552113334772216,-0.17453292519943295,0.0030598664586153302,0.9995563764810078,228.04432678222656,0.8861428499221802,0.0
38.11000061035156,8.2,14.400000000000002,0.0,-0.0,0.0030598664586153302,0.9995563764810078,228.04432678222656,0.8861428499221802,0.0
38.12000060081482,8.2,14.400000000000002,1.0471975511965976,-0.3490658503988659,0.0030598664586153302,0.9995563764810078,228.04432678222656,0.8861428499221802,0.0
38.130000829696655,8.3,14.400000000000002,3.3161255787892263,0.17453292519943295,0.0030598664586153302,0.9995563764810078,228.04432678222656,0.8861428499221802,0.0
38.140000343322754,8.3,14.400000000000002,3.3161255787892263,-0.0,0.006629710660333216,0.9653878676931367,101.9417724609375,0.8843513131141663,0.0
38.15000081062317,8.5,14.400000000000002,12.566370614359172,-0.0,0.006629710660333216,0.9653878676931367,101.9417724609375,0.8843513131141663,0.0
38.16000056266785,9.0,14.400000000000002,24.958208303518912,-0.0,0.03569844201717885,0.908780338208753,17.29385757446289,0.8652064800262451,0.0
38.17000079154968,9.8,14.400000000000002,40.840704496667314,0.17453292519943295,0.03569844201717885,0.908780338208753,17.29385757446289,0.8652064800262451,0.0
38.18000054359436,10.9,14.400000000000002,59.51572749300664,-0.3490658503988659,0.03569844201717885,0.908780338208753,17.29385757446289,0.8652064800262451,0.0
38.19000053405762,12.4,14.400000000000002,75.04915783575618,-0.17453292519943295,0.30241680165981516,0.7302881281228588,0.8634452223777771,0.6063184142112732,0.0
38.200000286102295,14.0,14.300000000000002,86.56833089891875,-1.0471975511965976,0.30241680165981516,0.7302881281228588,0.8634452223777771,0.6063184142112732,0.0
38.21000051498413,15.600000000000001,14.300000000000002,89.88445647770797,-0.17453292519943295,0.30241680165981516,0.7302881281228588,0.8634452223777771,0.6063184142112732,0.0
38.22000050544739,17.2,14.300000000000002,87.96459430051421,-0.6981317007977318,0.30241680165981516,0.7302881281228588,0.8634452223777771,0.6063184142112732,0.0
38.230000495910645,18.6,14.300000000000002,76.09635538695277,-0.17453292519943295,1.018935530718905,0.28048775870640524,0.6879990100860596,1.5866364240646362,0.0
38.2400004863739,19.6,14.300000000000002,58.293997016610604,-0.17453292519943295,1.018935530718905,0.28048775870640524,0.6879990100860596,1.5866364240646362,0.0
38.25000047683716,20.1,14.300000000000002,34.033920413889426,-0.3490658503988659,1.018935530718905,0.28048775870640524,0.6879990100860596,1.5866364240646362,0.0
38.26000094413757,20.3,14.300000000000002,12.39183768915974,-2.9670597283903604,1.2417958044547215,0.07445675049297304,0.8433326482772827,10.415109634399414,0.0
38.27000045776367,20.200000000000003,14.100000000000003,-3.490658503988659,-6.283185307179586,1.2417958044547215,0.07445675049297304,0.8433326482772827,10.415109634399414,0.0
38.28000068664551,20.1,13.900000000000002,-5.934119456780721,-13.08996938995747,1.2417958044547215,0.07445675049297304,0.8433326482772827,10.415109634399414,0.0
38.290000677108765,19.800000000000004,13.600000000000001,-15.707963267948966,-15.009831567151235,1.293813534251182,0.002549888715512775,0.8852159976959229,345.031005859375,0.0
38.30000042915344,19.300000000000004,13.399999999999999,-20.769418098732523,-11.693705988362009,1.293813534251182,0.002549888715512775,0.8852159976959229,345.031005859375,0.0
38.31000065803528,19.0,13.100000000000001,-19.373154697137057,-16.929693744344995,1.293813534251182,0.002549888715512775,0.8852159976959229,345.031005859375,0.0
38.320000648498535,18.8,12.600000000000001,-0.17453292519943295,-26.52900463031381,1.2907536677925668,0.0005099777431025551,0.8899482488632202,0.0,0.0
38.33000063896179,18.8,11.700000000000001,-0.17453292519943295,-42.76056667386107,1.2907536677925668,0.0005099777431025551,0.8899482488632202,0.0,0.0
38.34000039100647,18.8,10.999999999999998,0.0,-42.76056667386107,1.2907536677925668,0.0005099777431025551,0.8899482488632202,0.0,0.0
38.350000619888306,18.8,10.200000000000001,0.0,-42.58603374866164,1.1627492542738256,0.0,0.8868947625160217,0.0,0.0
38.36000037193298,18.8,9.5,0.0,-39.444441095071845,1.1627492542738256,0.0,0.8868947625160217,0.0,0.0
38.3700008392334,18.8,8.899999999999999,0.0,-34.033920413889426,1.1627492542738256,0.0,0.8868947625160217,0.0,0.0
38.380000591278076,18.8,8.2,-0.17453292519943295,-35.604716740684324,1.0056761093982385,0.00509977743102555,0.8841318488121033,136.71099853515625,0.0
38.39000058174133,18.8,7.499999999999999,-0.5235987755982988,-36.302848441482055,1.0056761093982385,0.00509977743102555,0.8841318488121033,136.71099853515625,0.0
38.40000057220459,18.8,7.1000000000000005,-2.2689280275926285,-27.925268031909273,1.0056761093982385,0.00509977743102555,0.8841318488121033,136.71099853515625,0.0
38.410000801086426,18.6,6.600000000000001,-7.67944870877505,-23.911010752322316,0.8883812284846508,0.008159643889640881,0.8807336091995239,75.76100158691406,0.0
38.4200005531311,18.400000000000006,6.2,-15.009831567151235,-23.212879051524585,0.8883812284846508,0.008159643889640881,0.8807336091995239,75.76100158691406,0.0
38.43000054359436,17.900000000000006,5.9,-21.29301687433082,-19.02408884673819,0.8883812284846508,0.008159643889640881,0.8807336091995239,75.76100158691406,0.0
38.44000053405762,17.400000000000002,5.7,-26.878070480712676,-8.901179185171081,0.8883812284846508,0.008159643889640881,0.8807336091995239,75.76100158691406,0.0
38.450000286102295,16.3,5.7,-30.194196059501902,-1.2217304763960306,0.8190242554227034,0.005609755174128105,0.8840186595916748,104.63827514648438,0.0
38.46000051498413,16.3,5.7,-30.194196059501902,0.5235987755982988,0.8190242554227034,0.005609755174128105,0.8840186595916748,104.63827514648438,0.0
38.47000026702881,15.8,5.7,-26.00540585471551,-0.17453292519943295,0.8190242554227034,0.005609755174128105,0.8840186595916748,104.63827514648438,0.0
38.480000257492065,15.5,5.7,-21.467549799530254,-0.0,0.8414632761192158,0.007139688403435771,0.8817272782325745,86.31099700927734,0.0
38.4900004863739,15.200000000000003,5.7,-16.58062789394613,-0.0,0.8414632761192158,0.007139688403435771,0.8817272782325745,86.31099700927734,0.0
38.50000047683716,14.900000000000002,5.7,-15.707963267948966,-0.0,0.8414632761192158,0.007139688403435771,0.8817272782325745,86.31099700927734,0.0
38.510000705718994,14.700000000000001,5.7,-12.566370614359172,-0.3490658503988659,0.8924610504294713,0.00509977743102555,0.8853428363800049,131.3509979248047,0.0
38.52000093460083,14.5,5.7,-7.155849933176751,-1.5707963267948966,0.8924610504294713,0.00509977743102555,0.8853428363800049,131.3509979248047,0.0
38.53014945983887,14.5,5.499999999999999,-1.5707963267948966,-7.67944870877505,0.8924610504294713,0.00509977743102555,0.8853428363800049,131.3509979248047,0.0
38.540000915527344,14.5,5.300000000000001,0.0,-13.61356816555577,0.9240796705018297,0.00509977743102555,0.8854680061340332,139.1909942626953,0.0
38.5500009059906,14.600000000000001,4.9,0.6981317007977318,-21.467549799530254,0.9240796705018297,0.00509977743102555,0.8854680061340332,139.1909942626953,0.0
38.56000065803528,14.600000000000001,4.2,0.5235987755982988,-31.93952531149623,0.9240796705018297,0.00509977743102555,0.8854680061340332,139.1909942626953,0.0
38.570000648498535,14.900000000000002,3.6000000000000005,13.61356816555577,-35.95378259108319,0.9240796705018297,0.00509977743102555,0.8854680061340332,139.1909942626953,0.0
38.58000040054321,14.900000000000002,3.0,13.61356816555577,-32.11405823669566,0.9240796705018297,0.00509977743102555,0.8854680061340332,139.1909942626953,0.0
38.59000062942505,15.300000000000002,2.4000000000000004,21.642082724729686,-35.77924966588375,0.9444787802259319,0.034168508787871185,0.8816565871238708,21.236373901367188,0.0
38.600000619888306,15.899999999999999,1.8000000000000003,27.925268031909273,-28.274333882308138,0.9444787802259319,0.034168508787871185,0.8816565871238708,21.236373901367188,0.0
38.61000061035156,16.5,1.4000000000000004,31.2413936106985,-22.51474735072685,0.9444787802259319,0.034168508787871185,0.8816565871238708,21.236373901367188,0.0
38.62000036239624,17.0,1.1,32.98672286269283,-21.467549799530254,0.8276938770554468,0.6038136478334252,0.49466851353645325,0.22181081771850586,0.0
38.6300003528595,17.7,0.5,33.335788713091695,-29.670597283903604,0.8276938770554468,0.6038136478334252,0.49466851353645325,0.22181081771850586,0.0
38.64000058174133,18.3,-0.0,33.68485456349056,-24.08554367752175,0.8276938770554468,0.6038136478334252,0.49466851353645325,0.22181081771850586,0.0
38.65000081062317,19.0,-0.0,31.93952531149623,-8.901179185171081,0.8276938770554468,0.6038136478334252,0.49466851353645325,0.22181081771850586,0.0
38.66000056266785,19.400000000000002,-0.0,27.22713633111154,0.3490658503988659,0.5895342710265536,1.1418401668066207,0.05632872134447098,0.46381017565727234,0.0
38.67000079154968,19.800000000000004,-0.0,24.26007660272118,-0.0,0.5895342710265536,1.1418401668066207,0.05632872134447098,0.46381017565727234,0.0
38.68000054359436,20.200000000000003,-0.0,20.245819323134224,0.17453292519943295,0.5895342710265536,1.1418401668066207,0.05632872134447098,0.46381017565727234,0.0
38.69000029563904,20.400000000000002,-0.0,12.566370614359172,-0.0,0.3901329734734546,1.3137026662321818,0.7319150567054749,0.6433477997779846,0.0
38.700000524520874,20.400000000000002,-0.0,5.235987755982989,-0.0,0.3901329734734546,1.3137026662321818,0.7319150567054749,0.6433477997779846,0.0
38.71000075340271,20.400000000000002,-0.0,0.17453292519943295,-0.5235987755982988,0.3901329734734546,1.3137026662321818,0.7319150567054749,0.6433477997779846,0.0
38.72000050544739,20.400000000000002,-0.0,-2.792526803190927,-0.0,0.17645229911348403,1.314722621718387,2.805797576904297,0.7732513546943665,0.0
38.730000495910645,20.200000000000003,-0.0,-10.471975511965978,-0.0,0.17645229911348403,1.314722621718387,2.805797576904297,0.7732513546943665,0.0
38.74000024795532,19.800000000000004,-0.0,-19.896753472735355,-0.0,0.17645229911348403,1.314722621718387,2.805797576904297,0.7732513546943665,0.0
38.75000047683716,19.300000000000004,-0.0,-24.26007660272118,-0.0,0.17645229911348403,1.314722621718387,2.805797576904297,0.7732513546943665,0.0
38.76000094413757,18.8,-0.0,-27.22713633111154,-0.0,0.03314855330166608,1.2672946916098493,18.483306884765625,0.8677524924278259,0.0
38.77000045776367,18.1,-0.0,-16.05702911834783,-0.0,0.03314855330166608,1.2672946916098493,18.483306884765625,0.8677524924278259,0.0
38.78000092506409,18.1,-0.0,-16.05702911834783,-0.0,0.03314855330166608,1.2672946916098493,18.483306884765625,0.8677524924278259,0.0
38.790000438690186,18.0,-0.0,-7.3303828583761845,-0.0,0.006629710660333216,1.1627492542738256,90.92638397216797,0.8844385743141174,0.0
38.80000066757202,18.0,-0.0,-0.8726646259971648,-0.0,0.006629710660333216,1.1627492542738256,90.92638397216797,0.8844385743141174,0.0
38.8100004196167,18.1,-0.0,1.0471975511965976,0.17453292519943295,0.006629710660333216,1.1627492542738256,90.92638397216797,0.8844385743141174,0.0
38.820000648498535,18.1,-0.0,0.17453292519943295,-0.0,0.0061197329172306605,0.9760974002982903,83.51100158691406,0.8856562376022339,0.0
38.83000063896179,18.1,-0.0,0.5235987755982988,1.0471975511965976,0.0061197329172306605,0.9760974002982903,83.51100158691406,0.8856562376022339,0.0
38.84000086784363,18.1,-0.0,0.5235987755982988,0.5235987755982988,0.0061197329172306605,0.9760974002982903,83.51100158691406,0.8856562376022339,0.0
38.85000038146973,18.200000000000003,0.1,3.3161255787892263,7.155849933176751,0.004079821944820441,0.8669621632743436,113.01100158691406,0.8866470456123352,0.0
38.86000084877014,18.3,0.4,4.363323129985824,16.58062789394613,0.004079821944820441,0.8669621632743436,113.01100158691406,0.8866470456123352,0.0
38.8700008392334,18.3,0.8,2.443460952792061,21.642082724729686,0.004079821944820441,0.8669621632743436,113.01100158691406,0.8866470456123352,0.0
38.8800003528595,18.400000000000006,1.2000000000000002,4.1887902047863905,22.51474735072685,0.0061197329172306605,0.8751218071639845,78.57766723632812,0.8857365846633911,0.0
38.89000082015991,18.400000000000006,1.9000000000000004,0.6981317007977318,34.55751918948773,0.0061197329172306605,0.8751218071639845,78.57766723632812,0.8857365846633911,0.0
38.90000057220459,18.400000000000006,2.7,0.0,43.28416544945937,0.0061197329172306605,0.8751218071639845,78.57766723632812,0.8857365846633911,0.0
38.910000801086426,18.400000000000006,3.4000000000000004,0.0,37.52457891787809,0.0061197329172306605,0.9388690250518038,87.97766876220703,0.886827290058136,0.0
38.9200005531311,18.400000000000006,4.2,0.0,44.505895925855405,0.0061197329172306605,0.9388690250518038,87.97766876220703,0.886827290058136,0.0
38.93000054359436,18.400000000000006,5.0,0.0,43.63323129985824,0.0061197329172306605,0.9388690250518038,87.97766876220703,0.886827290058136,0.0
38.94000053405762,18.400000000000006,5.800000000000001,0.0,41.88790204786391,0.005609755174128105,1.008735975856854,105.36554718017578,0.8845510482788086,0.0
38.950000286102295,18.400000000000006,6.500000000000001,0.0,40.14257279586958,0.005609755174128105,1.008735975856854,105.36554718017578,0.8845510482788086,0.0
38.96000051498413,18.400000000000006,7.200000000000001,0.0,39.269908169872416,0.005609755174128105,1.008735975856854,105.36554718017578,0.8845510482788086,0.0
38.97000026702881,18.400000000000006,8.100000000000001,0.0,46.949356878647464,0.00509977743102555,1.0587137946809042,125.43099975585938,0.8839903473854065,0.0
38.980000257492065,18.400000000000006,8.899999999999999,0.0,42.58603374866164,0.00509977743102555,1.0587137946809042,125.43099975585938,0.8839903473854065,0.0
38.99000024795532,18.3,9.700000000000001,-1.3962634015954636,44.33136300065597,0.00509977743102555,1.0587137946809042,125.43099975585938,0.8839903473854065,0.0
39.00000047683716,18.3,10.5,-0.17453292519943295,45.0294947014537,0.0035698442017178854,1.1010419473584163,191.7967071533203,0.886035680770874,0.0
39.010000705718994,18.3,11.200000000000003,-0.5235987755982988,39.269908169872416,0.0035698442017178854,1.1010419473584163,191.7967071533203,0.886035680770874,0.0
39.02000069618225,18.3,11.900000000000002,-0.17453292519943295,39.444441095071845,0.0035698442017178854,1.1010419473584163,191.7967071533203,0.886035680770874,0.0
39.03000068664551,18.200000000000003,12.5,-6.981317007977318,30.368728984701335,0.0035698442017178854,1.1010419473584163,191.7967071533203,0.886035680770874,0.0
39.040000915527344,17.900000000000006,12.8,-14.486232791552935,21.29301687433082,0.004589799687922995,1.1035918360739292,153.2443389892578,0.8867818713188171,0.0
39.05000066757202,17.5,13.100000000000001,-23.387411976724017,18.32595714594046,0.004589799687922995,1.1035918360739292,153.2443389892578,0.8867818713188171,0.0
39.06000065803528,16.900000000000002,13.5,-31.590459461097364,19.198621771937624,0.004589799687922995,1.1035918360739292,153.2443389892578,0.8867818713188171,0.0
39.070000648498535,16.1,13.8,-40.66617157146788,15.882496193148398,0.004079821944820441,1.0908423924963653,174.61099243164062,0.8871299624443054,0.0
39.08000040054321,15.200000000000003,13.8,-44.15683007545654,4.71238898038469,0.004079821944820441,1.0908423924963653,174.61099243164062,0.8871299624443054,0.0
39.09000062942505,14.5,13.900000000000002,-44.15683007545654,1.3962634015954636,0.004079821944820441,1.0908423924963653,174.61099243164062,0.8871299624443054,0.0
39.100000619888306,13.600000000000001,13.900000000000002,-44.15683007545654,0.8726646259971648,0.00509977743102555,1.074013126973981,139.83099365234375,0.8848214745521545,0.0
39.11000061035156,12.9,13.900000000000002,-40.66617157146788,-0.0,0.00509977743102555,1.074013126973981,139.83099365234375,0.8848214745521545,0.0
39.12000036239624,12.300000000000002,13.900000000000002,-33.68485456349056,-0.17453292519943295,0.00509977743102555,1.074013126973981,139.83099365234375,0.8848214745521545,0.0
39.130000829696655,11.8,13.900000000000002,-29.845130209103036,0.6981317007977318,0.00509977743102555,1.0582038169378016,140.0709991455078,0.8843734860420227,0.0
39.14000058174133,11.200000000000003,13.900000000000002,-30.01966313430247,1.5707963267948966,0.00509977743102555,1.0582038169378016,140.0709991455078,0.8843734860420227,0.0
39.15000057220459,10.8,13.900000000000002,-28.099800957108705,-0.0,0.00509977743102555,1.0582038169378016,140.0709991455078,0.8843734860420227,0.0
39.16000056266785,10.299999999999999,13.900000000000002,-22.863813201125716,-0.0,0.0035698442017178854,1.0388246626999047,201.2824249267578,0.8882145285606384,0.0
39.17000079154968,10.0,14.0,-19.896753472735355,2.443460952792061,0.0035698442017178854,1.0388246626999047,201.2824249267578,0.8882145285606384,0.0
39.18000054359436,9.700000000000001,14.100000000000003,-16.05702911834783,6.1086523819801535,0.0035698442017178854,1.0388246626999047,201.2824249267578,0.8882145285606384,0.0
39.19000053405762,9.5,14.100000000000003,-9.42477796076938,3.490658503988659,0.00509977743102555,1.0031262206827258,138.71099853515625,0.8881865739822388,0.0
39.200000524520874,9.600000000000001,14.300000000000002,3.6651914291880923,10.821041362364843,0.00509977743102555,1.0031262206827258,138.71099853515625,0.8881865739822388,0.0
39.21000051498413,9.600000000000001,14.700000000000001,3.6651914291880923,20.420352248333657,0.00509977743102555,1.0031262206827258,138.71099853515625,0.8881865739822388,0.0
39.22000026702881,10.600000000000001,15.399999999999999,35.43018381548489,33.510321638291124,0.00509977743102555,1.0031262206827258,138.71099853515625,0.8881865739822388,0.0
39.230000495910645,10.600000000000001,16.0,35.43018381548489,34.55751918948773,0.004079821944820441,0.9149000711259837,161.31100463867188,0.8872162699699402,0.0
39.2400004863739,11.600000000000001,16.4,53.40707511102649,21.642082724729686,0.004079821944820441,0.9149000711259837,161.31100463867188,0.8872162699699402,0.0
39.25000047683716,14.300000000000002,16.6,75.2236907609556,11.693705988362009,0.004079821944820441,0.9149000711259837,161.31100463867188,0.8872162699699402,0.0
39.26000094413757,14.300000000000002,16.6,75.2236907609556,2.792526803190927,0.04232815267751207,0.7195785955177052,11.650758743286133,0.8527137041091919,0.0
39.27000069618225,15.700000000000001,16.6,75.2236907609556,-1.5707963267948966,0.04232815267751207,0.7195785955177052,11.650758743286133,0.8527137041091919,0.0
39.28000092506409,16.900000000000002,16.5,69.28957130417488,-2.443460952792061,0.04232815267751207,0.7195785955177052,11.650758743286133,0.8527137041091919,0.0
39.290000677108765,18.0,16.3,59.8647933434055,-10.122909661567112,0.6996894635367055,0.3314855330166608,0.528650164604187,0.493153840303421,0.0
39.30000066757202,18.700000000000003,15.899999999999999,42.06243497306334,-21.467549799530254,0.6996894635367055,0.3314855330166608,0.528650164604187,0.493153840303421,0.0
39.31000065803528,19.1,15.5,22.165681500327985,-22.165681500327985,0.6996894635367055,0.3314855330166608,0.528650164604187,0.493153840303421,0.0
39.320000410079956,19.0,15.399999999999999,-2.0943951023931953,-5.061454830783556,1.371840128945873,0.10862525928084422,0.8283308744430542,7.351375579833984,0.0
39.33000063896179,18.8,15.5,-8.028514559173916,2.9670597283903604,1.371840128945873,0.10862525928084422,0.8283308744430542,7.351375579833984,0.0
39.34000039100647,18.700000000000003,15.5,-3.839724354387525,0.8726646259971648,1.371840128945873,0.10862525928084422,0.8283308744430542,7.351375579833984,0.0
39.350000619888306,18.700000000000003,15.5,-1.7453292519943295,-0.0,1.5238134963904344,0.008669621632743436,0.8849839568138123,113.9815902709961,0.0
39.36000061035156,18.6,15.5,-5.061454830783556,-0.17453292519943295,1.5238134963904344,0.008669621632743436,0.8849839568138123,113.9815902709961,0.0
39.37000036239624,18.6,15.5,-3.141592653589793,-0.8726646259971648,1.5238134963904344,0.008669621632743436,0.8849839568138123,113.9815902709961,0.0
39.380000591278076,18.5,15.5,-1.7453292519943295,-1.3962634015954636,1.5238134963904344,0.008669621632743436,0.8849839568138123,113.9815902709961,0.0
39.39000082015991,18.5,15.399999999999999,0.0,-2.792526803190927,1.5238134963904344,0.008669621632743436,0.8849839568138123,113.9815902709961,0.0
39.40000033378601,18.5,15.200000000000003,0.3490658503988659,-12.217304763960307,1.3284920207821558,0.008669621632743436,0.8850076794624329,98.73452758789062,0.0
39.410000801086426,18.6,14.700000000000001,0.6981317007977318,-22.863813201125716,1.3284920207821558,0.008669621632743436,0.8850076794624329,98.73452758789062,0.0
39.4200005531311,18.6,14.0,0.17453292519943295,-35.25565089028546,1.3284920207821558,0.008669621632743436,0.8850076794624329,98.73452758789062,0.0
39.43000054359436,18.6,13.3,0.0,-39.79350694547071,1.1510197661824668,0.008159643889640881,0.8836832046508789,92.41100311279297,0.0
39.44000053405762,18.6,12.700000000000001,0.0,-35.25565089028546,1.1510197661824668,0.008159643889640881,0.8836832046508789,92.41100311279297,0.0
39.450000286102295,18.5,12.0,-0.8726646259971648,-34.90658503988659,1.1510197661824668,0.008159643889640881,0.8836832046508789,92.41100311279297,0.0
39.46000075340271,18.5,11.5,-0.5235987755982988,-31.41592653589793,0.9852769996741363,0.005609755174128105,0.8832029104232788,116.42008972167969,0.0
39.47000050544739,18.5,11.200000000000003,-1.5707963267948966,-17.976891295541595,0.9852769996741363,0.005609755174128105,0.8832029104232788,116.42008972167969,0.0
39.480000257492065,18.5,11.100000000000001,-1.9198621771937625,-7.504915783575617,0.9852769996741363,0.005609755174128105,0.8832029104232788,116.42008972167969,0.0
39.4900004863739,18.3,10.999999999999998,-11.170107212763709,-2.2689280275926285,0.8843014065398305,0.00509977743102555,0.8866931796073914,116.71099853515625,0.0
39.50000047683716,17.799999999999997,10.999999999999998,-23.03834612632515,-1.2217304763960306,0.8843014065398305,0.00509977743102555,0.8866931796073914,116.71099853515625,0.0
39.510000705718994,17.2,10.999999999999998,-32.637657012293964,-0.0,0.8843014065398305,0.00509977743102555,0.8866931796073914,116.71099853515625,0.0
39.52000069618225,16.4,10.999999999999998,-38.92084231947355,-0.0,0.811374589276165,0.005609755174128105,0.881960391998291,99.6200942993164,0.0
39.53000068664551,15.700000000000001,10.999999999999998,-41.18977034706618,-0.0,0.811374589276165,0.005609755174128105,0.881960391998291,99.6200942993164,0.0
39.540000677108765,14.900000000000002,10.999999999999998,-44.15683007545654,-0.0,0.811374589276165,0.005609755174128105,0.881960391998291,99.6200942993164,0.0
39.55000066757202,14.100000000000003,10.9,-42.76056667386107,-3.490658503988659,0.8271838993123443,0.0035698442017178854,0.8870271444320679,165.2824249267578,0.0
39.56000065803528,13.5,10.600000000000001,-35.43018381548489,-16.231562043547264,0.8271838993123443,0.0035698442017178854,0.8870271444320679,165.2824249267578,0.0
39.570000648498535,12.9,10.0,-30.01966313430247,-31.066860685499066,0.8271838993123443,0.0035698442017178854,0.8870271444320679,165.2824249267578,0.0
39.58000063896179,12.600000000000001,9.3,-17.976891295541595,-37.69911184307752,0.8904211394570611,0.00509977743102555,0.8839598894119263,127.35099792480469,0.0
39.59000062942505,12.600000000000001,8.6,-3.6651914291880923,-36.477381366681485,0.8904211394570611,0.00509977743102555,0.8839598894119263,127.35099792480469,0.0
39.600000619888306,12.700000000000001,7.800000000000001,1.2217304763960306,-42.411500823462205,0.8904211394570611,0.00509977743102555,0.8839598894119263,127.35099792480469,0.0
39.61000061035156,12.600000000000001,7.200000000000001,0.0,-36.477381366681485,0.927139536960445,0.004589799687922995,0.8837194442749023,151.19989013671875,0.0
39.62000060081482,12.700000000000001,6.600000000000001,2.9670597283903604,-32.637657012293964,0.927139536960445,0.004589799687922995,0.8837194442749023,151.19989013671875,0.0
39.630000829696655,13.000000000000002,6.0,13.962634015954636,-34.20845333908886,0.927139536960445,0.004589799687922995,0.8837194442749023,151.19989013671875,0.0
39.64000058174133,14.300000000000002,5.499999999999999,41.538836197465045,-24.26007660272118,0.927139536960445,0.004589799687922995,0.8837194442749023,151.19989013671875,0.0
39.65000081062317,14.300000000000002,5.300000000000001,41.538836197465045,-14.137166941154069,0.9709976228672648,0.005609755174128105,0.8839579820632935,132.85646057128906,0.0
39.66000056266785,15.300000000000002,5.1000000000000005,50.440015382636126,-10.297442586766545,0.9709976228672648,0.005609755174128105,0.8839579820632935,132.85646057128906,0.0
39.67000079154968,16.3,4.9,54.45427266222308,-12.217304763960307,0.9709976228672648,0.005609755174128105,0.8839579820632935,132.85646057128906,0.0
39.68000054359436,17.2,4.600000000000001,52.35987755982988,-16.231562043547264,0.9098002936949582,0.315166245237379,0.7123183608055115,1.3996731042861938,0.0
39.69000053405762,18.0,4.2,45.553093477052,-19.02408884673819,0.9098002936949582,0.315166245237379,0.7123183608055115,1.3996731042861938,0.0
39.700000286102295,18.700000000000003,3.9000000000000004,36.477381366681485,-19.373154697137057,0.9098002936949582,0.315166245237379,0.7123183608055115,1.3996731042861938,0.0
39.71000051498413,19.200000000000003,3.6000000000000005,27.925268031909273,-17.453292519943297,0.7328380168383716,0.6777604205832957,0.4519784152507782,0.035425882786512375,0.0
39.72000050544739,19.5,3.3000000000000007,19.198621771937624,-14.311699866353502,0.7328380168383716,0.6777604205832957,0.4519784152507782,0.035425882786512375,0.0
39.730000495910645,19.700000000000003,3.0,12.042771838760874,-18.500490071139893,0.7328380168383716,0.6777604205832957,0.4519784152507782,0.035425882786512375,0.0
39.7400004863739,19.700000000000003,2.4000000000000004,3.490658503988659,-31.066860685499066,0.5242571199094266,1.1505097884393642,0.1382373571395874,0.5265886783599854,0.0
39.75000023841858,19.700000000000003,1.9000000000000004,-1.7453292519943295,-25.307274153917778,0.5242571199094266,1.1505097884393642,0.1382373571395874,0.5265886783599854,0.0
39.76000094413757,19.700000000000003,1.6,0.8726646259971648,-16.929693744344995,0.5242571199094266,1.1505097884393642,0.1382373571395874,0.5265886783599854,0.0
39.77000069618225,19.700000000000003,1.4000000000000004,-0.6981317007977318,-10.297442586766545,0.33403542173217354,1.4218179477699235,1.0725266933441162,0.6990430355072021,0.0
39.78000092506409,19.6,1.4000000000000004,-1.3962634015954636,-3.6651914291880923,0.33403542173217354,1.4218179477699235,1.0725266933441162,0.6990430355072021,0.0
39.790000677108765,19.6,1.3,0.0,-7.67944870877505,0.33403542173217354,1.4218179477699235,1.0725266933441162,0.6990430355072021,0.0
39.80000066757202,19.6,1.0,-1.2217304763960306,-14.137166941154069,0.1509534119583563,1.4116183929078723,3.581270217895508,0.8043178915977478,0.0
39.81000065803528,19.5,0.7000000000000002,-7.504915783575617,-15.3588974175501,0.1509534119583563,1.4116183929078723,3.581270217895508,0.8043178915977478,0.0
39.820000648498535,19.200000000000003,0.4,-13.962634015954636,-16.406094968746697,0.1509534119583563,1.4116183929078723,3.581270217895508,0.8043178915977478,0.0
39.83000063896179,18.8,0.2,-18.675022996339326,-11.519173063162574,0.04691795236543506,1.2703545580684645,12.319695472717285,0.8594536185264587,0.0
39.84000039100647,18.5,0.1,-18.500490071139893,-5.061454830783556,0.04691795236543506,1.2703545580684645,12.319695472717285,0.8594536185264587,0.0
39.850000619888306,18.200000000000003,-0.0,-17.62782544514273,-4.1887902047863905,0.04691795236543506,1.2703545580684645,12.319695472717285,0.8594536185264587,0.0
39.86000061035156,17.799999999999997,-0.0,-9.599310885968812,-1.2217304763960306,0.04691795236543506,1.2703545580684645,12.319695472717285,0.8594536185264587,0.0
39.87000036239624,17.799999999999997,-0.0,-9.599310885968812,-1.7453292519943295,0.00509977743102555,1.1245009235411338,109.43099975585938,0.8813809752464294,0.0
39.880000591278076,17.7,-0.0,-0.17453292519943295,-4.71238898038469,0.00509977743102555,1.1245009235411338,109.43099975585938,0.8813809752464294,0.0
39.89000082015991,17.7,-0.0,-0.17453292519943295,-0.8726646259971648,0.011729488091358766,0.9745674670689827,42.34578323364258,0.8789529204368591,0.0
39.90000057220459,17.799999999999997,-0.0,0.17453292519943295,0.17453292519943295,0.011729488091358766,0.9745674670689827,42.34578323364258,0.8789529204368591,0.0
39.910000801086426,17.799999999999997,-0.0,0.17453292519943295,0.17453292519943295,0.011729488091358766,0.9745674670689827,42.34578323364258,0.8789529204368591,0.0
39.9200005531311,17.799999999999997,-0.0,1.7453292519943295,2.2689280275926285,0.005609755174128105,0.8929710281725739,84.05645751953125,0.8844311833381653,0.0
39.93000054359436,17.900000000000006,-0.0,4.886921905584122,2.6179938779914944,0.005609755174128105,0.8929710281725739,84.05645751953125,0.8844311833381653,0.0
39.94000029563904,18.0,0.30000000000000004,4.71238898038469,14.137166941154069,0.005609755174128105,0.8929710281725739,84.05645751953125,0.8844311833381653,0.0
39.950000286102295,18.1,0.7000000000000002,5.061454830783556,21.118483949131388,0.005609755174128105,0.8929710281725739,84.05645751953125,0.8844311833381653,0.0
39.96000051498413,18.1,1.1,0.6981317007977318,21.467549799530254,0.0061197329172306605,0.9057204717501377,82.0443344116211,0.8817927837371826,0.0
39.97000050544739,18.1,1.6,0.0,25.132741228718345,0.0061197329172306605,0.9057204717501377,82.0443344116211,0.8817927837371826,0.0
39.980000495910645,18.1,2.2,0.0,35.604716740684324,0.0061197329172306605,0.9057204717501377,82.0443344116211,0.8817927837371826,0.0
39.9900004863739,18.1,2.9000000000000004,0.0,37.873644768276954,0.007139688403435771,0.9597781125190086,76.31099700927734,0.8809235095977783,0.0
