timestamp,Thigh_L_Acc_X,Thigh_L_Acc_Y,Thigh_L_Acc_Z,Thigh_L_Gyr_X,Thigh_L_Gyr_Y,Thigh_L_Gyr_Z,Thigh_R_Acc_X,Thigh_R_Acc_Y,Thigh_R_Acc_Z,Thigh_R_Gyr_X,Thigh_R_Gyr_Y,Thigh_R_Gyr_Z,gpio_output
10.000000238418579,10.041281762695311,-13.213598962402344,1.85790048828125,121.5114503816794,71.58778625954199,21.480916030534353,-10.13226142578125,0.5674257934570313,1.6041151123046875,40.56488549618321,11.648854961832061,7.7251908396946565,0.0
10.010000944137573,1.9536685546875,-3.071760729980469,5.702988354492187,194.33587786259542,133.17557251908397,10.946564885496183,-9.634267480468749,0.3495534423828125,0.04548983154296875,39.14503816793893,9.770992366412214,2.885496183206107,1.0
10.020000696182251,13.615824841308592,-14.420276599121093,3.4739866088867184,255.87786259541986,135.93893129770993,9.98473282442748,-5.626373901367187,1.407790576171875,1.70467158203125,20.68702290076336,24.793893129770993,-1.5572519083969465,1.0
10.030000925064087,-1.3144167114257812,0.1771709228515625,4.074931225585937,333.3893129770992,212.61068702290078,-11.114503816793894,-9.356540087890625,-2.3343466186523436,1.5634136840820312,15.267175572519085,29.61832061068702,5.374045801526718,1.0
10.040000677108765,-4.2497079467773435,2.901772412109375,2.518700146484375,285.7709923664122,185.32824427480915,-27.114503816793892,-6.035782385253906,4.620809204101562,-1.5729904907226562,-7.32824427480916,27.053435114503817,-6.290076335877862,1.0
10.0500009059906,-11.604695446777344,14.166491223144531,4.4196962646484375,256.4580152671756,211.61832061068702,-28.091603053435115,-5.370194323730469,6.325480786132812,1.6639701538085936,-105.54198473282443,58.19847328244275,4.809160305343512,1.0
10.0600004196167,-15.600618017578125,25.28995213623047,5.023035083007812,89.2824427480916,177.25190839694656,-34.458015267175576,-5.736507177734374,8.588001354980468,-4.651933825683593,-162.61068702290078,62.33587786259542,5.877862595419847,1.0
10.070000648498535,-9.220070593261719,15.327679028320311,3.881000891113281,-49.786259541984734,130.1679389312977,-30.442748091603054,-12.631807958984375,4.915296008300781,1.0199299072265624,-204.5801526717557,90.47328244274809,28.549618320610687,1.0
10.080000638961792,-8.463502868652343,16.270994482421873,9.643844287109374,-118.82442748091603,94.62595419847328,-34.396946564885496,-15.69878028564453,-0.5530605834960938,1.7453730102539062,-200.45801526717557,90.06106870229007,45.70992366412214,1.0
10.09000039100647,-8.504204296874999,4.627991809082031,9.449913952636718,-200.12213740458014,10.977099236641221,-24.076335877862597,-19.029114794921874,-5.008669873046875,5.533000036621093,-112.82442748091603,67.8473282442748,54.13740458015267,1.0
10.100000619888306,-12.559981909179687,-3.909731311035156,15.29655440673828,-67.5114503816794,23.572519083969464,16.47328244274809,-16.08903515625,-4.841075756835937,0.565031591796875,-102.10687022900764,44.19847328244275,44.38167938931298,1.0
10.110000610351562,-15.746664318847655,2.6408044311523438,18.09298194580078,-6.809160305343512,12.564885496183207,49.55725190839695,-17.255011364746093,-5.353434912109375,2.2577321655273437,-68.93129770992367,35.55725190839695,31.87786259541985,1.0
10.12000060081482,-17.432182287597655,7.388506323242187,13.74511173095703,-25.16030534351145,13.86259541984733,53.038167938931295,-17.049110021972655,-2.2074539306640624,0.8355763793945312,-42.656488549618324,17.251908396946565,19.19083969465649,1.0
10.130000591278076,-14.03241593017578,2.7557261108398436,7.0652890991210935,-72.94656488549619,-8.977099236641221,36.36641221374046,-15.83285557861328,-0.43574470214843747,2.549824768066406,-30.717557251908396,8.396946564885496,15.17557251908397,1.0
10.140000343322754,-15.014038610839842,4.359841223144531,1.24498486328125,-90.19847328244275,-1.465648854961832,24.702290076335878,-14.31972012939453,0.35194764404296874,1.7238251953125,-11.34351145038168,-1.6030534351145038,19.480916030534353,1.0
10.15000057220459,-7.498639599609374,-6.505045910644531,-0.430956298828125,-108.4885496183206,5.00763358778626,19.282442748091604,-13.290213415527344,0.32082302246093747,2.4684219116210935,-0.48854961832061067,-9.17557251908397,22.137404580152673,1.0
10.160001039505005,-15.571887597656248,7.584830859375,4.285620971679688,-105.86259541984732,36.42748091603053,-9.129770992366412,-13.941436267089843,0.05985504150390625,3.066972326660156,4.244274809160306,-11.694656488549619,20.99236641221374,1.0
10.170000553131104,-10.805032092285156,5.966350537109375,3.1962592163085937,-182.59541984732823,-9.389312977099237,-17.954198473282442,-13.989320300292968,1.3575123413085937,1.9536685546875,1.7251908396946565,-23.068702290076335,18.732824427480917,1.0
10.18000078201294,-17.554286572265624,8.027758166503906,4.853046765136718,-177.7709923664122,5.038167938931298,-6.076335877862595,-14.006079711914062,1.9871873779296874,0.6607996582031249,-8.50381679389313,-23.480916030534353,19.358778625954198,1.0
10.190000534057617,-11.79862578125,-1.7549498168945312,2.817975354003906,-195.70992366412213,-22.33587786259542,6.931297709923665,-15.181632727050781,2.2864625854492187,1.4101847778320311,-12.076335877862595,-15.923664122137405,18.396946564885496,1.0
10.200000524520874,-13.795389965820311,-1.6232687255859375,1.8100164550781248,-167.4351145038168,-5.541984732824427,6.931297709923665,-11.219228979492186,4.759672900390624,-3.6152445068359373,-20.580152671755727,-28.85496183206107,12.748091603053435,1.0
10.21000051498413,-10.467449658203124,-5.386953735351562,-0.8786720092773437,-150.93129770992365,-4.061068702290076,8.305343511450381,-13.316549633789062,3.8857892944335934,1.5155296508789062,-41.404580152671755,-2.763358778625954,15.557251908396946,0.0
10.220000505447388,-10.55364091796875,-7.371746911621093,4.201823913574218,-81.90839694656489,47.038167938931295,1.9236641221374047,-7.920019091796875,7.738059765625,-6.983886242675781,-55.17557251908397,-14.01526717557252,13.236641221374045,0.0
10.230000495910645,-8.10197841796875,-9.617508068847656,1.3455413330078123,-42.595419847328245,49.63358778625954,-4.534351145038168,-9.883264453125,6.136338854980468,-0.4333505004882812,-94.4885496183206,19.34351145038168,15.282442748091603,0.0
10.240000486373901,-6.497863305664062,-8.238447912597655,-0.38307226562499996,24.763358778625953,85.14503816793894,-15.358778625954198,-9.528922607421874,1.39821376953125,-0.8259995727539062,-70.54961832061069,11.618320610687023,23.129770992366414,0.0
10.250000476837158,-8.75320126953125,-4.106055847167968,-1.8315642700195311,63.12977099236641,101.05343511450381,-29.84732824427481,-11.247959399414063,-1.3311761230468748,2.839523168945312,-50.534351145038165,19.801526717557252,23.16030534351145,0.0
10.260000705718994,-8.916006982421875,-0.7781155395507812,-1.5107412475585937,94.76335877862596,120.30534351145039,-38.42748091603053,-6.438008264160156,0.9911994873046874,-1.6041151123046875,-55.541984732824424,9.572519083969466,13.725190839694656,0.0
10.270000457763672,-10.421959826660157,2.8730419921875,-0.7685387329101562,99.20610687022901,126.8854961832061,-42.18320610687023,-10.89122335205078,-4.225765930175781,2.6862942626953124,-42.50381679389313,18.595419847328245,13.374045801526718,0.0
10.280000686645508,-10.254365710449218,4.656722229003906,0.35673604736328124,92.0,129.72519083969465,-42.97709923664122,-2.8562825805664063,6.294356164550781,-8.29351455078125,-51.98473282442748,-6.0458015267175576,-3.5877862595419847,0.0
10.290000915527344,-12.014103930664062,7.886500268554687,1.6615759521484375,62.412213740458014,120.38167938931298,-38.68702290076336,-11.286266625976562,-1.8411410766601561,0.354341845703125,-97.5114503816794,41.969465648854964,-3.145038167938931,0.0
10.300000667572021,-11.279084020996093,6.110002636718749,2.0925322509765625,43.908396946564885,114.27480916030534,-31.480916030534353,-5.293579870605469,4.170699291992188,-4.771643908691406,-74.6412213740458,20.244274809160306,-9.923664122137405,0.0
10.310000658035278,-11.403582507324218,5.0182466796875,2.6001030029296874,21.206106870229007,106.42748091603053,-25.96946564885496,-7.7763669921875,0.32082302246093747,-0.3806780639648437,-81.32824427480917,45.41984732824427,-7.3893129770992365,0.0
10.320000648498535,-10.192116467285155,-0.21787235107421873,3.1962592163085937,16.244274809160306,98.6412213740458,-21.923664122137403,-9.897629663085937,0.3064578125,-6.311115576171875,1.4198473282442747,19.19083969465649,-1.8015267175572518,0.0
10.330000638961792,-10.249577307128906,-1.7812860351562498,3.737348791503906,24.229007633587788,95.09923664122137,-25.450381679389313,-8.70771143798828,1.867477294921875,-3.0430303100585934,20.259541984732824,33.7557251908397,-4.061068702290076,0.0
10.34000039100647,-8.872911352539061,-3.265691064453125,3.6942531616210936,33.282442748091604,89.2824427480916,-30.85496183206107,-4.917690209960937,9.344569079589844,-7.359775903320312,41.00763358778626,12.458015267175572,-7.511450381679389,0.0
10.350000381469727,-8.856151940917968,-1.5753846923828123,4.2305543334960936,44.16793893129771,85.74045801526718,-40.35114503816794,-8.398859423828124,7.333439685058593,-4.627991809082031,18.259541984732824,40.0,1.3587786259541985,0.0
10.360000371932983,-8.13310303955078,-0.7398083129882812,4.211400720214844,48.33587786259542,81.41984732824427,-47.52671755725191,-7.630320690917968,5.250484240722656,-1.4915876342773438,11.648854961832061,51.80152671755725,10.51908396946565,0.0
10.37000036239624,-9.548076220703125,0.24181436767578124,4.458003491210937,50.961832061068705,78.76335877862596,-54.2442748091603,-7.48906279296875,1.9321207397460936,-1.120486376953125,45.83206106870229,41.57251908396947,21.541984732824428,0.0
10.380000591278076,-9.41639512939453,0.9409212524414062,3.8857892944335934,53.465648854961835,72.29007633587786,-56.778625954198475,-6.461950280761719,1.5538368774414062,0.16280571289062498,60.68702290076336,33.87786259541985,22.061068702290076,0.0
10.390000343322754,-7.5153990112304685,0.5602431884765625,2.3535002319335936,60.76335877862596,69.74045801526718,-54.0,-4.082113830566406,6.236895324707031,-2.3965958618164063,43.7557251908397,25.267175572519083,14.687022900763358,0.0
10.400000810623169,-9.145850341796875,4.04141240234375,3.77326181640625,59.17557251908397,73.72519083969466,-56.01526717557252,-6.9144543945312495,-1.6472107421875,3.9743747558593747,38.152671755725194,40.0,21.64885496183206,0.0
10.410000324249268,-8.614337573242187,3.7301661865234372,3.4668040039062498,47.343511450381676,63.37404580152672,-50.88549618320611,-5.7508723876953125,3.124433166503906,0.9361328491210937,56.01526717557252,16.244274809160306,12.870229007633588,0.0
10.420000791549683,-9.167398156738281,5.106832141113281,4.278438366699218,36.900763358778626,58.29007633587786,-44.79389312977099,-6.275202551269531,3.421314172363281,-0.04548983154296875,37.465648854961835,14.80916030534351,8.977099236641221,0.0
10.43000054359436,-8.884882360839843,4.797980126953124,4.089296435546875,37.038167938931295,58.93129770992366,-36.88549618320611,-8.700528833007812,2.492363928222656,0.7422025146484375,26.82442748091603,13.83206106870229,6.0458015267175576,0.0
10.440000772476196,-9.763554370117188,5.863399865722656,3.821145849609375,15.938931297709924,50.42748091603053,-31.603053435114504,-9.3852705078125,0.6751648681640625,2.4660277099609376,20.458015267175572,10.80916030534351,2.7786259541984735,0.0
10.450000524520874,-9.198522778320312,4.091690637207031,3.1651345947265623,7.114503816793893,45.770992366412216,-23.328244274809162,-10.639832177734375,-2.0159177978515626,1.8650830932617186,26.0,-1.6946564885496183,-0.3511450381679389,0.0
10.46000051498413,-9.852139831542969,2.73896669921875,2.942473840332031,-1.4198473282442747,44.50381679389313,-21.450381679389313,-15.176844323730467,-9.452308154296874,10.244788903808594,66.3969465648855,-21.450381679389313,-9.83206106870229,0.0
10.470000505447388,-8.80347950439453,0.8307879760742187,2.1499930908203124,0.13740458015267176,43.86259541984733,-22.061068702290076,-9.686939916992188,-2.061407629394531,0.5506663818359374,96.61068702290076,-55.221374045801525,-16.0,0.0
10.480000495910645,-9.957484704589843,2.5474305664062498,2.4301146850585935,-11.251908396946565,45.725190839694655,-23.893129770992367,-11.066000073242186,-3.7421371948242186,3.3877953491210935,74.82442748091603,-56.717557251908396,-24.015267175572518,0.0
10.490000486373901,-9.028534460449219,2.6767174560546874,2.6431986328124997,-23.83206106870229,45.37404580152672,-24.85496183206107,-8.0828248046875,0.6392518432617187,2.1164742675781247,62.50381679389313,-75.87786259541984,-37.80152671755725,0.0
10.500000476837158,-10.491391674804687,4.6639048339843745,3.4811692138671875,-47.16030534351145,45.14503816793893,-25.053435114503817,-11.384428894042967,1.0103531005859374,-1.1875240234375,41.37404580152672,-73.8473282442748,-42.396946564885496,0.0
10.510000944137573,-10.869675537109375,4.335899206542969,3.584119885253906,-67.96946564885496,38.70229007633588,-21.297709923664122,-11.269507214355468,0.9600748657226562,1.1276689819335937,41.404580152671755,-88.07633587786259,-49.11450381679389,0.0
10.520000457763672,-11.257536206054686,3.689464758300781,3.5697546752929687,-89.78625954198473,30.946564885496183,-15.450381679389313,-15.818490368652343,-5.238513232421875,5.80354482421875,37.49618320610687,-74.16793893129771,-51.98473282442748,0.0
10.530000925064087,-10.302249743652343,0.2825157958984375,3.1962592163085937,-90.80916030534351,29.0381679389313,-11.099236641221374,-13.388375683593749,-2.540247961425781,3.7612908081054686,75.64885496183206,-110.18320610687023,-61.221374045801525,0.0
10.540000677108765,-10.570400329589843,0.8188169677734375,3.2920272827148436,-82.53435114503817,31.282442748091604,-12.82442748091603,-13.225569970703123,-2.051830822753906,3.1842882080078123,72.35114503816794,-107.72519083969466,-64.73282442748092,0.0
10.5500009059906,-10.283096130371094,0.13168109130859373,3.574543078613281,-84.91603053435115,26.885496183206108,-13.770992366412214,-11.240776794433593,2.7341782958984373,0.011971008300781249,62.44274809160305,-109.81679389312977,-66.82442748091603,0.0
10.560000658035278,-11.286266625976562,1.3862427612304686,4.185064501953125,-84.82442748091603,23.908396946564885,-13.84732824427481,-11.405976708984374,1.2593500732421874,2.1619640991210938,47.70992366412214,-91.96946564885496,-59.099236641221374,0.0
10.570000410079956,-10.66856259765625,0.19393033447265623,4.031835595703125,-84.53435114503817,16.061068702290076,-11.526717557251908,-7.920019091796875,3.2632968627929686,-2.4157494750976563,44.12213740458015,-96.25954198473282,-58.732824427480914,0.0
10.580000400543213,-9.452308154296874,-0.507570751953125,2.91134921875,-72.58015267175573,10.15267175572519,-7.450381679389313,-8.166621862792969,2.6791116577148437,-3.019088293457031,37.52671755725191,-81.02290076335878,-47.83206106870229,0.0
10.59000039100647,-9.53131680908203,-0.967257470703125,3.383006945800781,-60.42748091603053,10.65648854961832,-8.244274809160306,-8.525752111816406,2.2577321655273437,-2.4133552734375,43.41984732824427,-75.5114503816794,-41.908396946564885,0.0
10.600000619888306,-9.70369932861328,-0.28969840087890625,4.010287780761718,-37.23664122137404,17.022900763358777,-8.946564885496183,-7.299920861816406,1.2952630981445312,-0.5530605834960938,32.152671755725194,-50.900763358778626,-35.45038167938932,0.0
10.610000610351562,-10.079588989257813,-0.17956512451171874,4.13718046875,-34.19847328244275,14.687022900763358,-9.893129770992367,-7.256825231933593,1.446097802734375,0.49320554199218747,47.282442748091604,-57.66412213740458,-30.671755725190838,0.0
10.62000036239624,-10.295067138671874,0.033518823242187495,3.7995980346679685,-23.19083969465649,11.648854961832061,-8.15267175572519,-7.304709265136719,1.9680337646484374,-0.023942016601562498,42.76335877862596,-40.458015267175576,-26.9618320610687,0.0
10.630000591278076,-10.043675964355469,-0.10773907470703124,4.589684582519531,-22.564885496183205,9.969465648854962,-7.129770992366412,-7.151480358886718,1.5610194824218748,0.047884033203124995,40.2442748091603,-36.13740458015267,-22.717557251908396,0.0
10.640000343322754,-10.64222637939453,0.10773907470703124,5.5090580200195305,-18.549618320610687,5.297709923664122,-6.900763358778626,-9.478644372558593,-0.30885201416015623,2.176329309082031,47.51145038167939,-31.83206106870229,-19.374045801526716,0.0
10.65000057220459,-10.524910498046875,0.016759411621093748,6.593631372070312,-10.51908396946565,-0.0,-5.786259541984733,-5.315127685546875,2.616862414550781,0.1005564697265625,42.62595419847328,-34.29007633587786,-23.938931297709924,0.0
10.660000801086426,-11.197681164550781,0.45968671875,8.152256652832031,-4.854961832061068,-4.534351145038168,-3.1755725190839694,-8.303091357421874,0.40940848388671874,2.612074011230469,28.702290076335878,-19.908396946564885,-15.114503816793894,0.0
10.670000553131104,-11.77947216796875,-0.00239420166015625,10.177751257324218,1.3893129770992367,-13.511450381679388,-1.0534351145038168,-6.5601125488281244,-0.143652099609375,1.8459294799804686,32.42748091603053,-31.221374045801525,-15.572519083969466,0.0
10.68000078201294,-11.911153259277343,-0.9074024291992187,11.82975040283203,20.885496183206108,-25.358778625954198,1.6793893129770991,-5.702988354492187,1.1444283935546875,1.9680337646484374,29.96946564885496,-32.44274809160305,-17.81679389312977,0.0
10.690000295639038,-12.457031237792968,-0.37828386230468747,14.068328955078124,39.66412213740458,-38.13740458015267,3.6793893129770994,-5.999869360351562,1.3718775512695311,1.388636962890625,9.389312977099237,-27.6793893129771,-14.488549618320612,0.0
10.700000524520874,-13.113042492675781,0.8212111694335937,15.90228742675781,57.14503816793893,-57.63358778625954,5.6183206106870225,-1.9488801513671874,2.9089550170898435,-2.3391350219726563,-12.961832061068701,-24.83969465648855,-13.404580152671755,0.0
10.71000051498413,-13.306972827148437,1.9895815795898437,17.42260548095703,63.32824427480916,-90.87022900763358,10.931297709923664,-4.927267016601562,1.2282254516601563,-6.701370446777343,-15.893129770992367,-5.908396946564886,-3.7709923664122136,0.0
10.720000267028809,-16.3571857421875,3.5194764404296874,19.687520251464843,84.01526717557252,-118.50381679389314,17.022900763358777,-4.417302062988281,3.797203833007812,-10.541669909667968,3.3435114503816794,5.3893129770992365,-3.1603053435114505,0.0
10.730000495910645,-17.25022296142578,5.662286926269531,16.50562624511719,88.62595419847328,-158.54961832061068,25.954198473282442,-11.001356628417968,3.9049429077148434,-7.050923889160156,22.15267175572519,27.31297709923664,2.030534351145038,0.0
10.740000247955322,-13.350068457031249,1.4963760375976562,10.594342346191405,61.221374045801525,-200.4732824427481,29.236641221374047,-9.995791931152343,5.987898352050781,-2.214636535644531,18.702290076335878,42.961832061068705,2.763358778625954,0.0
10.750000476837158,-14.051569543457031,-1.2856862915039062,10.357316381835936,44.68702290076336,-212.83969465648855,25.81679389312977,-14.144943408203124,2.138022082519531,2.7246014892578123,18.061068702290076,34.25954198473283,10.625954198473282,0.0
10.760000705718994,-14.149731811523436,-3.816357446289062,11.511321582031249,69.26717557251908,-230.06106870229007,33.63358778625954,-12.966996191406249,0.689530078125,3.4093431640625,24.213740458015266,26.946564885496183,10.870229007633588,0.0
10.77000093460083,-12.152967626953124,-3.1651345947265623,5.054159704589844,99.54198473282443,-219.9236641221374,50.961832061068705,-12.526463085937499,3.438073583984375,1.3862427612304686,31.129770992366414,23.328244274809162,10.320610687022901,0.0
10.780000448226929,-10.031704956054687,-4.2329485351562495,-2.7581203125,65.00763358778626,-210.27480916030535,51.9236641221374,-11.552023010253906,5.717353564453124,-0.6200982299804687,23.52671755725191,27.84732824427481,16.610687022900763,0.0
10.790000915527344,-10.884040747070312,-4.5585599609375,-5.145139367675781,48.229007633587784,-194.76335877862596,43.80152671755725,-12.248735693359373,4.766855505371093,-1.8267758666992187,16.748091603053435,26.106870229007633,23.786259541984734,0.0
10.800000667572021,-8.93755479736328,-5.72693037109375,-6.983886242675781,40.656488549618324,-181.6793893129771,34.06106870229008,-10.05564697265625,4.508281726074219,-3.2513258544921873,0.33587786259541985,31.114503816793892,22.748091603053435,0.0
10.8100004196167,-10.522516296386717,-5.72693037109375,-4.6639048339843745,28.03053435114504,-158.3969465648855,17.49618320610687,-8.695740429687499,3.0238766967773434,-4.6639048339843745,-34.961832061068705,38.85496183206107,23.862595419847327,0.0
10.820000648498535,-11.322179650878905,-1.7453730102539062,-0.97683427734375,0.5954198473282443,-145.5114503816794,-6.244274809160306,-9.095572106933593,0.239420166015625,-4.309562988281249,-66.10687022900764,51.7557251908397,29.572519083969464,0.0
10.830000638961792,-12.164938635253906,0.6344634399414062,1.6328455322265625,-1.7251908396946565,-138.9618320610687,-11.312977099236642,-11.750741748046874,-2.7269956909179687,-2.760514514160156,-65.14503816793894,51.38931297709924,33.20610687022901,0.0
10.840000629425049,-11.58075343017578,1.3287819213867187,3.394977954101562,16.916030534351144,-126.87022900763358,-3.9236641221374047,-10.972626208496093,-2.2385785522460937,-1.7118541870117185,-48.213740458015266,46.06106870229008,29.328244274809162,0.0
10.850000381469727,-13.347674255371093,3.289633081054687,5.087678527832031,21.114503816793892,-118.12213740458016,3.816793893129771,-10.0748005859375,-1.39821376953125,-0.6943184814453125,-39.57251908396947,48.33587786259542,26.748091603053435,0.0
10.860000610351562,-12.351686364746094,2.798821740722656,4.070142822265625,13.877862595419847,-121.81679389312977,13.32824427480916,-10.486603271484375,-1.7956512451171873,1.189918225097656,-38.36641221374046,51.52671755725191,28.82442748091603,0.0
10.87000060081482,-12.80658468017578,2.568978381347656,3.0023288818359375,-3.66412213740458,-123.23664122137404,19.19083969465649,-11.997344519042969,-3.7014357666015623,2.980781066894531,-21.282442748091604,45.98473282442748,27.770992366412212,0.0
10.880000591278076,-11.257536206054686,1.5370774658203123,0.6607996582031249,-18.061068702290076,-127.41984732824427,26.229007633587788,-10.63025537109375,-3.4715924072265625,2.6312276245117188,-0.8549618320610687,35.969465648854964,20.045801526717558,0.0
10.890000581741333,-9.397241516113281,0.488417138671875,-0.40940848388671874,-29.572519083969464,-123.46564885496183,31.862595419847327,-10.747571252441405,-1.9967641845703124,1.1731588134765625,15.053435114503817,28.38167938931298,15.557251908396946,0.0
10.900000810623169,-7.584830859375,-0.5195417602539062,-0.9720458740234375,-33.20610687022901,-117.12977099236642,32.732824427480914,-10.326191760253906,-1.16837041015625,0.8667010009765624,16.15267175572519,31.297709923664122,14.381679389312977,0.0
10.910000562667847,-5.537788439941406,-1.4772224243164063,-1.4413093994140624,-32.48854961832061,-108.93129770992367,31.404580152671755,-9.70369932861328,-0.02633621826171875,-0.143652099609375,15.267175572519085,27.46564885496183,12.320610687022901,0.0
10.920000791549683,-3.0142998901367184,-3.0813375366210938,-2.398990063476562,-18.65648854961832,-96.50381679389314,30.15267175572519,-10.350133776855468,-0.15562310791015624,-0.28012159423828126,18.03053435114504,29.17557251908397,12.15267175572519,0.0
10.93000054359436,-1.8315642700195311,-2.205059729003906,-1.68551796875,4.885496183206107,-72.30534351145039,28.99236641221374,-9.809044201660155,-0.033518823242187495,-0.48123453369140623,22.290076335877863,29.603053435114504,11.236641221374045,0.0
10.940000772476196,-2.492363928222656,0.016759411621093748,-0.5865794067382812,16.38167938931298,-58.6412213740458,26.12213740458015,-9.880870251464843,0.19632453613281248,-0.062249243164062495,28.564885496183205,28.259541984732824,12.030534351145038,0.0
10.950000524520874,-3.134009973144531,1.6112977172851561,0.8858546142578124,19.603053435114504,-44.3206106870229,28.65648854961832,-10.249577307128906,-0.25139117431640623,0.39983167724609375,31.954198473282442,25.49618320610687,12.748091603053435,0.0
10.96000051498413,-5.5832782714843745,4.96078583984375,2.9496564453125,4.488549618320611,-35.87786259541985,29.87786259541985,-9.993397729492187,0.3399766357421875,0.28969840087890625,34.229007633587784,23.862595419847327,12.641221374045802,0.0
10.970000505447388,-1.66636435546875,2.0638018310546875,1.9297265380859374,-2.7938931297709924,-34.595419847328245,41.64885496183206,-9.066841687011719,0.9074024291992187,0.6368576416015624,29.17557251908397,20.916030534351144,11.816793893129772,0.0
10.980000257492065,-5.135562561035156,4.199429711914062,3.7301661865234372,-22.244274809160306,-26.885496183206108,40.152671755725194,-10.946289990234375,0.00718260498046875,0.928950244140625,30.549618320610687,19.66412213740458,12.061068702290076,0.0
10.990000486373901,-4.024652990722656,3.375824340820312,4.132392065429687,-38.83969465648855,-27.480916030534353,42.97709923664122,-9.763554370117188,0.5985504150390625,1.0797849487304687,23.19083969465649,13.770992366412214,9.755725190839694,0.0
11.000000476837158,-3.1938650146484373,1.8842367065429686,5.161898779296875,-45.81679389312977,-24.30534351145038,46.19847328244275,-8.793902697753905,2.4349030883789062,-0.1867477294921875,12.67175572519084,10.0,7.00763358778626,0.0
11.010000467300415,-2.3487118286132813,1.13006318359375,6.902483386230468,-38.030534351145036,-18.80916030534351,47.14503816793893,-9.751583361816406,2.4157494750976563,-0.5458779785156249,1.3282442748091603,8.198473282442748,7.770992366412214,0.0
11.020000457763672,-2.080561242675781,1.0941501586914062,8.480262280273436,-26.366412213740457,-13.541984732824428,45.725190839694655,-9.366116894531249,2.379836450195312,0.33039982910156246,-17.221374045801525,16.85496183206107,9.557251908396946,0.0
11.030000686645508,-0.9935936889648437,0.6655880615234374,8.25520732421875,-19.52671755725191,-9.679389312977099,45.80152671755725,-10.429142431640624,0.6153098266601562,2.2577321655273437,-22.33587786259542,19.297709923664122,11.938931297709924,0.0
11.040000677108765,-0.35673604736328124,0.30885201416015623,8.166621862792969,-15.755725190839694,-2.7938931297709924,43.954198473282446,-11.322179650878905,-0.6775590698242188,1.3215993164062498,-18.9618320610687,8.366412213740459,6.473282442748092,0.0
11.050000667572021,-4.005499377441406,4.5322237426757805,9.957484704589843,-28.641221374045802,5.435114503816794,36.25954198473283,-10.845733520507812,0.023942016601562498,2.3439234252929686,-26.85496183206107,9.541984732824428,1.984732824427481,0.0
11.0600004196167,11.358092675781249,-16.151284399414063,-2.7581203125,-1.3435114503816794,-7.374045801526718,54.94656488549618,-12.485761657714843,-1.2425906616210938,4.3071687866210935,-25.61832061068702,7.022900763358779,4.809160305343512,0.0
11.070000648498535,6.406883642578125,-11.710040319824218,3.5865140869140624,140.5801526717557,111.40458015267176,51.12977099236641,-12.253524096679687,-4.376600634765625,3.1364041748046874,-12.381679389312977,-7.236641221374046,-0.061068702290076333,0.0
11.080000400543213,11.2240173828125,-15.4378123046875,-1.946485949707031,175.74045801526717,119.41984732824427,28.717557251908396,-8.219294299316406,0.11731588134765625,1.0630255371093749,-10.83969465648855,-9.450381679389313,-4.2748091603053435,0.0
11.090000629425049,1.1276689819335937,-5.418078356933593,-5.140350964355468,229.12977099236642,196.18320610687022,8.229007633587786,-10.47702646484375,-0.5746083984375,3.2561142578125,-44.19847328244275,2.381679389312977,2.213740458015267,0.0
11.100000619888306,1.9704279663085937,-10.637437976074217,-9.988609326171874,199.17557251908397,190.18320610687022,-9.358778625954198,-7.9272016967773435,6.191405493164062,-1.8650830932617186,-71.38931297709924,-13.877862595419847,-4.213740458015267,0.0
11.110000371932983,-3.3255461059570313,-4.211400720214844,-12.279860314941406,247.05343511450383,267.618320610687,-30.99236641221374,-8.259995727539062,6.517016918945312,-1.0199299072265624,-140.03053435114504,13.923664122137405,9.053435114503817,0.0
11.120001077651978,-12.627019555664061,6.663063220214843,-3.976768957519531,163.3587786259542,256.7022900763359,-78.7175572519084,-15.39232247314453,1.7525556152343749,2.3965958618164063,-160.3053435114504,32.534351145038165,23.251908396946565,0.0
11.130000591278076,-20.84631385498047,4.709394665527343,17.719486486816404,130.9770992366412,205.5267175572519,-77.77099236641222,-15.066711047363281,0.6655880615234374,1.6615759521484375,-180.53435114503816,19.954198473282442,29.587786259541986,0.0
11.140000820159912,-36.44214346923828,39.22540289916992,39.22540289916992,193.6946564885496,159.17557251908397,-18.580152671755727,-17.504008337402343,-0.9648632690429687,0.373495458984375,-180.793893129771,8.610687022900763,35.63358778625954,0.0
11.150000810623169,-28.438327319335936,37.22265321044922,13.115436694335937,-35.93893129770992,95.63358778625954,47.41984732824427,-22.143971154785156,-4.6351744140625,1.5658078857421873,-140.50381679389312,-6.67175572519084,35.89312977099237,0.0
11.160000801086426,-17.779341528320312,7.283161450195312,4.604049792480469,-153.2824427480916,31.64885496183206,19.572519083969464,-21.01630217285156,-7.0844427124023435,2.231395947265625,-91.20610687022901,-22.885496183206108,22.717557251908396,0.0
11.170000314712524,-18.389862951660156,2.2002713256835937,0.6751648681640625,-222.5648854961832,-15.694656488549619,-10.793893129770993,-11.243170996093749,5.214571215820312,-6.2584431396484375,-119.2824427480916,-53.80152671755725,25.938931297709924,0.0
11.18000054359436,-16.864756494140625,2.463633508300781,-0.8379705810546875,-226.8091603053435,-2.045801526717557,1.6793893129770991,-7.510610607910156,6.60799658203125,-6.924031201171875,-128.21374045801528,18.198473282442748,8.320610687022901,0.0
11.190000534057617,-4.627991809082031,-11.015721838378905,-3.5625720703124997,-181.00763358778627,12.977099236641221,25.541984732824428,-14.456189624023436,0.7422025146484375,2.5258827514648434,-93.6793893129771,39.37404580152672,19.0381679389313,0.0
11.200000524520874,-5.137956762695312,-15.351621044921874,1.3239935180664062,-77.32824427480917,59.29770992366412,12.15267175572519,-14.49928525390625,-1.407790576171875,1.714248388671875,-62.458015267175576,30.717557251908396,19.251908396946565,0.0
11.21000051498413,-4.489128112792969,-16.488866833496093,-0.38307226562499996,-9.389312977099237,77.20610687022901,-14.106870229007633,-13.797784167480469,-0.5770026000976562,1.2330138549804688,-51.05343511450382,28.9618320610687,17.053435114503817,0.0
11.220000267028809,-11.547234606933593,-0.6200982299804687,0.9744400756835937,41.587786259541986,101.46564885496183,-43.282442748091604,-9.452308154296874,4.728548278808593,-7.8912886718749995,-47.3587786259542,1.465648854961832,10.183206106870228,0.0
11.230000495910645,-10.946289990234375,3.450044592285156,2.6910826660156246,4.778625954198473,80.04580152671755,-48.42748091603053,-11.549628808593749,2.987963671875,-1.0031704956054688,-111.63358778625954,49.770992366412216,9.541984732824428,0.0
11.240000486373901,-18.99320177001953,14.915876342773437,5.815515832519531,-22.9618320610687,86.21374045801527,-55.267175572519086,-4.180276098632812,9.076418493652342,-9.600748657226562,-89.57251908396947,-1.2671755725190839,10.50381679389313,0.0
11.250000476837158,-14.209586853027343,7.266402038574219,2.8227637573242186,-98.04580152671755,48.33587786259542,-39.51145038167939,-13.144167114257812,1.2904746948242187,1.5466542724609373,-115.08396946564885,39.57251908396947,18.15267175572519,0.0
11.260000705718994,-18.875885888671874,9.241618408203124,4.987122058105468,-100.27480916030534,55.05343511450382,-30.610687022900763,-10.371681591796875,-2.887407202148437,1.5753846923828123,-34.50381679389313,17.740458015267176,23.893129770992367,0.0
11.27000093460083,-14.413093994140624,4.917690209960937,1.707065783691406,-140.04580152671755,18.076335877862597,-13.435114503816793,-6.924031201171875,-0.181959326171875,-0.24899697265624998,-10.305343511450381,9.557251908396946,15.770992366412214,0.0
11.280000686645508,-13.338097448730467,0.9265560424804687,2.5067291381835934,-114.18320610687023,28.458015267175572,-2.3053435114503817,-6.438008264160156,-1.8746598999023436,-0.5291185668945312,17.297709923664122,0.7175572519083969,8.0,0.0
11.290000915527344,-5.334281298828125,-7.879317663574218,-1.3024457031249999,-81.06870229007633,22.931297709923665,1.7099236641221374,-4.6830584472656245,-1.484405029296875,-0.22744915771484372,32.229007633587784,1.8625954198473282,-3.053435114503817,0.0
11.300000429153442,-4.4819455078125,-8.71489404296875,-0.3950432739257812,-44.25954198473283,35.69465648854962,-10.67175572519084,-4.187458703613281,1.5801730957031248,-2.04943662109375,49.3587786259542,-8.80916030534351,-9.541984732824428,0.0
11.3100004196167,-3.3159692993164063,-8.099584216308592,-0.6344634399414062,17.954198473282442,65.58778625954199,-19.6793893129771,-5.442020373535156,3.366247534179687,-0.8834604125976562,27.129770992366414,4.106870229007634,-10.916030534351146,0.0
11.320000648498535,-5.147533569335937,-3.842693664550781,-0.6943184814453125,56.19847328244275,87.16030534351145,-30.946564885496183,-6.1626750732421876,4.84586416015625,-3.1507693847656246,15.145038167938932,8.183206106870228,-9.877862595419847,0.0
11.330000638961792,-6.342240197753906,-0.5530605834960938,0.5291185668945312,79.34351145038168,103.32824427480917,-36.88549618320611,-7.6279264892578125,4.630386010742187,-4.537012145996093,8.16793893129771,15.34351145038168,-3.4656488549618323,0.0
11.340000629425049,-6.100425830078125,0.7398083129882812,1.0295067138671874,89.19083969465649,113.87786259541984,-40.0,-7.371746911621093,8.750807067871094,-6.909665991210937,-3.5877862595419847,18.50381679389313,-1.4351145038167938,0.0
11.350000619888306,-7.843404638671874,2.5330653564453125,2.729389892578125,80.36641221374046,114.8854961832061,-45.43511450381679,-11.231199987792968,2.7533319091796873,-2.001552587890625,-1.4961832061068703,29.801526717557252,5.984732824427481,0.0
11.360000371932983,-9.919177478027343,4.165910888671875,3.536235852050781,68.30534351145039,113.23664122137404,-50.58015267175573,-9.797073193359374,1.9584569580078124,-1.5227122558593749,23.52671755725191,17.984732824427482,5.572519083969466,0.0
11.37000060081482,-10.012551342773437,4.122815258789062,3.5122938354492184,45.48091603053435,100.8854961832061,-50.88549618320611,-6.818686328125,4.50109912109375,-3.7612908081054686,27.587786259541986,5.480916030534351,0.5190839694656488,0.0
11.380000591278076,-11.291055029296874,6.186617089843749,4.546588952636719,20.15267175572519,93.87786259541984,-50.229007633587784,-7.8170684204101555,4.141968872070312,-2.626439221191406,24.0,2.8091603053435112,-1.0229007633587786,0.0
11.390000343322754,-10.89840595703125,5.9950809570312495,3.67749375,-15.511450381679388,76.35114503816794,-43.69465648854962,-7.5537062377929685,5.025429284667968,-2.1068974609374997,15.679389312977099,2.854961832061069,-1.633587786259542,0.0
11.400000810623169,-11.051634863281249,5.767631799316406,3.0741549316406247,-31.389312977099237,72.82442748091603,-36.29007633587786,-8.647856396484375,2.398990063476562,0.6919242797851562,2.2290076335877864,15.633587786259541,1.3129770992366412,0.0
11.410000562667847,-9.153032946777342,2.85388837890625,1.3910311645507811,-45.64885496183206,63.66412213740458,-28.641221374045802,-6.5218053222656245,4.149151477050781,-0.7493851196289062,2.3206106870229006,6.519083969465649,-1.9236641221374047,0.0
11.420000791549683,-9.952696301269532,2.6503812377929687,1.5682020874023437,-48.152671755725194,63.83206106870229,-25.541984732824428,-8.243236315917969,3.3446997192382812,-1.369483349609375,9.206106870229007,4.778625954198473,-0.6106870229007634,0.0
11.430000305175781,-10.474632263183594,2.4947581298828125,1.1348515869140625,-55.404580152671755,56.79389312977099,-21.14503816793893,-8.281543542480469,3.1747114013671873,-0.5530605834960938,4.030534351145038,5.755725190839694,-1.816793893129771,0.0
11.440000772476196,-10.000580334472655,0.928950244140625,1.0726023437499999,-47.17557251908397,57.6793893129771,-15.083969465648854,-9.6917283203125,3.766079211425781,-1.608903515625,3.114503816793893,4.702290076335878,0.2595419847328244,0.0
11.450000286102295,-9.41639512939453,0.11013327636718749,1.4796166259765624,-36.3206106870229,57.52671755725191,-14.106870229007633,-8.882488159179687,3.3590649291992185,-0.35194764404296874,-4.076335877862595,5.282442748091603,-0.4732824427480916,0.0
11.46000051498413,-11.204863769531249,0.48123453369140623,2.2194249389648437,-33.38931297709924,55.55725190839695,-16.916030534351144,-11.288660827636718,-3.9312791259765625,4.996698864746094,15.86259541984733,7.755725190839694,7.099236641221374,0.0
11.470000505447388,-9.751583361816406,-1.8602946899414061,1.5586252807617187,-22.82442748091603,49.57251908396947,-18.03053435114504,-10.611101757812499,-2.104503259277344,3.0430303100585934,62.19847328244275,-23.31297709923664,0.4580152671755725,0.0
11.480000495910645,-9.873687646484374,-0.7398083129882812,1.6400281372070311,-12.900763358778626,50.213740458015266,-22.35114503816794,-10.43871923828125,-0.6009446166992187,3.268085266113281,59.7557251908397,-25.541984732824428,-8.885496183206106,0.0
11.490000486373901,-8.702923034667968,-0.4525041137695312,1.455674609375,-6.427480916030534,48.396946564885496,-25.19083969465649,-7.350199096679687,3.2441432495117186,-0.4525041137695312,37.725190839694655,-33.57251908396947,-18.68702290076336,0.0
11.500000476837158,-10.611101757812499,1.6831237670898436,2.300827795410156,-12.82442748091603,45.541984732824424,-28.778625954198475,-15.205574743652344,-6.766013891601562,6.260837341308593,62.030534351145036,-36.06106870229008,-18.427480916030536,0.0
11.510000944137573,-9.854534033203125,0.9241618408203125,2.4564509033203126,-7.083969465648855,42.396946564885496,-30.076335877862597,-10.589553942871094,-2.4564509033203126,2.825157958984375,82.7175572519084,-64.44274809160305,-24.671755725190838,0.0
11.520000457763672,-10.072406384277343,2.3223756103515623,2.3032219970703123,-9.038167938931299,42.045801526717554,-27.068702290076335,-9.409212524414063,-0.5626373901367188,2.2290017456054687,63.908396946564885,-64.4885496183206,-42.656488549618324,0.0
11.530000686645508,-9.854534033203125,2.2481553588867187,1.7094599853515624,-11.801526717557252,40.50381679389313,-23.709923664122137,-12.176909643554687,0.8164227661132812,-1.4700398193359374,60.51908396946565,-74.77862595419847,-49.86259541984733,0.0
11.540000677108765,-10.527304699707031,3.758896606445312,2.403778466796875,-19.770992366412212,41.38931297709924,-20.778625954198475,-13.694833496093748,-1.9967641845703124,2.094926452636719,43.70992366412214,-60.213740458015266,-50.18320610687023,0.0
11.5500009059906,-9.988609326171874,2.7629087158203123,2.5522189697265625,-31.358778625954198,37.7557251908397,-14.870229007633588,-10.730811840820312,2.0302830078125,-1.7166425903320313,46.16793893129771,-75.87786259541984,-59.9236641221374,0.0
11.560000658035278,-11.061211669921875,2.549824768066406,2.039859814453125,-38.48854961832061,36.36641221374046,-9.114503816793894,-11.736376538085937,-0.6919242797851562,1.6519991455078125,46.54961832061068,-69.69465648854961,-56.50381679389313,0.0
11.570000648498535,-10.716446630859375,1.7621324218749999,1.8028338500976562,-42.717557251908396,36.19847328244275,-3.2213740458015265,-10.74517705078125,-0.2825157958984375,0.296881005859375,53.465648854961835,-74.42748091603053,-58.0,0.0
11.580000400543213,-10.86009873046875,1.1444283935546875,1.678335363769531,-46.29007633587786,36.44274809160305,1.5877862595419847,-8.214505895996094,0.05985504150390625,0.5434837768554687,49.23664122137404,-69.66412213740458,-57.38931297709924,0.0
11.590000629425049,-11.207257971191405,-0.06464344482421874,1.8148048583984373,-50.61068702290076,34.58015267175573,3.267175572519084,-9.09796630859375,0.8786720092773437,-0.4285620971679687,61.69465648854962,-80.06106870229007,-56.717557251908396,0.0
11.600000619888306,-11.628637463378906,-0.40940848388671874,2.482787121582031,-49.541984732824424,32.961832061068705,1.6946564885496183,-10.963049401855468,-1.3838485595703125,2.1595698974609374,55.00763358778626,-61.45038167938932,-47.86259541984733,0.0
11.610000610351562,-10.730811840820312,-2.094926452636719,2.887407202148437,-49.969465648854964,29.114503816793892,-0.6259541984732825,-6.584054565429687,3.153163586425781,-0.8978256225585937,60.68702290076336,-76.1526717557252,-52.396946564885496,0.0
11.62000036239624,-11.444283935546874,-2.2553379638671873,3.7804444213867185,-41.83206106870229,24.885496183206108,-3.053435114503817,-12.140996618652343,-0.8547299926757812,1.9823989746093749,60.3206106870229,-62.79389312977099,-39.20610687022901,0.0
11.630000591278076,-10.728417639160156,-2.365471240234375,4.589684582519531,-30.48854961832061,21.099236641221374,-6.809160305343512,-6.37815322265625,2.2601263671875,0.4333505004882812,60.19847328244275,-62.458015267175576,-41.66412213740458,0.0
11.640000820159912,-10.587159741210938,-1.7788918334960937,5.315127685546875,-15.908396946564885,14.778625954198473,-7.572519083969466,-9.995791931152343,0.13646949462890623,1.5251064575195312,64.50381679389314,-57.12977099236641,-32.93129770992366,0.0
11.65000057220459,-10.589553942871094,-0.8954314208984374,6.263231542968749,-0.6870229007633588,8.030534351145038,-9.068702290076336,-7.343016491699219,1.3359645263671873,-0.679953271484375,63.63358778625954,-50.61068702290076,-31.17557251908397,0.0
11.660000801086426,-10.589553942871094,-0.3327940307617187,6.351817004394531,11.49618320610687,1.3740458015267176,-7.923664122137405,-9.710881933593749,-0.33758243408203126,0.8259995727539062,70.74809160305344,-48.79389312977099,-26.015267175572518,0.0
11.670000553131104,-9.892841259765625,-0.19393033447265623,6.770802294921874,24.610687022900763,-5.770992366412214,-7.969465648854962,-6.268019946289062,1.209071838378906,-0.35673604736328124,67.48091603053435,-44.595419847328245,-26.53435114503817,0.0
11.68000078201294,-10.450690246582031,-0.009576806640625,6.794744311523437,33.83206106870229,-11.648854961832061,-8.274809160305344,-10.005368737792969,-1.1348515869140625,1.209071838378906,73.46564885496183,-38.48854961832061,-18.702290076335878,0.0
11.690000534057617,-9.907206469726562,0.3687070556640625,7.314286071777343,41.87786259541985,-18.427480916030536,-8.854961832061068,-5.8610056640625,2.5474305664062498,-1.1875240234375,72.41221374045801,-39.49618320610687,-23.206106870229007,0.0
11.700000286102295,-10.635043774414061,2.384624853515625,8.0062103515625,43.43511450381679,-25.52671755725191,-7.801526717557252,-8.291120349121094,1.7166425903320313,-0.40462008056640625,56.80916030534351,-24.793893129770993,-16.061068702290076,0.0
11.71000051498413,-10.594342346191405,3.071760729980469,8.264784130859374,31.954198473282442,-40.93129770992366,-5.1603053435114505,-6.873752966308594,2.2649147705078123,0.00239420166015625,55.00763358778626,-27.404580152671755,-14.106870229007633,0.0
11.720000505447388,-11.2240173828125,2.5067291381835934,9.009380847167968,33.48091603053435,-53.267175572519086,-0.183206106870229,-7.438784558105469,1.9919757812499999,0.8571241943359375,46.88549618320611,-20.091603053435115,-13.404580152671755,0.0
11.730000495910645,-12.301408129882812,3.900154504394531,10.726023437499999,29.435114503816795,-66.3206106870229,0.9923664122137404,-5.985504150390625,3.423708374023437,-0.3232172241210937,32.045801526717554,-16.03053435114504,-13.022900763358779,0.0
11.740000486373901,-11.839327209472655,2.916137622070312,12.105083593749999,28.946564885496183,-89.06870229007633,6.534351145038168,-4.766855505371093,4.8650177734375,-0.6368576416015624,9.893129770992367,-8.687022900763358,-8.793893129770993,0.0
11.750000476837158,-13.263877197265625,3.0789433349609374,14.264653491210936,37.00763358778626,-106.74809160305344,10.427480916030534,-8.48505068359375,1.6448165405273436,2.2744915771484373,-3.2977099236641223,0.8702290076335878,1.2061068702290076,0.0
11.760000705718994,-11.975796704101562,1.5682020874023437,13.374010473632811,48.10687022900763,-132.24427480916032,16.870229007633586,-5.415684155273437,1.5586252807617187,2.403778466796875,-10.961832061068701,-4.351145038167939,1.6030534351145038,0.0
11.770000457763672,-12.892775939941405,1.8076222534179687,13.721169714355469,51.16030534351145,-150.59541984732823,18.12213740458015,-6.028599780273437,-0.15083470458984374,0.7206546997070312,-16.16793893129771,-5.969465648854962,5.0534351145038165,0.0
11.780000686645508,-12.780248461914061,0.8451531860351562,12.658144177246093,30.549618320610687,-179.2824427480916,14.854961832061068,-4.168305090332031,1.7501614135742187,-3.787627026367187,-11.206106870229007,-6.091603053435114,7.694656488549619,0.0
11.790000915527344,-14.008473913574218,-0.3902548706054687,12.571952917480468,14.580152671755725,-199.61832061068702,16.35114503816794,-7.848193041992187,2.0566192260742184,-4.491522314453125,1.1297709923664123,4.458015267175573,14.641221374045802,0.0
11.800000667572021,-14.693215588378905,-2.327164013671875,12.401964599609375,20.229007633587788,-223.5114503816794,21.633587786259543,-5.228936425781249,5.214571215820312,-4.944026428222656,3.8625954198473282,15.221374045801527,8.916030534351146,0.0
11.810000658035278,-14.999673400878905,-2.499546533203125,13.946224670410155,52.2442748091603,-237.14503816793894,27.984732824427482,-9.86411083984375,2.789244934082031,-1.3766659545898436,2.763358778625954,22.35114503816794,9.969465648854962,0.0
11.820000648498535,-13.220781567382812,-1.2713210815429687,6.785167504882812,74.93129770992367,-245.4351145038168,35.98473282442748,-12.952630981445312,1.8267758666992187,2.7629087158203123,-8.076335877862595,21.69465648854962,7.068702290076335,0.0
11.830000638961792,-12.86404552001953,0.00718260498046875,-0.7972691528320313,57.86259541984733,-239.09923664122138,37.52671755725191,-13.68765089111328,1.9967641845703124,3.4572271972656248,-26.38167938931298,22.33587786259542,4.0458015267175576,0.0
11.840000629425049,-12.20085166015625,-1.2737152832031249,-4.955997436523437,59.69465648854962,-233.40458015267177,40.58015267175573,-17.717092285156248,0.258573779296875,3.42849677734375,-28.412213740458014,24.900763358778626,11.099236641221374,0.0
11.850000381469727,-11.79144317626953,-2.96881005859375,-7.788338000488281,68.82442748091603,-209.09923664122138,47.954198473282446,-14.638148950195312,3.9456443359374997,0.25139117431640623,-19.14503816793893,12.610687022900763,10.610687022900763,0.0
11.860000610351562,-11.812990991210937,-4.139574670410156,-8.623914379882812,61.404580152671755,-187.1908396946565,44.25954198473283,-13.680468286132811,3.5051112304687497,-1.0031704956054688,-27.49618320610687,14.702290076335878,19.206106870229007,0.0
11.87000060081482,-12.588712329101561,-1.9584569580078124,-5.53539423828125,31.34351145038168,-160.74809160305344,25.541984732824428,-10.089165795898436,1.8435352783203125,-3.7038299682617186,-39.41984732824427,13.908396946564885,25.64885496183206,0.0
11.880000591278076,-13.77144794921875,-2.3511060302734372,0.37828386230468747,24.03053435114504,-150.44274809160305,13.709923664122137,-10.599130749511717,-2.896984008789062,-5.396530541992187,-31.633587786259543,9.694656488549619,28.83969465648855,0.0
11.890000343322754,-14.76025323486328,-0.033518823242187495,5.817910034179687,51.404580152671755,-132.15267175572518,17.557251908396946,-7.110778930664062,-1.9847931762695312,-4.163516687011718,-36.74809160305343,21.786259541984734,25.358778625954198,0.0
11.90000033378601,-13.431471313476562,1.5658078857421873,6.785167504882812,68.09160305343511,-128.25954198473283,29.129770992366414,-7.682993127441406,-2.212242333984375,-4.036623999023437,-37.099236641221374,28.38167938931298,26.30534351145038,0.0
11.910000562667847,-14.65251416015625,5.046977099609375,5.916072302246094,64.29007633587786,-123.49618320610686,38.50381679389313,-9.349357482910156,-3.3207577026367185,-1.8626888916015625,-31.938931297709924,39.74045801526717,23.603053435114504,0.0
11.920000791549683,-13.453019128417967,6.6343328002929685,3.21780703125,34.717557251908396,-132.25954198473283,45.770992366412216,-10.16338604736328,-4.465186096191406,0.1771709228515625,-9.725190839694656,40.36641221374046,14.778625954198473,0.0
11.93000054359436,-13.366827868652344,5.810727429199218,1.3958195678710936,-4.3816793893129775,-136.93129770992365,51.23664122137404,-9.801861596679688,-2.2601263671875,1.20667763671875,12.595419847328245,33.81679389312977,7.1603053435114505,0.0
11.940000772476196,-9.710881933593749,1.668758557128906,-0.5674257934570313,-26.671755725190838,-134.83969465648855,55.80152671755725,-10.694898815917968,-1.5682020874023437,2.8730419921875,17.64885496183206,35.29770992366412,8.183206106870228,0.0
11.950000286102295,-7.493851196289062,0.22744915771484372,-1.7908628417968748,-43.38931297709924,-127.55725190839695,50.36641221374046,-9.188945971679686,1.9871873779296874,1.879448303222656,12.83969465648855,24.50381679389313,5.603053435114504,0.0
11.960000276565552,-4.048595007324218,-1.5921441040039062,-2.940079638671875,-56.76335877862596,-120.44274809160305,43.63358778625954,-9.483432775878907,2.825157958984375,1.4915876342773438,-0.24427480916030533,23.14503816793893,9.755725190839694,0.0
11.970000267028809,-1.407790576171875,-2.375048046875,-2.901772412109375,-57.19083969465649,-105.19083969465649,37.43511450381679,-10.014945544433592,2.4109610717773435,1.0965443603515623,-11.435114503816793,18.946564885496183,14.748091603053435,0.0
11.980000495910645,-2.001552587890625,-0.6847416748046875,-2.5067291381835934,-57.89312977099237,-90.85496183206106,29.81679389312977,-9.847351428222655,2.3582886352539063,0.7517793212890624,-19.267175572519083,15.709923664122137,16.35114503816794,0.0
11.990000486373901,-0.0047884033203125,-1.5370774658203123,-2.408566870117187,-42.656488549618324,-70.99236641221374,30.396946564885496,-9.4618849609375,0.6177040283203125,0.6775590698242188,-28.85496183206107,17.557251908396946,19.923664122137403,0.0
12.000000238418579,-0.5458779785156249,-0.49320554199218747,-1.5729904907226562,-31.206106870229007,-51.49618320610687,29.69465648854962,-9.753977563476562,-0.6272808349609375,0.02154781494140625,-19.740458015267176,16.946564885496183,20.3206106870229,0.0
12.010000944137573,-2.003946789550781,0.8643067993164062,0.055066638183593745,-28.778625954198475,-36.778625954198475,27.66412213740458,-9.404424121093749,-0.6296750366210937,0.25139117431640623,-9.511450381679388,16.83969465648855,20.213740458015266,0.0
12.02000093460083,-2.9185318237304685,1.7429788085937499,1.8722656982421875,-41.41984732824427,-30.48854961832061,22.85496183206107,-9.643844287109374,-0.5865794067382812,0.7326257080078125,3.2213740458015265,18.16793893129771,21.34351145038168,0.0
12.030000925064087,-2.463633508300781,0.44532150878906246,2.501940734863281,-39.69465648854962,-18.48854961832061,21.31297709923664,-9.1554271484375,0.14125789794921875,-0.22505495605468748,12.305343511450381,18.50381679389313,20.85496183206107,0.0
12.040000677108765,0.26815058593749996,-2.31758720703125,1.1923124267578125,-40.18320610687023,-18.671755725190838,20.671755725190838,-9.406818322753905,0.34237083740234375,0.4525041137695312,22.900763358778626,22.47328244274809,21.557251908396946,0.0
12.0500009059906,-2.269703173828125,0.9457096557617187,4.771643908691406,-28.85496183206107,7.740458015267175,14.687022900763358,-8.710105639648438,1.4915876342773438,-0.11013327636718749,21.908396946564885,22.931297709923665,20.27480916030534,0.0
12.0600004196167,6.718129858398437,-8.671798413085938,3.2249896362304686,-9.770992366412214,-0.9465648854961832,18.931297709923665,-9.588777648925781,0.59376201171875,1.5251064575195312,24.061068702290076,28.778625954198475,22.702290076335878,0.0
12.070000648498535,2.8012159423828122,-6.1818286865234375,6.349422802734375,68.90076335877863,50.94656488549618,17.435114503816795,-8.927977990722656,0.29927520751953124,1.0869675537109373,19.61832061068702,26.763358778625953,20.65648854961832,0.0
12.080000638961792,5.580884069824219,-8.207323291015625,5.236119030761718,122.97709923664122,66.19847328244275,13.312977099236642,-12.251129895019531,-4.455609289550781,2.360682836914062,35.6793893129771,32.18320610687023,18.48854961832061,0.0
12.09000039100647,-0.6009446166992187,-0.4525041137695312,7.091625317382812,161.61832061068702,103.66412213740458,2.8396946564885495,-10.43153663330078,-3.4931402221679684,1.4724340209960938,43.57251908396947,13.312977099236642,14.458015267175572,0.0
12.100000619888306,13.541604589843748,-11.877634436035155,0.8259995727539062,203.4198473282443,102.27480916030534,9.267175572519085,-5.717353564453124,2.863465185546875,-1.0941501586914062,7.465648854961832,22.0,0.5038167938931297,0.0
12.110000610351562,2.6815058593749996,-1.89620771484375,4.062960217285156,268.90076335877865,175.25190839694656,-0.24427480916030533,-8.137891442871092,-0.4333505004882812,0.7015010864257812,-25.16030534351145,50.396946564885496,13.114503816793894,0.0
12.12000060081482,1.4006079711914061,-0.7158662963867187,5.348646508789062,246.793893129771,164.25954198473283,-21.297709923664122,-3.0119056884765625,6.562506750488281,-3.873818286132812,-64.04580152671755,46.97709923664122,4.549618320610687,0.0
12.130000591278076,-12.143390820312499,10.685322009277343,4.062960217285156,238.12213740458014,194.36641221374046,-32.68702290076336,-6.5960255737304685,4.242525341796875,-3.938461730957031,-135.1908396946565,80.93129770992367,20.045801526717558,0.0
12.140000820159912,-17.666814050292967,17.19276212158203,3.892971899414062,108.8854961832061,161.54198473282443,-44.44274809160305,-9.758765966796874,0.5626373901367188,-0.7326257080078125,-135.96946564885496,96.58015267175573,27.129770992366414,0.0
12.15000057220459,-12.46900224609375,12.952630981445312,7.692569934082031,3.49618320610687,121.87786259541984,-41.32824427480916,-10.433930834960936,2.2840683837890623,-4.517858532714843,-141.09923664122138,74.16793893129771,33.05343511450382,0.0
12.160000801086426,-17.350779431152343,19.141642272949216,12.543222497558594,-68.18320610687023,83.7557251908397,-39.32824427480916,-15.116989282226562,-4.070142822265625,2.8993782104492185,-138.04580152671755,68.19847328244275,46.19847328244275,0.0
12.170000314712524,-14.044386938476562,-1.0941501586914062,17.176002709960937,-106.2442748091603,1.9389312977099236,-10.870229007633588,-17.757793713378906,-7.7596075805664055,1.898601916503906,-53.786259541984734,39.6793893129771,51.87786259541985,0.0
12.18000078201294,-20.554221252441405,14.314931726074217,17.72427489013672,0.5954198473282443,27.603053435114504,26.68702290076336,-16.900669519042967,-4.273649963378906,2.042254016113281,-42.51908396946565,22.900763358778626,36.10687022900763,0.0
12.190000534057617,-12.564770312499999,3.9240965209960934,5.085284326171875,-94.33587786259542,-0.5954198473282443,31.206106870229007,-17.7362458984375,-1.8100164550781248,3.1292215698242187,-34.717557251908396,16.564885496183205,7.465648854961832,0.0
12.200000286102295,-13.563152404785155,2.370259643554687,-1.5849614990234373,-112.4885496183206,-1.9389312977099236,10.412213740458014,-15.121777685546874,0.4836287353515625,-0.45010991210937495,-22.83969465648855,-3.877862595419847,-0.12213740458015267,0.0
12.21000051498413,-10.036493359375,-8.487444885253906,0.3327940307617187,-112.27480916030534,0.0916030534351145,5.465648854961832,-14.520833068847656,2.3367408203125,1.5658078857421873,-31.84732824427481,-2.0,6.595419847328245,0.0
12.220000505447388,-11.391611499023437,-2.3582886352539063,3.5529952636718747,-52.97709923664122,37.221374045801525,-3.114503816793893,-12.895170141601561,3.0047230834960934,-1.697488977050781,-32.85496183206107,-12.122137404580153,5.419847328244275,0.0
12.230000495910645,-8.580818749999999,-2.932897033691406,4.841075756835937,-32.916030534351144,48.6412213740458,-11.587786259541986,-15.246276171875,2.588131994628906,2.4253262817382812,-34.778625954198475,0.4122137404580153,13.603053435114504,0.0
12.240000486373901,-14.899116931152342,8.611943371582031,8.039729174804688,-67.74045801526718,32.54961832061068,-29.389312977099237,-12.703634008789061,6.1626750732421876,0.35673604736328124,-46.54961832061068,-4.595419847328245,13.114503816793894,0.0
12.250000476837158,-11.456254943847656,3.2609026611328122,0.679953271484375,-106.27480916030534,14.122137404580153,-21.00763358778626,-16.95094775390625,-0.27293898925781246,5.334281298828125,-51.48091603053435,5.541984732824427,21.83206106870229,0.0
12.260000467300415,-14.84883869628906,-0.46686932373046874,4.106055847167968,-97.32824427480917,40.01526717557252,-22.198473282442748,-14.336479541015624,2.080561242675781,2.0638018310546875,-17.541984732824428,-21.69465648854962,24.68702290076336,0.0
12.270000457763672,-11.635820068359374,-2.849099975585937,1.4006079711914061,-104.16793893129771,29.00763358778626,-23.236641221374047,-13.670891479492187,3.438073583984375,1.1851298217773436,-38.0763358778626,-13.679389312977099,17.938931297709924,0.0
12.280000686645508,-15.1313544921875,0.39743747558593745,2.212242333984375,-86.82442748091603,47.038167938931295,-28.442748091603054,-14.348450549316405,1.8626888916015625,2.2170307373046874,-29.31297709923664,-16.717557251908396,21.282442748091604,0.0
12.290000677108765,-10.575188732910156,-3.6487633300781246,-0.15083470458984374,-71.0381679389313,45.64885496183206,-21.480916030534353,-13.80975517578125,0.948103857421875,2.059013427734375,6.0458015267175576,-34.091603053435115,21.709923664122137,0.0
12.300000667572021,-11.59990704345703,-1.218648645019531,1.599326708984375,-39.6793893129771,69.77099236641222,-25.282442748091604,-6.236895324707031,11.355698474121093,-10.32379755859375,-36.19847328244275,-43.32824427480916,6.3816793893129775,0.0
12.310000658035278,-11.006145031738281,0.8451531860351562,0.3687070556640625,-30.229007633587788,69.80152671755725,-25.129770992366414,-11.348515869140625,1.668758557128906,0.5817910034179687,-75.3587786259542,3.969465648854962,14.091603053435115,0.0
12.320000648498535,-11.018116040039061,1.6472107421875,0.02633621826171875,-16.15267175572519,76.38167938931298,-25.282442748091604,-6.928819604492187,2.157175695800781,-2.8203695556640622,-31.14503816793893,-23.297709923664122,16.610687022900763,0.0
12.330000638961792,-14.860809704589842,4.75009609375,1.1827356201171875,-10.396946564885496,87.3587786259542,-30.977099236641223,-9.698910925292969,-0.5865794067382812,-1.1755530151367186,-27.770992366412212,-10.748091603053435,15.16030534351145,0.0
12.340000629425049,-6.730100866699218,-1.3551181396484375,-0.4740519287109375,8.51908396946565,86.93129770992367,-20.9618320610687,-0.9050082275390624,6.562506750488281,-8.954314208984375,-59.20610687022901,-14.610687022900763,-0.21374045801526717,0.0
12.350000381469727,-6.119579443359375,-3.3446997192382812,0.07422025146484375,37.64885496183206,99.0381679389313,-24.931297709923665,-10.613495959472656,-4.242525341796875,2.1116858642578125,-61.06870229007634,20.564885496183205,4.076335877862595,0.0
12.360000371932983,-7.187393383789062,-2.9448680419921875,0.7206546997070312,66.03053435114504,109.22137404580153,-35.69465648854962,-8.729259252929687,-2.6288334228515624,1.458068811035156,-11.450381679389313,12.50381679389313,-4.305343511450381,0.0
12.37000060081482,-8.927977990722656,-2.1619640991210938,1.7860744384765623,88.47328244274809,114.76335877862596,-45.23664122137404,-7.649474304199218,-1.0414777221679687,-3.0238766967773434,39.00763358778626,-6.412213740458015,-9.221374045801527,0.0
12.380000591278076,-8.939948999023438,-0.13646949462890623,2.9281086303710935,98.50381679389314,115.78625954198473,-51.3587786259542,-6.110002636718749,3.19865341796875,-4.805162731933594,43.61832061068702,2.7480916030534353,-16.03053435114504,0.0
12.390000581741333,-10.187328063964843,2.5546131713867184,4.271255761718749,89.92366412213741,111.29770992366412,-55.81679389312977,-7.350199096679687,5.049371301269531,-4.510675927734375,51.57251908396947,9.709923664122137,-12.061068702290076,0.0
12.40000033378601,-9.600748657226562,3.3327287109375,4.747701892089843,77.09923664122137,105.38931297709924,-57.19083969465649,-8.226476904296874,7.326257080078125,-3.9552211425781247,50.50381679389313,12.274809160305344,-5.709923664122138,0.0
12.410000324249268,-10.204087475585936,4.786009118652344,4.860229370117187,58.595419847328245,95.63358778625954,-59.6793893129771,-5.870582470703124,7.920019091796875,-4.6447512207031245,45.6793893129771,10.748091603053435,-2.015267175572519,0.0
12.420000791549683,-10.68053360595703,6.41646044921875,4.486733911132812,40.16793893129771,88.67175572519083,-58.458015267175576,-8.09479581298828,6.433219860839843,-2.5330653564453125,37.70992366412214,26.870229007633586,6.9465648854961835,0.0
12.43000054359436,-9.830592016601562,4.809951135253906,3.172317199707031,18.458015267175572,76.67175572519083,-52.229007633587784,-8.130708837890625,4.735730883789063,-1.0175357055664063,48.58015267175573,22.99236641221374,13.664122137404581,0.0
12.440000772476196,-10.139444030761718,4.058171813964844,3.6655227416992187,14.625954198473282,79.19083969465649,-49.038167938931295,-6.256048937988281,6.45476767578125,-0.7302315063476562,40.80916030534351,23.099236641221374,15.83206106870229,0.0
12.450000286102295,-8.667010009765624,2.5043349365234375,2.636016027832031,8.687022900763358,70.03053435114504,-44.16793893129771,-6.026205578613281,3.797203833007812,-0.011971008300781249,31.87786259541985,27.541984732824428,19.6793893129771,0.0
12.46000051498413,-6.679822631835937,0.5770026000976562,1.8459294799804686,20.778625954198475,72.76335877862596,-40.47328244274809,-7.465120776367187,3.423708374023437,0.23223756103515625,42.29007633587786,21.572519083969464,21.282442748091604,0.0
12.470000505447388,-9.1554271484375,3.153163586425781,2.2840683837890623,29.51145038167939,79.08396946564885,-43.61832061068702,-10.13226142578125,3.27526787109375,-0.10773907470703124,53.908396946564885,16.946564885496183,21.740458015267176,0.0
12.480000495910645,-10.175357055664062,5.403713146972656,3.0119056884765625,18.53435114503817,75.89312977099236,-42.44274809160305,-7.034164477539062,4.951209033203125,-0.5530605834960938,37.66412213740458,9.404580152671755,18.48854961832061,0.0
12.490000486373901,-10.369287390136718,5.238513232421875,3.9049429077148434,-0.8396946564885496,69.34351145038168,-36.48854961832061,-7.6087728759765625,5.145139367675781,-0.6009446166992187,24.931297709923665,6.0,18.229007633587788,0.0
12.500000476837158,-10.963049401855468,5.781997009277344,4.9416322265625,-14.702290076335878,65.77099236641222,-32.778625954198475,-10.812214697265624,0.19153613281249998,5.595249279785156,24.015267175572518,9.053435114503817,21.419847328244273,0.0
12.510000467300415,-9.916783276367187,4.350264416503906,4.012681982421875,-25.6793893129771,55.57251908396947,-28.3206106870229,-8.805873706054687,3.900154504394531,1.697488977050781,30.27480916030534,-10.82442748091603,12.320610687022901,0.0
12.520000457763672,-8.817844714355468,3.4452561889648434,2.971204260253906,-30.9618320610687,50.42748091603053,-21.358778625954198,-4.57771357421875,7.017405065917968,-0.8834604125976562,-1.4198473282442747,-17.541984732824428,5.633587786259542,0.0
12.530000686645508,-10.05564697265625,3.337517114257812,3.0693665283203124,-40.2442748091603,47.343511450381676,-19.770992366412212,-10.419565624999999,-0.6967126831054687,4.103661645507812,-4.67175572519084,-11.038167938931299,12.244274809160306,0.0
12.540000677108765,-10.328585961914062,2.4349030883789062,2.0925322509765625,-44.091603053435115,42.82442748091603,-19.206106870229007,-10.213664282226562,-1.8626888916015625,3.191470812988281,22.625954198473284,-32.79389312977099,2.9923664122137406,0.0
12.550000667572021,-9.624690673828125,2.2361843505859373,1.9584569580078124,-45.465648854961835,42.458015267175576,-16.763358778625953,-7.141903552246093,3.0550013183593747,0.24181436767578124,5.801526717557252,-41.343511450381676,-11.374045801526718,0.0
12.560000658035278,-9.265560424804686,3.172317199707031,1.956062756347656,-55.770992366412216,43.16030534351145,-14.15267175572519,-7.843404638671874,4.034229797363281,-1.3383587280273437,-39.725190839694655,-30.931297709923665,-19.00763358778626,0.0
12.570000648498535,-10.941501586914061,2.7341782958984373,2.35589443359375,-70.25954198473282,38.732824427480914,-11.770992366412214,-16.515203051757812,-9.334992272949219,7.6231380859375,-9.068702290076336,-34.152671755725194,-22.549618320610687,0.0
12.580000638961792,-9.804255798339844,-0.08140285644531249,1.2617442749023438,-64.59541984732824,36.33587786259542,-9.038167938931299,-11.449072338867186,-6.232106921386718,5.293579870605469,41.23664122137404,-65.66412213740458,-32.900763358778626,0.0
12.590000629425049,-9.047688073730468,-0.45010991210937495,0.49799394531249996,-56.13740458015267,40.12213740458015,-7.603053435114504,-11.133037719726563,-0.4860229370117187,-1.7884686401367187,40.16793893129771,-86.12213740458016,-36.595419847328245,0.0
12.600000619888306,-10.864887133789061,1.8363526733398436,1.5490484741210937,-64.04580152671755,43.954198473282446,-9.98473282442748,-12.713210815429687,-1.5873557006835937,1.407790576171875,28.50381679389313,-82.03053435114504,-53.847328244274806,0.0
12.610000610351562,-10.034099157714843,1.0773907470703123,1.7166425903320313,-70.36641221374046,41.52671755725191,-9.709923664122137,-11.319785449218749,0.3495534423828125,0.7852981445312499,25.129770992366414,-92.19847328244275,-62.36641221374046,0.0
12.62000060081482,-10.785878479003905,1.7956512451171873,2.1164742675781247,-79.45038167938931,40.458015267175576,-7.770992366412214,-13.029245434570312,-0.8451531860351562,3.375824340820312,12.702290076335878,-82.18320610687023,-63.38931297709924,0.0
12.630000591278076,-10.077194787597655,0.7278373046875,2.166752502441406,-84.12213740458016,37.603053435114504,-4.854961832061068,-11.195286962890624,1.8435352783203125,1.1468225952148436,15.389312977099237,-93.77099236641222,-68.76335877862596,0.0
12.640000343322754,-9.969455712890625,0.7350199096679687,1.8459294799804686,-83.52671755725191,35.282442748091604,-2.122137404580153,-7.278373046874999,4.8650177734375,-1.1851298217773436,-4.793893129770993,-85.87786259541984,-70.33587786259542,0.0
12.65000057220459,-10.280701928710936,0.7781155395507812,1.956062756347656,-87.52671755725191,33.41984732824427,0.183206106870229,-10.455478649902343,2.0973206542968748,0.35673604736328124,-11.49618320610687,-73.69465648854961,-63.16030534351145,0.0
12.660000801086426,-10.862492932128905,-0.41419688720703124,1.8531120849609375,-83.29770992366412,29.6793893129771,0.183206106870229,-13.53442198486328,-2.2936451904296873,3.3446997192382812,12.16793893129771,-71.06870229007633,-57.14503816793893,0.0
12.670000553131104,-10.182539660644531,-2.1978771240234374,1.5298948608398437,-66.77862595419847,27.480916030534353,0.6106870229007634,-8.750807067871094,0.7733271362304687,0.7637503295898437,26.717557251908396,-73.95419847328245,-62.961832061068705,0.0
12.680818557739258,-9.871293444824218,-2.683900061035156,1.158793603515625,-53.02290076335878,27.221374045801525,-1.4351145038167938,-8.291120349121094,0.7900865478515624,0.5027823486328125,34.87022900763359,-73.23664122137404,-54.87022900763359,0.0
12.690000534057617,-9.947907897949218,-2.50912333984375,1.7573440185546874,-42.94656488549618,26.580152671755727,-5.145038167938932,-8.360552197265624,1.9033903198242186,-0.12689268798828124,50.94656488549618,-73.98473282442748,-50.01526717557252,0.0
12.700000524520874,-10.065223779296874,-1.4221557861328125,2.499546533203125,-33.19083969465649,25.541984732824428,-7.893129770992366,-6.861781958007812,2.013523596191406,-0.7589619262695312,42.30534351145038,-54.50381679389313,-42.2442748091603,0.0
12.71000051498413,-10.050858569335936,-0.8259995727539062,3.3494881225585935,-31.801526717557252,22.427480916030536,-9.770992366412214,-7.754819177246094,1.9201497314453124,-0.6248866333007812,47.343511450381676,-46.656488549618324,-34.18320610687023,0.0
12.720000505447388,-10.374075793457031,-0.39983167724609375,3.687070556640625,-23.00763358778626,17.46564885496183,-10.702290076335878,-8.573636145019531,-0.316034619140625,1.5322890624999999,57.69465648854962,-33.89312977099237,-25.14503816793893,0.0
12.730000495910645,-10.421959826660157,-1.0414777221679687,3.928884924316406,-11.49618320610687,12.366412213740459,-11.282442748091603,-7.697358337402343,-2.437297290039062,0.009576806640625,81.63358778625954,-50.2442748091603,-27.31297709923664,0.0
12.740000247955322,-10.412383020019531,-0.9265560424804687,3.854664672851562,9.465648854961833,9.83206106870229,-10.076335877862595,-8.698134631347656,-4.75009609375,-2.1883003173828124,-26.9618320610687,-63.3587786259542,-15.877862595419847,0.0
12.750000476837158,-10.192116467285155,-1.0199299072265624,4.855440966796874,14.778625954198473,6.33587786259542,-12.625954198473282,-9.258377819824219,0.5386953735351562,0.7158662963867187,96.29007633587786,-55.00763358778626,-21.450381679389313,0.0
12.760000705718994,-10.244788903808594,-0.19393033447265623,5.092466931152344,29.587786259541986,1.618320610687023,-15.022900763358779,-5.228936425781249,2.118868469238281,-2.042254016113281,121.19083969465649,-7.633587786259542,-23.34351145038168,0.0
12.77000093460083,-10.632649572753905,1.0797849487304687,6.299144567871093,26.748091603053435,-2.33587786259542,-16.778625954198475,-11.391611499023437,1.0271125122070313,-4.5585599609375,36.47328244274809,-1.0381679389312977,-10.83969465648855,0.0
12.780000686645508,-10.230423693847655,1.1444283935546875,6.981492041015625,30.045801526717558,-10.488549618320612,-16.793893129770993,-4.551377355957031,5.351040710449219,0.7398083129882812,44.36641221374046,-13.404580152671755,-18.27480916030534,0.0
12.790000915527344,-10.575188732910156,2.020706201171875,8.001421948242188,28.35114503816794,-20.33587786259542,-14.549618320610687,-4.220977526855468,5.128379956054687,-0.6751648681640625,21.053435114503817,-4.717557251908397,-16.427480916030536,0.0
12.800000667572021,-11.164162341308593,1.7597382202148437,9.488221179199218,31.557251908396946,-32.030534351145036,-11.923664122137405,-8.777143286132812,1.120486376953125,1.1037269653320312,11.557251908396946,3.66412213740458,-9.450381679389313,0.0
12.810000658035278,-11.259930407714844,0.9074024291992187,10.424354028320312,45.11450381679389,-45.3587786259542,-10.244274809160306,-6.655880615234374,1.3359645263671873,1.5897499023437498,2.4122137404580153,17.633587786259543,-19.34351145038168,0.0
12.820000410079956,-11.245565197753905,0.41419688720703124,11.935095275878906,59.32824427480916,-58.6412213740458,-9.633587786259541,-7.168239770507812,0.4572925170898437,1.3072341064453123,12.51908396946565,2.8702290076335877,-20.244274809160306,0.0
12.830000638961792,-12.447454431152343,1.8602946899414061,14.355633154296875,72.01526717557252,-74.9618320610687,-10.641221374045802,-6.6510922119140625,0.19632453613281248,0.6703764648437499,8.045801526717558,8.458015267175572,0.061068702290076333,0.0
12.840000629425049,-13.651737866210937,3.3351229125976563,14.599841723632812,76.13740458015268,-102.9618320610687,-5.038167938931298,-5.820304235839844,2.5139117431640625,-0.18914193115234373,6.396946564885496,5.4961832061068705,-9.099236641221374,0.0
12.850000381469727,-15.145719702148437,5.968744738769531,15.251064575195311,60.030534351145036,-130.03053435114504,1.8015267175572518,-7.848193041992187,1.0630255371093749,0.3064578125,8.412213740458014,5.9541984732824424,-2.0916030534351147,0.0
12.860000610351562,-13.371616271972655,3.0142998901367184,12.981361401367186,34.961832061068705,-168.2290076335878,10.290076335877863,-5.568913061523437,3.651157531738281,-1.199495031738281,7.450381679389313,4.961832061068702,-2.16793893129771,0.0
12.87000060081482,-13.80975517578125,1.0702081420898437,12.502521069335936,16.35114503816794,-191.0229007633588,13.435114503816793,-6.1267620483398435,4.742913488769531,-1.4437036010742186,5.236641221374046,7.877862595419847,2.687022900763359,0.0
12.880000591278076,-13.350068457031249,-0.181959326171875,12.457031237792968,11.816793893129772,-216.76335877862596,19.66412213740458,-4.328716601562499,6.311115576171875,-1.8818425048828125,-7.435114503816794,14.198473282442748,5.557251908396947,0.0
12.890000343322754,-14.851232897949219,0.2920926025390625,13.302184423828125,27.19083969465649,-231.78625954198472,27.96946564885496,-9.672574707031249,3.385401147460937,0.19871873779296872,-18.83969465648855,13.923664122137405,11.893129770992367,0.0
12.900000810623169,-13.211204760742186,-0.4285620971679687,8.997409838867187,49.38931297709924,-245.61832061068702,38.80916030534351,-11.137826123046874,3.2249896362304686,1.3048399047851562,-31.572519083969464,15.49618320610687,10.793893129770993,0.0
12.910000562667847,-13.45780753173828,0.6344634399414062,3.0741549316406247,55.603053435114504,-240.9618320610687,47.93893129770992,-15.327679028320311,0.9840168823242187,3.0885201416015624,-49.93893129770992,30.03053435114504,11.404580152671755,0.0
12.920000791549683,-12.770671655273437,-2.3367408203125,-2.118868469238281,54.10687022900763,-234.24427480916032,54.48854961832061,-18.181567407226563,-0.3902548706054687,3.057395520019531,-46.33587786259542,24.427480916030536,8.427480916030534,0.0
12.93000054359436,-12.646173168945312,-4.7764323120117185,-5.4707507934570305,75.31297709923665,-208.44274809160305,58.82442748091603,-14.580688110351561,0.7996633544921875,1.1444283935546875,-45.099236641221374,26.03053435114504,5.816793893129771,0.0
12.940000772476196,-12.713210815429687,-4.766855505371093,-8.2360537109375,71.86259541984732,-183.74045801526717,56.67175572519084,-16.117765576171873,-2.0278888061523435,-0.2442085693359375,-39.06870229007634,18.9618320610687,14.885496183206106,0.0
12.950000524520874,-13.74511173095703,-4.740519287109374,-6.375759020996093,50.06106870229008,-161.84732824427482,43.14503816793893,-9.734823950195311,0.5770026000976562,-2.9089550170898435,-38.3206106870229,9.877862595419847,13.068702290076336,0.0
12.960000276565552,-12.966996191406249,-3.1651345947265623,-4.027047192382812,25.17557251908397,-150.90076335877862,25.46564885496183,-8.05648858642578,-0.8475473876953125,-3.6535517333984373,-46.656488549618324,19.908396946564885,17.72519083969466,0.0
12.970000267028809,-13.788207360839843,-0.4070142822265625,2.6719290527343746,14.595419847328245,-137.1908396946565,15.389312977099237,-8.801085302734375,-2.3582886352539063,-3.1747114013671873,-40.06106870229008,21.87786259541985,19.328244274809162,0.0
12.980000495910645,-14.719551806640624,1.4173673828125,7.144297753906249,32.54961832061068,-130.8091603053435,22.50381679389313,-9.828197814941406,-3.380612744140625,-2.722207287597656,-26.106870229007633,27.801526717557252,20.48854961832061,0.0
12.99000072479248,-13.314155432128905,1.6328455322265625,6.552929943847656,52.458015267175576,-128.85496183206106,38.36641221374046,-8.595183959960938,-1.1252747802734375,-2.051830822753906,-13.435114503816793,32.16793893129771,17.099236641221374,0.0
13.000000238418579,-12.490550061035156,3.6104561035156246,4.144363073730468,39.83206106870229,-131.0229007633588,49.32824427480916,-12.026074938964843,-2.6408044311523438,-0.24899697265624998,4.67175572519084,35.48091603053435,17.72519083969466,0.0
13.010000944137573,-12.820949890136719,4.04141240234375,2.7940333374023436,23.297709923664122,-124.54961832061069,51.41984732824427,-10.398017810058594,-1.9584569580078124,0.5626373901367188,18.778625954198475,39.69465648854962,13.083969465648854,0.0
13.020000696182251,-11.425130322265625,3.1387983764648437,0.8738836059570312,-14.274809160305344,-137.57251908396947,51.31297709923664,-10.582371337890624,-0.12449848632812499,1.2521674682617188,32.79389312977099,39.98473282442748,13.740458015267176,0.0
13.030000925064087,-9.323021264648437,0.37828386230468747,0.316034619140625,-33.86259541984733,-131.6793893129771,52.48854961832061,-9.387664709472656,1.8267758666992187,0.6703764648437499,33.404580152671755,38.56488549618321,13.633587786259541,0.0
13.040000677108765,-6.394912634277343,-0.6919242797851562,-0.7350199096679687,-50.48854961832061,-131.45038167938932,48.47328244274809,-10.455478649902343,2.0973206542968748,0.6679822631835937,33.86259541984733,39.41984732824427,16.076335877862597,0.0
13.0500009059906,-3.0693665283203124,-2.3319524169921872,-1.8459294799804686,-54.19847328244275,-122.13740458015268,43.969465648854964,-9.6917283203125,2.4157494750976563,0.7278373046875,23.267175572519083,37.038167938931295,18.83969465648855,0.0
13.060000658035278,-2.8036101440429686,-2.7269956909179687,-1.9608511596679685,-55.05343511450382,-110.41221374045801,35.29770992366412,-11.3006318359375,0.7709329345703124,2.300827795410156,20.732824427480917,36.70229007633588,23.221374045801525,0.0
13.070000410079956,-1.3239935180664062,-2.9544448486328125,-1.2330138549804688,-42.656488549618324,-93.08396946564885,29.129770992366414,-9.528922607421874,1.4221557861328125,0.7876923461914062,10.50381679389313,31.14503816793893,21.053435114503817,0.0
13.080000638961792,-2.214636535644531,-1.5107412475585937,-0.7637503295898437,-36.458015267175576,-81.90839694656489,25.603053435114504,-11.729193933105469,-2.3630770385742186,3.208230224609375,16.458015267175572,30.18320610687023,25.96946564885496,0.0
13.090000629425049,-1.4125789794921875,-1.4101847778320311,-0.6751648681640625,-20.061068702290076,-62.213740458015266,26.442748091603054,-10.172962854003906,0.9097966308593749,1.8195932617187498,20.80916030534351,12.0,17.49618320610687,0.0
13.100000381469727,-2.1212626708984375,0.076614453125,0.277727392578125,-13.664122137404581,-47.55725190839695,25.099236641221374,-9.349357482910156,-1.1731588134765625,1.7262193969726563,18.259541984732824,16.83969465648855,15.86259541984733,0.0
13.110000610351562,-0.055066638183593745,-2.2553379638671873,-0.21068974609375,7.969465648854962,-17.00763358778626,27.541984732824428,-10.08677159423828,0.13407529296874998,1.8459294799804686,21.801526717557252,13.557251908396946,14.381679389312977,0.0
13.12000060081482,-2.710236279296875,1.0989385620117187,0.9433154541015625,-10.687022900763358,-13.572519083969466,15.251908396946565,-8.382100012207031,-0.3591302490234375,0.9816226806640624,18.900763358778626,20.610687022900763,11.572519083969466,0.0
13.130000591278076,6.172251879882812,-8.568847741699217,-0.7948749511718749,8.778625954198473,-6.412213740458015,22.519083969465647,-9.80665,-1.3431471313476562,0.258573779296875,17.52671755725191,22.519083969465647,14.961832061068701,0.0
13.140000820159912,4.5968671875,-7.532158422851562,1.838746875,50.67175572519084,34.74809160305343,18.076335877862597,-8.731653454589843,-0.9097966308593749,-0.13168109130859373,24.106870229007633,20.290076335877863,9.679389312977099,0.0
13.15000033378601,-1.8411410766601561,-1.005564697265625,6.756437084960937,65.86259541984732,55.465648854961835,1.1297709923664123,-9.181763366699219,-1.388636962890625,0.7565677246093749,27.87786259541985,26.702290076335878,7.282442748091603,0.0
13.160000801086426,-7.510610607910156,6.028599780273437,9.82580361328125,46.38167938931298,51.64885496183206,-12.748091603053435,-9.974244116210937,-0.2920926025390625,0.6560112548828124,21.801526717557252,26.244274809160306,5.190839694656488,0.0
13.170000314712524,13.230358374023437,-14.164097021484373,1.37906015625,88.90076335877863,34.56488549618321,17.297709923664122,-8.738836059570312,3.0142998901367184,-0.18914193115234373,0.8396946564885496,19.954198473282442,-0.2595419847328244,0.0
13.18000078201294,12.926294763183593,-16.845602880859374,3.038241906738281,245.38931297709922,136.18320610687022,32.80916030534351,-6.710947253417968,2.2098481323242187,-1.6543933471679686,-29.404580152671755,38.152671755725194,-0.8702290076335878,0.0
13.190000295639038,-2.748543505859375,4.283226770019531,6.148309863281249,265.31297709923666,162.65648854961833,-15.236641221374045,-10.71884083251953,-0.7422025146484375,2.47081611328125,-30.610687022900763,59.31297709923664,5.32824427480916,0.0
13.200000524520874,1.2904746948242187,3.4572271972656248,1.2425906616210938,207.9083969465649,131.54198473282443,-22.83969465648855,-6.442796667480469,6.356605407714843,-3.5410242553710933,-83.0381679389313,39.69465648854962,-3.8473282442748094,0.0
13.21000051498413,-7.48906279296875,9.200916979980468,2.4971523315429685,202.74809160305344,167.5114503816794,-20.946564885496183,-8.240842114257813,3.258508459472656,-2.243366955566406,-121.5114503816794,73.43511450381679,11.389312977099237,0.0
13.220000267028809,-11.674127294921874,15.394716674804686,3.6296097167968746,98.82442748091603,142.3969465648855,-32.916030534351144,-11.171344946289063,1.9512743530273435,-1.936909143066406,-121.41984732824427,78.6412213740458,13.34351145038168,0.0
13.230000495910645,-8.82263311767578,11.274295617675781,6.418854650878906,16.396946564885496,119.29770992366412,-30.610687022900763,-12.988544006347656,-1.446097802734375,0.7015010864257812,-133.1145038167939,66.35114503816794,21.52671755725191,0.0
13.240000486373901,-12.58392392578125,14.121001391601562,13.043610644531249,-42.732824427480914,86.77862595419847,-33.23664122137404,-17.463306909179686,-6.1626750732421876,1.9201497314453124,-106.07633587786259,51.81679389312977,20.916030534351144,0.0
13.250000476837158,-12.318167541503906,9.375693701171874,16.354791540527344,-91.83206106870229,27.053435114503817,-17.770992366412212,-15.035586425781249,-3.229778039550781,6.241683728027343,-87.43511450381679,32.29007633587786,29.083969465648856,0.0
13.260000705718994,-13.347674255371093,-2.403778466796875,14.556746093749998,-25.6793893129771,15.770992366412214,17.358778625954198,-17.17360850830078,-6.050147595214844,4.503493322753906,-40.961832061068705,10.351145038167939,20.38167938931298,0.0
13.270000457763672,-13.20881055908203,1.687912170410156,10.134655627441406,37.603053435114504,30.213740458015266,41.87786259541985,-15.782577343749999,-2.825157958984375,3.1100679565429687,-40.091603053435115,-4.0458015267175576,19.755725190839694,0.0
13.280000686645508,-12.820949890136719,7.077260107421875,5.396530541992187,-4.931297709923665,37.267175572519086,29.374045801526716,-16.086640954589843,0.34715924072265625,0.20829554443359374,-26.12213740458015,-18.106870229007633,0.6106870229007634,0.0
13.290000915527344,-13.838485595703125,4.766855505371093,-0.9097966308593749,-74.87022900763358,17.267175572519083,6.916030534351145,-15.447389111328125,-0.18435352783203124,0.507570751953125,-10.65648854961832,-22.580152671755727,8.427480916030534,0.0
13.300000667572021,-12.995726611328124,-2.6216508178710938,2.2768857788085937,-69.12977099236642,32.51908396946565,1.9389312977099236,-14.26944189453125,-0.7062894897460937,1.7190367919921874,1.4961832061068703,-25.587786259541986,13.16030534351145,0.0
13.310000658035278,-11.307814440917968,-2.3223756103515623,7.517793212890624,-46.458015267175576,49.786259541984734,-9.450381679389313,-13.658920471191406,0.10773907470703124,3.181894006347656,5.038167938931298,-25.0381679389313,15.374045801526718,0.0
13.320000648498535,-8.743624462890624,0.4860229370117187,3.071760729980469,-63.63358778625954,37.66412213740458,-20.610687022900763,-15.330073229980467,0.181959326171875,1.9608511596679685,13.526717557251908,-25.52671755725191,10.549618320610687,0.0
13.330000638961792,-8.090007409667969,0.4836287353515625,3.1411925781249996,-63.48091603053435,38.091603053435115,-26.229007633587788,-14.302960717773436,1.024718310546875,2.2170307373046874,6.091603053435114,-21.374045801526716,6.9465648854961835,0.0
13.34000039100647,-12.928688964843749,1.4532804077148436,3.5027170288085934,-80.36641221374046,34.595419847328245,-34.16793893129771,-14.669273571777342,0.8283937744140625,1.7118541870117185,2.4885496183206106,-23.801526717557252,0.6564885496183206,0.0
13.350000619888306,-11.118672509765624,-1.0989385620117187,2.5737667846679684,-77.00763358778626,39.64885496183206,-34.56488549618321,-14.130578198242187,1.3934253662109375,1.5634136840820312,0.061068702290076333,-27.709923664122137,-2.885496183206107,0.0
13.360000371932983,-14.903905334472656,3.8570588745117185,1.6328455322265625,-92.9618320610687,41.48091603053435,-43.786259541984734,-11.326968054199218,4.924872814941406,-0.3495534423828125,-10.854961832061068,-36.94656488549618,-8.427480916030534,0.0
13.37000060081482,-11.757924353027343,0.239420166015625,-0.047884033203124995,-105.8473282442748,35.87786259541985,-34.74809160305343,-12.969390393066405,3.3159692993164063,2.4109610717773435,-16.290076335877863,-26.076335877862597,-0.48854961832061067,0.0
13.380000591278076,-13.915100048828124,1.6615759521484375,1.4628572143554686,-94.01526717557252,51.38931297709924,-28.68702290076336,-9.658209497070311,6.584054565429687,-2.2481553588867187,-28.641221374045802,-36.38167938931298,-2.5801526717557253,0.0
13.390000343322754,-11.71482872314453,0.033518823242187495,0.15562310791015624,-91.96946564885496,49.587786259541986,-21.954198473282442,-10.340556970214843,4.951209033203125,0.5458779785156249,-29.114503816793892,-31.022900763358777,4.854961832061068,0.0
13.400000810623169,-10.060435375976562,-0.9959878906249999,1.0223241088867188,-55.02290076335878,73.52671755725191,-14.061068702290076,-5.444414575195312,9.442731347656249,-7.886500268554687,-60.83969465648855,-35.87786259541985,0.10687022900763359,0.0
13.410000562667847,-11.14022032470703,3.066972326660156,1.3048399047851562,-46.58015267175573,71.8473282442748,-16.82442748091603,-9.868899243164062,2.195482922363281,0.8978256225585937,-70.61068702290076,-1.1145038167938932,13.038167938931299,0.0
13.420000553131104,-11.67652149658203,4.304774584960938,2.0781670410156248,-42.48854961832061,74.68702290076335,-14.366412213740459,-7.52737001953125,3.1124621582031247,-4.587290380859375,-57.541984732824424,-16.16793893129771,9.511450381679388,0.0
13.43000054359436,-10.149020837402343,3.1268273681640624,1.5753846923828123,-47.63358778625954,66.50381679389314,-7.679389312977099,-8.305485559082031,0.9313444458007812,-0.8643067993164062,-54.656488549618324,-1.2061068702290076,9.282442748091603,0.0
13.440000772476196,-6.248866333007812,-1.8626888916015625,1.7788918334960937,-19.022900763358777,80.45801526717557,-1.251908396946565,-6.002263562011718,3.42849677734375,-3.9169139160156248,-58.961832061068705,0.061068702290076333,0.44274809160305345,0.0
13.450000524520874,-8.611943371582031,-0.6296750366210937,1.9943699829101562,-22.946564885496183,75.12977099236642,-10.13740458015267,-9.97903251953125,-1.4413093994140624,1.886630908203125,-36.396946564885496,10.641221374045802,3.4656488549618323,0.0
13.46000051498413,-5.200206005859375,-5.046977099609375,1.2138602416992186,10.793893129770993,84.82442748091603,-8.992366412213741,-3.5601778686523438,6.53138212890625,-8.403647827148436,-38.01526717557252,-16.076335877862597,-11.923664122137405,0.0
13.470000743865967,-6.974309436035155,-1.9847931762695312,2.50912333984375,28.702290076335878,93.89312977099236,-21.954198473282442,-7.7979148071289055,4.295197778320312,-4.4005426513671875,-61.61832061068702,39.083969465648856,0.7938931297709924,0.0
13.480000495910645,-5.6574985229492185,-4.062960217285156,2.0374656127929685,43.404580152671755,96.13740458015268,-30.106870229007633,-5.702988354492187,9.79946739501953,-11.487379565429686,-33.83206106870229,16.564885496183205,-0.8549618320610687,0.0
13.490000247955322,-8.458714465332031,-1.43652099609375,2.437297290039062,62.6412213740458,101.98473282442748,-42.030534351145036,-7.955932116699218,3.5290532470703124,-2.3223756103515623,-51.20610687022901,62.87022900763359,13.465648854961833,0.0
13.500000476837158,-7.359775903320312,-1.68551796875,1.89620771484375,79.32824427480917,104.85496183206106,-47.465648854961835,-0.5985504150390625,12.820949890136719,-12.301408129882812,-47.74045801526717,43.86259541984733,8.488549618320612,0.0
13.510000467300415,-8.207323291015625,1.4221557861328125,2.1619640991210938,84.01526717557252,103.61832061068702,-50.83969465648855,-7.541735229492187,5.092466931152344,-5.430049365234375,-79.70992366412214,80.62595419847328,21.87786259541985,0.0
13.520000696182251,-10.263942517089843,2.7078420776367187,3.114856359863281,83.57251908396947,98.93129770992367,-53.541984732824424,-7.649474304199218,3.1938650146484373,-3.785232824707031,-31.00763358778626,64.0,27.129770992366414,0.0
13.530000925064087,-11.042058056640624,4.13718046875,2.9855694702148434,78.04580152671755,91.90839694656489,-51.23664122137404,-11.051634863281249,-2.9975404785156248,-0.2537853759765625,4.1679389312977095,65.12977099236642,33.49618320610687,0.0
13.540000677108765,-11.949460485839843,6.677428430175781,3.6487633300781246,62.045801526717554,84.04580152671755,-49.31297709923664,-7.299920861816406,-3.785232824707031,2.1021090576171875,28.519083969465647,53.48091603053435,26.793893129770993,0.0
13.5500009059906,-11.1474029296875,5.025429284667968,3.794809631347656,38.54961832061068,72.36641221374046,-41.267175572519086,-6.016628771972656,-2.3295582153320313,0.5363011718749999,64.10687022900764,32.54961832061068,21.099236641221374,0.0
13.560000658035278,-12.878410729980468,7.501033801269531,5.130774157714844,13.740458015267176,65.09923664122137,-38.33587786259542,-8.449137658691406,1.484405029296875,0.023942016601562498,93.22137404580153,16.38167938931298,16.35114503816794,0.0
13.570000648498535,-8.698134631347656,2.834734765625,2.4971523315429685,-5.3893129770992365,52.595419847328245,-27.603053435114504,-7.149086157226562,6.610390783691406,-0.5530605834960938,66.73282442748092,20.30534351145038,10.763358778625955,0.0
13.580000638961792,-10.232817895507813,3.536235852050781,3.6535517333984373,-9.16030534351145,59.908396946564885,-29.251908396946565,-10.620678564453124,4.067748620605468,0.9193734375,52.38167938931298,19.267175572519083,15.49618320610687,0.0
13.590000629425049,-8.212111694335936,0.14125789794921875,1.7717092285156248,-10.961832061068701,54.12213740458015,-27.603053435114504,-9.390058911132812,3.1196447631835937,3.1483751831054687,44.80916030534351,12.717557251908397,13.633587786259541,0.0
13.600000619888306,-11.030087048339842,1.917755529785156,2.6599580444335937,-12.396946564885496,58.152671755725194,-31.16030534351145,-14.219163659667968,-1.7764976318359373,8.820238916015624,61.587786259541986,-2.900763358778626,16.519083969465647,0.0
13.610000848770142,-8.999804040527343,0.24899697265624998,1.3383587280273437,-8.641221374045802,55.6793893129771,-30.30534351145038,-8.863334545898438,4.340687609863281,2.2098481323242187,64.54961832061069,-33.099236641221374,3.984732824427481,0.0
13.62000060081482,-9.78031378173828,1.6472107421875,1.618480322265625,-12.061068702290076,57.02290076335878,-30.519083969465647,-11.942277880859374,-1.5466542724609373,6.768408093261718,47.786259541984734,-30.625954198473284,7.816793893129771,0.0
13.630000591278076,-8.815450512695312,2.0733786376953125,1.4891934326171874,-16.12213740458015,55.52671755725191,-31.251908396946565,-10.000580334472655,3.1316157714843746,1.3575123413085937,52.3206106870229,-58.76335877862596,-6.793893129770993,0.0
13.640000343322754,-10.71884083251953,4.8650177734375,2.528276953125,-33.282442748091604,54.12213740458015,-30.519083969465647,-12.334926953124999,-3.5721488769531247,5.305550878906249,28.595419847328245,-47.267175572519086,-7.679389312977099,0.0
13.65000033378601,-9.440337145996093,3.6655227416992187,2.176329309082031,-43.80152671755725,50.01526717557252,-26.702290076335878,-9.196128576660156,1.93451494140625,-1.0103531005859374,31.14503816793893,-74.45801526717557,-25.572519083969464,0.0
13.660000801086426,-12.330138549804687,6.648698010253906,3.23696064453125,-70.06106870229007,46.83969465648855,-23.66412213740458,-12.208034265136718,-3.6727053466796873,2.3965958618164063,17.419847328244273,-63.05343511450382,-29.96946564885496,0.0
13.670000553131104,-11.815385192871092,5.05655390625,3.4715924072265625,-84.25954198473282,40.6412213740458,-17.46564885496183,-10.670956799316405,-1.7094599853515624,2.0183119995117185,16.595419847328245,-72.59541984732824,-40.97709923664122,0.0
13.68000078201294,-12.380416784667968,4.819527941894531,4.082113830566406,-98.4885496183206,39.02290076335878,-12.183206106870228,-9.363722692871093,-1.199495031738281,0.7326257080078125,11.007633587786259,-73.66412213740458,-48.62595419847328,0.0
13.690000295639038,-9.9981861328125,2.6288334228515624,3.421314172363281,-108.1526717557252,24.80916030534351,-4.625954198473282,-9.674968908691406,-0.3495534423828125,1.0630255371093749,22.458015267175572,-86.21374045801527,-53.83206106870229,0.0
13.700000286102295,-12.208034265136718,1.5729904907226562,3.7134067749023436,-104.74809160305344,28.106870229007633,-1.0381679389312977,-12.186486450195313,-2.578555187988281,2.4971523315429685,17.96946564885496,-73.31297709923665,-52.87022900763359,0.0
13.71000051498413,-8.949525805664061,-1.3575123413085937,2.8275521606445313,-98.4885496183206,21.00763358778626,3.145038167938931,-8.877699755859375,0.7422025146484375,2.418143676757812,28.549618320610687,-86.8854961832061,-60.045801526717554,0.0
13.720000267028809,-10.773907470703124,0.3902548706054687,2.8754361938476563,-86.77862595419847,24.885496183206108,2.9923664122137406,-11.034875451660156,1.3168109130859373,-0.16041151123046873,28.595419847328245,-83.20610687022901,-57.43511450381679,0.0
13.730000495910645,-9.629479077148437,-1.1851298217773436,1.915361328125,-70.8854961832061,24.35114503816794,5.251908396946565,-10.1131078125,1.16837041015625,0.4070142822265625,37.02290076335878,-88.74809160305344,-56.74809160305343,0.0
13.740000486373901,-9.94072529296875,-0.5410895751953124,2.6312276245117188,-66.27480916030534,24.778625954198475,6.1679389312977095,-10.924742175292968,-0.622492431640625,2.858676782226562,30.946564885496183,-70.18320610687023,-48.534351145038165,0.0
13.750000476837158,-9.9215716796875,-0.93852705078125,2.398990063476562,-60.47328244274809,22.53435114503817,6.961832061068702,-7.467514978027343,4.525041137695312,-2.212242333984375,36.79389312977099,-83.6793893129771,-51.86259541984733,0.0
13.760000705718994,-10.575188732910156,-0.7900865478515624,1.898601916503906,-55.48091603053435,23.557251908396946,11.740458015267176,-12.258312499999999,-0.16041151123046873,1.5514426757812498,35.83206106870229,-65.92366412213741,-36.38167938931298,0.0
13.770000457763672,-10.244788903808594,-2.1452046874999997,2.3965958618164063,-49.404580152671755,24.717557251908396,9.053435114503817,-5.635950708007812,3.88818349609375,-1.419761584472656,35.86259541984733,-66.4885496183206,-40.458015267175576,0.0
13.780000686645508,-10.647014782714843,-2.2074539306640624,3.1747114013671873,-45.16030534351145,25.31297709923664,6.824427480916031,-10.242394702148436,0.0526724365234375,1.7429788085937499,42.56488549618321,-56.12213740458015,-28.091603053435115,0.0
13.790000915527344,-10.556035119628906,-2.858676782226562,3.450044592285156,-34.900763358778626,23.297709923664122,1.6030534351145038,-5.032611889648437,3.6056677001953124,-1.1324573852539062,44.13740458015267,-56.274809160305345,-32.01526717557252,0.0
13.800000429153442,-10.819397302246093,-2.8419173706054686,3.986345764160156,-24.65648854961832,20.82442748091603,-2.687022900763359,-10.670956799316405,-0.296881005859375,1.7310078002929687,49.23664122137404,-44.412213740458014,-20.33587786259542,0.0
13.8100004196167,-10.855310327148437,-2.6982652709960937,5.118803149414062,-8.931297709923664,16.091603053435115,-8.580152671755725,-6.363788012695312,3.782838623046875,-1.0749965454101562,53.69465648854962,-49.343511450381676,-26.045801526717558,0.0
13.820000410079956,-11.336544860839844,-1.5442600708007812,5.930437512207031,6.641221374045801,8.061068702290076,-12.305343511450381,-11.688492504882811,-0.9840168823242187,2.2457611572265623,48.68702290076336,-29.450381679389313,-15.312977099236642,0.0
13.830000638961792,-12.114660400390624,-1.3215993164062498,6.792350109863281,15.633587786259541,-2.687022900763359,-17.221374045801525,-7.975085729980468,1.6328455322265625,0.3711012573242187,65.64885496183206,-46.732824427480914,-21.6793893129771,0.0
13.840000629425049,-11.3006318359375,-0.814028564453125,7.314286071777343,38.13740458015267,-11.465648854961833,-16.045801526717558,-8.82981572265625,1.419761584472656,0.8547299926757812,54.274809160305345,-31.0381679389313,-19.114503816793892,0.0
13.850000619888306,-10.764330664062498,0.03591302490234375,7.886500268554687,47.3587786259542,-18.80916030534351,-17.46564885496183,-8.501810095214843,2.3511060302734372,0.7589619262695312,46.79389312977099,-31.81679389312977,-17.251908396946565,0.0
13.860000610351562,-10.75714805908203,1.3168109130859373,7.517793212890624,55.05343511450382,-28.931297709923665,-18.778625954198475,-7.6231380859375,3.191470812988281,-0.6655880615234374,37.37404580152672,-29.221374045801525,-16.198473282442748,0.0
13.87000060081482,-10.603919152832031,3.0550013183593747,7.697358337402343,57.541984732824424,-39.404580152671755,-18.53435114503817,-8.379705810546875,2.7653029174804686,0.028730419921875,18.625954198473284,-9.557251908396946,-12.641221374045802,0.0
13.880000352859497,-10.35492218017578,3.6080619018554687,8.537723120117187,60.68702290076336,-49.05343511450382,-15.954198473282442,-8.030152368164062,2.1930887207031247,1.2521674682617188,9.98473282442748,0.3511450381679389,-9.83206106870229,0.0
13.890000581741333,-10.924742175292968,4.395754248046875,9.191340173339842,64.33587786259542,-61.29770992366412,-12.366412213740459,-7.584830859375,0.42377369384765623,1.2880804931640624,9.725190839694656,0.549618320610687,-10.061068702290076,0.0
13.900000810623169,-11.257536206054686,5.951985327148437,9.344569079589844,69.64885496183206,-74.56488549618321,-6.534351145038168,-7.053318090820312,0.12449848632812499,1.0319009155273438,19.404580152671755,-4.106870229007634,-12.885496183206106,0.0
13.910000562667847,-14.43464180908203,8.769960681152343,10.117896215820313,49.11450381679389,-95.49618320610686,1.786259541984733,-8.073247998046874,-0.8643067993164062,1.7812860351562498,24.427480916030536,-2.3206106870229006,-11.84732824427481,0.0
13.920000553131104,-11.774683764648437,5.736507177734374,10.228029492187499,34.045801526717554,-122.0,17.267175572519083,-6.998251452636718,0.6823474731445313,1.8028338500976562,26.717557251908396,-6.213740458015267,-11.893129770992367,0.0
13.93000054359436,-12.610260144042968,3.6942531616210936,12.919112158203124,28.763358778625953,-138.21374045801528,26.18320610687023,-4.9823336547851556,1.8267758666992187,1.3742717529296875,19.435114503816795,-5.969465648854962,-12.076335877862595,0.0
13.940000534057617,-12.658144177246093,-0.08858546142578125,14.535198278808593,29.251908396946565,-162.15267175572518,35.587786259541986,-3.5697546752929687,2.7174188842773437,0.33518823242187495,13.633587786259541,-4.977099236641221,-9.068702290076336,0.0
13.950000524520874,-12.373234179687499,-0.7589619262695312,12.734758630371093,34.0,-179.46564885496184,42.38167938931298,-0.9816226806640624,4.278438366699218,-1.0199299072265624,6.824427480916031,-2.931297709923664,-3.969465648854962,0.0
13.96000051498413,-11.777077966308592,-1.3479355346679687,10.160991845703125,22.229007633587788,-199.46564885496184,42.83969465648855,-0.9241618408203125,3.976768957519531,-1.2737152832031249,-4.412213740458015,8.488549618320612,6.961832061068702,0.0
13.970000267028809,-11.456254943847656,-0.6679822631835937,7.955932116699218,14.687022900763358,-216.24427480916032,39.038167938931295,-1.714248388671875,4.953603234863281,-2.482787121582031,-0.9770992366412213,12.885496183206106,15.297709923664122,0.0
13.980000495910645,-9.785102185058593,-0.5339069702148437,4.623203405761719,23.64885496183206,-229.23664122137404,43.69465648854962,-4.565742565917969,6.102820031738281,-2.4492682983398435,0.8549618320610687,12.65648854961832,19.31297709923664,0.0
13.990000486373901,-9.665392102050781,1.120486376953125,1.649604943847656,39.099236641221374,-224.01526717557252,50.900763358778626,-9.710881933593749,3.9336733276367184,0.39743747558593745,-18.396946564885496,18.671755725190838,15.419847328244275,0.0
14.000000476837158,-8.760383874511719,0.8810662109374999,-0.7565677246093749,32.50381679389313,-222.70229007633588,55.70992366412214,-16.40746397705078,1.5705962890624998,3.3111808959960936,-63.16030534351145,33.61832061068702,-0.9465648854961832,0.0
14.010000944137573,-10.51533369140625,-2.3918074584960936,-2.6982652709960937,15.022900763358779,-211.3587786259542,50.38167938931298,-22.92687509765625,-2.6192566162109374,4.872200378417968,-95.8473282442748,50.61068702290076,-8.732824427480915,0.0
14.020000696182251,-10.429142431640624,-5.9591679321289055,-4.290409374999999,21.709923664122137,-200.2290076335878,43.17557251908397,-27.6961248046875,-6.438008264160156,5.164292980957031,-69.61832061068702,37.29770992366412,-9.725190839694656,0.0
14.030000925064087,-11.54244620361328,-7.0461354858398435,-3.469198205566406,46.76335877862596,-173.63358778625954,38.35114503816794,-18.914193115234372,-1.0366893188476562,1.678335363769531,-39.52671755725191,19.358778625954198,8.992366412213741,0.0
14.040000915527344,-12.701239807128905,-6.766013891601562,-1.656787548828125,49.083969465648856,-150.61068702290078,25.19083969465649,-11.204863769531249,3.356670727539062,-1.4053963745117186,-18.68702290076336,5.175572519083969,19.450381679389313,0.0
14.05000114440918,-15.528791967773437,-5.537788439941406,4.276044165039062,72.59541984732824,-127.38931297709924,16.625954198473284,-5.588066674804687,3.5529952636718747,-3.1268273681640624,-19.557251908396946,13.312977099236642,23.374045801526716,0.0
14.060000658035278,-18.26057606201172,-0.13407529296874998,6.794744311523437,83.20610687022901,-116.61068702290076,15.053435114503817,-7.706935144042968,-4.8314989501953125,-2.913743420410156,-11.465648854961833,20.83969465648855,29.480916030534353,0.0
14.070000648498535,-15.914258435058592,1.7621324218749999,3.4668040039062498,82.76335877862596,-117.58778625954199,27.862595419847327,-7.862558251953125,-6.050147595214844,-3.651157531738281,10.732824427480915,21.541984732824428,21.34351145038168,0.0
14.080000400543213,-17.834408166503906,7.017405065917968,4.556165759277343,59.465648854961835,-111.29770992366412,34.10687022900763,-10.194510668945313,-6.210559106445312,-2.1116858642578125,18.38167938931298,34.0,8.13740458015267,0.0
14.09000039100647,-16.63251893310547,7.714117749023437,4.924872814941406,18.793893129770993,-118.91603053435115,41.725190839694655,-10.500968481445312,-4.005499377441406,-3.414131567382812,43.6793893129771,41.43511450381679,5.404580152671755,0.0
14.100000619888306,-13.156138122558593,4.903325,2.748543505859375,-19.34351145038168,-128.06106870229007,50.412213740458014,-11.468225952148437,-0.5602431884765625,-2.2290017456054687,36.2442748091603,49.06870229007634,8.122137404580153,0.0
14.110000610351562,-8.75320126953125,0.718260498046875,1.0079588989257813,-44.87022900763359,-132.06106870229007,48.82442748091603,-8.769960681152343,2.1212626708984375,-0.4740519287109375,32.6412213740458,48.62595419847328,-8.946564885496183,0.0
14.12000060081482,-5.7149593627929685,-1.867477294921875,-0.229843359375,-53.83206106870229,-124.07633587786259,42.19847328244275,-10.352527978515624,1.9991583862304687,1.7477672119140624,23.389312977099237,50.93129770992366,-4.564885496183206,0.0
14.130000591278076,-3.342305517578125,-3.342305517578125,-2.0661960327148434,-59.00763358778626,-116.58015267175573,32.229007633587784,-10.556035119628906,2.7174188842773437,1.908178723144531,18.0,39.00763358778626,-0.8396946564885496,0.0
14.140000820159912,-1.209071838378906,-3.076549133300781,-2.4851813232421875,-54.229007633587784,-100.65648854961832,25.404580152671755,-10.184933862304687,2.9544448486328125,2.221819140625,1.2366412213740459,34.18320610687023,4.580152671755725,0.0
14.150000810623169,-0.17956512451171874,-2.4660277099609376,-1.7717092285156248,-53.31297709923664,-83.48091603053435,18.03053435114504,-10.78348427734375,0.74699091796875,3.1675287963867187,-8.396946564885496,28.916030534351144,10.687022900763358,0.0
14.160000801086426,-0.2705447875976562,-1.3287819213867187,-1.3048399047851562,-54.961832061068705,-66.6412213740458,12.687022900763358,-12.102689392089843,-1.1947066284179686,4.084508032226562,-2.549618320610687,16.702290076335878,14.305343511450381,0.0
14.170000553131104,0.5626373901367188,-2.480392919921875,-0.9720458740234375,-41.74045801526717,-46.6412213740458,14.366412213740459,-10.955866796875,-0.7924807495117187,2.001552587890625,6.625954198473282,-1.0229007633587786,10.427480916030534,0.0
14.18000078201294,1.8626888916015625,-3.749319799804687,0.040701428222656245,-29.053435114503817,-29.633587786259543,13.893129770992367,-10.587159741210938,-0.12689268798828124,2.482787121582031,16.213740458015266,-2.900763358778626,10.748091603053435,0.0
14.190000534057617,1.889025109863281,-3.4524387939453125,2.2170307373046874,5.938931297709924,6.656488549618321,14.351145038167939,-8.05648858642578,0.5099649536132812,0.6009446166992187,13.86259541984733,-4.244274809160306,9.877862595419847,0.0
14.200000524520874,8.717288244628906,-11.827356201171874,-3.6655227416992187,42.48854961832061,14.458015267175572,15.48091603053435,-8.95670841064453,-1.7812860351562498,1.85790048828125,28.900763358778626,4.351145038167939,14.763358778625955,0.0
14.21000051498413,1.944091748046875,-6.6893994384765625,0.8164227661132812,100.38167938931298,71.22137404580153,5.648854961832061,-9.018957653808593,-1.6639701538085936,0.5363011718749999,49.74045801526717,-9.923664122137405,7.9541984732824424,0.0
14.220000505447388,5.078101721191406,-8.88009395751953,-0.24181436767578124,122.04580152671755,70.85496183206106,-8.091603053435115,-7.410054138183593,0.06943184814453125,1.2785036865234374,57.17557251908397,8.564885496183207,6.809160305343512,0.0
14.230000257492065,-2.5570073730468748,0.04548983154296875,3.8091748413085935,141.1908396946565,108.80916030534351,-25.419847328244273,-5.899312890625,1.8411410766601561,-0.9217676391601562,38.18320610687023,8.274809160305344,5.358778625954199,0.0
14.24000072479248,5.097255334472656,-7.079654309082031,1.0462661254882812,144.83969465648855,96.59541984732824,-19.00763358778626,-9.030928662109375,1.7788918334960937,-0.7972691528320313,30.946564885496183,19.51145038167939,8.931297709923664,0.0
14.250000476837158,-0.32082302246093747,-2.5761609863281247,2.454056701660156,197.3740458015267,138.94656488549617,-20.091603053435115,-8.353369592285155,1.8698714965820311,0.062249243164062495,18.595419847328245,29.6793893129771,10.030534351145038,0.0
14.260000705718994,-0.3687070556640625,-2.7964275390625,2.7437551025390623,209.1145038167939,134.42748091603053,-24.977099236641223,-5.935225915527344,6.481103894042969,-4.529829541015625,-9.938931297709924,26.702290076335878,-0.9618320610687023,0.0
14.270000457763672,-5.073313317871094,8.013392956542969,4.474762902832031,216.24427480916032,157.12977099236642,-25.251908396946565,-5.396530541992187,6.701370446777343,-1.1156979736328125,-82.65648854961832,64.82442748091603,10.748091603053435,0.0
14.280000686645508,-5.609614489746093,12.741941235351561,4.328716601562499,151.54198473282443,128.8091603053435,-27.923664122137403,-5.911283898925781,5.238513232421875,-4.055777612304687,-111.02290076335878,71.19083969465649,14.50381679389313,0.0
14.290000915527344,-7.733271362304687,14.841656091308593,5.518634826660156,100.27480916030534,115.3587786259542,-21.0381679389313,-7.8170684204101555,0.8212111694335937,-2.89219560546875,-129.49618320610688,82.68702290076335,25.786259541984734,0.0
14.300000667572021,-7.805097412109374,15.478513732910155,7.711723547363281,27.984732824427482,83.09923664122137,-19.49618320610687,-10.886434948730468,-2.8850130004882812,-4.347870214843749,-128.4885496183206,80.77862595419847,28.717557251908396,0.0
14.3100004196167,-10.539275708007812,13.905523242187499,9.710881933593749,-35.80152671755725,51.603053435114504,-16.85496183206107,-13.345280053710937,-8.276755139160155,1.350329736328125,-61.51145038167939,72.59541984732824,26.198473282442748,0.0
14.320000648498535,-13.350068457031249,10.374075793457031,15.119383483886718,-39.43511450381679,25.16030534351145,-1.5114503816793894,-13.970166687011718,-6.361393811035156,3.1555577880859373,-26.732824427480917,64.79389312977099,28.442748091603054,0.0
14.330000638961792,-12.445060229492187,3.5027170288085934,15.648502050781248,-17.358778625954198,7.1603053435114505,20.80916030534351,-12.253524096679687,-3.699041564941406,2.607285607910156,-0.7175572519083969,51.29770992366412,21.419847328244273,0.0
14.340000629425049,-13.244723583984374,3.2154128295898436,14.638148950195312,6.595419847328245,6.732824427480916,33.61832061068702,-11.554417211914062,3.076549133300781,-0.1484405029296875,-3.0381679389312977,47.00763358778626,23.862595419847327,0.0
14.350000619888306,-14.528015673828124,2.4253262817382812,11.805808386230469,13.664122137404581,6.137404580152672,40.396946564885496,-11.307814440917968,2.6096798095703124,0.6631938598632812,-8.931297709923664,40.67175572519084,17.419847328244273,0.0
14.360000610351562,-14.156914416503906,6.215347509765625,8.259995727539062,7.465648854961832,9.236641221374045,41.7557251908397,-12.679691992187498,2.588131994628906,-0.00718260498046875,-21.206106870229007,31.69465648854962,23.587786259541986,0.0
14.37000060081482,-14.056357946777343,10.929530578613281,5.9208607055664055,-41.343511450381676,-0.366412213740458,35.9236641221374,-15.253458776855467,-0.29927520751953124,0.45968671875,-17.083969465648856,23.114503816793892,31.557251908396946,0.0
14.380000591278076,-10.587159741210938,10.098742602539062,4.637568615722656,-96.61068702290076,-4.564885496183206,25.00763358778626,-14.381969372558594,1.3048399047851562,0.17477672119140625,-29.755725190839694,5.343511450381679,30.0,0.0
14.390000581741333,-4.778826513671874,-1.197100830078125,3.4644098022460934,-129.81679389312978,-15.801526717557252,19.34351145038168,-14.554351892089842,0.1292868896484375,-0.143652099609375,-26.015267175572518,0.6870229007633588,32.458015267175576,0.0
14.400000810623169,-8.525752111816406,9.093177905273437,4.235342736816406,-129.16030534351145,1.1603053435114503,3.66412213740458,-10.896011755371093,3.4332851806640625,-3.23696064453125,-36.56488549618321,-5.770992366412214,24.625954198473284,0.0
14.410000562667847,-4.771643908691406,1.3192051147460937,1.2401964599609374,-174.25954198473283,-24.106870229007633,2.2900763358778624,-12.859257116699219,2.70065947265625,-1.7238251953125,-30.610687022900763,2.045801526717557,28.061068702290076,0.0
14.420000553131104,-9.0788126953125,6.756437084960937,8.250418920898436,-158.87022900763358,-8.442748091603054,-0.6564885496183206,-14.628572143554686,2.5258827514648434,-1.3646949462890625,-27.862595419847327,3.7557251908396947,25.572519083969464,0.0
14.43000054359436,-9.581595043945311,-2.839523168945312,7.6470801025390625,-184.10687022900763,-34.19847328244275,1.1145038167938932,-13.378798876953125,4.73094248046875,-1.0079588989257813,-45.02290076335878,9.16030534351145,22.732824427480917,0.0
14.440000772476196,-13.876792822265624,-1.7429788085937499,7.005434057617187,-147.40458015267177,-12.198473282442748,2.381679389312977,-12.58392392578125,4.630386010742187,-1.8555062866210936,-54.36641221374046,7.862595419847328,27.053435114503817,0.0
14.450000524520874,-10.16338604736328,-6.512228515625,1.1444283935546875,-136.06106870229007,-15.389312977099237,0.5648854961832062,-14.348450549316405,2.7054478759765623,0.833182177734375,-47.06870229007634,10.458015267175572,32.76335877862596,0.0
14.46000051498413,-9.287108239746093,-4.726154077148437,1.0989385620117187,-78.09160305343511,15.267175572519085,-4.580152671755725,-6.059724401855468,10.172962854003906,-5.815515832519531,-84.33587786259542,1.1297709923664123,27.022900763358777,0.0
14.470000505447388,-8.55448253173828,-4.800374328613281,2.3487118286132813,-38.152671755725194,39.74045801526717,-5.786259541984733,-13.223175769042967,3.450044592285156,-0.23223756103515625,-112.6412213740458,35.11450381679389,40.534351145038165,0.0
14.480000495910645,-13.814543579101562,4.637568615722656,5.293579870605469,-17.480916030534353,59.6793893129771,-18.16793893129771,-10.12507882080078,3.976768957519531,-3.2249896362304686,-114.4885496183206,36.656488549618324,41.541984732824424,0.0
14.490000247955322,-12.516886279296875,3.641580725097656,2.0183119995117185,-28.778625954198475,53.20610687022901,-12.564885496183207,-17.01559119873047,-4.283226770019531,4.07971962890625,-103.48091603053435,47.786259541984734,45.969465648854964,0.0
14.500000476837158,-13.555969799804688,4.575319372558593,2.602497204589844,-26.671755725190838,66.3206106870229,-13.526717557251908,-11.085153686523437,1.0295067138671874,-2.7365724975585937,-86.7175572519084,25.893129770992367,34.67175572519084,0.0
14.510000467300415,-11.145008728027342,0.4285620971679687,-0.2561795776367187,-34.54961832061068,58.778625954198475,-7.358778625954199,-15.868768603515624,-4.857835168457031,4.73094248046875,-68.21374045801527,24.885496183206108,30.68702290076336,0.0
14.520000696182251,-9.5384994140625,-1.678335363769531,-0.7517793212890624,-17.129770992366414,70.18320610687023,-8.259541984732824,-9.184157568359375,1.0510545288085937,-2.157175695800781,-63.29770992366412,3.6793893129770994,15.83206106870229,0.0
14.530000925064087,-14.769830041503905,2.6527754394531247,2.1595698974609374,-4.305343511450381,90.90076335877863,-19.72519083969466,-14.314931726074217,-7.031770275878906,6.2201359130859375,-49.11450381679389,8.732824427480915,12.106870229007633,0.0
14.540000438690186,-9.885658654785155,0.10773907470703124,0.21308394775390624,11.251908396946565,91.2824427480916,-14.320610687022901,-4.7884033203125,2.3726538452148436,-5.391742138671875,-41.16030534351145,-21.801526717557252,4.183206106870229,0.0
14.550000667572021,-9.821015209960937,2.059013427734375,0.6943184814453125,14.13740458015267,99.77099236641222,-15.725190839694656,-8.291120349121094,0.3854664672851562,-1.5514426757812498,-77.69465648854961,1.4809160305343512,-10.961832061068701,0.0
14.560000658035278,-8.8872765625,0.143652099609375,0.9935936889648437,17.34351145038168,107.3587786259542,-18.091603053435115,-5.410895751953125,1.898601916503906,-3.9887399658203124,-67.77099236641222,-3.8625954198473282,-17.16030534351145,0.0
14.570000648498535,-10.946289990234375,0.373495458984375,1.5466542724609373,18.748091603053435,112.10687022900764,-23.480916030534353,-11.398794104003905,-3.0621839233398433,2.0829554443359375,-40.74809160305343,9.419847328244275,-13.84732824427481,0.0
14.580000638961792,-9.471461767578125,-1.1611878051757811,2.4013842651367185,26.35114503816794,116.21374045801527,-26.259541984732824,-7.438784558105469,2.693476867675781,-0.9337386474609375,-37.06870229007634,-2.8091603053435112,-26.732824427480917,0.0
14.590000629425049,-9.622296472167967,-2.3415292236328122,2.767697119140625,26.12213740458015,112.70229007633588,-30.793893129770993,-9.184157568359375,-2.059013427734375,1.7453730102539062,-14.320610687022901,7.694656488549619,-24.458015267175572,0.0
14.600000381469727,-10.120290417480469,-2.8419173706054686,3.4332851806640625,36.47328244274809,112.16793893129771,-38.76335877862596,-9.17458076171875,1.9129671264648436,-1.3287819213867187,33.98473282442748,-9.435114503816793,-29.755725190839694,0.0
14.610000610351562,-10.096348400878906,-0.1149216796875,3.77326181640625,38.916030534351144,107.61832061068702,-45.98473282442748,-6.885723974609375,5.846640454101562,-4.189852905273438,24.48854961832061,-5.358778625954199,-30.213740458015266,0.0
14.62000060081482,-9.591171850585937,1.1755530151367186,3.67749375,30.106870229007633,102.01526717557252,-47.725190839694655,-7.594407666015624,7.4411787597656245,-3.7205893798828122,19.31297709923664,1.8015267175572518,-22.732824427480917,0.0
14.630000591278076,-8.781931689453124,1.8267758666992187,3.380612744140625,23.61832061068702,98.0,-48.3206106870229,-7.975085729980468,6.402095239257812,-3.2441432495117186,16.396946564885496,7.0534351145038165,-14.992366412213741,0.0
14.640000343322754,-10.103531005859374,3.5913024902343746,3.3255461059570313,14.641221374045802,94.85496183206106,-49.45038167938932,-8.298302954101562,5.305550878906249,-2.729389892578125,23.786259541984734,9.679389312977099,-7.7251908396946565,0.0
14.65000033378601,-9.085995300292968,2.7054478759765623,2.916137622070312,3.312977099236641,90.09160305343511,-45.80152671755725,-8.264784130859374,4.086902233886718,-2.4899697265625,25.251908396946565,11.068702290076336,-3.66412213740458,0.0
14.660000562667847,-8.05648858642578,1.3527239379882812,2.741360900878906,11.022900763358779,93.61832061068702,-43.25190839694657,-7.912836486816405,3.4739866088867184,-2.3032219970703123,27.328244274809162,9.587786259541986,-1.6641221374045803,0.0
14.670000553131104,-8.054094384765625,1.1947066284179686,3.3159692993164063,16.229007633587788,94.18320610687023,-44.42748091603053,-7.0461354858398435,2.626439221191406,-1.3934253662109375,24.564885496183205,8.961832061068701,-1.2366412213740459,0.0
14.68000078201294,-8.990227233886719,3.6583401367187496,3.782838623046875,15.068702290076336,93.40458015267176,-45.12977099236641,-7.6279264892578125,0.19871873779296872,-0.4213794921875,32.44274809160305,9.648854961832061,0.8091603053435115,0.0
14.690000295639038,-8.238447912597655,3.2728736694335936,3.3327287109375,6.885496183206107,85.3587786259542,-40.68702290076336,-7.745242370605468,0.679953271484375,-1.2737152832031249,42.045801526717554,0.32061068702290074,-3.7251908396946565,0.0
14.700000286102295,-8.307879760742187,3.957615344238281,3.9815573608398434,4.061068702290076,85.17557251908397,-36.732824427480914,-7.754819177246094,-1.3575123413085937,1.9800047729492187,43.770992366412216,-0.4122137404580153,-8.030534351145038,0.0
14.71000075340271,-8.832209924316405,3.306392492675781,4.108450048828125,-3.786259541984733,80.3206106870229,-34.091603053435115,-8.489839086914062,0.16280571289062498,0.1771709228515625,59.12977099236641,-13.511450381679388,-13.938931297709924,0.0
14.720000505447388,-8.106766821289062,2.2601263671875,4.0988732421875,-3.2519083969465647,76.3206106870229,-31.61832061068702,-9.655815295410155,0.6679822631835937,1.7166425903320313,60.778625954198475,-11.786259541984732,-15.618320610687023,0.0
14.730000495910645,-9.64623848876953,1.93451494140625,4.144363073730468,-7.908396946564886,73.87786259541984,-31.557251908396946,-8.14028564453125,1.6136919189453125,1.4532804077148436,60.2442748091603,-22.564885496183205,-18.580152671755727,0.0
14.740000247955322,-10.335768566894531,1.7788918334960937,3.660734338378906,-9.389312977099237,68.21374045801527,-30.549618320610687,-15.069105249023437,-6.265625744628906,8.224082702636718,93.06870229007633,-30.213740458015266,-19.251908396946565,0.0
14.750000238418579,-10.654197387695312,1.9680337646484374,3.3638533325195312,-16.091603053435115,59.908396946564885,-30.229007633587788,-10.259154113769531,0.9241618408203125,2.346317626953125,110.42748091603053,-64.99236641221374,-18.366412213740457,0.0
14.760000705718994,-9.390058911132812,2.1787235107421874,2.887407202148437,-17.389312977099237,57.725190839694655,-24.427480916030536,-8.243236315917969,7.194575988769531,-0.9552864624023437,76.73282442748092,-71.17557251908397,-33.00763358778626,0.0
14.770000457763672,-10.421959826660157,3.373430139160156,3.5529952636718747,-29.083969465648856,56.778625954198475,-23.893129770992367,-11.935095275878906,0.8475473876953125,4.060566015625,46.36641221374046,-53.23664122137404,-25.52671755725191,0.0
14.780000686645508,-10.357316381835936,2.693476867675781,3.6080619018554687,-40.99236641221374,51.05343511450382,-22.18320610687023,-7.977479931640625,5.027823486328125,0.928950244140625,33.3587786259542,-69.81679389312977,-35.89312977099237,0.0
14.790000677108765,-9.83777462158203,2.7748797241210936,3.708618371582031,-50.412213740458014,45.37404580152672,-18.366412213740457,-8.951920007324219,4.613626599121093,0.17477672119140625,8.534351145038167,-69.02290076335878,-36.778625954198475,0.0
14.800000667572021,-10.43153663330078,2.8467057739257813,4.168305090332031,-58.88549618320611,40.94656488549618,-16.793893129770993,-13.333309045410155,-4.146757275390625,6.114791040039062,-2.931297709923664,-53.49618320610687,-33.25190839694657,0.0
14.8100004196167,-9.789890588378906,0.16041151123046873,3.6535517333984373,-56.48854961832061,33.603053435114504,-15.511450381679388,-9.868899243164062,-3.1172505615234374,1.7788918334960937,42.18320610687023,-93.55725190839695,-39.87786259541985,0.0
14.820000648498535,-10.242394702148436,0.7206546997070312,3.5817256835937497,-43.847328244274806,33.05343511450382,-14.900763358778626,-13.7906015625,-5.049371301269531,3.9432501342773434,39.48091603053435,-81.34351145038168,-48.091603053435115,0.0
14.830000638961792,-10.105925207519531,0.86191259765625,3.057395520019531,-41.221374045801525,31.6793893129771,-14.01526717557252,-10.364498986816406,-0.6727706665039062,0.9864110839843749,39.86259541984733,-91.23664122137404,-52.79389312977099,0.0
14.840000629425049,-10.788272680664061,2.3319524169921872,3.399766357421875,-44.42748091603053,29.69465648854962,-11.893129770992367,-10.970232006835937,-0.8906430175781249,2.7940333374023436,38.79389312977099,-86.0,-49.969465648854964,0.0
14.850000619888306,-9.809044201660155,1.3718775512695311,3.220201232910156,-43.81679389312977,28.427480916030536,-7.022900763358779,-6.600813977050781,3.3399113159179685,-1.5059528442382812,42.94656488549618,-98.27480916030534,-56.732824427480914,0.0
14.860000848770142,-10.759542260742187,1.7166425903320313,2.5426421630859375,-44.13740458015267,27.297709923664122,-2.9770992366412212,-8.329427575683594,4.410119458007812,-3.5577836669921874,32.2442748091603,-85.31297709923665,-52.87022900763359,0.0
14.87000036239624,-11.489773767089844,2.4349030883789062,3.0621839233398433,-48.70229007633588,24.580152671755727,1.1755725190839694,-11.336544860839844,-0.45489831542968745,0.08858546142578125,20.16793893129771,-56.61068702290076,-41.57251908396947,0.0
14.880000591278076,-10.81460889892578,0.6440402465820312,3.248931652832031,-49.45038167938932,20.549618320610687,4.458015267175573,-10.32379755859375,-0.7805097412109374,1.3862427612304686,41.847328244274806,-63.80152671755725,-39.908396946564885,0.0
14.890000343322754,-11.164162341308593,-0.7876923461914062,1.8243816650390623,-36.94656488549618,17.755725190839694,5.679389312977099,-8.36294639892578,-0.04548983154296875,0.8667010009765624,48.25954198473283,-58.13740458015267,-38.42748091603053,0.0
14.900000810623169,-10.97502041015625,-1.3479355346679687,2.607285607910156,-31.541984732824428,16.442748091603054,3.3740458015267176,-9.81862100830078,0.15322890625,1.7932570434570312,59.31297709923664,-60.06106870229008,-33.45038167938932,0.0
14.910000562667847,-11.075576879882812,-1.599326708984375,3.1962592163085937,-22.015267175572518,14.381679389312977,0.5190839694656488,-7.168239770507812,2.252943762207031,0.7110778930664062,57.954198473282446,-55.7557251908397,-31.129770992366414,0.0
14.920000791549683,-11.571176623535155,-1.7166425903320313,3.6200329101562496,-14.16793893129771,11.84732824427481,-1.7404580152671756,-11.853692419433592,-1.924938134765625,3.2704794677734372,70.76335877862596,-53.267175572519086,-22.27480916030534,0.0
14.930000305175781,-10.960655200195312,-2.1116858642578125,3.907337109375,-2.351145038167939,8.045801526717558,-4.259541984732825,-6.500257507324219,1.3311761230468748,0.9911994873046874,82.93129770992367,-60.68702290076336,-27.740458015267176,0.0
14.940000534057617,-10.414777221679687,-1.2737152832031249,4.170699291992188,15.572519083969466,9.49618320610687,-6.244274809160306,-8.810662109374999,1.2856862915039062,0.4477157104492187,83.06870229007633,-55.64885496183206,-24.580152671755727,0.0
14.950000524520874,-9.145850341796875,-0.6440402465820312,3.859453076171875,21.16030534351145,4.732824427480916,-8.977099236641221,-6.1459156616210935,3.797203833007812,-0.584185205078125,67.8473282442748,-44.51908396946565,-25.389312977099237,0.0
14.960000276565552,-8.453926062011718,-0.1197100830078125,3.5242648437499997,23.84732824427481,2.3053435114503817,-8.687022900763358,-7.445967163085937,2.499546533203125,-0.4477157104492187,49.14503816793893,-32.48854961832061,-19.404580152671755,0.0
14.970000505447388,-8.480262280273436,0.6344634399414062,3.9169139160156248,28.045801526717558,1.5877862595419847,-11.114503816793894,-7.766790185546874,2.35589443359375,0.15322890625,38.19847328244275,-22.549618320610687,-17.740458015267176,0.0
14.980000495910645,-8.683769421386717,-1.675941162109375,3.2130186279296873,38.18320610687023,1.7709923664122138,-11.740458015267176,-9.639055883789062,1.24498486328125,1.3024457031249999,33.89312977099237,-14.061068702290076,-15.755725190839694,0.0
14.990000486373901,-7.9272016967773435,-0.9409212524414062,4.122815258789062,55.786259541984734,8.122137404580153,-16.198473282442748,-7.539341027832031,2.3487118286132813,0.7278373046875,23.49618320610687,-9.16030534351145,-17.862595419847327,0.0
15.000000476837158,-9.797073193359374,2.0350714111328125,4.228160131835938,50.48854961832061,6.061068702290076,-21.984732824427482,-8.482656481933594,1.350329736328125,1.8148048583984373,14.50381679389313,-1.3282442748091603,-12.412213740458014,0.0
15.010000944137573,-9.87608184814453,1.5562310791015623,3.6463691284179687,44.717557251908396,-3.1603053435114505,-18.549618320610687,-7.211335400390625,1.5418658691406248,0.6009446166992187,21.31297709923664,-17.541984732824428,-13.572519083969466,0.0
15.020000696182251,-9.97184991455078,1.8315642700195311,4.843469958496094,44.44274809160305,-5.145038167938932,-15.572519083969466,-7.824251025390624,0.7110778930664062,1.3072341064453123,29.083969465648856,-22.47328244274809,-9.312977099236642,0.0
15.030000925064087,-12.042834350585936,3.67749375,6.9144543945312495,31.69465648854962,-10.870229007633588,-16.229007633587788,-6.679822631835937,0.8667010009765624,1.419761584472656,1.83206106870229,27.49618320610687,-7.145038167938932,0.0
15.040000677108765,-9.449913952636718,1.5849614990234373,6.440402465820312,28.977099236641223,-31.938931297709924,-9.49618320610687,-6.203376501464843,-3.009511486816406,-7.615955480957031,22.061068702290076,-4.900763358778626,-8.870229007633588,0.0
15.0500009059906,-12.327744348144531,2.2074539306640624,10.13226142578125,34.76335877862596,-33.11450381679389,-9.664122137404581,-5.973533142089844,0.2825157958984375,-0.7350199096679687,18.27480916030534,9.86259541984733,-5.175572519083969,0.0
15.060000658035278,-12.82573829345703,2.35589443359375,11.7603185546875,34.045801526717554,-52.54961832061068,-8.488549618320612,-5.348646508789062,0.6775590698242188,-0.8954314208984374,22.412213740458014,9.511450381679388,-1.984732824427481,0.0
15.070000410079956,-12.349292163085936,0.5051765502929687,11.81059678955078,41.52671755725191,-75.0381679389313,-0.6259541984732825,-4.467580297851562,2.185906115722656,-2.8323405639648436,24.458015267175572,12.534351145038167,1.6793893129770991,0.0
15.080000400543213,-12.140996618652343,-0.296881005859375,13.275848205566405,64.35114503816794,-89.80152671755725,4.366412213740458,-4.671087438964843,4.448426684570312,-4.477157104492187,24.53435114503817,20.30534351145038,5.0534351145038165,0.0
15.09000039100647,-14.365209960937499,1.908178723144531,12.856862915039061,56.16793893129771,-116.1526717557252,2.3969465648854964,-7.764395983886718,4.912901806640625,-3.6200329101562496,20.900763358778626,29.00763358778626,10.13740458015267,0.0
15.100000381469727,-14.788983654785156,1.1133037719726562,12.358868969726561,41.465648854961835,-147.72519083969465,10.213740458015268,-9.227253198242186,5.137956762695312,-1.4724340209960938,7.038167938931298,36.25954198473283,14.213740458015268,0.0
15.110000610351562,-14.30774912109375,-0.4860229370117187,13.192051147460937,53.3587786259542,-173.08396946564886,21.221374045801525,-9.854534033203125,4.57771357421875,-0.3711012573242187,-12.381679389312977,36.51908396946565,14.01526717557252,0.0
15.12000036239624,-15.732299108886718,0.9361328491210937,13.481749548339844,77.6030534351145,-193.09923664122138,31.81679389312977,-12.172121240234373,3.0119056884765625,1.5825672973632812,-32.458015267175576,46.916030534351144,14.854961832061068,0.0
15.130000591278076,-14.137760803222655,0.9983820922851562,6.730100866699218,83.22137404580153,-211.22137404580153,42.88549618320611,-16.469713220214842,0.1292868896484375,2.6384102294921874,-27.49618320610687,39.908396946564885,15.740458015267176,0.0
15.140000820159912,-12.959813586425781,-1.3646949462890625,0.4165910888671875,67.1145038167939,-215.98473282442748,46.61068702290076,-13.936647863769531,2.1308394775390624,1.85790048828125,-14.198473282442748,34.412213740458014,9.099236641221374,0.0
15.150000810623169,-12.54561669921875,-2.8610709838867185,-3.0645781249999997,57.725190839694655,-215.74045801526717,46.62595419847328,-13.110648291015623,1.889025109863281,1.5538368774414062,-9.358778625954198,31.49618320610687,15.068702290076336,0.0
15.160000562667847,-11.872846032714843,-5.183446594238281,-4.467580297851562,54.595419847328245,-207.12977099236642,46.0763358778626,-12.964601989746093,0.2609679809570312,0.6967126831054687,3.2519083969465647,18.27480916030534,21.0381679389313,0.0
15.170000314712524,-11.508927380371093,-6.758831286621094,-4.247313745117188,54.534351145038165,-193.96946564885496,38.36641221374046,-8.480262280273436,0.3280056274414062,-2.039859814453125,6.0,10.320610687022901,18.50381679389313,0.0
15.18000078201294,-11.073182678222656,-5.183446594238281,-3.5793314819335937,45.29770992366412,-180.33587786259542,24.732824427480917,-8.396465222167969,-0.09816226806640624,-3.4356793823242184,1.9541984732824427,14.213740458015268,18.213740458015266,0.0
15.190000534057617,-12.220005273437499,-2.3367408203125,-0.4572925170898437,29.49618320610687,-172.90076335877862,7.572519083969466,-6.849810949707031,0.41419688720703124,-4.177881896972656,-8.351145038167939,22.290076335877863,16.778625954198475,0.0
15.200000286102295,-12.880804931640624,-0.5051765502929687,4.139574670410156,36.19847328244275,-161.81679389312978,2.6717557251908395,-7.268796240234375,0.6200982299804687,-4.891353991699218,-16.732824427480917,33.98473282442748,18.900763358778626,0.0
15.21000051498413,-14.092270971679687,0.737414111328125,5.568913061523437,61.11450381679389,-148.3969465648855,15.068702290076336,-9.028534460449219,-1.2880804931640624,-2.3343466186523436,-16.0,50.717557251908396,23.72519083969466,0.0
15.220000505447388,-14.911087939453123,3.555389465332031,5.015852478027344,64.45801526717557,-142.0763358778626,23.099236641221374,-11.295843432617186,-1.9943699829101562,-0.7134720947265625,-0.22900763358778625,50.0,21.19083969465649,0.0
15.230000495910645,-11.5304751953125,1.3742717529296875,2.288856787109375,59.12977099236641,-142.9770992366412,33.05343511450382,-10.864887133789061,-2.9544448486328125,0.6512228515624999,16.595419847328245,50.732824427480914,17.96946564885496,0.0
15.240000486373901,-13.754688537597655,5.193023400878906,2.5857377929687497,28.03053435114504,-141.86259541984734,30.793893129770993,-11.432312927246093,-1.4867992309570313,2.1308394775390624,27.0381679389313,44.87022900763359,15.16030534351145,0.0
15.250000476837158,-13.508085766601562,5.889736083984375,1.8842367065429686,-3.7099236641221376,-145.81679389312978,38.274809160305345,-11.731588134765625,-0.6296750366210937,1.936909143066406,22.83969465648855,41.06870229007634,14.65648854961832,0.0
15.260000705718994,-11.0707884765625,4.88417138671875,0.7230489013671875,-35.847328244274806,-149.80152671755727,46.61068702290076,-10.034099157714843,0.8858546142578124,0.8403647827148437,15.053435114503817,33.221374045801525,12.335877862595419,0.0
15.27000093460083,-8.221688500976562,1.8171990600585937,-0.6081272216796875,-52.961832061068705,-144.76335877862596,51.587786259541986,-11.061211669921875,0.4070142822265625,1.4437036010742186,13.572519083969466,31.862595419847327,12.458015267175572,0.0
15.280000448226929,-5.147533569335937,-0.277727392578125,-1.668758557128906,-59.3587786259542,-139.58778625954199,50.2442748091603,-9.150638745117186,1.599326708984375,0.8643067993164062,3.9083969465648853,28.80916030534351,9.450381679389313,0.0
15.290000677108765,-2.767697119140625,-2.906560815429687,-2.7150246826171873,-53.69465648854962,-124.99236641221374,47.81679389312977,-11.832144604492187,-0.82360537109375,1.3934253662109375,2.519083969465649,27.00763358778626,11.48091603053435,0.0
15.300000667572021,-1.3048399047851562,-3.373430139160156,-2.7844565307617186,-37.6793893129771,-104.09160305343511,41.05343511450382,-9.210493786621093,-0.8882488159179687,0.9888052856445312,1.3129770992366412,21.480916030534353,7.450381679389313,0.0
15.310000658035278,-1.7932570434570312,-5.652710119628906,-2.3535002319335936,-10.946564885496183,-79.78625954198473,36.045801526717554,-12.366051574707031,-4.465186096191406,2.0757728393554684,20.16793893129771,13.145038167938932,7.938931297709924,0.0
15.320000886917114,2.7150246826171873,-6.495469104003906,-0.5817910034179687,62.19847328244275,-19.404580152671755,40.229007633587784,-9.574412438964844,-3.5889082885742187,0.7805097412109374,35.80152671755725,-1.4961832061068703,-0.9465648854961832,0.0
15.330000400543213,3.296815686035156,-5.097255334472656,-2.492363928222656,77.80152671755725,-5.969465648854962,21.52671755725191,-8.789114294433594,-1.8148048583984373,1.8363526733398436,57.25190839694657,-5.038167938931298,-5.847328244274809,0.0
15.34000039100647,-1.1707646118164061,1.8435352783203125,2.133233679199219,81.86259541984732,33.908396946564885,14.412213740458014,-7.015010864257812,0.7038952880859375,-0.70868369140625,33.29770992366412,-6.564885496183206,-5.358778625954199,0.0
15.350000381469727,3.1579519897460937,-1.0462661254882812,0.3447650390625,61.11450381679389,29.14503816793893,16.229007633587788,-6.8976949829101555,1.68551796875,0.8762778076171874,18.045801526717558,10.122137404580153,1.2366412213740459,0.0
15.360000848770142,-0.8092401611328125,1.4796166259765624,2.3822306518554686,76.7175572519084,70.91603053435115,17.923664122137403,-9.188945971679686,0.30885201416015623,-0.5386953735351562,13.282442748091603,6.229007633587786,4.183206106870229,0.0
15.37000060081482,8.078036401367187,-10.733206042480468,-1.47482822265625,97.7557251908397,71.66412213740458,25.358778625954198,-6.828263134765624,3.1603461914062496,-1.4867992309570313,6.229007633587786,7.450381679389313,-3.099236641221374,0.0
15.380000352859497,2.2170307373046874,-5.382165332031249,2.29843359375,159.54198473282443,127.43511450381679,19.541984732824428,-7.999027746582031,1.7621324218749999,-1.0773907470703123,-22.564885496183205,24.519083969465647,-0.22900763358778625,0.0
15.390000581741333,2.418143676757812,-5.820304235839844,1.7549498168945312,171.81679389312978,125.77099236641222,2.4885496183206106,-6.777984899902344,4.469974499511719,-2.530671154785156,-43.603053435114504,29.17557251908397,-2.6717557251908395,0.0
15.400000810623169,-4.560954162597656,4.129997863769531,4.388571643066406,191.9236641221374,152.6259541984733,-6.0,-5.4707507934570305,5.805939025878906,-1.3670891479492187,-96.80916030534351,47.587786259541986,4.458015267175573,0.0
15.410000562667847,-5.863399865722656,9.947907897949218,3.7421371948242186,138.5648854961832,125.12977099236642,-9.648854961832061,-8.726865051269531,4.3813890380859375,-3.9312791259765625,-119.8473282442748,59.3587786259542,10.274809160305344,0.0
15.420000791549683,-9.481038574218749,14.180856433105468,4.254496350097656,75.0381679389313,114.3969465648855,-8.83969465648855,-11.985373510742187,1.1013327636718748,1.0486603271484374,-137.81679389312978,77.1145038167939,23.755725190839694,0.0
15.43000054359436,-8.82981572265625,15.73708751220703,6.440402465820312,-7.603053435114504,84.13740458015268,-10.045801526717558,-11.403582507324218,0.41898529052734373,0.7517793212890624,-137.26717557251908,70.18320610687023,22.870229007633586,0.0
15.440000534057617,-8.63109698486328,11.71482872314453,7.999027746582031,-87.90839694656489,46.44274809160305,-10.091603053435115,-12.509703674316405,-2.73896669921875,-0.15322890625,-117.38931297709924,63.267175572519086,29.083969465648856,0.0
15.450000524520874,-10.467449658203124,4.522646936035156,11.44667813720703,-95.43511450381679,21.435114503816795,-1.5725190839694656,-14.11621298828125,-6.495469104003906,2.8012159423828122,-71.40458015267176,53.343511450381676,20.595419847328245,0.0
15.46000051498413,-9.897629663085937,0.38786066894531246,14.281412902832031,-40.961832061068705,11.755725190839694,15.969465648854962,-13.318943835449218,-3.4069489624023435,2.770091320800781,-48.80916030534351,41.954198473282446,22.9618320610687,0.0
15.470000505447388,-11.17852755126953,2.300827795410156,14.566322900390624,-20.50381679389313,9.893129770992367,23.709923664122137,-13.474566943359374,-2.3630770385742186,2.001552587890625,-30.0,35.93893129770992,23.17557251908397,0.0
15.480000734329224,-11.621454858398437,2.480392919921875,11.03248125,-11.83206106870229,5.419847328244275,27.51145038167939,-14.178462231445312,-1.3934253662109375,3.3590649291992185,-6.229007633587786,25.61832061068702,17.87786259541985,0.0
15.490000486373901,-15.251064575195311,7.7596075805664055,10.656591589355468,-11.98473282442748,8.931297709923664,31.64885496183206,-12.818555688476561,3.881000891113281,0.43574470214843747,-15.022900763358779,6.564885496183206,15.435114503816793,0.0
15.500000238418579,-14.080299963378906,5.104437939453125,6.794744311523437,-44.3206106870229,-2.6564885496183206,36.274809160305345,-14.958971972656249,3.0502129150390624,0.9002198242187499,-26.0,4.244274809160306,27.480916030534353,0.0
15.510000944137573,-17.427393884277343,14.417882397460936,2.499546533203125,-93.40458015267176,7.404580152671755,22.15267175572519,-15.883133813476562,1.6208745239257811,1.2497732666015624,-33.282442748091604,-1.251908396946565,34.412213740458014,0.0
15.520000696182251,-7.453149768066406,3.1124621582031247,-1.8195932617187498,-179.14503816793894,-24.916030534351144,15.129770992366412,-15.770606335449218,-0.5817910034179687,1.3958195678710936,-27.358778625954198,-6.687022900763359,40.2442748091603,0.0
15.530000925064087,-16.318878515625,7.769184387207031,1.687912170410156,-171.08396946564886,4.122137404580153,9.099236641221374,-13.20881055908203,0.948103857421875,-1.4532804077148436,-30.38167938931298,-15.587786259541986,35.343511450381676,0.0
15.540000677108765,-7.953537915039062,-4.6830584472656245,6.849810949707031,-200.06106870229007,-25.587786259541986,13.297709923664122,-15.574281799316406,-0.277727392578125,0.2442085693359375,-14.396946564885496,-8.091603053435115,37.16030534351145,0.0
15.550000667572021,-9.574412438964844,-4.917690209960937,8.619125976562499,-140.99236641221373,-2.8702290076335877,11.099236641221374,-14.125789794921873,0.4070142822265625,-0.15322890625,-5.358778625954199,-10.885496183206106,30.38167938931298,0.0
15.560000658035278,-6.442796667480469,-6.469132885742187,2.674323254394531,-112.47328244274809,-3.145038167938931,6.198473282442748,-12.66053837890625,2.9855694702148434,-1.3383587280273437,-10.549618320610687,-9.221374045801527,27.374045801526716,0.0
15.570000648498535,-9.782707983398437,-2.3223756103515623,3.277662072753906,-77.96946564885496,27.267175572519083,-6.3816793893129775,-12.442666027832031,3.0166940917968748,-2.2074539306640624,-11.923664122137405,-8.702290076335878,30.412213740458014,0.0
15.580000400543213,-11.097124694824219,-3.0262708984374997,2.250549560546875,-78.06106870229007,21.022900763358777,-17.236641221374047,-12.428300817871094,2.269703173828125,-0.05746083984375,-17.0381679389313,0.9770992366412213,34.2442748091603,0.0
15.590000867843628,-9.294290844726563,-4.620809204101562,2.269703173828125,-43.89312977099237,48.51908396946565,-14.778625954198473,-8.82263311767578,4.527435339355469,-4.639962817382812,-34.06106870229008,-8.641221374045802,29.786259541984734,0.0
15.600000619888306,-9.883264453125,-1.3048399047851562,2.789244934082031,-18.198473282442748,66.38167938931298,-19.022900763358777,-11.511321582031249,1.484405029296875,0.16759411621093748,-46.68702290076336,17.374045801526716,34.732824427480914,0.0
15.610000610351562,-14.9781255859375,5.6024318847656245,4.900930798339844,-15.908396946564885,79.1145038167939,-25.16030534351145,-11.415553515625,1.5107412475585937,-0.09816226806640624,-30.595419847328245,6.183206106870229,33.05343511450382,0.0
15.62000060081482,-12.591106530761717,3.7517140014648436,2.0350714111328125,-33.55725190839695,64.82442748091603,-16.82442748091603,-12.69166300048828,0.21068974609375,2.023100402832031,-33.17557251908397,11.908396946564885,31.84732824427481,0.0
15.630000591278076,-9.380482104492186,0.45489831542968745,0.7445967163085937,-21.603053435114504,79.95419847328245,-9.526717557251908,-6.713341455078124,7.132326745605468,-7.082048510742187,-52.916030534351144,-8.961832061068701,19.984732824427482,0.0
15.640000820159912,-7.42441934814453,-0.229843359375,0.8475473876953125,-11.98473282442748,88.22900763358778,-12.0,-7.572859851074218,3.3542765258789062,-1.8267758666992187,-107.8473282442748,46.2442748091603,25.96946564885496,0.0
15.65000057220459,-10.73799444580078,2.250549560546875,0.21308394775390624,-20.16793893129771,83.2824427480916,-16.48854961832061,-8.693346228027343,2.674323254394531,-2.2361843505859373,-65.43511450381679,20.977099236641223,33.099236641221374,0.0
15.660000801086426,-8.815450512695312,0.4381389038085937,0.0430956298828125,-1.9083969465648856,93.1145038167939,-9.206106870229007,-10.907982763671875,-3.6846763549804686,1.6519991455078125,-69.43511450381679,47.74045801526717,36.030534351145036,0.0
15.670000314712524,-7.9272016967773435,-1.637633935546875,0.17956512451171874,12.427480916030534,98.0,-12.931297709923664,-6.366182214355469,2.370259643554687,-4.426878869628906,-22.259541984732824,9.587786259541986,28.80916030534351,0.0
15.68000078201294,-9.253589416503905,-0.6607996582031249,1.2808978881835937,27.84732824427481,105.87786259541984,-16.702290076335878,-9.004592443847656,-5.846640454101562,1.946485949707031,-24.671755725190838,36.0763358778626,19.46564885496183,0.0
15.690000295639038,-8.482656481933594,-1.2378022583007813,2.0374656127929685,42.717557251908396,107.58778625954199,-20.0,-9.528922607421874,5.480327600097656,-6.375759020996093,7.770992366412214,5.251908396946565,-4.0,0.0
15.700000524520874,-9.830592016601562,2.3511060302734372,3.763685009765625,45.31297709923664,108.79389312977099,-24.15267175572519,-7.920019091796875,-0.10295067138671875,-0.737414111328125,-62.16793893129771,57.74045801526717,-7.190839694656488,0.0
15.710000276565552,-8.204929089355469,-0.5506663818359374,4.460397692871093,39.465648854961835,99.57251908396947,-25.16030534351145,-8.291120349121094,-0.8283937744140625,0.7876923461914062,-7.541984732824427,30.015267175572518,-9.49618320610687,0.0
15.720000267028809,-9.133879333496093,-0.45010991210937495,4.043806604003906,46.13740458015267,94.21374045801527,-31.068702290076335,-5.844246252441406,3.0406361083984375,-3.2920272827148436,20.549618320610687,8.534351145038167,-15.86259541984733,0.0
15.730000495910645,-9.677363110351562,1.4341267944335936,4.7955859252929685,46.36641221374046,89.29770992366412,-37.48091603053435,-4.144363073730468,8.916006982421875,-6.294356164550781,-10.732824427480915,24.595419847328245,-20.442748091603054,0.0
15.740000486373901,-9.030928662109375,0.4955997436523437,4.395754248046875,36.412213740458014,77.02290076335878,-37.14503816793893,-9.938331091308592,-0.03591302490234375,0.105344873046875,6.549618320610687,44.274809160305345,-7.816793893129771,0.0
15.750000238418579,-8.93755479736328,1.0414777221679687,3.873818286132812,46.51908396946565,76.68702290076335,-41.3587786259542,-5.877765075683594,9.981426721191406,-5.250484240722656,24.045801526717558,20.946564885496183,-16.396946564885496,0.0
15.760000705718994,-10.16338604736328,2.817975354003906,3.0142998901367184,38.3206106870229,67.78625954198473,-40.534351145038165,-8.892064965820312,2.913743420410156,-0.6823474731445313,13.664122137404581,38.458015267175576,-6.061068702290076,0.0
15.77000093460083,-7.843404638671874,-0.9433154541015625,1.9943699829101562,51.25190839694657,72.27480916030534,-35.89312977099237,-9.466673364257812,3.0238766967773434,0.5626373901367188,57.37404580152672,22.244274809160306,-3.3282442748091605,0.0
15.780000448226929,-9.732429748535155,2.042254016113281,2.389413256835937,57.12977099236641,77.43511450381679,-43.282442748091604,-7.510610607910156,7.716511950683593,-2.829946362304687,52.16793893129771,13.465648854961833,-7.206106870229007,0.0
15.790000915527344,-10.287884533691406,4.3813890380859375,2.7269956909179687,43.61832061068702,75.0381679389313,-41.587786259541986,-8.90643017578125,4.912901806640625,-0.6344634399414062,41.02290076335878,12.641221374045802,-2.351145038167939,0.0
15.800000429153442,-7.819462622070312,3.7612908081054686,2.212242333984375,32.38167938931298,74.51908396946565,-36.38167938931298,-8.24802471923828,6.196193896484375,-1.43652099609375,30.916030534351144,5.526717557251908,-1.099236641221374,0.0
15.810000658035278,-10.51533369140625,6.004657763671875,3.095702746582031,21.251908396946565,79.69465648854961,-37.9236641221374,-10.575188732910156,5.372588525390625,-1.3575123413085937,21.603053435114504,3.2977099236641223,1.2366412213740459,0.0
15.820000410079956,-9.143456140136719,6.698976245117187,2.492363928222656,-4.9465648854961835,70.50381679389314,-32.61068702290076,-9.066841687011719,4.92247861328125,-1.0678139404296874,4.717557251908397,-1.6641221374045803,-1.3587786259541985,0.0
15.830000400543213,-7.8529814453124995,4.479551306152343,1.7262193969726563,-20.625954198473284,70.03053435114504,-26.47328244274809,-10.350133776855468,4.527435339355469,-1.3263877197265623,-3.145038167938931,-4.198473282442748,-2.519083969465649,0.0
15.840000629425049,-9.325415466308593,3.7804444213867185,2.085349645996094,-29.46564885496183,70.59541984732824,-27.46564885496183,-11.463437548828125,0.373495458984375,1.5442600708007812,2.4732824427480917,-2.3969465648854964,-1.8778625954198473,0.0
15.850000381469727,-9.083601098632812,2.5665841796874997,1.158793603515625,-35.55725190839695,66.76335877862596,-25.61832061068702,-10.759542260742187,-0.9193734375,2.7461493041992187,25.267175572519083,-11.145038167938932,-4.580152671755725,0.0
15.860000610351562,-9.0021982421875,1.68551796875,0.7398083129882812,-28.47328244274809,67.46564885496183,-25.557251908396946,-9.445125549316407,2.8898014038085935,-0.689530078125,41.81679389312977,-34.42748091603053,-14.351145038167939,0.0
15.87000060081482,-9.727641345214844,3.35188232421875,0.6823474731445313,-30.35114503816794,66.79389312977099,-25.923664122137403,-6.888118176269531,7.438784558105469,-1.5777788940429687,9.267175572519085,-32.656488549618324,-20.091603053435115,0.0
15.880000591278076,-12.445060229492187,4.110844250488281,2.3822306518554686,-47.14503816793893,64.13740458015268,-25.72519083969466,-12.459425439453124,-1.1707646118164061,4.034229797363281,-0.5954198473282443,-17.49618320610687,-7.969465648854962,0.0
15.890000343322754,-12.48097325439453,2.2553379638671873,1.9129671264648436,-62.79389312977099,48.83969465648855,-22.65648854961832,-10.93671318359375,-0.612915625,1.898601916503906,45.725190839694655,-50.13740458015267,-18.99236641221374,0.0
15.90000033378601,-10.601524951171875,0.7110778930664062,1.3407529296874998,-52.88549618320611,47.66412213740458,-17.96946564885496,-6.912060192871094,7.242460021972656,-2.2960393920898436,8.458015267175572,-51.587786259541986,-35.43511450381679,0.0
15.910000324249268,-11.204863769531249,0.28969840087890625,1.5346832641601562,-52.732824427480914,47.267175572519086,-17.83206106870229,-16.213533642578124,-5.487510205078125,7.326257080078125,12.045801526717558,-34.48854961832061,-28.671755725190838,0.0
15.920000791549683,-10.232817895507813,-1.8291700683593748,0.97683427734375,-42.51908396946565,45.267175572519086,-19.46564885496183,-9.117119921875,0.9935936889648437,0.4070142822265625,50.961832061068705,-74.94656488549619,-27.770992366412212,0.0
15.930000305175781,-10.08677159423828,-0.7350199096679687,1.0007762939453124,-33.038167938931295,46.36641221374046,-20.18320610687023,-8.406042028808594,5.3390697021484375,-1.8219874633789062,20.458015267175572,-71.49618320610686,-47.74045801526717,0.0
15.940000772476196,-10.893617553710937,1.0965443603515623,2.1260510742187497,-35.81679389312977,46.85496183206107,-21.755725190839694,-12.866439721679686,-0.6153098266601562,2.319981408691406,-4.0,-47.31297709923664,-40.6412213740458,0.0
15.950000524520874,-10.82179150390625,1.3646949462890625,2.693476867675781,-43.66412213740458,41.954198473282446,-21.862595419847327,-8.801085302734375,3.7229835815429686,-1.1659762084960936,11.450381679389313,-70.38167938931298,-47.52671755725191,0.0
15.96000051498413,-10.151415039062499,0.63206923828125,1.9225439331054686,-49.43511450381679,30.519083969465647,-16.045801526717558,-9.30147344970703,2.3223756103515623,-1.4724340209960938,-1.786259541984733,-62.88549618320611,-43.51145038167939,0.0
15.970000505447388,-11.303026037597656,1.4149731811523436,3.5098996337890624,-52.50381679389313,34.412213740458014,-16.80916030534351,-9.955090502929687,0.16759411621093748,-0.40462008056640625,-9.618320610687023,-51.083969465648856,-40.48854961832061,0.0
15.980000495910645,-10.182539660644531,-0.9840168823242187,2.770091320800781,-51.98473282442748,24.427480916030536,-13.877862595419847,-9.770736975097655,-1.6472107421875,-0.2920926025390625,18.931297709923665,-64.35114503816794,-41.05343511450382,0.0
15.990000486373901,-11.458649145507811,0.016759411621093748,2.9376854370117185,-39.14503816793893,30.702290076335878,-14.198473282442748,-9.868899243164062,-3.921702319335937,1.235408056640625,23.87786259541985,-53.69465648854962,-41.87786259541985,0.0
16.00000023841858,-10.292672937011718,-1.675941162109375,2.5163059448242184,-37.19083969465649,26.580152671755727,-13.206106870229007,-9.469067565917967,-0.49799394531249996,-1.9919757812499999,52.67175572519084,-74.44274809160305,-45.61832061068702,0.0
16.010000944137573,-9.050082275390624,-2.940079638671875,1.7669208251953124,-26.870229007633586,24.3206106870229,-11.389312977099237,-7.951143713378905,0.679953271484375,-1.5801730957031248,44.82442748091603,-62.717557251908396,-45.55725190839695,0.0
16.02000069618225,-9.988609326171874,-0.737414111328125,3.0071172851562498,-24.091603053435115,30.412213740458014,-15.145038167938932,-8.350975390624999,0.8283937744140625,0.1197100830078125,41.3587786259542,-57.49618320610687,-40.82442748091603,0.0
16.030000686645508,-11.267113012695312,-0.5315127685546874,3.3207577026367185,-28.198473282442748,25.114503816793892,-15.98473282442748,-11.360486877441405,-2.6719290527343746,2.817975354003906,66.73282442748092,-62.76335877862596,-31.435114503816795,0.0
16.040000915527344,-10.08677159423828,-1.6927005737304686,3.0214824951171875,-20.80916030534351,22.549618320610687,-15.389312977099237,-7.287949853515625,0.016759411621093748,1.4173673828125,78.70229007633588,-71.89312977099236,-38.61068702290076,0.0
16.05000066757202,-10.189722265624999,-1.5825672973632812,3.385401147460937,-14.885496183206106,22.732824427480917,-16.564885496183205,-11.118672509765624,-2.2744915771484373,2.6815058593749996,83.8473282442748,-70.83969465648855,-31.61832061068702,0.0
16.06000065803528,-10.496180078124999,-1.22583125,3.5817256835937497,-9.145038167938932,19.34351145038168,-19.389312977099237,-11.03248125,-3.440467785644531,3.1747114013671873,107.92366412213741,-85.92366412213741,-34.25954198473283,0.0
16.070000648498535,-10.606313354492187,-0.9648632690429687,3.584119885253906,0.8244274809160306,15.648854961832061,-20.900763358778626,-10.503362683105468,-2.0159177978515626,2.4349030883789062,111.3587786259542,-84.82442748091603,-37.38931297709924,0.0
16.080000638961792,-10.206481677246094,0.08140285644531249,4.1946413085937495,5.068702290076335,12.427480916030534,-21.908396946564885,-7.467514978027343,1.5586252807617187,0.5698199951171875,100.62595419847328,-84.59541984732824,-40.091603053435115,0.0
16.09000062942505,-11.690886706542969,3.907337109375,5.772420202636718,-6.687022900763359,6.427480916030534,-22.83969465648855,-6.598419775390624,4.062960217285156,-1.8291700683593748,71.95419847328245,-69.6793893129771,-37.29770992366412,0.0
16.100000381469727,-12.129025610351562,4.034229797363281,5.923254907226562,-19.34351145038168,-6.106870229007634,-16.38167938931298,-8.0828248046875,4.383783239746093,-1.936909143066406,52.58015267175573,-64.12213740458016,-30.9618320610687,0.0
16.110000371932983,-9.639055883789062,2.6575638427734374,5.121197351074218,-16.213740458015266,-17.251908396946565,-7.786259541984733,-5.054159704589844,4.146757275390625,-0.7278373046875,26.900763358778626,-38.94656488549618,-26.931297709923665,0.0
16.12000060081482,-10.050858569335936,1.4915876342773438,6.548141540527343,-14.16793893129771,-19.297709923664122,-4.198473282442748,-5.415684155273437,4.132392065429687,-0.9026140258789062,9.98473282442748,-31.022900763358777,-22.30534351145038,0.0
16.130000591278076,-7.874529260253905,-1.2306196533203124,5.430049365234375,6.198473282442748,-27.435114503816795,-0.0,-5.221753820800781,2.6982652709960937,0.15322890625,-4.564885496183206,-17.46564885496183,-17.66412213740458,0.0
16.140000820159912,-9.2320416015625,-0.0143652099609375,7.134720947265625,25.389312977099237,-23.435114503816795,-3.6946564885496183,-4.879382983398437,2.384624853515625,0.8403647827148437,-19.450381679389313,-3.83206106870229,-13.19083969465649,0.0
16.15000057220459,-10.398017810058594,0.7996633544921875,8.564059338378906,28.16793893129771,-34.87022900763359,-4.595419847328245,-8.923189587402343,-0.5889736083984375,2.616862414550781,-18.229007633587788,-6.3816793893129775,-7.526717557251908,0.0
16.160000562667847,-10.690110412597656,0.5626373901367188,9.497797985839844,40.99236641221374,-46.16793893129771,-1.297709923664122,-5.820304235839844,-0.6919242797851562,1.6543933471679686,-22.916030534351144,-6.030534351145038,-10.106870229007633,0.0
16.170000314712524,-10.070012182617187,0.3711012573242187,11.183315954589844,53.954198473282446,-57.267175572519086,3.099236641221374,-5.204994409179688,-1.0845733520507812,-2.2673089721679687,-18.900763358778626,-6.748091603053435,-6.5038167938931295,0.0
16.18000078201294,-12.504915270996094,1.675941162109375,14.140155004882812,67.69465648854961,-73.25190839694656,3.8625954198473282,-5.540182641601562,-0.7015010864257812,-5.798756420898437,-2.213740458015267,-0.8396946564885496,-2.1526717557251906,0.0
16.190000534057617,-14.135366601562499,3.3686417358398435,15.624560034179687,72.70229007633588,-104.74809160305344,9.068702290076336,-7.163451367187499,0.37828386230468747,-7.285555651855469,21.17557251908397,6.473282442748092,1.2671755725190839,0.0
16.200000524520874,-16.70673918457031,4.891353991699218,15.83285557861328,76.80916030534351,-132.19847328244273,18.03053435114504,-8.240842114257813,3.797203833007812,-6.1842228881835934,37.083969465648856,15.557251908396946,-2.122137404580153,0.0
16.21000027656555,-16.282965490722656,4.42448466796875,13.067552661132812,53.099236641221374,-170.85496183206106,24.99236641221374,-11.310208642578125,4.005499377441406,-1.5610194824218748,35.43511450381679,25.786259541984734,-2.1374045801526718,0.0
16.220000505447388,-16.42901179199219,1.7310078002929687,11.801019982910155,30.82442748091603,-201.75572519083968,25.66412213740458,-11.959037292480469,4.76924970703125,2.940079638671875,20.229007633587788,24.870229007633586,-0.5038167938931297,0.0
16.230000495910645,-12.90235274658203,-2.051830822753906,9.821015209960937,47.49618320610687,-223.06870229007635,37.954198473282446,-12.435483422851561,5.042188696289062,3.9647979492187497,-0.7480916030534351,22.9618320610687,2.33587786259542,0.0
16.240000247955322,-13.184868542480467,-1.9991583862304687,7.575254052734374,90.9618320610687,-219.12977099236642,53.61832061068702,-13.089100476074218,2.7533319091796873,3.0645781249999997,-7.526717557251908,25.49618320610687,8.274809160305344,0.0
16.250000476837158,-10.943895788574219,-5.011064074707031,1.22583125,89.63358778625954,-211.95419847328245,60.458015267175576,-12.492944262695312,3.0310593017578125,1.2378022583007813,9.419847328244275,13.572519083969466,10.045801526717558,0.0
16.260000705718994,-11.188104357910156,-5.528211633300781,-2.5378537597656248,87.77099236641222,-201.08396946564886,54.85496183206107,-10.383652600097655,4.678270043945313,0.7350199096679687,11.435114503816793,9.694656488549619,10.381679389312977,0.0
16.27000093460083,-9.588777648925781,-5.396530541992187,-5.461173986816406,84.36641221374046,-193.98473282442748,46.01526717557252,-8.379705810546875,4.084508032226562,-1.4173673828125,-3.2977099236641223,12.580152671755725,14.488549618320612,0.0
16.280000686645508,-10.711658227539061,-4.891353991699218,-3.5242648437499997,70.76335877862596,-175.46564885496184,34.30534351145038,-9.318232861328125,0.9217676391601562,-2.418143676757812,-25.603053435114504,19.893129770992367,20.9618320610687,0.0
16.290000915527344,-10.613495959472656,-5.389347937011719,-2.89219560546875,47.267175572519086,-163.55725190839695,23.19083969465649,-10.424354028320312,-1.0534487304687499,-2.868253588867187,-31.954198473282442,22.80916030534351,21.251908396946565,0.0
16.300000429153442,-11.518504187011718,-3.574543078613281,-0.08140285644531249,31.572519083969464,-149.61832061068702,6.152671755725191,-9.14824454345703,-0.6200982299804687,-3.5146880371093747,-34.3206106870229,27.6793893129771,15.511450381679388,0.0
16.31000065803528,-13.512874169921874,-0.18435352783203124,3.6200329101562496,27.46564885496183,-140.6259541984733,-2.366412213740458,-9.5384994140625,0.14604630126953125,-3.1028853515624997,-38.30534351145038,34.13740458015267,16.061068702290076,0.0
16.320000648498535,-14.633360546874998,3.0621839233398433,6.208164904785156,46.656488549618324,-129.89312977099237,5.404580152671755,-9.17458076171875,1.4820108276367188,-3.2130186279296873,-47.32824427480916,37.37404580152672,16.03053435114504,0.0
16.330000638961792,-14.176068029785155,4.458003491210937,6.301538769531249,53.87786259541985,-129.55725190839695,18.213740458015266,-12.119448803710936,-1.5131354492187499,0.03591302490234375,-46.01526717557252,51.06870229007634,22.916030534351144,0.0
16.34000062942505,-14.539986682128905,5.324704492187499,5.973533142089844,35.05343511450382,-130.65648854961833,24.33587786259542,-13.0627642578125,-3.323151904296875,2.023100402832031,-23.00763358778626,40.045801526717554,20.213740458015266,0.0
16.350000619888306,-14.489708447265624,5.501875415039062,4.479551306152343,7.297709923664122,-138.35114503816794,29.221374045801525,-13.613430639648437,-5.015852478027344,4.486733911132812,1.3893129770992367,33.9236641221374,15.541984732824428,0.0
16.360000371932983,-8.927977990722656,1.6639701538085936,1.3623007446289062,-10.335877862595419,-142.3053435114504,40.74809160305343,-8.645462194824217,-0.5267243652343749,1.158793603515625,5.32824427480916,21.61832061068702,13.694656488549619,0.0
16.37000060081482,-9.514557397460937,2.868253588867187,1.838746875,-34.97709923664122,-138.0763358778626,40.091603053435115,-11.049240661621093,-1.70467158203125,1.85790048828125,8.748091603053435,27.603053435114504,12.80916030534351,0.0
16.380000591278076,-8.856151940917968,2.3582886352539063,1.3048399047851562,-51.86259541984733,-135.64885496183206,41.603053435114504,-9.272743029785156,0.0383072265625,0.8714894042968749,3.2213740458015265,24.366412213740457,9.49618320610687,0.0
16.390000581741333,-6.411672045898437,0.3758896606445312,0.7062894897460937,-60.961832061068705,-131.4351145038168,44.79389312977099,-11.06360587158203,-1.8124106567382812,1.0989385620117187,7.587786259541985,28.290076335877863,11.572519083969466,0.0
16.40000081062317,-4.927267016601562,-1.68551796875,-0.35673604736328124,-54.595419847328245,-121.26717557251908,43.23664122137404,-9.64623848876953,0.17956512451171874,0.01915361328125,22.900763358778626,11.49618320610687,6.183206106870229,0.0
16.410000562667847,-3.8235400512695312,-1.85790048828125,-0.4261678955078125,-39.81679389312977,-109.00763358778626,40.68702290076336,-9.739612353515625,-1.465251416015625,0.37828386230468747,22.27480916030534,20.870229007633586,8.778625954198473,0.0
16.420000791549683,-3.2058360229492187,-1.68551796875,0.040701428222656245,-28.137404580152673,-95.31297709923665,37.32824427480916,-8.652644799804687,0.30406361083984373,-1.7022773803710936,17.908396946564885,12.320610687022901,6.900763358778626,0.0
16.43000030517578,-3.4069489624023435,-0.11252747802734374,0.70868369140625,-21.49618320610687,-81.52671755725191,35.32824427480916,-11.870451831054687,-0.7445967163085937,2.085349645996094,26.30534351145038,21.709923664122137,13.038167938931299,0.0
16.440000534057617,-3.768473413085937,0.86191259765625,1.4006079711914061,-23.709923664122137,-74.04580152671755,34.229007633587784,-9.9215716796875,1.0630255371093749,0.3184288208007812,30.702290076335878,12.335877862595419,8.427480916030534,0.0
16.450000524520874,-3.612850305175781,1.3646949462890625,2.1978771240234374,-26.80916030534351,-67.16030534351145,35.38931297709924,-10.424354028320312,0.40462008056640625,1.0486603271484374,31.6793893129771,14.687022900763358,9.618320610687023,0.0
16.46000051498413,-0.8164227661132812,-0.9121908325195311,2.530671154785156,-23.6793893129771,-56.534351145038165,38.56488549618321,-7.639897497558593,2.360682836914062,-1.0989385620117187,21.786259541984734,8.900763358778626,6.106870229007634,0.0
16.47000026702881,5.590460876464843,-6.852205151367187,-0.02633621826171875,-6.290076335877862,-45.00763358778626,42.656488549618324,-6.888118176269531,2.923320227050781,-0.5626373901367188,1.7099236641221374,24.33587786259542,11.16030534351145,0.0
16.480000495910645,0.17956512451171874,-2.2601263671875,3.782838623046875,13.755725190839694,-9.022900763358779,33.51145038167939,-9.9215716796875,0.6655880615234374,0.35673604736328124,-1.1603053435114503,25.083969465648856,17.114503816793892,0.0
16.4900004863739,5.054159704589844,-8.147468249511718,2.039859814453125,33.847328244274806,-11.32824427480916,28.916030534351144,-7.9463553100585935,2.0302830078125,-0.08379705810546874,-7.297709923664122,21.72519083969466,12.030534351145038,0.0
16.500000476837158,-0.3184288208007812,-1.7693150268554687,5.571307263183593,77.05343511450381,36.94656488549618,23.84732824427481,-9.119514123535156,1.0869675537109373,1.3383587280273437,-21.236641221374047,31.69465648854962,13.679389312977099,0.0
16.510000467300415,4.707000463867187,-3.9887399658203124,5.0206408813476555,82.30534351145039,31.374045801526716,19.419847328244273,-7.350199096679687,2.214636535644531,0.6488286499023437,-36.13740458015267,31.923664122137403,9.801526717557252,0.0
16.52000069618225,0.9888052856445312,1.484405029296875,6.1076084350585935,110.3969465648855,69.41984732824427,19.480916030534353,-6.701370446777343,2.923320227050781,-0.4381389038085937,-70.07633587786259,43.57251908396947,11.725190839694656,0.0
16.530000925064087,7.247248425292969,-5.173869787597656,1.8171990600585937,118.68702290076335,71.80152671755725,20.38167938931298,-7.297526660156249,1.2210428466796874,-1.0582371337890624,-85.46564885496183,57.083969465648856,11.86259541984733,0.0
16.540000677108765,1.6328455322265625,-1.6735469604492186,3.303998291015625,164.29007633587787,119.49618320610686,17.66412213740458,-8.317456567382813,0.5123591552734374,-0.105344873046875,-104.87022900763358,66.41221374045801,14.473282442748092,0.0
16.5500009059906,-0.5027823486328125,-2.1068974609374997,2.896984008789062,136.90076335877862,105.58778625954199,0.366412213740458,-9.718064538574218,-0.7493851196289062,-1.7549498168945312,-104.35114503816794,70.19847328244275,12.732824427480915,0.0
16.56000065803528,-6.392518432617187,5.310339282226562,4.630386010742187,142.45801526717557,133.61832061068702,-9.48091603053435,-12.904746948242186,-4.642357019042969,4.319139794921875,-106.93129770992367,73.3587786259542,21.572519083969464,0.0
16.570000648498535,-8.473079675292968,6.342240197753906,2.999934680175781,76.36641221374046,113.02290076335878,-17.404580152671755,-11.755530151367187,-1.656787548828125,5.044582897949218,-97.45038167938931,59.98473282442748,16.916030534351144,0.0
16.580000638961792,-8.2360537109375,7.994239343261718,1.946485949707031,30.748091603053435,107.16030534351145,-18.885496183206108,-12.600683337402343,-2.528276953125,0.9816226806640624,-109.19083969465649,49.38931297709924,24.885496183206108,0.0
16.59000062942505,-7.620743884277343,10.256759912109374,2.5953145996093747,-53.61832061068702,82.82442748091603,-30.045801526717558,-14.937424157714842,-4.929661218261718,1.5059528442382812,-89.72519083969466,34.18320610687023,20.671755725190838,0.0
16.600000619888306,-4.915296008300781,6.883329772949218,1.1252747802734375,-119.25190839694656,63.37404580152672,-29.69465648854962,-14.815319873046874,-3.1459809814453124,1.6017209106445311,-65.29770992366412,15.740458015267176,33.282442748091604,0.0
16.610000610351562,-10.900800158691405,6.591237170410156,7.541735229492187,-124.03053435114504,59.3587786259542,-25.099236641221374,-14.786589453125,-2.8706477905273435,0.5602431884765625,-42.19847328244275,9.404580152671755,29.801526717557252,0.0
16.62000060081482,-8.681375219726561,-0.5434837768554687,15.940594653320312,-62.94656488549618,39.31297709923664,0.12213740458015267,-13.907917443847655,0.3112462158203125,-1.0702081420898437,-21.557251908396946,-0.13740458015267176,15.969465648854962,0.0
16.630000591278076,-13.335703247070311,-0.3016694091796875,19.886238989257812,-3.1755725190839694,27.221374045801525,22.549618320610687,-14.374786767578124,1.4221557861328125,1.0941501586914062,-20.442748091603054,2.50381679389313,17.46564885496183,0.0
16.640000820159912,-17.41063447265625,2.7198130859375,15.983690283203124,38.16793893129771,30.30534351145038,50.229007633587784,-15.014038610839842,2.221819140625,2.269703173828125,-20.610687022900763,2.4885496183206106,18.03053435114504,0.0
16.65000033378601,-23.163901062011718,13.946224670410155,14.77940684814453,1.5572519083969465,29.068702290076335,54.61068702290076,-14.772224243164061,2.8419173706054686,1.7118541870117185,-20.106870229007633,-4.152671755725191,21.908396946564885,0.0
16.660000801086426,-17.53752716064453,6.804321118164062,7.716511950683593,-98.03053435114504,-11.679389312977099,41.89312977099237,-14.616601135253905,1.426944189453125,1.5634136840820312,-10.580152671755725,-11.923664122137405,30.33587786259542,0.0
16.670000553131104,-24.729708947753906,18.33719051513672,5.413289953613281,-148.41221374045801,-7.526717557251908,25.14503816793893,-12.9861498046875,0.8068459594726562,1.5562310791015623,-2.8091603053435112,-18.65648854961832,32.87022900763359,0.0
16.68000078201294,-11.106701501464842,6.696582043457031,0.076614453125,-219.2824427480916,-49.41984732824427,39.52671755725191,-12.090718383789062,2.8754361938476563,1.197100830078125,-9.435114503816793,-19.61832061068702,32.25954198473283,0.0
16.690000295639038,-6.83783994140625,-1.2210428466796874,0.09816226806640624,-192.5648854961832,-19.755725190839694,55.20610687022901,-13.256694592285156,0.55545478515625,1.5610194824218748,-4.213740458015267,-12.381679389312977,36.82442748091603,0.0
16.700000524520874,0.11731588134765625,-13.965378283691406,0.25139117431640623,-163.49618320610688,-13.679389312977099,45.587786259541986,-13.78341895751953,1.458068811035156,0.2609679809570312,1.8931297709923665,-15.969465648854962,30.870229007633586,0.0
16.71000027656555,-2.8467057739257813,-11.81059678955078,5.492298608398437,-99.6030534351145,24.35114503816794,18.717557251908396,-15.191209533691405,-0.12449848632812499,0.4381389038085937,11.389312977099237,-15.007633587786259,29.740458015267176,0.0
16.720000743865967,-3.6463691284179687,-9.516951599121093,2.422932080078125,-65.08396946564885,22.229007633587788,-4.564885496183206,-12.629413757324219,3.1962592163085937,-2.221819140625,12.198473282442748,-25.389312977099237,22.564885496183205,0.0
16.730000495910645,-7.1203557373046875,-4.407725256347656,3.289633081054687,-17.61832061068702,49.31297709923664,-16.65648854961832,-11.781866369628906,4.115632653808594,-2.4588451049804685,-1.3435114503816794,-22.83969465648855,26.427480916030536,0.0
16.7400004863739,-6.392518432617187,-4.3622354248046875,3.248931652832031,8.045801526717558,62.87022900763359,-20.68702290076336,-12.380416784667968,5.2648494506835934,-1.7573440185546874,-11.908396946564885,-17.938931297709924,28.259541984732824,0.0
16.750000476837158,-14.97094298095703,5.193023400878906,5.549759448242187,3.1908396946564888,77.02290076335878,-34.16793893129771,-11.88721124267578,2.319981408691406,-1.0079588989257813,-24.641221374045802,-7.816793893129771,33.587786259541986,0.0
16.760000467300415,-14.753070629882812,6.1842228881835934,3.1603461914062496,-23.81679389312977,65.1145038167939,-25.297709923664122,-11.585541833496093,1.7788918334960937,0.7876923461914062,-30.977099236641223,-6.473282442748092,29.954198473282442,0.0
16.77000093460083,-11.159373937988281,1.3000515014648437,1.7573440185546874,-25.66412213740458,72.83969465648855,-12.534351145038167,-10.481814868164061,1.8028338500976562,-0.2609679809570312,-34.30534351145038,-12.381679389312977,23.16030534351145,0.0
16.780000686645508,-14.152126013183594,3.603273498535156,4.946420629882812,-19.954198473282442,89.77099236641222,-20.045801526717558,-11.686098303222655,0.1388636962890625,1.9105729248046874,-20.48854961832061,-9.938931297709924,20.198473282442748,0.0
16.790000915527344,-9.76116016845703,0.9265560424804687,0.6368576416015624,-16.595419847328245,80.06106870229007,-12.488549618320612,-8.604760766601562,1.6041151123046875,0.5817910034179687,-29.587786259541986,-18.106870229007633,12.198473282442748,0.0
16.80000066757202,-8.659827404785156,1.2737152832031249,0.16519991455078123,-1.1297709923664123,94.01526717557252,-8.702290076335878,-10.520122094726561,-0.12210428466796874,1.8219874633789062,-19.236641221374047,-16.366412213740457,11.526717557251908,0.0
16.81000065803528,-8.32463917236328,1.927332336425781,0.49320554199218747,6.580152671755725,103.43511450381679,-11.114503816793894,-7.37414111328125,1.7860744384765623,-0.5434837768554687,-28.595419847328245,-20.641221374045802,1.9083969465648856,0.0
16.820000410079956,-9.064447485351561,2.597708801269531,0.8451531860351562,6.99236641221374,108.38167938931298,-9.83206106870229,-8.63109698486328,0.27293898925781246,-0.0383072265625,-22.366412213740457,-18.641221374045802,0.7022900763358778,0.0
16.830000400543213,-8.635885388183594,3.0119056884765625,0.9744400756835937,8.854961832061068,113.38931297709924,-7.099236641221374,-7.4699091796875,1.197100830078125,-2.032677209472656,-24.137404580152673,-20.702290076335878,-7.786259541984733,0.0
16.84000062942505,-8.537723120117187,2.70065947265625,1.5370774658203123,3.5572519083969465,114.97709923664122,-4.9465648854961835,-9.006986645507812,-1.5155296508789062,-0.21787235107421873,-20.519083969465647,-11.908396946564885,-10.15267175572519,0.0
16.850000619888306,-8.17859287109375,1.70467158203125,2.013523596191406,1.4809160305343512,117.05343511450381,-5.3893129770992365,-3.5051112304687497,7.182604980468749,-9.153032946777342,-36.33587786259542,-27.84732824427481,-26.290076335877863,0.0
16.860000610351562,-9.402029919433593,1.5251064575195312,3.0214824951171875,-4.763358778625954,112.7175572519084,-6.977099236641221,-8.779537487792968,2.27927998046875,-0.6512228515624999,-63.06870229007634,15.83206106870229,-16.366412213740457,0.0
16.87000036239624,-8.511386901855468,-0.2442085693359375,3.337517114257812,-5.206106870229007,106.99236641221374,-9.83206106870229,-3.881000891113281,8.461108666992187,-7.486668591308593,-74.07633587786259,14.0,-22.27480916030534,0.0
16.880000591278076,-9.277531433105468,-1.5849614990234373,3.6439749267578123,-4.5038167938931295,99.57251908396947,-14.534351145038167,-10.761936462402343,0.5913678100585937,0.8643067993164062,-62.152671755725194,32.030534351145036,-11.206106870229007,0.0
16.890000581741333,-8.643067993164061,-2.4779987182617185,3.9456443359374997,9.49618320610687,95.7557251908397,-22.015267175572518,0.11252747802734374,9.282319836425781,-7.824251025390624,-65.8473282442748,23.00763358778626,-20.3206106870229,0.0
16.90000081062317,-9.730035546875,-1.1372457885742187,4.180276098632812,10.900763358778626,86.79389312977099,-27.72519083969466,-6.433219860839843,7.070077502441406,-5.260061047363281,-85.86259541984732,57.98473282442748,-5.3893129770992365,0.0
16.910000562667847,-8.36294639892578,-1.6304513305664061,4.029441394042968,24.748091603053435,83.8473282442748,-29.66412213740458,-1.4939818359375,13.5224509765625,-9.993397729492187,-78.36641221374046,42.80916030534351,-3.618320610687023,0.0
16.920000553131104,-9.907206469726562,0.7948749511718749,4.161122485351562,28.48854961832061,78.29007633587786,-32.29007633587786,-11.341333264160156,6.2201359130859375,-2.01112939453125,-139.0381679389313,104.8854961832061,15.206106870229007,0.0
16.93000555038452,-8.549694128417968,-2.039859814453125,3.2417490478515623,46.36641221374046,77.95419847328245,-31.541984732824428,-9.07163009033203,6.382941625976562,-6.124367846679687,-68.41221374045801,71.86259541984732,26.03053435114504,0.0
16.940000534057617,-10.539275708007812,-0.05746083984375,3.6343981201171873,54.6412213740458,72.03053435114504,-36.274809160305345,-8.810662109374999,0.967257470703125,-2.123656872558594,-48.595419847328245,82.80916030534351,39.20610687022901,0.0
16.950000524520874,-10.75714805908203,-1.6472107421875,2.844311572265625,72.2442748091603,68.54961832061069,-37.70992366412214,-9.765948571777344,-4.058171813964844,-0.7350199096679687,9.145038167938932,72.70229007633588,39.23664122137404,0.0
16.96000051498413,-9.552864624023437,-0.6057330200195312,1.8938135131835936,91.1145038167939,68.4885496183206,-40.93129770992366,-7.44357296142578,-4.005499377441406,0.7158662963867187,43.17557251908397,58.717557251908396,30.564885496183205,0.0
16.970000505447388,-11.889605444335936,4.201823913574218,3.220201232910156,85.09923664122137,67.64885496183206,-45.61832061068702,-12.224793676757812,-5.781997009277344,5.396530541992187,97.46564885496183,34.412213740458014,23.31297709923664,0.0
16.980000257492065,-9.964667309570311,5.801150622558594,2.980781066894531,69.08396946564885,62.900763358778626,-41.038167938931295,-7.168239770507812,4.168305090332031,-0.507570751953125,89.32824427480917,13.374045801526718,13.526717557251908,0.0
16.9900004863739,-9.418789331054686,6.332663391113281,2.9568390502929685,44.396946564885496,59.603053435114504,-35.74045801526717,-9.332598071289063,0.13407529296874998,2.4660277099609376,74.3969465648855,21.282442748091604,19.69465648854962,0.0
17.00000023841858,-9.090783703613281,4.311957189941406,2.1906945190429687,29.87786259541985,58.396946564885496,-33.31297709923664,-10.716446630859375,2.3247698120117186,1.4772224243164063,109.93893129770993,-16.12213740458015,11.954198473282442,0.0
17.010000944137573,-9.390058911132812,5.406107348632812,2.375048046875,15.297709923664122,59.48091603053435,-30.9618320610687,-9.586383447265625,3.469198205566406,0.6823474731445313,82.85496183206106,-11.389312977099237,5.923664122137405,0.0
17.02000069618225,-9.208099584960937,4.465186096191406,2.205059729003906,-3.66412213740458,57.23664122137404,-27.72519083969466,-10.874463940429687,1.1659762084960936,1.429338391113281,80.35114503816794,-26.12213740458015,1.5114503816793894,0.0
17.030000925064087,-9.330203869628905,4.565742565917969,2.626439221191406,-20.35114503816794,55.038167938931295,-26.061068702290076,-9.275137231445312,5.0948611328124995,0.016759411621093748,63.541984732824424,-34.030534351145036,-8.106870229007633,0.0
17.040000677108765,-10.127473022460936,4.987122058105468,2.9544448486328125,-38.2442748091603,51.93893129770992,-23.267175572519083,-9.567229833984374,3.883395092773437,0.01915361328125,27.984732824427482,-25.770992366412212,-10.82442748091603,0.0
17.0500009059906,-9.02135185546875,2.4013842651367185,2.068590234375,-47.770992366412216,45.64885496183206,-19.053435114503817,-10.711658227539061,-0.3854664672851562,2.73896669921875,31.267175572519083,-35.93893129770992,-14.610687022900763,0.0
17.0600004196167,-8.504204296874999,1.9704279663085937,1.7764976318359373,-43.908396946564885,47.61832061068702,-20.12213740458015,-9.188945971679686,3.2225954345703123,1.0295067138671874,25.64885496183206,-49.23664122137404,-28.18320610687023,0.0
17.070000410079956,-11.365275280761718,4.477157104492187,2.916137622070312,-57.49618320610687,46.10687022900763,-21.083969465648856,-12.53843409423828,-4.809951135253906,6.619967590332031,14.061068702290076,-42.06106870229008,-27.786259541984734,0.0
17.080000638961792,-11.824961999511718,2.3870190551757813,2.5761609863281247,-74.16793893129771,32.900763358778626,-15.84732824427481,-11.0707884765625,-1.7812860351562498,1.5466542724609373,63.6793893129771,-85.2824427480916,-38.534351145038165,0.0
17.09000062942505,-11.252747802734374,1.465251416015625,2.0781670410156248,-65.09923664122137,33.847328244274806,-8.595419847328245,-12.86404552001953,-3.5434184570312497,2.8945898071289062,50.656488549618324,-82.45801526717557,-47.20610687022901,0.0
17.10003423690796,-9.172186560058593,-0.7302315063476562,1.5131354492187499,-54.99236641221374,36.534351145038165,-3.5419847328244276,-10.512939489746094,0.9552864624023437,2.4899697265625,49.61832061068702,-99.70992366412214,-59.31297709923664,0.0
17.110000610351562,-10.78348427734375,1.0342951171875,1.946485949707031,-52.50381679389313,39.587786259541986,-2.366412213740458,-11.815385192871092,-0.16041151123046873,2.5043349365234375,35.3587786259542,-96.01526717557252,-61.87786259541985,0.0
17.12000060081482,-10.481814868164061,0.7230489013671875,1.3958195678710936,-55.37404580152672,37.038167938931295,2.1374045801526718,-10.139444030761718,2.4301146850585935,0.21308394775390624,29.587786259541986,-107.40458015267176,-69.98473282442748,0.0
17.130000352859497,-10.065223779296874,0.6105214233398437,1.8339584716796873,-60.045801526717554,36.87022900763359,5.969465648854962,-10.13226142578125,1.4700398193359374,0.39743747558593745,14.01526717557252,-98.03053435114504,-68.79389312977099,0.0
17.140000820159912,-9.409212524414063,-0.44532150878906246,1.5849614990234373,-63.55725190839695,36.0763358778626,4.076335877862595,-8.322244970703125,4.50109912109375,-2.731784094238281,11.86259541984733,-106.83969465648855,-74.9618320610687,0.0
17.15000057220459,-9.605537060546874,-0.28012159423828126,1.5251064575195312,-64.12213740458016,34.274809160305345,0.8396946564885496,-9.871293444824218,5.820304235839844,-3.737348791503906,-6.061068702290076,-93.95419847328245,-71.09923664122137,0.0
17.160000801086426,-9.823409411621093,-0.1197100830078125,2.1691467041015624,-66.30534351145039,31.541984732824428,-2.366412213740458,-10.678139404296875,1.4796166259765624,1.4508862060546874,-24.977099236641223,-64.13740458015268,-59.725190839694655,0.0
17.170000553131104,-9.76116016845703,-1.0319009155273438,2.300827795410156,-63.847328244274806,27.954198473282442,-4.3816793893129775,-8.310273962402343,1.8291700683593748,0.10295067138671875,-8.305343511450381,-69.5114503816794,-59.9236641221374,0.0
17.18000078201294,-9.952696301269532,-2.070984436035156,2.128445275878906,-51.29770992366412,24.48854961832061,-5.450381679389313,-8.461108666992187,0.3950432739257812,0.1292868896484375,14.442748091603054,-72.91603053435115,-54.10687022900763,0.0
17.190000534057617,-10.424354028320312,-2.2361843505859373,2.971204260253906,-36.2442748091603,23.61832061068702,-8.870229007633588,-9.715670336914062,-2.521094348144531,2.128445275878906,25.87786259541985,-57.31297709923664,-44.58015267175573,0.0
17.200000524520874,-10.31661495361328,-2.6288334228515624,3.1651345947265623,-26.641221374045802,20.442748091603054,-12.854961832061068,-7.417236743164062,0.3902548706054687,-0.5578489868164063,59.770992366412216,-81.98473282442748,-46.030534351145036,0.0
17.21000051498413,-11.180921752929686,-1.0534487304687499,2.9281086303710935,-11.877862595419847,18.396946564885496,-15.664122137404581,-10.556035119628906,-1.0079588989257813,0.9074024291992187,65.52671755725191,-64.12213740458016,-38.10687022900763,0.0
17.220000505447388,-10.139444030761718,-0.29927520751953124,4.247313745117188,-6.900763358778626,18.137404580152673,-17.114503816793892,-5.351040710449219,2.8898014038085935,-1.1468225952148436,65.40458015267176,-62.13740458015267,-40.36641221374046,0.0
17.230000257492065,-10.014945544433592,0.9026140258789062,4.618415002441406,-5.893129770992366,14.580152671755725,-17.709923664122137,-8.355763793945313,2.877830395507812,-0.5793968017578125,61.00763358778626,-52.94656488549618,-32.62595419847328,0.0
17.24000072479248,-9.93354268798828,1.8459294799804686,5.032611889648437,-5.00763358778626,10.15267175572519,-16.702290076335878,-6.7803791015625,3.265691064453125,-0.8355763793945312,45.267175572519086,-38.42748091603053,-29.6793893129771,0.0
17.25000023841858,-9.689334118652344,1.9823989746093749,5.293579870605469,-4.717557251908397,5.7251908396946565,-14.045801526717558,-7.730877160644531,1.5083470458984374,0.5506663818359374,39.969465648854964,-28.198473282442748,-23.49618320610687,0.0
17.260000705718994,-10.120290417480469,2.5665841796874997,5.738901379394531,-5.847328244274809,0.48854961832061067,-12.412213740458014,-6.605602380371093,2.8802245971679685,1.0079588989257813,32.412213740458014,-20.35114503816794,-23.206106870229007,0.0
17.270000457763672,-10.158597644042969,2.77727392578125,5.8610056640625,-5.6183206106870225,-5.526717557251908,-9.206106870229007,-4.496310717773437,4.122815258789062,-0.22744915771484372,12.396946564885496,-12.885496183206106,-22.076335877862597,0.0
17.280000686645508,-9.457096557617186,2.243366955566406,6.586448767089843,-6.580152671755725,-12.061068702290076,-4.748091603053435,-7.4579381713867186,1.2521674682617188,0.967257470703125,2.122137404580153,-5.343511450381679,-14.106870229007633,0.0
17.290000677108765,-10.141838232421874,0.8714894042968749,6.957550024414062,-2.9160305343511452,-18.564885496183205,-2.3206106870229006,-6.665457421875,0.9074024291992187,0.8858546142578124,0.6259541984732825,-4.885496183206107,-14.13740458015267,0.0
17.3000009059906,-11.149797131347656,0.8092401611328125,8.317456567382813,10.946564885496183,-18.671755725190838,-1.4809160305343512,-7.551312036132812,-0.6751648681640625,1.8746598999023436,2.717557251908397,-1.7099236641221374,-12.16793893129771,0.0
17.31000065803528,-10.496180078124999,-1.0127473022460938,9.595960253906249,24.564885496183205,-28.946564885496183,0.16793893129770993,-8.40843623046875,-0.5027823486328125,2.3367408203125,7.343511450381679,-2.8091603053435112,-10.412213740458014,0.0
17.320000886917114,-12.351686364746094,-0.32082302246093747,11.834538806152343,41.099236641221374,-36.56488549618321,-1.4198473282442747,-8.070853796386718,-0.5386953735351562,2.2457611572265623,8.091603053435115,-3.9389312977099236,-10.80916030534351,0.0
17.330000638961792,-11.812990991210937,-0.7517793212890624,13.436259716796874,56.87022900763359,-57.770992366412216,-2.183206106870229,-7.678204724121093,-0.51714755859375,1.9584569580078124,8.244274809160306,-9.526717557251908,-10.473282442748092,0.0
17.34000062942505,-14.00129130859375,0.9792284790039062,15.784971545410155,76.25954198473282,-73.06870229007633,-4.442748091603053,-7.216123803710937,-0.7254431030273437,0.3806780639648437,8.610687022900763,-8.412213740458014,-9.007633587786259,0.0
17.350000619888306,-12.502521069335936,-1.2713210815429687,14.86320390625,83.96946564885496,-109.2824427480916,-2.183206106870229,-6.725312463378906,0.08858546142578125,-2.770091320800781,19.282442748091604,-8.916030534351146,-7.450381679389313,0.0
17.360000610351562,-13.740323327636718,0.430956298828125,15.964536669921873,97.32824427480917,-126.29007633587786,-5.603053435114504,-6.490680700683593,2.4109610717773435,-4.218583325195312,32.656488549618324,-3.8931297709923665,-6.748091603053435,0.0
17.37000060081482,-16.627730529785154,3.0789433349609374,14.475343237304687,72.27480916030534,-164.5648854961832,-7.938931297709924,-7.5153990112304685,5.734112976074218,-3.4763808105468748,40.82442748091603,2.732824427480916,-5.7251908396946565,0.0
17.380000352859497,-17.707515478515624,2.7078420776367187,15.138537097167967,55.16030534351145,-200.24427480916032,3.480916030534351,-7.802703210449218,7.098807922363281,-1.177947216796875,32.82442748091603,7.038167938931298,-0.6717557251908397,0.0
17.390000581741333,-18.34197891845703,2.7940333374023436,17.80088934326172,55.45038167938932,-230.8854961832061,17.053435114503817,-11.058817468261719,5.6407391113281244,1.484405029296875,18.793893129770993,10.01526717557252,6.33587786259542,0.0
17.40000081062317,-18.550274462890624,3.1387983764648437,12.351686364746094,68.3969465648855,-255.58778625954199,33.3587786259542,-10.922347973632812,5.327098693847656,1.3192051147460937,-0.6106870229007634,7.175572519083969,8.427480916030534,0.0
17.410000324249268,-15.107412475585937,2.1619640991210938,2.5546131713867184,50.79389312977099,-265.3587786259542,45.06870229007634,-12.330138549804687,3.775656018066406,1.5275006591796874,-22.549618320610687,19.69465648854962,11.17557251908397,0.0
17.420000791549683,-14.132972399902343,-2.4349030883789062,-3.7900212280273435,26.580152671755727,-267.37404580152673,49.37404580152672,-14.144943408203124,2.389413256835937,0.6919242797851562,-21.480916030534353,13.86259541984733,13.389312977099237,0.0
17.43000030517578,-13.043610644531249,-6.265625744628906,-7.223306408691406,43.083969465648856,-252.06106870229007,55.11450381679389,-12.66053837890625,2.8562825805664063,-0.5027823486328125,-18.045801526717558,15.48091603053435,12.106870229007633,0.0
17.440000534057617,-11.374852087402344,-7.999027746582031,-9.016563452148437,49.9236641221374,-226.24427480916032,51.02290076335878,-10.759542260742187,2.808398547363281,-3.0047230834960934,-29.908396946564885,15.221374045801527,13.267175572519085,0.0
17.450000524520874,-9.476250170898437,-7.790732202148437,-7.824251025390624,36.56488549618321,-207.1145038167939,32.42748091603053,-10.462661254882812,0.26815058593749996,-3.31357509765625,-45.61832061068702,25.404580152671755,20.33587786259542,0.0
17.46000027656555,-9.315838659667968,-6.3709706176757805,-2.422932080078125,21.83206106870229,-186.90076335877862,5.312977099236641,-10.596736547851561,-1.9608511596679685,-2.6240450195312497,-41.282442748091604,21.984732824427482,22.30534351145038,0.0
17.47000026702881,-11.44667813720703,-3.095702746582031,3.303998291015625,47.20610687022901,-164.74809160305344,-4.931297709923665,-9.382876306152344,-3.8139632446289062,-1.9871873779296874,-29.251908396946565,23.709923664122137,21.267175572519083,0.0
17.480000257492065,-12.603077539062499,-0.1005564697265625,6.356605407714843,80.3969465648855,-142.35114503816794,1.9083969465648856,-9.651026892089844,-3.4093431640625,-2.5354595581054684,-10.931297709923664,18.396946564885496,18.106870229007633,0.0
17.4900004863739,-14.197615844726561,3.871424084472656,5.628768103027343,86.53435114503817,-136.19847328244273,12.213740458015268,-11.257536206054686,-3.6080619018554687,-0.5698199951171875,1.816793893129771,26.916030534351144,17.236641221374047,0.0
17.50000023841858,-15.263035583496093,7.4603323730468745,4.4196962646484375,63.3587786259542,-132.85496183206106,21.358778625954198,-10.582371337890624,-2.0446482177734375,-0.5698199951171875,10.381679389312977,25.923664122137403,13.465648854961833,0.0
17.510000944137573,-13.883975427246092,7.491456994628906,2.2768857788085937,20.045801526717558,-142.3969465648855,30.213740458015266,-11.384428894042967,-1.254561669921875,0.469263525390625,21.923664122137403,28.53435114503817,12.977099236641221,0.0
17.52000069618225,-13.079523669433593,5.456385583496093,1.7501614135742187,-17.862595419847327,-142.12213740458014,38.213740458015266,-9.667786303710937,0.22744915771484372,0.5003881469726562,23.099236641221374,27.587786259541986,10.106870229007633,0.0
17.530001163482666,-8.990227233886719,1.5490484741210937,-0.01915361328125,-45.63358778625954,-146.21374045801528,44.595419847328245,-10.551246716308594,-0.9026140258789062,1.4101847778320311,28.0,30.549618320610687,12.900763358778626,0.0
17.540000915527344,-6.069301208496094,-0.7398083129882812,-1.3048399047851562,-57.31297709923664,-137.17557251908397,44.88549618320611,-7.390900524902343,1.8555062866210936,0.01915361328125,21.053435114503817,28.244274809160306,8.183206106870228,0.0
17.55000066757202,-3.5218706420898434,-2.8371289672851563,-2.511517541503906,-61.541984732824424,-130.83969465648855,39.20610687022901,-11.056423266601563,-0.5985504150390625,2.176329309082031,21.404580152671755,33.603053435114504,17.022900763358777,0.0
17.56000065803528,-2.446874096679687,-3.84987626953125,-2.760514514160156,-50.534351145038165,-112.74809160305344,31.083969465648856,-10.302249743652343,0.430956298828125,-0.8403647827148437,20.244274809160306,21.221374045801525,12.106870229007633,0.0
17.570000648498535,-0.9935936889648437,-3.6750995483398436,-3.1028853515624997,-29.404580152671755,-94.47328244274809,25.053435114503817,-9.950302099609374,-0.6943184814453125,1.5658078857421873,22.396946564885496,23.587786259541986,13.022900763358779,0.0
17.580000638961792,-0.8954314208984374,-1.4508862060546874,-2.1691467041015624,-11.648854961832061,-71.80152671755725,22.244274809160306,-9.294290844726563,1.465251416015625,0.16998831787109375,20.916030534351144,17.221374045801525,10.732824427480915,0.0
17.59000062942505,-0.4525041137695312,0.5219359619140624,-1.6160861206054686,-6.778625954198473,-55.63358778625954,23.69465648854962,-8.839392529296875,0.5363011718749999,0.3806780639648437,15.49618320610687,21.328244274809162,13.893129770992367,0.0
17.600000619888306,-1.85790048828125,2.3870190551757813,0.040701428222656245,-17.954198473282442,-39.3587786259542,23.541984732824428,-10.357316381835936,-0.8714894042968749,1.0797849487304687,18.946564885496183,21.51145038167939,16.412213740458014,0.0
17.610000610351562,-1.2473790649414063,1.8722656982421875,1.149216796875,-33.221374045801525,-35.05343511450382,20.763358778625953,-7.893682873535155,1.438915197753906,1.5610194824218748,17.297709923664122,19.16030534351145,12.030534351145038,0.0
17.62000060081482,-0.9528922607421875,0.09337386474609374,1.3383587280273437,-35.267175572519086,-23.053435114503817,20.213740458015266,-8.992621435546875,0.38786066894531246,1.2378022583007813,13.877862595419847,18.213740458015266,13.908396946564885,0.0
17.630000591278076,0.8595183959960937,-1.467645617675781,1.3287819213867187,-28.99236641221374,-12.0,20.977099236641223,-8.930372192382812,0.8403647827148437,-0.296881005859375,10.183206106870228,15.49618320610687,11.969465648854962,0.0
17.640000343322754,-1.5562310791015623,1.3335703247070312,4.898536596679687,-29.267175572519083,0.9465648854961832,14.396946564885496,-8.729259252929687,0.33518823242187495,0.7733271362304687,8.961832061068701,16.610687022900763,10.625954198473282,0.0
17.65000057220459,13.713987109375,-15.741875915527343,-1.936909143066406,19.450381679389313,-11.32824427480916,30.229007633587788,-7.144297753906249,1.4101847778320311,-1.0797849487304687,1.251908396946565,15.526717557251908,7.8320610687022905,0.0
17.660000801086426,7.958326318359375,-7.903259680175781,4.879382983398437,144.19847328244273,92.44274809160305,28.106870229007633,-7.491456994628906,0.8954314208984374,1.2210428466796874,-5.984732824427481,32.01526717557252,8.763358778625955,0.0
17.670000314712524,19.91257520751953,-17.650054638671875,2.8467057739257813,210.87022900763358,99.09923664122137,20.870229007633586,-6.234501123046875,-0.22266075439453123,1.3359645263671873,-4.0458015267175576,42.97709923664122,4.977099236641221,0.0
17.68000078201294,6.248866333007812,-7.074865905761718,3.342305517578125,309.8167938931298,187.3740458015267,6.809160305343512,-6.246472131347656,0.5626373901367188,0.17238251953125,-25.81679389312977,55.725190839694655,6.885496183206107,0.0
17.690000534057617,4.031835595703125,-7.42441934814453,3.2513258544921873,323.1145038167939,183.70992366412213,-20.259541984732824,-5.386953735351562,0.699106884765625,1.9823989746093749,-41.954198473282446,77.17557251908397,6.305343511450381,0.0
17.700000524520874,-5.951985327148437,8.087613208007811,2.844311572265625,333.14503816793894,221.49618320610688,-33.64885496183206,-8.1594392578125,0.5817910034179687,3.0214824951171875,-92.58015267175573,93.2824427480916,17.46564885496183,0.0
17.71000051498413,-21.205444104003906,27.109545397949216,4.276044165039062,202.74809160305344,197.49618320610688,-58.80916030534351,-11.666944689941406,4.508281726074219,0.6751648681640625,-115.1145038167939,98.68702290076335,17.46564885496183,0.0
17.72000026702881,-18.32761370849609,24.46395256347656,5.3390697021484375,10.351145038167939,136.61068702290078,-47.17557251908397,-11.717222924804688,4.7572786987304685,-1.1755530151367186,-159.206106870229,90.13740458015268,34.656488549618324,0.0
17.730000495910645,-18.13128917236328,35.08702532958984,8.633491186523438,-172.53435114503816,83.92366412213741,-48.213740458015266,-15.128960290527344,0.16041151123046873,0.7038952880859375,-172.91603053435114,74.68702290076335,54.61068702290076,0.0
17.7400004863739,-7.572859851074218,6.909665991210937,2.2553379638671873,-290.9618320610687,-5.282442748091603,-30.366412213740457,-20.195091003417968,-4.505887524414062,1.9776105712890624,-108.22900763358778,42.06106870229008,67.1145038167939,0.0
17.750000476837158,-11.190498559570312,1.1133037719726562,10.041281762695311,-191.34351145038167,11.038167938931299,-3.6946564885496183,-20.269311254882812,-9.907206469726562,3.380612744140625,-60.13740458015267,31.770992366412212,53.038167938931295,0.0
17.760000705718994,-12.12423720703125,-6.789955908203124,19.043480004882813,-120.01526717557252,-20.53435114503817,22.946564885496183,-14.235923071289061,-4.364629626464843,1.7310078002929687,-9.374045801526718,9.770992366412214,23.984732824427482,0.0
17.77000093460083,-22.754492578125,6.232106921386718,24.43282794189453,-25.908396946564885,-16.80916030534351,48.06106870229008,-14.556746093749998,-1.7022773803710936,1.218648645019531,-2.381679389312977,8.564885496183207,13.969465648854962,0.0
17.780000686645508,-21.06179200439453,6.366182214355469,17.106570861816405,-75.72519083969466,-52.51908396946565,61.66412213740458,-14.808137268066405,2.1787235107421874,-0.1771709228515625,3.1908396946564888,-0.15267175572519084,3.648854961832061,0.0
17.790000915527344,-20.918139904785154,4.534617944335937,6.366182214355469,-106.36641221374046,-53.93893129770992,57.38931297709924,-14.604630126953124,2.3535002319335936,-0.8667010009765624,4.824427480916031,-4.870229007633588,11.633587786259541,0.0
17.80000066757202,-14.494496850585938,-0.01915361328125,-2.4660277099609376,-128.5648854961832,-45.66412213740458,51.29770992366412,-13.072341064453123,2.384624853515625,0.37828386230468747,11.908396946564885,-9.34351145038168,18.396946564885496,0.0
17.81000065803528,-17.444153295898438,4.259284753417968,1.3359645263671873,-116.67175572519083,-6.549618320610687,40.534351145038165,-9.447519750976562,2.6623522460937497,-1.9967641845703124,-4.1679389312977095,-18.18320610687023,17.251908396946565,0.0
17.820000886917114,-5.403713146972656,-7.682993127441406,1.7286135986328124,-121.00763358778626,-5.206106870229007,43.81679389312977,-12.650961572265624,2.262520568847656,1.2785036865234374,0.7175572519083969,-8.83969465648855,25.81679389312977,0.0
17.830000638961792,-2.5737667846679684,-13.000515014648437,5.015852478027344,-62.656488549618324,35.603053435114504,30.213740458015266,-16.622942126464842,-0.39264907226562495,3.7325603881835936,18.885496183206108,-9.251908396946565,31.129770992366414,0.0
17.84000062942505,-1.3670891479492187,-10.951078393554686,2.50912333984375,-19.64885496183206,47.55725190839695,7.404580152671755,-16.25423507080078,1.1180921752929687,2.789244934082031,21.862595419847327,-24.045801526717558,21.083969465648856,0.0
17.850000619888306,-5.846640454101562,-2.5665841796874997,1.2018892333984375,7.404580152671755,65.31297709923665,-19.282442748091604,-15.636531042480469,3.7708676147460936,0.9911994873046874,10.16793893129771,-33.267175572519086,18.85496183206107,0.0
17.860000610351562,-8.281543542480469,-0.7900865478515624,0.7134720947265625,-11.099236641221374,60.82442748091603,-35.25190839694657,-14.618995336914061,4.050989208984375,0.7206546997070312,-6.0,-31.83206106870229,22.671755725190838,0.0
17.87000060081482,-11.52329259033203,1.85790048828125,1.4987702392578124,-20.885496183206108,65.63358778625954,-41.86259541984733,-15.981296081542968,1.4413093994140624,2.2170307373046874,-4.320610687022901,-35.7557251908397,25.068702290076335,0.0
17.880001068115234,-10.388441003417968,-1.3192051147460937,2.123656872558594,-13.633587786259541,80.51908396946565,-34.62595419847328,-14.755464831542968,1.5897499023437498,1.3192051147460937,-7.358778625954199,-47.038167938931295,15.32824427480916,0.0
17.890000581741333,-11.326968054199218,0.33758243408203126,1.4939818359375,1.8778625954198473,98.59541984732824,-34.33587786259542,-14.075511560058592,2.389413256835937,1.5227122558593749,-11.725190839694656,-51.14503816793893,7.358778625954199,0.0
17.90000081062317,-11.822567797851562,2.43250888671875,1.0917559570312498,5.0534351145038165,107.63358778625954,-33.17557251908397,-10.05564697265625,2.3965958618164063,1.2832920898437499,-32.13740458015267,-50.3206106870229,2.33587786259542,0.0
17.910000562667847,-11.930306872558592,3.402160559082031,0.6344634399414062,6.625954198473282,114.61068702290076,-28.595419847328245,-10.177751257324218,2.0159177978515626,1.3934253662109375,-33.908396946564885,-47.45038167938932,-0.2748091603053435,0.0
17.920000553131104,-11.348515869140625,3.5960908935546874,0.7781155395507812,8.534351145038167,118.97709923664122,-22.564885496183205,-9.835380419921874,-0.8834604125976562,1.2234370483398436,-24.641221374045802,-44.274809160305345,-1.450381679389313,0.0
17.93000054359436,-10.924742175292968,3.459621398925781,1.3527239379882812,5.816793893129771,121.06870229007633,-19.206106870229007,-9.17458076171875,-0.5817910034179687,-0.16519991455078123,-13.511450381679388,-53.603053435114504,-13.572519083969466,0.0
17.940000772476196,-10.129867224121092,3.584119885253906,1.5753846923828123,0.9923664122137404,121.17557251908397,-14.961832061068701,-8.767566479492187,-0.3950432739257812,0.4477157104492187,-6.625954198473282,-50.13740458015267,-16.702290076335878,0.0
17.950000524520874,-9.428366137695312,3.2441432495117186,2.1021090576171875,-5.541984732824427,120.73282442748092,-12.50381679389313,-6.598419775390624,3.057395520019531,-2.961627453613281,-19.572519083969464,-55.969465648854964,-27.572519083969464,0.0
17.96000051498413,-9.011775048828124,2.231395947265625,2.568978381347656,-13.572519083969466,116.07633587786259,-9.618320610687023,-8.726865051269531,0.9504980590820312,-0.45489831542968745,-22.793893129770993,-35.847328244274806,-21.46564885496183,0.0
17.970000505447388,-8.51617530517578,-0.33758243408203126,3.0334535034179684,-13.679389312977099,114.27480916030534,-9.312977099236642,-6.205770703124999,2.47081611328125,-2.3415292236328122,-20.03053435114504,-37.25190839694657,-28.900763358778626,0.0
17.980000495910645,-8.022969763183593,-2.592920397949219,3.0454245117187497,-3.9389312977099236,112.36641221374046,-12.595419847328245,-7.4699091796875,1.6519991455078125,-2.863465185546875,-6.0,-22.16793893129771,-23.603053435114504,0.0
17.99000072479248,-7.4028715332031245,-3.35188232421875,3.4093431640625,8.305343511450381,111.2824427480916,-20.580152671755727,-1.7022773803710936,10.692504614257812,-9.289502441406249,-2.9618320610687023,-34.229007633587784,-32.74809160305343,0.0
18.000000476837158,-8.482656481933594,-2.003946789550781,4.168305090332031,16.106870229007633,107.5114503816794,-28.732824427480917,-6.974309436035155,7.898471276855468,-4.575319372558593,-21.81679389312977,15.618320610687023,-7.709923664122138,0.0
18.010000467300415,-7.592013464355468,-2.4253262817382812,4.1946413085937495,24.442748091603054,101.54198473282443,-35.06870229007634,-3.0789433349609374,10.46984385986328,-7.994239343261718,-39.52671755725191,33.38931297709924,-0.030534351145038167,0.0
18.02000069618225,-8.080430603027343,-3.0262708984374997,3.4452561889648434,39.48091603053435,95.06870229007633,-39.83206106870229,-7.45075556640625,5.597643481445312,-4.012681982421875,-25.801526717557252,42.58015267175573,13.206106870229007,0.0
18.030001163482666,-7.8529814453124995,-2.473210314941406,2.896984008789062,63.603053435114504,94.47328244274809,-45.45038167938932,-2.013523596191406,10.120290417480469,-11.197681164550781,-33.038167938931295,39.3587786259542,13.48091603053435,0.0
18.040000677108765,-9.196128576660156,0.7972691528320313,2.952050646972656,75.45038167938931,89.23664122137404,-49.14503816793893,-6.866570361328125,4.520252734375,-2.4396914916992185,-66.03053435114504,92.6412213740458,32.62595419847328,0.0
18.05000066757202,-8.451531860351562,1.7525556152343749,2.319981408691406,84.10687022900764,84.51908396946565,-47.17557251908397,1.7094599853515624,10.78348427734375,-12.617442749023438,-79.64885496183206,72.29007633587786,26.65648854961832,0.0
18.0600004196167,-10.417171423339843,5.475539196777343,3.3638533325195312,77.41984732824427,77.2824427480916,-44.229007633587784,-10.66856259765625,1.4532804077148436,0.41898529052734373,-126.9618320610687,126.41221374045801,44.961832061068705,0.0
18.070000648498535,-8.947131604003905,2.602497204589844,3.2824504760742186,79.17557251908397,70.33587786259542,-36.595419847328245,-6.643909606933593,0.9696516723632812,-5.142745166015625,-81.90839694656489,93.98473282442748,41.267175572519086,0.0
18.080000638961792,-9.521740002441407,0.8595183959960937,3.0262708984374997,90.59541984732824,66.6412213740458,-34.717557251908396,-9.107543115234375,-6.114791040039062,2.051830822753906,-53.19083969465649,106.99236641221374,45.70992366412214,0.0
18.09000062942505,-12.725181823730468,0.24181436767578124,4.146757275390625,99.14503816793894,64.30534351145039,-40.10687022900763,-10.005368737792969,-12.466608044433594,7.335833886718749,48.30534351145038,77.0381679389313,38.213740458015266,0.0
18.100000619888306,-11.882422839355469,0.05985504150390625,2.806004345703125,105.8473282442748,49.25190839694657,-42.152671755725194,-7.802703210449218,-9.363722692871093,5.202600207519531,123.57251908396947,36.3206106870229,23.129770992366414,0.0
18.110000371932983,-11.020510241699219,2.0925322509765625,3.4620156005859375,99.95419847328245,47.954198473282446,-42.80916030534351,-8.832209924316405,-2.3439234252929686,3.5889082885742187,140.3206106870229,10.106870229007633,21.923664122137403,0.0
18.12000060081482,-9.576806640625,4.3430818115234375,3.526659045410156,86.82442748091603,45.343511450381676,-42.25954198473283,-8.971073620605468,0.6153098266601562,1.5466542724609373,151.05343511450383,-18.30534351145038,7.450381679389313,0.0
18.130000591278076,-8.604760766601562,4.000710974121094,2.8227637573242186,72.7175572519084,44.44274809160305,-40.56488549618321,-10.524910498046875,-1.8435352783203125,5.236119030761718,140.99236641221373,-12.702290076335878,10.946564885496183,0.0
18.140000343322754,-9.229647399902344,4.062960217285156,2.43250888671875,58.67175572519084,45.31297709923664,-42.274809160305345,-12.167332836914062,-0.9121908325195311,4.642357019042969,170.73282442748092,-52.38167938931298,1.251908396946565,0.0
18.15000057220459,-9.220070593261719,5.252878442382812,1.867477294921875,42.0763358778626,46.79389312977099,-39.31297709923664,-9.737218151855469,2.9472622436523435,4.1754876953124995,135.57251908396947,-54.47328244274809,-9.312977099236642,0.0
18.160001039505005,-8.532934716796875,4.939238024902344,1.6017209106445311,20.03053435114504,46.595419847328245,-34.70229007633588,-10.414777221679687,5.681440539550781,0.5793968017578125,116.51908396946565,-77.90839694656489,-18.396946564885496,0.0
18.170000553131104,-9.41639512939453,6.852205151367187,2.4133552734375,-6.33587786259542,47.20610687022901,-32.045801526717554,-13.204022155761718,0.00239420166015625,4.115632653808594,79.3587786259542,-65.87786259541984,-20.15267175572519,0.0
18.18000078201294,-8.882488159179687,5.327098693847656,2.398990063476562,-26.748091603053435,43.41984732824427,-26.427480916030536,-9.102754711914063,3.0262708984374997,0.6296750366210937,64.56488549618321,-82.53435114503817,-35.31297709923664,0.0
18.190000534057617,-9.732429748535155,4.924872814941406,2.655169641113281,-43.6793893129771,40.74809160305343,-22.106870229007633,-12.770671655273437,-1.0223241088867188,1.0965443603515623,50.94656488549618,-81.22137404580153,-38.70229007633588,0.0
18.200000524520874,-9.964667309570311,3.4763808105468748,2.73896669921875,-53.969465648854964,37.74045801526717,-18.625954198473284,-11.487379565429686,-1.2521674682617188,-0.6655880615234374,46.93129770992366,-88.44274809160305,-49.969465648854964,0.0
18.21000027656555,-10.261548315429687,2.952050646972656,2.6575638427734374,-60.94656488549618,36.152671755725194,-15.511450381679388,-12.069170568847655,-2.5570073730468748,2.2864625854492187,41.17557251908397,-85.78625954198473,-53.64885496183206,0.0
18.220000505447388,-9.777919580078125,1.6208745239257811,2.291250988769531,-65.20610687022901,33.099236641221374,-12.931297709923664,-9.167398156738281,0.1197100830078125,0.4477157104492187,48.62595419847328,-102.61068702290076,-63.969465648854964,0.0
18.230000495910645,-10.376469995117187,2.1164742675781247,2.4205378784179685,-72.09160305343511,30.641221374045802,-12.198473282442748,-10.532093103027343,-0.06703764648437499,-1.3239935180664062,44.778625954198475,-97.34351145038168,-64.8854961832061,0.0
18.24000072479248,-10.472238061523436,2.1547814941406247,2.858676782226562,-78.30534351145039,27.0381679389313,-12.534351145038167,-9.947907897949218,3.019088293457031,-1.8531120849609375,51.221374045801525,-103.26717557251908,-69.16030534351145,0.0
18.25000023841858,-10.407594616699217,0.6272808349609375,2.032677209472656,-79.2824427480916,20.641221374045802,-8.442748091603054,-14.961366174316405,-4.271255761718749,4.438849877929687,54.79389312977099,-86.59541984732824,-60.80916030534351,0.0
18.260000705718994,-9.18655177001953,-1.0462661254882812,2.3535002319335936,-63.954198473282446,24.53435114503817,-8.549618320610687,-10.443507641601562,0.9361328491210937,0.8667010009765624,75.41984732824427,-98.01526717557252,-70.9618320610687,0.0
18.27000093460083,-11.259930407714844,0.13646949462890623,2.612074011230469,-63.954198473282446,20.15267175572519,-10.961832061068701,-10.31661495361328,1.1037269653320312,1.668758557128906,70.06106870229007,-88.06106870229007,-63.86259541984733,0.0
18.280000686645508,-10.481814868164061,-0.5243301635742187,2.990357873535156,-57.954198473282446,17.587786259541986,-10.259541984732824,-7.316680273437499,4.192247106933594,-1.3742717529296875,56.35114503816794,-83.57251908396947,-62.97709923664122,0.0
18.290000915527344,-10.500968481445312,0.28490999755859375,4.412513659667969,-51.00763358778626,16.68702290076336,-11.725190839694656,-6.296750366210937,5.53539423828125,-1.6472107421875,36.13740458015267,-68.61068702290076,-55.70992366412214,0.0
18.3000009059906,-10.754753857421875,-0.19393033447265623,4.2329485351562495,-45.37404580152672,9.587786259541986,-12.67175572519084,-8.097190014648437,4.182670300292968,-0.6440402465820312,30.68702290076336,-60.030534351145036,-47.70992366412214,0.0
18.31000065803528,-10.120290417480469,0.689530078125,4.900930798339844,-26.870229007633586,10.931297709923664,-11.755725190839694,-9.181763366699219,1.5682020874023437,0.37828386230468747,18.83969465648855,-34.778625954198475,-38.412213740458014,0.0
18.320000410079956,-8.377311608886718,-1.005564697265625,4.2880151733398435,-6.320610687022901,10.13740458015267,-10.442748091603054,-8.250418920898436,0.9026140258789062,0.6416460449218749,36.83969465648855,-43.93893129770992,-36.38167938931298,0.0
18.330000400543213,-9.356540087890625,0.28730419921875,3.5410242553710933,5.450381679389313,8.427480916030534,-13.099236641221374,-7.1395093505859375,2.43250888671875,-0.5985504150390625,37.7557251908397,-35.45038167938932,-35.404580152671755,0.0
18.34000039100647,-10.273519323730468,1.3096283081054687,3.7804444213867185,3.1755725190839694,6.67175572519084,-11.893129770992367,-7.656656909179687,1.8435352783203125,-0.45489831542968745,28.076335877862597,-26.27480916030534,-29.87786259541985,0.0
18.350000381469727,-10.309432348632813,1.2761094848632812,4.618415002441406,0.4732824427480916,4.442748091603053,-8.778625954198473,-7.908048083496094,2.3343466186523436,-0.14125789794921875,25.84732824427481,-20.732824427480917,-28.442748091603054,0.0
18.360000610351562,-11.001356628417968,1.0414777221679687,5.367800122070312,2.4122137404580153,3.5267175572519083,-4.366412213740458,-10.390835205078124,0.9121908325195311,1.120486376953125,21.81679389312977,-10.549618320610687,-25.893129770992367,0.0
18.37000060081482,-10.682927807617187,0.9241618408203125,5.791573815917968,9.129770992366412,2.0610687022900764,-0.366412213740458,-6.739677673339843,3.763685009765625,-0.6081272216796875,9.19083969465649,-7.129770992366412,-27.587786259541986,0.0
18.380000352859497,-10.771513269042968,1.5753846923828123,6.375759020996093,12.458015267175572,-0.0916030534351145,2.3206106870229006,-9.483432775878907,1.7645266235351562,1.4413093994140624,-3.8931297709923665,1.4198473282442747,-20.793893129770993,0.0
18.390000581741333,-11.116278308105468,1.707065783691406,6.579266162109374,16.641221374045802,-7.648854961832061,2.3053435114503817,-10.97502041015625,-0.354341845703125,3.323151904296875,-1.282442748091603,0.3816793893129771,-16.702290076335878,0.0
18.40000081062317,-11.487379565429686,2.2074539306640624,6.4643444824218745,16.213740458015266,-15.740458015267176,2.198473282442748,-8.954314208984375,-1.1611878051757811,3.0621839233398433,-0.04580152671755725,2.0763358778625953,-19.404580152671755,0.0
18.410000562667847,-10.35492218017578,1.3431471313476562,6.282385156249999,15.374045801526718,-24.793893129770993,3.2977099236641223,-8.245630517578125,-1.3623007446289062,2.27927998046875,9.694656488549619,-4.458015267175573,-18.015267175572518,0.0
18.420000791549683,-11.396399902343749,1.3455413330078123,6.586448767089843,10.320610687022901,-35.37404580152672,0.44274809160305345,-7.644685900878906,-1.8531120849609375,0.17956512451171874,15.221374045801527,-2.6717557251908395,-15.969465648854962,0.0
18.43000078201294,-12.11705460205078,1.0654197387695312,7.60398447265625,8.51908396946565,-47.49618320610687,-1.8015267175572518,-7.314286071777343,-1.1180921752929687,-2.8419173706054686,29.17557251908397,-0.2748091603053435,-12.992366412213741,0.0
18.440000772476196,-12.320561743164061,0.63206923828125,9.64623848876953,11.893129770992367,-60.47328244274809,-3.83206106870229,-6.945579016113281,1.5514426757812498,-4.613626599121093,48.29007633587786,8.80916030534351,-9.114503816793894,0.0
18.450000524520874,-12.303802331542968,-0.15322890625,11.33175645751953,29.374045801526716,-75.49618320610686,-3.0076335877862594,-4.3454760131835934,7.42441934814453,-5.128379956054687,53.267175572519086,20.68702290076336,-10.351145038167939,0.0
18.46000051498413,-14.317325927734375,1.2593500732421874,15.140931298828123,50.656488549618324,-90.90076335877863,-2.2900763358778624,-8.44674345703125,8.741230261230468,-1.7214309936523438,48.274809160305345,36.06106870229008,-0.0,0.0
18.470000743865967,-17.501614135742187,3.854664672851562,16.812084057617188,54.2442748091603,-123.6793893129771,3.9236641221374047,-8.750807067871094,8.291120349121094,-0.25139117431640623,31.557251908396946,42.656488549618324,12.15267175572519,0.0
18.480000495910645,-17.190367919921876,5.566518859863281,14.647725756835937,44.030534351145036,-160.27480916030535,19.068702290076335,-7.273584643554687,6.9336080078124995,-0.7038952880859375,6.183206106870229,40.48854961832061,19.81679389312977,0.0
18.4900004863739,-14.173673828124999,3.375824340820312,12.976572998046874,10.80916030534351,-192.18320610687022,28.68702290076336,-6.648698010253906,5.293579870605469,-1.5538368774414062,-27.17557251908397,44.82442748091603,24.12213740458015,0.0
18.500000476837158,-14.975731384277342,1.254561669921875,13.654132067871092,-7.145038167938932,-216.94656488549617,32.30534351145038,-8.705317236328124,2.0470424194335934,-0.6560112548828124,-44.3206106870229,48.778625954198475,28.85496183206107,0.0
18.510001182556152,-11.427524523925781,-3.1076737548828124,12.911929553222656,25.603053435114504,-239.89312977099237,48.412213740458014,-11.65736788330078,-0.277727392578125,1.8315642700195311,-32.030534351145036,40.18320610687023,29.450381679389313,0.0
18.52000069618225,-10.16338604736328,-3.418919970703125,6.078878015136718,72.9618320610687,-230.77862595419847,59.847328244274806,-12.548010900878905,0.7661445312499999,2.2960393920898436,-17.786259541984734,29.19083969465649,22.458015267175572,0.0
18.530000925064087,-8.549694128417968,-4.771643908691406,-1.024718310546875,65.0381679389313,-223.12977099236642,60.412213740458014,-13.678074084472655,0.25139117431640623,2.6623522460937497,-13.038167938931299,22.045801526717558,20.748091603053435,0.0
18.540000438690186,-8.595183959960938,-3.845087866210937,-4.9823336547851556,61.86259541984733,-208.29007633587787,55.587786259541986,-11.116278308105468,0.15322890625,1.0582371337890624,-28.061068702290076,21.908396946564885,18.229007633587788,0.0
18.5500009059906,-6.787561706542968,-3.833116857910156,-8.05648858642578,47.541984732824424,-194.38167938931298,52.900763358778626,-11.422736120605467,0.17238251953125,-0.277727392578125,-44.091603053435115,27.297709923664122,21.81679389312977,0.0
18.56000065803528,-8.152256652832031,-4.675875842285156,-6.320692382812499,23.435114503816795,-174.76335877862596,40.229007633587784,-12.94065997314453,-1.7381904052734374,-0.488417138671875,-46.88549618320611,28.717557251908396,27.480916030534353,0.0
18.570000410079956,-9.33978067626953,-4.604049792480469,-3.0406361083984375,1.8625954198473282,-160.6259541984733,19.923664122137403,-11.631031665039062,-1.8052280517578123,-1.388636962890625,-41.908396946564885,27.83206106870229,25.34351145038168,0.0
18.580000400543213,-11.97100830078125,-2.346317626953125,1.9991583862304687,2.6106870229007635,-142.6259541984733,3.5572519083969465,-8.985438830566405,-0.09576806640624999,-2.9185318237304685,-47.587786259541986,27.282442748091604,23.236641221374047,0.0
18.59000062942505,-15.37316885986328,1.1372457885742187,5.966350537109375,16.12213740458015,-134.27480916030535,-2.33587786259542,-9.507374792480467,-1.429338391113281,-1.5825672973632812,-57.6793893129771,37.16030534351145,29.61832061068702,0.0
18.600000619888306,-15.29655440673828,1.6232687255859375,5.45877978515625,40.900763358778626,-130.03053435114504,11.251908396946565,-11.487379565429686,-3.632003918457031,-0.4572925170898437,-42.961832061068705,35.61832061068702,32.274809160305345,0.0
18.610000610351562,-16.33084952392578,3.816357446289062,4.5968671875,46.0763358778626,-122.04580152671755,22.9618320610687,-10.484209069824217,-4.862623571777344,0.354341845703125,-18.610687022900763,31.46564885496183,21.954198473282442,0.0
18.62000060081482,-16.232687255859375,5.492298608398437,3.2249896362304686,23.557251908396946,-128.36641221374046,29.572519083969464,-9.686939916992188,-4.417302062988281,0.08858546142578125,3.7404580152671754,26.061068702290076,10.564885496183207,0.0
18.630000352859497,-14.156914416503906,4.015076184082031,0.9169792358398436,-6.351145038167939,-136.03053435114504,39.23664122137404,-11.183315954589844,-4.742913488769531,1.9823989746093749,19.358778625954198,31.66412213740458,12.351145038167939,0.0
18.640000343322754,-9.969455712890625,1.3431471313476562,0.5363011718749999,-24.65648854961832,-131.22137404580153,45.465648854961835,-8.595183959960938,-2.023100402832031,0.3327940307617187,26.442748091603054,28.442748091603054,9.435114503816793,0.0
18.65000057220459,-6.8569935546875,-1.4867992309570313,-1.5394716674804687,-28.290076335877863,-124.58015267175573,45.969465648854964,-12.69166300048828,-4.515464331054687,3.392583752441406,48.2442748091603,33.20610687022901,6.305343511450381,0.0
18.660000801086426,-4.855440966796874,-2.147598889160156,-2.5641899780273434,-30.793893129770993,-117.64885496183206,38.83969465648855,-8.750807067871094,-0.5458779785156249,0.277727392578125,55.81679389312977,18.091603053435115,2.7022900763358777,0.0
18.670000314712524,-1.6903063720703124,-3.785232824707031,-3.5290532470703124,-18.83969465648855,-99.98473282442748,32.61068702290076,-9.313444458007812,-0.39743747558593745,0.7613561279296874,49.25190839694657,23.34351145038168,0.5190839694656488,0.0
18.68000078201294,-0.19871873779296872,-3.5817256835937497,-3.1962592163085937,-0.6717557251908397,-78.21374045801527,27.587786259541986,-10.20169327392578,1.3838485595703125,0.258573779296875,46.97709923664122,17.267175572519083,1.0687022900763359,0.0
18.690000534057617,-0.7350199096679687,-0.7326257080078125,-2.499546533203125,13.17557251908397,-56.56488549618321,22.99236641221374,-8.652644799804687,2.2673089721679687,0.2705447875976562,40.778625954198475,19.954198473282442,3.114503816793893,0.0
18.700000524520874,-1.3670891479492187,1.8842367065429686,-0.6560112548828124,13.389312977099237,-37.43511450381679,22.366412213740457,-9.246406811523437,2.6862942626953124,0.0526724365234375,34.3206106870229,20.702290076335878,6.916030534351145,0.0
18.71000027656555,-1.5705962890624998,2.9951462768554684,0.6296750366210937,0.33587786259541985,-27.862595419847327,23.31297709923664,-9.835380419921874,1.7453730102539062,0.0909796630859375,26.564885496183205,26.137404580152673,10.687022900763358,0.0
18.720000505447388,-2.626439221191406,2.5043349365234375,2.1308394775390624,-18.137404580152673,-22.916030534351144,23.709923664122137,-9.662997900390625,1.4724340209960938,-0.13168109130859373,25.297709923664122,22.03053435114504,11.267175572519085,0.0
18.730000495910645,-0.5339069702148437,0.6823474731445313,2.1978771240234374,-20.091603053435115,-11.236641221374045,28.916030534351144,-8.494627490234375,1.1659762084960936,0.6296750366210937,20.916030534351144,20.50381679389313,10.580152671755725,0.0
18.740000247955322,4.910507604980468,-4.841075756835937,2.3295582153320313,-8.366412213740459,-0.10687022900763359,35.38931297709924,-7.769184387207031,0.6823474731445313,-0.6560112548828124,17.114503816793892,17.72519083969466,8.244274809160306,0.0
18.750000476837158,-0.33039982910156246,-0.14125789794921875,7.180210778808593,13.16030534351145,30.900763358778626,28.27480916030534,-8.039729174804688,1.0366893188476562,0.2705447875976562,3.5572519083969465,28.412213740458014,7.0534351145038165,0.0
18.760000705718994,34.68719365234375,-39.2266,-13.64934366455078,135.32824427480915,16.38167938931298,66.27480916030534,-4.525041137695312,3.1842882080078123,-2.4875755249023435,-20.35114503816794,26.793893129770993,0.12213740458015267,0.0
18.77000093460083,18.241422448730468,-33.921049121093745,0.7757213378906249,471.8167938931298,246.6259541984733,57.16030534351145,-6.0884548217773435,-2.806004345703125,0.6655880615234374,-28.106870229007633,54.0763358778626,2.9618320610687023,0.0
18.780000686645508,-5.054159704589844,-9.358934289550781,1.7573440185546874,500.25954198473283,234.59541984732823,-28.38167938931298,-2.8227637573242186,0.612915625,-0.93852705078125,-27.16030534351145,66.8854961832061,-10.259541984732824,0.0
18.790000915527344,-24.49028878173828,27.317840942382812,2.7581203125,443.19083969465646,240.7175572519084,-62.396946564885496,-5.80354482421875,4.189852905273438,-2.1499930908203124,-104.01526717557252,72.50381679389314,-6.809160305343512,0.0
18.80000066757202,-29.836541088867186,39.22540289916992,7.091625317382812,154.13740458015266,185.46564885496184,-61.19083969465649,-9.399635717773437,7.216123803710937,-1.6160861206054686,-149.87786259541986,85.72519083969466,-11.557251908396946,0.0
18.81000065803528,-10.160991845703125,32.7909859375,6.2009822998046875,-100.45801526717557,92.59541984732824,-28.396946564885496,-15.272612390136718,4.149151477050781,-0.9720458740234375,-216.35114503816794,85.80152671755725,17.34351145038168,0.0
18.820000648498535,-7.024587670898437,15.91665263671875,2.099714855957031,-202.45801526717557,27.435114503816795,-26.16793893129771,-22.282834851074217,-5.082890124511718,3.727771984863281,-186.24427480916032,67.72519083969466,36.961832061068705,0.0
18.830000638961792,-13.041216442871093,21.94285821533203,7.601590270996093,-241.55725190839695,8.870229007633588,-31.81679389312977,-20.53746184082031,-6.749254479980468,3.5721488769531247,-106.80916030534351,34.2442748091603,36.99236641221374,0.0
18.84000039100647,-15.895104821777343,17.183185314941404,11.61906065673828,-355.98473282442745,-75.96946564885496,-23.72519083969466,-17.949329846191404,-4.144363073730468,2.0470424194335934,-79.77099236641222,13.725190839694656,27.541984732824428,0.0
18.850000619888306,-8.777143286132812,-2.4301146850585935,8.355763793945313,-324.82442748091603,-94.54961832061069,27.0381679389313,-14.348450549316405,-2.877830395507812,0.2753331909179687,-46.67175572519084,5.862595419847328,22.015267175572518,0.0
18.860000610351562,-7.893682873535155,-16.74504641113281,7.129932543945312,-178.19847328244273,-59.83206106870229,63.343511450381676,-14.030021728515624,0.3016694091796875,-0.3687070556640625,-11.068702290076336,1.8625954198473282,16.641221374045802,0.0
18.87000060081482,-11.621454858398437,-14.990096594238281,2.607285607910156,-74.94656488549619,-16.18320610687023,57.31297709923664,-13.812149377441406,-1.7836802368164062,-1.1156979736328125,19.358778625954198,-9.114503816793894,9.908396946564885,0.0
18.880000591278076,-14.623783740234375,-7.544129431152343,1.5466542724609373,-43.038167938931295,15.17557251908397,19.66412213740458,-12.887987536621093,4.44363828125,-0.8403647827148437,9.755725190839694,-15.114503816793894,10.091603053435115,0.0
18.890000820159912,-15.933412048339843,-4.829104748535156,6.236895324707031,-28.641221374045802,38.534351145038165,3.8473282442748094,-12.950236779785156,2.5713725830078125,-0.07422025146484375,-0.0916030534351145,-5.938931297709924,30.85496183206107,0.0
18.90000081062317,-23.46796467285156,9.85692823486328,11.978190905761718,-29.709923664122137,63.725190839694655,-8.320610687022901,-13.347674255371093,-0.5386953735351562,1.7980454467773437,9.022900763358779,2.2290076335877864,36.06106870229008,0.0
18.910000562667847,-13.84087979736328,7.709329345703124,3.284844677734375,-79.64885496183206,25.740458015267176,3.5877862595419847,-12.689268798828124,-0.1149216796875,1.3646949462890625,17.740458015267176,-0.9923664122137404,29.328244274809162,0.0
18.920000791549683,-8.013392956542969,-0.11731588134765625,2.43250888671875,-88.01526717557252,36.87022900763359,14.076335877862595,-13.87918702392578,-0.2059013427734375,0.9361328491210937,31.00763358778626,-2.6564885496183206,26.68702290076336,0.0
18.93000054359436,-6.48589229736328,-5.9591679321289055,1.8195932617187498,-87.22137404580153,27.419847328244273,1.7099236641221374,-13.76426534423828,3.5577836669921874,-1.0654197387695312,33.603053435114504,-7.541984732824427,18.870229007633586,0.0
18.940000772476196,-8.619125976562499,-5.66946953125,3.1938650146484373,-58.35114503816794,39.61832061068702,-12.625954198473282,-14.123395593261717,3.071760729980469,0.105344873046875,22.50381679389313,-5.374045801526718,19.083969465648856,0.0
18.950000524520874,-5.7700260009765625,-7.259219433593749,1.180341418457031,-22.53435114503817,50.2442748091603,-22.748091603053435,-13.852850805664062,2.8419173706054686,1.3287819213867187,17.34351145038168,-7.862595419847328,17.358778625954198,0.0
18.96000051498413,-10.359710583496094,-2.7365724975585937,0.7517793212890624,-7.236641221374046,64.76335877862596,-37.3587786259542,-12.751518041992187,4.534617944335937,1.2737152832031249,8.977099236641221,-18.931297709923665,13.053435114503817,0.0
18.970000505447388,-9.392453112792968,-2.442085693359375,0.967257470703125,12.67175572519084,81.3587786259542,-37.69465648854962,-11.781866369628906,3.890577697753906,1.254561669921875,-6.854961832061068,-21.374045801526716,14.778625954198473,0.0
18.980000495910645,-9.842563024902343,-0.6177040283203125,0.5817910034179687,25.72519083969466,96.76335877862596,-40.61068702290076,-12.375628381347655,3.248931652832031,1.2210428466796874,-13.893129770992367,-28.015267175572518,13.908396946564885,0.0
18.9900004863739,-10.378864196777343,1.5251064575195312,0.35673604736328124,36.93129770992366,110.41221374045801,-41.17557251908397,-11.82975040283203,0.5243301635742187,1.7932570434570312,-15.923664122137405,-34.61068702290076,11.725190839694656,0.0
19.000000476837158,-11.128249316406249,4.378994836425781,0.44532150878906246,34.82442748091603,118.70229007633588,-42.2442748091603,-10.922347973632812,0.9744400756835937,-0.5339069702148437,-19.022900763358777,-50.229007633587784,0.5343511450381679,0.0
19.010000944137573,-11.314997045898437,6.643909606933593,0.6703764648437499,20.396946564885496,121.14503816793894,-38.030534351145036,-9.660603698730467,1.6232687255859375,-0.8595183959960937,-30.793893129770993,-47.29770992366412,-3.450381679389313,0.0
19.02000069618225,-11.066000073242186,7.493851196289062,1.3646949462890625,-2.2595419847328246,119.17557251908397,-30.702290076335878,-9.248801013183593,3.1028853515624997,-1.9297265380859374,-39.69465648854962,-50.97709923664122,-8.534351145038167,0.0
19.030000925064087,-10.702081420898438,6.066907006835937,2.185906115722656,-23.419847328244273,115.7557251908397,-23.69465648854962,-9.840168823242188,0.19871873779296872,0.9840168823242187,-52.76335877862596,-32.68702290076336,-7.709923664122138,0.0
19.040000438690186,-9.466673364257812,2.7964275390625,2.35589443359375,-36.30534351145038,111.20610687022901,-17.129770992366414,-7.9272016967773435,2.2194249389648437,-1.8148048583984373,-50.74809160305343,-42.595419847328245,-17.84732824427481,0.0
19.0500009059906,-8.678981018066406,-0.143652099609375,2.300827795410156,-32.88549618320611,110.3969465648855,-15.923664122137405,-9.449913952636718,1.0079588989257813,-0.5434837768554687,-36.56488549618321,-37.725190839694655,-19.740458015267176,0.0
19.0600004196167,-9.030928662109375,-0.7685387329101562,2.748543505859375,-24.396946564885496,109.87786259541984,-19.358778625954198,-5.609614489746093,3.1579519897460937,-2.403778466796875,-33.14503816793893,-33.49618320610687,-24.12213740458015,0.0
19.070000648498535,-8.729259252929687,-1.7621324218749999,2.6336218261718747,-18.03053435114504,106.79389312977099,-21.81679389312977,-8.499415893554687,3.284844677734375,-4.2688615600585935,-13.022900763358779,-27.740458015267176,-20.12213740458015,0.0
19.080000638961792,-7.931990100097655,-2.645592834472656,2.89219560546875,-2.030534351145038,105.69465648854961,-25.267175572519083,-5.353434912109375,7.036558679199218,-4.438849877929687,-4.885496183206107,-23.81679389312977,-19.404580152671755,0.0
19.09000039100647,-8.252813122558594,-1.7094599853515624,3.0502129150390624,8.50381679389313,103.38931297709924,-30.106870229007633,-9.545682019042967,6.208164904785156,-2.528276953125,-4.564885496183206,-5.236641221374046,-8.717557251908397,0.0
19.100000619888306,-8.391676818847655,-0.7805097412109374,3.5242648437499997,16.900763358778626,100.27480916030534,-35.16030534351145,-6.042964990234375,9.272743029785156,-6.9910688476562495,-7.633587786259542,-13.450381679389313,-8.412213740458014,0.0
19.110000610351562,-8.968679418945312,1.1156979736328125,3.670311145019531,19.938931297709924,92.1526717557252,-38.85496183206107,-8.245630517578125,6.1650692749023435,-2.094926452636719,-18.412213740458014,13.86259541984733,4.396946564885496,0.0
19.12000060081482,-8.336610180664062,1.85790048828125,3.1555577880859373,21.66412213740458,86.85496183206106,-38.717557251908396,-0.5003881469726562,15.574281799316406,-13.306972827148437,-44.44274809160305,-2.3053435114503817,-0.21374045801526717,0.0
19.130000591278076,-9.840168823242188,4.422090466308593,4.378994836425781,15.114503816793894,80.21374045801527,-37.38931297709924,-7.3478048950195305,7.876923461914062,-3.6080619018554687,-118.0,67.98473282442748,24.458015267175572,0.0
19.140000820159912,-8.317456567382813,3.9408559326171875,4.153939880371094,9.83206106870229,71.98473282442748,-34.56488549618321,3.5817256835937497,15.753846923828124,-17.377115649414062,-144.3053435114504,45.69465648854962,21.16030534351145,0.0
19.15000057220459,-9.560047229003906,4.675875842285156,3.7924154296875,3.0229007633587788,62.916030534351144,-27.96946564885496,-7.137115148925781,4.695029455566406,-3.4332851806640625,-226.50381679389312,116.94656488549619,42.030534351145036,0.0
19.160000801086426,-8.508992700195313,1.675941162109375,3.766079211425781,10.885496183206106,62.80916030534351,-22.732824427480917,-10.101136804199218,5.985504150390625,-5.391742138671875,-182.83969465648855,87.54198473282443,45.9236641221374,0.0
19.170000314712524,-10.122684619140625,2.0446482177734375,3.423708374023437,18.717557251908396,58.61068702290076,-19.84732824427481,-10.419565624999999,-4.9416322265625,-2.032677209472656,-177.38931297709922,102.62595419847328,55.11450381679389,0.0
19.18000054359436,-10.587159741210938,-1.9512743530273435,3.0645781249999997,40.778625954198475,61.770992366412216,-20.03053435114504,-10.342951171874999,-10.160991845703125,6.138733056640625,-79.74045801526718,81.0381679389313,43.6793893129771,0.0
19.190000772476196,-11.659762084960937,-2.3918074584960936,1.944091748046875,62.56488549618321,57.57251908396947,-28.442748091603054,-7.055712292480468,-8.051700183105469,2.8945898071289062,13.145038167938932,38.35114503816794,23.587786259541986,0.0
19.200000524520874,-13.92467685546875,3.385401147460937,2.8850130004882812,49.70992366412214,53.86259541984733,-36.16793893129771,-12.74912384033203,-11.812990991210937,7.826645227050781,61.541984732824424,21.267175572519083,16.595419847328245,0.0
19.21000051498413,-11.274295617675781,3.912125512695312,2.81558115234375,23.46564885496183,43.25190839694657,-31.938931297709924,-7.862558251953125,-1.8004396484374998,2.8514941772460936,83.95419847328245,-21.938931297709924,4.320610687022901,0.0
19.220000505447388,-10.59194814453125,2.6192566162109374,3.0909143432617188,6.8396946564885495,41.099236641221374,-28.793893129770993,-16.17762061767578,-14.714763403320312,10.903194360351561,130.44274809160305,-45.93893129770992,-12.106870229007633,0.0
19.230000495910645,-11.037269653320312,4.106055847167968,3.220201232910156,-4.778625954198473,41.00763358778626,-32.045801526717554,-12.574347119140624,-2.9759926635742184,4.398148449707031,170.41221374045801,-86.7175572519084,-12.625954198473282,0.0
19.2400004863739,-11.391611499023437,5.45877978515625,2.920926025390625,-33.52671755725191,35.98473282442748,-25.908396946564885,-10.529698901367187,1.3623007446289062,3.9983167724609374,136.03053435114504,-100.79389312977099,-24.091603053435115,0.0
19.250000476837158,-9.991003527832031,5.8610056640625,2.5953145996093747,-56.656488549618324,32.94656488549618,-18.16793893129771,-11.008539233398437,3.9935283691406247,0.7613561279296874,96.13740458015268,-105.69465648854961,-36.152671755725194,0.0
19.260000705718994,-8.628702783203124,6.236895324707031,2.8107927490234372,-80.47328244274809,32.44274809160305,-10.198473282442748,-9.823409411621093,5.679046337890624,-1.8243816650390623,44.82442748091603,-96.1526717557252,-46.6412213740458,0.0
19.27000093460083,-8.47786807861328,5.272032055664062,2.4109610717773435,-92.68702290076335,36.396946564885496,-2.0,-10.548852514648438,3.356670727539062,-3.1100679565429687,6.122137404580153,-80.12213740458016,-49.9236641221374,0.0
19.280000686645508,-10.077194787597655,4.929661218261718,1.8219874633789062,-108.2442748091603,37.25190839694657,0.15267175572519084,-9.267954626464844,2.398990063476562,-2.4779987182617185,8.65648854961832,-85.61832061068702,-57.05343511450382,0.0
19.290000677108765,-10.639832177734375,3.699041564941406,1.0989385620117187,-121.26717557251908,32.88549618320611,4.885496183206107,-7.750030773925781,2.7820623291015623,-1.2234370483398436,-12.549618320610687,-69.20610687022901,-57.74045801526717,0.0
19.30000066757202,-10.326191760253906,0.8092401611328125,1.5107412475585937,-120.50381679389314,37.954198473282446,8.732824427480915,-11.731588134765625,-2.959233251953125,2.501940734863281,-3.9083969465648853,-58.76335877862596,-50.48854961832061,0.0
19.3100004196167,-10.74517705078125,-1.4772224243164063,1.4053963745117186,-114.42748091603053,36.51908396946565,5.190839694656488,-10.726023437499999,-3.3159692993164063,1.5705962890624998,30.290076335877863,-75.45038167938931,-55.14503816793893,0.0
19.320000648498535,-10.970232006835937,-1.7645266235351562,1.0510545288085937,-102.59541984732824,34.67175572519084,2.7938931297709924,-5.506663818359375,2.4013842651367185,-1.0989385620117187,20.641221374045802,-73.48091603053435,-59.64885496183206,0.0
19.330000638961792,-10.460267053222656,-1.7262193969726563,1.3742717529296875,-102.68702290076335,31.31297709923664,1.7709923664122138,-9.732429748535155,0.7709329345703124,0.8451531860351562,18.80916030534351,-67.45038167938931,-49.81679389312977,0.0
19.34000062942505,-11.92551846923828,-0.5267243652343749,2.8802245971679685,-105.58778625954199,24.47328244274809,-2.687022900763359,-10.235212097167969,-0.6631938598632812,3.323151904296875,25.297709923664122,-62.778625954198475,-44.70229007633588,0.0
19.350000619888306,-10.079588989257813,-3.0047230834960934,3.210624426269531,-88.06106870229007,19.404580152671755,2.2900763358778624,-6.229712719726562,3.833116857910156,0.016759411621093748,36.656488549618324,-74.38167938931298,-50.29007633587786,0.0
19.360000371932983,-10.565611926269531,-2.7437551025390623,4.134786267089844,-78.70229007633588,15.786259541984732,-0.44274809160305345,-7.64229169921875,2.5426421630859375,0.7996633544921875,26.763358778625953,-57.37404580152672,-42.06106870229008,0.0
19.37000060081482,-10.802637890625,-2.398990063476562,5.1882349975585935,-67.19083969465649,10.977099236641221,-4.320610687022901,-9.545682019042967,0.8259995727539062,1.867477294921875,18.68702290076336,-43.20610687022901,-34.916030534351144,0.0
19.380000591278076,-10.216058483886718,-2.9735984619140625,5.9208607055664055,-48.534351145038165,5.358778625954199,-5.938931297709924,-10.711658227539061,-1.7741034301757812,3.517082238769531,40.01526717557252,-47.282442748091604,-33.64885496183206,0.0
19.390000343322754,-9.93354268798828,-3.1579519897460937,6.60799658203125,-22.137404580152673,0.07633587786259542,-9.404580152671755,-4.292803576660156,1.93451494140625,-0.3950432739257812,48.13740458015267,-54.778625954198475,-40.76335877862596,0.0
19.40000081062317,-10.881646545410156,-2.032677209472656,6.5505357421875,-6.8396946564885495,-3.786259541984733,-12.16793893129771,-9.952696301269532,-0.7541735229492187,1.2378022583007813,44.61068702290076,-40.2442748091603,-31.282442748091604,0.0
19.410000562667847,-9.878476049804688,-1.1923124267578125,7.364564306640625,3.312977099236641,-10.061068702290076,-14.473282442748092,-5.437231970214843,3.2034418212890623,-0.8906430175781249,30.564885496183205,-34.47328244274809,-32.396946564885496,0.0
19.420000791549683,-10.165780249023436,0.41419688720703124,8.32463917236328,7.129770992366412,-15.877862595419847,-15.16030534351145,-9.74200655517578,1.2521674682617188,2.01112939453125,24.091603053435115,-21.31297709923664,-20.99236641221374,0.0
19.43000054359436,-10.429142431640624,1.0462661254882812,8.817844714355468,10.13740458015267,-25.740458015267176,-15.755725190839694,-5.298368273925781,3.1292215698242187,0.1197100830078125,16.83969465648855,-16.396946564885496,-20.198473282442748,0.0
19.440000772476196,-10.081983190917969,1.659181750488281,9.7683427734375,12.992366412213741,-37.19083969465649,-14.076335877862595,-5.135562561035156,3.5218706420898434,0.33518823242187495,4.519083969465649,-5.114503816793893,-13.007633587786259,0.0
19.450000762939453,-11.168950744628905,2.693476867675781,10.568006127929687,2.7022900763358777,-58.213740458015266,-12.610687022900763,-5.865794067382812,3.066972326660156,1.3718775512695311,-0.8702290076335878,-1.8778625954198473,-5.419847328244275,0.0
19.46000051498413,-11.707646118164062,1.66636435546875,11.712434521484374,11.786259541984732,-79.92366412213741,-7.633587786259542,-8.662221606445312,0.8212111694335937,1.9129671264648436,6.977099236641221,-5.847328244274809,0.7938931297709924,0.0
19.470000505447388,-12.16254443359375,2.384624853515625,12.57674132080078,23.893129770992367,-98.77862595419847,-5.679389312977099,-6.189011291503906,1.2282254516601563,0.02633621826171875,8.549618320610687,2.2442748091603053,1.5114503816793894,0.0
19.480000495910645,-12.478579052734375,2.6384102294921874,13.144167114257812,23.053435114503817,-125.43511450381679,-2.015267175572519,-8.32463917236328,1.2282254516601563,-1.9847931762695312,17.64885496183206,-0.732824427480916,6.122137404580153,0.0
19.4900004863739,-13.55357559814453,1.4891934326171874,13.271059802246093,27.435114503816795,-152.3969465648855,-0.7938931297709924,-9.165003955078124,2.760514514160156,-2.3918074584960936,20.244274809160306,8.67175572519084,4.854961832061068,0.0
19.50000023841858,-14.865598107910156,0.8164227661132812,13.041216442871093,24.198473282442748,-178.83969465648855,1.0381679389312977,-12.126631408691406,3.1651345947265623,-0.9409212524414062,30.946564885496183,13.083969465648854,2.8396946564885495,0.0
19.510001182556152,-16.160861206054687,0.16280571289062498,12.382810986328124,31.374045801526716,-202.6259541984733,4.809160305343512,-13.089100476074218,4.094084838867187,0.3687070556640625,37.908396946564885,10.82442748091603,2.183206106870229,0.0
19.52000069618225,-16.457742211914063,-2.6048914062499997,11.846509814453125,53.343511450381676,-226.4732824427481,12.702290076335878,-14.037204333496092,2.6815058593749996,2.4564509033203126,27.954198473282442,15.450381679389313,5.6183206106870225,0.0
19.530000925064087,-16.249446667480466,-1.7836802368164062,11.59990704345703,86.10687022900764,-235.70992366412213,20.885496183206108,-12.727576025390624,0.8810662109374999,1.448492004394531,15.083969465648854,6.793893129770993,6.717557251908397,0.0
19.540000677108765,-15.626954235839843,-0.469263525390625,4.872200378417968,99.29770992366412,-240.13740458015266,32.2442748091603,-10.82179150390625,2.4061726684570313,0.011971008300781249,10.473282442748092,8.488549618320612,6.8396946564885495,0.0
19.55000066757202,-14.298172314453124,0.0,-1.39821376953125,87.48091603053435,-230.21374045801528,44.18320610687023,-7.678204724121093,4.752490295410156,-1.5179238525390624,-2.7022900763358777,10.122137404580153,5.465648854961832,0.0
19.56000065803528,-12.418724011230468,-3.2417490478515623,-5.238513232421875,90.41221374045801,-214.91603053435114,58.80916030534351,-9.627084875488281,2.2840683837890623,-0.5770026000976562,-12.076335877862595,23.083969465648856,14.244274809160306,0.0
19.570000648498535,-11.65736788330078,-5.710170959472656,-6.490680700683593,97.29770992366412,-188.51908396946564,62.0,-9.361328491210937,1.5753846923828123,-2.29843359375,-12.732824427480915,15.84732824427481,12.15267175572519,0.0
19.580000400543213,-9.418789331054686,-6.133944653320312,-7.345410693359375,65.45038167938931,-175.6793893129771,46.2442748091603,-9.6151138671875,-0.6751648681640625,-1.8507178833007811,-18.198473282442748,23.87786259541985,11.312977099236642,0.0
19.59000062942505,-10.436325036621094,-5.453991381835937,-3.287238879394531,26.99236641221374,-162.21374045801528,19.46564885496183,-10.558429321289061,-0.9193734375,-2.020706201171875,-22.885496183206108,23.51145038167939,11.48091603053435,0.0
19.600000381469727,-10.251971508789062,-5.398924743652343,1.2593500732421874,37.038167938931295,-148.70229007633588,11.374045801526718,-10.670956799316405,-1.7980454467773437,-2.1068974609374997,-29.66412213740458,30.625954198473284,14.748091603053435,0.0
19.610000610351562,-11.748347546386718,-2.1619640991210938,4.627991809082031,64.45801526717557,-128.4885496183206,11.648854961832061,-11.525686791992188,-2.1691467041015624,-1.3192051147460937,-25.908396946564885,26.946564885496183,14.488549618320612,0.0
19.62000036239624,-12.303802331542968,1.8076222534179687,5.8083332275390624,80.13740458015268,-125.3587786259542,14.885496183206106,-14.089876770019531,-3.239354846191406,1.5849614990234373,-6.213740458015267,29.786259541984734,14.778625954198473,0.0
19.630000591278076,-12.483367456054687,5.068524914550781,5.580884069824219,72.38167938931298,-121.74045801526718,18.35114503816794,-9.366116894531249,0.6153098266601562,0.10773907470703124,-2.183206106870229,16.900763358778626,4.3816793893129775,0.0
19.640000343322754,-12.20085166015625,7.252036828613281,3.1962592163085937,40.030534351145036,-131.86259541984734,23.72519083969466,-11.164162341308593,-0.8116343627929687,1.6160861206054686,-0.732824427480916,23.557251908396946,8.229007633587786,0.0
19.65000033378601,-11.954248889160155,6.404489440917969,3.1316157714843746,1.3893129770992367,-129.7709923664122,31.755725190839694,-9.70369932861328,0.18914193115234373,2.013523596191406,-8.305343511450381,21.862595419847327,6.809160305343512,0.0
19.660000562667847,-9.68454571533203,3.0909143432617188,1.2761094848632812,-33.603053435114504,-135.75572519083968,37.969465648854964,-10.8409451171875,-1.0510545288085937,2.913743420410156,-8.442748091603054,21.923664122137403,7.7251908396946565,0.0
19.670000314712524,-8.47786807861328,0.86191259765625,1.0319009155273438,-56.44274809160305,-128.3969465648855,40.152671755725194,-10.287884533691406,-0.5793968017578125,2.1021090576171875,-11.114503816793894,16.33587786259542,6.229007633587786,0.0
19.68000078201294,-4.448426684570312,-2.422932080078125,-1.4532804077148436,-65.83206106870229,-124.33587786259542,40.38167938931298,-11.106701501464842,-1.1851298217773436,3.071760729980469,-8.274809160305344,15.801526717557252,6.809160305343512,0.0
19.69092631340027,-2.863465185546875,-3.9049429077148434,-2.4947581298828125,-58.0,-105.81679389312977,34.68702290076336,-9.145850341796875,-0.18435352783203124,0.6560112548828124,-11.450381679389313,3.9236641221374047,4.0,0.0
19.700000524520874,-2.3223756103515623,-3.5817256835937497,-2.104503259277344,-40.67175572519084,-86.3206106870229,24.610687022900763,-11.286266625976562,-1.9536685546875,2.061407629394531,-10.67175572519084,6.977099236641221,8.122137404580153,0.0
19.71000051498413,-2.003946789550781,-3.2130186279296873,-1.678335363769531,-23.96946564885496,-68.83969465648855,19.984732824427482,-11.75313594970703,-1.2785036865234374,1.8171990600585937,5.206106870229007,-5.6183206106870225,7.8320610687022905,0.0
19.720000505447388,-1.3623007446289062,-2.176329309082031,-1.4915876342773438,-6.6106870229007635,-51.93893129770992,17.83206106870229,-9.593566052246093,-0.5363011718749999,1.7094599853515624,16.564885496183205,-11.206106870229007,4.412213740458015,0.0
19.730000495910645,-2.0542250244140625,1.4891934326171874,-0.040701428222656245,-3.8473282442748094,-36.25954198473283,14.748091603053435,-7.568071447753906,1.5011644409179687,-0.277727392578125,12.51908396946565,-8.961832061068701,3.984732824427481,0.0
19.7400004863739,-3.3016040893554686,3.928884924316406,2.04943662109375,-23.51145038167939,-32.54961832061068,13.511450381679388,-9.02135185546875,-0.39264907226562495,0.28730419921875,10.702290076335878,-1.4809160305343512,10.076335877862595,0.0
19.750000476837158,-1.2425906616210938,1.180341418457031,0.9074024291992187,-32.38167938931298,-29.267175572519083,20.198473282442748,-8.585607153320312,-0.13168109130859373,-0.24899697265624998,15.221374045801527,-1.8015267175572518,9.541984732824428,0.0
19.760000705718994,-1.4532804077148436,0.5793968017578125,1.5825672973632812,-30.80916030534351,-16.137404580152673,22.366412213740457,-7.558494641113281,-0.1197100830078125,-1.180341418457031,14.381679389312977,3.9389312977099236,7.816793893129771,0.0
19.770000457763672,-2.1643583007812497,0.04548983154296875,3.861847277832031,-29.786259541984734,-6.5038167938931295,21.282442748091604,-7.3932947265625,0.9935936889648437,-0.0909796630859375,12.351145038167939,10.900763358778626,9.099236641221374,0.0
19.780000686645508,21.396980236816404,-21.995530651855468,-2.360682836914062,50.67175572519084,0.549618320610687,43.908396946564885,-7.9104422851562495,-0.33518823242187495,0.07422025146484375,12.793893129770993,15.526717557251908,8.763358778625955,0.0
19.790000915527344,12.727576025390624,-14.836867687988281,3.239354846191406,187.86259541984734,115.38931297709924,32.58015267175573,-8.664615808105468,-1.47482822265625,1.1611878051757811,21.923664122137403,24.625954198473284,3.2519083969465647,0.0
19.80000066757202,34.0551244140625,-38.73578865966797,-4.388571643066406,375.89312977099235,157.4351145038168,25.114503816793892,-3.9839515624999997,0.7110778930664062,0.4429273071289062,19.709923664122137,32.152671755725194,-9.541984732824428,0.0
19.81000065803528,11.702857714843748,-22.00510745849609,-2.779668127441406,500.25954198473283,296.0610687022901,-14.396946564885496,-4.101267443847656,-2.480392919921875,2.2194249389648437,-1.1603053435114503,53.41984732824427,-7.450381679389313,0.0
19.820000648498535,-25.134329028320312,32.879571398925776,3.5003228271484375,472.9770992366412,272.21374045801525,-121.57251908396947,-3.447650390625,-0.076614453125,3.385401147460937,5.541984732824427,52.030534351145036,-25.19083969465649,0.0
19.830000638961792,-28.337770849609374,39.22540289916992,5.255272644042968,145.84732824427482,180.3053435114504,-126.19847328244275,-5.875370874023437,8.779537487792968,-2.3056161987304686,-130.99236641221373,72.97709923664122,-7.679389312977099,0.0
19.84000062942505,-28.335376647949218,39.22540289916992,8.482656481933594,-224.19847328244273,92.54961832061069,-88.27480916030534,-12.526463085937499,10.886434948730468,-5.216965417480468,-205.78625954198472,97.80152671755725,5.893129770992366,0.0
19.850000619888306,-6.4356140625,17.611747412109374,2.5450363647460934,-418.68702290076334,-38.94656488549618,-44.93129770992366,-16.977283972167967,2.418143676757812,1.199495031738281,-198.73282442748092,100.1526717557252,39.63358778625954,0.0
19.860000371932983,-9.208099584960937,7.888894470214844,6.974309436035155,-365.60305343511453,-33.19083969465649,-11.267175572519085,-20.523096630859374,-6.555324145507812,2.3343466186523436,-107.31297709923665,57.51145038167939,54.10687022900763,0.0
19.87000060081482,-9.471461767578125,-4.774038110351563,11.647791076660155,-335.4503816793893,-84.83969465648855,18.519083969465647,-16.804901452636717,-7.520187414550781,4.833893151855468,-73.14503816793894,40.85496183206107,42.0,0.0
19.880000352859497,-5.97592734375,-16.565481286621093,14.374786767578124,-180.82442748091603,-63.74045801526717,63.37404580152672,-11.6837041015625,-3.881000891113281,2.059013427734375,-55.89312977099237,15.969465648854962,26.564885496183205,0.0
19.890000581741333,-8.882488159179687,-15.217545751953125,17.264588171386716,-27.17557251908397,-42.85496183206107,76.25954198473282,-10.043675964355469,-1.5634136840820312,2.597708801269531,-32.3206106870229,18.80916030534351,23.83206106870229,0.0
19.90000081062317,-12.095506787109374,-12.188880651855468,13.163320727539062,36.48854961832061,-26.732824427480917,63.00763358778626,-10.005368737792969,-0.41419688720703124,1.8650830932617186,-25.755725190839694,22.076335877862597,20.702290076335878,0.0
19.910000562667847,-14.506467858886717,-7.807491613769531,4.484339709472656,61.87786259541985,0.44274809160305345,41.786259541984734,-10.213664282226562,0.5147533569335937,1.3479355346679687,-26.137404580152673,13.312977099236642,21.587786259541986,0.0
19.920000553131104,-21.59809317626953,8.429984045410155,-1.37906015625,19.00763358778626,32.213740458015266,14.091603053435115,-12.847286108398437,-3.9983167724609374,1.4245499877929686,-8.580152671755725,11.541984732824428,22.27480916030534,0.0
19.93000030517578,-13.881581225585936,10.120290417480469,-2.1619640991210938,-28.80916030534351,27.16030534351145,23.541984732824428,-12.38520518798828,-2.0638018310546875,2.4253262817382812,-5.938931297709924,-0.5343511450381679,28.53435114503817,0.0
19.940000534057617,-13.618219042968748,6.1818286865234375,9.890447058105469,-60.06106870229008,43.06870229007634,25.358778625954198,-14.372392565917968,-0.9624690673828125,0.8882488159179687,3.8625954198473282,-11.221374045801527,20.732824427480917,0.0
19.950000286102295,-7.326257080078125,0.852335791015625,7.675810522460937,-74.70229007633588,22.702290076335878,28.30534351145038,-14.539986682128905,1.6448165405273436,1.0007762939453124,4.793893129770993,-12.50381679389313,19.954198473282442,0.0
19.96000027656555,-6.871358764648437,0.2657563842773437,1.3862427612304686,-75.61832061068702,30.564885496183205,25.435114503816795,-16.63012473144531,0.3232172241210937,1.4508862060546874,14.67175572519084,-12.320610687022901,24.15267175572519,0.0
19.970000505447388,-6.787561706542968,-3.450044592285156,-0.06943184814453125,-87.70992366412214,23.450381679389313,14.992366412213741,-16.223110449218748,2.2673089721679687,0.9313444458007812,16.580152671755727,-16.82442748091603,18.076335877862597,0.0
19.980000257492065,-6.069301208496094,-9.995791931152343,0.82360537109375,-70.79389312977099,32.88549618320611,6.213740458015267,-16.29733070068359,2.370259643554687,1.5777788940429687,11.114503816793894,-16.50381679389313,19.435114503816795,0.0
19.9900004863739,-10.271125122070313,-6.179434484863281,1.4173673828125,-38.732824427480914,50.030534351145036,-13.786259541984732,-16.0507279296875,2.6503812377929687,2.6479870361328124,14.977099236641221,-19.954198473282442,19.938931297709924,0.0
20.00000023841858,-10.031704956054687,-5.817910034179687,1.6615759521484375,-9.16030534351145,67.32824427480917,-17.786259541984734,-14.719551806640624,3.612850305175781,2.310404602050781,7.022900763358779,-25.786259541984734,17.31297709923664,0.0
20.010000467300415,-10.685322009277343,-3.414131567382812,2.1404162841796874,18.625954198473284,85.43511450381679,-23.572519083969464,-14.334085339355468,3.095702746582031,2.6910826660156246,1.4809160305343512,-26.106870229007633,16.27480916030534,0.0
20.020000457763672,-10.146626635742187,-1.898601916503906,1.2593500732421874,33.9236641221374,96.44274809160305,-28.16793893129771,-13.728352319335936,1.6903063720703124,3.4356793823242184,3.5114503816793894,-34.87022900763359,10.213740458015268,0.0
20.030000925064087,-10.601524951171875,0.97683427734375,0.34715924072265625,45.221374045801525,106.80916030534351,-32.717557251908396,-12.224793676757812,2.5043349365234375,2.8730419921875,6.412213740458015,-45.14503816793893,5.603053435114504,0.0
20.040000677108765,-11.623849060058593,3.9145197143554684,0.469263525390625,41.404580152671755,110.4885496183206,-31.61832061068702,-11.003750830078124,3.0621839233398433,1.9752163696289062,-2.7786259541984735,-50.94656488549618,2.1374045801526718,0.0
20.0500009059906,-11.877634436035155,5.734112976074218,1.158793603515625,29.053435114503817,111.00763358778626,-27.587786259541986,-9.536105212402344,2.674323254394531,1.3144167114257812,-14.763358778625955,-52.06106870229008,0.6412213740458015,0.0
20.06000065803528,-12.12423720703125,6.189011291503906,1.4006079711914061,9.801526717557252,109.81679389312977,-20.9618320610687,-10.230423693847655,1.2761094848632812,0.7493851196289062,-13.541984732824428,-49.16030534351145,0.4122137404580153,0.0
20.070000410079956,-11.59990704345703,4.594472985839843,1.5418658691406248,-4.1679389312977095,107.80152671755725,-14.076335877862595,-10.797849487304687,-0.6368576416015624,0.8379705810546875,-2.595419847328244,-52.38167938931298,-4.5038167938931295,0.0
20.080000638961792,-10.759542260742187,2.6192566162109374,1.7453730102539062,-11.618320610687023,107.1145038167939,-8.992366412213741,-10.541669909667968,-0.8259995727539062,0.7493851196289062,7.32824427480916,-60.38167938931298,-14.80916030534351,0.0
20.09000062942505,-9.631873278808593,1.199495031738281,2.3223756103515623,-8.931297709923664,107.81679389312977,-6.809160305343512,-8.020575561523437,2.0542250244140625,-0.7158662963867187,0.4732824427480916,-63.343511450381676,-24.412213740458014,0.0
20.100000619888306,-8.877699755859375,0.9050082275390624,2.940079638671875,-7.129770992366412,109.17557251908397,-7.9541984732824424,-10.532093103027343,-0.062249243164062495,1.1276689819335937,1.984732824427481,-54.93129770992366,-23.862595419847327,0.0
20.110000610351562,-8.257601525878906,-1.467645617675781,2.844311572265625,-3.7251908396946565,105.69465648854961,-10.534351145038167,-10.453084448242187,-0.02154781494140625,0.1867477294921875,17.557251908396946,-61.49618320610687,-30.870229007633586,0.0
20.12000060081482,-7.709329345703124,-2.2457611572265623,2.9640216552734375,9.221374045801527,106.67175572519083,-16.641221374045802,-8.379705810546875,2.7844565307617186,-2.418143676757812,26.53435114503817,-60.778625954198475,-35.66412213740458,0.0
20.130000352859497,-8.473079675292968,-1.2569558715820313,3.555389465332031,14.641221374045802,104.53435114503817,-25.541984732824428,-9.14824454345703,1.9847931762695312,-1.5897499023437498,33.908396946564885,-45.6793893129771,-29.923664122137403,0.0
20.140000820159912,-7.829039428710937,-1.6639701538085936,3.0166940917968748,24.290076335877863,101.77099236641222,-29.908396946564885,-7.5153990112304685,4.855440966796874,-2.961627453613281,39.404580152671755,-45.7557251908397,-32.54961832061068,0.0
20.15000057220459,-7.821856823730468,-0.74699091796875,2.7150246826171873,34.778625954198475,102.07633587786259,-34.19847328244275,-7.8338278320312495,5.418078356933593,-2.7940333374023436,36.88549618320611,-30.580152671755727,-28.870229007633586,0.0
20.160000801086426,-8.59278975830078,0.718260498046875,3.4620156005859375,36.25954198473283,100.25954198473282,-38.961832061068705,-6.677428430175781,4.860229370117187,-3.725377783203125,25.34351145038168,-17.0381679389313,-22.366412213740457,0.0
20.170000314712524,-8.55448253173828,0.8092401611328125,3.5218706420898434,36.595419847328245,96.77862595419847,-39.64885496183206,-7.5153990112304685,3.1699229980468746,-2.1715409057617188,27.206106870229007,-2.946564885496183,-15.34351145038168,0.0
20.18000078201294,-9.698910925292969,1.5155296508789062,3.4835634155273434,42.51908396946565,94.79389312977099,-41.57251908396947,-5.839457849121094,3.845087866210937,-2.8706477905273435,36.83969465648855,-6.412213740458015,-13.98473282442748,0.0
20.190000534057617,-9.859322436523437,0.4381389038085937,3.4165257690429685,44.61068702290076,87.19083969465649,-41.02290076335878,-7.7787611938476555,2.1906945190429687,-0.9744400756835937,45.282442748091604,0.42748091603053434,-9.84732824427481,0.0
20.200000762939453,-10.168174450683592,2.626439221191406,4.039018200683594,47.51145038167939,85.08396946564885,-43.31297709923664,-0.36152445068359373,9.153032946777342,-8.67658681640625,10.641221374045802,-3.114503816793893,-20.229007633587788,0.0
20.21000027656555,-8.916006982421875,4.053383410644531,3.6942531616210936,33.32824427480916,71.14503816793894,-39.19083969465649,-8.149862451171874,2.8514941772460936,-1.3263877197265623,-20.641221374045802,38.6412213740458,4.3816793893129775,0.0
20.220000505447388,-9.153032946777342,3.536235852050781,4.242525341796875,33.465648854961835,69.86259541984732,-36.18320610687023,-1.9536685546875,9.349357482910156,-9.409212524414063,-35.55725190839695,18.916030534351144,-2.717557251908397,0.0
20.230000495910645,-8.801085302734375,3.3686417358398435,3.380612744140625,39.11450381679389,64.07633587786259,-31.389312977099237,-8.992621435546875,2.5617957763671875,-0.9552864624023437,-70.74809160305344,77.46564885496183,17.435114503816795,0.0
20.240000247955322,-7.467514978027343,3.725377783203125,4.151545678710937,38.2442748091603,63.89312977099237,-30.48854961832061,16.002843896484375,32.166099304199214,-27.945121777343747,-142.4732824427481,43.908396946564885,-17.17557251908397,0.0
20.250000476837158,-8.379705810546875,8.044517578125,5.181052392578125,19.51145038167939,53.16030534351145,-25.114503816793892,-8.98304462890625,15.27740079345703,-11.341333264160156,-333.4961832061069,192.54961832061068,30.076335877862597,0.0
20.260000705718994,-8.865728747558594,4.876988781738281,5.987898352050781,5.129770992366412,47.25190839694657,-20.396946564885496,-16.69476817626953,-6.076483813476562,4.2880151733398435,-258.29007633587787,171.9083969465649,63.786259541984734,0.0
20.270000457763672,-9.45470235595703,-1.6017209106445311,4.350264416503906,30.99236641221374,36.87022900763359,-16.82442748091603,-17.14248388671875,-18.57182227783203,5.827486840820312,-100.83969465648855,129.2824427480916,67.57251908396947,0.0
20.28000044822693,-15.387534069824218,-5.5090580200195305,3.284844677734375,73.69465648854961,39.725190839694655,-23.954198473282442,-37.42376614990234,-39.2266,26.752809350585935,129.31297709923663,88.30534351145039,70.16793893129771,0.0
20.290000915527344,-14.815319873046874,-5.0757075195312495,1.3096283081054687,100.91603053435115,28.977099236641223,-40.16793893129771,-13.378798876953125,-23.503877697753904,10.797849487304687,361.0381679389313,-58.900763358778626,-0.0916030534351145,0.0
20.30000066757202,-15.270218188476562,2.1308394775390624,2.6503812377929687,82.0,25.87786259541985,-46.19847328244275,-18.1959326171875,-19.47204210205078,13.397952490234374,361.3435114503817,-98.79389312977099,-14.687022900763358,0.0
20.31000065803528,-14.379575170898436,5.925649108886718,4.697423657226563,27.129770992366414,8.992366412213741,-43.603053435114504,-15.37316885986328,-5.837063647460937,4.881777185058594,452.12213740458014,-206.27480916030535,-39.9236641221374,0.0
20.320000648498535,-14.463372229003905,8.279149340820313,5.099649536132812,-13.923664122137405,-8.549618320610687,-35.954198473282446,-16.840814477539062,4.182670300292968,0.36152445068359373,386.3358778625954,-223.9236641221374,-51.49618320610687,0.0
20.330000400543213,-11.736376538085937,6.315903979492187,4.6639048339843745,-43.66412213740458,-18.519083969465647,-19.541984732824428,-16.2039568359375,14.200010046386717,-3.181894006347656,315.78625954198475,-227.1145038167939,-68.91603053435115,0.0
20.34000062942505,-9.651026892089844,4.302380383300781,3.2704794677734372,-53.80152671755725,-19.984732824427482,-5.709923664122138,-19.302053784179687,11.262324609375,-0.6727706665039062,210.7175572519084,-175.46564885496184,-52.76335877862596,0.0
20.350000381469727,-5.485116003417969,2.157175695800781,3.1387983764648437,-46.534351145038165,-14.076335877862595,-2.4885496183206106,-6.45476767578125,16.63251893310547,-3.912125512695312,143.05343511450383,-172.5648854961832,-54.35114503816794,0.0
20.360000371932983,-3.6559459350585937,2.729389892578125,0.9313444458007812,-29.87786259541985,-1.4351145038167938,-2.4580152671755724,-1.3383587280273437,13.608642236328125,-5.121197351074218,54.80916030534351,-125.5114503816794,-42.74809160305343,0.0
20.37000060081482,-2.3127988037109373,2.932897033691406,0.047884033203124995,-22.15267175572519,14.748091603053435,-3.0839694656488548,0.8379705810546875,10.261548315429687,-5.2433016357421875,-27.450381679389313,-67.40458015267176,-37.404580152671755,0.0
20.380000352859497,-4.429273071289062,3.2609026611328122,-0.062249243164062495,-19.14503816793893,35.3587786259542,-7.435114503816794,-2.080561242675781,4.448426684570312,-2.4684219116210935,-76.10687022900764,-14.977099236641221,-29.00763358778626,0.0
20.390000820159912,-7.68059892578125,2.91134921875,0.11731588134765625,-31.00763358778626,36.961832061068705,-12.305343511450381,-3.756502404785156,0.10773907470703124,-2.1356278808593747,-78.35114503816794,-11.84732824427481,-21.129770992366414,0.0
20.40000033378601,-8.82981572265625,0.9720458740234375,-0.622492431640625,-34.62595419847328,39.64885496183206,-9.83206106870229,-9.763554370117188,-3.2920272827148436,-0.24899697265624998,-60.900763358778626,-8.106870229007633,-15.526717557251908,0.0
20.410000562667847,-9.976638317871092,0.30885201416015623,1.7022773803710936,-44.12213740458015,43.87786259541985,-11.236641221374045,-9.734823950195311,-2.844311572265625,-0.17477672119140625,-40.47328244274809,-10.610687022900763,-20.091603053435115,0.0
20.420000791549683,-12.322955944824217,1.2976572998046874,3.4620156005859375,-48.68702290076336,44.10687022900763,-13.19083969465649,-8.317456567382813,-0.6847416748046875,0.6177040283203125,-27.786259541984734,-11.83206106870229,-24.48854961832061,0.0
20.43000030517578,-12.957419384765624,2.3487118286132813,4.575319372558593,-58.19847328244275,35.038167938931295,-8.65648854961832,-7.019799267578125,2.001552587890625,1.120486376953125,-18.244274809160306,-18.106870229007633,-23.893129770992367,0.0
20.440000534057617,-13.797784167480469,3.047818713378906,6.299144567871093,-65.58778625954199,29.938931297709924,-2.015267175572519,-7.41244833984375,2.7748797241210936,2.8610709838867185,-17.770992366412212,-14.15267175572519,-17.206106870229007,0.0
20.450000524520874,-11.298237634277344,-0.39264907226562495,5.219359619140625,-66.06106870229007,18.458015267175572,7.587786259541985,-6.835445739746094,2.0254946044921875,3.296815686035156,-13.206106870229007,-18.47328244274809,-13.603053435114504,0.0
20.46000051498413,-9.821015209960937,-2.7820623291015623,4.879382983398437,-49.6793893129771,20.732824427480917,9.312977099236642,-7.697358337402343,1.465251416015625,3.9911341674804683,-9.114503816793894,-11.725190839694656,-11.98473282442748,0.0
20.47000026702881,-10.165780249023436,-2.4779987182617185,5.05655390625,-39.52671755725191,21.603053435114504,-0.3816793893129771,-7.37414111328125,1.7381904052734374,2.7365724975585937,-11.526717557251908,-8.122137404580153,-11.297709923664122,0.0
20.480000495910645,-9.543287817382812,-2.0638018310546875,5.444414575195312,-33.49618320610687,17.557251908396946,-7.480916030534351,-10.386046801757812,-0.9026140258789062,3.0214824951171875,-14.16793893129771,-0.4122137404580153,-8.442748091603054,0.0
20.4900004863739,-8.86094034423828,-2.597708801269531,5.386953735351562,-26.244274809160306,15.16030534351145,-13.49618320610687,-8.91840118408203,-1.448492004394531,2.437297290039062,-4.106870229007634,-5.190839694656488,-13.206106870229007,0.0
20.50000023841858,-8.47786807861328,-3.380612744140625,4.604049792480469,-0.9770992366412213,19.96946564885496,-20.061068702290076,-7.850587243652344,-1.2138602416992186,1.5059528442382812,-1.0229007633587786,-2.717557251908397,-18.458015267175572,0.0
20.510000944137573,-7.960720520019531,-1.158793603515625,5.9376201171875,14.290076335877863,25.206106870229007,-26.38167938931298,-7.575254052734374,-0.3184288208007812,1.0486603271484374,-6.916030534351145,5.648854961832061,-21.801526717557252,0.0
20.520000457763672,-8.492233288574218,0.12689268798828124,7.165845568847656,21.206106870229007,21.099236641221374,-30.412213740458014,-9.181763366699219,-1.7357962036132812,2.748543505859375,-13.450381679389313,15.786259541984732,-20.580152671755727,0.0
20.530000925064087,-10.335768566894531,0.5099649536132812,8.429984045410155,31.14503816793893,17.34351145038168,-31.96946564885496,-8.176198669433592,-1.0462661254882812,3.009511486816406,-0.916030534351145,4.152671755725191,-21.34351145038168,0.0
20.540000677108765,-10.836156713867187,0.143652099609375,9.974244116210937,41.7557251908397,4.656488549618321,-28.15267175572519,-9.313444458007812,-1.6711527587890624,3.641580725097656,6.0,5.175572519083969,-17.938931297709924,0.0
20.5500009059906,-13.077129467773437,1.8004396484374998,11.604695446777344,60.30534351145038,-3.2061068702290076,-22.045801526717558,-8.422801440429687,-1.5059528442382812,3.5793314819335937,16.47328244274809,1.083969465648855,-14.427480916030534,0.0
20.56000065803528,-13.493720556640625,3.019088293457031,12.081141577148436,69.7557251908397,-25.267175572519083,-13.511450381679388,-9.3852705078125,-0.22505495605468748,1.8052280517578123,28.68702290076336,-0.9770992366412213,-8.885496183206106,0.0
20.570000648498535,-14.62617794189453,5.097255334472656,13.254300390625,77.22137404580153,-44.16793893129771,-5.770992366412214,-10.077194787597655,1.9129671264648436,0.047884033203124995,35.70992366412214,0.4122137404580153,-4.244274809160306,0.0
20.580000638961792,-15.512032556152343,5.291185668945312,13.781024755859374,76.47328244274809,-72.35114503816794,2.122137404580153,-12.00213292236328,3.545812658691406,0.36391865234375,43.37404580152672,2.6106870229007635,-3.236641221374046,0.0
20.59000062942505,-15.385139868164062,3.9336733276367184,13.852850805664062,85.78625954198473,-103.34351145038168,13.17557251908397,-11.298237634277344,4.991910461425781,1.5562310791015623,40.38167938931298,6.198473282442748,-3.7099236641221376,0.0
20.600000381469727,-15.100229870605467,4.477157104492187,13.63019005126953,91.70992366412214,-128.0916030534351,20.748091603053435,-11.396399902343749,4.3239281982421875,2.961627453613281,29.49618320610687,9.17557251908397,-3.267175572519084,0.0
20.610000371932983,-17.266982373046876,6.4475850708007805,13.958195678710936,66.27480916030534,-155.98473282442748,21.786259541984734,-11.824961999511718,1.8650830932617186,3.6583401367187496,16.732824427480917,8.381679389312977,1.3587786259541985,0.0
20.62000060081482,-16.38831036376953,2.9975404785156248,13.1393787109375,25.81679389312977,-195.05343511450383,27.0381679389313,-11.937489477539062,-0.9720458740234375,3.785232824707031,11.603053435114504,3.816793893129771,6.702290076335878,0.0
20.630000591278076,-17.67878505859375,0.603338818359375,15.473725329589843,21.435114503816795,-221.9083969465649,33.02290076335878,-6.56968935546875,1.5825672973632812,0.6847416748046875,7.4961832061068705,-9.511450381679388,1.8931297709923665,0.0
20.640000820159912,-16.666037756347656,-1.1420341918945311,16.232687255859375,59.52671755725191,-246.7175572519084,51.52671755725191,-7.45075556640625,0.9840168823242187,0.603338818359375,2.4732824427480917,-5.938931297709924,1.8473282442748091,0.0
20.65000057220459,-14.259865087890624,0.430956298828125,5.6311623046875,84.13740458015268,-241.9236641221374,72.1526717557252,-6.687005236816406,1.7477672119140624,0.047884033203124995,-4.396946564885496,-6.152671755725191,-0.0,0.0
20.660000801086426,-11.906364855957031,-0.51714755859375,-3.7229835815429686,32.0,-239.3740458015267,75.00763358778626,-6.373364819335937,1.9033903198242186,0.5051765502929687,-17.297709923664122,5.0534351145038165,-0.2748091603053435,0.0
20.670000553131104,-10.94868419189453,-1.5705962890624998,-7.60398447265625,3.877862595419847,-231.26717557251908,74.42748091603053,-7.436390356445312,1.8698714965820311,-0.6751648681640625,-30.396946564885496,2.9160305343511452,-0.7938931297709924,0.0
20.68000078201294,-9.428366137695312,-4.515464331054687,-10.66856259765625,-7.374045801526718,-219.08396946564886,73.78625954198473,-8.303091357421874,2.272097375488281,-0.39743747558593745,-48.0,10.763358778625955,-0.8702290076335878,0.0
20.690000295639038,-7.570465649414062,-9.131485131835937,-6.6343328002929685,-13.19083969465649,-191.3740458015267,58.717557251908396,-8.889670764160156,3.2321722412109373,0.0909796630859375,-76.01526717557252,21.786259541984734,2.687022900763359,0.0
20.700000524520874,-7.620743884277343,-7.232883215332031,-3.284844677734375,-32.030534351145036,-177.09923664122138,28.732824427480917,-14.408305590820312,-0.3136404174804687,1.6136919189453125,-84.36641221374046,25.46564885496183,12.900763358778626,0.0
20.71000051498413,-9.337386474609374,-5.0182466796875,1.2928688964843749,-17.0381679389313,-162.53435114503816,7.7251908396946565,-11.681309899902343,0.8116343627929687,1.139639990234375,-88.74809160305344,15.603053435114504,10.488549618320612,0.0
20.720000505447388,-12.15536182861328,-0.16519991455078123,3.3255461059570313,17.770992366412212,-144.51908396946564,4.870229007633588,-10.225635290527343,0.19153613281249998,-0.1149216796875,-94.3969465648855,18.0,11.84732824427481,0.0
20.730000495910645,-13.057975854492186,1.1540052001953125,4.060566015625,34.74809160305343,-134.3969465648855,14.473282442748092,-11.664550488281249,-2.185906115722656,-0.0430956298828125,-91.95419847328245,23.541984732824428,17.633587786259543,0.0
20.7400004863739,-12.624625354003905,1.6136919189453125,3.0166940917968748,40.3206106870229,-126.82442748091603,22.748091603053435,-11.52329259033203,-4.505887524414062,-0.6272808349609375,-68.97709923664122,14.82442748091603,13.83206106870229,0.0
20.75000023841858,-14.513650463867187,4.256890551757812,2.389413256835937,17.14503816793893,-128.4732824427481,22.549618320610687,-8.343792785644531,-3.5218706420898434,-1.4317325927734375,-43.83206106870229,11.938931297709924,9.053435114503817,0.0
20.760000467300415,-4.821922143554687,-4.103661645507812,-2.971204260253906,14.488549618320612,-134.38167938931298,37.343511450381676,-10.01015714111328,-4.53940634765625,-1.4437036010742186,-19.52671755725191,13.389312977099237,7.862595419847328,0.0
20.770000457763672,-4.338293408203125,-5.267243652343749,-2.090138049316406,39.69465648854962,-92.18320610687023,34.412213740458014,-7.592013464355468,-2.9951462768554684,-0.33758243408203126,3.2061068702290076,22.290076335877863,2.198473282442748,0.0
20.780000925064087,3.8953661010742184,-11.853692419433592,-7.249642626953125,80.38167938931298,-68.74809160305344,31.954198473282442,-6.53138212890625,-0.105344873046875,-1.6232687255859375,19.96946564885496,26.793893129770993,-0.7480916030534351,0.0
20.790000915527344,-0.15322890625,-6.155492468261718,-1.8028338500976562,120.77862595419847,-12.244274809160306,14.885496183206106,-6.196193896484375,0.852335791015625,-0.40940848388671874,18.091603053435115,46.33587786259542,2.4732824427480917,0.0
20.80000066757202,29.44628621826172,-35.491645410156245,-16.045939526367185,201.1908396946565,-1.3129770992366412,33.3587786259542,-4.264073156738281,1.465251416015625,-1.0678139404296874,18.48854961832061,56.70229007633588,5.145038167938932,0.0
20.8100004196167,11.92551846923828,-30.119056884765623,-11.875240234375,451.587786259542,173.25190839694656,6.763358778625954,-8.032546569824218,-1.7214309936523438,-0.19153613281249998,22.12213740458015,69.12977099236642,9.755725190839694,0.0
20.820000410079956,-15.368380456542967,5.238513232421875,1.0199299072265624,410.0610687022901,163.05343511450383,-82.44274809160305,-4.565742565917969,2.9855694702148434,1.407790576171875,25.603053435114504,81.7557251908397,5.32824427480916,0.0
20.830000638961792,-23.99229483642578,31.988928381347655,1.7956512451171873,256.99236641221376,133.70992366412213,-75.89312977099236,-9.449913952636718,10.280701928710936,-0.8714894042968749,-50.88549618320611,79.57251908396947,11.893129770992367,0.0
20.84000062942505,-30.142998901367186,39.22540289916992,6.193799694824218,-43.49618320610687,71.64885496183206,-58.50381679389313,-11.231199987792968,14.681244580078124,-2.8419173706054686,-125.6793893129771,89.16030534351145,19.61832061068702,0.0
20.850000381469727,-5.3390697021484375,22.898144677734372,-4.2880151733398435,-317.46564885496184,-68.9618320610687,-13.206106870229007,-14.566322900390624,5.772420202636718,0.8954314208984374,-160.3206106870229,93.83206106870229,46.83969465648855,0.0
20.860000371932983,-3.5889082885742187,11.238382592773437,-3.9360675292968748,-319.74045801526717,-78.16793893129771,4.8396946564885495,-16.812084057617188,-5.142745166015625,0.8858546142578124,-122.12213740458016,65.63358778625954,58.3206106870229,0.0
20.87000036239624,-2.4444798950195312,-2.7724855224609373,-4.209006518554688,-318.82442748091603,-108.85496183206106,19.938931297709924,-15.655684655761718,-9.064447485351561,3.9791631591796874,-37.587786259541986,47.343511450381676,50.76335877862596,0.0
20.880000352859497,-3.555389465332031,-6.909665991210937,1.1133037719726562,-229.06870229007635,-76.29007633587786,38.79389312977099,-9.330203869628905,-4.771643908691406,1.5179238525390624,-5.587786259541985,20.0,30.519083969465647,0.0
20.890000581741333,-3.801992236328125,-7.4603323730468745,4.627991809082031,-174.1679389312977,-74.10687022900764,45.51145038167939,-9.064447485351561,-2.8802245971679685,2.607285607910156,10.13740458015267,27.328244274809162,29.31297709923664,0.0
20.90000033378601,-1.2497732666015624,-10.366893188476562,5.267243652343749,-100.22900763358778,-52.85496183206107,50.229007633587784,-7.484274389648437,-1.4508862060546874,-0.1484405029296875,17.450381679389313,31.374045801526716,24.412213740458014,0.0
20.910000562667847,-2.0829554443359375,-9.871293444824218,7.979874133300781,-16.27480916030534,-23.251908396946565,45.038167938931295,-7.426813549804687,-0.7781155395507812,2.243366955566406,31.16030534351145,35.38931297709924,24.702290076335878,0.0
20.920000791549683,-7.762001782226562,-1.8219874633789062,14.295778112792968,32.35114503816794,1.1450381679389312,35.17557251908397,-6.866570361328125,-0.584185205078125,1.2210428466796874,39.31297709923664,36.74809160305343,25.83206106870229,0.0
20.93000054359436,-9.655815295410155,0.6631938598632812,14.283807104492187,46.396946564885496,-3.8473282442748094,37.847328244274806,-7.465120776367187,0.6200982299804687,0.6344634399414062,38.274809160305345,40.0763358778626,27.0381679389313,0.0
20.940000772476196,-21.212626708984374,17.436970690917967,18.085799340820312,5.3893129770992365,-8.82442748091603,30.27480916030534,-8.717288244628906,1.3838485595703125,-0.373495458984375,30.931297709923665,46.58015267175573,28.137404580152673,0.0
20.950000524520874,-16.82166086425781,13.49611475830078,14.37718096923828,-96.6412213740458,-73.12977099236642,37.00763358778626,-7.857769848632812,5.437231970214843,-2.3918074584960936,-2.366412213740458,57.847328244274806,31.49618320610687,0.0
20.96000027656555,-18.365920935058593,11.736376538085937,14.937424157714842,-133.31297709923663,-91.6030534351145,52.29007633587786,-10.321403356933594,2.023100402832031,-2.1619640991210938,-16.65648854961832,75.2824427480916,42.916030534351144,0.0
20.970000505447388,-10.43871923828125,3.883395092773437,11.449072338867186,-147.29770992366412,-128.25954198473283,65.43511450381679,-10.455478649902343,3.1100679565429687,-2.5713725830078125,-18.213740458015266,82.47328244274809,44.70229007633588,0.0
20.980000495910645,-5.394136340332031,-1.8267758666992187,6.787561706542968,-110.50381679389314,-123.48091603053435,74.54961832061069,-13.443442321777344,-1.0342951171875,-1.3479355346679687,-4.595419847328245,89.48091603053435,54.13740458015267,0.0
20.990000247955322,1.8459294799804686,-8.192958081054687,-1.0941501586914062,-64.90076335877863,-105.66412213740458,70.12213740458016,-12.90235274658203,0.086191259765625,-0.239420166015625,10.51908396946565,83.02290076335878,47.74045801526717,0.0
21.00000023841858,8.858546142578124,-12.765883251953124,-10.845733520507812,9.86259541984733,-45.87786259541985,69.8473282442748,-12.638990563964843,0.8283937744140625,0.6081272216796875,0.1984732824427481,81.48091603053435,45.55725190839695,0.0
21.010000944137573,6.414066247558593,-10.445901843261717,-14.101847778320312,23.129770992366414,0.061068702290076333,44.16793893129771,-13.84087979736328,0.35673604736328124,2.128445275878906,-4.809160305343512,74.74809160305344,40.80916030534351,0.0
21.02000069618225,9.26316622314453,-9.208099584960937,-10.740388647460938,69.77099236641222,63.87786259541985,31.206106870229007,-13.160926525878905,0.29927520751953124,1.4341267944335936,-25.66412213740458,56.12213740458015,36.47328244274809,0.0
21.030001163482666,-0.8212111694335937,1.4963760375976562,-0.09576806640624999,77.02290076335878,108.68702290076335,8.183206106870228,-12.950236779785156,0.48123453369140623,1.3718775512695311,-43.587786259541986,42.12213740458015,28.259541984732824,0.0
21.040000677108765,-11.008539233398437,1.7956512451171873,22.36423770751953,70.3206106870229,101.25190839694656,-5.236641221374046,-13.486537951660155,-1.2904746948242187,2.1930887207031247,-60.87022900763359,29.31297709923664,27.801526717557252,0.0
21.0500009059906,-18.94052933349609,14.654908361816405,27.104756994628904,97.61832061068702,85.02290076335878,-6.458015267175573,-14.367604162597656,-1.0749965454101562,3.3399113159179685,-68.22900763358778,17.51145038167939,25.908396946564885,0.0
21.06022620201111,-13.800178369140625,13.613430639648437,2.1595698974609374,11.19083969465649,53.87786259541985,6.748091603053435,-14.834473486328124,-1.7836802368164062,2.300827795410156,-69.81679389312977,4.870229007633588,15.786259541984732,0.0
21.070000648498535,-18.519149841308593,6.605602380371093,-1.5634136840820312,-97.96946564885496,56.13740458015267,1.7099236641221374,-15.847220788574218,-2.29843359375,1.8435352783203125,-62.68702290076336,-11.16030534351145,11.633587786259541,0.0
21.080000638961792,-14.733917016601561,-6.0333881835937495,5.76523759765625,-94.65648854961832,64.79389312977099,17.00763358778626,-17.68357346191406,-0.7661445312499999,1.9752163696289062,-52.458015267175576,-23.557251908396946,7.969465648854962,0.0
21.09000062942505,-8.506598498535157,-7.314286071777343,5.204994409179688,-34.38167938931298,87.80152671755725,16.564885496183205,-18.025944299316404,1.848323681640625,2.061407629394531,-45.55725190839695,-31.099236641221374,7.32824427480916,0.0
21.100000619888306,-11.59990704345703,-0.011971008300781249,0.7685387329101562,-33.404580152671755,83.22137404580153,2.7938931297709924,-16.90545792236328,3.0454245117187497,2.461239306640625,-33.908396946564885,-37.12977099236641,6.732824427480916,0.0
21.110000610351562,-9.246406811523437,-2.3870190551757813,0.8355763793945312,-26.53435114503817,85.6793893129771,-2.045801526717557,-16.390704565429687,0.8164227661132812,2.834734765625,-17.206106870229007,-43.41984732824427,6.290076335877862,0.0
21.12000036239624,-9.821015209960937,-3.189076611328125,1.3239935180664062,-17.053435114503817,92.38167938931298,-13.435114503816793,-14.733917016601561,2.212242333984375,1.944091748046875,-10.625954198473282,-54.18320610687023,-2.7786259541984735,0.0
21.130000352859497,-9.739612353515625,-1.8052280517578123,1.2737152832031249,-4.3816793893129775,101.57251908396947,-18.793893129770993,-12.598289135742187,3.919308117675781,0.21787235107421873,-24.763358778625953,-56.56488549618321,-7.7251908396946565,0.0
21.140000820159912,-10.843339318847656,0.5315127685546874,1.5155296508789062,-3.7557251908396947,110.35114503816794,-21.49618320610687,-13.872004418945311,0.8571241943359375,1.4125789794921875,-23.328244274809162,-53.19083969465649,-7.374045801526718,0.0
21.15000057220459,-11.513715783691406,0.5817910034179687,1.714248388671875,-6.870229007633588,113.38931297709924,-20.442748091603054,-12.411541406249999,1.4006079711914061,2.607285607910156,-17.87786259541985,-60.778625954198475,-15.83206106870229,0.0
21.160000562667847,-11.987767712402343,0.9457096557617187,2.398990063476562,-4.900763358778626,117.5114503816794,-18.85496183206107,-10.666168395996094,2.9185318237304685,2.224213342285156,-25.083969465648856,-64.7175572519084,-22.53435114503817,0.0
21.170000553131104,-12.363657373046875,2.0973206542968748,2.3247698120117186,-8.641221374045802,115.77099236641222,-18.18320610687023,-9.70369932861328,1.9201497314453124,1.20667763671875,-28.595419847328245,-60.93129770992366,-21.81679389312977,0.0
21.18000078201294,-12.442666027832031,2.281674182128906,2.5330653564453125,-14.244274809160306,112.7175572519084,-16.27480916030534,-10.232817895507813,0.6560112548828124,1.1228805786132812,-18.595419847328245,-64.41221374045801,-27.099236641221374,0.0
21.190000534057617,-11.4538607421875,1.0654197387695312,2.6048914062499997,-17.87786259541985,108.90076335877863,-14.045801526717558,-9.720458740234374,1.005564697265625,1.0702081420898437,-14.931297709923664,-65.72519083969466,-34.99236641221374,0.0
21.200000524520874,-9.76116016845703,0.9433154541015625,2.6336218261718747,-18.076335877862597,108.8854961832061,-13.694656488549619,-6.622361791992187,4.036623999023437,-2.540247961425781,-24.916030534351144,-67.45038167938931,-41.14503816793893,0.0
21.21000051498413,-9.09796630859375,0.239420166015625,2.834734765625,-21.206106870229007,106.58015267175573,-15.206106870229007,-10.115502014160155,2.3127988037109373,-0.82360537109375,-23.068702290076335,-45.14503816793893,-32.16793893129771,0.0
21.220000505447388,-8.518569506835936,-2.114080065917969,2.980781066894531,-11.664122137404581,107.98473282442748,-18.748091603053435,-7.275978845214843,5.125985754394531,-3.3351229125976563,-11.725190839694656,-44.62595419847328,-36.717557251908396,0.0
21.230000495910645,-8.21690009765625,-2.1212626708984375,2.5330653564453125,4.091603053435114,109.29770992366412,-22.946564885496183,-8.93755479736328,3.517082238769531,-4.0222587890625,-5.068702290076335,-18.82442748091603,-28.27480916030534,0.0
21.2400004863739,-7.52737001953125,-1.8411410766601561,2.0470424194335934,18.99236641221374,112.21374045801527,-28.045801526717558,-5.552153649902343,5.76523759765625,-6.643909606933593,-1.83206106870229,-18.870229007633586,-30.03053435114504,0.0
21.25000023841858,-7.886500268554687,-0.6943184814453125,1.915361328125,32.61068702290076,113.64885496183206,-33.49618320610687,-8.032546569824218,3.852270471191406,-4.893748193359374,1.0381679389312977,-2.6412213740458017,-20.610687022900763,0.0
21.260000705718994,-7.187393383789062,0.7948749511718749,2.384624853515625,40.47328244274809,117.37404580152672,-36.916030534351144,-2.6312276245117188,12.629413757324219,-13.728352319335936,-20.259541984732824,-7.557251908396947,-23.72519083969466,0.0
21.27000093460083,-8.202534887695313,3.2441432495117186,3.6559459350585937,33.86259541984733,114.99236641221374,-38.42748091603053,-7.594407666015624,6.2584431396484375,-3.861847277832031,-53.25190839694657,53.83206106870229,5.282442748091603,0.0
21.280000686645508,-8.386888415527343,1.9680337646484374,3.7205893798828122,28.15267175572519,111.58778625954199,-39.267175572519086,-6.4667386840820305,3.5577836669921874,-2.8107927490234372,-36.030534351145036,46.67175572519084,12.595419847328245,0.0
21.290000915527344,-8.813056311035156,0.373495458984375,3.0980969482421874,35.63358778625954,104.41221374045801,-39.51145038167939,-9.746794958496093,-1.8770541015625,1.0534487304687499,-6.931297709923665,46.900763358778626,15.816793893129772,0.0
21.30000066757202,-8.966285217285156,2.2768857788085937,3.268085266113281,39.69465648854962,102.97709923664122,-43.05343511450382,3.9791631591796874,11.508927380371093,-9.701305126953125,-40.778625954198475,17.709923664122137,-14.335877862595419,0.0
21.31000065803528,-10.666168395996094,6.598419775390624,4.73094248046875,10.412213740458014,89.72519083969466,-39.83206106870229,-6.988674645996094,7.005434057617187,-5.228936425781249,-120.77862595419847,89.09923664122137,10.366412213740459,0.0
21.320000648498535,-8.535328918457031,4.630386010742187,4.896142395019531,-7.236641221374046,80.58015267175573,-32.88549618320611,1.9680337646484374,16.852785485839842,-14.092270971679687,-165.4351145038168,72.4885496183206,4.564885496183206,0.0
21.330000400543213,-7.3861121215820305,3.4428619873046875,4.7022120605468745,-5.877862595419847,76.21374045801527,-25.46564885496183,-8.88009395751953,4.556165759277343,-3.0933085449218747,-262.2748091603053,144.13740458015266,24.229007633587788,0.0
21.34000062942505,-7.682993127441406,-0.7206546997070312,4.924872814941406,6.778625954198473,76.19847328244275,-23.786259541984734,-16.249446667480466,-11.049240661621093,6.785167504882812,-156.6259541984733,114.41221374045801,36.33587786259542,0.0
21.350000619888306,-9.560047229003906,-3.878606689453125,4.458003491210937,31.404580152671755,68.58015267175573,-27.0381679389313,-11.762712756347655,-12.303802331542968,6.0333881835937495,-42.18320610687023,73.89312977099236,37.725190839694655,0.0
21.360000610351562,-11.688492504882811,-5.973533142089844,3.555389465332031,70.77862595419847,73.45038167938931,-33.603053435114504,-16.48407843017578,-20.63322990722656,14.666879370117186,66.8854961832061,47.221374045801525,31.52671755725191,0.0
21.3700008392334,-11.451466540527344,-0.6105214233398437,3.7229835815429686,83.2824427480916,69.52671755725191,-45.786259541984734,-4.932055419921875,-2.530671154785156,3.6200329101562496,110.35114503816794,-19.69465648854962,-3.404580152671756,0.0
21.380000591278076,-13.804966772460936,6.227318518066406,6.48589229736328,48.93129770992366,59.57251908396947,-45.969465648854964,-14.949395166015623,-8.973467822265624,9.394847314453125,131.206106870229,-42.47328244274809,-8.458015267175572,0.0
21.390000343322754,-9.686939916992188,3.536235852050781,4.00310517578125,24.015267175572518,40.51908396946565,-36.97709923664122,-11.77947216796875,-5.269637854003906,4.659116430664063,172.27480916030535,-78.0,-2.4122137404580153,0.0
21.40000081062317,-8.559270935058594,4.627991809082031,4.613626599121093,18.99236641221374,46.47328244274809,-37.63358778625954,-11.681309899902343,0.23702596435546874,2.8036101440429686,169.3740458015267,-89.92366412213741,-9.664122137404581,0.0
21.410000562667847,-10.232817895507813,7.903259680175781,5.4515971801757805,-3.9236641221374047,43.57251908396947,-36.61068702290076,-11.154585534667968,3.7134067749023436,-0.45010991210937495,144.3053435114504,-103.89312977099236,-23.557251908396946,0.0
21.420000553131104,-9.586383447265625,7.905653881835937,4.460397692871093,-33.87786259541985,35.908396946564885,-25.419847328244273,-9.411606726074218,4.951209033203125,-1.1755530151367186,93.17557251908397,-96.77862595419847,-29.419847328244273,0.0
21.43000054359436,-7.821856823730468,5.159504577636718,3.81156904296875,-49.48091603053435,32.0,-13.877862595419847,-10.59194814453125,0.9648632690429687,0.5339069702148437,44.16793893129771,-72.58015267175573,-32.10687022900763,0.0
21.440000534057617,-8.872911352539061,4.584896179199219,4.180276098632812,-55.41984732824427,32.213740458015266,-9.679389312977099,-11.2240173828125,-2.43250888671875,1.2641384765625,59.93893129770992,-78.1526717557252,-37.61832061068702,0.0
21.450000524520874,-10.328585961914062,4.637568615722656,3.134009973144531,-54.29007633587786,26.931297709923665,-4.885496183206107,-8.678981018066406,0.22026655273437498,-1.7190367919921874,64.29007633587786,-77.16030534351145,-43.70992366412214,0.0
21.46000051498413,-10.505756884765624,3.861847277832031,2.272097375488281,-54.274809160305345,23.84732824427481,4.931297709923665,-6.505045910644531,1.7381904052734374,-1.2306196533203124,45.51145038167939,-64.51908396946565,-45.038167938931295,0.0
21.470000505447388,-10.172962854003906,1.9033903198242186,1.3311761230468748,-53.770992366412216,23.31297709923664,12.259541984732824,-7.989450939941406,2.375048046875,-1.0414777221679687,48.030534351145036,-72.36641221374046,-45.404580152671755,0.0
21.480000495910645,-11.415553515625,1.4101847778320311,1.1085153686523437,-58.29007633587786,23.603053435114504,12.961832061068701,-11.633425866699218,-2.7150246826171873,3.9336733276367184,40.56488549618321,-56.50381679389313,-39.63358778625954,0.0
21.4900004863739,-10.266336718749999,-1.5394716674804687,0.411802685546875,-62.74809160305343,21.541984732824428,12.259541984732824,-9.366116894531249,0.21068974609375,1.448492004394531,70.35114503816794,-87.89312977099236,-40.54961832061068,0.0
21.500000476837158,-10.702081420898438,-1.9201497314453124,0.46686932373046874,-59.70992366412214,24.396946564885496,8.0,-11.623849060058593,-1.7334020019531249,3.5146880371093747,65.38931297709924,-69.80152671755725,-39.038167938931295,0.0
21.510000944137573,-10.108319409179687,-2.1021090576171875,1.4820108276367188,-60.10687022900763,25.755725190839694,1.9541984732824427,-7.340622290039062,3.095702746582031,1.1228805786132812,60.61068702290076,-74.82442748091603,-42.396946564885496,0.0
21.52000069618225,-11.111489904785156,-1.1516109985351561,3.0526071166992184,-61.725190839694655,23.770992366412212,-2.8702290076335877,-11.93270107421875,1.0366893188476562,2.729389892578125,59.63358778625954,-67.25190839694656,-32.99236641221374,0.0
21.530000686645508,-10.694898815917968,-0.8571241943359375,4.146757275390625,-55.98473282442748,18.580152671755727,-6.122137404580153,-9.962273107910155,1.01514150390625,1.2976572998046874,67.23664122137404,-69.5114503816794,-35.786259541984734,0.0
21.540000677108765,-10.77630167236328,-0.8882488159179687,4.9416322265625,-40.99236641221374,14.396946564885496,-6.229007633587786,-8.43956085205078,1.0366893188476562,1.5298948608398437,59.343511450381676,-51.80152671755725,-32.80916030534351,0.0
21.5500009059906,-9.842563024902343,-1.5466542724609373,5.542576843261719,-25.801526717557252,9.98473282442748,-8.320610687022901,-6.931213806152344,3.2561142578125,-1.4628572143554686,64.35114503816794,-61.038167938931295,-35.725190839694655,0.0
21.56000065803528,-10.101136804199218,-0.16519991455078123,5.870582470703124,-8.50381679389313,6.244274809160306,-10.885496183206106,-7.465120776367187,3.6439749267578123,-1.6639701538085936,47.786259541984734,-37.14503816793893,-30.549618320610687,0.0
21.570000648498535,-10.536881506347656,0.8188169677734375,6.351817004394531,-4.244274809160306,0.8854961832061069,-12.229007633587786,-7.426813549804687,3.0454245117187497,-2.8706477905273435,45.41984732824427,-35.603053435114504,-25.893129770992367,0.0
21.580000400543213,-10.728417639160156,2.039859814453125,5.916072302246094,4.977099236641221,-5.358778625954199,-11.34351145038168,-5.57370146484375,5.6766521362304685,-2.612074011230469,23.251908396946565,-4.8396946564885495,-24.015267175572518,0.0
21.59000039100647,-10.64222637939453,2.93050283203125,6.035782385253906,2.3969465648854964,-8.946564885496183,-7.908396946564886,-7.781155395507812,4.019864587402344,-1.1947066284179686,6.458015267175573,9.526717557251908,-13.587786259541986,0.0
21.600000619888306,-10.766724865722656,2.4588451049804685,5.6311623046875,1.8625954198473282,-17.603053435114504,-6.137404580152672,-5.954379528808594,2.3127988037109373,-0.17238251953125,2.900763358778626,13.374045801526718,-9.725190839694656,0.0
21.610000371932983,-10.817003100585938,1.5682020874023437,5.193023400878906,6.244274809160306,-22.427480916030536,-5.00763358778626,-6.653486413574218,1.62805712890625,0.16280571289062498,8.122137404580153,13.297709923664122,-8.580152671755725,0.0
21.62000060081482,-10.958260998535156,1.2330138549804688,5.49708701171875,10.16793893129771,-25.541984732824428,-5.32824427480916,-8.667010009765624,0.239420166015625,1.4891934326171874,15.267175572519085,15.877862595419847,-5.786259541984733,0.0
21.630000591278076,-11.353304272460937,1.6136919189453125,5.908889697265625,13.618320610687023,-30.68702290076336,-6.427480916030534,-9.361328491210937,0.5530605834960938,1.3862427612304686,25.61832061068702,6.122137404580153,-6.6106870229007635,0.0
21.640000820159912,-10.931924780273437,2.31758720703125,6.344634399414062,19.709923664122137,-36.152671755725194,-4.748091603053435,-9.478644372558593,0.9002198242187499,1.4915876342773438,23.099236641221374,11.129770992366412,-6.809160305343512,0.0
21.65000033378601,-11.14022032470703,2.825157958984375,7.745242370605468,14.687022900763358,-43.43511450381679,-3.801526717557252,-8.379705810546875,1.2401964599609374,0.8858546142578124,20.106870229007633,7.251908396946565,-6.870229007633588,0.0
21.660000562667847,-11.451466540527344,2.5665841796874997,9.193734375,10.061068702290076,-56.62595419847328,-2.717557251908397,-8.1594392578125,1.3551181396484375,0.14125789794921875,21.69465648854962,7.022900763358779,-4.99236641221374,0.0
21.670000314712524,-14.592659118652342,4.474762902832031,12.638990563964843,-4.595419847328245,-71.80152671755725,-4.427480916030534,-7.6997525390625,2.7557261108398436,-1.0486603271484374,22.80916030534351,9.099236641221374,-4.6106870229007635,0.0
21.68000078201294,-14.968548779296874,4.254496350097656,13.462595935058593,-22.47328244274809,-102.10687022900764,0.7175572519083969,-7.682993127441406,5.363011718749999,-1.2138602416992186,18.931297709923665,10.16793893129771,-2.015267175572519,0.0
21.690000534057617,-13.242329382324218,-0.4070142822265625,13.340491650390625,-27.328244274809162,-134.77862595419847,9.755725190839694,-7.900865478515625,7.369352709960937,-0.6607996582031249,5.9541984732824424,15.49618320610687,1.0687022900763359,0.0
21.700000524520874,-13.91031164550781,-2.3774422485351563,16.390704565429687,-15.404580152671755,-154.3969465648855,10.427480916030534,-5.8226984375,8.757989672851561,-1.0414777221679687,-22.0,22.717557251908396,3.984732824427481,0.0
21.71000075340271,-17.317260607910157,-1.8052280517578123,20.77448780517578,14.82442748091603,-190.50381679389312,12.351145038167939,-8.300697155761718,5.5832782714843745,0.1292868896484375,-41.11450381679389,23.923664122137403,13.770992366412214,0.0
21.720000505447388,-14.238317272949217,-2.1906945190429687,14.470554833984375,47.17557251908397,-214.93129770992365,22.549618320610687,-10.579977136230468,3.0310593017578125,1.3000515014648437,-53.465648854961835,21.709923664122137,18.641221374045802,0.0
21.730000495910645,-13.91749425048828,-1.9776105712890624,7.426813549804687,29.251908396946565,-223.46564885496184,15.938931297709924,-11.259930407714844,-0.3902548706054687,0.7350199096679687,-55.12977099236641,11.770992366412214,15.374045801526718,0.0
21.7400004863739,-15.444994909667967,-1.905784521484375,3.976768957519531,11.801526717557252,-242.19847328244273,8.305343511450381,-10.168174450683592,0.4908113403320312,0.7996633544921875,-54.87022900763359,16.30534351145038,7.129770992366412,0.0
21.750000476837158,-12.105083593749999,-2.906560815429687,-0.6153098266601562,18.259541984732824,-248.85496183206106,13.145038167938932,-10.364498986816406,0.6081272216796875,0.29927520751953124,-57.02290076335878,17.297709923664122,6.412213740458015,0.0
21.760000705718994,-10.168174450683592,-5.377376928710937,-4.0988732421875,38.030534351145036,-233.45038167938932,24.15267175572519,-13.105859887695312,-1.7621324218749999,1.3239935180664062,-45.19083969465649,22.244274809160306,11.725190839694656,0.0
21.770000457763672,-10.101136804199218,-6.155492468261718,-5.767631799316406,58.534351145038165,-210.83969465648855,26.793893129770993,-12.30859073486328,-3.423708374023437,1.85790048828125,-17.297709923664122,11.725190839694656,11.16030534351145,0.0
21.78000044822693,-8.98304462890625,-5.894524487304687,-6.794744311523437,61.64885496183206,-201.84732824427482,14.274809160305344,-10.259154113769531,-2.7365724975585937,1.3168109130859373,2.7480916030534353,9.679389312977099,10.702290076335878,0.0
21.790000915527344,-10.896011755371093,-2.636016027832031,-2.492363928222656,45.587786259541986,-187.1908396946565,-8.16793893129771,-10.958260998535156,-3.124433166503906,-0.3950432739257812,15.374045801526718,-0.5801526717557252,13.83206106870229,0.0
21.80000066757202,-13.512874169921874,-0.047884033203124995,0.6009446166992187,42.47328244274809,-178.3969465648855,-13.435114503816793,-10.443507641601562,-1.8148048583984373,-1.927332336425781,16.83969465648855,10.885496183206106,17.893129770992367,0.0
21.81000065803528,-14.662090966796875,0.316034619140625,3.153163586425781,57.541984732824424,-161.7709923664122,-2.946564885496183,-10.59194814453125,-0.488417138671875,-2.1547814941406247,16.244274809160306,22.091603053435115,17.84732824427481,0.0
21.820000648498535,-15.969325073242187,3.19865341796875,4.139574670410156,71.55725190839695,-150.61068702290078,11.755725190839694,-9.210493786621093,-0.507570751953125,-2.3343466186523436,12.732824427480915,32.732824427480914,16.442748091603054,0.0
21.830000638961792,-16.436194396972656,5.073313317871094,4.285620971679688,65.05343511450381,-147.80152671755727,25.770992366412212,-9.102754711914063,0.689530078125,-2.403778466796875,12.213740458015268,38.458015267175576,13.19083969465649,0.0
21.84000062942505,-13.455413330078125,3.758896606445312,2.4899697265625,50.229007633587784,-150.83969465648855,37.083969465648856,-10.139444030761718,-0.7302315063476562,-0.34237083740234375,6.396946564885496,52.458015267175576,14.900763358778626,0.0
21.850000381469727,-12.86404552001953,1.8722656982421875,1.2641384765625,27.374045801526716,-149.4351145038168,38.44274809160305,-10.98699141845703,-2.93050283203125,0.7254431030273437,18.885496183206108,49.06870229007634,11.709923664122137,0.0
21.860000610351562,-8.48505068359375,-1.8124106567382812,-1.9297265380859374,23.954198473282442,-145.49618320610688,41.038167938931295,-12.43069501953125,-3.768473413085937,3.507505432128906,42.213740458015266,40.87022900763359,5.312977099236641,0.0
21.87000060081482,-6.270414147949219,-1.3431471313476562,-1.0534487304687499,19.572519083969464,-126.33587786259542,35.64885496183206,-9.418789331054686,-0.105344873046875,1.5610194824218748,41.05343511450382,30.641221374045802,-2.16793893129771,0.0
21.880000352859497,-2.887407202148437,-2.6336218261718747,-2.9927520751953125,8.748091603053435,-118.80916030534351,30.15267175572519,-12.263100903320312,-1.3168109130859373,2.454056701660156,40.16793893129771,34.36641221374046,3.0381679389312977,0.0
21.890000820159912,-2.142810485839844,-1.6998831787109374,-2.3391350219726563,1.3129770992366412,-96.50381679389314,21.053435114503817,-10.802637890625,-0.0047884033203125,2.0925322509765625,32.10687022900763,25.083969465648856,2.519083969465649,0.0
21.90000081062317,-1.0869675537109373,-1.2593500732421874,-2.3965958618164063,-2.8244274809160306,-82.04580152671755,15.465648854961833,-10.931924780273437,1.599326708984375,2.003946789550781,31.46564885496183,19.984732824427482,1.3129770992366412,0.0
21.910000562667847,-0.9313444458007812,0.4908113403320312,-1.7405846069335937,-5.7251908396946565,-61.19083969465649,12.67175572519084,-10.256759912109374,2.5809493896484375,0.2657563842773437,16.610687022900763,12.198473282442748,-0.061068702290076333,0.0
21.920000791549683,-1.465251416015625,1.8746598999023436,-1.1420341918945311,-15.450381679389313,-46.396946564885496,9.938931297709924,-9.026140258789061,2.789244934082031,0.296881005859375,4.977099236641221,14.030534351145038,3.5572519083969465,0.0
21.93000030517578,-1.5801730957031248,2.233790148925781,-0.8379705810546875,-27.450381679389313,-36.16793893129771,8.488549618320612,-10.249577307128906,1.0917559570312498,0.0909796630859375,-6.351145038167939,18.061068702290076,9.206106870229007,0.0
21.940001010894775,-0.584185205078125,0.13168109130859373,-1.3096283081054687,-33.45038167938932,-26.641221374045802,8.65648854961832,-8.329427575683594,1.429338391113281,1.0103531005859374,-6.290076335877862,12.229007633587786,10.641221374045802,0.0
21.950000524520874,-1.0558429321289062,0.2442085693359375,0.25139117431640623,-19.52671755725191,-3.480916030534351,8.076335877862595,-9.150638745117186,0.143652099609375,0.6631938598632812,-0.12213740458015267,12.977099236641221,12.82442748091603,0.0
21.96000051498413,24.60042205810547,-21.18868469238281,-7.314286071777343,39.02290076335878,-10.045801526717558,30.763358778625953,-6.078878015136718,0.7062894897460937,-0.8451531860351562,3.7251908396946565,10.335877862595419,8.977099236641221,0.0
21.97000026702881,11.623849060058593,-13.606248034667967,-2.2194249389648437,160.93129770992365,120.50381679389314,27.96946564885496,-7.556100439453124,-1.419761584472656,-0.6344634399414062,16.748091603053435,20.717557251908396,8.427480916030534,0.0
21.980000495910645,31.191659228515622,-36.449326074218746,-4.99909306640625,322.36641221374043,152.36641221374046,22.99236641221374,-3.0430303100585934,-1.2425906616210938,-0.5147533569335937,24.50381679389313,33.23664122137404,1.0229007633587786,0.0
21.990000247955322,7.311891870117187,-26.396073303222654,3.3207577026367185,500.25954198473283,282.77862595419845,-9.267175572519085,-3.6822821533203123,-2.0183119995117185,-0.5482721801757812,4.33587786259542,47.343511450381676,0.6106870229007634,0.0
22.00000023841858,-26.695348510742186,25.699360620117186,8.583212951660157,464.19847328244276,266.68702290076334,-104.0,-1.5825672973632812,1.0295067138671874,-0.4285620971679687,-12.595419847328245,64.79389312977099,-2.4427480916030535,0.0
22.010000944137573,-29.13743420410156,39.22540289916992,5.741295581054687,154.53435114503816,181.00763358778627,-101.6793893129771,-9.016563452148437,10.026916552734374,-4.405331054687499,-132.3969465648855,76.77862595419847,2.2442748091603053,0.0
22.020000457763672,-29.472622436523437,39.22540289916992,8.207323291015625,-145.57251908396947,95.95419847328245,-61.55725190839695,-9.514557397460937,9.334992272949219,-4.410119458007812,-177.86259541984734,96.8854961832061,11.694656488549619,0.0
22.030000925064087,-9.643844287109374,21.859061157226563,4.405331054687499,-326.793893129771,-28.549618320610687,-13.145038167938932,-17.901445812988282,-2.059013427734375,-1.1635820068359375,-206.15267175572518,84.82442748091603,50.87022900763359,0.0
22.040000677108765,-11.671733093261718,14.800954663085937,10.941501586914061,-312.36641221374043,-49.29770992366412,17.374045801526716,-19.553444958496094,-6.797138513183594,1.7022773803710936,-70.70229007633588,54.0,47.64885496183206,0.0
22.0500009059906,-10.321403356933594,-0.49320554199218747,8.532934716796875,-326.1374045801527,-109.46564885496183,41.66412213740458,-17.834408166503906,-6.967126831054687,3.1364041748046874,-25.099236641221374,39.93893129770992,26.3206106870229,0.0
22.06000065803528,-8.810662109374999,-9.074024291992187,13.642161059570311,-221.84732824427482,-94.16793893129771,72.91603053435115,-12.16254443359375,-3.3446997192382812,0.6919242797851562,7.770992366412214,16.671755725190838,9.709923664122137,0.0
22.070000410079956,-7.541735229492187,-11.154585534667968,13.029245434570312,-124.38167938931298,-90.7175572519084,75.57251908396947,-10.919953771972656,1.1372457885742187,1.1659762084960936,19.587786259541986,17.251908396946565,0.3969465648854962,0.0
22.080000638961792,-9.840168823242188,-6.7085530517578125,14.997279199218749,-70.62595419847328,-75.80152671755725,55.81679389312977,-11.549628808593749,1.6903063720703124,0.11731588134765625,26.610687022900763,15.267175572519085,4.0458015267175576,0.0
22.09000062942505,-13.555969799804688,-3.6439749267578123,15.251064575195311,-28.702290076335878,-73.7557251908397,46.152671755725194,-11.271901416015623,3.9552211425781247,-0.4477157104492187,14.030534351145038,14.320610687022901,10.870229007633588,0.0
22.100000619888306,-20.451270581054686,9.730035546875,14.647725756835937,-21.14503816793893,-47.93893129770992,43.16030534351145,-10.800243688964843,4.953603234863281,-1.3479355346679687,-15.923664122137405,13.786259541984732,20.68702290076336,0.0
22.110000610351562,-15.121777685546874,8.046911779785155,5.659892724609374,-82.03053435114504,-61.3587786259542,46.06106870229008,-11.556811413574218,2.9640216552734375,0.26336218261718747,-33.32824427480916,23.801526717557252,34.229007633587784,0.0
22.12000060081482,-7.5465236328125,2.4660277099609376,-0.4644751220703125,-93.5114503816794,-27.938931297709924,56.19847328244275,-12.27746611328125,1.7429788085937499,-0.11013327636718749,-41.02290076335878,14.763358778625955,41.20610687022901,0.0
22.130000591278076,-3.9719805541992184,-1.5705962890624998,-3.287238879394531,-79.32824427480917,19.96946564885496,50.0,-13.82172618408203,0.9169792358398436,0.4740519287109375,-45.725190839694655,17.541984732824428,43.05343511450382,0.0
22.140000820159912,6.926425402832031,-14.374786767578124,-4.8314989501953125,-51.69465648854962,50.10687022900763,48.229007633587784,-14.836867687988281,1.0199299072265624,0.011971008300781249,-45.404580152671755,18.35114503816794,43.11450381679389,0.0
22.15000057220459,3.9408559326171875,-20.166360583496093,9.483432775878907,-14.778625954198473,85.7557251908397,9.908396946564885,-14.367604162597656,1.5346832641601562,-1.4221557861328125,-42.656488549618324,18.458015267175572,41.16030534351145,0.0
22.160000801086426,-4.733336682128906,-7.244854223632812,10.711658227539061,59.83206106870229,90.50381679389314,-25.61832061068702,-15.77539473876953,0.3447650390625,-0.488417138671875,-37.55725190839695,22.442748091603054,38.030534351145036,0.0
22.170000553131104,-10.330980163574218,6.495469104003906,6.193799694824218,87.57251908396947,90.3206106870229,-31.541984732824428,-16.01720910644531,-0.47165772705078124,0.9193734375,-34.091603053435115,19.954198473282442,35.86259541984733,0.0
22.18000078201294,-12.725181823730468,6.203376501464843,2.530671154785156,34.76335877862596,83.90839694656489,-38.13740458015267,-15.689203479003906,-0.8714894042968749,2.3247698120117186,-29.954198473282442,9.98473282442748,31.81679389312977,0.0
22.190000295639038,-14.906299536132812,3.35188232421875,2.96881005859375,-11.435114503816793,77.37404580152672,-38.74809160305343,-15.904681628417968,-1.714248388671875,3.447650390625,-24.0,-1.099236641221374,31.557251908396946,0.0
22.200000524520874,-15.105018273925781,3.5338416503906247,4.898536596679687,-6.763358778625954,86.1526717557252,-25.17557251908397,-16.03636271972656,-2.4444798950195312,3.5314474487304683,-19.068702290076335,-13.49618320610687,27.480916030534353,0.0
22.21000051498413,-13.134590307617186,3.1172505615234374,4.568136767578125,-5.969465648854962,91.90839694656489,-14.274809160305344,-14.403517187499999,-0.7613561279296874,4.180276098632812,-15.816793893129772,-27.236641221374047,17.72519083969466,0.0
22.22015357017517,-12.440271826171875,3.3638533325195312,2.6910826660156246,-8.076335877862595,95.23664122137404,-8.641221374045802,-16.412252380371093,-2.4396914916992185,2.7269956909179687,-5.709923664122138,-24.717557251908396,17.236641221374047,0.0
22.230000495910645,-11.271901416015623,1.89620771484375,1.5275006591796874,-11.648854961832061,98.62595419847328,-6.091603053435114,-14.918270544433593,-2.2960393920898436,3.2058360229492187,8.198473282442748,-38.42748091603053,6.137404580152672,0.0
22.2400004863739,-9.495403784179686,0.9648632690429687,1.4149731811523436,-8.198473282442748,103.48091603053435,-5.511450381679389,-13.43865391845703,-1.4101847778320311,3.967192150878906,10.961832061068701,-46.0763358778626,-2.183206106870229,0.0
22.250000715255737,-9.258377819824219,0.8068459594726562,1.199495031738281,-3.7557251908396947,111.95419847328245,-6.8396946564885495,-13.397952490234374,-2.798821740722656,5.2456958374023435,19.31297709923664,-55.12977099236641,-9.511450381679388,0.0
22.260000705718994,-9.471461767578125,1.3287819213867187,1.7860744384765623,-1.9389312977099236,119.81679389312977,-9.34351145038168,-11.872846032714843,-0.8044517578125,4.187458703613281,21.64885496183206,-77.38931297709924,-23.587786259541986,0.0
22.27000093460083,-9.507374792480467,2.4133552734375,2.0278888061523435,-5.526717557251908,125.72519083969466,-9.633587786259541,-8.396465222167969,1.3479355346679687,2.4349030883789062,0.4732824427480916,-76.73282442748092,-28.15267175572519,0.0
22.28001093864441,-9.880870251464843,2.384624853515625,2.5546131713867184,-15.221374045801527,128.1679389312977,-9.251908396946565,-9.634267480468749,-0.7302315063476562,0.0718260498046875,2.122137404580153,-79.22137404580153,-29.236641221374047,0.0
22.290000915527344,-9.083601098632812,1.2593500732421874,2.844311572265625,-23.557251908396946,128.12213740458014,-8.16793893129771,-7.254431030273437,2.5761609863281247,-0.5219359619140624,-2.030534351145038,-81.38931297709924,-37.98473282442748,0.0
22.30000066757202,-8.66940421142578,-0.32561142578124996,2.7916391357421872,-31.893129770992367,129.09923664122138,-7.969465648854962,-5.585672473144531,4.139574670410156,-2.128445275878906,-24.061068702290076,-72.41221374045801,-42.74809160305343,0.0
22.31000065803528,-8.882488159179687,-2.0757728393554684,3.536235852050781,-36.48854961832061,126.03053435114504,-11.465648854961833,-8.238447912597655,2.360682836914062,-1.3383587280273437,-25.328244274809162,-58.42748091603053,-39.7557251908397,0.0
22.32000207901001,-8.779537487792968,-3.4811692138671875,4.070142822265625,-28.717557251908396,123.6030534351145,-17.83206106870229,-7.438784558105469,4.520252734375,-3.39018955078125,-20.610687022900763,-59.603053435114504,-44.778625954198475,0.0
22.33000087738037,-9.423577734375,-3.4931402221679684,3.21780703125,-16.99236641221374,119.48091603053435,-24.38167938931298,-8.372523205566406,3.0550013183593747,-1.6304513305664061,-19.61832061068702,-41.465648854961835,-37.343511450381676,0.0
22.34000039100647,-8.815450512695312,-3.342305517578125,3.3327287109375,0.07633587786259542,118.80916030534351,-30.061068702290076,-4.388571643066406,5.609614489746093,-3.9695863525390624,-25.267175572519083,-35.05343511450382,-35.52671755725191,0.0
22.350000619888306,-9.042899670410156,-2.990357873535156,3.375824340820312,16.763358778625953,114.91603053435115,-35.404580152671755,-8.89924757080078,2.8275521606445313,-3.0406361083984375,-6.6106870229007635,-21.64885496183206,-23.87786259541985,0.0
22.360000610351562,-8.55448253173828,-1.350329736328125,3.3446997192382812,35.541984732824424,113.74045801526718,-41.41984732824427,-0.25139117431640623,11.97100830078125,-8.269572534179687,-18.53435114503817,-31.31297709923664,-29.206106870229007,0.0
22.37000060081482,-8.738836059570312,1.5131354492187499,3.5027170288085934,37.80152671755725,108.42748091603053,-41.38931297709924,-6.926425402832031,9.562441430664062,-6.564900952148437,-55.6793893129771,15.16030534351145,-5.938931297709924,0.0
22.380000352859497,-8.734047656249999,2.291250988769531,4.129997863769531,34.732824427480914,103.89312977099236,-40.83969465648855,-6.720524060058593,7.678204724121093,-7.043741284179687,-63.587786259541986,24.83969465648855,3.9083969465648853,0.0
22.390000343322754,-8.049305981445311,1.005564697265625,3.1747114013671873,42.74809160305343,96.87022900763358,-38.732824427480914,-7.050923889160156,5.437231970214843,-3.7110125732421873,-57.404580152671755,38.50381679389313,11.022900763358779,0.0
22.40000081062317,-7.682993127441406,-0.4333505004882812,2.4349030883789062,56.732824427480914,95.55725190839695,-38.82442748091603,-10.687716210937499,-1.2904746948242187,1.13006318359375,-25.129770992366414,40.717557251908396,17.572519083969464,0.0
22.410000562667847,-7.1203557373046875,0.4429273071289062,1.9800047729492187,74.27480916030534,97.93893129770993,-43.45038167938932,6.174646081542968,13.453019128417967,-14.822502478027342,-58.42748091603053,-3.0229007633587788,-10.122137404580153,0.0
22.420000791549683,-10.228029492187499,10.307038146972655,4.297591979980469,50.50381679389313,92.74809160305344,-44.48854961832061,-1.3287819213867187,18.64843673095703,-15.404293481445311,-219.9083969465649,97.19083969465649,4.549618320610687,0.0
22.43000030517578,-9.038111267089842,8.228871105957031,4.967968444824218,6.549618320610687,72.93129770992367,-34.778625954198475,-13.606248034667967,0.17477672119140625,1.199495031738281,-246.19847328244273,134.5801526717557,27.908396946564885,0.0
22.440000772476196,-7.75721337890625,2.559401574707031,4.687846850585937,15.816793893129772,72.16793893129771,-28.259541984732824,-15.485696337890625,-12.227187878417968,6.471527087402343,-107.3587786259542,93.31297709923665,37.70992366412214,0.0
22.450000524520874,-10.946289990234375,0.5506663818359374,3.7014357666015623,29.786259541984734,66.19847328244275,-30.83969465648855,-14.903905334472656,-14.008473913574218,4.189852905273438,0.8549618320610687,61.51145038167939,28.396946564885496,0.0
22.46000051498413,-12.533645690917968,0.08379705810546874,3.450044592285156,49.9236641221374,64.41221374045801,-32.82442748091603,-19.87905638427734,-18.653225134277342,12.083535778808592,79.20610687022901,44.778625954198475,17.984732824427482,0.0
22.470000505447388,-11.990161914062499,1.838746875,3.4452561889648434,45.57251908396947,58.091603053435115,-34.61068702290076,-5.8226984375,-1.9105729248046874,0.9457096557617187,132.6412213740458,-21.81679389312977,-9.740458015267176,0.0
22.480000495910645,-14.597447521972656,5.987898352050781,4.7572786987304685,11.465648854961833,46.67175572519084,-33.541984732824424,-16.570269689941405,-19.773711511230466,16.493655236816405,185.0229007633588,-48.35114503816794,-17.786259541984734,0.0
22.4900004863739,-9.983820922851562,0.9457096557617187,2.272097375488281,2.946564885496183,33.282442748091604,-26.931297709923665,-13.749900134277343,-5.729324572753906,5.267243652343749,259.2519083969466,-99.69465648854961,-15.86259541984733,0.0
22.500000476837158,-10.474632263183594,4.290409374999999,2.5522189697265625,-4.259541984732825,35.41984732824427,-27.358778625954198,-18.497602026367186,-0.507570751953125,8.281543542480469,245.89312977099237,-121.77099236641222,-26.85496183206107,0.0
22.510000944137573,-10.800243688964843,4.678270043945313,3.404554760742187,-26.442748091603054,31.541984732824428,-21.83206106870229,-12.497732666015624,5.329492895507812,1.6831237670898436,222.35114503816794,-163.55725190839695,-42.732824427480914,0.0
22.52000069618225,-11.441889733886718,5.61200869140625,4.00310517578125,-49.20610687022901,27.908396946564885,-13.099236641221374,-17.980454467773438,3.9815573608398434,4.256890551757812,181.6946564885496,-153.55725190839695,-41.725190839694655,0.0
22.530000925064087,-10.407594616699217,4.568136767578125,3.9887399658203124,-66.80916030534351,24.946564885496183,-4.885496183206107,-9.636661682128906,7.400477331542969,-1.8938135131835936,139.0381679389313,-167.66412213740458,-57.908396946564885,0.0
22.540000677108765,-9.9981861328125,4.728548278808593,2.7198130859375,-76.22900763358778,23.541984732824428,3.236641221374046,-11.403582507324218,5.068524914550781,-1.1133037719726562,85.06870229007633,-137.05343511450383,-53.541984732824424,0.0
22.5500009059906,-8.712499841308594,2.8754361938476563,2.8036101440429686,-80.9618320610687,26.564885496183205,8.13740458015267,-6.864176159667968,6.828263134765624,-3.83072265625,33.38931297709924,-121.32824427480917,-57.11450381679389,0.0
22.56000065803528,-9.56962403564453,2.806004345703125,2.480392919921875,-81.25190839694656,28.82442748091603,8.732824427480915,-8.954314208984375,1.6903063720703124,-1.4867992309570313,-1.816793893129771,-80.74809160305344,-45.48091603053435,0.0
22.570025205612183,-10.182539660644531,2.3223756103515623,2.693476867675781,-87.25190839694656,27.022900763358777,6.534351145038168,-1.867477294921875,4.489128112792969,-3.778050219726562,-7.770992366412214,-79.43511450381679,-47.11450381679389,0.0
22.580000638961792,-11.396399902343749,1.1611878051757811,2.3032219970703123,-93.64885496183206,14.198473282442748,9.49618320610687,-5.875370874023437,1.8267758666992187,-2.4516625,-14.564885496183207,-58.44274809160305,-34.732824427480914,0.0
22.59000062942505,-11.030087048339842,-0.488417138671875,3.23696064453125,-89.40458015267176,8.427480916030534,12.412213740458014,-4.352658618164062,1.9512743530273435,-1.4317325927734375,-32.152671755725194,-44.83969465648855,-33.41984732824427,0.0
22.600000381469727,-11.846509814453125,-0.8690952026367187,3.8570588745117185,-82.33587786259542,5.541984732824427,13.954198473282442,-5.781997009277344,2.93050283203125,0.4333505004882812,-41.48091603053435,-32.51908396946565,-29.099236641221374,0.0
22.610000610351562,-11.128249316406249,-1.2569558715820313,4.905719201660156,-69.08396946564885,-0.366412213740458,15.48091603053435,-7.644685900878906,1.7214309936523438,1.886630908203125,-42.58015267175573,-27.00763358778626,-22.916030534351144,0.0
22.62000060081482,-11.48498536376953,-1.8363526733398436,4.948814831542968,-54.732824427480914,-4.290076335877862,15.770992366412214,-9.871293444824218,-0.1197100830078125,3.4332851806640625,-36.656488549618324,-18.48854961832061,-19.389312977099237,0.0
22.630000591278076,-10.694898815917968,-2.2290017456054687,5.111620544433594,-40.229007633587784,-7.099236641221374,14.748091603053435,-7.3837179199218745,0.93852705078125,2.81558115234375,-25.251908396946565,-21.099236641221374,-20.259541984732824,0.0
22.640000343322754,-9.605537060546874,-2.5809493896484375,4.8314989501953125,-23.755725190839694,-10.229007633587786,10.870229007633588,-9.076418493652342,-0.6584054565429687,2.0733786376953125,-24.549618320610687,-10.870229007633588,-19.83206106870229,0.0
22.65000057220459,-9.485826977539062,-2.212242333984375,4.934449621582031,-9.32824427480916,-11.374045801526718,5.908396946564886,-8.98304462890625,-1.8435352783203125,2.104503259277344,-14.122137404580153,-8.610687022900763,-20.80916030534351,0.0
22.660000801086426,-9.512163195800781,-2.0446482177734375,4.912901806640625,3.3435114503816794,-13.755725190839694,0.5648854961832062,-9.344569079589844,-3.258508459472656,1.8555062866210936,11.709923664122137,-14.595419847328245,-22.99236641221374,0.0
22.670000553131104,-9.753977563476562,-1.8076222534179687,5.2648494506835934,16.763358778625953,-15.86259541984733,-6.458015267175573,-8.080430603027343,-3.0837317382812497,2.0733786376953125,26.671755725190838,-14.045801526717558,-24.045801526717558,0.0
22.68000078201294,-9.5384994140625,-1.3431471313476562,5.008669873046875,27.099236641221374,-18.80916030534351,-12.0,-6.945579016113281,-0.17238251953125,0.7709329345703124,46.36641221374046,-28.99236641221374,-25.908396946564885,0.0
22.690000295639038,-9.706093530273437,0.4261678955078125,5.193023400878906,35.770992366412216,-21.61832061068702,-14.687022900763358,-7.702146740722656,1.1037269653320312,0.040701428222656245,37.786259541984734,-13.694656488549619,-24.16793893129771,0.0
22.700000524520874,-10.105925207519531,2.607285607910156,5.942408520507812,30.580152671755727,-24.793893129770993,-16.03053435114504,-5.889736083984375,2.9041666137695312,0.565031591796875,21.251908396946565,-0.8396946564885496,-19.801526717557252,0.0
22.71000051498413,-10.134655627441406,3.1196447631835937,6.679822631835937,20.65648854961832,-34.83969465648855,-14.458015267175572,-7.369352709960937,2.023100402832031,0.9313444458007812,19.404580152671755,-4.549618320610687,-12.076335877862595,0.0
22.720000505447388,-9.564835632324218,1.7645266235351562,6.3709706176757805,25.83206106870229,-45.603053435114504,-10.15267175572519,-6.964732629394531,1.7166425903320313,1.4939818359375,17.14503816793893,2.9160305343511452,-8.442748091603054,0.0
22.730000257492065,-9.418789331054686,1.0702081420898437,7.809885815429687,32.6412213740458,-51.49618320610687,-9.114503816793894,-6.720524060058593,1.618480322265625,1.659181750488281,15.86259541984733,2.3206106870229006,-5.923664122137405,0.0
22.740000247955322,-10.747571252441405,2.2840683837890623,9.890447058105469,38.01526717557252,-59.41984732824427,-8.992366412213741,-6.89530078125,0.7900865478515624,1.927332336425781,12.717557251908397,2.6717557251908395,-3.66412213740458,0.0
22.750000476837158,-10.046070166015625,0.7422025146484375,9.866505041503906,43.55725190839695,-74.83969465648855,-2.885496183206107,-6.268019946289062,0.9624690673828125,0.97683427734375,14.15267175572519,2.351145038167939,-1.8015267175572518,0.0
22.760000705718994,-7.37414111328125,-1.8435352783203125,10.89122335205078,61.9236641221374,-83.09923664122137,2.9618320610687023,-7.244854223632812,0.23223756103515625,1.2713210815429687,22.412213740458014,1.9541984732824427,1.6641221374045803,0.0
22.77000093460083,-10.548852514648438,-1.2785036865234374,13.402740893554686,67.25190839694656,-97.58778625954199,-5.9541984732824424,-5.609614489746093,0.21068974609375,-0.4213794921875,31.328244274809162,2.0916030534351147,1.1145038167938932,0.0
22.780000686645508,-12.624625354003905,1.8028338500976562,13.862427612304687,55.66412213740458,-129.81679389312978,-10.244274809160306,-5.195417602539062,2.2457611572265623,-3.1675287963867187,32.67175572519084,5.083969465648855,0.061068702290076333,0.0
22.790000915527344,-15.358803649902343,4.989516259765625,14.197615844726561,46.656488549618324,-157.86259541984734,-4.030534351145038,-6.011840368652344,3.3255461059570313,-3.3973721557617185,27.908396946564885,12.748091603053435,-1.5725190839694656,0.0
22.800000429153442,-16.086640954589843,6.251260534667968,13.345280053710937,32.0763358778626,-193.31297709923663,9.206106870229007,-12.243947290039062,3.404554760742187,1.2378022583007813,24.564885496183205,21.099236641221374,-1.6030534351145038,0.0
22.8100004196167,-16.45055960693359,5.702988354492187,11.429918725585937,26.763358778625953,-218.0,21.541984732824428,-13.244723583984374,4.170699291992188,4.247313745117188,16.564885496183205,11.648854961832061,-6.763358778625954,0.0
22.820000648498535,-13.76426534423828,0.6631938598632812,6.227318518066406,24.03053435114504,-237.96946564885496,37.465648854961835,-15.231910961914062,3.2130186279296873,6.0333881835937495,2.732824427480916,11.358778625954198,-6.5038167938931295,0.0
22.830000638961792,-12.966996191406249,-3.1316157714843746,2.157175695800781,29.709923664122137,-234.87022900763358,44.62595419847328,-13.76426534423828,2.77727392578125,3.0406361083984375,-10.458015267175572,6.183206106870229,-4.961832061068702,0.0
22.84000039100647,-12.457031237792968,-5.097255334472656,-3.1555577880859373,40.48854961832061,-231.25190839694656,48.97709923664122,-14.79856046142578,-0.21787235107421873,3.0262708984374997,-7.374045801526718,6.916030534351145,2.4580152671755724,0.0
22.850000381469727,-12.105083593749999,-8.092401611328125,-4.979939453125,72.29007633587786,-209.86259541984734,52.732824427480914,-13.148955517578123,1.1851298217773436,1.1156979736328125,5.633587786259542,-5.068702290076335,3.2213740458015265,0.0
22.860000371932983,-11.054029064941405,-8.595183959960938,-6.603208178710937,95.63358778625954,-185.17557251908397,45.603053435114504,-11.394005700683593,0.34715924072265625,-0.15083470458984374,9.938931297709924,-0.5954198473282443,7.648854961832061,0.0
22.87000060081482,-10.579977136230468,-6.775590698242187,-3.660734338378906,76.93129770992367,-171.12977099236642,20.412213740458014,-6.639121203613281,2.0733786376953125,-4.618415002441406,2.2900763358778624,-7.511450381679389,4.564885496183206,0.0
22.880000352859497,-12.00931552734375,-4.99909306640625,1.0678139404296874,71.7557251908397,-161.4351145038168,2.16793893129771,-7.304709265136719,-0.967257470703125,-4.216189123535156,-9.48091603053435,10.717557251908397,9.587786259541986,0.0
22.890000581741333,-13.536816186523437,-0.8595183959960937,4.934449621582031,94.1526717557252,-139.08396946564886,3.7251908396946565,-7.4699091796875,0.17477672119140625,-4.3813890380859375,-18.641221374045802,20.396946564885496,8.916030534351146,0.0
22.90000033378601,-12.97896719970703,2.530671154785156,4.115632653808594,94.97709923664122,-133.5267175572519,10.290076335877863,-11.281478222656249,-3.0837317382812497,-0.7326257080078125,-17.96946564885496,42.12213740458015,12.366412213740459,0.0
22.910000562667847,-15.3611978515625,6.2392895263671875,4.896142395019531,81.14503816793894,-125.49618320610686,17.72519083969466,-11.489773767089844,-4.089296435546875,0.9145850341796874,10.106870229007633,35.099236641221374,4.732824427480916,0.0
22.920000791549683,-13.541604589843748,6.062118603515625,2.770091320800781,46.0,-136.3969465648855,28.137404580152673,-11.097124694824219,-2.6503812377929687,-0.06703764648437499,23.282442748091604,33.20610687022901,-1.083969465648855,0.0
22.93000054359436,-12.887987536621093,5.853823059082031,3.3638533325195312,20.47328244274809,-122.19847328244275,33.41984732824427,-9.957484704589843,-0.8068459594726562,-0.0383072265625,22.244274809160306,35.98473282442748,-1.4045801526717556,0.0
22.940000534057617,-11.59990704345703,4.733336682128906,1.458068811035156,-19.404580152671755,-130.85496183206106,35.48091603053435,-11.413159313964844,0.16759411621093748,1.2401964599609374,27.0381679389313,37.80152671755725,1.6641221374045803,0.0
22.950000286102295,-8.741230261230468,1.5370774658203123,-0.07900865478515624,-42.68702290076336,-125.72519083969466,39.02290076335878,-9.0788126953125,3.5218706420898434,0.3495534423828125,13.770992366412214,33.267175572519086,2.4885496183206106,0.0
22.96000051498413,-6.2584431396484375,-0.4572925170898437,-0.8020575561523438,-59.908396946564885,-119.09923664122137,38.01526717557252,-10.038887561035155,3.859453076171875,-0.0526724365234375,1.1297709923664123,35.603053435114504,8.51908396946565,0.0
22.97000026702881,-3.835511059570312,-1.120486376953125,-1.3527239379882812,-65.29770992366412,-106.82442748091603,34.412213740458014,-10.295067138671874,3.9264907226562498,-0.1197100830078125,-14.854961832061068,34.88549618320611,13.374045801526718,0.0
22.980000495910645,-1.5035586425781249,-2.0350714111328125,-1.946485949707031,-68.9618320610687,-97.52671755725191,29.022900763358777,-9.471461767578125,2.9041666137695312,1.3072341064453123,-24.931297709923665,35.51145038167939,18.290076335877863,0.0
22.9900004863739,0.1580173095703125,-3.095702746582031,-2.5450363647460934,-62.61068702290076,-78.16793893129771,21.16030534351145,-9.878476049804688,1.8339584716796873,0.622492431640625,-30.213740458015266,34.274809160305345,23.083969465648856,0.0
23.000000476837158,1.7262193969726563,-4.800374328613281,-3.4955344238281247,-50.80916030534351,-65.63358778625954,16.83969465648855,-9.627084875488281,1.0510545288085937,1.0295067138671874,-29.46564885496183,32.29007633587786,25.267175572519083,0.0
23.010000944137573,-0.6584054565429687,-3.2920272827148436,-1.0678139404296874,-33.3587786259542,-37.89312977099237,11.404580152671755,-9.923965881347655,0.316034619140625,1.0654197387695312,-25.206106870229007,30.50381679389313,27.709923664122137,0.0
23.02000069618225,18.93574093017578,-22.242133422851563,-9.770736975097655,73.19083969465649,0.4580152671755725,31.099236641221374,-7.5465236328125,-1.1348515869140625,0.3711012573242187,-18.595419847328245,28.671755725190838,26.9618320610687,0.0
23.030000925064087,9.251195214843749,-12.856862915039061,-3.3446997192382812,180.99236641221373,104.76335877862596,10.83969465648855,-8.67658681640625,-4.266467358398438,1.7956512451171873,3.2977099236641223,33.465648854961835,25.099236641221374,0.0
23.040000438690186,17.152060693359374,-19.998766467285154,-5.801150622558594,238.7175572519084,114.41221374045801,-13.877862595419847,-5.214571215820312,-6.624755993652343,1.8219874633789062,29.267175572519083,31.480916030534353,10.045801526717558,0.0
23.05000066757202,-1.3311761230468748,-5.6958057495117185,1.1252747802734375,321.00763358778624,202.7175572519084,-43.05343511450382,-5.815515832519531,-2.8514941772460936,0.47644613037109373,26.27480916030534,31.81679389312977,14.610687022900763,0.0
23.0600004196167,-0.5099649536132812,0.13646949462890623,0.9888052856445312,292.39694656488547,184.42748091603053,-60.42748091603053,-3.181894006347656,1.139639990234375,-2.1978771240234374,8.244274809160306,48.54961832061068,18.564885496183205,0.0
23.070000410079956,-13.180080139160156,14.03959853515625,1.7405846069335937,274.7175572519084,211.54198473282443,-59.786259541984734,-6.809109521484374,4.819527941894531,-2.1595698974609374,-52.6412213740458,58.85496183206107,8.992366412213741,0.0
23.080000638961792,-21.54063233642578,33.710359374999996,5.501875415039062,99.3587786259542,169.6793893129771,-71.77099236641222,-8.389282617187499,6.988674645996094,-3.0909143432617188,-97.32824427480917,69.7557251908397,8.473282442748092,0.0
23.09000062942505,-10.084377392578125,23.95877601318359,5.80354482421875,-109.95419847328245,75.32824427480917,-54.48854961832061,-12.464213842773436,5.173869787597656,-2.262520568847656,-156.5801526717557,71.52671755725191,27.282442748091604,0.0
23.100000619888306,-13.857639208984374,29.57317890625,7.37414111328125,-231.3740458015267,17.31297709923664,-45.038167938931295,-16.74504641113281,0.143652099609375,1.5682020874023437,-150.94656488549617,69.05343511450381,48.213740458015266,0.0
23.110000610351562,-6.241683728027343,8.939948999023438,5.7317187744140625,-303.2671755725191,-60.2442748091603,-11.740458015267176,-16.474501623535154,-5.161898779296875,5.906495495605468,-77.72519083969466,56.85496183206107,42.19847328244275,0.0
23.12000060081482,-8.506598498535157,2.070984436035156,7.256825231933593,-244.15267175572518,-53.31297709923664,17.17557251908397,-14.180856433105468,-8.482656481933594,1.7836802368164062,-33.52671755725191,33.770992366412216,34.534351145038165,0.0
23.130000591278076,-5.702988354492187,-5.944802722167968,6.641515405273437,-197.80152671755727,-65.98473282442748,34.030534351145036,-10.826579907226561,-4.192247106933594,2.6408044311523438,3.8625954198473282,26.38167938931298,22.580152671755727,0.0
23.140000820159912,-6.1267620483398435,-12.332532751464843,13.867216015624999,-93.5114503816794,-48.717557251908396,49.16030534351145,-9.560047229003906,-2.1595698974609374,3.0813375366210938,20.946564885496183,27.786259541984734,18.198473282442748,0.0
23.15000033378601,-7.086836914062499,-9.009380847167968,16.596605908203124,7.00763358778626,-30.610687022900763,45.9236641221374,-7.5345526245117185,1.3048399047851562,1.8770541015625,14.061068702290076,33.038167938931295,13.17557251908397,0.0
23.160000801086426,-17.8894748046875,6.114791040039062,18.684349755859373,24.458015267175572,-17.19083969465649,28.82442748091603,-9.919177478027343,-0.04548983154296875,1.687912170410156,13.908396946564885,41.847328244274806,22.03053435114504,0.0
23.170000314712524,-17.922993627929685,8.197746484375,13.797784167480469,-27.374045801526716,-51.86259541984733,26.610687022900763,-11.310208642578125,1.7956512451171873,1.1659762084960936,9.251908396946565,37.603053435114504,27.84732824427481,0.0
23.18000054359436,-24.621969873046872,18.334796313476563,11.089942089843749,-81.46564885496183,-43.55725190839695,34.51908396946565,-12.069170568847655,1.6232687255859375,-0.7398083129882812,0.7175572519083969,37.70992366412214,32.51908396946565,0.0
23.190000534057617,-16.282965490722656,9.904812268066406,2.518700146484375,-157.9083969465649,-75.89312977099236,51.51145038167939,-12.665326782226561,2.731784094238281,-0.7445967163085937,-14.763358778625955,34.51908396946565,33.43511450381679,0.0
23.200000524520874,-11.623849060058593,4.211400720214844,-1.5586252807617187,-152.0763358778626,-53.38931297709924,66.04580152671755,-12.86404552001953,2.6192566162109374,-1.8291700683593748,-31.16030534351145,32.67175572519084,39.969465648854964,0.0
23.21000051498413,1.7812860351562498,-10.620678564453124,-6.9168485961914055,-123.64885496183206,-39.06870229007634,77.66412213740458,-15.260641381835937,0.469263525390625,-1.2234370483398436,-24.290076335877863,35.66412213740458,43.93893129770992,0.0
23.22000026702881,6.007051965332031,-12.907141149902342,-3.2513258544921873,-81.8473282442748,3.3282442748091605,60.412213740458014,-15.974113476562499,-1.47482822265625,-0.34237083740234375,-13.282442748091603,34.01526717557252,45.81679389312977,0.0
23.230000257492065,8.022969763183593,-21.50232510986328,6.287173559570312,-19.328244274809162,45.404580152671755,37.48091603053435,-14.561534497070312,1.6041151123046875,0.105344873046875,-13.603053435114504,29.72519083969466,35.51145038167939,0.0
23.2400004863739,-2.712630480957031,-11.130643518066405,13.584700219726562,62.25954198473283,69.54198473282443,-13.786259541984732,-14.765041638183593,1.3431471313476562,0.011971008300781249,-11.053435114503817,24.625954198473284,29.908396946564885,0.0
23.25000023841858,-7.151480358886718,3.957615344238281,5.195417602539062,104.85496183206106,74.77862595419847,-26.549618320610687,-14.101847778320312,3.612850305175781,0.37828386230468747,-19.16030534351145,19.31297709923664,26.137404580152673,0.0
23.260000705718994,-10.711658227539061,6.648698010253906,-0.6607996582031249,58.396946564885496,82.50381679389314,-31.938931297709924,-15.720328100585936,1.1276689819335937,2.530671154785156,-23.52671755725191,16.15267175572519,32.10687022900763,0.0
23.27000093460083,-13.350068457031249,3.066972326660156,3.1316157714843746,5.358778625954199,86.41221374045801,-33.23664122137404,-16.060304736328124,0.5291185668945312,4.00310517578125,-27.16030534351145,3.9389312977099236,28.35114503816794,0.0
23.280000686645508,-13.244723583984374,4.256890551757812,4.975151049804687,11.450381679389313,98.82442748091603,-26.137404580152673,-16.172832214355466,0.18914193115234373,3.8187516479492185,-29.480916030534353,-11.786259541984732,27.267175572519083,0.0
23.290000677108765,-14.317325927734375,5.7891796142578125,2.858676782226562,-1.2213740458015268,102.18320610687023,-19.709923664122137,-15.2845833984375,1.3072341064453123,3.948038537597656,-34.152671755725194,-24.748091603053435,24.946564885496183,0.0
23.30000066757202,-13.855245007324218,4.311957189941406,2.221819140625,-19.572519083969464,102.1526717557252,-12.549618320610687,-13.893552233886718,1.1635820068359375,1.7286135986328124,-40.30534351145038,-28.68702290076336,23.64885496183206,0.0
23.31000065803528,-12.899958544921875,2.9927520751953125,1.7836802368164062,-26.106870229007633,105.2824427480916,-8.885496183206106,-13.390769885253906,-0.031124621582031248,2.013523596191406,-39.89312977099237,-31.52671755725191,19.801526717557252,0.0
23.320000648498535,-12.552799304199217,2.583343591308594,1.3120225097656248,-30.83969465648855,107.19083969465649,-6.717557251908397,-14.513650463867187,-2.176329309082031,3.4261025756835934,-22.442748091603054,-35.908396946564885,15.206106870229007,0.0
23.330000638961792,-11.212046374511718,0.9050082275390624,1.1827356201171875,-29.709923664122137,112.25954198473282,-5.145038167938932,-12.363657373046875,-3.0262708984374997,3.5673604736328124,-6.122137404580153,-49.404580152671755,2.7938931297709924,0.0
23.34000039100647,-10.75714805908203,0.5722141967773438,1.369483349609375,-28.076335877862597,117.40458015267176,-6.809160305343512,-12.57674132080078,-3.375824340820312,3.7110125732421873,12.595419847328245,-61.908396946564885,-10.244274809160306,0.0
23.350000619888306,-10.005368737792969,0.5291185668945312,1.5921441040039062,-26.442748091603054,121.26717557251908,-8.305343511450381,-9.406818322753905,-0.1292868896484375,1.5873557006835937,9.877862595419847,-75.16030534351145,-25.84732824427481,0.0
23.360000371932983,-9.9215716796875,1.209071838378906,1.936909143066406,-28.18320610687023,124.59541984732824,-8.50381679389313,-9.718064538574218,-0.584185205078125,1.8531120849609375,6.015267175572519,-71.00763358778626,-30.610687022900763,0.0
23.37000060081482,-9.45470235595703,0.34715924072265625,1.7645266235351562,-35.6793893129771,123.40458015267176,-9.770992366412214,-9.074024291992187,1.9752163696289062,0.27293898925781246,8.793893129770993,-78.61068702290076,-40.94656488549618,0.0
23.380000591278076,-9.289502441406249,-0.7733271362304687,2.5378537597656248,-36.94656488549618,125.17557251908397,-11.389312977099237,-8.152256652832031,3.0813375366210938,0.086191259765625,-5.00763358778626,-70.83969465648855,-43.282442748091604,0.0
23.390000581741333,-8.772354882812499,-2.051830822753906,2.422932080078125,-39.55725190839695,122.51908396946565,-15.877862595419847,-9.890447058105469,1.9919757812499999,0.17477672119140625,-3.8625954198473282,-63.7557251908397,-43.49618320610687,0.0
23.40000033378601,-9.212887988281249,-3.208230224609375,2.863465185546875,-30.748091603053435,121.58778625954199,-23.251908396946565,-6.368576416015625,6.224924316406249,-2.971204260253906,-11.389312977099237,-62.274809160305345,-50.42748091603053,0.0
23.410000801086426,-8.827421520996094,-2.588131994628906,2.8227637573242186,-21.14503816793893,118.33587786259542,-28.82442748091603,-5.580884069824219,6.5409589355468745,-4.110844250488281,-29.34351145038168,-36.030534351145036,-40.06106870229008,0.0
23.420000791549683,-9.016563452148437,-2.3343466186523436,3.564966271972656,-9.923664122137405,117.08396946564885,-35.00763358778626,-6.8976949829101555,4.891353991699218,-4.204218115234375,-24.396946564885496,-22.106870229007633,-33.14503816793893,0.0
23.43000054359436,-8.923189587402343,-3.6559459350585937,3.31357509765625,10.442748091603054,111.3587786259542,-39.38931297709924,-8.264784130859374,3.801992236328125,-0.9026140258789062,-12.641221374045802,-2.1374045801526718,-25.267175572519083,0.0
23.440000772476196,-8.312668164062499,-2.932897033691406,3.1316157714843746,32.99236641221374,111.16030534351145,-43.00763358778626,-2.142810485839844,9.983820922851562,-9.430760339355468,-24.091603053435115,-12.717557251908397,-31.17557251908397,0.0
23.450000524520874,-8.985438830566405,0.02633621826171875,2.849099975585937,49.954198473282446,108.59541984732824,-45.38931297709924,-7.127538342285156,5.547365246582031,-2.607285607910156,-37.17557251908397,28.99236641221374,-8.0,0.0
23.46000051498413,-9.504980590820312,3.517082238769531,3.3255461059570313,51.49618320610687,104.03053435114504,-45.404580152671755,2.5713725830078125,12.318167541503906,-9.79946739501953,-72.79389312977099,31.541984732824428,-7.1603053435114505,0.0
23.470000505447388,-9.181763366699219,4.256890551757812,3.23696064453125,48.85496183206107,94.77862595419847,-38.94656488549618,-5.384559533691406,6.586448767089843,-5.135562561035156,-99.2824427480916,72.68702290076335,16.18320610687023,0.0
23.480000257492065,-7.783549597167968,3.8570588745117185,4.211400720214844,47.98473282442748,88.7175572519084,-35.099236641221374,5.968744738769531,14.427459204101561,-20.798429821777344,-122.79389312977099,43.32824427480916,8.67175572519084,0.0
23.4900004863739,-7.659051110839843,3.6487633300781246,3.430890979003906,43.847328244274806,77.96946564885496,-29.6793893129771,-6.725312463378906,6.600813977050781,-5.837063647460937,-244.1679389312977,153.32824427480915,36.10687022900763,0.0
23.500000476837158,-7.920019091796875,3.8235400512695312,4.5585599609375,46.030534351145036,78.16793893129771,-31.450381679389313,-4.290409374999999,5.442020373535156,-6.392518432617187,-202.2290076335878,117.16030534351145,37.541984732824424,0.0
23.510000944137573,-9.464279162597656,2.952050646972656,3.3973721557617185,43.05343511450382,61.48091603053435,-28.458015267175572,-15.670049865722655,-6.725312463378906,0.07422025146484375,-163.55725190839695,137.1908396946565,50.152671755725194,0.0
23.520000457763672,-8.449137658691406,-4.084508032226562,2.9448680419921875,82.87022900763358,67.72519083969466,-26.65648854961832,-14.860809704589842,-15.911864233398436,8.757989672851561,-32.51908396946565,100.03053435114504,36.50381679389313,0.0
23.530000925064087,-13.405135095214844,-2.712630480957031,2.2481553588867187,111.69465648854961,67.77099236641222,-40.88549618320611,-20.70984436035156,-28.050466650390625,16.42661759033203,102.90076335877863,76.61068702290076,30.076335877862597,0.0
23.540000677108765,-13.974955090332031,0.603338818359375,2.1116858642578125,112.53435114503817,60.595419847328245,-46.87022900763359,-12.284648718261717,-19.000384375,10.963049401855468,227.54198473282443,-5.9541984732824424,4.488549618320611,0.0
23.55000066757202,-11.889605444335936,4.220977526855468,1.946485949707031,82.04580152671755,47.83206106870229,-42.19847328244275,-7.694964135742187,-4.0222587890625,0.5746083984375,301.0381679389313,-91.5114503816794,-15.145038167938932,0.0
23.56000065803528,-14.446612817382812,8.001421948242188,3.478775012207031,44.595419847328245,45.14503816793893,-39.80152671755725,-22.77125198974609,-13.814543579101562,15.059528442382812,327.64885496183206,-109.00763358778626,-22.48854961832061,0.0
23.570000410079956,-11.812990991210937,4.304774584960938,3.2321722412109373,9.816793893129772,28.793893129770993,-34.87022900763359,-16.36915675048828,-4.790797521972656,1.2114660400390624,409.3587786259542,-192.15267175572518,-36.12213740458015,0.0
23.580000400543213,-11.726799731445311,7.45075556640625,2.825157958984375,-13.404580152671755,22.931297709923665,-28.519083969465647,-10.443507641601562,9.696516723632811,-2.530671154785156,325.08396946564886,-219.29770992366412,-63.14503816793893,0.0
23.59000062942505,-11.003750830078124,7.560888842773437,3.83072265625,-58.13740458015267,16.916030534351144,-14.625954198473282,-12.234370483398436,14.705186596679686,-3.246537451171875,217.06870229007635,-187.206106870229,-64.19847328244275,0.0
23.600000619888306,-9.052476477050782,5.760449194335937,3.9528269409179684,-80.97709923664122,14.15267175572519,-6.305343511450381,-12.174515441894531,11.712434521484374,-4.2137949218749995,134.42748091603053,-163.45038167938932,-59.954198473282446,0.0
23.610000610351562,-6.943184814453125,4.158728283691406,2.549824768066406,-82.97709923664122,17.297709923664122,-1.8473282442748091,-7.850587243652344,10.031704956054687,-2.710236279296875,75.6793893129771,-135.1908396946565,-55.908396946564885,0.0
23.62000060081482,-5.851428857421874,2.8012159423828122,1.2521674682617188,-76.13740458015268,28.412213740458014,-0.7938931297709924,-4.450820886230469,8.573636145019531,-3.727771984863281,15.282442748091603,-102.38167938931298,-48.68702290076336,0.0
23.630000591278076,-7.249642626953125,3.268085266113281,0.584185205078125,-74.44274809160305,40.534351145038165,-1.7099236641221374,-4.261678955078125,5.7149593627929685,-2.6048914062499997,-28.48854961832061,-69.14503816793894,-38.79389312977099,0.0
23.640000820159912,-8.726865051269531,2.817975354003906,-0.18435352783203124,-84.18320610687023,36.412213740458014,0.7633587786259542,-4.733336682128906,3.399766357421875,-1.0702081420898437,-44.58015267175573,-53.14503816793893,-31.64885496183206,0.0
23.65000057220459,-8.793902697753905,-0.7709329345703124,-1.2713210815429687,-79.5114503816794,40.229007633587784,8.198473282442748,-4.182670300292968,2.9640216552734375,-2.602497204589844,-54.85496183206107,-44.534351145038165,-26.3206106870229,0.0
23.660000801086426,-9.866505041503906,-1.3048399047851562,-0.622492431640625,-80.56488549618321,47.3587786259542,5.32824427480916,-6.524199523925781,0.6655880615234374,-1.458068811035156,-59.6793893129771,-29.954198473282442,-21.328244274809162,0.0
23.670000553131104,-11.171344946289063,-1.8148048583984373,1.5370774658203123,-80.90076335877863,43.66412213740458,0.9770992366412213,-8.429984045410155,-0.1292868896484375,0.40222587890625,-61.12977099236641,-18.458015267175572,-19.114503816793892,0.0
23.68000054359436,-12.050016955566406,-0.8379705810546875,1.9512743530273435,-75.0381679389313,41.14503816793893,0.9923664122137404,-6.440402465820312,1.4437036010742186,-0.2537853759765625,-60.045801526717554,-18.106870229007633,-23.358778625954198,0.0
23.690000534057617,-12.962207788085937,-1.149216796875,3.2417490478515623,-70.9618320610687,35.25190839694657,1.1908396946564885,-8.588001354980468,0.9792284790039062,2.039859814453125,-54.595419847328245,-15.358778625954198,-18.85496183206107,0.0
23.700000524520874,-11.899182250976562,-1.7860744384765623,4.101267443847656,-59.7557251908397,31.557251908396946,2.8091603053435112,-8.061276989746093,0.9457096557617187,2.959233251953125,-47.847328244274806,-10.610687022900763,-17.404580152671755,0.0
23.71000051498413,-11.475408557128906,-1.8650830932617186,4.994304663085937,-44.38167938931298,28.3206106870229,-0.6870229007633588,-8.001421948242188,0.10295067138671875,3.1747114013671873,-40.961832061068705,-8.320610687022901,-17.923664122137403,0.0
23.720000505447388,-11.044452258300781,-2.549824768066406,5.351040710449219,-33.11450381679389,18.83969465648855,-3.053435114503817,-8.741230261230468,-1.2234370483398436,3.227383837890625,-29.770992366412212,-8.305343511450381,-15.557251908396946,0.0
23.730000495910645,-9.3086560546875,-4.086902233886718,4.965574243164062,-4.412213740458015,14.977099236641221,-3.0381679389312977,-11.269507214355468,-4.060566015625,4.2497079467773435,-3.2061068702290076,-10.396946564885496,-15.251908396946565,0.0
23.7400004863739,-10.062829577636718,-2.6001030029296874,6.347028601074219,11.099236641221374,12.732824427480915,-11.435114503816793,-10.261548315429687,-4.383783239746093,3.402160559082031,25.00763358778626,-16.213740458015266,-17.633587786259543,0.0
23.750000476837158,-11.269507214355468,-0.699106884765625,6.610390783691406,26.65648854961832,8.900763358778626,-17.984732824427482,-8.863334545898438,-3.1100679565429687,0.20829554443359374,44.58015267175573,-23.450381679389313,-21.404580152671755,0.0
23.760000705718994,-10.405200415039062,-0.5003881469726562,5.923254907226562,30.83969465648855,-5.6183206106870225,-20.045801526717558,-11.02529864501953,-4.484339709472656,0.28490999755859375,61.55725190839695,-24.458015267175572,-23.358778625954198,0.0
23.77000093460083,-10.319009155273436,0.15562310791015624,6.4834980957031245,46.778625954198475,-10.351145038167939,-20.931297709923665,-4.728548278808593,0.7038952880859375,-0.38786066894531246,58.656488549618324,-11.374045801526718,-22.442748091603054,0.0
23.78000044822693,-10.263942517089843,1.3024457031249999,7.371746911621093,46.94656488549618,-14.473282442748092,-21.862595419847327,-5.7508723876953125,0.7757213378906249,1.2378022583007813,58.01526717557252,-15.145038167938932,-25.328244274809162,0.0
23.790000915527344,-10.690110412597656,1.2641384765625,8.197746484375,49.00763358778626,-25.557251908396946,-20.48854961832061,-6.313509777832031,1.1420341918945311,1.649604943847656,57.770992366412216,-13.053435114503817,-19.96946564885496,0.0
23.800000429153442,-10.817003100585938,0.3711012573242187,9.390058911132812,59.29770992366412,-36.656488549618324,-17.236641221374047,-7.398083129882812,0.44053310546874996,2.1595698974609374,60.732824427480914,-13.083969465648854,-16.198473282442748,0.0
23.81000065803528,-11.573570825195311,0.5722141967773438,9.995791931152343,68.79389312977099,-49.725190839694655,-15.236641221374045,-7.4794859863281244,-0.4644751220703125,1.7693150268554687,62.6412213740458,-15.679389312977099,-15.34351145038168,0.0
23.820000648498535,-11.432312927246093,0.6153098266601562,10.038887561035155,80.33587786259542,-65.34351145038168,-13.603053435114504,-9.957484704589843,-0.25139117431640623,2.559401574707031,63.41984732824427,-14.396946564885496,-13.86259541984733,0.0
23.830000638961792,-12.413935607910156,1.5514426757812498,10.876858142089842,86.47328244274809,-81.19083969465649,-13.801526717557252,-7.122749938964843,2.4492682983398435,-2.346317626953125,50.916030534351144,-11.312977099236642,-16.885496183206108,0.0
23.84000039100647,-11.295843432617186,0.6943184814453125,12.23915888671875,103.2824427480916,-98.65648854961832,-11.282442748091603,-8.540117321777343,3.2704794677734372,-3.2704794677734372,47.19083969465649,9.114503816793894,-10.229007633587786,0.0
23.850000381469727,-15.634136840820311,3.9695863525390624,14.061146350097655,104.3206106870229,-116.35114503816794,-11.923664122137405,-8.939948999023438,7.395688928222656,-3.4668040039062498,53.69465648854962,8.854961832061068,-11.908396946564885,0.0
23.860000610351562,-15.734693310546874,4.912901806640625,12.650961572265624,96.58015267175573,-146.59541984732823,-2.366412213740458,-10.568006127929687,7.055712292480468,-0.5506663818359374,38.595419847328245,25.450381679389313,-7.267175572519084,0.0
23.87000060081482,-16.68279716796875,5.003881469726562,11.990161914062499,62.70229007633588,-178.04580152671755,3.7557251908396947,-8.451531860351562,7.596801867675781,1.7214309936523438,15.358778625954198,20.671755725190838,-0.32061068702290074,0.0
23.880000591278076,-14.104241979980468,0.41898529052734373,11.731588134765625,41.93893129770992,-210.10687022900763,13.664122137404581,-7.7763669921875,5.104437939453125,0.6703764648437499,-6.870229007633588,21.84732824427481,8.732824427480915,0.0
23.890000581741333,-15.945383056640624,-0.16519991455078123,13.510479968261718,56.83969465648855,-225.5267175572519,24.396946564885496,-8.40843623046875,2.9664158569335934,-0.4525041137695312,-17.00763358778626,21.557251908396946,14.0,0.0
23.90000081062317,-15.045163232421874,-0.852335791015625,11.444283935546874,87.3587786259542,-242.42748091603053,39.49618320610687,-11.755530151367187,0.97683427734375,0.3136404174804687,-10.244274809160306,18.198473282442748,13.587786259541986,0.0
23.910000324249268,-13.36203946533203,-1.6543933471679686,4.316745593261719,91.22137404580153,-242.45801526717557,48.44274809160305,-10.874463940429687,1.879448303222656,1.7022773803710936,-1.6641221374045803,10.977099236641221,6.931297709923665,0.0
23.920000553131104,-11.875240234375,-2.7964275390625,-2.1212626708984375,74.27480916030534,-242.3053435114504,49.06870229007634,-11.784260571289062,0.8092401611328125,0.7015010864257812,-3.3435114503816794,15.83206106870229,5.7251908396946565,0.0
23.93000054359436,-11.635820068359374,-2.6815058593749996,-6.253654736328125,68.80916030534351,-226.53435114503816,51.89312977099237,-9.327809667968749,1.946485949707031,-0.6368576416015624,-12.412213740458014,12.931297709923664,5.206106870229007,0.0
23.940000772476196,-9.988609326171874,-4.958391638183594,-7.876923461914062,56.97709923664122,-211.55725190839695,51.603053435114504,-12.097900988769531,-0.07900865478515624,-1.0917559570312498,-20.946564885496183,23.51145038167939,10.641221374045802,0.0
23.950000524520874,-9.957484704589843,-5.616797094726562,-6.308721374511719,33.61832061068702,-191.54198473282443,40.50381679389313,-10.850521923828124,0.033518823242187495,-0.7541735229492187,-20.091603053435115,15.938931297709924,10.65648854961832,0.0
23.96000051498413,-9.052476477050782,-6.303932971191406,-4.690241052246093,16.82442748091603,-171.06870229007635,20.580152671755727,-11.121066711425781,-0.7230489013671875,0.430956298828125,-14.396946564885496,20.27480916030534,11.740458015267176,0.0
23.970000505447388,-10.958260998535156,-5.935225915527344,1.5897499023437498,35.587786259541986,-146.21374045801528,5.251908396946565,-11.944672082519531,-1.4149731811523436,-0.076614453125,-12.198473282442748,20.702290076335878,14.488549618320612,0.0
23.980000495910645,-12.713210815429687,-1.9608511596679685,5.159504577636718,63.64885496183206,-131.8320610687023,1.2213740458015268,-9.239224206542968,0.5865794067382812,-2.1619640991210938,-17.83206106870229,19.221374045801525,13.48091603053435,0.0
23.9900004863739,-14.769830041503905,2.916137622070312,5.95677373046875,80.13740458015268,-122.83969465648855,6.9465648854961835,-10.594342346191405,0.21308394775390624,-2.147598889160156,-21.755725190839694,23.114503816793892,17.221374045801525,0.0
24.000000476837158,-17.74821690673828,8.195352282714843,5.233724829101562,55.282442748091604,-127.32824427480917,14.122137404580153,-9.873687646484374,-0.7541735229492187,-1.9608511596679685,-26.3206106870229,33.80152671755725,18.27480916030534,0.0
24.010000944137573,-13.903129040527343,5.161898779296875,2.7629087158203123,34.42748091603053,-119.95419847328245,29.297709923664122,-10.761936462402343,-1.5873557006835937,-0.6919242797851562,-20.045801526717558,40.412213740458014,16.229007633587788,0.0
24.020000457763672,-13.850456604003906,5.209782812499999,1.9800047729492187,-9.954198473282442,-128.24427480916032,30.27480916030534,-9.928754284667969,-2.8706477905273435,0.3064578125,-8.061068702290076,45.51145038167939,13.679389312977099,0.0
24.030000686645508,-11.851298217773437,2.3487118286132813,0.7158662963867187,-43.55725190839695,-132.19847328244273,35.786259541984734,-10.319009155273436,-2.35589443359375,0.047884033203124995,6.290076335877862,37.87786259541985,8.931297709923664,0.0
24.040000438690186,-8.190563879394531,-0.9624690673828125,-1.0031704956054688,-58.213740458015266,-129.4198473282443,37.343511450381676,-9.165003955078124,-0.5865794067382812,0.7062894897460937,7.633587786259542,41.31297709923664,6.5038167938931295,0.0
24.05000066757202,-5.6958057495117185,-2.7246014892578123,-2.3582886352539063,-64.53435114503817,-119.48091603053435,33.343511450381676,-9.509768994140625,0.7398083129882812,1.149216796875,4.977099236641221,40.396946564885496,9.053435114503817,0.0
24.06000065803528,-1.1085153686523437,-4.824316345214844,-4.273649963378906,-52.68702290076336,-104.65648854961832,26.610687022900763,-10.089165795898436,1.7190367919921874,1.0103531005859374,-1.9389312977099236,38.79389312977099,11.954198473282442,0.0
24.070000648498535,-0.36631285400390623,-4.110844250488281,-3.670311145019531,-29.16030534351145,-76.70229007633588,17.984732824427482,-9.76116016845703,2.032677209472656,1.218648645019531,-7.190839694656488,37.343511450381676,15.893129770992367,0.0
24.080000400543213,2.916137622070312,-5.568913061523437,-5.377376928710937,-6.732824427480916,-63.48091603053435,14.80916030534351,-10.280701928710936,0.48123453369140623,1.8195932617187498,-6.2748091603053435,36.213740458015266,20.549618320610687,0.0
24.09000039100647,0.6153098266601562,-0.7613561279296874,-2.1499930908203124,22.213740458015266,-18.412213740458014,10.625954198473282,-8.98304462890625,0.5961562133789062,1.0319009155273438,-1.4351145038167938,25.984732824427482,18.778625954198475,0.0
24.100000619888306,19.110517651367186,-15.600618017578125,-6.1267620483398435,86.22900763358778,2.2748091603053435,27.19083969465649,-7.194575988769531,-1.9967641845703124,1.5753846923828123,5.358778625954199,30.916030534351144,20.47328244274809,0.0
24.110000610351562,5.882553479003906,-4.671087438964843,-0.1867477294921875,140.51908396946564,85.86259541984732,6.702290076335878,-8.738836059570312,-4.237736938476562,1.3407529296874998,24.717557251908396,27.96946564885496,19.84732824427481,0.0
24.12000060081482,24.07609189453125,-22.62041728515625,-6.811503723144531,214.41221374045801,104.09160305343511,9.221374045801527,-5.643133312988281,-6.533776330566406,0.6631938598632812,40.42748091603053,25.801526717557252,11.389312977099237,0.0
24.130000352859497,8.013392956542969,-13.251906188964844,-0.3280056274414062,333.0381679389313,210.76335877862596,-11.435114503816793,-6.763619689941406,-6.363788012695312,1.9847931762695312,49.23664122137404,28.641221374045802,12.442748091603054,0.0
24.140000820159912,-1.4221557861328125,-4.886565588378906,1.4628572143554686,344.0610687022901,204.10687022900763,-47.465648854961835,-4.048595007324218,-1.1755530151367186,1.1563994018554686,51.57251908396947,30.30534351145038,4.183206106870229,0.0
24.150001049041748,-16.129736584472656,18.41380496826172,6.050147595214844,343.9541984732824,234.12213740458014,-52.36641221374046,-2.023100402832031,2.0877438476562498,0.36631285400390623,-24.717557251908396,38.35114503816794,2.198473282442748,0.0
24.160000562667847,-24.538172814941404,39.22540289916992,8.607154968261717,131.16030534351145,186.67175572519085,-55.83206106870229,-7.072471704101562,7.50821640625,-2.2266075439453124,-93.46564885496183,53.38931297709924,1.5267175572519085,0.0
24.170000553131104,-14.559140295410156,29.671341174316403,8.580818749999999,-91.5114503816794,87.58778625954199,-30.99236641221374,-11.482591162109374,8.207323291015625,-1.3024457031249999,-139.45038167938932,65.22137404580153,11.84732824427481,0.0
24.18000078201294,-10.35492218017578,26.41283271484375,7.769184387207031,-213.6793893129771,3.969465648854962,-14.580152671755725,-12.550405102539061,1.0965443603515623,-2.2074539306640624,-156.33587786259542,63.17557251908397,35.12977099236641,0.0
24.190000534057617,-5.966350537109375,7.541735229492187,6.469132885742187,-252.10687022900763,-53.343511450381676,10.290076335877863,-15.732299108886718,-4.201823913574218,0.8068459594726562,-88.94656488549619,47.93893129770992,42.99236641221374,0.0
24.200000524520874,-9.272743029785156,5.418078356933593,8.087613208007811,-209.58778625954199,-53.06870229007634,27.0381679389313,-13.493720556640625,-7.240065820312499,4.3263223999023435,-41.19083969465649,40.38167938931298,16.3206106870229,0.0
24.21000051498413,-6.964732629394531,-1.675941162109375,8.145074047851562,-195.84732824427482,-76.58015267175573,38.534351145038165,-13.66849727783203,-6.315903979492187,3.1028853515624997,9.648854961832061,26.900763358778626,9.98473282442748,0.0
24.22000026702881,-6.445190869140625,-2.770091320800781,9.737218151855469,-131.00763358778627,-59.45038167938932,43.66412213740458,-10.383652600097655,-1.1228805786132812,2.511517541503906,12.778625954198473,28.412213740458014,16.458015267175572,0.0
24.230000495910645,-7.345410693359375,-3.1100679565429687,11.489773767089844,-92.3969465648855,-59.969465648854964,37.14503816793893,-9.880870251464843,1.3575123413085937,1.9871873779296874,15.083969465648854,39.786259541984734,8.549618320610687,0.0
24.2400004863739,-10.314220751953124,-0.40462008056640625,12.143390820312499,-54.916030534351144,-41.14503816793893,31.236641221374047,-10.206481677246094,1.6256629272460936,0.5865794067382812,20.259541984732824,35.6793893129771,13.358778625954198,0.0
24.250000476837158,-9.5384994140625,0.8020575561523438,10.903194360351561,-42.48854961832061,-36.6412213740458,30.18320610687023,-8.59278975830078,3.5410242553710933,-0.8690952026367187,10.625954198473282,35.49618320610687,16.702290076335878,0.0
24.260000705718994,-21.140800659179686,14.331691137695312,15.310919616699218,-62.10687022900763,-21.923664122137403,24.80916030534351,-8.844180932617187,4.012681982421875,-2.6048914062499997,-6.351145038167939,35.770992366412216,21.557251908396946,0.0
24.27000093460083,-17.9660892578125,11.37006368408203,12.861651318359375,-138.83969465648855,-63.282442748091604,35.847328244274806,-10.86009873046875,4.886565588378906,-1.85790048828125,-29.557251908396946,39.81679389312977,32.70229007633588,0.0
24.28000044822693,-14.947000964355468,8.413224633789062,10.359710583496094,-152.61068702290078,-64.73282442748092,58.19847328244275,-12.131419812011718,3.909731311035156,-2.2074539306640624,-48.0,40.458015267175576,42.48854961832061,0.0
24.290000915527344,-7.9104422851562495,0.6536170532226562,4.398148449707031,-163.61832061068702,-74.13740458015268,68.6412213740458,-14.216769458007812,-0.02633621826171875,0.1771709228515625,-47.16030534351145,45.87786259541985,50.213740458015266,0.0
24.30000066757202,-4.299986181640625,-4.453215087890625,-0.04548983154296875,-138.5801526717557,-48.88549618320611,68.1526717557252,-15.133748693847656,-0.82360537109375,0.5817910034179687,-32.01526717557252,35.404580152671755,46.68702290076336,0.0
24.31000065803528,4.8314989501953125,-14.927847351074218,-4.359841223144531,-92.62595419847328,-25.389312977099237,63.87786259541985,-14.836867687988281,-0.5722141967773438,-0.7733271362304687,-19.206106870229007,25.51145038167939,39.343511450381676,0.0
24.320000648498535,2.059013427734375,-15.969325073242187,2.0350714111328125,-59.29770992366412,9.465648854961833,35.404580152671755,-13.048399047851563,2.0638018310546875,-1.0702081420898437,-24.16793893129771,20.015267175572518,31.435114503816795,0.0
24.330000638961792,2.0446482177734375,-17.393875061035157,5.092466931152344,-1.0381679389312977,40.13740458015267,14.381679389312977,-13.795389965820311,2.272097375488281,-0.9888052856445312,-33.19083969465649,19.52671755725191,28.778625954198475,0.0
24.34000062942505,-5.360617517089843,-3.689464758300781,4.163516687011718,56.56488549618321,66.29007633587786,-14.290076335877863,-14.54956348876953,2.5546131713867184,-0.13168109130859373,-42.396946564885496,19.236641221374047,27.16030534351145,0.0
24.350000619888306,-9.591171850585937,3.603273498535156,1.7884686401367187,69.23664122137404,79.00763358778626,-23.435114503816795,-14.920664746093749,1.2880804931640624,1.429338391113281,-55.541984732824424,15.98473282442748,25.770992366412212,0.0
24.360000371932983,-12.322955944824217,3.9743747558593747,0.9600748657226562,33.969465648854964,87.78625954198473,-29.221374045801525,-15.971719274902343,-1.0558429321289062,3.1124621582031247,-53.87786259541985,9.053435114503817,28.396946564885496,0.0
24.37000060081482,-13.96298408203125,3.756502404785156,2.616862414550781,6.427480916030534,93.12977099236642,-28.68702290076336,-15.401899279785155,-2.138022082519531,3.4261025756835934,-50.900763358778626,-4.183206106870229,27.129770992366414,0.0
24.380000591278076,-15.004461804199218,5.288791467285156,2.868253588867187,4.122137404580153,101.52671755725191,-20.625954198473284,-15.167267517089844,-2.6216508178710938,2.8706477905273435,-45.14503816793893,-14.992366412213741,25.267175572519083,0.0
24.390000581741333,-14.767435839843749,4.469974499511719,3.459621398925781,-8.366412213740459,104.56488549618321,-10.458015267175572,-14.623783740234375,-1.6424223388671875,1.9009961181640624,-37.74045801526717,-25.587786259541986,22.076335877862597,0.0
24.40000081062317,-13.88636962890625,3.6080619018554687,2.882618798828125,-19.129770992366414,105.22137404580153,-4.106870229007634,-14.034810131835936,-1.3910311645507811,1.429338391113281,-30.015267175572518,-30.12213740458015,19.31297709923664,0.0
24.410000562667847,-13.074735266113281,2.3678654418945313,1.9728221679687499,-27.435114503816795,104.76335877862596,0.24427480916030533,-13.881581225585936,-2.710236279296875,2.473210314941406,-14.793893129770993,-31.603053435114504,14.717557251908397,0.0
24.420000553131104,-11.736376538085937,0.40940848388671874,1.6328455322265625,-28.748091603053435,108.27480916030534,1.1603053435114503,-13.532027783203125,-0.1580173095703125,2.530671154785156,1.2061068702290076,-44.18320610687023,2.6564885496183206,0.0
24.43000054359436,-10.453084448242187,-0.4333505004882812,1.7501614135742187,-27.34351145038168,112.79389312977099,0.8549618320610687,-11.935095275878906,0.4285620971679687,2.418143676757812,0.15267175572519084,-49.404580152671755,-5.770992366412214,0.0
24.440000772476196,-9.37808790283203,-1.4915876342773438,1.8028338500976562,-24.80916030534351,116.82442748091603,-3.5114503816793894,-12.258312499999999,-0.16998831787109375,2.4756045166015626,12.16793893129771,-54.717557251908396,-11.877862595419847,0.0
24.450000286102295,-9.466673364257812,-1.5538368774414062,1.8004396484374998,-17.557251908396946,121.19083969465649,-7.770992366412214,-10.158597644042969,2.1906945190429687,0.8690952026367187,21.129770992366414,-64.38167938931298,-21.64885496183206,0.0
24.46000051498413,-9.042899670410156,-1.5179238525390624,2.099714855957031,-12.595419847328245,126.9618320610687,-11.511450381679388,-6.528987927246093,5.2456958374023435,-2.0781670410156248,9.450381679389313,-62.091603053435115,-24.27480916030534,0.0
24.470000505447388,-9.334992272949219,-0.9409212524414062,2.1715409057617188,-13.221374045801527,126.68702290076335,-16.946564885496183,-9.030928662109375,1.8411410766601561,-1.7645266235351562,7.282442748091603,-48.595419847328245,-20.198473282442748,0.0
24.480000495910645,-8.877699755859375,-1.6615759521484375,1.908178723144531,-10.595419847328245,125.96946564885496,-21.66412213740458,-7.445967163085937,3.1842882080078123,-3.0502129150390624,6.9465648854961835,-52.045801526717554,-29.114503816793892,0.0
24.4900004863739,-9.112331518554686,-1.350329736328125,2.109291662597656,-6.396946564885496,125.45038167938931,-26.0,-6.457161877441406,2.9664158569335934,-3.0502129150390624,-2.4122137404580153,-38.44274809160305,-26.931297709923665,0.0
24.500000476837158,-9.763554370117188,-0.7398083129882812,2.4205378784179685,-1.3282442748091603,124.3969465648855,-30.3206106870229,-3.861847277832031,5.523423229980469,-6.138733056640625,-12.076335877862595,-31.480916030534353,-27.114503816793892,0.0
24.510000944137573,-10.302249743652343,-0.29448680419921874,1.9919757812499999,2.3053435114503817,120.68702290076335,-32.48854961832061,-7.1778165771484375,1.8363526733398436,-3.4572271972656248,2.564885496183206,-10.641221374045802,-14.290076335877863,0.0
24.52000069618225,-10.398017810058594,0.9911994873046874,1.6735469604492186,9.603053435114504,120.12213740458016,-33.267175572519086,-0.8259995727539062,9.627084875488281,-11.001356628417968,-6.5038167938931295,-12.366412213740459,-19.954198473282442,0.0
24.530000925064087,-9.878476049804688,1.6112977172851561,1.5131354492187499,8.213740458015268,115.12977099236642,-28.641221374045802,-6.148309863281249,7.117961535644531,-7.635109094238281,-15.038167938931299,34.18320610687023,3.435114503816794,0.0
24.540000677108765,-8.552088330078124,1.2689268798828124,2.7078420776367187,11.282442748091603,114.18320610687023,-28.03053435114504,1.2306196533203124,16.345214733886717,-16.440982800292968,-44.58015267175573,45.7557251908397,5.282442748091603,0.0
24.55000066757202,-8.212111694335936,-0.277727392578125,2.7748797241210936,13.435114503816793,106.54961832061069,-25.923664122137403,-5.166687182617188,9.124302526855468,-7.4794859863281244,-78.80916030534351,93.81679389312977,30.106870229007633,0.0
24.56000065803528,-7.577648254394531,-0.42377369384765623,3.5027170288085934,25.435114503816795,104.74809160305344,-31.6793893129771,5.521029028320312,18.104952954101563,-23.324312573242185,-119.06870229007633,84.01526717557252,23.87786259541985,0.0
24.570000648498535,-8.896853369140624,1.024718310546875,4.369418029785156,20.519083969465647,88.53435114503817,-34.44274809160305,-10.805032092285156,10.666168395996094,-7.343016491699219,-245.38931297709922,187.72519083969465,58.213740458015266,0.0
24.580000638961792,-7.067683300781249,-1.879448303222656,4.211400720214844,43.87786259541985,89.69465648854961,-36.83969465648855,-11.504138977050781,5.4899044067382805,-0.4477157104492187,-170.12213740458014,135.8320610687023,77.06870229007633,0.0
24.59000062942505,-10.481814868164061,-0.7302315063476562,4.2688615600585935,62.274809160305345,74.74809160305344,-41.465648854961835,-15.978901879882812,-7.285555651855469,1.0726023437499999,-125.26717557251908,157.80152671755727,96.67175572519083,0.0
24.600000381469727,-12.045228552246092,-7.4603323730468745,4.489128112792969,112.18320610687023,78.16793893129771,-45.45038167938932,-14.61420693359375,-23.975535424804686,14.19282744140625,28.198473282442748,126.45801526717557,94.13740458015268,0.0
24.610000610351562,-11.927912670898436,-6.845022546386718,1.6160861206054686,164.21374045801528,68.59541984732824,-58.76335877862596,-6.138733056640625,-9.672574707031249,4.912901806640625,147.48091603053436,37.083969465648856,40.274809160305345,0.0
24.62000060081482,-14.939818359375,3.4931402221679684,3.057395520019531,162.65648854961833,69.6030534351145,-66.70229007633588,-11.066000073242186,-16.519991455078124,10.101136804199218,179.63358778625954,21.419847328244273,34.35114503816794,0.0
24.630000591278076,-10.534487304687499,5.987898352050781,2.9951462768554684,111.55725190839695,46.35114503816794,-57.25190839694657,-8.966285217285156,-6.038176586914062,4.000710974121094,262.21374045801525,-55.786259541984734,10.900763358778626,0.0
24.64000105857849,-11.429918725585937,8.858546142578124,4.75009609375,74.0,43.64885496183206,-54.2442748091603,-14.041992736816406,-4.455609289550781,6.48589229736328,251.64885496183206,-66.90076335877863,5.3893129770992365,0.0
24.65000057220459,-9.849745629882811,7.955932116699218,4.278438366699218,43.29770992366412,33.51145038167939,-47.847328244274806,-8.63827958984375,4.304774584960938,1.0941501586914062,244.50381679389312,-113.70992366412214,-11.541984732824428,0.0
24.660000562667847,-9.854534033203125,9.018957653808593,4.07971962890625,11.312977099236642,30.106870229007633,-40.274809160305345,-13.431471313476562,4.764461303710937,4.797980126953124,196.0,-113.41984732824427,-12.229007633587786,0.0
24.670000314712524,-8.315062365722655,7.6231380859375,3.744531396484375,-17.404580152671755,25.587786259541986,-33.17557251908397,-13.795389965820311,8.130708837890625,0.6296750366210937,139.4198473282443,-128.0,-25.69465648854962,0.0
24.68000054359436,-7.568071447753906,7.275978845214843,3.0885201416015624,-38.94656488549618,26.68702290076336,-25.984732824427482,-14.853627099609374,5.157110375976562,1.3120225097656248,83.8473282442748,-117.5114503816794,-33.52671755725191,0.0
24.690000295639038,-6.002263562011718,5.3390697021484375,1.2761094848632812,-49.12977099236641,31.419847328244273,-18.27480916030534,-12.026074938964843,5.145139367675781,-1.838746875,45.66412213740458,-118.80916030534351,-48.61068702290076,0.0
24.700000524520874,-8.054094384765625,7.161057165527343,1.484405029296875,-57.282442748091604,41.9236641221374,-15.86259541984733,-8.690952026367187,4.0988732421875,-2.0278888061523435,-1.6641221374045803,-99.17557251908397,-54.88549618320611,0.0
24.71000051498413,-10.589553942871094,7.611167077636718,0.7493851196289062,-84.09160305343511,35.083969465648856,-7.786259541984733,-5.963956335449218,5.348646508789062,-2.3295582153320313,-51.06870229007634,-81.41984732824427,-60.83969465648855,0.0
24.72000026702881,-9.318232861328125,4.050989208984375,-0.43574470214843747,-93.74045801526718,32.94656488549618,6.702290076335878,-11.654973681640625,-1.197100830078125,0.4572925170898437,-58.458015267175576,-71.46564885496183,-55.282442748091604,0.0
24.730000495910645,-10.692504614257812,2.4205378784179685,-0.19393033447265623,-97.80152671755725,36.80916030534351,8.900763358778626,-8.169016064453125,3.2345664428710936,-1.0989385620117187,-57.48091603053435,-79.22137404580153,-66.41221374045801,0.0
24.7400004863739,-12.868833923339842,1.1468225952148436,0.45968671875,-106.1526717557252,35.64885496183206,10.244274809160306,-14.38436357421875,-4.630386010742187,5.125985754394531,-43.89312977099237,-68.2442748091603,-58.152671755725194,0.0
24.750000476837158,-12.492944262695312,-1.4125789794921875,1.7573440185546874,-104.67175572519083,32.458015267175576,8.916030534351146,-8.508992700195313,1.209071838378906,-1.4939818359375,-2.7480916030534353,-100.19847328244275,-63.05343511450382,0.0
24.760000467300415,-14.62617794189453,0.28969840087890625,2.9185318237304685,-109.31297709923665,27.221374045801525,8.198473282442748,-13.074735266113281,0.02154781494140625,0.584185205078125,15.587786259541986,-101.57251908396947,-59.14503816793893,0.0
24.77000093460083,-10.587159741210938,-4.678270043945313,1.6472107421875,-95.0381679389313,16.65648854961832,12.763358778625955,-10.381258398437499,2.269703173828125,-1.3048399047851562,25.404580152671755,-109.20610687022901,-63.49618320610687,0.0
24.780000686645508,-9.974244116210937,-3.7014357666015623,3.2728736694335936,-76.61068702290076,24.106870229007633,7.145038167938932,-10.309432348632813,4.984727856445312,-0.2920926025390625,17.450381679389313,-95.22137404580153,-58.94656488549618,0.0
24.790000677108765,-10.450690246582031,-2.4492682983398435,5.099649536132812,-65.64885496183206,20.564885496183205,0.42748091603053434,-9.945513696289062,4.754884497070313,-0.45968671875,-2.50381679389313,-78.87022900763358,-48.396946564885496,0.0
24.80000066757202,-10.034099157714843,-2.3247698120117186,5.647921716308593,-56.16793893129771,14.748091603053435,-1.6793893129770991,-3.366247534179687,9.074024291992187,-2.39420166015625,-20.65648854961832,-69.3587786259542,-49.70992366412214,0.0
24.81000065803528,-9.785102185058593,-1.3934253662109375,5.935225915527344,-43.847328244274806,10.15267175572519,-2.427480916030534,-7.587225061035156,5.951985327148437,-0.584185205078125,-38.30534351145038,-51.02290076335878,-33.52671755725191,0.0
24.820000648498535,-10.117896215820313,-0.7996633544921875,6.888118176269531,-32.778625954198475,4.580152671755725,-4.0,-7.800309008789062,4.766855505371093,0.6967126831054687,-41.70992366412214,-34.213740458015266,-28.045801526717558,0.0
24.830000638961792,-9.720458740234374,-0.82360537109375,6.76122548828125,-18.702290076335878,-1.7709923664122138,-5.450381679389313,-6.449979272460937,2.9831752685546875,0.13168109130859373,-45.20610687022901,-25.0381679389313,-24.412213740458014,0.0
24.84000062942505,-9.83777462158203,-0.430956298828125,6.270414147949219,-6.534351145038168,-8.687022900763358,-7.66412213740458,-7.264007836914062,0.7565677246093749,-0.48123453369140623,-37.32824427480916,-21.282442748091604,-22.48854961832061,0.0
24.850000858306885,-10.378864196777343,0.13168109130859373,6.459556079101562,8.82442748091603,-15.664122137404581,-9.98473282442748,-10.378864196777343,-1.9895815795898437,0.023942016601562498,-27.236641221374047,-12.82442748091603,-19.740458015267176,0.0
24.860000371932983,-10.761936462402343,0.7709329345703124,6.732495068359374,20.30534351145038,-21.61832061068702,-11.465648854961833,-8.271966735839843,-1.254561669921875,-0.229843359375,-19.022900763358777,-6.106870229007634,-22.50381679389313,0.0
24.87000060081482,-11.219228979492186,1.7788918334960937,6.845022546386718,25.61832061068702,-28.137404580152673,-12.183206106870228,-7.44357296142578,-0.29927520751953124,0.033518823242187495,-11.068702290076336,-9.068702290076336,-20.916030534351144,0.0
24.880000591278076,-12.59589493408203,4.110844250488281,7.977479931640625,24.106870229007633,-37.20610687022901,-12.045801526717558,-7.1203557373046875,-0.36631285400390623,1.350329736328125,-9.297709923664122,-6.809160305343512,-18.946564885496183,0.0
24.890000581741333,-12.50730947265625,4.07971962890625,8.468291271972657,21.267175572519083,-50.87022900763359,-5.694656488549619,-7.493851196289062,-0.6631938598632812,2.1715409057617188,-3.3740458015267176,-10.122137404580153,-15.755725190839694,0.0
24.90000081062317,-12.059593762207031,3.9432501342773434,9.943119494628906,25.236641221374047,-60.47328244274809,2.1526717557251906,-5.57370146484375,1.6352397338867186,1.6065093139648436,-8.16793893129771,-10.50381679389313,-15.633587786259541,0.0
24.910000562667847,-13.376404675292967,5.070919116210937,10.955866796875,22.549618320610687,-72.85496183206106,9.282442748091603,-6.5577183471679685,-0.12689268798828124,2.128445275878906,-17.52671755725191,-7.679389312977099,-10.091603053435115,0.0
24.920000791549683,-12.600683337402343,4.958391638183594,11.188104357910156,10.595419847328245,-94.36641221374046,17.16030534351145,-3.816357446289062,1.0390835205078124,0.9744400756835937,-25.267175572519083,-5.9541984732824424,-8.67175572519084,0.0
24.93000054359436,-13.136984509277344,4.3239281982421875,12.490550061035156,-5.435114503816794,-112.76335877862596,24.47328244274809,-5.305550878906249,0.1005564697265625,1.0127473022460938,-23.236641221374047,-11.404580152671755,-3.3893129770992365,0.0
24.940000534057617,-12.761094848632812,2.4253262817382812,12.437877624511717,-29.46564885496183,-141.86259541984734,29.251908396946565,-5.111620544433594,-1.0606313354492187,0.6200982299804687,-15.969465648854962,-10.50381679389313,0.7633587786259542,0.0
24.950000524520874,-12.310984936523436,0.239420166015625,13.376404675292967,-41.29770992366412,-163.26717557251908,30.12213740458015,-4.261678955078125,-0.38786066894531246,-2.7964275390625,-2.519083969465649,-8.595419847328245,3.404580152671756,0.0
24.96000051498413,-11.77947216796875,-2.013523596191406,13.769053747558592,-34.97709923664122,-187.95419847328245,31.0381679389313,-5.652710119628906,0.7134720947265625,-4.266467358398438,21.14503816793893,-3.6946564885496183,4.900763358778626,0.0
24.970000505447388,-12.555193505859375,-1.70467158203125,13.872004418945311,-4.244274809160306,-203.78625954198472,30.641221374045802,-8.513781103515624,2.5761609863281247,-3.77326181640625,34.62595419847328,3.312977099236641,1.4045801526717556,0.0
24.980000734329224,-12.957419384765624,-1.5298948608398437,12.112266198730469,25.46564885496183,-221.84732824427482,32.030534351145036,-13.431471313476562,2.9472622436523435,0.21068974609375,30.091603053435115,18.68702290076336,-2.366412213740458,0.0
24.9900004863739,-14.37718096923828,-0.4429273071289062,7.474697583007812,38.62595419847328,-226.90076335877862,35.57251908396947,-15.983690283203124,1.9967641845703124,3.2609026611328122,14.244274809160306,14.610687022900763,-7.038167938931298,0.0
25.00000023841858,-12.741941235351561,-2.710236279296875,2.051830822753906,33.221374045801525,-233.12977099236642,38.0763358778626,-18.03552110595703,0.59376201171875,5.662286926269531,10.488549618320612,11.16030534351145,-8.15267175572519,0.0
25.010000944137573,-12.854468713378905,-4.594472985839843,-0.565031591796875,47.17557251908397,-224.5648854961832,43.29770992366412,-14.317325927734375,3.071760729980469,2.9496564453125,6.793893129770993,-1.5267175572519085,-9.557251908396946,0.0
25.02000069618225,-11.305420239257812,-6.323086584472656,-5.185840795898438,63.49618320610687,-211.6793893129771,51.02290076335878,-9.847351428222655,6.979097839355468,0.34237083740234375,-9.86259541984733,0.04580152671755725,-1.0687022900763359,0.0
25.030000925064087,-11.3006318359375,-7.747636572265624,-5.200206005859375,65.31297709923665,-189.75572519083968,46.88549618320611,-10.261548315429687,5.614402893066406,-0.967257470703125,-23.572519083969464,3.099236641221374,14.50381679389313,0.0
25.040000677108765,-10.256759912109374,-7.1778165771484375,-5.4013189453125,54.13740458015267,-178.5801526717557,23.69465648854962,-10.448296044921875,3.5290532470703124,-2.7365724975585937,-29.17557251908397,5.770992366412214,22.244274809160306,0.0
25.05000066757202,-11.5304751953125,-5.868188269042968,-1.024718310546875,41.404580152671755,-162.8854961832061,-1.2061068702290076,-9.361328491210937,-0.3950432739257812,-4.077325427246094,-33.38931297709924,8.595419847328245,23.938931297709924,0.0
25.06000065803528,-12.382810986328124,-4.568136767578125,4.371812231445312,60.458015267175576,-150.18320610687022,-9.557251908396946,-7.730877160644531,-2.231395947265625,-3.450044592285156,-40.47328244274809,19.129770992366414,22.885496183206108,0.0
25.070000648498535,-13.192051147460937,-0.24181436767578124,5.2456958374023435,84.68702290076335,-132.91603053435114,-4.549618320610687,-10.54645831298828,-4.386177441406249,-3.517082238769531,-33.61832061068702,26.0,23.0381679389313,0.0
25.080000638961792,-14.528015673828124,3.0358477050781247,5.279214660644531,79.86259541984732,-131.84732824427482,1.2213740458015268,-11.061211669921875,-5.0948611328124995,-1.235408056640625,-15.145038167938932,39.61832061068702,21.81679389312977,0.0
25.09000062942505,-15.543157177734374,6.167463476562499,4.797980126953124,59.19083969465649,-131.22137404580153,8.51908396946565,-10.117896215820313,-2.379836450195312,-0.6105214233398437,14.763358778625955,31.923664122137403,11.007633587786259,0.0
25.100000381469727,-15.251064575195311,7.465120776367187,3.076549133300781,15.221374045801527,-138.61068702290078,15.541984732824428,-10.900800158691405,-2.4013842651367185,0.63206923828125,27.00763358778626,38.961832061068705,9.893129770992367,0.0
25.110000610351562,-14.099453576660155,5.391742138671875,1.3263877197265623,-22.793893129770993,-141.84732824427482,22.9618320610687,-9.945513696289062,-0.3711012573242187,0.833182177734375,35.37404580152672,40.717557251908396,9.84732824427481,0.0
25.12000036239624,-10.345345373535155,0.9576806640625,-0.028730419921875,-39.587786259541986,-139.72519083969465,30.671755725190838,-10.249577307128906,0.316034619140625,1.7836802368164062,35.06870229007634,40.900763358778626,10.091603053435115,0.0
25.130000352859497,-7.149086157226562,-1.0630255371093749,-1.6519991455078125,-42.56488549618321,-125.16030534351145,30.916030534351144,-10.153809240722655,1.0414777221679687,1.2593500732421874,30.045801526717558,41.98473282442748,12.183206106870228,0.0
25.140000343322754,-3.2441432495117186,-2.693476867675781,-2.3151930053710936,-44.83969465648855,-115.41984732824427,26.519083969465647,-10.50815108642578,1.0630255371093749,2.4349030883789062,26.27480916030534,40.06106870229008,16.48854961832061,0.0
25.15000057220459,-2.138022082519531,-2.8203695556640622,-2.3032219970703123,-42.25954198473283,-98.16793893129771,20.229007633587788,-9.79946739501953,1.2952630981445312,1.9704279663085937,15.389312977099237,36.38167938931298,16.53435114503817,0.0
25.160000801086426,-0.7876923461914062,-2.8323405639648436,-2.7365724975585937,-35.954198473282446,-82.44274809160305,13.145038167938932,-11.121066711425781,0.0718260498046875,2.1547814941406247,14.748091603053435,34.961832061068705,19.0381679389313,0.0
25.170000553131104,-0.9983820922851562,-2.5258827514648434,-2.094926452636719,-21.14503816793893,-61.20610687022901,9.725190839694656,-10.529698901367187,-0.6512228515624999,2.1787235107421874,15.068702290076336,29.14503816793893,18.35114503816794,0.0
25.18000054359436,-0.12210428466796874,-2.3774422485351563,-2.2170307373046874,-2.885496183206107,-43.37404580152672,9.801526717557252,-9.018957653808593,0.05027823486328125,2.3319524169921872,19.709923664122137,22.946564885496183,15.740458015267176,0.0
25.190000295639038,-1.3455413330078123,-0.08858546142578125,-1.0438719238281249,5.633587786259542,-22.931297709923665,7.236641221374046,-9.775525378417969,0.1388636962890625,2.0446482177734375,27.755725190839694,14.885496183206106,14.229007633587786,0.0
25.200000524520874,-2.212242333984375,2.032677209472656,0.6512228515624999,-7.648854961832061,-19.557251908396946,3.236641221374046,-8.504204296874999,0.23702596435546874,-0.2657563842773437,21.236641221374047,12.610687022900763,11.17557251908397,0.0
25.21000051498413,-1.9632453613281249,2.3487118286132813,1.6041151123046875,-24.900763358778626,-15.541984732824428,2.4427480916030535,-7.132326745605468,1.3623007446289062,-0.48123453369140623,14.335877862595419,13.48091603053435,10.534351145038167,0.0
25.220000505447388,-0.8810662109374999,0.33758243408203126,1.70467158203125,-30.68702290076336,-9.770992366412214,5.847328244274809,-8.319850769042969,-0.2537853759765625,-0.5195417602539062,14.641221374045802,18.091603053435115,13.022900763358779,0.0
25.230000495910645,-2.7629087158203123,1.1875240234375,4.7931917236328125,-34.50381679389313,0.6564885496183206,4.8396946564885495,-9.035717065429687,-0.21308394775390624,0.00239420166015625,19.083969465648856,18.870229007633586,10.961832061068701,0.0
25.240000247955322,16.237475659179687,-17.774553125,-0.07422025146484375,23.374045801526716,-2.7938931297709924,23.129770992366414,-5.91846650390625,2.252943762207031,-0.63206923828125,11.022900763358779,17.419847328244273,4.259541984732825,0.0
25.250000476837158,7.809885815429687,-10.73799444580078,5.212177014160156,139.96946564885496,92.51908396946565,17.954198473282442,-7.316680273437499,-0.316034619140625,-0.8499415893554687,-0.3816793893129771,35.541984732824424,5.938931297709924,0.0
25.260000705718994,31.172505615234375,-34.50044592285156,-2.8562825805664063,300.39694656488547,120.94656488549619,22.580152671755727,-4.094084838867187,1.2904746948242187,-0.5674257934570313,-3.877862595419847,44.030534351145036,1.0534351145038168,0.0
25.270000457763672,11.135431921386719,-22.093692919921875,1.675941162109375,500.25954198473283,268.7480916030534,-0.7480916030534351,-3.986345764160156,-2.0757728393554684,0.8355763793945312,-31.450381679389313,71.09923664122137,6.320610687022901,0.0
25.280000686645508,-13.63019005126953,9.710881933593749,3.27526787109375,471.7251908396947,244.4732824427481,-87.17557251908397,-0.9576806640625,-0.40940848388671874,0.7302315063476562,-30.595419847328245,79.61832061068702,-10.091603053435115,0.0
25.290000915527344,-23.824700720214842,36.12132044677734,1.8818425048828125,312.77862595419845,222.99236641221373,-105.93893129770993,-4.192247106933594,4.7884033203125,-2.7916391357421872,-134.5801526717557,94.8854961832061,8.442748091603054,0.0
25.300000429153442,-35.091813732910154,39.22540289916992,9.471461767578125,7.709923664122138,154.70229007633588,-93.58778625954199,-14.45379542236328,6.222530114746093,-2.4396914916992185,-173.6030534351145,109.29770992366412,12.274809160305344,0.0
25.31000065803528,-16.747440612792968,31.68486477050781,6.947973217773437,-284.44274809160305,18.106870229007633,-59.12977099236641,-16.194380029296873,3.019088293457031,-2.703053674316406,-183.6793893129771,97.1145038167939,46.54961832061068,0.0
25.320000410079956,-11.822567797851562,16.163255407714843,8.930372192382812,-291.7557251908397,-10.687022900763358,-18.16793893129771,-20.757728393554686,-7.189787585449218,2.231395947265625,-103.1145038167939,56.82442748091603,68.91603053435115,0.0
25.330000638961792,-9.598354455566406,1.5801730957031248,10.596736547851561,-296.8854961832061,-63.66412213740458,4.229007633587786,-19.268534960937497,-6.217741711425781,4.235342736816406,-54.900763358778626,41.63358778625954,49.51145038167939,0.0
25.34000062942505,-12.921506359863281,-0.9864110839843749,11.729193933105469,-204.44274809160305,-51.083969465648856,35.49618320610687,-16.345214733886717,-6.37815322265625,3.1004911499023438,-21.572519083969464,17.068702290076335,19.282442748091604,0.0
25.350000619888306,-11.528080993652344,-4.2137949218749995,14.966154577636718,-129.78625954198472,-77.83206106870229,57.83206106870229,-15.27740079345703,-3.5410242553710933,0.8020575561523438,12.473282442748092,8.580152671755725,10.427480916030534,0.0
25.360000610351562,-16.096217761230466,0.35673604736328124,14.089876770019531,-55.43511450381679,-64.35114503816794,77.95419847328245,-15.069105249023437,1.0821791503906248,0.062249243164062495,19.206106870229007,-8.274809160305344,-4.0,0.0
25.37000060081482,-14.099453576660155,-2.7916391357421872,9.105148913574219,-46.48854961832061,-62.900763358778626,77.66412213740458,-14.425065002441405,3.1316157714843746,1.1923124267578125,17.923664122137403,-3.9236641221374047,1.4351145038167938,0.0
25.380000352859497,-17.05150422363281,1.6711527587890624,3.134009973144531,-60.35114503816794,-32.94656488549618,55.06870229007634,-14.86320390625,2.2385785522460937,0.9026140258789062,27.435114503816795,-12.80916030534351,13.267175572519085,0.0
25.390000581741333,-12.696451403808593,2.2601263671875,-2.1164742675781247,-90.68702290076335,-17.83206106870229,43.93893129770992,-12.229582080078124,3.749319799804687,1.6831237670898436,13.221374045801527,-22.946564885496183,24.82442748091603,0.0
25.40000033378601,-9.746794958496093,0.0526724365234375,4.651933825683593,-76.16793893129771,25.893129770992367,41.86259541984733,-11.726799731445311,3.7804444213867185,1.209071838378906,-12.793893129770993,-17.862595419847327,29.480916030534353,0.0
25.410000562667847,-0.9097966308593749,-8.647856396484375,3.0789433349609374,-59.02290076335878,38.06106870229008,41.80152671755725,-13.900734838867187,1.369483349609375,1.7788918334960937,-7.938931297709924,-11.633587786259541,31.893129770992367,0.0
25.420000553131104,-1.9871873779296874,-7.37414111328125,5.231330627441406,-18.15267175572519,77.3587786259542,20.16793893129771,-14.616601135253905,1.01514150390625,1.5969325073242187,-6.977099236641221,-10.580152671755725,29.34351145038168,0.0
25.43000054359436,-2.128445275878906,-6.87614716796875,3.366247534179687,0.42748091603053434,70.9618320610687,-0.366412213740458,-12.514492077636717,3.5338416503906247,-0.51714755859375,-16.35114503816794,-10.625954198473282,23.572519083969464,0.0
25.440000772476196,-6.150704064941406,-3.1555577880859373,2.863465185546875,11.86259541984733,78.58015267175573,-17.49618320610687,-14.015656518554687,2.070984436035156,-0.43574470214843747,-18.748091603053435,-7.435114503816794,28.259541984732824,0.0
25.450000524520874,-9.83777462158203,-2.262520568847656,2.7269956909179687,14.931297709923664,84.70229007633588,-32.94656488549618,-13.74511173095703,1.9752163696289062,0.3902548706054687,-17.908396946564885,-8.534351145038167,25.374045801526716,0.0
25.46000051498413,-12.301408129882812,-1.668758557128906,2.5522189697265625,13.022900763358779,96.87022900763358,-37.02290076335878,-13.541604589843748,1.8004396484374998,0.46208092041015625,-19.129770992366414,-11.709923664122137,23.0381679389313,0.0
25.470000505447388,-12.524068884277343,-1.2713210815429687,2.9041666137695312,20.85496183206107,105.23664122137404,-38.79389312977099,-13.479355346679686,1.9129671264648436,0.30885201416015623,-20.748091603053435,-16.15267175572519,18.99236641221374,0.0
25.480000495910645,-12.89038173828125,1.1156979736328125,2.693476867675781,24.549618320610687,111.69465648854961,-39.74045801526717,-13.01727442626953,2.133233679199219,0.34237083740234375,-21.435114503816795,-19.6793893129771,15.206106870229007,0.0
25.490000247955322,-13.144167114257812,2.482787121582031,1.5490484741210937,18.015267175572518,110.0,-38.47328244274809,-12.734758630371093,1.0654197387695312,1.0510545288085937,-17.603053435114504,-22.259541984732824,13.19083969465649,0.0
25.500000476837158,-12.818555688476561,2.9975404785156248,0.8595183959960937,15.786259541984732,110.58015267175573,-35.25190839694657,-13.242329382324218,-0.51714755859375,1.637633935546875,-2.33587786259542,-33.11450381679389,5.236641221374046,0.0
25.510000944137573,-12.334926953124999,3.9695863525390624,0.814028564453125,8.961832061068701,111.63358778625954,-31.96946564885496,-11.039663854980468,-0.8283937744140625,1.6304513305664061,-1.5114503816793894,-39.29770992366412,-3.053435114503817,0.0
25.52000069618225,-11.463437548828125,4.264073156738281,1.1563994018554686,-2.7938931297709924,111.48091603053435,-28.18320610687023,-11.384428894042967,-2.5953145996093747,1.7094599853515624,12.13740458015267,-44.44274809160305,-10.870229007633588,0.0
25.530000925064087,-10.290278735351562,3.337517114257812,0.9074024291992187,-12.412213740458014,111.55725190839695,-23.435114503816795,-10.005368737792969,-1.1875240234375,1.1133037719726562,25.64885496183206,-56.51908396946565,-22.458015267175572,0.0
25.540000677108765,-9.294290844726563,2.4396914916992185,1.5610194824218748,-17.328244274809162,114.76335877862596,-19.786259541984734,-8.271966735839843,1.0678139404296874,-0.316034619140625,20.198473282442748,-55.52671755725191,-29.480916030534353,0.0
25.5500009059906,-9.495403784179686,1.7238251953125,1.7573440185546874,-20.99236641221374,116.85496183206106,-18.946564885496183,-10.019733947753906,-0.8690952026367187,0.5985504150390625,29.129770992366414,-53.404580152671755,-30.595419847328245,0.0
25.56000065803528,-8.56166513671875,0.15083470458984374,1.7956512451171873,-18.30534351145038,117.7557251908397,-18.18320610687023,-7.161057165527343,3.9049429077148434,-2.039859814453125,28.885496183206108,-62.35114503816794,-39.61832061068702,0.0
25.570000648498535,-8.250418920898436,-0.277727392578125,3.1316157714843746,-15.389312977099237,119.09923664122137,-20.442748091603054,-6.495469104003906,5.5090580200195305,-2.674323254394531,16.900763358778626,-42.16793893129771,-30.549618320610687,0.0
25.580000638961792,-8.367734802246094,-1.2138602416992186,4.034229797363281,-16.35114503816794,117.09923664122137,-24.68702290076336,-5.774814404296874,6.885723974609375,-4.910507604980468,19.083969465648856,-34.33587786259542,-25.221374045801525,0.0
25.59000039100647,-7.922413293457031,-2.2649147705078123,4.086902233886718,-9.725190839694656,111.95419847328245,-29.404580152671755,-5.434837768554687,7.184999182128906,-3.5434184570312497,10.51908396946565,-11.038167938931299,-17.053435114503817,0.0
25.600000619888306,-7.287949853515625,-2.50912333984375,3.536235852050781,0.732824427480916,107.5114503816794,-34.213740458015266,-2.8203695556640622,10.098742602539062,-6.888118176269531,-1.3893129770992367,-16.198473282442748,-16.931297709923665,0.0
25.610000610351562,-7.280767248535156,-0.8762778076171874,2.925714428710937,12.763358778625955,105.58778625954199,-38.3206106870229,-4.460397692871093,7.9295958984374995,-3.6248213134765623,-29.786259541984734,27.236641221374047,2.595419847328244,0.0
25.62000036239624,-8.51617530517578,0.9193734375,3.3255461059570313,12.106870229007633,102.01526717557252,-42.274809160305345,-1.0702081420898437,11.520898388671874,-11.674127294921874,-43.93893129770992,17.328244274809162,7.404580152671755,0.0
25.630000352859497,-8.875305554199219,0.8906430175781249,2.980781066894531,18.80916030534351,93.46564885496183,-40.0,-4.525041137695312,7.570465649414062,-3.873818286132812,-83.66412213740458,74.06106870229007,31.16030534351145,0.0
25.640000820159912,-8.765172277832031,2.5737667846679684,3.83072265625,21.358778625954198,89.52671755725191,-38.74809160305343,8.966285217285156,23.630770385742185,-24.071303491210937,-139.78625954198472,50.87022900763359,16.732824427480917,0.0
25.65000033378601,-9.215282189941405,4.110844250488281,4.429273071289062,13.84732824427481,73.3587786259542,-31.801526717557252,-8.79150849609375,11.6070896484375,-7.151480358886718,-275.14503816793894,165.64885496183206,53.23664122137404,0.0
25.660000801086426,-6.701370446777343,0.7972691528320313,4.819527941894531,34.396946564885496,75.52671755725191,-28.106870229007633,-2.0566192260742184,13.321338037109374,-11.054029064941405,-246.8091603053435,126.45801526717557,69.6030534351145,0.0
25.670000314712524,-10.939107385253905,3.842693664550781,5.164292980957031,31.87786259541985,62.2442748091603,-27.358778625954198,-14.451401220703124,-7.4579381713867186,-0.3232172241210937,-231.81679389312978,151.49618320610688,94.06106870229007,0.0
25.68000078201294,-7.881711865234375,-7.905653881835937,2.935291235351562,73.34351145038168,53.17557251908397,-15.221374045801527,-12.397176196289061,-12.241553088378906,6.277596752929687,-89.0381679389313,128.91603053435114,82.79389312977099,0.0
25.690000534057617,-13.579911816406248,-8.774749084472656,3.5027170288085934,145.2824427480916,63.64885496183206,-36.13740458015267,-23.094469213867185,-35.41024255371094,19.297265380859375,66.50381679389314,111.3587786259542,69.98473282442748,0.0
25.700000524520874,-14.097059374999999,-4.304774584960938,1.7166425903320313,166.13740458015266,55.20610687022901,-51.908396946564885,-7.264007836914062,-18.397045556640624,8.70771143798828,208.91603053435114,4.67175572519084,15.038167938931299,0.0
25.71000027656555,-12.205640063476562,3.5506010620117183,1.8315642700195311,131.58778625954199,39.69465648854962,-52.900763358778626,-4.393360046386719,-4.704606262207031,0.5674257934570313,229.61832061068702,-50.13740458015267,-4.488549618320611,0.0
25.720000505447388,-10.603919152832031,8.959102612304687,4.129997863769531,86.83969465648855,34.900763358778626,-50.10687022900763,-7.455543969726562,5.422866760253906,-2.0350714111328125,213.6793893129771,-71.29770992366412,-13.297709923664122,0.0
25.730000257492065,-14.501679455566405,11.961431494140625,6.610390783691406,27.954198473282442,21.52671755725191,-46.50381679389313,-24.21495559082031,-11.104307299804686,12.093112585449218,234.25954198473283,-72.87022900763358,-12.946564885496183,0.0
25.7400004863739,-12.54561669921875,6.047753393554687,4.292803576660156,9.404580152671755,2.366412213740458,-35.55725190839695,-21.569362756347655,-8.37012900390625,13.115436694335937,347.1603053435114,-150.82442748091603,-23.755725190839694,0.0
25.750000476837158,-10.769119067382812,5.827486840820312,2.463633508300781,6.778625954198473,1.450381679389313,-21.61832061068702,-16.199168432617185,5.992686755371094,-0.01915361328125,295.0687022900763,-181.6030534351145,-31.740458015267176,0.0
25.760000705718994,-9.765948571777344,7.639897497558593,2.4133552734375,-27.34351145038168,2.16793893129771,-9.312977099236642,-12.533645690917968,9.888052856445311,-1.675941162109375,216.61068702290078,-187.9236641221374,-62.99236641221374,0.0
25.77000093460083,-8.66940421142578,6.816292126464844,3.1794998046874996,-59.61832061068702,-1.0381679389312977,-3.0381679389312977,-10.259154113769531,10.098742602539062,-2.8898014038085935,143.7709923664122,-181.0229007633588,-72.73282442748092,0.0
25.780000686645508,-6.497863305664062,4.994304663085937,1.6903063720703124,-72.93129770992367,1.251908396946565,3.114503816793893,-11.7603185546875,6.943184814453125,-2.3582886352539063,90.29007633587786,-148.7175572519084,-67.17557251908397,0.0
25.790000915527344,-5.5545478515625,3.0621839233398433,0.41898529052734373,-79.58778625954199,12.763358778625955,3.877862595419847,-6.150704064941406,8.789114294433594,-3.8857892944335934,48.29007633587786,-137.4198473282443,-67.78625954198473,0.0
25.80000066757202,-5.985504150390625,1.5658078857421873,-0.967257470703125,-79.29770992366412,25.709923664122137,4.259541984732825,-6.619967590332031,4.7189714721679685,-2.6312276245117188,14.82442748091603,-103.52671755725191,-55.83206106870229,0.0
25.8100004196167,-8.513781103515624,1.9393033447265624,0.22505495605468748,-89.93893129770993,36.06106870229008,0.015267175572519083,-4.783614916992187,4.335899206542969,-2.2840683837890623,-4.2748091603053435,-90.30534351145039,-51.31297709923664,0.0
25.820000886917114,-8.339004382324218,-0.6727706665039062,-0.7685387329101562,-88.80916030534351,35.37404580152672,1.4045801526717556,-3.8690298828125,4.096479040527344,-3.0789433349609374,-22.595419847328245,-76.18320610687023,-47.83206106870229,0.0
25.830000638961792,-8.449137658691406,-1.426944189453125,-0.17238251953125,-87.86259541984732,42.33587786259542,-0.22900763358778625,-7.570465649414062,1.8076222534179687,-1.9225439331054686,-30.900763358778626,-61.19083969465649,-41.465648854961835,0.0
25.84000039100647,-9.557653027343749,-1.7118541870117185,1.4508862060546874,-82.97709923664122,45.465648854961835,-6.305343511450381,-7.934384301757812,1.9105729248046874,-1.936909143066406,-34.13740458015267,-52.97709923664122,-40.99236641221374,0.0
25.850000619888306,-10.041281762695311,-1.917755529785156,1.9871873779296874,-71.90839694656489,44.47328244274809,-9.32824427480916,-7.663839514160156,2.8850130004882812,-1.6112977172851561,-38.534351145038165,-43.05343511450382,-40.0763358778626,0.0
25.860000371932983,-11.528080993652344,0.4477157104492187,3.430890979003906,-70.51908396946565,46.33587786259542,-11.694656488549619,-5.899312890625,5.291185668945312,-1.3096283081054687,-62.48854961832061,-22.259541984732824,-36.29007633587786,0.0
25.87000060081482,-12.358868969726561,0.9217676391601562,5.413289953613281,-82.2442748091603,34.76335877862596,-9.908396946564885,-7.275978845214843,4.077325427246094,0.5817910034179687,-69.08396946564885,-18.33587786259542,-26.9618320610687,0.0
25.880000352859497,-10.544064111328124,-1.2785036865234374,4.513070129394531,-72.82442748091603,24.412213740458014,-1.8015267175572518,-6.926425402832031,3.0406361083984375,1.5777788940429687,-66.73282442748092,-12.916030534351146,-23.984732824427482,0.0
25.890000581741333,-10.206481677246094,-1.8938135131835936,6.172251879882812,-55.11450381679389,27.893129770992367,-2.6717557251908395,-8.389282617187499,0.3184288208007812,2.959233251953125,-58.0763358778626,-7.374045801526718,-20.671755725190838,0.0
25.90000081062317,-8.678981018066406,-3.4356793823242184,6.023811376953125,-35.465648854961835,21.358778625954198,-4.717557251908397,-7.738059765625,-1.0845733520507812,3.1028853515624997,-34.82442748091603,-17.49618320610687,-19.709923664122137,0.0
25.910000324249268,-9.311050256347656,-2.8323405639648436,6.081272216796875,-18.244274809160306,18.595419847328245,-10.106870229007633,-9.8449572265625,-2.0063409912109376,3.3207577026367185,-15.32824427480916,-19.96946564885496,-17.00763358778626,0.0
25.920000791549683,-9.253589416503905,-1.9129671264648436,6.696582043457031,-1.6946564885496183,14.580152671755725,-15.221374045801527,-10.184933862304687,-3.756502404785156,2.6815058593749996,5.66412213740458,-24.15267175572519,-17.374045801526716,0.0
25.93000030517578,-9.050082275390624,-0.5410895751953124,7.074865905761718,8.610687022900763,8.198473282442748,-18.30534351145038,-7.299920861816406,-1.599326708984375,1.22583125,20.946564885496183,-28.03053435114504,-24.748091603053435,0.0
25.940000534057617,-10.022128149414062,1.120486376953125,7.694964135742187,15.297709923664122,2.045801526717557,-18.68702290076336,-6.83783994140625,-0.3591302490234375,-1.438915197753906,21.984732824427482,-28.35114503816794,-27.954198473282442,0.0
25.950000286102295,-12.081141577148436,1.956062756347656,9.718064538574218,22.83969465648855,-1.5725190839694656,-17.96946564885496,-6.5601125488281244,0.5506663818359374,-0.3447650390625,6.6106870229007635,-7.511450381679389,-28.610687022900763,0.0
25.96000051498413,-11.121066711425781,1.8411410766601561,9.890447058105469,27.557251908396946,-15.618320610687023,-13.954198473282442,-6.074089611816406,1.7190367919921874,0.5626373901367188,-4.0458015267175576,-2.030534351145038,-27.16030534351145,0.0
25.97000026702881,-11.726799731445311,2.482787121582031,10.647014782714843,34.2442748091603,-29.480916030534353,-11.038167938931299,-7.156268762207031,0.6416460449218749,2.35589443359375,-5.7251908396946565,-7.526717557251908,-22.229007633587788,0.0
25.980000495910645,-13.702016101074218,2.999934680175781,11.877634436035155,30.0,-53.23664122137404,-7.022900763358779,-7.297526660156249,-0.143652099609375,2.89219560546875,-5.435114503816794,-9.755725190839694,-16.82442748091603,0.0
25.990000247955322,-11.736376538085937,0.9528922607421875,12.406753002929687,43.74045801526717,-70.91603053435115,1.3435114503816794,-6.4739212890625,0.22026655273437498,0.11731588134765625,-3.2061068702290076,-11.801526717557252,-10.870229007633588,0.0
26.00000023841858,-13.002909216308593,1.6543933471679686,14.791377856445312,51.17557251908397,-86.99236641221374,2.2748091603053435,-6.988674645996094,0.9528922607421875,-3.746925598144531,8.82442748091603,-7.343511450381679,-7.114503816793893,0.0
26.010000467300415,-14.86320390625,2.9568390502929685,17.788918334960936,72.90076335877863,-112.21374045801527,3.312977099236641,-8.552088330078124,4.297591979980469,-5.231330627441406,28.53435114503817,1.8473282442748091,-5.8320610687022905,0.0
26.02000069618225,-14.753070629882812,3.4548329956054684,15.219939953613281,87.93893129770993,-146.90076335877862,15.282442748091603,-10.481814868164061,8.44674345703125,-2.729389892578125,31.633587786259543,21.603053435114504,-2.595419847328244,0.0
26.030000925064087,-15.509638354492187,5.1140147460937495,14.137760803222655,71.6030534351145,-168.44274809160305,19.129770992366414,-11.528080993652344,8.188169677734374,-0.24899697265624998,17.64885496183206,25.00763358778626,3.8625954198473282,0.0
26.040000677108765,-16.869544897460937,3.3877953491210935,12.763489050292968,24.732824427480917,-206.74809160305344,21.49618320610687,-12.23915888671875,5.015852478027344,2.01112939453125,6.8396946564885495,24.12213740458015,11.358778625954198,0.0
26.0500009059906,-17.669208251953123,0.40940848388671874,13.089100476074218,26.50381679389313,-230.1679389312977,31.34351145038168,-10.89840595703125,2.8419173706054686,0.5482721801757812,-5.297709923664122,16.85496183206107,13.236641221374045,0.0
26.06000065803528,-16.857573889160154,0.30885201416015623,11.389217297363281,60.42748091603053,-245.3740458015267,52.35114503816794,-9.813832604980469,1.6304513305664061,-0.9313444458007812,-17.404580152671755,20.47328244274809,15.251908396946565,0.0
26.070000648498535,-13.395558288574218,0.33039982910156246,3.4931402221679684,60.94656488549618,-239.5267175572519,70.04580152671755,-10.352527978515624,1.8100164550781248,-0.9241618408203125,-20.259541984732824,18.625954198473284,17.6793893129771,0.0
26.080000638961792,-13.046004846191405,-3.0909143432617188,-2.1835119140624997,27.19083969465649,-236.73282442748092,68.22900763358778,-10.568006127929687,2.6575638427734374,-0.5817910034179687,-17.49618320610687,18.9618320610687,14.396946564885496,0.0
26.09000062942505,-11.212046374511718,-5.176263989257812,-7.3478048950195305,28.625954198473284,-226.83969465648855,67.81679389312977,-9.524134204101562,1.6807295654296874,-1.2210428466796874,-27.221374045801525,20.946564885496183,12.65648854961832,0.0
26.100000619888306,-9.095572106933593,-8.678981018066406,-8.877699755859375,28.30534351145038,-204.94656488549617,61.83206106870229,-8.532934716796875,1.4987702392578124,-1.8626888916015625,-48.717557251908396,26.27480916030534,13.49618320610687,0.0
26.110000371932983,-9.047688073730468,-8.164227661132813,-5.1714755859374995,8.717557251908397,-178.53435114503816,37.48091603053435,-10.460267053222656,-2.0374656127929685,-0.8020575561523438,-64.82442748091603,31.770992366412212,18.519083969465647,0.0
26.12000060081482,-10.053252770996092,-6.086060620117187,-1.8243816650390623,-9.755725190839694,-164.7175572519084,11.954198473282442,-11.808202587890625,-3.725377783203125,0.19871873779296872,-57.87786259541985,27.938931297709924,20.198473282442748,0.0
26.130000591278076,-11.027692846679686,-3.0214824951171875,3.105279553222656,7.404580152671755,-143.72519083969465,-0.7022900763358778,-10.089165795898436,-1.8626888916015625,-1.0295067138671874,-46.458015267175576,17.72519083969466,15.236641221374045,0.0
26.140000820159912,-12.418724011230468,0.39983167724609375,5.5090580200195305,34.62595419847328,-132.12213740458014,2.2442748091603053,-11.911153259277343,-2.6384102294921874,0.7062894897460937,-34.29007633587786,19.786259541984734,17.72519083969466,0.0
26.15000057220459,-13.678074084472655,3.603273498535156,5.91846650390625,48.47328244274809,-123.87786259541984,11.282442748091603,-10.620678564453124,-1.9943699829101562,0.45010991210937495,-29.297709923664122,15.725190839694656,15.49618320610687,0.0
26.160000801086426,-14.745888024902342,6.58884296875,5.537788439941406,29.633587786259543,-127.52671755725191,17.786259541984734,-10.503362683105468,-2.262520568847656,1.3215993164062498,-21.14503816793893,19.0381679389313,15.816793893129772,0.0
26.170000314712524,-12.457031237792968,4.989516259765625,2.1499930908203124,-7.709923664122138,-140.5648854961832,28.53435114503817,-10.608707556152343,-2.233790148925781,2.01112939453125,-12.0,19.908396946564885,14.717557251908397,0.0
26.18000054359436,-11.640608471679688,3.19865341796875,1.3311761230468748,-34.68702290076336,-136.9770992366412,34.412213740458014,-9.275137231445312,-1.7741034301757812,1.4317325927734375,-4.458015267175573,21.786259541984734,10.061068702290076,0.0
26.190000534057617,-9.777919580078125,0.32082302246093747,-0.02154781494140625,-54.396946564885496,-139.78625954198472,36.80916030534351,-10.366893188476562,-2.231395947265625,1.2018892333984375,8.83969465648855,20.076335877862597,6.198473282442748,0.0
26.200000524520874,-5.805939025878906,-3.208230224609375,-3.0358477050781247,-54.42748091603053,-134.03053435114504,37.61832061068702,-9.82580361328125,-3.4620156005859375,2.971204260253906,15.282442748091603,26.106870229007633,6.5038167938931295,0.0
26.21000051498413,-4.173093493652344,-4.266467358398438,-3.071760729980469,-46.30534351145038,-117.46564885496183,30.900763358778626,-10.043675964355469,-2.360682836914062,0.47644613037109373,30.931297709923665,10.412213740458014,1.450381679389313,0.0
26.220000505447388,-2.5043349365234375,-4.2497079467773435,-3.921702319335937,-29.374045801526716,-103.09923664122137,21.984732824427482,-7.972691528320312,0.16998831787109375,0.13646949462890623,30.85496183206107,13.923664122137405,-0.9923664122137404,0.0
26.230000495910645,-0.6416460449218749,-3.6535517333984373,-3.744531396484375,-12.442748091603054,-84.03053435114504,15.374045801526718,-10.01015714111328,1.8770541015625,0.07422025146484375,26.33587786259542,21.236641221374047,3.816793893129771,0.0
26.2400004863739,-0.8738836059570312,-1.438915197753906,-2.29843359375,3.6946564885496183,-61.19083969465649,14.351145038167939,-8.779537487792968,1.956062756347656,1.0869675537109373,18.366412213740457,28.290076335877863,8.900763358778626,0.0
26.25000023841858,-0.6177040283203125,0.5195417602539062,-1.4508862060546874,9.450381679389313,-46.99236641221374,14.50381679389313,-9.904812268066406,0.9888052856445312,-0.12210428466796874,24.732824427480917,25.709923664122137,8.549618320610687,0.0
26.260000705718994,-2.9041666137695312,3.076549133300781,0.59376201171875,-1.7099236641221374,-35.06870229007634,11.526717557251908,-8.492233288574218,2.35589443359375,-0.38307226562499996,23.52671755725191,24.99236641221374,7.343511450381679,0.0
26.27000117301941,0.42377369384765623,-0.8930372192382812,-0.6440402465820312,-4.366412213740458,-31.389312977099237,15.893129770992367,-7.876923461914062,2.2768857788085937,1.0007762939453124,19.236641221374047,29.068702290076335,9.954198473282442,0.0
26.280000686645508,15.155296508789062,-15.275006591796874,-4.062960217285156,40.458015267175576,-22.870229007633586,30.076335877862597,-6.117185241699218,3.277662072753906,-0.6296750366210937,9.221374045801527,26.27480916030534,7.297709923664122,0.0
26.290000915527344,6.718129858398437,-7.915230688476562,1.7405846069335937,126.13740458015268,71.64885496183206,20.99236641221374,-8.611943371582031,0.4860229370117187,0.023942016601562498,2.015267175572519,44.62595419847328,12.65648854961832,0.0
26.30000066757202,30.042442431640623,-30.684088476562497,-5.779602807617187,222.85496183206106,80.7175572519084,26.198473282442748,-3.258508459472656,3.318363500976562,-2.2074539306640624,-2.946564885496183,45.603053435114504,6.1679389312977095,0.0
26.31000065803528,12.497732666015624,-20.252551843261717,1.5634136840820312,405.1145038167939,224.3053435114504,6.641221374045801,-5.4515971801757805,-1.9033903198242186,1.0582371337890624,-24.931297709923665,75.61832061068702,15.145038167938932,0.0
26.320000648498535,-14.867992309570312,13.505691564941406,6.478709692382812,369.87786259541986,211.40458015267177,-79.20610687022901,-6.066907006835937,-1.149216796875,1.1372457885742187,-12.992366412213741,85.32824427480917,3.877862595419847,0.0
26.330000400543213,-14.331691137695312,19.42894647216797,4.484339709472656,235.00763358778627,160.65648854961833,-70.68702290076335,-6.392518432617187,5.851428857421874,-1.350329736328125,-96.38167938931298,79.69465648854961,12.65648854961832,0.0
26.34000039100647,-22.084116113281247,29.877242517089844,4.991910461425781,119.25190839694656,155.87786259541986,-43.587786259541986,-8.796296899414061,7.204152795410156,-2.877830395507812,-148.19847328244273,100.13740458015268,17.0381679389313,0.0
26.350000619888306,-13.189656945800781,22.85026064453125,5.7077767578125,-50.48854961832061,83.49618320610686,-25.709923664122137,-12.636596362304687,3.7421371948242186,-1.6519991455078125,-158.36641221374046,97.09923664122137,38.30534351145038,0.0
26.360000610351562,-25.457546252441404,39.22540289916992,12.808978881835937,-234.54961832061068,17.404580152671755,-38.717557251908396,-17.934964636230468,-3.4332851806640625,0.21068974609375,-137.2824427480916,69.3587786259542,67.72519083969466,0.0
26.37000060081482,-14.470554833984375,19.498378320312497,4.860229370117187,-434.76335877862596,-117.26717557251908,-20.366412213740457,-20.259734448242185,-6.37815322265625,2.530671154785156,-78.04580152671755,48.0763358778626,60.61068702290076,0.0
26.380000591278076,-3.9743747558593747,-7.146691955566406,0.7948749511718749,-355.64885496183206,-115.34351145038168,37.32824427480916,-17.738640100097655,-9.411606726074218,6.0884548217773435,-45.86259541984733,31.633587786259543,33.38931297709924,0.0
26.390000581741333,2.1260510742187497,-20.67871973876953,3.5577836669921874,-181.05343511450383,-63.63358778625954,65.19083969465649,-11.496956372070311,-5.011064074707031,3.227383837890625,-16.3206106870229,11.816793893129772,12.732824427480915,0.0
26.40000081062317,0.229843359375,-18.385074548339844,8.068459594726562,-22.16793893129771,-17.328244274809162,60.396946564885496,-11.022904443359375,-3.284844677734375,2.43250888671875,0.48854961832061067,16.763358778625953,16.244274809160306,0.0
26.410000562667847,-3.3159692993164063,-10.608707556152343,10.726023437499999,79.25190839694656,17.053435114503817,43.83206106870229,-10.165780249023436,-1.2976572998046874,1.5658078857421873,18.763358778625953,17.87786259541985,5.022900763358779,0.0
26.420000553131104,-14.298172314453124,4.256890551757812,15.485696337890625,111.20610687022901,43.55725190839695,25.66412213740458,-9.907206469726562,0.26336218261718747,-0.5434837768554687,18.900763358778626,8.488549618320612,9.374045801526718,0.0
26.43000030517578,-19.838354956054687,12.897564343261719,13.984531896972655,46.030534351145036,29.786259541984734,24.763358778625953,-10.297461340332031,2.8802245971679685,-0.229843359375,-5.648854961832061,13.648854961832061,17.603053435114504,0.0
26.440000772476196,-32.6209976196289,26.798299182128904,16.2805712890625,-68.29007633587786,24.9618320610687,25.297709923664122,-13.680468286132811,2.327164013671875,0.047884033203124995,-16.412213740458014,5.648854961832061,24.595419847328245,0.0
26.450000524520874,-21.3371251953125,15.040374829101562,4.228160131835938,-204.3053435114504,-39.55725190839695,51.267175572519086,-14.987702392578123,3.385401147460937,-0.05027823486328125,-32.0763358778626,-1.1603053435114503,29.709923664122137,0.0
26.46000051498413,-15.945383056640624,7.249642626953125,0.7685387329101562,-219.06870229007635,-34.656488549618324,72.70229007633588,-16.278177087402344,0.3950432739257812,-0.9193734375,-24.53435114503817,-8.229007633587786,38.06106870229008,0.0
26.470000505447388,-4.072537023925781,-11.283872424316405,1.199495031738281,-195.89312977099237,-34.97709923664122,83.92366412213741,-15.727510705566406,4.5585599609375,-1.7166425903320313,-20.259541984732824,-13.633587786259541,33.51145038167939,0.0
26.480000257492065,-2.6671406494140624,-21.997924853515624,7.299920861816406,-117.80152671755725,24.671755725190838,60.93129770992366,-16.290148095703124,1.6519991455078125,0.6416460449218749,-16.045801526717558,-4.99236641221374,37.3587786259542,0.0
26.490000247955322,2.8419173706054686,-22.285229052734373,0.49320554199218747,-22.16793893129771,34.67175572519084,30.80916030534351,-15.071499450683593,2.020706201171875,-0.49320554199218747,-14.65648854961832,-9.526717557251908,26.229007633587788,0.0
26.50000023841858,0.3806780639648437,-11.374852087402344,1.3551181396484375,62.6412213740458,70.7175572519084,-3.572519083969466,-14.26944189453125,2.683900061035156,0.031124621582031248,-20.946564885496183,-8.335877862595419,24.763358778625953,0.0
26.510000467300415,-6.138733056640625,-3.7517140014648436,2.0350714111328125,68.1526717557252,88.41221374045801,-33.23664122137404,-14.386757775878905,0.8738836059570312,0.8834604125976562,-15.511450381679388,-6.183206106870229,27.16030534351145,0.0
26.520000457763672,-10.670956799316405,-0.8307879760742187,1.9871873779296874,61.17557251908397,100.67175572519083,-49.89312977099237,-12.926294763183593,0.3112462158203125,1.13006318359375,-12.931297709923664,-17.297709923664122,26.68702290076336,0.0
26.530000925064087,-12.708422412109375,2.7246014892578123,2.2577321655273437,49.603053435114504,110.21374045801527,-49.83206106870229,-14.314931726074217,-0.6679822631835937,3.1124621582031247,-5.6183206106870225,-13.786259541984732,24.564885496183205,0.0
26.540000677108765,-13.82172618408203,4.970362646484375,2.360682836914062,33.23664122137404,118.93129770992367,-44.42748091603053,-13.395558288574218,-0.8379705810546875,2.896984008789062,-8.381679389312977,-20.870229007633586,17.786259541984734,0.0
26.5500009059906,-14.669273571777342,6.356605407714843,3.258508459472656,11.801526717557252,116.93129770992367,-35.20610687022901,-13.163320727539062,0.36391865234375,4.065354418945312,-10.13740458015267,-28.396946564885496,18.366412213740457,0.0
26.56000065803528,-13.967772485351562,5.442020373535156,2.9759926635742184,-6.3816793893129775,111.6030534351145,-25.587786259541986,-11.863269226074218,1.7764976318359373,-1.218648645019531,-25.435114503816795,-28.213740458015266,6.076335877862595,0.0
26.570000648498535,-13.776236352539062,5.209782812499999,2.568978381347656,-19.328244274809162,107.48091603053435,-18.244274809160306,-12.08592998046875,0.34715924072265625,1.6711527587890624,-18.18320610687023,-31.557251908396946,7.7251908396946565,0.0
26.580000400543213,-12.267889306640624,3.6822821533203123,2.3391350219726563,-28.213740458015266,102.50381679389314,-10.992366412213741,-9.583989245605467,1.4030021728515625,-0.19871873779296872,-19.16030534351145,-37.66412213740458,0.2900763358778626,0.0
26.59000062942505,-10.587159741210938,1.9632453613281249,1.7860744384765623,-27.206106870229007,103.08396946564885,-3.480916030534351,-10.43871923828125,-0.44053310546874996,1.8650830932617186,-9.908396946564885,-32.48854961832061,-0.12213740458015267,0.0
26.600000619888306,-8.556876733398436,1.3168109130859373,1.47482822265625,-20.85496183206107,106.94656488549619,-0.3969465648854962,-5.233724829101562,2.91134921875,-2.2840683837890623,-23.435114503816795,-38.19847328244275,-12.0,0.0
26.610000371932983,-8.580818749999999,0.7972691528320313,2.104503259277344,-14.198473282442748,107.70992366412214,1.5572519083969465,-9.296685046386719,-0.4836287353515625,0.35194764404296874,-7.603053435114504,-32.10687022900763,-8.259541984732824,0.0
26.62000060081482,-7.283161450195312,-0.239420166015625,1.898601916503906,-3.2061068702290076,112.85496183206106,1.3435114503816794,-1.3192051147460937,6.706158850097656,-5.473144995117187,-33.14503816793893,-34.3206106870229,-23.358778625954198,0.0
26.630000591278076,-7.5537062377929685,-0.44053310546874996,2.375048046875,-1.2366412213740459,114.53435114503817,-1.282442748091603,-7.431601953125,2.2361843505859373,-0.316034619140625,-51.083969465648856,-3.0839694656488548,-13.114503816793894,0.0
26.640000820159912,-7.414842541503906,-2.288856787109375,2.7078420776367187,9.374045801526718,114.79389312977099,-6.99236641221374,-7.991845141601562,2.971204260253906,-1.5562310791015623,-35.847328244274806,-0.10687022900763359,-13.312977099236642,0.0
26.65000057220459,-7.960720520019531,-3.421314172363281,3.1842882080078123,21.419847328244273,114.85496183206106,-14.564885496183207,-9.382876306152344,-0.086191259765625,-1.3814543579101561,-7.648854961832061,1.9083969465648856,-7.221374045801527,0.0
26.660000562667847,-7.805097412109374,-3.0119056884765625,3.239354846191406,35.23664122137404,115.05343511450381,-24.732824427480917,-2.0829554443359375,9.088389501953124,-13.069946862792968,-5.9541984732824424,-21.083969465648856,-21.81679389312977,0.0
26.670000314712524,-9.670180505371093,0.612915625,4.242525341796875,27.96946564885496,109.7557251908397,-32.79389312977099,-6.478709692382812,8.32463917236328,-7.015010864257812,-24.015267175572518,29.572519083969464,-2.6717557251908395,0.0
26.68000054359436,-7.42441934814453,0.622492431640625,5.013458276367187,23.893129770992367,105.43511450381679,-34.51908396946565,3.1316157714843746,21.11207023925781,-20.85828486328125,-70.82442748091603,31.755725190839694,-5.786259541984733,0.0
26.690000534057617,-10.096348400878906,3.859453076171875,5.080495922851562,5.221374045801527,93.69465648854961,-36.93129770992366,-4.891353991699218,12.109871997070313,-8.688557824707031,-152.90076335877862,107.08396946564885,20.16793893129771,0.0
26.700000524520874,-7.216123803710937,-0.9792284790039062,3.2728736694335936,13.908396946564885,89.48091603053435,-31.6793893129771,-2.0063409912109376,12.435483422851561,-10.302249743652343,-133.84732824427482,96.27480916030534,37.7557251908397,0.0
26.71000027656555,-9.945513696289062,1.1707646118164061,4.276044165039062,18.16793893129771,85.41984732824427,-35.969465648854964,-14.051569543457031,-0.9816226806640624,0.6967126831054687,-116.51908396946565,116.79389312977099,66.44274809160305,0.0
26.720000505447388,-10.647014782714843,-3.327940307617187,2.8730419921875,37.70992366412214,75.86259541984732,-33.038167938931295,-13.053187451171874,-12.650961572265624,5.063736511230468,-21.404580152671755,95.22137404580153,61.00763358778626,0.0
26.730000495910645,-10.070012182617187,-6.193799694824218,1.8171990600585937,91.14503816793894,78.50381679389314,-38.229007633587784,-9.497797985839844,-11.628637463378906,4.618415002441406,87.61832061068702,52.961832061068705,49.89312977099237,0.0
26.740000247955322,-14.513650463867187,1.2904746948242187,3.737348791503906,100.42748091603053,78.09160305343511,-50.045801526717554,-11.875240234375,-14.918270544433593,8.98304462890625,137.38931297709922,41.099236641221374,38.58015267175573,0.0
26.750000476837158,-11.334150659179686,1.8602946899414061,3.517082238769531,86.04580152671755,62.732824427480914,-46.045801526717554,-7.031770275878906,-5.408501550292969,4.132392065429687,196.93129770992365,-15.86259541984733,17.435114503816795,0.0
26.760000705718994,-9.490615380859374,1.946485949707031,3.3542765258789062,85.29770992366412,63.89312977099237,-43.770992366412216,-12.48097325439453,-7.199364392089843,9.160215551757812,228.9770992366412,-31.419847328244273,20.549618320610687,0.0
26.770000457763672,-10.620678564453124,4.472368701171875,3.9719805541992184,74.36641221374046,62.0,-48.2442748091603,-10.350133776855468,-0.7254431030273437,0.9145850341796874,266.53435114503816,-83.83206106870229,4.106870229007634,0.0
26.780000686645508,-10.69968721923828,6.890512377929687,2.980781066894531,52.06106870229008,54.961832061068705,-44.42748091603053,-13.096283081054686,0.8092401611328125,3.9408559326171875,235.34351145038167,-86.18320610687023,-8.030534351145038,0.0
26.790000915527344,-9.234435803222656,5.315127685546875,2.8610709838867185,21.587786259541986,47.80152671755725,-37.12977099236641,-11.341333264160156,5.6215854980468745,1.1324573852539062,215.89312977099237,-120.53435114503817,-24.27480916030534,0.0
26.80000066757202,-8.798691101074219,5.7077767578125,2.70065947265625,-4.9465648854961835,46.0763358778626,-33.17557251908397,-13.91031164550781,5.963956335449218,4.292803576660156,165.31297709923663,-114.7175572519084,-25.862595419847327,0.0
26.81000065803528,-8.034940771484374,5.403713146972656,2.6815058593749996,-27.603053435114504,44.50381679389313,-29.908396946564885,-12.39238779296875,8.32463917236328,1.5275006591796874,116.27480916030534,-120.87022900763358,-34.93129770992366,0.0
26.820000886917114,-9.677363110351562,5.224148022460938,2.8658593872070313,-46.916030534351144,43.23664122137404,-26.50381679389313,-12.816161486816405,4.42448466796875,1.7573440185546874,70.54961832061069,-104.97709923664122,-33.587786259541986,0.0
26.830000638961792,-8.468291271972657,4.429273071289062,3.1507693847656246,-55.3587786259542,45.099236641221374,-24.0,-10.74517705078125,5.161898779296875,-0.6344634399414062,39.41984732824427,-108.19847328244275,-39.25190839694657,0.0
26.84000039100647,-10.199299072265624,5.085284326171875,3.3255461059570313,-69.16030534351145,40.61068702290076,-21.480916030534353,-10.429142431640624,1.3742717529296875,1.9943699829101562,4.8396946564885495,-85.45038167938931,-35.343511450381676,0.0
26.850000619888306,-9.746794958496093,3.5482068603515624,2.47081611328125,-78.47328244274809,34.62595419847328,-15.312977099236642,-6.189011291503906,3.9312791259765625,-2.099714855957031,-18.35114503816794,-94.99236641221374,-44.19847328244275,0.0
26.860000610351562,-9.883264453125,2.1547814941406247,1.8507178833007811,-78.58015267175573,31.81679389312977,-9.32824427480916,-11.015721838378905,0.009576806640625,0.028730419921875,-28.702290076335878,-84.73282442748092,-39.87786259541985,0.0
26.87000060081482,-10.014945544433592,1.4891934326171874,1.637633935546875,-70.35114503816794,32.6412213740458,-5.511450381679389,-9.442731347656249,-0.3806780639648437,-0.7422025146484375,-35.465648854961835,-78.77862595419847,-46.0,0.0
26.880000591278076,-10.364498986816406,0.603338818359375,1.0414777221679687,-65.87786259541984,33.69465648854962,-2.9770992366412212,-10.493785876464843,-1.0295067138671874,0.1197100830078125,-27.52671755725191,-76.90076335877863,-49.51145038167939,0.0
26.890000581741333,-10.038887561035155,-0.6392518432617187,0.5291185668945312,-59.465648854961835,34.534351145038165,-1.3435114503816794,-12.059593762207031,-0.7062894897460937,-0.2705447875976562,-9.022900763358779,-79.57251908396947,-53.64885496183206,0.0
26.90000081062317,-9.988609326171874,-1.3455413330078123,0.5363011718749999,-53.541984732824424,36.97709923664122,-1.9694656488549618,-8.090007409667969,1.3311761230468748,0.37828386230468747,-11.526717557251908,-74.35114503816794,-58.35114503816794,0.0
26.910000562667847,-9.76116016845703,-1.5753846923828123,0.6703764648437499,-54.48854961832061,39.038167938931295,-5.236641221374046,-7.486668591308593,4.1563340820312495,-0.7996633544921875,-12.473282442748092,-77.6793893129771,-56.87022900763359,0.0
26.920000553131104,-10.144232434082031,-1.0917559570312498,1.9967641845703124,-55.32824427480916,39.17557251908397,-8.122137404580153,-7.56567724609375,4.951209033203125,-0.296881005859375,-23.053435114503817,-62.091603053435115,-47.16030534351145,0.0
26.93000054359436,-10.101136804199218,-1.1540052001953125,3.294421484375,-56.85496183206107,38.0763358778626,-10.778625954198473,-7.390900524902343,4.127603662109375,1.0941501586914062,-29.893129770992367,-52.18320610687023,-40.58015267175573,0.0
26.940000534057617,-10.493785876464843,-0.39983167724609375,4.651933825683593,-53.70992366412214,35.343511450381676,-10.534351145038167,-6.667851623535156,3.0885201416015624,1.3120225097656248,-30.595419847328245,-38.045801526717554,-32.38167938931298,0.0
26.950000524520874,-10.467449658203124,-0.5458779785156249,5.875370874023437,-45.14503816793893,30.412213740458014,-7.7251908396946565,-8.128314636230469,1.01514150390625,1.6615759521484375,-16.3206106870229,-38.961832061068705,-25.69465648854962,0.0
26.96000051498413,-8.889670764160156,-2.3391350219726563,5.973533142089844,-18.0,24.50381679389313,-3.4656488549618323,-7.182604980468749,0.47644613037109373,0.9983820922851562,-0.8549618320610687,-34.01526717557252,-22.045801526717558,0.0
26.970000505447388,-8.125920434570313,-0.9911994873046874,6.488286499023437,7.877862595419847,24.48854961832061,-2.9923664122137406,-8.621520178222656,0.9217676391601562,-0.02154781494140625,13.48091603053435,-28.442748091603054,-19.17557251908397,0.0
26.980000257492065,-10.36210478515625,-0.33758243408203126,7.685387329101562,29.69465648854962,21.572519083969464,-3.984732824427481,-9.758765966796874,-1.0510545288085937,1.5658078857421873,3.3587786259541983,-2.50381679389313,-14.793893129770993,0.0
26.9900004863739,-11.008539233398437,0.7757213378906249,7.802703210449218,50.10687022900763,15.389312977099237,-3.8473282442748094,-7.764395983886718,-0.9624690673828125,0.7661445312499999,19.64885496183206,-5.7251908396946565,-17.786259541984734,0.0
27.000000476837158,-11.33175645751953,1.2521674682617188,6.399701037597656,57.61832061068702,0.8396946564885496,-3.1908396946564888,-8.303091357421874,-1.22583125,1.0103531005859374,30.625954198473284,-5.969465648854962,-17.129770992366414,0.0
27.010000944137573,-12.57674132080078,1.7357962036132812,6.533776330566406,58.412213740458014,-6.305343511450381,-5.312977099236641,-7.975085729980468,-0.34715924072265625,1.0702081420898437,35.343511450381676,-7.893129770992366,-16.82442748091603,0.0
27.02000069618225,-9.60793126220703,0.22744915771484372,5.315127685546875,61.11450381679389,-22.076335877862597,-4.33587786259542,-7.8721350585937495,0.603338818359375,1.1707646118164061,35.343511450381676,-9.282442748091603,-15.770992366412214,0.0
27.030000925064087,-11.046846459960937,2.403778466796875,6.174646081542968,54.36641221374046,-25.923664122137403,-8.946564885496183,-7.3932947265625,1.8028338500976562,1.1085153686523437,33.221374045801525,-9.633587786259541,-15.419847328244275,0.0
27.040000438690186,-10.690110412597656,3.1411925781249996,7.0652890991210935,52.2442748091603,-32.412213740458014,-8.625954198473282,-7.728482958984374,2.0254946044921875,1.5466542724609373,28.47328244274809,-8.473282442748092,-12.549618320610687,0.0
27.0500009059906,-11.911153259277343,4.3263223999023435,7.56567724609375,36.213740458015266,-43.64885496183206,-4.9465648854961835,-7.261613635253906,2.3487118286132813,1.3383587280273437,22.18320610687023,-7.984732824427481,-11.740458015267176,0.0
27.0600004196167,-11.075576879882812,4.089296435546875,7.900865478515625,32.595419847328245,-51.465648854961835,1.2213740458015268,-7.568071447753906,2.379836450195312,0.9026140258789062,14.473282442748092,-6.67175572519084,-11.679389312977099,0.0
27.070000648498535,-11.274295617675781,4.04141240234375,9.37808790283203,25.435114503816795,-59.49618320610687,4.427480916030534,-7.876923461914062,1.8555062866210936,1.0678139404296874,6.33587786259542,-0.7022900763358778,-10.335877862595419,0.0
27.080000638961792,-10.704475622558594,3.0454245117187497,10.352527978515624,29.51145038167939,-72.18320610687023,7.4961832061068705,-6.880935571289062,0.82360537109375,0.16998831787109375,9.664122137404581,-2.198473282442748,-9.816793893129772,0.0
27.09000062942505,-11.652579479980469,2.1021090576171875,12.69166300048828,39.61832061068702,-86.03053435114504,8.992366412213741,-6.375759020996093,0.8044517578125,-1.6136919189453125,17.587786259541986,-0.7633587786259542,-9.83206106870229,0.0
27.100000619888306,-11.595118640136718,0.852335791015625,13.481749548339844,57.19083969465649,-103.69465648854961,11.007633587786259,-7.486668591308593,0.4070142822265625,-2.8562825805664063,30.870229007633586,6.442748091603053,-6.67175572519084,0.0
27.110000610351562,-14.705186596679686,4.129997863769531,13.812149377441406,43.49618320610687,-129.78625954198472,9.587786259541986,-5.968744738769531,3.9839515624999997,-4.031835595703125,40.88549618320611,9.236641221374045,-8.01526717557252,0.0
27.12000036239624,-15.184026928710937,3.1699229980468746,12.152967626953124,1.5572519083969465,-167.4198473282443,10.274809160305344,-7.1395093505859375,6.349422802734375,-2.099714855957031,33.770992366412216,22.519083969465647,-4.0,0.0
27.130000591278076,-14.994884997558593,0.8259995727539062,13.824120385742187,-22.290076335877863,-195.89312977099237,11.954198473282442,-7.81467421875,6.976703637695312,-0.6057330200195312,14.702290076335878,25.755725190839694,1.9541984732824427,0.0
27.14000105857849,-15.444994909667967,-0.373495458984375,13.828908789062499,-16.931297709923665,-224.793893129771,18.625954198473284,-10.235212097167969,4.917690209960937,2.887407202148437,3.6030534351145036,25.19083969465649,8.793893129770993,0.0
27.15000057220459,-15.524003564453125,-1.5083470458984374,12.502521069335936,18.625954198473284,-242.4732824427481,27.236641221374047,-9.878476049804688,4.242525341796875,1.3096283081054687,-13.221374045801527,15.572519083969466,7.511450381679389,0.0
27.160000801086426,-13.931859460449218,-1.867477294921875,6.198588098144531,47.06870229007634,-250.19847328244273,37.17557251908397,-12.251129895019531,2.7653029174804686,2.602497204589844,-27.72519083969466,19.87786259541985,8.534351145038167,0.0
27.170000314712524,-12.72997022705078,-0.6703764648437499,0.7757213378906249,45.603053435114504,-242.13740458015266,42.0763358778626,-12.646173168945312,3.6559459350585937,2.3582886352539063,-44.30534351145038,19.068702290076335,8.0,0.0
27.18000078201294,-11.212046374511718,-3.5769372802734374,-4.065354418945312,46.44274809160305,-231.49618320610688,47.74045801526717,-13.80975517578125,0.06464344482421874,2.6192566162109374,-47.83206106870229,20.870229007633586,14.381679389312977,0.0
27.190000772476196,-10.51533369140625,-4.515464331054687,-6.612784985351562,64.47328244274809,-205.9236641221374,54.213740458015266,-12.066776367187499,-1.4700398193359374,1.149216796875,-38.33587786259542,12.458015267175572,14.183206106870228,0.0
27.200000524520874,-10.896011755371093,-4.903325,-7.860164050292968,55.770992366412216,-186.2290076335878,49.38931297709924,-10.66856259765625,-3.651157531738281,0.22266075439453123,-31.435114503816795,12.229007633587786,14.122137404580153,0.0
27.21000051498413,-11.10191309814453,-4.077325427246094,-6.6510922119140625,20.33587786259542,-167.87786259541986,33.38931297709924,-8.63109698486328,-1.2880804931640624,-2.166752502441406,-29.83206106870229,6.916030534351145,13.17557251908397,0.0
27.22000026702881,-11.52329259033203,-3.6391865234374996,-2.1068974609374997,-3.1755725190839694,-157.55725190839695,15.053435114503817,-8.437166650390624,-2.3032219970703123,-2.3127988037109373,-39.81679389312977,21.801526717557252,14.473282442748092,0.0
27.230000495910645,-12.78743106689453,-2.8514941772460936,4.453215087890625,14.961832061068701,-140.59541984732823,9.603053435114504,-9.548076220703125,-2.5809493896484375,-2.7437551025390623,-37.70992366412214,28.091603053435115,18.18320610687023,0.0
27.240000247955322,-12.502521069335936,-1.8339584716796873,6.734889270019531,63.32824427480916,-127.78625954198473,20.458015267175572,-11.789048974609374,-4.378994836425781,-0.21308394775390624,-10.961832061068701,30.16793893129771,17.374045801526716,0.0
27.25000023841858,-15.739481713867187,3.7924154296875,6.830657336425781,82.21374045801527,-116.29007633587786,26.396946564885496,-12.069170568847655,-4.484339709472656,1.0702081420898437,13.969465648854962,27.022900763358777,9.84732824427481,0.0
27.260000705718994,-11.281478222656249,3.31357509765625,1.6519991455078125,78.06106870229007,-123.34351145038168,40.778625954198475,-10.407594616699217,-2.128445275878906,1.1516109985351561,29.389312977099237,29.083969465648856,3.7099236641221376,0.0
27.27000093460083,-14.865598107910156,6.912060192871094,3.5529952636718747,32.030534351145036,-122.74809160305344,39.87786259541985,-9.83777462158203,-1.1875240234375,1.438915197753906,37.57251908396947,30.0,2.366412213740458,0.0
27.280000686645508,-13.41950030517578,5.195417602539062,1.6472107421875,-11.17557251908397,-134.94656488549617,48.091603053435115,-10.603919152832031,-0.105344873046875,0.4381389038085937,36.85496183206107,32.091603053435115,2.427480916030534,0.0
27.290000677108765,-9.816226806640625,2.4588451049804685,0.7757213378906249,-38.396946564885496,-136.35114503816794,55.17557251908397,-8.98304462890625,2.3822306518554686,0.16759411621093748,32.56488549618321,32.916030534351144,2.2442748091603053,0.0
27.300000429153442,-6.536170532226562,0.22026655273437498,-0.6967126831054687,-63.38931297709924,-135.86259541984734,54.94656488549618,-9.64623848876953,2.3965958618164063,0.49799394531249996,28.732824427480917,34.18320610687023,4.702290076335878,0.0
27.3100004196167,-3.337517114257812,-2.7246014892578123,-1.3742717529296875,-62.83969465648855,-125.05343511450381,49.64885496183206,-10.1131078125,2.645592834472656,-0.18435352783203124,14.412213740458014,34.85496183206107,7.694656488549619,0.0
27.320000648498535,-0.11013327636718749,-4.259284753417968,-2.1978771240234374,-50.6412213740458,-111.23664122137404,43.267175572519086,-10.060435375976562,2.308010400390625,0.06943184814453125,8.229007633587786,35.17557251908397,9.557251908396946,0.0
27.330000400543213,-2.693476867675781,-0.6392518432617187,-0.8547299926757812,-43.847328244274806,-87.66412213740458,31.633587786259543,-10.426748229980468,1.8411410766601561,0.4955997436523437,6.3816793893129775,32.82442748091603,12.961832061068701,0.0
27.34000062942505,0.5961562133789062,-3.071760729980469,-2.346317626953125,-26.931297709923665,-74.85496183206106,34.0,-9.074024291992187,1.8531120849609375,0.6296750366210937,2.183206106870229,28.732824427480917,15.740458015267176,0.0
27.350000619888306,-0.33518823242187495,-1.4820108276367188,-1.218648645019531,-16.16793893129771,-50.595419847328245,31.099236641221374,-9.813832604980469,1.149216796875,0.689530078125,3.099236641221374,26.900763358778626,16.80916030534351,0.0
27.360000371932983,1.350329736328125,-1.8363526733398436,-1.1516109985351561,-9.679389312977099,-37.12977099236641,28.99236641221374,-8.499415893554687,1.1755530151367186,0.19153613281249998,-0.8244274809160306,22.50381679389313,15.648854961832061,0.0
27.37000060081482,1.3000515014648437,-1.3670891479492187,1.6328455322265625,-7.00763358778626,-14.259541984732824,26.702290076335878,-9.188945971679686,-0.08140285644531249,0.8116343627929687,3.0076335877862594,23.068702290076335,17.14503816793893,0.0
27.380000591278076,9.457096557617186,-9.414000927734374,-1.7597382202148437,9.129770992366412,-11.725190839694656,31.954198473282442,-7.031770275878906,2.442085693359375,-1.6998831787109374,-5.038167938931298,16.793893129770993,11.465648854961833,0.0
27.390000581741333,2.408566870117187,-2.142810485839844,1.20667763671875,44.36641221374046,50.30534351145038,24.290076335877863,-7.273584643554687,1.599326708984375,-0.5817910034179687,-27.84732824427481,36.717557251908396,15.49618320610687,0.0
27.40000081062317,13.883975427246092,-11.089942089843749,-0.6464344482421874,70.13740458015268,59.41984732824427,23.786259541984734,-2.437297290039062,4.623203405761719,-3.9935283691406247,-53.64885496183206,39.98473282442748,9.450381679389313,0.0
27.410000562667847,4.048595007324218,-5.774814404296874,2.1787235107421874,139.4198473282443,134.793893129771,17.0381679389313,-8.552088330078124,-1.1563994018554686,-1.2306196533203124,-72.77862595419847,70.50381679389314,21.328244274809162,0.0
27.420000791549683,12.418724011230468,-18.808848242187498,-0.32561142578124996,218.76335877862596,152.0,7.801526717557252,-7.321468676757812,-0.39743747558593745,0.1149216796875,-71.96946564885496,80.0,13.633587786259541,0.0
27.43000054359436,-0.09337386474609374,-9.184157568359375,2.0254946044921875,324.2290076335878,220.15267175572518,-13.099236641221374,-8.82263311767578,-3.4452561889648434,-0.105344873046875,-86.93129770992367,84.42748091603053,14.549618320610687,0.0
27.440000534057617,-3.19865341796875,-1.8650830932617186,1.2042834350585936,302.35114503816794,198.93129770992365,-42.61068702290076,-8.367734802246094,1.438915197753906,-1.8004396484374998,-90.76335877862596,86.62595419847328,11.435114503816793,0.0
27.450000524520874,-15.971719274902343,13.113042492675781,1.2378022583007813,278.6106870229008,213.12977099236642,-51.48091603053435,-12.114660400390624,0.4477157104492187,1.0821791503906248,-113.41984732824427,84.67175572519083,17.46564885496183,0.0
27.46000051498413,-21.95482922363281,33.32489290771484,5.370194323730469,101.95419847328245,172.36641221374046,-60.36641221374046,-11.59990704345703,2.0781670410156248,0.8092401611328125,-126.21374045801527,74.35114503816794,20.778625954198475,0.0
27.470000505447388,-13.091494677734374,27.609933544921873,6.335057592773437,-107.31297709923665,94.19847328244275,-52.74809160305343,-15.543157177734374,-3.861847277832031,1.3192051147460937,-125.70992366412214,50.85496183206107,39.725190839694655,0.0
27.480000495910645,-13.36203946533203,22.01468426513672,8.992621435546875,-223.00763358778627,39.57251908396947,-46.213740458015266,-17.630901025390624,-6.059724401855468,-1.0773907470703123,-94.99236641221374,25.49618320610687,35.099236641221374,0.0
27.4900004863739,-8.252813122558594,1.2569558715820313,14.353238952636717,-209.93893129770993,-3.312977099236641,-8.50381679389313,-16.69476817626953,-6.066907006835937,2.8945898071289062,-39.954198473282446,14.244274809160306,30.229007633587788,0.0
27.500000476837158,-15.43062969970703,4.671087438964843,22.431275354003905,-123.78625954198473,3.572519083969466,17.404580152671755,-14.037204333496092,-3.5889082885742187,3.5242648437499997,-16.045801526717558,2.9618320610687023,12.610687022900763,0.0
27.510000944137573,-16.29254229736328,6.208164904785156,20.92292830810547,-116.74809160305344,-33.00763358778626,38.656488549618324,-14.350844750976561,0.13407529296874998,2.042254016113281,-6.8396946564885495,-0.8396946564885496,3.2519083969465647,0.0
27.52000069618225,-22.282834851074217,12.457031237792968,16.838420275878907,-109.1145038167939,-34.534351145038165,53.93893129770992,-13.836091394042969,-0.9983820922851562,1.6472107421875,-6.625954198473282,-3.9083969465648853,5.862595419847328,0.0
27.530000686645508,-16.486472631835937,5.386953735351562,7.587225061035156,-161.16030534351145,-75.49618320610686,63.37404580152672,-12.811373083496093,5.990292553710937,-0.1005564697265625,-11.618320610687023,-19.389312977099237,6.549618320610687,0.0
27.540000677108765,-23.721750048828124,12.028469140624999,1.1468225952148436,-181.14503816793894,-56.18320610687023,62.76335877862596,-14.161702819824217,3.3111808959960936,0.7805097412109374,-10.488549618320612,-14.106870229007633,24.198473282442748,0.0
27.5500009059906,-14.544775085449217,1.8555062866210936,-5.705382556152343,-224.6412213740458,-70.62595419847328,70.03053435114504,-11.468225952148437,6.9144543945312495,1.5466542724609373,-27.83206106870229,-8.580152671755725,33.52671755725191,0.0
27.5600004196167,-10.627861169433594,-8.473079675292968,0.32082302246093747,-190.65648854961833,-30.748091603053435,70.90076335877863,-14.602235925292968,1.0917559570312498,0.9935936889648437,-14.473282442748092,-4.8396946564885495,41.48091603053435,0.0
27.570000648498535,-1.8028338500976562,-18.049886315917966,4.946420629882812,-141.74045801526717,-17.557251908396946,54.916030534351144,-13.048399047851563,0.076614453125,1.8531120849609375,-3.9389312977099236,-8.580152671755725,32.25954198473283,0.0
27.580000400543213,4.764461303710937,-21.581333764648438,3.3207577026367185,-44.13740458015267,24.85496183206107,35.282442748091604,-14.867992309570312,-0.7972691528320313,1.7693150268554687,7.3893129770992365,-11.633587786259541,24.65648854961832,0.0
27.59000062942505,-1.4437036010742186,-10.740388647460938,4.510675927734375,15.557251908396946,46.18320610687023,-8.213740458015268,-11.956643090820311,2.7629087158203123,-0.2442085693359375,10.67175572519084,-15.86259541984733,14.13740458015267,0.0
27.600000619888306,-3.450044592285156,-5.844246252441406,2.023100402832031,53.55725190839695,72.25954198473282,-24.015267175572518,-11.578359228515625,2.442085693359375,-0.9050082275390624,-1.7709923664122138,-13.404580152671755,20.091603053435115,0.0
27.610000610351562,-7.635109094238281,-2.9281086303710935,1.8842367065429686,46.38167938931298,81.06870229007633,-43.099236641221374,-11.489773767089844,2.3511060302734372,-0.047884033203124995,-1.7557251908396947,-10.305343511450381,22.015267175572518,0.0
27.62000060081482,-11.405976708984374,-0.047884033203124995,2.262520568847656,47.725190839694655,93.54198473282443,-50.94656488549618,-15.5910412109375,0.5770026000976562,2.6479870361328124,8.320610687022901,-6.595419847328245,28.137404580152673,0.0
27.630000591278076,-11.9518546875,2.281674182128906,2.1619640991210938,45.86259541984733,106.12213740458016,-51.25190839694657,-10.50815108642578,3.0454245117187497,1.4173673828125,-16.045801526717558,-6.732824427480916,16.198473282442748,0.0
27.640000820159912,-13.239935180664062,3.986345764160156,2.090138049316406,31.51145038167939,106.80916030534351,-51.49618320610687,-12.816161486816405,0.02633621826171875,1.3072341064453123,-12.854961832061068,-13.572519083969466,14.091603053435115,0.0
27.65000057220459,-14.417882397460936,4.96078583984375,1.5107412475585937,20.18320610687023,106.70229007633588,-46.091603053435115,-12.540828295898438,-0.10295067138671875,2.389413256835937,-10.488549618320612,-17.786259541984734,9.49618320610687,0.0
27.660000562667847,-13.984531896972655,6.375759020996093,1.4317325927734375,7.709923664122138,105.17557251908397,-38.83969465648855,-13.63737265625,1.9033903198242186,2.0374656127929685,-6.67175572519084,-29.419847328244273,2.946564885496183,0.0
27.670000553131104,-13.742717529296874,6.981492041015625,1.7741034301757812,-5.3893129770992365,103.43511450381679,-27.435114503816795,-11.279084020996093,0.29927520751953124,0.833182177734375,-25.267175572519083,-19.603053435114504,5.603053435114504,0.0
27.68000078201294,-11.271901416015623,4.987122058105468,1.4700398193359374,-18.99236641221374,102.33587786259542,-15.770992366412214,-8.310273962402343,1.5873557006835937,-0.679953271484375,-29.72519083969466,-27.221374045801525,-3.267175572519084,0.0
27.690000534057617,-10.486603271484375,3.4955344238281247,1.5059528442382812,-25.19083969465649,103.80152671755725,-9.694656488549619,-10.474632263183594,-1.3168109130859373,1.0366893188476562,-17.19083969465649,-20.763358778625953,-2.763358778625954,0.0
27.700000524520874,-9.488221179199218,2.0470424194335934,1.697488977050781,-23.603053435114504,107.00763358778626,-6.427480916030534,-9.993397729492187,-1.3000515014648437,0.9504980590820312,-6.549618320610687,-23.6793893129771,-12.488549618320612,0.0
27.71000051498413,-8.264784130859374,0.08858546142578125,1.9632453613281249,-19.083969465648856,107.8473282442748,-5.6183206106870225,-8.664615808105468,0.6871358764648438,-0.16280571289062498,-1.3435114503816794,-30.427480916030536,-20.977099236641223,0.0
27.720000505447388,-7.934384301757812,-0.05027823486328125,3.0645781249999997,-12.335877862595419,110.68702290076335,-8.274809160305344,-2.418143676757812,6.318298181152343,-5.149927770996094,-24.38167938931298,-35.23664122137404,-30.85496183206107,0.0
27.730000495910645,-8.14028564453125,0.28969840087890625,3.73495458984375,-13.511450381679388,108.0,-11.526717557251908,-6.919242797851562,5.530605834960937,-2.683900061035156,-41.00763358778626,-4.595419847328245,-18.259541984732824,0.0
27.7400004863739,-7.7979148071289055,-0.7278373046875,4.675875842285156,-8.198473282442748,107.40458015267176,-14.702290076335878,-3.7205893798828122,7.299920861816406,-5.884947680664062,-49.954198473282446,4.549618320610687,-15.358778625954198,0.0
27.75000023841858,-7.726088757324218,-1.8746598999023436,4.199429711914062,-3.618320610687023,98.58015267175573,-19.251908396946565,-8.17141026611328,3.1364041748046874,-1.4628572143554686,-32.70229007633588,24.9618320610687,-1.5267175572519085,0.0
27.760000705718994,-7.3286512817382805,-1.4053963745117186,4.484339709472656,9.923664122137405,98.73282442748092,-27.206106870229007,5.159504577636718,16.2805712890625,-16.69476817626953,-66.0,1.0687022900763359,-17.099236641221374,0.0
27.77000117301941,-9.165003955078124,2.4564509033203126,5.090072729492187,0.5648854961832062,86.6412213740458,-30.702290076335878,-5.908889697265625,10.098742602539062,-8.552088330078124,-159.6946564885496,90.19847328244275,12.580152671755725,0.0
27.78000044822693,-5.461173986816406,-0.229843359375,4.838681555175781,9.86259541984733,83.34351145038168,-27.633587786259543,6.823474731445312,24.286781640624998,-22.088904516601563,-181.09923664122138,69.55725190839695,13.49618320610687,0.0
27.790000915527344,-9.349357482910156,3.1747114013671873,4.833893151855468,2.2595419847328246,73.3587786259542,-28.30534351145038,-14.796166259765624,4.094084838867187,0.5722141967773438,-255.72519083969465,145.6030534351145,50.42748091603053,0.0
27.80000066757202,-6.83783994140625,-3.957615344238281,3.909731311035156,27.00763358778626,70.1526717557252,-19.603053435114504,-16.754623217773435,-6.0908490234374995,5.209782812499999,-102.91603053435115,124.01526717557252,72.25954198473282,0.0
27.81000065803528,-10.149020837402343,-6.244077929687499,3.2728736694335936,70.47328244274809,66.83969465648855,-29.14503816793893,-10.335768566894531,-10.939107385253905,1.1851298217773436,-6.458015267175573,90.67175572519083,62.091603053435115,0.0
27.820000648498535,-12.516886279296875,-7.587225061035156,1.1444283935546875,123.29770992366412,67.19083969465649,-37.69465648854962,-15.598223815917969,-27.348965563964843,15.215151550292967,93.89312977099236,75.87786259541984,51.12977099236641,0.0
27.830000638961792,-11.463437548828125,-1.618480322265625,2.980781066894531,140.50381679389312,69.06870229007633,-49.969465648854964,0.6105214233398437,-0.12689268798828124,8.757989672851561,204.04580152671755,-3.7557251908396947,4.106870229007634,0.0
27.84000062942505,-12.186486450195313,5.267243652343749,3.6727053466796873,109.63358778625954,57.70992366412214,-48.06106870229008,-14.709975,-15.231910961914062,9.3086560546875,185.74045801526717,-13.618320610687023,2.7480916030534353,0.0
27.850000619888306,-9.56962403564453,3.902548706054687,3.306392492675781,93.34351145038168,50.33587786259542,-46.48854961832061,-11.022904443359375,-4.656722229003906,2.47081611328125,259.17557251908397,-61.19083969465649,-1.6030534351145038,0.0
27.860000610351562,-11.494562170410155,7.086836914062499,3.0071172851562498,76.58015267175573,51.29770992366412,-44.732824427480914,-14.331691137695312,-3.5793314819335937,4.541800549316406,258.3358778625954,-77.46564885496183,4.183206106870229,0.0
27.87000036239624,-9.4618849609375,6.050147595214844,1.70467158203125,51.14503816793893,47.83206106870229,-35.63358778625954,-9.696516723632811,2.262520568847656,-0.13407529296874998,249.48091603053436,-117.74045801526718,-27.938931297709924,0.0
27.880000591278076,-9.797073193359374,6.555324145507812,2.003946789550781,20.68702290076336,46.67175572519084,-31.419847328244273,-13.263877197265625,9.706093530273437,-1.2473790649414063,191.61832061068702,-115.45038167938931,-35.74045801526717,0.0
27.890000581741333,-9.17458076171875,7.448361364746093,2.233790148925781,-17.236641221374047,43.725190839694655,-26.442748091603054,-12.873622326660156,11.499350573730467,-1.924938134765625,118.27480916030534,-103.26717557251908,-38.900763358778626,0.0
27.90000081062317,-6.9910688476562495,5.738901379394531,2.3151930053710936,-42.99236641221374,43.541984732824424,-19.69465648854962,-12.528857287597656,9.143456140136719,-3.27526787109375,50.13740458015267,-79.64885496183206,-38.01526717557252,0.0
27.910000562667847,-7.094019519042968,4.642357019042969,2.499546533203125,-52.045801526717554,51.19083969465649,-17.17557251908397,-7.5465236328125,8.769960681152343,-1.9680337646484374,-7.450381679389313,-54.030534351145036,-38.30534351145038,0.0
27.920000791549683,-10.87206973876953,6.380547424316406,3.7038299682617186,-74.68702290076335,48.961832061068705,-17.51145038167939,-11.765106958007811,0.5123591552734374,2.059013427734375,-25.206106870229007,-41.954198473282446,-30.9618320610687,0.0
27.93000054359436,-9.579200842285156,2.133233679199219,1.9991583862304687,-78.19847328244275,39.770992366412216,-9.053435114503817,-7.8553756469726554,1.6328455322265625,0.4285620971679687,-32.25954198473283,-50.961832061068705,-39.00763358778626,0.0
27.940000534057617,-10.326191760253906,0.5722141967773438,2.4013842651367185,-79.66412213740458,44.091603053435115,-9.083969465648854,-10.160991845703125,-2.6791116577148437,3.318363500976562,-35.16030534351145,-44.0,-36.900763358778626,0.0
27.950000524520874,-9.694122521972655,-0.5913678100585937,2.1906945190429687,-75.48091603053435,37.908396946564885,-11.923664122137405,-12.23915888671875,-5.317521887207031,3.3973721557617185,2.9160305343511452,-70.91603053435115,-46.35114503816794,0.0
27.96000051498413,-11.145008728027342,-0.1388636962890625,2.0183119995117185,-70.42748091603053,35.37404580152672,-13.419847328244275,-13.555969799804688,-5.1523219726562495,4.453215087890625,34.70229007633588,-82.56488549618321,-50.396946564885496,0.0
27.970000505447388,-10.726023437499999,-1.0941501586914062,1.936909143066406,-68.45801526717557,29.984732824427482,-12.732824427480915,-12.045228552246092,-2.461239306640625,0.6392518432617187,76.53435114503817,-117.7557251908397,-56.152671755725194,0.0
27.980000495910645,-10.424354028320312,-1.3455413330078123,1.9871873779296874,-53.69465648854962,31.206106870229007,-12.213740458015268,-14.010868115234373,-0.26815058593749996,1.1109095703125,81.72519083969466,-116.01526717557252,-56.732824427480914,0.0
27.9900004863739,-10.067617980957031,-1.4772224243164063,2.5953145996093747,-46.62595419847328,34.274809160305345,-14.595419847328245,-9.062053283691405,4.771643908691406,-1.3359645263671873,79.20610687022901,-124.68702290076335,-63.70992366412214,0.0
28.000000476837158,-10.455478649902343,-0.11252747802734374,2.8275521606445313,-39.83206106870229,33.038167938931295,-14.610687022900763,-10.39322940673828,3.883395092773437,-0.24660277099609373,61.19083969465649,-111.5114503816794,-52.900763358778626,0.0
28.010000944137573,-9.617508068847656,-0.08140285644531249,3.488351818847656,-34.18320610687023,32.01526717557252,-12.244274809160306,-5.662286926269531,6.785167504882812,-1.946485949707031,34.778625954198475,-97.09923664122137,-54.76335877862596,0.0
28.02000069618225,-9.014169250488282,-0.3136404174804687,3.5817256835937497,-29.16030534351145,29.358778625954198,-9.206106870229007,-7.362170104980469,4.984727856445312,-0.737414111328125,22.671755725190838,-86.12213740458016,-47.20610687022901,0.0
28.030000686645508,-8.520963708496094,0.3280056274414062,4.266467358398438,-22.3206106870229,27.282442748091604,-9.007633587786259,-4.216189123535156,6.68461103515625,-1.8459294799804686,-2.2900763358778624,-68.21374045801527,-42.6412213740458,0.0
28.040000677108765,-9.035717065429687,1.5394716674804687,4.553771557617187,-23.435114503816795,23.938931297709924,-8.870229007633588,-7.893682873535155,3.2537200561523436,-0.01915361328125,-15.954198473282442,-52.091603053435115,-29.64885496183206,0.0
28.0500009059906,-9.220070593261719,1.2018892333984375,4.5585599609375,-21.297709923664122,19.19083969465649,-8.351145038167939,-6.854599353027344,2.1260510742187497,0.12449848632812499,-14.412213740458014,-44.396946564885496,-26.213740458015266,0.0
28.0600004196167,-9.203311181640624,0.967257470703125,3.9695863525390624,-10.595419847328245,16.229007633587788,-6.687022900763359,-7.908048083496094,0.3854664672851562,-0.031124621582031248,-13.755725190839694,-34.732824427480914,-21.46564885496183,0.0
28.070000648498535,-9.255983618164063,1.3215993164062498,3.6104561035156246,-7.511450381679389,14.916030534351146,-6.320610687022901,-4.620809204101562,2.3535002319335936,-1.618480322265625,-12.763358778625955,-33.282442748091604,-23.19083969465649,0.0
28.080000400543213,-9.464279162597656,1.5466542724609373,3.423708374023437,-7.022900763358779,13.694656488549619,-5.312977099236641,-8.695740429687499,0.28969840087890625,0.6727706665039062,-13.19083969465649,-22.916030534351144,-17.19083969465649,0.0
28.09000062942505,-10.058041174316406,1.0199299072265624,3.3710359375,-8.946564885496183,11.465648854961833,-4.0458015267175576,-8.633491186523438,-0.6344634399414062,1.9991583862304687,-3.3740458015267176,-22.610687022900763,-16.763358778625953,0.0
28.100000619888306,-8.980650427246093,-0.9552864624023437,3.6104561035156246,8.854961832061068,15.877862595419847,-2.030534351145038,-9.861716638183593,-1.889025109863281,3.5314474487304683,16.213740458015266,-30.900763358778626,-17.740458015267176,0.0
28.110000610351562,-8.853757739257812,-0.7661445312499999,3.430890979003906,20.427480916030536,22.259541984732824,-5.526717557251908,-9.05965908203125,-1.9584569580078124,3.469198205566406,29.282442748091604,-34.25954198473283,-19.755725190839694,0.0
28.12000060081482,-9.854534033203125,0.699106884765625,4.015076184082031,22.27480916030534,22.48854961832061,-10.458015267175572,-7.163451367187499,0.11252747802734374,2.262520568847656,36.045801526717554,-43.31297709923664,-24.18320610687023,0.0
28.130000591278076,-11.180921752929686,1.4915876342773438,5.616797094726562,19.114503816793892,19.83206106870229,-10.992366412213741,-7.766790185546874,0.7445967163085937,0.5099649536132812,34.10687022900763,-45.14503816793893,-21.908396946564885,0.0
28.140000820159912,-11.362881079101562,3.268085266113281,7.230489013671875,8.305343511450381,10.473282442748092,-9.541984732824428,-7.079654309082031,2.50912333984375,1.4221557861328125,12.916030534351146,-28.366412213740457,-24.53435114503817,0.0
28.15000057220459,-11.592724438476562,3.39018955078125,8.418013037109375,1.0076335877862594,1.6030534351145038,-3.7557251908396947,-5.9400143188476555,3.7205893798828122,0.29448680419921874,-7.419847328244275,-20.885496183206108,-24.442748091603054,0.0
28.160000801086426,-11.587936035156249,2.849099975585937,9.107543115234375,3.267175572519084,-9.16030534351145,0.366412213740458,-8.66940421142578,0.30406361083984373,2.003946789550781,-15.114503816793894,-9.98473282442748,-20.106870229007633,0.0
28.170000553131104,-12.911929553222656,3.028665100097656,10.43871923828125,7.511450381679389,-22.229007633587788,0.9465648854961832,-6.828263134765624,-0.33518823242187495,1.4413093994140624,-8.732824427480915,-10.534351145038167,-21.572519083969464,0.0
28.18000078201294,-11.67652149658203,1.7166425903320313,10.08677159423828,14.259541984732824,-44.778625954198475,3.5419847328244276,-7.436390356445312,-1.0845733520507812,0.4572925170898437,-2.3969465648854964,-9.48091603053435,-19.893129770992367,0.0
28.190000534057617,-12.8329208984375,1.4987702392578124,11.870451831054687,24.610687022900763,-58.717557251908396,2.2900763358778624,-6.387730029296875,-0.19393033447265623,-2.2385785522460937,6.549618320610687,-2.7022900763358777,-18.702290076335878,0.0
28.200000286102295,-11.69567510986328,-0.4213794921875,12.184092248535155,53.969465648854964,-73.32824427480917,2.8396946564885495,-6.505045910644531,1.6352397338867186,-4.9416322265625,20.061068702290076,9.358778625954198,-14.885496183206106,0.0
28.21000051498413,-12.588712329101561,0.5698199951171875,12.61504854736328,74.07633587786259,-85.6030534351145,0.3816793893129771,-6.301538769531249,3.8379052612304685,-6.246472131347656,29.419847328244273,27.954198473282442,-12.0,0.0
28.22000026702881,-13.807360974121092,2.408566870117187,12.55758770751953,66.45801526717557,-115.49618320610686,-2.717557251908397,-7.726088757324218,3.9887399658203124,-4.556165759277343,36.18320610687023,44.25954198473283,-3.2977099236641223,0.0
28.230000495910645,-15.670049865722655,2.1811177124023438,12.69884560546875,45.57251908396947,-142.61068702290078,-2.366412213740458,-7.149086157226562,4.582501977539062,-1.9393033447265624,46.76335877862596,44.36641221374046,2.763358778625954,0.0
28.2400004863739,-16.3571857421875,0.8188169677734375,14.903905334472656,29.84732824427481,-173.22137404580153,1.9083969465648856,-7.8912886718749995,5.0014872680664055,1.0295067138671874,44.99236641221374,45.14503816793893,9.404580152671755,0.0
28.250000476837158,-17.458518505859374,1.6639701538085936,16.704344982910154,31.114503816793892,-201.80152671755727,11.954198473282442,-6.375759020996093,6.438008264160156,0.9313444458007812,25.129770992366414,42.900763358778626,14.305343511450381,0.0
28.260000705718994,-16.80250725097656,1.4915876342773438,16.385916162109375,42.152671755725194,-231.17557251908397,28.3206106870229,-11.006145031738281,3.794809631347656,3.0023288818359375,12.0,43.541984732824424,24.47328244274809,0.0
28.27000093460083,-16.304513305664063,1.0223241088867188,11.726799731445311,64.54961832061069,-246.01526717557252,43.908396946564885,-12.00931552734375,4.733336682128906,3.9887399658203124,17.69465648854962,24.015267175572518,24.671755725190838,0.0
28.28000044822693,-13.737929125976562,-0.7350199096679687,3.7325603881835936,69.00763358778626,-248.82442748091603,58.79389312977099,-12.349292163085936,6.6343328002929685,2.806004345703125,4.625954198473282,15.541984732824428,22.458015267175572,0.0
28.290000915527344,-12.962207788085937,-1.6711527587890624,-0.10295067138671875,57.74045801526717,-240.04580152671755,64.68702290076335,-13.711592907714843,4.039018200683594,3.0119056884765625,-17.740458015267176,11.053435114503817,24.946564885496183,0.0
28.30000066757202,-9.363722692871093,-3.794809631347656,-7.742848168945312,52.916030534351144,-227.29770992366412,76.18320610687023,-12.801796276855468,1.8507178833007811,1.254561669921875,-44.396946564885496,14.106870229007633,24.442748091603054,0.0
28.31000065803528,-8.55448253173828,-4.855440966796874,-9.126696728515624,40.458015267175576,-203.75572519083968,70.04580152671755,-11.276689819335937,-0.5698199951171875,-1.7190367919921874,-62.01526717557252,17.022900763358777,25.938931297709924,0.0
28.320000410079956,-8.224082702636718,-5.499481213378906,-8.427589843749999,1.3129770992366412,-191.54198473282443,49.465648854961835,-9.014169250488282,-0.44053310546874996,-2.655169641113281,-76.93129770992367,30.213740458015266,27.740458015267176,0.0
28.330000400543213,-9.488221179199218,-6.004657763671875,-1.5969325073242187,-25.0381679389313,-176.67175572519085,24.412213740458014,-9.105148913574219,-0.8954314208984374,-3.4739866088867184,-86.25954198473282,37.69465648854962,32.50381679389313,0.0
28.34000062942505,-12.241553088378906,-6.361393811035156,5.03740029296875,12.458015267175572,-157.3587786259542,14.534351145038167,-12.526463085937499,-4.790797521972656,-1.668758557128906,-70.99236641221374,43.541984732824424,36.01526717557252,0.0
28.350000619888306,-14.075511560058592,-3.265691064453125,6.715735656738281,60.045801526717554,-137.61832061068702,15.83206106870229,-9.701305126953125,-3.6463691284179687,-2.6384102294921874,-51.70992366412214,34.01526717557252,28.580152671755727,0.0
28.360000610351562,-17.750611108398438,3.3446997192382812,5.741295581054687,73.70992366412214,-131.31297709923663,16.68702290076336,-11.3772462890625,-4.062960217285156,0.2442085693359375,-36.67175572519084,45.37404580152672,28.885496183206108,0.0
28.37000060081482,-14.891934326171874,5.372588525390625,0.39983167724609375,58.10687022900763,-139.57251908396947,32.229007633587784,-10.594342346191405,-3.9312791259765625,1.5825672973632812,-23.893129770992367,42.732824427480914,25.053435114503817,0.0
28.380000591278076,-17.041927416992188,6.9168485961914055,1.936909143066406,15.145038167938932,-134.01526717557252,34.44274809160305,-11.999738720703125,-5.394136340332031,2.849099975585937,5.786259541984733,40.56488549618321,17.633587786259543,0.0
28.390000581741333,-13.692439294433592,3.1507693847656246,0.2561795776367187,-24.610687022900763,-145.206106870229,39.52671755725191,-8.927977990722656,-1.7238251953125,1.1468225952148436,21.770992366412212,30.549618320610687,14.198473282442748,0.0
28.40000081062317,-12.344503759765624,1.1755530151367186,0.00239420166015625,-52.06106870229008,-144.44274809160305,43.06870229007634,-10.146626635742187,-2.0877438476562498,2.43250888671875,22.244274809160306,40.74809160305343,10.16793893129771,0.0
28.410000562667847,-6.974309436035155,-1.7094599853515624,-3.5506010620117183,-68.79389312977099,-141.14503816793894,44.396946564885496,-9.598354455566406,-0.59376201171875,1.4030021728515625,17.419847328244273,32.12213740458015,6.595419847328245,0.0
28.420000553131104,-4.553771557617187,-2.760514514160156,-4.42448466796875,-78.38167938931298,-130.03053435114504,34.50381679389313,-9.727641345214844,0.5578489868164063,0.9050082275390624,9.954198473282442,31.69465648854962,5.129770992366412,0.0
28.43000054359436,0.0047884033203125,-6.356605407714843,-6.093243225097656,-60.29007633587786,-112.53435114503817,27.64885496183206,-9.792284790039062,0.8188169677734375,1.3551181396484375,2.183206106870229,33.02290076335878,6.809160305343512,0.0
28.440000772476196,0.4644751220703125,-4.551377355957031,-5.013458276367187,-44.0763358778626,-92.93129770992367,14.274809160305344,-11.623849060058593,-0.45968671875,2.2577321655273437,7.908396946564886,30.946564885496183,9.48091603053435,0.0
28.450000524520874,2.5522189697265625,-4.829104748535156,-5.250484240722656,-5.236641221374046,-61.31297709923664,13.725190839694656,-9.009380847167968,1.4173673828125,0.33039982910156246,2.2595419847328246,22.137404580152673,7.435114503816794,0.0
28.46000051498413,4.3622354248046875,-2.722207287597656,-5.011064074707031,18.244274809160306,-35.25190839694657,13.648854961832061,-6.904877587890625,1.5035586425781249,-0.8379705810546875,0.7175572519083969,19.450381679389313,7.816793893129771,0.0
28.470000505447388,-0.8714894042968749,2.4875755249023435,-0.9361328491210937,9.282442748091603,-7.465648854961832,4.6106870229007635,-9.97903251953125,-2.868253588867187,1.5682020874023437,7.877862595419847,30.30534351145038,18.076335877862597,0.0
28.480000495910645,14.425065002441405,-11.25514200439453,-4.876988781738281,40.16793893129771,-1.0534351145038168,18.427480916030536,-6.739677673339843,-0.6727706665039062,-0.3399766357421875,18.38167938931298,17.87786259541985,14.0,0.0
28.490000247955322,2.1356278808593747,0.11252747802734374,1.944091748046875,73.70992366412214,68.94656488549619,7.1603053435114505,-6.823474731445312,-1.3383587280273437,-0.47884033203125,29.068702290076335,21.419847328244273,11.450381679389313,0.0
28.500000476837158,5.0182466796875,-1.649604943847656,0.4070142822265625,65.19083969465649,60.12213740458015,4.809160305343512,-6.459556079101562,-0.1005564697265625,-0.15562310791015624,29.862595419847327,27.709923664122137,12.67175572519084,0.0
28.510000944137573,1.8914193115234375,0.3447650390625,7.615955480957031,90.7175572519084,100.79389312977099,3.053435114503817,-6.629544396972656,0.3064578125,0.373495458984375,15.755725190839694,40.33587786259542,9.786259541984732,0.0
28.52000069618225,15.346832641601562,-13.792995764160155,0.7637503295898437,138.99236641221373,85.74045801526718,14.717557251908397,-1.9776105712890624,5.032611889648437,-2.1068974609374997,-8.16793893129771,47.267175572519086,0.8091603053435115,0.0
28.530000925064087,5.813121630859374,-10.625466967773438,7.175422375488281,285.32824427480915,180.50381679389312,12.717557251908397,-8.269572534179687,0.07900865478515624,-0.7517793212890624,-39.45038167938932,78.19847328244275,9.450381679389313,0.0
28.540000438690186,0.6679822631835937,-6.421248852539062,4.920084411621094,310.2442748091603,172.8091603053435,-13.053435114503817,-8.001421948242188,1.886630908203125,0.8068459594726562,-50.88549618320611,91.81679389312977,6.961832061068702,0.0
28.5500009059906,-7.936778503417968,10.046070166015625,5.147533569335937,321.57251908396944,194.03053435114504,-22.900763358778626,-10.036493359375,1.4245499877929686,-0.05985504150390625,-94.82442748091603,96.47328244274809,11.587786259541986,0.0
28.5600004196167,-19.876662182617185,24.267628027343747,5.9950809570312495,189.32824427480915,156.93129770992365,-37.099236641221374,-11.978190905761718,3.23696064453125,-0.19153613281249998,-103.77099236641222,96.97709923664122,9.648854961832061,0.0
28.570000410079956,-13.692439294433592,26.484658764648437,5.216965417480468,31.450381679389313,102.67175572519083,-25.557251908396946,-13.168109130859374,2.375048046875,0.3711012573242187,-130.3206106870229,81.95419847328245,25.603053435114504,0.0
28.580000638961792,-15.327679028320311,29.62106293945312,8.092401611328125,-119.92366412213741,56.045801526717554,-29.053435114503817,-17.178396911621093,-3.2154128295898436,1.0582371337890624,-116.30534351145039,64.33587786259542,40.47328244274809,0.0
28.59000062942505,-7.275978845214843,5.537788439941406,7.3669585083007805,-185.4198473282443,-5.0534351145038165,-12.80916030534351,-19.24219874267578,-5.616797094726562,6.150704064941406,-70.74809160305344,42.42748091603053,34.732824427480914,0.0
28.600000619888306,-10.058041174316406,6.320692382812499,11.030087048339842,-134.3206106870229,3.2213740458015265,-1.816793893129771,-16.19677423095703,-3.9169139160156248,2.887407202148437,-55.7557251908397,23.00763358778626,23.14503816793893,0.0
28.610000610351562,-11.245565197753905,2.2601263671875,11.789048974609374,-130.19847328244273,-18.595419847328245,11.312977099236642,-14.449007019042968,-1.936909143066406,1.608903515625,-40.79389312977099,12.946564885496183,15.786259541984732,0.0
28.62000060081482,-19.579781176757812,9.679757312011718,16.136919189453124,-91.93893129770993,-12.916030534351146,27.480916030534353,-14.03241593017578,-1.024718310546875,0.9600748657226562,-30.53435114503817,7.893129770992366,11.374045801526718,0.0
28.630000591278076,-18.29648908691406,5.061342309570312,12.212822668457031,-117.70992366412214,-46.42748091603053,48.38167938931298,-14.674061975097656,0.15083470458984374,0.9193734375,-21.862595419847327,-5.3893129770992365,11.48091603053435,0.0
28.640000820159912,-10.371681591796875,-3.816357446289062,5.2816088623046875,-88.9618320610687,-31.236641221374047,60.93129770992366,-16.103400366210938,-0.47165772705078124,1.7932570434570312,-5.038167938931298,-9.526717557251908,17.16030534351145,0.0
28.65000033378601,-16.27338868408203,3.3877953491210935,4.367023828124999,-89.83206106870229,-1.1450381679389312,39.038167938931295,-13.888763830566406,-0.565031591796875,1.2785036865234374,9.511450381679388,-18.03053435114504,16.625954198473284,0.0
28.660000801086426,-18.492813623046874,8.468291271972657,4.649539624023437,-178.3969465648855,-16.732824427480917,13.709923664122137,-14.324508532714843,1.2832920898437499,1.2976572998046874,16.732824427480917,-26.106870229007633,18.213740458015266,0.0
28.670000553131104,-9.95987890625,-1.7741034301757812,0.6751648681640625,-191.26717557251908,-27.0381679389313,23.633587786259543,-13.915100048828124,1.3096283081054687,1.93451494140625,9.083969465648854,-26.580152671755727,21.19083969465649,0.0
28.68000078201294,-13.77144794921875,0.5003881469726562,6.105214233398437,-161.57251908396947,13.114503816793894,18.106870229007633,-15.193603735351562,4.817133740234374,5.097255334472656,-3.0839694656488548,-22.290076335877863,22.53435114503817,0.0
28.690000534057617,-10.029310754394531,-4.584896179199219,4.376600634765625,-170.0916030534351,-15.84732824427481,18.610687022900763,-14.180856433105468,4.378994836425781,0.4213794921875,-14.65648854961832,-16.427480916030536,22.30534351145038,0.0
28.700000286102295,-5.805939025878906,-10.86009873046875,3.6679169433593746,-110.3206106870229,7.969465648854962,22.106870229007633,-15.512032556152343,1.5514426757812498,1.5298948608398437,-13.557251908396946,-16.03053435114504,27.480916030534353,0.0
28.71000051498413,-6.9910688476562495,-9.873687646484374,6.1626750732421876,-45.267175572519086,43.9236641221374,-1.3435114503816794,-15.559916589355467,-0.33518823242187495,1.5298948608398437,2.595419847328244,-20.48854961832061,22.12213740458015,0.0
28.720000505447388,-5.896918688964844,-10.888829150390624,-0.10773907470703124,-6.641221374045801,52.83969465648855,-22.091603053435115,-12.734758630371093,2.1643583007812497,0.5482721801757812,4.763358778625954,-32.99236641221374,16.580152671755727,0.0
28.730000495910645,-8.317456567382813,-6.349422802734375,1.1348515869140625,32.99236641221374,83.6793893129771,-40.06106870229008,-12.160150231933594,1.350329736328125,0.3495534423828125,-4.259541984732825,-27.66412213740458,16.549618320610687,0.0
28.7400004863739,-9.469067565917967,-2.099714855957031,1.0079588989257813,50.83969465648855,97.54198473282443,-50.030534351145036,-11.468225952148437,1.7573440185546874,0.3016694091796875,-14.473282442748092,-24.27480916030534,14.900763358778626,0.0
28.750000476837158,-9.643844287109374,1.0630255371093749,0.8020575561523438,64.19847328244275,114.74809160305344,-50.091603053435115,-12.69884560546875,-0.09816226806640624,1.7645266235351562,-7.175572519083969,-23.419847328244273,14.717557251908397,0.0
28.760000705718994,-11.415553515625,4.074931225585937,0.7062894897460937,66.82442748091603,124.38167938931298,-49.14503816793893,-12.464213842773436,-1.0438719238281249,2.2601263671875,5.4961832061068705,-29.572519083969464,6.824427480916031,0.0
28.77000093460083,-12.722787622070312,6.299144567871093,0.27293898925781246,53.74045801526717,127.64885496183206,-45.23664122137404,-11.535263598632811,-0.181959326171875,1.7836802368164062,13.603053435114504,-39.404580152671755,-0.2900763358778626,0.0
28.78000044822693,-11.896788049316406,7.807491613769531,1.218648645019531,31.435114503816795,124.9618320610687,-36.93129770992366,-8.652644799804687,2.5067291381835934,-1.0438719238281249,0.5954198473282443,-47.25190839694657,-6.732824427480916,0.0
28.790000915527344,-11.872846032714843,8.09479581298828,1.6735469604492186,9.48091603053435,120.19847328244275,-26.748091603053435,-10.704475622558594,-1.0319009155273438,0.40940848388671874,0.2595419847328244,-33.14503816793893,-2.7938931297709924,0.0
28.80000066757202,-10.486603271484375,5.176263989257812,2.0063409912109376,-7.740458015267175,115.81679389312977,-17.221374045801525,-7.338228088378906,0.7398083129882812,-2.4779987182617185,-2.6564885496183206,-42.85496183206107,-14.442748091603054,0.0
28.81000065803528,-9.567229833984374,2.4516625,1.9943699829101562,-13.32824427480916,113.17557251908397,-10.625954198473282,-10.606313354492187,-1.7334020019531249,-0.51714755859375,12.83969465648855,-38.091603053435115,-17.72519083969466,0.0
28.820000648498535,-8.844180932617187,1.47482822265625,2.5617957763671875,-11.068702290076336,112.9618320610687,-10.900763358778626,-5.693411547851563,1.9752163696289062,-2.6575638427734374,3.83206106870229,-40.67175572519084,-29.34351145038168,0.0
28.830000400543213,-8.652644799804687,0.086191259765625,2.7844565307617186,-9.938931297709924,108.50381679389314,-11.282442748091603,-8.695740429687499,0.7302315063476562,-0.4429273071289062,11.374045801526718,-33.12977099236641,-27.114503816793892,0.0
28.84000062942505,-8.540117321777343,-0.7852981445312499,4.153939880371094,-2.9160305343511452,108.19847328244275,-15.297709923664122,0.30885201416015623,10.455478649902343,-8.0828248046875,-17.984732824427482,-43.099236641221374,-39.81679389312977,0.0
28.850000619888306,-8.911218579101561,-0.40222587890625,4.910507604980468,-7.694656488549619,97.55725190839695,-17.49618320610687,-6.8976949829101555,6.672640026855468,-4.07971962890625,-41.38931297709924,-1.618320610687023,-18.9618320610687,0.0
28.860000610351562,-6.773196496582031,-3.6583401367187496,4.829104748535156,1.6641221374045803,92.77862595419847,-19.64885496183206,-7.015010864257812,4.328716601562499,-2.114080065917969,-27.450381679389313,16.045801526717558,-9.86259541984733,0.0
28.87000060081482,-7.644685900878906,-3.708618371582031,5.248090039062499,18.870229007633586,91.41984732824427,-30.458015267175572,-2.4899697265625,11.540052001953125,-11.152191333007812,-24.977099236641223,-3.5114503816793894,-16.015267175572518,0.0
28.880000591278076,-7.716511950683593,-0.411802685546875,4.520252734375,26.412213740458014,83.69465648854961,-38.19847328244275,3.8570588745117185,21.715409057617187,-18.346767321777342,-99.63358778625954,31.755725190839694,-10.977099236641221,0.0
28.890000343322754,-8.777143286132812,2.549824768066406,5.0014872680664055,15.84732824427481,75.3587786259542,-40.213740458015266,-6.8593877563476555,9.083601098632812,-5.442020373535156,-165.9236641221374,93.95419847328245,14.748091603053435,0.0
28.90000081062317,-8.942343200683593,1.867477294921875,4.551377355957031,21.083969465648856,69.16030534351145,-39.48091603053435,3.5410242553710933,16.795324645996093,-16.371550952148436,-150.10687022900763,64.21374045801527,21.282442748091604,0.0
28.910000324249268,-7.343016491699219,-0.016759411621093748,3.327940307617187,35.7557251908397,64.29007633587786,-31.267175572519083,-15.25824718017578,2.923320227050781,-0.06943184814453125,-206.51908396946564,127.64885496183206,50.36641221374046,0.0
28.920000791549683,-11.262324609375,-0.3064578125,4.299986181640625,48.88549618320611,65.89312977099236,-37.11450381679389,-17.463306909179686,-32.884359802246095,12.23915888671875,-41.16030534351145,94.44274809160305,70.33587786259542,0.0
28.93000030517578,-12.445060229492187,-5.523423229980469,2.528276953125,79.40458015267176,48.58015267175573,-37.587786259541986,-13.460201733398437,-18.94292353515625,3.6918589599609373,110.44274809160305,30.793893129770993,46.458015267175576,0.0
28.940000772476196,-12.217611071777343,-1.0558429321289062,2.501940734863281,114.56488549618321,55.74045801526717,-42.916030534351144,-11.762712756347655,-16.44577120361328,11.465831750488281,123.5114503816794,16.870229007633586,18.076335877862597,0.0
28.950000286102295,-8.88009395751953,1.1659762084960936,1.879448303222656,115.0381679389313,53.52671755725191,-43.00763358778626,-4.395754248046875,-2.6288334228515624,-0.3806780639648437,184.0763358778626,-45.38931297709924,-4.351145038167939,0.0
28.96000051498413,-13.046004846191405,7.242460021972656,4.347870214843749,88.18320610687023,52.99236641221374,-47.282442748091604,-16.546327673339842,-9.411606726074218,8.667010009765624,213.5114503816794,-44.412213740458014,5.877862595419847,0.0
28.970000505447388,-11.042058056640624,6.339845996093749,3.2417490478515623,64.21374045801527,40.717557251908396,-42.87022900763359,-9.993397729492187,-1.5227122558593749,0.040701428222656245,256.1679389312977,-104.6412213740458,-17.14503816793893,0.0
28.980000495910645,-11.123460913085937,8.508992700195313,3.3327287109375,29.87786259541985,34.79389312977099,-35.55725190839695,-12.689268798828124,4.086902233886718,1.2761094848632812,231.09923664122138,-108.90076335877863,-28.076335877862597,0.0
28.990000247955322,-9.545682019042967,7.108384729003906,3.383006945800781,-3.1908396946564888,28.793893129770993,-26.83969465648855,-13.134590307617186,10.022128149414062,-2.3726538452148436,185.49618320610688,-114.65648854961832,-37.908396946564885,0.0
29.000000476837158,-9.279925634765624,6.598419775390624,3.153163586425781,-29.72519083969466,26.580152671755727,-21.022900763358777,-13.038822241210937,8.410830432128906,0.23702596435546874,126.13740458015268,-97.81679389312977,-35.83206106870229,0.0
29.010000944137573,-8.425195642089843,4.2305543334960936,2.4756045166015626,-48.94656488549618,23.0381679389313,-13.954198473282442,-9.251195214843749,9.10993731689453,-0.9935936889648437,86.7175572519084,-99.00763358778626,-38.47328244274809,0.0
29.02000069618225,-7.429207751464843,2.7269956909179687,1.5849614990234373,-50.83969465648855,28.15267175572519,-9.419847328244275,-10.16338604736328,5.523423229980469,1.35990654296875,47.14503816793893,-78.42748091603053,-29.770992366412212,0.0
29.030000925064087,-7.843404638671874,0.9552864624023437,1.695094775390625,-52.76335877862596,33.603053435114504,-10.229007633587786,-8.456320263671875,4.0988732421875,-0.00239420166015625,21.31297709923664,-71.29770992366412,-30.35114503816794,0.0
29.040000438690186,-8.422801440429687,1.0223241088867188,1.9776105712890624,-47.70992366412214,39.19083969465649,-13.541984732824428,-6.756437084960937,3.0837317382812497,0.565031591796875,-4.748091603053435,-60.36641221374046,-30.99236641221374,0.0
29.05000066757202,-10.35492218017578,1.5849614990234373,2.0733786376953125,-56.717557251908396,34.51908396946565,-15.267175572519085,-9.447519750976562,-0.21787235107421873,0.8834604125976562,-6.488549618320611,-63.32824427480916,-31.52671755725191,0.0
29.06000065803528,-10.43153663330078,0.6464344482421874,1.7429788085937499,-53.603053435114504,31.84732824427481,-13.099236641221374,-9.13627353515625,0.20350714111328125,0.6416460449218749,-7.7251908396946565,-59.93893129770992,-34.0763358778626,0.0
29.070000410079956,-9.935936889648437,-0.0047884033203125,1.350329736328125,-52.44274809160305,31.66412213740458,-12.320610687022901,-10.302249743652343,-1.5538368774414062,1.3120225097656248,1.8778625954198473,-61.00763358778626,-33.52671755725191,0.0
29.08000087738037,-10.345345373535155,-0.3711012573242187,1.4963760375976562,-47.38931297709924,31.34351145038168,-14.0,-7.989450939941406,1.5610194824218748,-0.5506663818359374,14.977099236641221,-69.14503816793894,-37.00763358778626,0.0
29.09000062942505,-10.64222637939453,-0.5506663818359374,1.484405029296875,-42.2442748091603,32.045801526717554,-13.694656488549619,-10.922347973632812,-1.1180921752929687,1.5011644409179687,12.83969465648855,-55.11450381679389,-30.549618320610687,0.0
29.100000619888306,-9.928754284667969,-0.9576806640625,2.212242333984375,-36.045801526717554,32.030534351145036,-14.732824427480915,-8.374917407226562,1.8650830932617186,0.14125789794921875,22.99236641221374,-63.404580152671755,-33.31297709923664,0.0
29.110000371932983,-10.070012182617187,-0.4860229370117187,2.4349030883789062,-27.66412213740458,32.99236641221374,-15.618320610687023,-8.853757739257812,1.350329736328125,0.8834604125976562,19.374045801526716,-52.70229007633588,-30.870229007633586,0.0
29.12000060081482,-9.866505041503906,0.35673604736328124,3.404554760742187,-26.68702290076336,31.770992366412212,-18.213740458015266,-7.307103466796875,3.208230224609375,0.7278373046875,11.32824427480916,-44.76335877862596,-29.755725190839694,0.0
29.130000829696655,-9.157821350097656,1.5921441040039062,4.168305090332031,-26.045801526717558,27.740458015267176,-19.00763358778626,-7.326257080078125,2.384624853515625,1.4604630126953124,3.404580152671756,-34.274809160305345,-22.977099236641223,0.0
29.140000820159912,-9.287108239746093,1.8435352783203125,4.496310717773437,-28.870229007633586,23.17557251908397,-18.595419847328245,-7.943961108398437,0.9313444458007812,1.6112977172851561,8.977099236641221,-33.43511450381679,-17.114503816793892,0.0
29.15000057220459,-9.165003955078124,2.1643583007812497,4.860229370117187,-23.358778625954198,20.35114503816794,-14.65648854961832,-6.572083557128906,1.1659762084960936,1.5801730957031248,8.15267175572519,-26.076335877862597,-16.99236641221374,0.0
29.160001039505005,-9.006986645507812,2.43250888671875,5.346252307128906,-19.87786259541985,19.34351145038168,-11.404580152671755,-6.995857250976562,0.040701428222656245,0.9528922607421875,0.916030534351145,-16.229007633587788,-14.885496183206106,0.0
29.170000553131104,-8.870517150878905,2.1787235107421874,5.702988354492187,-16.931297709923665,15.450381679389313,-9.16030534351145,-6.5768719604492185,-0.8116343627929687,2.9664158569335934,3.1603053435114505,-12.595419847328245,-16.65648854961832,0.0
29.18000078201294,-9.387664709472656,2.104503259277344,5.882553479003906,-18.549618320610687,10.274809160305344,-8.732824427480915,-7.0652890991210935,-0.047884033203124995,0.9552864624023437,8.427480916030534,-16.50381679389313,-16.916030534351144,0.0
29.190000534057617,-10.158597644042969,1.8243816650390623,5.8226984375,-11.725190839694656,4.2748091603053435,-5.022900763358779,-8.674192614746094,-1.5849614990234373,2.636016027832031,3.969465648854962,0.4580152671755725,-16.03053435114504,0.0
29.200000524520874,-8.846575134277343,-0.6607996582031249,5.755660791015624,-0.4732824427480916,0.8702290076335878,0.5648854961832062,-7.357381701660156,-0.7589619262695312,2.8562825805664063,15.297709923664122,-9.587786259541986,-17.297709923664122,0.0
29.21000051498413,-8.372523205566406,-0.4525041137695312,6.224924316406249,22.137404580152673,8.51908396946565,1.618320610687023,-6.902483386230468,-0.36631285400390623,2.492363928222656,19.49618320610687,-11.511450381679388,-16.076335877862597,0.0
29.220000505447388,-10.599130749511717,1.2593500732421874,6.938396411132812,23.740458015267176,7.679389312977099,-2.7938931297709924,-7.165845568847656,0.143652099609375,1.8842367065429686,24.80916030534351,-13.022900763358779,-14.763358778625955,0.0
29.230000257492065,-10.249577307128906,1.35990654296875,7.283161450195312,24.885496183206108,-2.6564885496183206,0.33587786259541985,-6.732495068359374,1.429338391113281,1.0582371337890624,25.297709923664122,-10.51908396946565,-13.49618320610687,0.0
29.2400004863739,-9.832986218261718,0.7637503295898437,6.9910688476562495,28.85496183206107,-6.656488549618321,4.6106870229007635,-7.936778503417968,-0.01915361328125,1.946485949707031,29.908396946564885,-6.198473282442748,-10.732824427480915,0.0
29.250000476837158,-11.006145031738281,2.6719290527343746,8.573636145019531,24.671755725190838,-9.877862595419847,-0.015267175572519083,-7.235277416992187,-0.023942016601562498,0.7876923461914062,38.82442748091603,-6.442748091603053,-12.549618320610687,0.0
29.260000705718994,-10.500968481445312,1.8339584716796873,9.114725720214842,19.908396946564885,-28.045801526717558,-0.366412213740458,-8.647856396484375,-0.06943184814453125,0.7565677246093749,46.0,-5.312977099236641,-11.923664122137405,0.0
29.270000457763672,-11.171344946289063,2.3295582153320313,10.845733520507812,19.297709923664122,-34.6412213740458,-1.6793893129770991,-8.429984045410155,1.4173673828125,-0.9026140258789062,51.6793893129771,-5.847328244274809,-14.458015267175572,0.0
29.280000686645508,-13.781024755859374,4.153939880371094,12.512097875976561,9.526717557251908,-54.25954198473283,-6.229007633587786,-7.4962453979492185,3.749319799804687,-3.0358477050781247,45.770992366412216,0.48854961832061067,-16.610687022900763,0.0
29.290001153945923,-13.663708874511718,2.710236279296875,13.646949462890625,14.213740458015268,-82.44274809160305,-0.549618320610687,-9.33978067626953,5.413289953613281,-2.693476867675781,30.732824427480917,14.65648854961832,-15.435114503816793,0.0
29.300000429153442,-10.979808813476561,-0.239420166015625,12.011709729003906,48.13740458015267,-97.49618320610686,5.603053435114504,-9.945513696289062,4.69263525390625,-1.455674609375,16.671755725190838,22.625954198473284,-17.34351145038168,0.0
29.31000065803528,-13.378798876953125,1.9632453613281249,12.095506787109374,65.90839694656489,-107.26717557251908,0.32061068702290074,-10.714052429199219,4.958391638183594,1.0414777221679687,11.419847328244275,21.954198473282442,-21.083969465648856,0.0
29.320000648498535,-14.724340209960937,2.9544448486328125,10.429142431640624,46.99236641221374,-138.82442748091603,-0.5343511450381679,-9.967061511230469,5.353434912109375,3.414131567382812,-13.49618320610687,18.38167938931298,-19.633587786259543,0.0
29.330000638961792,-16.49126103515625,2.5163059448242184,13.314155432128905,27.893129770992367,-158.51908396946564,5.984732824427481,-7.419630944824219,7.302315063476562,1.68551796875,-46.961832061068705,12.106870229007633,-15.740458015267176,0.0
29.340001583099365,-18.186355810546875,3.6583401367187496,15.44978331298828,17.81679389312977,-186.53435114503816,19.770992366412212,-9.076418493652342,5.284003063964843,0.8379705810546875,-59.61832061068702,14.885496183206106,-2.885496183206107,0.0
29.350000858306885,-18.753781604003905,3.651157531738281,17.47527791748047,40.76335877862596,-213.23664122137404,44.88549618320611,-8.384494213867187,5.181052392578125,-0.09576806640624999,-56.458015267175576,-3.3587786259541983,5.633587786259542,0.0
29.360000371932983,-16.24705246582031,2.559401574707031,9.459490759277344,44.656488549618324,-229.00763358778627,64.13740458015268,-9.919177478027343,3.651157531738281,-0.36631285400390623,-49.343511450381676,-9.083969465648854,9.251908396946565,0.0
29.37000060081482,-15.212757348632811,0.8978256225585937,3.3327287109375,17.603053435114504,-231.3587786259542,70.03053435114504,-10.338162768554687,1.5921441040039062,-0.45010991210937495,-58.25954198473283,1.0534351145038168,10.259541984732824,0.0
29.380000591278076,-12.85207451171875,-1.216254443359375,-2.96881005859375,-6.824427480916031,-236.0763358778626,73.06870229007633,-10.63025537109375,-0.8595183959960937,-0.5219359619140624,-59.57251908396947,-0.04580152671755725,12.106870229007633,0.0
29.390000581741333,-11.03248125,-3.622427111816406,-7.110778930664062,-10.0,-221.84732824427482,77.06870229007633,-9.277531433105468,-0.5985504150390625,-2.722207287597656,-61.43511450381679,2.4732824427480917,9.083969465648854,0.0
29.40000033378601,-8.66940421142578,-7.3286512817382805,-7.410054138183593,-9.129770992366412,-210.793893129771,71.14503816793894,-10.965443603515624,-3.1675287963867187,-1.5921441040039062,-60.87022900763359,18.671755725190838,15.297709923664122,0.0
29.410000562667847,-7.44357296142578,-7.716511950683593,-5.540182641601562,-19.129770992366414,-187.48091603053436,50.42748091603053,-10.182539660644531,0.009576806640625,-2.310404602050781,-49.29770992366412,12.473282442748092,11.83206106870229,0.0
29.420000791549683,-9.2320416015625,-8.40843623046875,-1.407790576171875,-19.52671755725191,-173.05343511450383,22.732824427480917,-12.603077539062499,-2.607285607910156,0.11013327636718749,-40.717557251908396,27.52671755725191,17.251908396946565,0.0
29.43000054359436,-11.40837091064453,-6.584054565429687,2.7054478759765623,11.618320610687023,-155.06870229007635,7.221374045801527,-10.172962854003906,-0.3495534423828125,-2.5905261962890624,-41.19083969465649,24.977099236641223,15.84732824427481,0.0
29.440000772476196,-13.816937780761718,-1.369483349609375,4.4005426513671875,54.93129770992366,-133.61832061068702,9.816793893129772,-11.077971081542968,-1.0414777221679687,-0.86191259765625,-41.7557251908397,38.6412213740458,21.17557251908397,0.0
29.450000524520874,-16.421829187011717,5.0182466796875,3.5721488769531247,59.52671755725191,-127.96946564885496,16.519083969465647,-11.731588134765625,-2.3918074584960936,-0.9026140258789062,-31.358778625954198,36.213740458015266,21.236641221374047,0.0
29.46000051498413,-15.528791967773437,6.282385156249999,1.0175357055664063,57.6793893129771,-115.00763358778626,30.519083969465647,-11.96382569580078,-4.467580297851562,0.5530605834960938,-17.358778625954198,38.396946564885496,18.717557251908396,0.0
29.47000026702881,-15.782577343749999,8.942343200683593,1.6448165405273436,3.984732824427481,-125.22137404580153,33.64885496183206,-9.023746057128905,-2.6408044311523438,0.7350199096679687,-3.954198473282443,35.20610687022901,11.893129770992367,0.0
29.480000495910645,-13.326126440429686,6.222530114746093,1.2114660400390624,-39.404580152671755,-128.9618320610687,46.54961832061068,-9.81862100830078,-2.5474305664062498,0.8786720092773437,-1.9236641221374047,34.534351145038165,11.893129770992367,0.0
29.4900004863739,-9.272743029785156,2.059013427734375,-0.3447650390625,-67.5114503816794,-129.55725190839695,55.86259541984733,-9.622296472167967,-1.0726023437499999,0.9026140258789062,-2.045801526717557,32.85496183206107,9.419847328244275,0.0
29.500000476837158,-6.710947253417968,-0.27293898925781246,-1.429338391113281,-82.83969465648855,-122.54961832061069,57.63358778625954,-9.7683427734375,0.16998831787109375,0.7062894897460937,-6.67175572519084,32.900763358778626,8.030534351145038,0.0
29.510000467300415,-4.089296435546875,-3.3255461059570313,-3.1124621582031247,-88.68702290076335,-112.51908396946565,53.57251908396947,-10.103531005859374,1.0127473022460938,0.82360537109375,-11.801526717557252,33.70992366412214,7.984732824427481,0.0
29.520000457763672,0.4740519287109375,-6.6702458251953125,-4.441244079589843,-70.85496183206106,-95.43511450381679,47.57251908396947,-9.744400756835937,1.908178723144531,0.3591302490234375,-19.450381679389313,33.20610687022901,8.900763358778626,0.0
29.530000686645508,1.9991583862304687,-7.905653881835937,-4.594472985839843,-31.938931297709924,-60.99236641221374,37.282442748091604,-10.77630167236328,0.7038952880859375,1.5155296508789062,-22.458015267175572,35.52671755725191,12.916030534351146,0.0
29.540000677108765,7.491456994628906,-11.688492504882811,-6.076483813476562,17.404580152671755,-33.41984732824427,31.61832061068702,-8.310273962402343,1.407790576171875,0.11252747802734374,-24.16793893129771,28.244274809160306,11.236641221374045,0.0
29.5500009059906,0.5243301635742187,-4.072537023925781,-1.4963760375976562,48.900763358778626,12.732824427480915,15.541984732824428,-10.256759912109374,-0.7206546997070312,1.4867992309570313,-15.893129770992367,29.893129770992367,16.38167938931298,0.0
29.5600004196167,11.384428894042967,-12.045228552246092,-6.114791040039062,79.7557251908397,13.236641221374045,18.229007633587788,-5.03740029296875,3.1196447631835937,-0.0430956298828125,-28.045801526717558,22.595419847328245,11.969465648854962,0.0
29.570000648498535,4.055777612304687,-4.225765930175781,0.7278373046875,137.0229007633588,92.41221374045801,9.877862595419847,-7.893682873535155,-0.3687070556640625,0.7350199096679687,-36.47328244274809,36.62595419847328,20.412213740458014,0.0
29.580000638961792,6.691793640136718,-4.055777612304687,4.043806604003906,135.206106870229,89.1145038167939,-8.488549618320612,-4.177881896972656,2.626439221191406,-1.218648645019531,-41.954198473282446,37.43511450381679,15.755725190839694,0.0
29.59000062942505,-1.5298948608398437,2.109291662597656,5.252878442382812,150.99236641221373,120.54961832061069,-10.748091603053435,-8.195352282714843,-1.4820108276367188,1.3455413330078123,-55.69465648854962,52.88549618320611,28.30534351145038,0.0
29.600000619888306,7.149086157226562,-9.236830004882812,2.0733786376953125,163.29770992366412,112.80916030534351,0.07633587786259542,-5.9208607055664055,0.12689268798828124,-0.229843359375,-66.13740458015268,53.61832061068702,20.38167938931298,0.0
29.610000610351562,-2.935291235351562,-2.0757728393554684,4.448426684570312,230.06106870229007,163.06870229007635,1.282442748091603,-6.7803791015625,-1.3407529296874998,0.25139117431640623,-90.41221374045801,61.969465648854964,21.022900763358777,0.0
29.62000060081482,-7.625532287597656,5.032611889648437,6.351817004394531,200.33587786259542,133.00763358778627,-14.427480916030534,-7.285555651855469,0.6919242797851562,-3.308786694335937,-90.94656488549619,59.80152671755725,13.404580152671755,0.0
29.630000352859497,-11.429918725585937,12.969390393066405,6.038176586914062,168.38167938931298,124.73282442748092,-7.114503816793893,-9.734823950195311,0.46686932373046874,-1.6424223388671875,-112.10687022900764,63.98473282442748,21.389312977099237,0.0
29.640000820159912,-14.053963745117187,25.067291381835936,8.422801440429687,57.86259541984733,81.57251908396947,-4.564885496183206,-10.70686982421875,0.6368576416015624,-1.0103531005859374,-104.42748091603053,63.3587786259542,25.81679389312977,0.0
29.65000033378601,-9.792284790039062,19.594146386718748,7.335833886718749,-66.13740458015268,22.732824427480917,7.419847328244275,-13.941436267089843,-2.932897033691406,0.7445967163085937,-78.06106870229007,51.69465648854962,36.58015267175573,0.0
29.660000801086426,-7.089231115722656,5.741295581054687,6.430825659179687,-65.37404580152672,9.282442748091603,25.801526717557252,-14.221557861328124,-4.8650177734375,3.191470812988281,-38.79389312977099,43.770992366412216,21.84732824427481,0.0
29.670000553131104,-7.2903440551757805,3.584119885253906,7.752424975585937,-54.58015267175573,5.480916030534351,27.740458015267176,-13.934253662109374,-3.375824340820312,2.70065947265625,-8.992366412213741,36.10687022900763,18.03053435114504,0.0
29.68000102043152,-9.181763366699219,4.168305090332031,6.746860278320312,-58.62595419847328,8.335877862595419,24.366412213740457,-15.41147608642578,-4.012681982421875,5.154716174316406,6.931297709923665,36.74809160305343,15.725190839694656,0.0
29.690000295639038,-6.998251452636718,1.9512743530273435,6.1650692749023435,-66.80916030534351,10.274809160305344,22.641221374045802,-12.018892333984374,0.5530605834960938,2.059013427734375,4.259541984732825,24.27480916030534,8.900763358778626,0.0
29.700000524520874,-9.366116894531249,5.779602807617187,7.050923889160156,-76.83969465648855,20.977099236641223,15.48091603053435,-10.862492932128905,1.9632453613281249,1.6448165405273436,-12.045801526717558,20.18320610687023,13.450381679389313,0.0
29.71000051498413,-7.807491613769531,1.8052280517578123,5.628768103027343,-114.7175572519084,9.954198473282442,9.557251908396946,-12.684480395507812,0.8379705810546875,2.1212626708984375,-11.709923664122137,18.15267175572519,22.091603053435115,0.0
29.72000026702881,-13.919888452148436,10.558429321289061,12.571952917480468,-130.0916030534351,11.603053435114504,-1.5419847328244274,-12.375628381347655,0.37828386230468747,0.6631938598632812,-8.67175572519084,6.183206106870229,27.328244274809162,0.0
29.730000495910645,-9.78031378173828,3.7158009765625,10.12507882080078,-182.54961832061068,-28.778625954198475,3.8625954198473282,-11.73398233642578,1.6041151123046875,-0.201112939453125,-15.435114503816793,-0.33587786259541985,27.022900763358777,0.0
29.7400004863739,-19.72582747802734,11.652579479980469,16.17043801269531,-162.67175572519085,-16.015267175572518,11.633587786259541,-11.221623181152344,2.327164013671875,-0.5530605834960938,-27.480916030534353,1.1450381679389312,28.68702290076336,0.0
29.750000476837158,-15.215151550292967,5.518634826660156,16.87433330078125,-196.9770992366412,-77.2824427480916,36.80916030534351,-12.763489050292968,1.7286135986328124,-0.19871873779296872,-30.412213740458014,-0.8091603053435115,29.099236641221374,0.0
29.760000467300415,-21.62921779785156,10.740388647460938,15.658078857421874,-180.44274809160305,-77.43511450381679,57.74045801526717,-14.592659118652342,-0.17956512451171874,0.3016694091796875,-24.53435114503817,-1.083969465648855,31.81679389312977,0.0
29.77000093460083,-15.275006591796874,0.6272808349609375,7.184999182128906,-206.83969465648855,-110.77862595419847,70.3206106870229,-13.919888452148436,1.707065783691406,-0.0430956298828125,-10.473282442748092,-7.206106870229007,26.412213740458014,0.0
29.780000925064087,-10.69968721923828,-3.9360675292968748,3.778050219726562,-165.58778625954199,-88.74809160305344,72.76335877862596,-12.77546005859375,3.4620156005859375,-0.8738836059570312,-8.290076335877863,-13.48091603053435,24.259541984732824,0.0
29.790000915527344,0.8020575561523438,-17.0467158203125,-2.959233251953125,-108.8854961832061,-63.41984732824427,71.2824427480916,-10.658985791015624,5.145139367675781,-0.5698199951171875,-24.778625954198475,-8.13740458015267,25.770992366412212,0.0
29.800000429153442,0.3399766357421875,-17.202338928222655,-0.430956298828125,-61.63358778625954,-14.412213740458014,42.0,-11.812990991210937,2.530671154785156,-0.8954314208984374,-28.061068702290076,-5.083969465648855,30.793893129770993,0.0
29.81000065803528,4.970362646484375,-17.72188068847656,-1.9536685546875,13.465648854961833,38.99236641221374,22.27480916030534,-12.746729638671875,1.6328455322265625,0.7134720947265625,-38.38167938931298,3.480916030534351,34.76335877862596,0.0
29.820000648498535,0.5913678100585937,-5.990292553710937,2.748543505859375,65.74045801526718,89.6793893129771,-18.137404580152673,-10.424354028320312,3.4548329956054684,-2.35589443359375,-56.01526717557252,5.7251908396946565,31.435114503816795,0.0
29.830000400543213,-5.200206005859375,2.023100402832031,4.005499377441406,77.89312977099236,98.65648854961832,-39.17557251908397,-14.006079711914062,-1.879448303222656,1.886630908203125,-54.0,30.15267175572519,43.52671755725191,0.0
29.84000039100647,-8.358157995605469,4.00310517578125,1.6112977172851561,60.030534351145036,104.97709923664122,-46.54961832061068,-13.441048120117186,-1.4317325927734375,-0.2059013427734375,-43.31297709923664,19.068702290076335,35.786259541984734,0.0
29.850000619888306,-12.478579052734375,3.897760302734375,0.24660277099609373,24.290076335877863,108.70229007633588,-48.74809160305343,-12.629413757324219,0.46208092041015625,-0.411802685546875,-54.80916030534351,27.84732824427481,29.236641221374047,0.0
29.860000371932983,-15.614983227539062,3.83072265625,1.3646949462890625,11.083969465648854,111.54198473282443,-43.52671755725191,-13.225569970703123,-0.181959326171875,-2.212242333984375,-56.030534351145036,22.68702290076336,25.557251908396946,0.0
29.87000060081482,-16.622942126464842,4.027047192382812,2.896984008789062,9.404580152671755,109.96946564885496,-32.412213740458014,-13.393164086914062,-0.0718260498046875,0.70868369140625,-60.58015267175573,27.755725190839694,20.610687022900763,0.0
29.880000591278076,-16.83602607421875,3.1100679565429687,3.775656018066406,10.549618320610687,110.65648854961832,-22.045801526717558,-12.627019555664061,-0.411802685546875,-0.08140285644531249,-38.68702290076336,7.4961832061068705,19.328244274809162,0.0
29.890000581741333,-15.308525415039062,3.1747114013671873,3.086125939941406,11.755725190839694,106.29007633587786,-16.946564885496183,-11.374852087402344,0.8212111694335937,1.618480322265625,-40.656488549618324,10.427480916030534,15.572519083969466,0.0
29.90000081062317,-13.448230725097655,2.2840683837890623,2.2361843505859373,11.84732824427481,104.35114503816794,-12.977099236641221,-13.065158459472656,-4.489128112792969,5.738901379394531,3.1603053435114505,-5.801526717557252,14.106870229007633,0.0
29.910000562667847,-11.18571015625,4.019864587402344,2.5450363647460934,-4.67175572519084,90.29007633587786,-13.648854961832061,-10.216058483886718,-2.389413256835937,2.8203695556640622,34.229007633587784,-21.068702290076335,9.770992366412214,0.0
29.92000102996826,-8.049305981445311,1.8052280517578123,3.323151904296875,-4.778625954198473,96.29007633587786,-6.2748091603053435,-2.6910826660156246,5.566518859863281,-7.431601953125,-16.80916030534351,-27.267175572519083,-14.748091603053435,0.0
29.93000054359436,-7.273584643554687,0.928950244140625,3.5290532470703124,-10.458015267175572,95.06870229007633,-7.083969465648855,-8.781931689453124,-1.4149731811523436,-0.21787235107421873,-25.908396946564885,5.236641221374046,-8.992366412213741,0.0
29.940000772476196,-6.1076084350585935,0.24181436767578124,3.2609026611328122,-8.335877862595419,97.02290076335878,-12.763358778625955,-2.7437551025390623,8.84178673095703,-10.038887561035155,-32.0763358778626,-19.16030534351145,-23.206106870229007,0.0
29.950000524520874,-6.265625744628906,-0.39983167724609375,2.5163059448242184,-6.259541984732825,95.98473282442748,-13.34351145038168,-9.028534460449219,2.221819140625,-0.7278373046875,-110.09160305343511,49.37404580152672,-18.38167938931298,0.0
29.96000027656555,-5.942408520507812,-0.7110778930664062,3.0502129150390624,4.854961832061068,102.68702290076335,-18.80916030534351,-1.0654197387695312,8.951920007324219,-8.722076647949219,-75.25190839694656,3.3587786259541983,-23.435114503816795,0.0
29.970000505447388,-7.857769848632812,-0.469263525390625,3.2417490478515623,2.763358778625954,95.45038167938931,-22.045801526717558,-10.66137999267578,0.842758984375,-0.51714755859375,-98.50381679389314,46.534351145038165,-4.748091603053435,0.0
29.980000495910645,-8.305485559082031,-2.473210314941406,4.599261389160156,21.83206106870229,98.13740458015268,-27.16030534351145,-8.391676818847655,-0.05985504150390625,0.833182177734375,-32.3206106870229,38.2442748091603,-2.8091603053435112,0.0
29.9900004863739,-8.020575561523437,-3.5889082885742187,3.782838623046875,46.961832061068705,94.8854961832061,-32.12213740458015,-6.845022546386718,-0.7709329345703124,-0.7757213378906249,-10.030534351145038,36.87022900763359,-4.717557251908397,0.0
30.000000476837158,-9.847351428222655,-3.076549133300781,3.9169139160156248,65.74045801526718,89.78625954198473,-40.18320610687023,-8.80347950439453,-5.913678100585937,2.7533319091796873,59.29770992366412,27.69465648854962,-5.969465648854962,0.0
30.010000944137573,-9.212887988281249,-0.38786066894531246,4.204218115234375,80.76335877862596,90.01526717557252,-46.44274809160305,-3.0933085449218747,6.519411120605469,-2.877830395507812,62.38167938931298,6.824427480916031,-14.83969465648855,0.0
30.020000457763672,-10.977414611816405,5.027823486328125,4.972756848144531,64.8854961832061,82.42748091603053,-47.9236641221374,-7.893682873535155,-1.0606313354492187,0.5602431884765625,66.18320610687023,15.755725190839694,-3.7709923664122136,0.0
30.030000925064087,-9.787496386718749,5.092466931152344,4.357447021484375,48.54961832061068,75.49618320610686,-43.14503816793893,-7.4220251464843745,5.607220288085937,-3.114856359863281,88.87022900763358,-8.320610687022901,-5.694656488549619,0.0
30.040000677108765,-9.169792358398437,3.9145197143554684,3.699041564941406,41.725190839694655,73.63358778625954,-37.725190839694655,-10.98699141845703,0.239420166015625,0.7278373046875,86.90076335877863,2.931297709923664,0.22900763358778625,0.0
30.0500009059906,-8.90643017578125,3.9456443359374997,3.1268273681640624,33.87786259541985,72.10687022900764,-35.25190839694657,-8.329427575683594,2.35589443359375,-0.612915625,100.65648854961832,-19.954198473282442,-6.0458015267175576,0.0
30.0600004196167,-8.348581188964843,2.4349030883789062,2.0757728393554684,30.793893129770993,74.01526717557252,-30.625954198473284,-13.711592907714843,-3.6272155151367187,4.553771557617187,121.1145038167939,-23.786259541984734,-2.0763358778625953,0.0
30.070000410079956,-8.391676818847655,3.277662072753906,2.7269956909179687,25.419847328244273,77.29770992366412,-32.06106870229008,-8.954314208984375,2.568978381347656,-0.3232172241210937,131.7709923664122,-48.229007633587784,-15.404580152671755,0.0
30.080000400543213,-9.37808790283203,4.340687609863281,4.11802685546875,9.435114503816793,78.6412213740458,-32.229007633587784,-8.84178673095703,4.299986181640625,-0.6655880615234374,112.12213740458016,-48.48854961832061,-18.977099236641223,0.0
30.09000062942505,-8.030152368164062,3.5290532470703124,3.7229835815429686,-9.755725190839694,72.30534351145039,-29.87786259541985,-10.235212097167969,4.912901806640625,-2.094926452636719,102.2442748091603,-58.70229007633588,-23.358778625954198,0.0
30.100000619888306,-8.755595471191405,4.697423657226563,4.209006518554688,-32.656488549618324,65.90839694656489,-28.213740458015266,-11.559205615234374,2.7437551025390623,1.4700398193359374,80.79389312977099,-40.152671755725194,-18.793893129770993,0.0
30.110000610351562,-8.588001354980468,3.526659045410156,3.8283284545898435,-42.61068702290076,65.37404580152672,-23.954198473282442,-8.475473876953124,5.9376201171875,-1.024718310546875,78.77862595419847,-59.786259541984734,-26.229007633587788,0.0
30.12000060081482,-8.999804040527343,2.7150246826171873,2.8467057739257813,-50.2442748091603,60.38167938931298,-19.938931297709924,-9.574412438964844,5.456385583496093,-0.6655880615234374,55.49618320610687,-49.57251908396947,-23.66412213740458,0.0
30.130000352859497,-9.78031378173828,2.6958710693359373,3.0980969482421874,-64.42748091603053,55.19083969465649,-17.786259541984734,-7.204152795410156,8.997409838867187,-2.118868469238281,25.297709923664122,-42.38167938931298,-24.564885496183205,0.0
30.140000820159912,-10.608707556152343,0.63206923828125,2.6144682128906247,-66.10687022900764,48.74809160305343,-14.0,-14.374786767578124,-3.143586779785156,6.928819604492187,22.625954198473284,-26.366412213740457,-5.511450381679389,0.0
30.15000057220459,-10.01733974609375,-2.8036101440429686,1.8363526733398436,-48.42748091603053,45.86259541984733,-14.01526717557252,-10.675745202636719,-0.3902548706054687,3.912125512695312,68.16793893129771,-69.81679389312977,-21.083969465648856,0.0
30.160000801086426,-10.570400329589843,-2.3151930053710936,1.0031704956054688,-20.610687022900763,47.74045801526717,-16.137404580152673,-12.792219470214842,-1.9297265380859374,6.442796667480469,64.3206106870229,-57.6793893129771,-20.27480916030534,0.0
30.170000553131104,-9.660603698730467,-1.6927005737304686,1.3431471313476562,-8.580152671755725,49.603053435114504,-20.931297709923665,-8.030152368164062,2.4396914916992185,2.463633508300781,66.25954198473282,-88.4885496183206,-29.862595419847327,0.0
30.18000054359436,-10.71884083251953,0.5410895751953124,1.6472107421875,-4.396946564885496,48.67175572519084,-25.14503816793893,-9.842563024902343,2.4301146850585935,3.0502129150390624,52.274809160305345,-85.96946564885496,-27.61832061068702,0.0
30.190000295639038,-10.165780249023436,0.8547299926757812,1.6208745239257811,-2.2442748091603053,46.152671755725194,-26.0,-10.280701928710936,3.4739866088867184,1.1372457885742187,45.587786259541986,-95.32824427480917,-32.16793893129771,0.0
30.200000524520874,-10.457872851562499,1.6160861206054686,2.233790148925781,-5.00763358778626,44.79389312977099,-27.297709923664122,-15.86398020019531,-1.388636962890625,3.749319799804687,32.412213740458014,-81.06870229007633,-26.9618320610687,0.0
30.21000027656555,-9.821015209960937,1.216254443359375,2.6958710693359373,-6.854961832061068,41.80152671755725,-27.267175572519083,-10.9941740234375,0.7613561279296874,1.898601916503906,38.213740458015266,-99.55725190839695,-39.3587786259542,0.0
30.220000505447388,-10.242394702148436,2.3247698120117186,2.6671406494140624,-7.633587786259542,39.343511450381676,-27.022900763358777,-12.023680737304687,-0.6775590698242188,2.3487118286132813,25.419847328244273,-89.40458015267176,-37.66412213740458,0.0
30.230000257492065,-10.275913525390624,3.986345764160156,3.7134067749023436,-19.083969465648856,36.44274809160305,-26.244274809160306,-7.898471276855468,2.6408044311523438,0.06943184814453125,10.320610687022901,-89.0381679389313,-43.267175572519086,0.0
30.2400004863739,-8.619125976562499,2.959233251953125,3.1579519897460937,-26.519083969465647,28.015267175572518,-20.396946564885496,-7.2903440551757805,2.5570073730468748,-0.82360537109375,-8.717557251908397,-78.77862595419847,-42.18320610687023,0.0
30.250000476837158,-8.705317236328124,2.882618798828125,3.3446997192382812,-34.717557251908396,25.954198473282442,-16.458015267175572,-7.809885815429687,1.637633935546875,-0.5123591552734374,-21.740458015267176,-64.91603053435115,-41.6793893129771,0.0
30.260000705718994,-9.34696328125,3.0406361083984375,3.794809631347656,-35.93893129770992,28.519083969465647,-15.389312977099237,-6.4092778442382805,0.6081272216796875,-0.2753331909179687,-25.893129770992367,-57.05343511450382,-42.19847328244275,0.0
30.270000457763672,-10.019733947753906,3.1100679565429687,3.897760302734375,-43.02290076335878,23.297709923664122,-12.80916030534351,-8.022969763183593,-0.7445967163085937,-0.05027823486328125,-18.671755725190838,-54.10687022900763,-39.80152671755725,0.0
30.280000686645508,-9.627084875488281,2.6575638427734374,3.754108203125,-43.969465648854964,19.404580152671755,-7.679389312977099,-6.222530114746093,0.6344634399414062,-0.01915361328125,-17.389312977099237,-49.465648854961835,-38.900763358778626,0.0
30.290000677108765,-9.121908325195312,2.43250888671875,3.0597897216796874,-50.045801526717554,18.702290076335878,-2.0610687022900764,-4.297591979980469,3.763685009765625,-1.8076222534179687,-18.717557251908396,-51.20610687022901,-38.61068702290076,0.0
30.30000066757202,-9.792284790039062,2.090138049316406,2.2002713256835937,-55.69465648854962,17.603053435114504,2.931297709923664,-8.437166650390624,-0.8714894042968749,1.915361328125,-24.519083969465647,-34.29007633587786,-28.977099236641223,0.0
30.31000065803528,-10.228029492187499,0.86191259765625,2.152387292480469,-58.56488549618321,17.938931297709924,7.236641221374046,-8.489839086914062,-1.608903515625,3.4165257690429685,-2.4427480916030535,-41.3587786259542,-26.625954198473284,0.0
30.320000410079956,-8.769960681152343,-2.636016027832031,1.467645617675781,-35.969465648854964,26.82442748091603,11.435114503816793,-8.427589843749999,-1.3144167114257812,3.153163586425781,19.6793893129771,-50.76335877862596,-26.290076335877863,0.0
30.330000638961792,-8.465897070312499,-1.924938134765625,2.2098481323242187,-25.72519083969466,36.2442748091603,5.862595419847328,-6.002263562011718,0.0909796630859375,1.3192051147460937,22.793893129770993,-46.42748091603053,-27.64885496183206,0.0
30.34000039100647,-8.034940771484374,-2.5522189697265625,3.210624426269531,-18.53435114503817,37.31297709923664,0.916030534351145,-5.635950708007812,1.484405029296875,0.7900865478515624,14.931297709923664,-38.0,-25.557251908396946,0.0
30.350000619888306,-8.470685473632813,-2.5378537597656248,4.369418029785156,-4.9465648854961835,43.16030534351145,-3.145038167938931,-7.960720520019531,0.2705447875976562,1.1252747802734375,19.068702290076335,-33.725190839694655,-22.12213740458015,0.0
30.360000610351562,-8.233659509277343,-3.1004911499023438,6.098031628417968,17.46564885496183,41.41984732824427,-6.977099236641221,-5.6407391113281244,-0.02154781494140625,0.9265560424804687,21.938931297709924,-26.748091603053435,-23.16030534351145,0.0
30.37000060081482,-10.012551342773437,-2.300827795410156,7.8553756469726554,36.42748091603053,40.0763358778626,-11.908396946564885,-7.5465236328125,-0.44532150878906246,0.8068459594726562,38.06106870229008,-32.12213740458015,-22.061068702290076,0.0
30.380000591278076,-11.006145031738281,-0.1149216796875,8.779537487792968,53.32824427480916,27.81679389312977,-15.541984732824428,-6.279990954589843,1.5466542724609373,0.29927520751953124,25.83206106870229,-13.618320610687023,-22.213740458015266,0.0
30.390000581741333,-12.361263171386717,2.6240450195312497,10.843339318847656,52.213740458015266,14.381679389312977,-15.572519083969466,-6.679822631835937,1.2928688964843749,0.5315127685546874,18.03053435114504,-5.603053435114504,-16.702290076335878,0.0
30.40000081062317,-12.351686364746094,1.7573440185546874,10.73799444580078,56.458015267175576,-6.152671755725191,-9.572519083969466,-6.172251879882812,1.4317325927734375,0.2609679809570312,22.48854961832061,-5.9541984732824424,-13.511450381679388,0.0
30.410000324249268,-12.777854260253905,1.24498486328125,10.060435375976562,67.23664122137404,-24.595419847328245,-4.549618320610687,-6.9910688476562495,1.7357962036132812,0.8451531860351562,21.770992366412212,1.099236641221374,-9.16030534351145,0.0
30.420000791549683,-12.263100903320312,1.0702081420898437,9.667786303710937,64.25954198473282,-44.56488549618321,-3.480916030534351,-7.584830859375,1.5370774658203123,1.2138602416992186,21.206106870229007,3.236641221374046,-4.916030534351145,0.0
30.43000054359436,-11.954248889160155,1.01514150390625,9.643844287109374,73.5114503816794,-56.595419847328245,-2.5343511450381677,-6.234501123046875,1.7118541870117185,-0.0047884033203125,17.389312977099237,5.312977099236641,-2.8091603053435112,0.0
30.440000772476196,-11.645396875,1.438915197753906,10.402806213378906,76.73282442748092,-70.59541984732824,-5.129770992366412,-6.114791040039062,1.9225439331054686,-2.6240450195312497,17.52671755725191,12.702290076335878,-0.9465648854961832,0.0
30.450000524520874,-14.144943408203124,4.44363828125,13.900734838867187,77.74045801526718,-87.74045801526718,-8.244274809160306,-8.954314208984375,1.8291700683593748,-3.1579519897460937,23.297709923664122,25.938931297709924,4.580152671755725,0.0
30.46000027656555,-17.29571279296875,7.3478048950195305,16.500837841796873,83.05343511450381,-112.01526717557252,-1.465648854961832,-9.277531433105468,3.77326181640625,-2.422932080078125,30.641221374045802,34.595419847328245,9.038167938931299,0.0
30.470000505447388,-18.255787658691403,9.782707983398437,16.328455322265626,77.54198473282443,-145.1908396946565,15.32824427480916,-9.279925634765624,5.963956335449218,-1.1563994018554686,26.671755725190838,32.717557251908396,9.709923664122137,0.0
30.480000495910645,-17.83680236816406,8.992621435546875,14.188039038085936,38.06106870229008,-185.64885496183206,30.38167938931298,-10.378864196777343,7.3094976684570305,1.1516109985351561,5.511450381679389,40.412213740458014,14.076335877862595,0.0
30.4900004863739,-16.591817504882812,4.216189123535156,13.883975427246092,-11.49618320610687,-216.67175572519085,37.06870229007634,-14.314931726074217,3.189076611328125,3.071760729980469,-13.374045801526718,37.51145038167939,22.259541984732824,0.0
30.500000476837158,-17.15924329833984,1.3934253662109375,12.445060229492187,-22.625954198473284,-246.54961832061068,44.916030534351144,-13.192051147460937,1.5107412475585937,2.779668127441406,-16.18320610687023,31.022900763358777,18.65648854961832,0.0
30.510000467300415,-16.75941162109375,-0.49320554199218747,10.98699141845703,8.870229007633588,-259.17557251908397,61.00763358778626,-10.726023437499999,1.1085153686523437,1.608903515625,-19.923664122137403,25.46564885496183,14.580152671755725,0.0
30.52000069618225,-14.190433239746094,-2.118868469238281,4.034229797363281,46.06106870229008,-262.91603053435114,79.05343511450381,-13.6756798828125,-0.8188169677734375,3.095702746582031,-9.618320610687023,16.625954198473284,19.17557251908397,0.0
30.530000686645508,-12.916717956542968,-3.5290532470703124,-2.839523168945312,50.74809160305343,-241.45038167938932,87.34351145038168,-8.769960681152343,1.5083470458984374,0.5410895751953124,-5.740458015267175,3.480916030534351,13.740458015267176,0.0
30.5401668548584,-12.792219470214842,-3.5793314819335937,-6.129156249999999,33.16030534351145,-227.6946564885496,83.64885496183206,-9.787496386718749,0.3758896606445312,0.6512228515624999,-4.748091603053435,1.6030534351145038,15.908396946564885,0.0
30.5500009059906,-11.568782421875,-4.752490295410156,-7.501033801269531,20.916030534351144,-206.45801526717557,82.01526717557252,-9.950302099609374,-0.44532150878906246,-1.2569558715820313,-17.0381679389313,6.244274809160306,17.81679389312977,0.0
30.56000065803528,-10.266336718749999,-6.9360022094726554,-6.543353137207031,-8.51908396946565,-193.06870229007635,68.77862595419847,-9.849745629882811,-0.4429273071289062,-0.7733271362304687,-24.946564885496183,7.648854961832061,20.290076335877863,0.0
30.570000648498535,-9.430760339355468,-8.305485559082031,-3.2249896362304686,-32.33587786259542,-177.05343511450383,44.25954198473283,-9.552864624023437,0.8164227661132812,-1.5394716674804687,-33.908396946564885,8.412213740458014,19.068702290076335,0.0
30.580000400543213,-10.536881506347656,-6.8402341430664055,2.3965958618164063,-28.83969465648855,-165.22137404580153,21.389312977099237,-8.875305554199219,1.0319009155273438,-2.384624853515625,-50.10687022900763,20.82442748091603,19.49618320610687,0.0
30.59000039100647,-11.918335864257811,-2.9975404785156248,5.999869360351562,9.923664122137405,-149.80152671755727,13.633587786259541,-10.907982763671875,0.6009446166992187,-1.209071838378906,-56.85496183206107,28.198473282442748,25.740458015267176,0.0
30.600000619888306,-13.232752575683593,1.2330138549804688,6.706158850097656,38.3206106870229,-141.23664122137404,16.18320610687023,-10.342951171874999,0.7924807495117187,-0.16519991455078123,-59.954198473282446,38.0763358778626,29.114503816793892,0.0
30.610000371932983,-12.320561743164061,2.29843359375,4.062960217285156,46.19847328244275,-132.74809160305344,24.946564885496183,-8.884882360839843,-0.718260498046875,-1.0726023437499999,-58.35114503816794,41.57251908396947,26.916030534351144,0.0
30.62000060081482,-15.021221215820312,6.260837341308593,2.3343466186523436,12.82442748091603,-142.06106870229007,23.083969465648856,-11.018116040039061,-4.651933825683593,0.5147533569335937,-34.38167938931298,47.70992366412214,27.282442748091604,0.0
30.630000591278076,-14.250288281249999,2.9855694702148434,0.9002198242187499,-22.396946564885496,-148.51908396946564,30.9618320610687,-13.333309045410155,-6.217741711425781,2.3223756103515623,-0.6870229007633588,37.80152671755725,16.458015267175572,0.0
30.640000820159912,-11.985373510742187,0.42377369384765623,0.7613561279296874,-40.76335877862596,-147.86259541984734,35.49618320610687,-8.425195642089843,-1.2617442749023438,1.5370774658203123,12.488549618320612,33.41984732824427,19.81679389312977,0.0
30.65000057220459,-10.053252770996092,-0.0047884033203125,-0.49799394531249996,-59.16030534351145,-149.55725190839695,35.43511450381679,-10.512939489746094,-1.2976572998046874,0.6560112548828124,18.076335877862597,39.00763358778626,15.618320610687023,0.0
30.660000801086426,-6.457161877441406,-1.8339584716796873,-2.5258827514648434,-60.74809160305343,-141.5267175572519,34.88549618320611,-9.732429748535155,0.40940848388671874,1.0079588989257813,19.480916030534353,34.30534351145038,15.725190839694656,0.0
30.670000553131104,-3.5865140869140624,-2.868253588867187,-3.296815686035156,-51.954198473282446,-126.27480916030534,30.38167938931298,-9.37808790283203,1.3239935180664062,1.1420341918945311,17.61832061068702,35.25190839694657,16.15267175572519,0.0
30.68000078201294,-0.354341845703125,-4.7381250854492185,-3.840299462890625,-32.25954198473283,-106.54961832061069,26.15267175572519,-9.229647399902344,1.1420341918945311,0.7038952880859375,14.396946564885496,35.954198473282446,16.793893129770993,0.0
30.690000534057617,0.1197100830078125,-4.671087438964843,-3.6152445068359373,-6.152671755725191,-76.70229007633588,21.068702290076335,-9.789890588378906,0.8403647827148437,2.1021090576171875,18.18320610687023,35.66412213740458,17.786259541984734,0.0
30.700000524520874,5.276820458984375,-8.671798413085938,-6.818686328125,36.2442748091603,-50.091603053435115,21.450381679389313,-8.920795385742187,0.3495534423828125,1.1947066284179686,16.091603053435115,31.419847328244273,15.786259541984732,0.0
30.71000051498413,-0.7733271362304687,-0.15322890625,-1.7525556152343749,53.908396946564885,-4.793893129770993,9.16030534351145,-9.153032946777342,0.3950432739257812,1.2785036865234374,13.694656488549619,29.52671755725191,15.221374045801527,0.0
30.72000026702881,5.872976672363281,-3.8379052612304685,-4.6998178588867185,47.221374045801525,-12.183206106870228,5.847328244274809,-6.155492468261718,1.4437036010742186,-0.32561142578124996,-2.122137404580153,29.786259541984734,13.404580152671755,0.0
30.730000257492065,3.3255461059570313,-0.1484405029296875,-0.74699091796875,65.77099236641222,39.05343511450382,4.259541984732825,-6.648698010253906,1.3431471313476562,-0.5889736083984375,-24.12213740458015,37.725190839694655,17.14503816793893,0.0
30.7400004863739,-2.834734765625,6.782773303222656,2.370259643554687,23.893129770992367,41.48091603053435,-10.50381679389313,-8.305485559082031,-1.199495031738281,1.446097802734375,-26.458015267175572,53.11450381679389,20.595419847328245,0.0
30.750000476837158,7.52737001953125,-3.7612908081054686,1.4101847778320311,20.16793893129771,37.37404580152672,3.1603053435114505,-7.922413293457031,0.11252747802734374,-1.2761094848632812,-30.946564885496183,39.00763358778626,13.053435114503817,0.0
30.760000705718994,8.487444885253906,-8.394071020507813,0.8571241943359375,90.73282442748092,88.25954198473282,15.145038167938932,-7.706935144042968,-1.3287819213867187,0.6200982299804687,-39.70992366412214,58.42748091603053,13.755725190839694,0.0
30.77000093460083,-1.0031704956054688,-1.3455413330078123,5.6024318847656245,128.65648854961833,115.08396946564885,-9.099236641221374,-8.535328918457031,-1.7956512451171873,0.040701428222656245,-30.50381679389313,60.3206106870229,9.49618320610687,0.0
30.780000686645508,11.822567797851562,-12.830526696777342,2.418143676757812,173.9236641221374,107.1145038167939,-5.129770992366412,-9.066841687011719,-1.4532804077148436,-0.5458779785156249,-40.29007633587786,61.93893129770992,9.450381679389313,0.0
30.790000915527344,2.808398547363281,-5.331887097167969,4.417302062988281,263.51145038167937,176.6259541984733,-9.633587786259541,-9.066841687011719,-1.5035586425781249,3.047818713378906,-47.9236641221374,76.83969465648855,12.610687022900763,0.0
30.80000066757202,-6.282385156249999,5.425260961914062,4.448426684570312,246.35114503816794,169.45038167938932,-37.725190839694655,-7.094019519042968,1.9393033447265624,-0.11731588134765625,-51.282442748091604,76.67175572519083,8.80916030534351,0.0
30.8100004196167,-13.905523242187499,15.3611978515625,4.570530969238281,188.8091603053435,164.0916030534351,-42.534351145038165,-10.225635290527343,1.9512743530273435,-0.6823474731445313,-73.45038167938931,72.76335877862596,21.557251908396946,0.0
30.820000648498535,-12.878410729980468,20.436905371093747,5.379771130371093,65.08396946564885,129.57251908396947,-43.37404580152672,-9.765948571777344,4.680664245605469,-2.291250988769531,-94.4885496183206,63.12977099236641,28.0,0.0
30.830000400543213,-8.252813122558594,15.140931298828123,6.880935571289062,-62.19847328244275,88.10687022900764,-37.725190839694655,-14.820108276367186,-0.6967126831054687,1.3958195678710936,-103.40458015267176,60.25954198473283,47.11450381679389,0.0
30.840000867843628,-15.447389111328125,18.516755639648437,13.661314672851562,-128.01526717557252,53.51145038167939,-38.18320610687023,-13.91031164550781,-1.5011644409179687,-0.3327940307617187,-92.91603053435115,39.969465648854964,42.396946564885496,0.0
30.850000619888306,-9.725247143554688,-2.8419173706054686,15.626954235839843,-84.18320610687023,13.251908396946565,2.717557251908397,-16.436194396972656,-4.7572786987304685,2.959233251953125,-66.91603053435115,34.83969465648855,37.61832061068702,0.0
30.860000610351562,-15.655684655761718,2.7653029174804686,20.75533419189453,39.3587786259542,24.045801526717558,43.083969465648856,-16.05791053466797,-5.166687182617188,3.8187516479492185,-41.89312977099237,21.66412213740458,20.946564885496183,0.0
30.87000036239624,-19.902998400878904,18.27733547363281,15.703568688964843,28.427480916030536,32.62595419847328,60.68702290076336,-14.23113466796875,1.3311761230468748,1.7884686401367187,-31.34351145038168,5.251908396946565,6.809160305343512,0.0
30.880000352859497,-18.0810109375,15.806519360351562,7.881711865234375,-102.51908396946565,-6.580152671755725,50.030534351145036,-16.40028137207031,0.7613561279296874,0.09337386474609374,-22.793893129770993,0.549618320610687,10.702290076335878,0.0
30.890000343322754,-14.219163659667968,6.871358764648437,-4.247313745117188,-160.74809160305344,-27.297709923664122,43.267175572519086,-16.014814904785155,0.9888052856445312,0.622492431640625,-10.320610687022901,-10.305343511450381,18.290076335877863,0.0
30.90000081062317,-17.654843041992187,3.706224169921875,2.5330653564453125,-189.84732824427482,-10.213740458015268,32.82442748091603,-15.56470499267578,0.12210428466796874,2.1883003173828124,2.8244274809160306,-13.038167938931299,23.17557251908397,0.0
30.910000562667847,-8.992621435546875,-8.48505068359375,3.383006945800781,-188.4885496183206,-16.03053435114504,29.633587786259543,-14.140155004882812,2.2290017456054687,1.9871873779296874,3.984732824427481,-19.083969465648856,19.49618320610687,0.0
30.920000791549683,-7.826645227050781,-9.457096557617186,6.739677673339843,-113.02290076335878,18.045801526717558,22.33587786259542,-14.674061975097656,0.5865794067382812,1.8195932617187498,8.885496183206106,-19.587786259541986,22.3206106870229,0.0
30.93000030517578,-5.209782812499999,-10.254365710449218,3.287238879394531,-65.80152671755725,26.50381679389313,8.534351145038167,-15.655684655761718,0.7445967163085937,2.6431986328124997,21.49618320610687,-22.458015267175572,18.748091603053435,0.0
30.940001010894775,-10.251971508789062,-3.9264907226562498,2.959233251953125,-37.12977099236641,51.37404580152672,-14.854961832061068,-14.731522814941405,3.0430303100585934,1.209071838378906,16.717557251908396,-32.13740458015267,14.366412213740459,0.0
30.950000524520874,-12.205640063476562,-2.93050283203125,2.7964275390625,-55.45038167938932,43.587786259541986,-32.44274809160305,-14.30056651611328,4.728548278808593,1.20667763671875,3.572519083969466,-31.709923664122137,13.572519083969466,0.0
30.96000027656555,-12.713210815429687,-0.7038952880859375,2.070984436035156,-50.47328244274809,54.80916030534351,-38.38167938931298,-10.601524951171875,4.963180041503906,-2.6575638427734374,-26.85496183206107,-39.23664122137404,11.648854961832061,0.0
30.970000505447388,-12.58392392578125,-0.35194764404296874,2.1906945190429687,-55.57251908396947,55.282442748091604,-39.099236641221374,-12.71081661376953,4.841075756835937,1.2234370483398436,-27.984732824427482,-24.595419847328245,21.14503816793893,0.0
30.980000495910645,-13.697227697753906,-0.7326257080078125,2.530671154785156,-40.58015267175573,70.93129770992367,-35.969465648854964,-12.095506787109374,3.9552211425781247,0.2825157958984375,-24.717557251908396,-33.404580152671755,18.198473282442748,0.0
30.9900004863739,-12.650961572265624,0.6368576416015624,0.9337386474609375,-29.46564885496183,75.17557251908397,-34.0,-12.253524096679687,2.9735984619140625,1.467645617675781,-16.366412213740457,-30.38167938931298,19.893129770992367,0.0
31.000000476837158,-9.842563024902343,-0.7158662963867187,-0.7637503295898437,-13.48091603053435,80.70229007633588,-28.27480916030534,-10.493785876464843,2.3415292236328122,-0.3687070556640625,-9.145038167938932,-39.57251908396947,14.67175572519084,0.0
31.010001182556152,-9.165003955078124,2.5665841796874997,-0.17238251953125,-14.122137404580153,78.83969465648855,-30.12213740458015,-10.213664282226562,0.6751648681640625,0.2561795776367187,-2.1374045801526718,-35.93893129770992,14.854961832061068,0.0
31.02000069618225,-8.137891442871092,1.3311761230468748,-0.09816226806640624,1.251908396946565,97.12977099236642,-20.671755725190838,-6.969521032714844,1.5346832641601562,-1.9608511596679685,-11.908396946564885,-40.534351145038165,7.419847328244275,0.0
31.030000925064087,-8.164227661132813,1.8650830932617186,0.0383072265625,9.938931297709924,105.52671755725191,-21.72519083969466,-8.312668164062499,-0.00239420166015625,-0.44532150878906246,-7.1603053435114505,-30.83969465648855,5.786259541984733,0.0
31.040000915527344,-7.580042456054687,1.7573440185546874,0.5147533569335937,17.81679389312977,112.77862595419847,-21.770992366412212,-4.091690637207031,3.306392492675781,-5.348646508789062,-21.46564885496183,-37.70992366412214,-5.709923664122138,0.0
31.0500009059906,-8.267178332519531,2.664746447753906,0.7326257080078125,22.80916030534351,118.82442748091603,-22.396946564885496,-8.789114294433594,-0.1197100830078125,0.5985504150390625,-21.954198473282442,-8.244274809160306,1.7557251908396947,0.0
31.06000065803528,-7.606378674316406,0.9145850341796874,0.9050082275390624,25.14503816793893,121.54198473282443,-22.732824427480917,-4.872200378417968,4.7189714721679685,-5.434837768554687,-24.12213740458015,-19.206106870229007,-9.740458015267176,0.0
31.070000648498535,-8.540117321777343,0.6823474731445313,2.4971523315429685,29.6793893129771,126.50381679389314,-25.404580152671755,-8.111555224609374,1.8459294799804686,-2.272097375488281,-29.954198473282442,19.374045801526716,0.015267175572519083,0.0
31.080000638961792,-7.173028173828125,-0.7350199096679687,3.4524387939453125,36.62595419847328,124.80916030534351,-29.801526717557252,3.3159692993164063,16.66843195800781,-15.892710620117187,-42.82442748091603,-1.8015267175572518,-12.15267175572519,0.0
31.09000062942505,-8.722076647949219,1.3670891479492187,4.620809204101562,35.70992366412214,120.87022900763358,-33.70992366412214,-8.95670841064453,9.686939916992188,-6.809109521484374,-112.03053435114504,84.94656488549619,14.641221374045802,0.0
31.100000619888306,-7.455543969726562,-1.1611878051757811,5.2433016357421875,35.786259541984734,110.53435114503817,-38.10687022900763,-1.2665326782226562,15.959748266601562,-12.567164514160156,-99.37404580152672,66.44274809160305,20.80916030534351,0.0
31.110000610351562,-10.28549033203125,0.63206923828125,5.090072729492187,39.41984732824427,101.49618320610686,-42.61068702290076,-6.366182214355469,3.9408559326171875,-4.386177441406249,-148.12213740458014,127.0381679389313,44.06106870229008,0.0
31.12000036239624,-9.428366137695312,-2.403778466796875,4.503493322753906,56.900763358778626,93.70992366412214,-45.25190839694657,-5.896918688964844,5.762843395996094,-5.760449194335937,-64.93129770992367,89.66412213740458,52.152671755725194,0.0
31.130000591278076,-11.039663854980468,-1.4867992309570313,4.07971962890625,65.31297709923665,77.5114503816794,-47.74045801526717,-7.9272016967773435,-4.359841223144531,-0.9816226806640624,-37.98473282442748,98.04580152671755,59.587786259541986,0.0
31.140609979629517,-13.311761230468749,-0.82360537109375,4.826710546875,91.7557251908397,75.25190839694656,-52.213740458015266,-8.21690009765625,-12.097900988769531,7.4603323730468745,46.47328244274809,80.83969465648855,34.045801526717554,0.0
31.15000057220459,-12.449848632812499,1.3431471313476562,3.5482068603515624,84.21374045801527,52.213740458015266,-53.908396946564885,-5.585672473144531,-7.8553756469726554,2.999934680175781,128.9770992366412,35.7557251908397,25.450381679389313,0.0
31.160000801086426,-10.462661254882812,3.4739866088867184,4.027047192382812,82.76335877862596,50.3206106870229,-49.25190839694657,-5.058948107910156,-5.360617517089843,8.604760766601562,156.12213740458014,23.00763358778626,25.022900763358777,0.0
31.170000553131104,-8.698134631347656,2.365471240234375,3.392583752441406,68.36641221374046,39.969465648854964,-45.786259541984734,-5.307945080566406,0.44532150878906246,-0.16998831787109375,186.7175572519084,-10.305343511450381,21.16030534351145,0.0
31.18000078201294,-10.817003100585938,3.5577836669921874,3.749319799804687,62.534351145038165,39.02290076335878,-44.12213740458015,-14.15452021484375,-9.366116894531249,10.876858142089842,223.1908396946565,-22.412213740458014,12.458015267175572,0.0
31.190000534057617,-7.850587243652344,0.047884033203124995,1.6041151123046875,70.73282442748092,37.770992366412216,-42.18320610687023,-9.028534460449219,-0.49320554199218747,2.6719290527343746,254.35114503816794,-58.229007633587784,1.6030534351145038,0.0
31.200000524520874,-8.037334973144532,3.323151904296875,1.407790576171875,65.63358778625954,42.18320610687023,-40.67175572519084,-11.054029064941405,3.8762124877929685,3.797203833007812,234.04580152671755,-78.3206106870229,-5.511450381679389,0.0
31.21000051498413,-7.390900524902343,3.9504327392578125,1.3455413330078123,54.97709923664122,43.64885496183206,-38.13740458015267,-10.517727893066406,7.556100439453124,0.9433154541015625,185.40458015267177,-85.43511450381679,-13.938931297709924,0.0
31.220000505447388,-7.970297326660156,6.600813977050781,2.1691467041015624,38.47328244274809,47.954198473282446,-35.954198473282446,-12.050016955566406,8.963891015625,0.229843359375,128.25954198473283,-79.83206106870229,-15.786259541984732,0.0
31.230000257492065,-8.556876733398436,7.493851196289062,2.9544448486328125,12.045801526717558,47.52671755725191,-30.83969465648855,-8.597578161621094,10.153809240722655,-0.5027823486328125,64.01526717557252,-70.44274809160305,-20.15267175572519,0.0
31.240000247955322,-8.796296899414061,6.773196496582031,3.1387983764648437,-15.068702290076336,46.01526717557252,-23.587786259541986,-12.23915888671875,3.727771984863281,0.8978256225585937,30.15267175572519,-58.44274809160305,-17.572519083969464,0.0
31.250000476837158,-10.297461340332031,6.737283471679687,3.622427111816406,-38.06106870229008,41.41984732824427,-20.916030534351144,-10.390835205078124,0.6679822631835937,1.678335363769531,18.641221374045802,-60.38167938931298,-23.923664122137403,0.0
31.260000705718994,-9.86411083984375,4.314351391601562,2.829946362304687,-56.38167938931298,33.74045801526717,-13.664122137404581,-10.888829150390624,-1.0366893188476562,2.0183119995117185,10.625954198473282,-65.22137404580153,-30.198473282442748,0.0
31.27000093460083,-9.56962403564453,2.645592834472656,2.9927520751953125,-63.06870229007634,31.46564885496183,-11.297709923664122,-10.55364091796875,-2.327164013671875,1.209071838378906,14.51908396946565,-76.12213740458016,-37.89312977099237,0.0
31.280000686645508,-10.637437976074217,2.3870190551757813,2.9927520751953125,-65.45038167938931,29.740458015267176,-12.473282442748092,-9.813832604980469,-1.637633935546875,1.43652099609375,19.480916030534353,-82.99236641221374,-46.30534351145038,0.0
31.290000915527344,-9.969455712890625,0.4908113403320312,2.068590234375,-63.55725190839695,26.50381679389313,-9.374045801526718,-11.623849060058593,-1.2282254516601563,-0.6153098266601562,34.82442748091603,-99.20610687022901,-55.083969465648856,0.0
31.30000066757202,-11.264718811035156,1.407790576171875,2.2673089721679687,-62.18320610687023,28.213740458015266,-9.19083969465649,-13.711592907714843,-1.2904746948242187,1.39821376953125,36.82442748091603,-90.77862595419847,-55.48091603053435,0.0
31.31000065803528,-10.283096130371094,0.6392518432617187,2.319981408691406,-62.717557251908396,26.99236641221374,-6.519083969465649,-10.12507882080078,1.668758557128906,-0.40462008056640625,39.725190839694655,-103.49618320610686,-64.94656488549619,0.0
31.320000648498535,-9.866505041503906,0.39983167724609375,1.5825672973632812,-66.04580152671755,22.82442748091603,-3.0381679389312977,-10.62307276611328,1.9608511596679685,0.3280056274414062,30.519083969465647,-96.38167938931298,-64.03053435114504,0.0
31.330000638961792,-9.330203869628905,-0.7565677246093749,2.1787235107421874,-63.847328244274806,23.480916030534353,-1.4351145038167938,-7.601590270996093,5.475539196777343,-2.6288334228515624,22.30534351145038,-101.00763358778626,-67.55725190839695,0.0
31.34000062942505,-10.884040747070312,-0.49799394531249996,3.0023288818359375,-57.603053435114504,25.709923664122137,-4.67175572519084,-12.126631408691406,1.6472107421875,1.5203180541992187,19.236641221374047,-82.25954198473282,-57.23664122137404,0.0
31.350000619888306,-8.422801440429687,-1.9105729248046874,2.3223756103515623,-45.63358778625954,19.801526717557252,-6.259541984732825,-9.734823950195311,2.2074539306640624,0.9265560424804687,19.938931297709924,-77.89312977099236,-60.68702290076336,0.0
31.360000610351562,-7.730877160644531,-2.2960393920898436,1.9656395629882812,-30.702290076335878,20.412213740458014,-8.564885496183207,-7.390900524902343,2.990357873535156,0.27293898925781246,11.114503816793894,-70.12213740458016,-57.25190839694657,0.0
31.37000060081482,-9.03332286376953,-0.28012159423828126,2.952050646972656,-21.251908396946565,25.786259541984734,-15.48091603053435,-6.507440112304687,4.2880151733398435,-0.105344873046875,6.320610687022901,-62.70229007633588,-48.83969465648855,0.0
31.380000591278076,-9.945513696289062,1.0893617553710937,3.2417490478515623,-20.916030534351144,21.328244274809162,-17.984732824427482,-8.556876733398436,2.4875755249023435,0.584185205078125,4.580152671755725,-51.725190839694655,-40.36641221374046,0.0
31.390000581741333,-9.76116016845703,1.3527239379882812,3.5721488769531247,-19.206106870229007,18.30534351145038,-15.404580152671755,-7.070077502441406,2.597708801269531,-0.7206546997070312,9.251908396946565,-48.045801526717554,-37.23664122137404,0.0
31.40000081062317,-9.605537060546874,1.6448165405273436,3.718195178222656,-17.69465648854962,16.778625954198475,-14.274809160305344,-5.877765075683594,2.626439221191406,-0.9911994873046874,0.42748091603053434,-34.0763358778626,-32.94656488549618,0.0
31.410000562667847,-9.208099584960937,2.01112939453125,3.9600095458984375,-19.557251908396946,15.511450381679388,-13.221374045801527,-3.1100679565429687,3.7995980346679685,-3.5051112304687497,-10.51908396946565,-30.717557251908396,-32.97709923664122,0.0
31.420000791549683,-9.009380847167968,1.659181750488281,3.4356793823242184,-16.778625954198475,13.038167938931299,-10.595419847328245,-8.001421948242188,0.8762778076171874,-0.277727392578125,-10.473282442748092,-19.17557251908397,-23.755725190839694,0.0
31.43000030517578,-7.953537915039062,0.05027823486328125,2.8203695556640622,-3.3893129770992365,14.320610687022901,-7.801526717557252,-9.406818322753905,-0.229843359375,1.4796166259765624,4.152671755725191,-16.198473282442748,-22.68702290076336,0.0
31.440000772476196,-7.807491613769531,0.3806780639648437,2.7078420776367187,2.2595419847328246,18.3206106870229,-10.030534351145038,-8.858546142578124,1.0773907470703123,0.8810662109374999,9.694656488549619,-17.83206106870229,-24.27480916030534,0.0
31.450000286102295,-9.662997900390625,0.6631938598632812,2.8945898071289062,1.5877862595419847,22.290076335877863,-11.938931297709924,-11.741164941406248,-0.3806780639648437,2.7269956909179687,6.3816793893129775,-12.580152671755725,-21.81679389312977,0.0
31.46000027656555,-8.499415893554687,0.4477157104492187,3.0621839233398433,2.549618320610687,23.0381679389313,-11.17557251908397,-6.507440112304687,2.185906115722656,1.6017209106445311,-6.061068702290076,-7.221374045801527,-26.015267175572518,0.0
31.47000026702881,-10.043675964355469,2.3535002319335936,3.447650390625,-8.442748091603054,29.358778625954198,-10.610687022900763,-6.715735656738281,2.2026655273437497,1.4221557861328125,-13.32824427480916,-9.923664122137405,-23.46564885496183,0.0
31.480000495910645,-10.211270080566406,1.678335363769531,4.13718046875,-12.534351145038167,24.870229007633586,-7.923664122137405,-8.17859287109375,0.3136404174804687,2.384624853515625,-17.61832061068702,-4.793893129770993,-19.61832061068702,0.0
31.4900004863739,-10.534487304687499,0.9888052856445312,4.570530969238281,-15.312977099236642,28.30534351145038,-4.763358778625954,-7.3286512817382805,0.1149216796875,1.9895815795898437,-16.916030534351144,-2.7938931297709924,-20.641221374045802,0.0
31.500000715255737,-10.084377392578125,-0.1771709228515625,5.149927770996094,-15.17557251908397,22.732824427480917,-3.4198473282442747,-7.644685900878906,-0.6057330200195312,1.7238251953125,-13.465648854961833,-2.6717557251908395,-19.923664122137403,0.0
31.510000944137573,-10.817003100585938,-0.5315127685546874,6.907271789550781,-5.938931297709924,22.290076335877863,-4.656488549618321,-7.0102224609374995,-0.30406361083984373,0.9241618408203125,-10.16793893129771,-1.5419847328244274,-20.610687022900763,0.0
31.520000457763672,-11.69567510986328,-1.3766659545898436,8.267178332519531,3.877862595419847,12.80916030534351,-7.022900763358779,-7.094019519042968,-0.028730419921875,0.565031591796875,-7.0534351145038165,0.7938931297709924,-18.137404580152673,0.0
31.530000925064087,-13.407529296875,-0.24899697265624998,11.3389390625,14.946564885496183,2.732824427480916,-9.48091603053435,-5.947196923828125,1.3814543579101561,-0.47165772705078124,-8.854961832061068,2.351145038167939,-17.251908396946565,0.0
31.540000677108765,-14.84883869628906,0.7733271362304687,13.127407702636718,17.770992366412212,-20.610687022900763,-9.83206106870229,-7.671022119140624,-0.5889736083984375,-1.6065093139648436,-10.13740458015267,13.068702290076336,-10.396946564885496,0.0
31.55000114440918,-16.275782885742185,0.6081272216796875,15.837643981933592,25.114503816793892,-50.06106870229008,-6.3816793893129775,-8.17859287109375,-0.718260498046875,-2.786850732421875,9.267175572519085,15.129770992366412,-6.8396946564885495,0.0
31.56000065803528,-16.282965490722656,-0.7398083129882812,17.355567834472655,32.94656488549618,-90.03053435114504,-3.6946564885496183,-7.6470801025390625,2.8107927490234372,-3.4811692138671875,29.572519083969464,18.717557251908396,-5.4961832061068705,0.0
31.570000886917114,-16.517597253417968,-1.2378022583007813,19.776105712890622,73.54198473282443,-118.13740458015268,1.6488549618320612,-8.511386901855468,5.102043737792968,-2.01112939453125,33.63358778625954,24.045801526717558,-0.13740458015267176,0.0
31.580000638961792,-17.26937657470703,4.551377355957031,16.318878515625,90.01526717557252,-157.16030534351145,7.847328244274809,-8.698134631347656,6.440402465820312,-0.22744915771484372,28.870229007633586,24.076335877862597,5.969465648854962,0.0
31.59000062942505,-17.573440185546875,7.417236743164062,12.267889306640624,56.25954198473283,-194.99236641221373,11.877862595419847,-9.698910925292969,5.0948611328124995,0.8212111694335937,9.374045801526718,25.938931297709924,16.931297709923665,0.0
31.600000381469727,-15.914258435058592,4.529829541015625,11.659762084960937,15.557251908396946,-232.5801526717557,19.450381679389313,-12.773065856933593,3.0071172851562498,2.403778466796875,1.297709923664122,23.053435114503817,23.69465648854962,0.0
31.610000610351562,-16.417040783691405,1.66636435546875,13.891158032226562,31.81679389312977,-256.2748091603053,35.43511450381679,-10.670956799316405,3.4332851806640625,1.4867992309570313,-11.022900763358779,20.641221374045802,18.229007633587788,0.0
31.620001077651978,-12.904746948242186,1.0319009155273438,6.414066247558593,69.1145038167939,-266.68702290076334,60.94656488549618,-11.197681164550781,2.7940333374023436,2.0302830078125,-22.015267175572518,25.297709923664122,18.229007633587788,0.0
31.630000352859497,-10.836156713867187,-0.20350714111328125,-1.2306196533203124,57.52671755725191,-255.5267175572519,73.02290076335878,-11.92551846923828,0.7422025146484375,2.6503812377929687,-21.129770992366414,20.885496183206108,18.65648854961832,0.0
31.640000820159912,-10.448296044921875,-2.8706477905273435,-4.934449621582031,37.7557251908397,-249.81679389312978,74.77862595419847,-12.095506787109374,-1.927332336425781,2.7437551025390623,-6.183206106870229,18.244274809160306,18.396946564885496,0.0
31.65000057220459,-11.180921752929686,-3.4739866088867184,-7.4699091796875,34.70229007633588,-231.87786259541986,74.87022900763358,-9.370905297851563,-0.6919242797851562,-0.028730419921875,-5.541984732824427,7.755725190839694,11.908396946564885,0.0
31.660000801086426,-11.123460913085937,-5.5545478515625,-6.418854650878906,19.114503816793892,-216.6259541984733,68.74809160305344,-10.582371337890624,-0.9409212524414062,-0.296881005859375,-12.045801526717558,8.977099236641221,12.564885496183207,0.0
31.670000553131104,-12.045228552246092,-5.863399865722656,-2.6096798095703124,0.16793893129770993,-198.68702290076337,51.969465648854964,-8.372523205566406,1.120486376953125,-2.868253588867187,-36.6412213740458,12.946564885496183,12.351145038167939,0.0
31.680160522460938,-12.950236779785156,-4.292803576660156,0.6368576416015624,-11.908396946564885,-187.55725190839695,28.702290076335878,-12.679691992187498,-1.7573440185546874,-0.6009446166992187,-44.79389312977099,26.50381679389313,23.022900763358777,0.0
31.690000534057617,-14.81053146972656,-2.1811177124023438,4.235342736816406,12.366412213740459,-173.75572519083968,18.30534351145038,-10.946289990234375,-0.8882488159179687,-2.4109610717773435,-37.541984732824424,14.01526717557252,18.045801526717558,0.0
31.700000524520874,-17.367538842773435,1.2401964599609374,6.148309863281249,42.38167938931298,-163.1908396946565,23.96946564885496,-11.073182678222656,-0.8762778076171874,-0.4477157104492187,-27.81679389312977,16.931297709923665,16.045801526717558,0.0
31.71000027656555,-15.868768603515624,1.5059528442382812,4.541800549316406,64.0,-144.68702290076337,35.41984732824427,-10.448296044921875,-0.86191259765625,-0.0383072265625,-25.81679389312977,19.87786259541985,14.458015267175572,0.0
31.72000026702881,-17.38908665771484,6.1842228881835934,3.210624426269531,27.81679389312977,-154.6412213740458,32.961832061068705,-10.778695874023438,-2.2936451904296873,0.19632453613281248,-13.938931297709924,23.755725190839694,13.801526717557252,0.0
31.730000495910645,-16.069881542968748,5.295974072265625,1.7190367919921874,-10.610687022900763,-160.4885496183206,39.969465648854964,-10.517727893066406,-1.9608511596679685,0.49320554199218747,-4.244274809160306,22.916030534351144,12.01526717557252,0.0
31.7400004863739,-12.866439721679686,2.9927520751953125,0.4860229370117187,-47.16030534351145,-164.27480916030535,47.465648854961835,-8.927977990722656,-0.05027823486328125,0.26336218261718747,-0.04580152671755725,27.61832061068702,8.274809160305344,0.0
31.750000476837158,-9.334992272949219,-0.19393033447265623,-1.6400281372070311,-65.64885496183206,-160.793893129771,49.12977099236641,-10.919953771972656,-1.3024457031249999,0.46208092041015625,7.190839694656488,28.65648854961832,9.374045801526718,0.0
31.760000705718994,-3.497928625488281,-4.709394665527343,-4.84586416015625,-64.90076335877863,-156.76335877862596,46.85496183206107,-10.098742602539062,-1.8148048583984373,0.9864110839843749,7.938931297709924,34.0,8.351145038167939,0.0
31.77000093460083,0.5003881469726562,-6.469132885742187,-4.350264416503906,-40.82442748091603,-123.31297709923665,35.49618320610687,-10.453084448242187,-0.0718260498046875,0.7278373046875,17.49618320610687,28.137404580152673,5.694656488549619,0.0
31.780000686645508,3.327940307617187,-7.654262707519531,-6.5409589355468745,-13.923664122137405,-101.23664122137404,24.427480916030536,-8.535328918457031,0.7709329345703124,0.9792284790039062,9.98473282442748,35.37404580152672,6.732824427480916,0.0
31.790000915527344,2.3247698120117186,-4.338293408203125,-4.7764323120117185,13.404580152671755,-60.68702290076336,14.961832061068701,-9.708487731933593,0.5722141967773438,0.7852981445312499,9.068702290076336,31.954198473282442,9.007633587786259,0.0
31.800000429153442,7.716511950683593,-7.50821640625,-7.0078282592773435,60.47328244274809,-27.938931297709924,16.396946564885496,-8.214505895996094,0.2657563842773437,0.7829039428710937,10.610687022900763,29.801526717557252,9.603053435114504,0.0
31.81000065803528,-0.0430956298828125,2.1404162841796874,-1.0103531005859374,65.90839694656489,11.725190839694656,3.816793893129771,-9.303867651367186,-0.5458779785156249,1.848323681640625,15.282442748091603,26.458015267175572,11.511450381679388,0.0
31.820000648498535,8.662221606445312,-2.1739351074218747,-2.6240450195312497,57.52671755725191,10.610687022900763,6.656488549618321,-5.872976672363281,2.73896669921875,-0.17238251953125,7.267175572519084,19.083969465648856,6.3816793893129775,0.0
31.830000638961792,1.4030021728515625,3.0166940917968748,0.4285620971679687,68.33587786259542,60.50381679389313,5.32824427480916,-8.164227661132813,-0.622492431640625,0.9313444458007812,-2.030534351145038,30.671755725190838,12.122137404580153,0.0
31.84000062942505,9.504980590820312,-5.0206408813476555,-0.8882488159179687,65.90839694656489,61.20610687022901,7.847328244274809,-4.76924970703125,2.798821740722656,-1.707065783691406,-11.740458015267176,23.801526717557252,5.786259541984733,0.0
31.850000619888306,3.1747114013671873,-1.7190367919921874,2.4756045166015626,97.46564885496183,104.99236641221374,4.854961832061068,-4.513070129394531,3.5889082885742187,-0.8714894042968749,-50.74809160305343,42.091603053435115,12.625954198473282,0.0
31.860000610351562,1.936909143066406,-1.5298948608398437,0.9624690673828125,81.69465648854961,91.89312977099236,-5.877862595419847,-7.572859851074218,2.2170307373046874,-0.6368576416015624,-55.770992366412216,53.52671755725191,15.435114503816793,0.0
31.87000036239624,-0.8882488159179687,1.4101847778320311,4.161122485351562,122.03053435114504,120.62595419847328,-4.213740458015267,-7.220912207031249,1.879448303222656,1.4125789794921875,-87.12977099236642,70.50381679389314,18.870229007633586,0.0
31.880000352859497,0.39264907226562495,-0.08140285644531249,6.136338854980468,120.30534351145039,109.54198473282443,-3.572519083969466,-7.211335400390625,2.4851813232421875,-2.1978771240234374,-85.6030534351145,74.80916030534351,16.0,0.0
31.890000581741333,-4.874594580078124,4.153939880371094,5.279214660644531,139.12977099236642,124.06106870229007,1.0381679389312977,-9.79946739501953,0.16519991455078123,-2.3822306518554686,-81.93893129770993,71.95419847328245,21.404580152671755,0.0
31.90000081062317,-5.461173986816406,6.289567761230469,6.327874987792969,109.69465648854961,103.64885496183206,0.183206106870229,-12.454637036132812,-1.1827356201171875,-1.668758557128906,-71.1145038167939,78.73282442748092,26.458015267175572,0.0
31.910000324249268,-7.568071447753906,9.227253198242186,7.611167077636718,87.55725190839695,102.77862595419847,-0.5190839694656488,-12.619836950683593,-2.4109610717773435,1.9201497314453124,-67.32824427480917,77.69465648854961,33.51145038167939,0.0
31.920000791549683,-5.983109948730468,9.074024291992187,5.889736083984375,28.38167938931298,75.02290076335878,-3.1297709923664123,-10.958260998535156,0.93852705078125,-0.5865794067382812,-63.00763358778626,62.29007633587786,26.0,0.0
31.93000054359436,-7.524975817871093,9.296685046386719,6.117185241699218,-19.389312977099237,63.847328244274806,-4.916030534351145,-14.47294903564453,-2.6886884643554687,2.7437551025390623,-47.14503816793893,61.465648854961835,39.465648854961835,0.0
31.940000534057617,-8.25520732421875,6.58884296875,7.304709265136719,-56.900763358778626,52.94656488549618,-7.847328244274809,-13.000515014648437,-1.1228805786132812,2.6048914062499997,-47.404580152671755,51.49618320610687,31.328244274809162,0.0
31.950000524520874,-9.916783276367187,2.5450363647460934,11.420341918945311,-51.587786259541986,41.3587786259542,-5.404580152671755,-15.04755743408203,-4.2688615600585935,3.7421371948242186,-30.763358778625953,43.69465648854962,35.29770992366412,0.0
31.96000027656555,-11.738770739746093,0.5889736083984375,13.074735266113281,-12.259541984732824,34.36641221374046,6.748091603053435,-14.257470886230468,-2.6815058593749996,3.7014357666015623,-18.82442748091603,27.572519083969464,28.15267175572519,0.0
31.970000505447388,-17.176002709960937,6.0525417968749995,16.972495568847656,18.0,29.053435114503817,21.87786259541985,-14.367604162597656,-1.39821376953125,1.9009961181640624,-12.030534351145038,17.0381679389313,24.65648854961832,0.0
31.980000257492065,-17.113753466796872,5.691017346191406,13.51526837158203,20.229007633587788,23.17557251908397,48.35114503816794,-12.897564343261719,2.3965958618164063,0.1292868896484375,-20.671755725190838,5.862595419847328,19.557251908396946,0.0
31.9900004863739,-14.140155004882812,3.327940307617187,9.313444458007812,16.229007633587788,28.27480916030534,58.12213740458015,-14.975731384277342,0.8020575561523438,0.5339069702148437,-18.748091603053435,5.129770992366412,25.053435114503817,0.0
32.00000023841858,-14.982913989257812,7.261613635253906,4.469974499511719,-22.03053435114504,33.66412213740458,37.3587786259542,-15.327679028320311,0.45489831542968745,0.9840168823242187,-16.900763358778626,-0.24427480916030533,28.213740458015266,0.0
32.01000094413757,-10.539275708007812,3.6176387084960937,2.3630770385742186,-75.5114503816794,22.900763358778626,17.603053435114504,-14.525621472167968,0.5961562133789062,0.3902548706054687,-17.938931297709924,-7.969465648854962,31.404580152671755,0.0
32.02000045776367,-10.9941740234375,8.367734802246094,3.2561142578125,-115.31297709923665,28.3206106870229,0.48854961832061067,-14.513650463867187,0.9528922607421875,0.3495534423828125,-17.236641221374047,-9.16030534351145,30.015267175572518,0.0
32.03000092506409,-6.035782385253906,-3.744531396484375,2.138022082519531,-158.2290076335878,9.038167938931299,-1.8931297709923665,-15.569493395996092,0.33039982910156246,1.467645617675781,-14.961832061068701,-9.282442748091603,29.480916030534353,0.0
32.040000677108765,-3.284844677734375,-12.033257543945313,4.240131140136718,-88.0,41.06870229007634,-0.015267175572519083,-15.478513732910155,2.50912333984375,0.16998831787109375,-18.290076335877863,-17.328244274809162,24.27480916030534,0.0
32.0500009059906,-4.520252734375,-10.943895788574219,3.4955344238281247,-20.99236641221374,58.68702290076336,-18.33587786259542,-16.66843195800781,-0.5626373901367188,2.5234885498046875,-6.320610687022901,-11.450381679389313,24.48854961832061,0.0
32.060462951660156,-13.45780753173828,2.6982652709960937,3.5434184570312497,-14.900763358778626,53.61832061068702,-42.87022900763359,-17.106570861816405,0.21068974609375,2.674323254394531,1.6946564885496183,-23.786259541984734,16.015267175572518,0.0
32.070000648498535,-11.434707128906249,-0.6009446166992187,2.319981408691406,-52.2442748091603,41.954198473282446,-45.908396946564885,-15.873557006835936,1.70467158203125,2.4157494750976563,-2.1068702290076335,-34.70229007633588,12.213740458015268,0.0
32.08000063896179,-14.963760375976562,-0.93852705078125,3.1603461914062496,-49.55725190839695,59.12977099236641,-49.099236641221374,-14.695609790039061,2.437297290039062,2.35589443359375,-8.122137404580153,-38.229007633587784,9.038167938931299,0.0
32.09000062942505,-15.389928271484374,-0.4333505004882812,1.8315642700195311,-41.11450381679389,70.27480916030534,-49.81679389312977,-13.467384338378906,2.291250988769531,2.8993782104492185,-19.099236641221374,-38.38167938931298,6.2748091603053435,0.0
32.100000619888306,-18.60294689941406,4.92247861328125,1.687912170410156,-53.61832061068702,69.6793893129771,-50.88549618320611,-13.364433666992186,2.480392919921875,2.281674182128906,-23.69465648854962,-46.030534351145036,2.381679389312977,0.0
32.11000037193298,-14.257470886230468,2.5139117431640625,0.19393033447265623,-58.35114503816794,72.18320610687023,-40.61068702290076,-12.559981909179687,0.8762778076171874,2.499546533203125,-15.679389312977099,-48.06106870229008,4.473282442748092,0.0
32.12000107765198,-13.5990654296875,2.9568390502929685,-0.2346317626953125,-58.67175572519084,77.32824427480917,-40.13740458015267,-10.613495959472656,1.2473790649414063,-0.2705447875976562,-10.01526717557252,-58.06106870229008,-4.458015267175573,0.0
32.130000591278076,-12.804190478515624,3.1124621582031247,-0.622492431640625,-57.847328244274806,84.33587786259542,-38.18320610687023,-9.409212524414063,0.3280056274414062,0.13407529296874998,-13.374045801526718,-46.778625954198475,-4.213740458015267,0.0
32.14000082015991,-15.260641381835937,7.539341027832031,0.9888052856445312,-71.77099236641222,84.21374045801527,-37.603053435114504,-6.009446166992187,2.403778466796875,-3.749319799804687,-21.374045801526716,-47.29770992366412,-12.870229007633588,0.0
32.15000057220459,-10.228029492187499,2.3247698120117186,0.06943184814453125,-72.70229007633588,83.96946564885496,-20.12213740458015,-9.066841687011719,-0.7613561279296874,0.4213794921875,-16.702290076335878,-28.641221374045802,-11.099236641221374,0.0
32.16000056266785,-8.757989672851561,0.6488286499023437,0.6344634399414062,-63.541984732824424,89.93893129770993,-16.99236641221374,-2.6479870361328124,4.659116430664063,-7.580042456054687,-29.61832061068702,-37.267175572519086,-27.358778625954198,0.0
32.1700005531311,-4.563348364257812,-3.268085266113281,-0.33039982910156246,-44.35114503816794,93.17557251908397,-11.618320610687023,-7.484274389648437,-0.1005564697265625,-1.3551181396484375,-30.82442748091603,-1.2671755725190839,-14.900763358778626,0.0
32.18000078201294,-8.576030346679687,-2.4588451049804685,0.0,-36.213740458015266,95.23664122137404,-19.633587786259543,-5.504269616699219,2.327164013671875,-6.555324145507812,-4.152671755725191,-12.106870229007633,-18.916030534351144,0.0
32.19000053405762,-5.051765502929687,-7.077260107421875,0.4070142822265625,7.267175572519084,103.98473282442748,-19.282442748091604,-7.5153990112304685,1.3838485595703125,-3.8953661010742184,17.328244274809162,11.770992366412214,-9.236641221374045,0.0
32.200000286102295,-4.101267443847656,-6.6893994384765625,1.7501614135742187,44.68702290076336,115.29770992366412,-35.83206106870229,3.8091748413085935,16.95094775390625,-19.826383947753904,-3.282442748091603,-12.305343511450381,-25.81679389312977,0.0
32.21000051498413,-6.8785413696289055,-0.9074024291992187,4.338293408203125,59.70992366412214,118.03053435114504,-49.06870229007634,-5.389347937011719,15.406687683105467,-9.610325463867188,-135.17557251908397,120.36641221374046,10.564885496183207,0.0
32.22000050544739,-6.665457421875,0.37828386230468747,4.5322237426757805,69.19083969465649,115.74045801526718,-56.045801526717554,-0.9816226806640624,19.991583862304687,-13.998897106933592,-133.14503816793894,98.30534351145039,29.633587786259543,0.0
32.230000495910645,-8.468291271972657,2.70065947265625,3.9552211425781247,75.48091603053435,105.37404580152672,-58.18320610687023,-14.348450549316405,5.600037683105469,0.3806780639648437,-159.05343511450383,148.50381679389312,72.59541984732824,0.0
32.2400004863739,-9.284714038085937,1.5155296508789062,4.848258361816406,80.74809160305344,100.8854961832061,-57.14503816793893,-11.307814440917968,-4.029441394042968,2.6767174560546874,-38.900763358778626,132.3206106870229,88.41221374045801,0.0
32.25000047683716,-11.877634436035155,-0.49799394531249996,3.766079211425781,96.04580152671755,84.47328244274809,-57.603053435114504,-11.571176623535155,-9.667786303710937,2.6695348510742187,28.702290076335878,106.6412213740458,80.36641221374046,0.0
32.260000467300415,-10.991779821777342,-1.197100830078125,3.0526071166992184,122.29007633587786,80.18320610687023,-56.61068702290076,-5.197811804199218,-9.402029919433593,5.6024318847656245,62.97709923664122,79.45038167938931,53.43511450381679,0.0
32.27000093460083,-16.72110439453125,9.07163009033203,7.690175732421874,99.31297709923665,81.23664122137404,-60.67175572519084,-16.352397338867185,-29.975404785156247,14.520833068847656,157.32824427480915,37.55725190839695,39.725190839694655,0.0
32.28000092506409,-14.044386938476562,7.987056738281249,6.354211206054687,43.11450381679389,46.274809160305345,-44.51908396946565,-7.436390356445312,-11.271901416015623,8.55448253173828,221.2824427480916,5.114503816793893,31.282442748091604,0.0
32.290000915527344,-9.945513696289062,5.015852478027344,6.289567761230469,23.51145038167939,31.404580152671755,-32.01526717557252,-4.944026428222656,0.354341845703125,-0.3280056274414062,261.64885496183206,-56.93129770992366,20.213740458015266,0.0
32.30000066757202,-11.252747802734374,5.908889697265625,6.6510922119140625,11.404580152671755,26.27480916030534,-26.702290076335878,-14.674061975097656,-6.007051965332031,8.468291271972657,259.4351145038168,-60.48854961832061,15.221374045801527,0.0
32.31000065803528,-7.917624890136718,1.0893617553710937,4.3263223999023435,3.2519083969465647,14.305343511450381,-22.80916030534351,-10.670956799316405,-0.5363011718749999,2.7341782958984373,282.9770992366412,-119.45038167938931,0.12213740458015267,0.0
32.320000648498535,-8.044517578125,2.923320227050781,3.287238879394531,2.2900763358778624,14.198473282442748,-23.17557251908397,-14.204798449707031,5.609614489746093,3.5697546752929687,233.26717557251908,-122.42748091603053,-11.221374045801527,0.0
32.33000063896179,-7.6997525390625,3.9360675292968748,2.896984008789062,-11.969465648854962,16.442748091603054,-21.862595419847327,-10.876858142089842,8.865728747558594,1.4101847778320311,173.63358778625954,-142.91603053435114,-22.870229007633586,0.0
32.34000062942505,-7.259219433593749,6.064512805175781,2.2170307373046874,-30.015267175572518,18.977099236641223,-18.99236641221374,-11.990161914062499,9.674968908691406,-0.2657563842773437,101.5114503816794,-131.95419847328245,-29.0381679389313,0.0
32.350000619888306,-6.246472131347656,6.713341455078124,1.7118541870117185,-51.98473282442748,25.709923664122137,-13.84732824427481,-10.352527978515624,8.736441857910156,-1.7286135986328124,36.0,-113.89312977099236,-31.87786259541985,0.0
32.36000061035156,-6.380547424316406,5.954379528808594,2.427720483398437,-68.73282442748092,33.89312977099237,-9.450381679389313,-12.131419812011718,2.446874096679687,0.622492431640625,-10.091603053435115,-85.5114503816794,-28.763358778625953,0.0
32.37000060081482,-9.890447058105469,6.696582043457031,3.0550013183593747,-90.73282442748092,36.36641221374046,-7.267175572519084,-6.375759020996093,4.6639048339843745,-2.7054478759765623,-35.9236641221374,-94.45801526717557,-39.847328244274806,0.0
32.3800003528595,-9.576806640625,4.146757275390625,1.7405846069335937,-97.3587786259542,25.908396946564885,4.290076335877862,-9.004592443847656,0.3711012573242187,-1.3335703247070312,-60.93129770992366,-80.42748091603053,-39.06870229007634,0.0
32.39000058174133,-9.682151513671874,1.9919757812499999,2.1715409057617188,-98.50381679389314,29.862595419847327,8.793893129770993,-7.252036828613281,2.2361843505859373,-2.379836450195312,-72.7175572519084,-79.25190839694656,-48.88549618320611,0.0
32.40000033378601,-11.077971081542968,1.0366893188476562,2.051830822753906,-94.4885496183206,27.053435114503817,8.396946564885496,-11.49216796875,-1.5370774658203123,0.5602431884765625,-76.09160305343511,-64.13740458015268,-46.82442748091603,0.0
32.41000056266785,-10.350133776855468,-0.9433154541015625,1.5442600708007812,-80.76335877862596,23.16030534351145,8.702290076335878,-11.291055029296874,-1.3551181396484375,0.5099649536132812,-42.88549618320611,-80.16793893129771,-54.045801526717554,0.0
32.4200005531311,-11.348515869140625,-1.2114660400390624,0.9337386474609375,-68.21374045801527,22.946564885496183,7.190839694656488,-12.452242834472656,-2.3774422485351563,2.616862414550781,-18.763358778625953,-79.43511450381679,-56.916030534351144,0.0
32.43000054359436,-11.142614526367186,-1.9871873779296874,0.842758984375,-65.37404580152672,19.0381679389313,5.6183206106870225,-12.878410729980468,-0.9935936889648437,0.4836287353515625,13.038167938931299,-101.3587786259542,-62.35114503816794,0.0
32.44000053405762,-11.444283935546874,-1.8100164550781248,1.7214309936523438,-63.66412213740458,16.442748091603054,5.6183206106870225,-11.81777939453125,0.22266075439453123,1.4700398193359374,10.961832061068701,-91.25190839694656,-61.61832061068702,0.0
32.450000524520874,-9.5384994140625,-2.6216508178710938,2.499546533203125,-51.9236641221374,20.519083969465647,5.267175572519084,-7.117961535644531,5.7508723876953125,-0.8188169677734375,5.923664122137405,-94.1526717557252,-64.80916030534351,0.0
32.46000051498413,-9.624690673828125,-1.4508862060546874,2.7557261108398436,-46.152671755725194,22.641221374045802,1.5114503816793894,-6.660669018554687,7.022193469238281,-1.350329736328125,-2.9770992366412212,-88.04580152671755,-52.94656488549618,0.0
32.47000050544739,-9.6917283203125,-0.45489831542968745,3.778050219726562,-42.82442748091603,21.66412213740458,-0.9312977099236641,-6.095637426757812,6.332663391113281,-0.02154781494140625,-17.61832061068702,-68.1526717557252,-42.35114503816794,0.0
32.48010230064392,-9.519345800781249,-0.5363011718749999,4.086902233886718,-43.221374045801525,19.114503816793892,-0.15267175572519084,-5.609614489746093,5.231330627441406,-0.6248866333007812,-21.129770992366414,-64.8854961832061,-36.44274809160305,0.0
32.49000644683838,-9.425971936035156,-0.6464344482421874,4.489128112792969,-36.87022900763359,16.366412213740457,-1.3587786259541985,-7.788338000488281,2.1619640991210938,0.3184288208007812,-27.954198473282442,-41.41984732824427,-27.69465648854962,0.0
32.50000047683716,-9.679757312011718,-0.40222587890625,4.484339709472656,-33.954198473282446,14.687022900763358,-3.8625954198473282,-7.577648254394531,0.9552864624023437,-0.18914193115234373,-21.66412213740458,-36.85496183206107,-25.14503816793893,0.0
32.510756731033325,-9.399635717773437,-0.5626373901367188,4.242525341796875,-24.53435114503817,10.992366412213741,-6.488549618320611,-7.426813549804687,1.3862427612304686,-0.8451531860351562,-20.12213740458015,-27.19083969465649,-25.755725190839694,0.0
32.52000069618225,-8.125920434570313,-2.0254946044921875,3.9456443359374997,-7.770992366412214,8.335877862595419,-7.923664122137405,-7.994239343261718,0.48123453369140623,-0.36152445068359373,-22.763358778625953,-17.49618320610687,-25.282442748091604,0.0
32.53000092506409,-8.84178673095703,-0.08379705810546874,4.572925170898437,3.9236641221374047,13.49618320610687,-14.0,-5.772420202636718,1.4173673828125,-0.2442085693359375,-25.328244274809162,-12.274809160305344,-26.366412213740457,0.0
32.540000677108765,-8.930372192382812,-0.45489831542968745,4.091690637207031,11.511450381679388,8.290076335877863,-15.114503816793894,-7.903259680175781,0.13168109130859373,1.3575123413085937,-22.3206106870229,-8.381679389312977,-20.366412213740457,0.0
32.5500009059906,-8.882488159179687,-0.6464344482421874,4.352658618164062,25.96946564885496,15.17557251908397,-15.419847328244275,-6.5601125488281244,0.4381389038085937,1.6065093139648436,-13.86259541984733,-9.603053435114504,-17.297709923664122,0.0
32.56000065803528,-10.297461340332031,1.254561669921875,6.040570788574218,22.610687022900763,14.65648854961832,-18.213740458015266,-6.900089184570312,0.59376201171875,1.714248388671875,-8.488549618320612,-11.572519083969466,-14.244274809160306,0.0
32.570000886917114,-10.302249743652343,1.7381904052734374,6.584054565429687,16.0,4.564885496183206,-15.236641221374045,-7.151480358886718,1.0175357055664063,1.8028338500976562,-7.145038167938932,-12.916030534351146,-11.618320610687023,0.0
32.58000063896179,-10.103531005859374,1.656787548828125,6.706158850097656,12.335877862595419,-2.595419847328244,-10.366412213740459,-7.8362220336914055,1.0989385620117187,2.214636535644531,-8.916030534351146,-11.32824427480916,-10.229007633587786,0.0
32.59000062942505,-11.226411584472656,3.5865140869140624,9.6917283203125,8.931297709923664,-8.946564885496183,-10.076335877862595,-7.800309008789062,1.0127473022460938,2.3726538452148436,-12.83969465648855,-10.946564885496183,-9.877862595419847,0.0
32.60000038146973,-10.24000050048828,2.6958710693359373,9.753977563476562,6.458015267175573,-27.51145038167939,-7.022900763358779,-7.003039855957031,1.209071838378906,1.369483349609375,-17.908396946564885,-9.969465648854962,-9.16030534351145,0.0
32.61000061035156,-11.820173596191406,3.402160559082031,11.686098303222655,13.450381679389313,-39.48091603053435,-4.473282442748092,-8.413224633789062,-0.8451531860351562,1.209071838378906,-16.458015267175572,-4.549618320610687,-5.511450381679389,0.0
32.62000107765198,-12.73715283203125,2.8203695556640622,12.739547033691405,17.114503816793892,-60.48854961832061,-3.816793893129771,-7.745242370605468,-1.6328455322265625,-2.0781670410156248,-4.0,-2.0610687022900764,-5.694656488549619,0.0
32.630000591278076,-13.165714929199218,2.1595698974609374,13.594277026367187,33.48091603053435,-77.89312977099236,0.12213740458015267,-5.681440539550781,0.7948749511718749,-5.4013189453125,14.900763358778626,6.030534351145038,-7.267175572519084,0.0
32.64000082015991,-11.575965026855467,-0.9600748657226562,11.604695446777344,43.221374045801525,-102.42748091603053,1.618320610687023,-7.331045483398437,3.1172505615234374,-5.046977099609375,31.557251908396946,15.389312977099237,-5.969465648854962,0.0
32.65000057220459,-14.034810131835936,-0.7158662963867187,12.801796276855468,45.847328244274806,-118.13740458015268,-1.83206106870229,-5.734112976074218,6.342240197753906,-3.928884924316406,28.595419847328245,25.068702290076335,-7.557251908396947,0.0
32.660001039505005,-14.053963745117187,-1.1611878051757811,12.998120812988281,43.11450381679389,-148.9618320610687,1.5267175572519085,-11.128249316406249,4.790797521972656,-0.062249243164062495,19.709923664122137,28.80916030534351,4.290076335877862,0.0
32.67000079154968,-16.457742211914063,0.9409212524414062,13.833697192382811,56.900763358778626,-167.9083969465649,10.229007633587786,-10.654197387695312,4.496310717773437,2.6791116577148437,5.755725190839694,25.404580152671755,7.312977099236641,0.0
32.68000078201294,-18.205509423828126,4.407725256347656,13.48414375,60.916030534351144,-193.23664122137404,23.87786259541985,-10.87206973876953,4.604049792480469,2.5234885498046875,-18.977099236641223,27.129770992366414,8.564885496183207,0.0
32.69000053405762,-17.432182287597655,5.609614489746093,10.031704956054687,58.35114503816794,-218.85496183206106,44.396946564885496,-14.89432852783203,1.8052280517578123,3.2632968627929686,-37.37404580152672,34.12213740458015,18.0,0.0
32.700000524520874,-16.50323204345703,3.7708676147460936,4.565742565917969,54.25954198473283,-225.5114503816794,63.29770992366412,-13.989320300292968,1.9321207397460936,2.849099975585937,-26.931297709923665,18.198473282442748,16.137404580152673,0.0
32.71000027656555,-14.477737438964843,0.2346317626953125,-1.0869675537109373,34.79389312977099,-222.74809160305344,76.59541984732824,-11.116278308105468,1.5753846923828123,0.679953271484375,-19.83206106870229,9.86259541984733,14.366412213740459,0.0
32.72000026702881,-11.429918725585937,-4.101267443847656,-5.384559533691406,27.0381679389313,-213.29770992366412,85.93893129770993,-10.740388647460938,0.0718260498046875,0.6512228515624999,-25.66412213740458,17.908396946564885,20.870229007633586,0.0
32.730000495910645,-10.407594616699217,-7.101202124023437,-6.4739212890625,23.908396946564885,-191.29770992366412,83.77099236641222,-7.9463553100585935,-0.5817910034179687,-1.7812860351562498,-38.10687022900763,15.206106870229007,21.14503816793893,0.0
32.7400004863739,-9.708487731933593,-8.384494213867187,-5.444414575195312,5.465648854961832,-179.46564885496184,66.56488549618321,-9.792284790039062,-3.3255461059570313,-1.3862427612304686,-40.35114503816794,22.763358778625953,22.30534351145038,0.0
32.75000047683716,-9.97184991455078,-8.066065393066406,-2.9759926635742184,-12.83969465648855,-168.793893129771,38.58015267175573,-10.031704956054687,-4.139574670410156,-0.9504980590820312,-31.862595419847327,23.64885496183206,18.53435114503817,0.0
32.760000705718994,-10.517727893066406,-7.369352709960937,3.086125939941406,4.977099236641221,-150.4732824427481,20.442748091603054,-8.894459167480468,-2.473210314941406,-1.2593500732421874,-18.396946564885496,17.17557251908397,11.083969465648854,0.0
32.77000093460083,-12.380416784667968,-3.294421484375,6.232106921386718,46.56488549618321,-135.5114503816794,13.709923664122137,-11.58075343017578,-2.612074011230469,-0.00718260498046875,-7.908396946564886,21.435114503816795,12.030534351145038,0.0
32.78000044822693,-14.444218615722656,1.956062756347656,6.926425402832031,65.89312977099236,-131.95419847328245,15.801526717557252,-12.220005273437499,-1.599326708984375,1.465251416015625,0.22900763358778625,22.366412213740457,13.267175572519085,0.0
32.790000677108765,-13.72595811767578,4.632780212402343,4.113238452148437,71.90839694656489,-119.46564885496183,26.12213740458015,-8.82981572265625,0.5363011718749999,0.3399766357421875,-3.3282442748091605,20.870229007633586,7.923664122137405,0.0
32.80000042915344,-15.533580371093748,8.552088330078124,3.6655227416992187,24.778625954198475,-132.0763358778626,26.748091603053435,-10.627861169433594,-0.6631938598632812,1.4987702392578124,5.709923664122138,26.27480916030534,10.351145038167939,0.0
32.81000065803528,-13.371616271972655,5.391742138671875,2.4444798950195312,-18.137404580152673,-143.09923664122138,37.32824427480916,-8.82981572265625,0.5698199951171875,0.5243301635742187,4.702290076335878,26.137404580152673,9.083969465648854,0.0
32.820000648498535,-10.991779821777342,2.020706201171875,1.3838485595703125,-50.94656488549618,-146.76335877862596,44.900763358778626,-9.205705383300781,0.6655880615234374,0.4165910888671875,8.51908396946565,30.12213740458015,9.679389312977099,0.0
32.83000063896179,-7.115567333984375,-1.9105729248046874,-0.9720458740234375,-60.58015267175573,-147.00763358778627,47.19083969465649,-10.070012182617187,0.3399766357421875,1.0989385620117187,10.992366412213741,32.06106870229008,12.625954198473282,0.0
32.84000039100647,-3.296815686035156,-5.159504577636718,-2.89219560546875,-48.10687022900763,-133.93893129770993,44.87022900763359,-12.492944262695312,-2.0278888061523435,2.070984436035156,23.068702290076335,31.236641221374047,13.48091603053435,0.0
32.850000619888306,-2.300827795410156,-5.604826086425781,-2.549824768066406,-25.450381679389313,-111.74045801526718,33.343511450381676,-9.648632690429688,0.9002198242187499,0.565031591796875,30.458015267175572,24.27480916030534,10.305343511450381,0.0
32.86000037193298,5.279214660644531,-10.697293017578124,-4.853046765136718,14.15267175572519,-92.4885496183206,31.17557251908397,-6.461950280761719,2.901772412109375,-1.924938134765625,21.297709923664122,21.450381679389313,8.610687022900763,0.0
32.87000060081482,2.0159177978515626,-6.294356164550781,-2.185906115722656,57.14503816793893,-42.67175572519084,21.633587786259543,-9.435548742675781,-0.19393033447265623,0.33039982910156246,22.16793893129771,37.587786259541986,18.076335877862597,0.0
32.880000591278076,3.9743747558593747,-6.5768719604492185,-3.9911341674804683,93.06870229007633,-18.076335877862597,13.954198473282442,-6.567295153808593,2.370259643554687,-0.3184288208007812,24.793893129770993,31.053435114503817,13.48091603053435,0.0
32.89000058174133,-1.5825672973632812,2.4253262817382812,1.2928688964843749,96.33587786259542,10.580152671755725,2.7938931297709924,-9.550470422363281,0.009576806640625,1.4891934326171874,25.14503816793893,44.06106870229008,21.00763358778626,0.0
32.90000081062317,-6.959944226074218,10.101136804199218,3.651157531738281,38.67175572519084,0.9923664122137404,-6.778625954198473,-8.413224633789062,1.2880804931640624,0.9169792358398436,22.061068702290076,42.42748091603053,17.389312977099237,0.0
32.91000056266785,-2.042254016113281,6.845022546386718,1.0342951171875,-1.4198473282442747,-3.816793893129771,11.816793893129772,-6.141127258300781,5.430049365234375,-1.5298948608398437,-8.717557251908397,37.969465648854964,13.709923664122137,0.0
32.92000079154968,9.1554271484375,-7.0844427124023435,-1.0893617553710937,19.00763358778626,13.17557251908397,34.18320610687023,-7.529764221191406,2.6695348510742187,0.4261678955078125,-40.274809160305345,59.74045801526717,22.83969465648855,0.0
32.93000054359436,4.031835595703125,-6.423643054199219,1.0462661254882812,74.70229007633588,67.16030534351145,27.72519083969466,-8.547299926757812,0.9576806640625,-0.4836287353515625,-41.64885496183206,59.55725190839695,19.587786259541986,0.0
32.940000772476196,8.271966735839843,-14.935029956054686,1.0558429321289062,134.73282442748092,76.0,15.099236641221374,-7.936778503417968,0.04548983154296875,0.11252747802734374,-50.87022900763359,61.61832061068702,19.022900763358777,0.0
32.950000524520874,7.182604980468749,-11.054029064941405,2.4588451049804685,221.86259541984734,124.38167938931298,4.931297709923665,-7.4962453979492185,-0.40222587890625,0.3950432739257812,-70.7175572519084,76.83969465648855,22.80916030534351,0.0
32.96000051498413,-0.4908113403320312,-1.5777788940429687,1.3646949462890625,243.70992366412213,134.6259541984733,-19.297709923664122,-6.356605407714843,-0.2825157958984375,-0.70868369140625,-66.93129770992367,71.89312977099236,18.15267175572519,0.0
32.97000050544739,-12.107477795410155,13.503297363281249,4.039018200683594,214.99236641221373,141.84732824427482,-33.80152671755725,-8.851363537597656,-0.02154781494140625,0.7876923461914062,-75.54198473282443,77.14503816793894,24.916030534351144,0.0
32.980000495910645,-10.94868419189453,19.773711511230466,5.374982727050781,109.02290076335878,107.89312977099236,-30.366412213740457,-11.573570825195311,1.7788918334960937,-0.8858546142578124,-88.1526717557252,71.0381679389313,23.14503816793893,0.0
32.99000072479248,-8.695740429687499,17.726669091796875,5.276820458984375,9.954198473282442,80.10687022900764,-20.076335877862597,-13.804966772460936,-0.6440402465820312,2.094926452636719,-89.19083969465649,71.5114503816794,36.79389312977099,0.0
33.00000023841858,-5.7125651611328125,11.865663427734374,5.643133312988281,-65.38931297709924,51.98473282442748,-14.946564885496183,-15.143325500488281,-3.1100679565429687,3.9456443359374997,-62.83969465648855,59.74045801526717,34.67175572519084,0.0
33.01000094413757,-3.201047619628906,3.6272155151367187,4.774038110351563,-88.51908396946565,38.6412213740458,-9.633587786259541,-14.271836096191405,-4.122815258789062,2.7269956909179687,-27.84732824427481,43.6793893129771,31.114503816793892,0.0
33.02000045776367,-5.255272644042968,1.668758557128906,6.9168485961914055,-63.7557251908397,53.06870229007634,-9.49618320610687,-13.148955517578123,-3.289633081054687,2.1164742675781247,-16.442748091603054,38.595419847328245,22.229007633587788,0.0
33.03000092506409,-8.202534887695313,0.09576806640624999,12.368445776367187,-32.916030534351144,48.35114503816794,-6.8396946564885495,-13.187262744140623,-2.4851813232421875,2.233790148925781,2.9923664122137406,31.557251908396946,17.053435114503817,0.0
33.040000677108765,-12.86404552001953,7.697358337402343,19.220650927734376,6.5038167938931295,41.29770992366412,1.251908396946565,-12.708422412109375,-0.02633621826171875,1.6735469604492186,3.450381679389313,23.358778625954198,12.106870229007633,0.0
33.0500009059906,-15.981296081542968,5.968744738769531,19.029114794921874,8.763358778625955,14.106870229007633,23.053435114503817,-12.265495104980468,2.0781670410156248,1.369483349609375,-11.511450381679388,16.732824427480917,9.358778625954198,0.0
33.0600004196167,-17.700332873535157,7.539341027832031,13.941436267089843,32.0,19.908396946564885,53.52671755725191,-13.000515014648437,2.8323405639648436,1.2114660400390624,-27.52671755725191,11.053435114503817,11.954198473282442,0.0
33.070000648498535,-13.196839550781249,2.8227637573242186,7.635109094238281,21.16030534351145,22.412213740458014,62.274809160305345,-13.989320300292968,2.35589443359375,1.4413093994140624,-37.6793893129771,5.786259541984733,13.603053435114504,0.0
33.08000063896179,-13.876792822265624,9.993397729492187,3.6631285400390623,-35.05343511450382,24.137404580152673,37.954198473282446,-14.583082312011717,1.4006079711914061,1.2497732666015624,-39.06870229007634,-1.2061068702290076,19.893129770992367,0.0
33.09000062942505,-9.878476049804688,5.9591679321289055,-0.9504980590820312,-108.21374045801527,6.473282442748092,20.778625954198475,-14.477737438964843,0.7876923461914062,0.5339069702148437,-36.0,-10.625954198473282,27.14503816793893,0.0
33.100000858306885,-12.679691992187498,7.613561279296874,5.645527514648437,-140.0916030534351,14.396946564885496,10.610687022900763,-15.195997937011718,-0.15322890625,0.6177040283203125,-24.885496183206108,-11.709923664122137,28.244274809160306,0.0
33.11000061035156,-5.341463903808593,-6.129156249999999,6.007051965332031,-158.0916030534351,-3.0076335877862594,10.65648854961832,-13.61103643798828,2.9855694702148434,-2.114080065917969,-28.931297709923665,-19.61832061068702,19.19083969465649,0.0
33.12000036239624,-4.4819455078125,-10.134655627441406,3.0837317382812497,-95.37404580152672,23.206106870229007,10.244274809160306,-16.68279716796875,0.20350714111328125,0.6919242797851562,-9.282442748091603,-6.885496183206107,25.099236641221374,0.0
33.130000591278076,-4.2880151733398435,-10.060435375976562,1.8124106567382812,-31.297709923664122,38.656488549618324,-4.641221374045801,-14.571111303710937,1.4820108276367188,-0.023942016601562498,-6.076335877862595,-15.648854961832061,12.885496183206106,0.0
33.14000082015991,-10.769119067382812,-1.6927005737304686,2.1021090576171875,-23.49618320610687,47.86259541984733,-28.717557251908396,-15.112200878906249,3.897760302734375,-0.32561142578124996,-10.82442748091603,-15.236641221374045,14.412213740458014,0.0
33.15000057220459,-13.730746520996092,-0.6679822631835937,3.4931402221679684,-49.61832061068702,45.083969465648856,-42.99236641221374,-13.804966772460936,3.81156904296875,-0.2705447875976562,-22.12213740458015,-11.404580152671755,19.61832061068702,0.0
33.160000801086426,-15.464148522949218,0.7876923461914062,3.1507693847656246,-52.961832061068705,48.82442748091603,-43.83206106870229,-12.23197628173828,4.357447021484375,-3.1364041748046874,-33.19083969465649,-18.717557251908396,18.763358778625953,0.0
33.1700005531311,-13.797784167480469,-0.06464344482421874,1.9033903198242186,-49.282442748091604,58.534351145038165,-37.343511450381676,-13.594277026367187,2.0446482177734375,-0.28012159423828126,-29.51145038167939,-11.206106870229007,23.46564885496183,0.0
33.18000054359436,-16.78335363769531,3.878606689453125,2.7820623291015623,-52.25954198473283,66.70229007633588,-38.87022900763359,-13.074735266113281,2.2960393920898436,-0.6464344482421874,-24.290076335877863,-17.251908396946565,19.709923664122137,0.0
33.19000053405762,-12.033257543945313,1.388636962890625,1.2904746948242187,-52.12213740458015,68.70229007633588,-28.396946564885496,-11.616666455078125,4.103661645507812,0.9217676391601562,-22.85496183206107,-13.908396946564885,19.557251908396946,0.0
33.200000286102295,-11.863269226074218,2.6336218261718747,0.6679822631835937,-54.79389312977099,69.83206106870229,-28.27480916030534,-3.909731311035156,9.521740002441407,-5.968744738769531,-48.091603053435115,-19.267175572519083,14.65648854961832,0.0
33.21000027656555,-11.276689819335937,2.31758720703125,0.5123591552734374,-55.69465648854962,74.13740458015268,-22.870229007633586,-10.292672937011718,3.1387983764648437,-0.031124621582031248,-51.25190839694657,13.526717557251908,31.236641221374047,0.0
33.22000050544739,-9.289502441406249,0.6631938598632812,0.7781155395507812,-36.152671755725194,84.61068702290076,-20.396946564885496,-6.282385156249999,6.059724401855468,-4.666299035644531,-41.02290076335878,1.8778625954198473,30.68702290076336,0.0
33.230000495910645,-8.99501563720703,0.1292868896484375,0.6679822631835937,-22.885496183206108,90.33587786259542,-18.717557251908396,-9.325415466308593,0.03591302490234375,-0.009576806640625,-48.656488549618324,31.34351145038168,38.458015267175576,0.0
33.2400004863739,-10.520122094726561,2.8993782104492185,2.1404162841796874,-13.923664122137405,95.86259541984732,-20.641221374045802,-4.410119458007812,5.5258174316406246,-10.290278735351562,-39.49618320610687,3.801526717557252,29.206106870229007,0.0
33.25000047683716,-9.112331518554686,3.076549133300781,2.1906945190429687,-15.725190839694656,90.36641221374046,-14.885496183206106,-9.0788126953125,-1.7741034301757812,-1.9919757812499999,-87.38931297709924,63.770992366412216,34.29007633587786,0.0
33.260000705718994,-7.352593298339843,2.0973206542968748,2.319981408691406,-1.9389312977099236,93.83206106870229,-12.320610687022901,2.1164742675781247,8.846575134277343,-16.438588598632812,-88.93129770992367,34.2442748091603,20.83969465648855,0.0
33.27000093460083,-14.204798449707031,6.622361791992187,5.839457849121094,-7.679389312977099,102.12213740458016,-18.916030534351144,-9.320627062988281,-2.952050646972656,0.8044517578125,-131.12977099236642,96.76335877862596,37.603053435114504,0.0
33.28000068664551,-6.873752966308594,-1.936909143066406,3.756502404785156,-3.145038167938931,81.32824427480917,-7.465648854961832,-3.854664672851562,5.5258174316406246,-5.748478186035156,-66.29007633587786,56.900763358778626,34.274809160305345,0.0
33.290000915527344,-6.4092778442382805,-4.668693237304687,3.42849677734375,32.916030534351144,90.36641221374046,-12.564885496183207,-10.979808813476561,-3.801992236328125,0.29448680419921874,-33.11450381679389,84.65648854961832,47.954198473282446,0.0
33.30000066757202,-10.479420666503906,-4.735730883789063,4.520252734375,56.80916030534351,89.2824427480916,-30.625954198473284,-11.396399902343749,-6.198588098144531,7.455543969726562,81.43511450381679,70.42748091603053,31.64885496183206,0.0
33.31000065803528,-9.121908325195312,-4.917690209960937,3.6679169433593746,81.95419847328245,81.93893129770993,-40.87022900763359,-4.352658618164062,-2.7629087158203123,0.3112462158203125,102.68702290076335,42.045801526717554,21.770992366412212,0.0
33.320000410079956,-13.067552661132812,4.132392065429687,5.530605834960937,73.57251908396947,78.6412213740458,-50.97709923664122,-10.704475622558594,-8.552088330078124,7.005434057617187,146.73282442748092,22.916030534351144,1.83206106870229,0.0
33.33000087738037,-9.038111267089842,3.766079211425781,3.7517140014648436,44.99236641221374,59.11450381679389,-43.099236641221374,-3.402160559082031,9.131485131835937,-3.7014357666015623,145.6030534351145,-9.16030534351145,7.770992366412214,0.0
33.34000062942505,-9.840168823242188,4.031835595703125,4.735730883789063,32.274809160305345,62.62595419847328,-40.2442748091603,-10.256759912109374,-2.5234885498046875,5.655104321289063,147.6030534351145,2.6717557251908395,15.587786259541986,0.0
33.350000619888306,-7.915230688476562,0.17956512451171874,2.935291235351562,32.54961832061068,63.38931297709924,-39.7557251908397,-5.322310290527343,7.287949853515625,-0.7015010864257812,177.14503816793894,-50.900763358778626,1.4961832061068703,0.0
33.36000037193298,-8.128314636230469,0.9217676391601562,2.3056161987304686,31.221374045801525,66.36641221374046,-39.87786259541985,-11.628637463378906,-1.2785036865234374,4.412513659667969,151.87786259541986,-31.51145038167939,14.564885496183207,0.0
33.37000036239624,-6.167463476562499,-0.2609679809570312,1.4508862060546874,34.82442748091603,68.74809160305344,-41.45038167938932,-8.154650854492187,3.9839515624999997,0.8044517578125,154.5801526717557,-64.47328244274809,0.9923664122137404,0.0
33.380000591278076,-8.8872765625,4.891353991699218,2.5234885498046875,23.419847328244273,75.95419847328245,-44.36641221374046,-6.675034228515624,3.928884924316406,1.599326708984375,116.83969465648855,-58.88549618320611,-0.16793893129770993,0.0
33.390000343322754,-7.994239343261718,4.908113403320312,2.2481553588867187,4.030534351145038,69.48091603053435,-38.29007633587786,-5.513846423339843,7.630320690917968,-2.844311572265625,91.37404580152672,-76.58015267175573,-11.19083969465649,0.0
33.40000033378601,-9.085995300292968,6.658274816894531,2.6336218261718747,-15.053435114503817,68.1526717557252,-33.847328244274806,-8.556876733398436,6.1459156616210935,-2.674323254394531,57.3587786259542,-66.13740458015268,-12.335877862595419,0.0
33.41000032424927,-9.054870678710937,6.993463049316406,3.2824504760742186,-39.725190839694655,64.01526717557252,-26.53435114503817,-9.105148913574219,5.221753820800781,-1.5753846923828123,11.84732824427481,-45.63358778625954,-13.068702290076336,0.0
33.42000079154968,-10.08677159423828,5.408501550292969,3.1962592163085937,-64.41221374045801,57.17557251908397,-18.65648854961832,-11.777077966308592,1.6831237670898436,1.6424223388671875,5.251908396946565,-41.63358778625954,-13.526717557251908,0.0
33.43000030517578,-8.987833032226561,2.300827795410156,2.8036101440429686,-69.16030534351145,51.954198473282446,-12.610687022900763,-9.358934289550781,3.0980969482421874,0.2346317626953125,-5.419847328244275,-47.80152671755725,-23.251908396946565,0.0
33.440000772476196,-9.524134204101562,0.30406361083984373,2.2864625854492187,-65.6030534351145,50.79389312977099,-11.511450381679388,-13.3692220703125,-1.9943699829101562,2.91134921875,6.793893129770993,-49.725190839694655,-24.366412213740457,0.0
33.450000286102295,-10.740388647460938,0.8475473876953125,2.43250888671875,-55.12977099236641,50.87022900763359,-15.587786259541986,-9.718064538574218,2.2194249389648437,0.42377369384765623,10.885496183206106,-67.90839694656489,-38.06106870229008,0.0
33.46000027656555,-10.960655200195312,0.201112939453125,1.6232687255859375,-55.86259541984733,42.80916030534351,-14.793893129770993,-14.669273571777342,-1.4772224243164063,3.73495458984375,21.083969465648856,-72.68702290076335,-38.152671755725194,0.0
33.47000050544739,-9.543287817382812,-0.5578489868164063,1.2976572998046874,-44.717557251908396,44.01526717557252,-16.458015267175572,-12.540828295898438,1.235408056640625,1.4724340209960938,21.908396946564885,-81.31297709923665,-48.97709923664122,0.0
33.480000495910645,-10.474632263183594,0.023942016601562498,1.3934253662109375,-39.70992366412214,43.41984732824427,-20.137404580152673,-12.9861498046875,0.3327940307617187,4.209006518554688,27.908396946564885,-86.09160305343511,-50.778625954198475,0.0
33.4900004863739,-9.842563024902343,-0.7565677246093749,1.0893617553710937,-28.38167938931298,41.48091603053435,-21.923664122137403,-11.056423266601563,2.8754361938476563,-0.21068974609375,44.87022900763359,-111.14503816793894,-65.64885496183206,0.0
33.50000023841858,-10.733206042480468,0.38786066894531246,0.7422025146484375,-19.16030534351145,42.045801526717554,-23.96946564885496,-11.640608471679688,2.7820623291015623,1.1276689819335937,34.0763358778626,-107.92366412213741,-63.80152671755725,0.0
33.51000094413757,-9.74200655517578,0.8116343627929687,0.97683427734375,-15.236641221374045,41.770992366412216,-23.587786259541986,-10.594342346191405,4.673481640625,-1.0007762939453124,23.328244274809162,-112.30534351145039,-67.58778625954199,0.0
33.52000069618225,-10.146626635742187,2.1811177124023438,1.9536685546875,-19.00763358778626,41.29770992366412,-22.80916030534351,-10.137049829101562,4.599261389160156,0.11013327636718749,0.6870229007633588,-96.54961832061069,-61.725190839694655,0.0
33.53000092506409,-10.292672937011718,2.7581203125,2.518700146484375,-25.96946564885496,37.45038167938932,-20.396946564885496,-8.429984045410155,5.128379956054687,-1.8291700683593748,-18.65648854961832,-87.93893129770993,-57.14503816793893,0.0
33.540000438690186,-9.79946739501953,2.3247698120117186,3.1675287963867187,-32.396946564885496,31.49618320610687,-17.022900763358777,-4.855440966796874,5.722141967773437,-1.7908628417968748,-29.572519083969464,-78.38167938931298,-58.0,0.0
33.55000066757202,-9.871293444824218,2.1308394775390624,3.356670727539062,-34.732824427480914,25.938931297709924,-14.580152671755725,-8.197746484375,2.9185318237304685,-0.33758243408203126,-34.045801526717554,-65.26717557251908,-50.80916030534351,0.0
33.56000065803528,-9.447519750976562,1.446097802734375,4.072537023925781,-34.82442748091603,21.435114503816795,-13.267175572519085,-6.5768719604492185,3.327940307617187,-0.45489831542968745,-38.229007633587784,-56.091603053435115,-48.10687022900763,0.0
33.570000886917114,-9.253589416503905,1.3455413330078123,4.517858532714843,-32.0763358778626,17.19083969465649,-11.221374045801527,-4.642357019042969,5.042188696289062,-2.384624853515625,-37.05343511450382,-59.19083969465649,-44.13740458015267,0.0
33.58000040054321,-9.955090502929687,1.1133037719726562,4.058171813964844,-29.19083969465649,14.916030534351146,-8.992366412213741,-10.656591589355468,-0.3064578125,0.5434837768554687,-19.587786259541986,-55.31297709923664,-31.435114503816795,0.0
33.59000039100647,-9.533711010742186,0.4429273071289062,4.019864587402344,-21.61832061068702,14.106870229007633,-5.297709923664122,-8.975862023925782,0.3758896606445312,0.3854664672851562,2.5343511450381677,-59.31297709923664,-33.86259541984733,0.0
33.60000038146973,-9.624690673828125,0.8786720092773437,3.6248213134765623,-17.755725190839694,14.992366412213741,-0.6259541984732825,-8.238447912597655,0.8044517578125,-0.40940848388671874,6.305343511450381,-55.6793893129771,-32.13740458015267,0.0
33.61000037193298,-10.658985791015624,1.218648645019531,3.744531396484375,-20.870229007633586,14.50381679389313,3.099236641221374,-10.299855541992187,-0.8834604125976562,-0.0143652099609375,17.938931297709924,-60.36641221374046,-30.595419847328245,0.0
33.62000060081482,-10.062829577636718,0.16041151123046873,3.835511059570312,-16.900763358778626,12.732824427480915,4.717557251908397,-7.831433630371094,1.4413093994140624,-0.6392518432617187,24.045801526717558,-59.93893129770992,-35.23664122137404,0.0
33.630000591278076,-10.024522351074218,0.4860229370117187,4.290409374999999,-22.793893129770993,10.244274809160306,2.4580152671755724,-7.572859851074218,1.714248388671875,-0.3711012573242187,11.969465648854962,-53.9236641221374,-33.038167938931295,0.0
33.64000082015991,-9.296685046386719,-0.2346317626953125,4.651933825683593,-20.48854961832061,6.67175572519084,0.9923664122137404,-6.536170532226562,2.212242333984375,0.19393033447265623,3.450381679389313,-50.79389312977099,-34.900763358778626,0.0
33.65000057220459,-8.2743609375,-1.2521674682617188,4.209006518554688,-8.320610687022901,4.473282442748092,-0.1984732824427481,-7.7787611938476555,1.8028338500976562,0.4572925170898437,-2.717557251908397,-48.274809160305345,-33.908396946564885,0.0
33.660000801086426,-8.032546569824218,-0.3447650390625,4.297591979980469,7.038167938931298,4.2748091603053435,-2.564885496183206,-7.745242370605468,1.2042834350585936,1.5179238525390624,-12.732824427480915,-33.52671755725191,-31.709923664122137,0.0
33.670000314712524,-10.649408984374999,1.455674609375,6.0716954101562495,10.992366412213741,7.022900763358779,-6.793893129770993,-8.571241943359375,-0.12210428466796874,2.8107927490234372,-13.312977099236642,-31.938931297709924,-30.366412213740457,0.0
33.68000078201294,-7.812280017089844,-0.2609679809570312,4.584896179199219,21.69465648854962,-5.694656488549619,-2.7938931297709924,-8.892064965820312,-1.4125789794921875,3.1411925781249996,-6.854961832061068,-30.27480916030534,-30.641221374045802,0.0
33.69000053405762,-8.506598498535157,-0.32082302246093747,4.833893151855468,38.534351145038165,2.0,-4.5038167938931295,-8.40125362548828,-1.2042834350585936,3.057395520019531,2.2748091603053435,-29.984732824427482,-32.30534351145038,0.0
33.700000524520874,-9.732429748535155,1.2761094848632812,5.398924743652343,38.88549618320611,-1.099236641221374,-9.32824427480916,-5.904101293945312,1.5107412475585937,1.0175357055664063,-1.8931297709923665,-25.64885496183206,-32.534351145038165,0.0
33.71000051498413,-10.817003100585938,2.612074011230469,5.911283898925781,32.70229007633588,-5.374045801526718,-9.374045801526718,-7.237671618652343,0.8762778076171874,0.9457096557617187,-3.66412213740458,-19.34351145038168,-27.72519083969466,0.0
33.72000050544739,-10.366893188476562,1.8124106567382812,6.143521459960938,27.6793893129771,-15.664122137404581,-6.916030534351145,-5.875370874023437,0.7876923461914062,0.6560112548828124,-5.221374045801527,-7.282442748091603,-24.65648854961832,0.0
33.730000257492065,-11.291055029296874,2.5474305664062498,7.161057165527343,28.045801526717558,-18.30534351145038,-6.0458015267175576,-5.291185668945312,0.7302315063476562,0.0,1.9236641221374047,-4.580152671755725,-19.297709923664122,0.0
33.7400004863739,-12.107477795410155,3.0550013183593747,7.841010437011718,24.82442748091603,-28.519083969465647,-6.717557251908397,-6.442796667480469,-0.22744915771484372,0.30406361083984373,8.778625954198473,3.068702290076336,-13.297709923664122,0.0
33.75000047683716,-12.80658468017578,4.6639048339843745,9.076418493652342,16.595419847328245,-39.603053435114504,-5.557251908396947,-5.1523219726562495,0.7350199096679687,-0.7254431030273437,14.534351145038167,6.030534351145038,-10.0,0.0
33.760000705718994,-12.330138549804687,3.821145849609375,9.404424121093749,8.625954198473282,-54.70229007633588,1.4198473282442747,-4.048595007324218,2.940079638671875,-1.9680337646484374,14.13740458015267,11.511450381679388,-6.183206106870229,0.0
33.77000093460083,-12.069170568847655,2.2385785522460937,9.713276135253906,-1.2671755725190839,-70.80916030534351,8.687022900763358,-7.3837179199218745,1.7022773803710936,0.8978256225585937,15.236641221374045,22.732824427480917,2.045801526717557,0.0
33.78000068664551,-10.579977136230468,-0.6248866333007812,10.220846887207031,8.290076335877863,-79.0381679389313,12.198473282442748,-6.5505357421875,0.565031591796875,0.6871358764648438,14.213740458015268,22.076335877862597,6.320610687022901,0.0
33.790000677108765,-13.541604589843748,1.7884686401367187,13.079523669433593,8.885496183206106,-91.25190839694656,7.32824427480916,-6.167463476562499,1.2401964599609374,-0.7661445312499999,25.068702290076335,19.51145038167939,8.396946564885496,0.0
33.80000066757202,-15.224728356933593,2.461239306640625,13.91031164550781,-5.709923664122138,-122.16793893129771,9.404580152671755,-7.79552060546875,4.024652990722656,-3.3638533325195312,26.763358778625953,25.96946564885496,11.221374045801527,0.0
33.81000065803528,-16.069881542968748,4.426878869628906,14.963760375976562,-8.82442748091603,-146.0763358778626,16.85496183206107,-8.336610180664062,8.123526232910155,-2.990357873535156,11.038167938931299,36.85496183206107,12.67175572519084,0.0
33.820000648498535,-15.83285557861328,4.216189123535156,14.195221643066406,-5.068702290076335,-174.12213740458014,27.053435114503817,-14.369998364257812,4.563348364257812,2.5905261962890624,-10.931297709923664,47.23664122137404,21.66412213740458,0.0
33.83000063896179,-15.866374401855468,3.258508459472656,14.235923071289061,23.52671755725191,-191.45038167938932,39.05343511450382,-14.85602130126953,2.114080065917969,4.1563340820312495,-17.389312977099237,31.297709923664122,19.129770992366414,0.0
33.84000039100647,-16.021997509765622,3.699041564941406,10.805032092285156,37.25190839694657,-212.10687022900763,51.05343511450382,-16.045939526367185,0.8068459594726562,5.05655390625,-32.06106870229008,23.84732824427481,13.19083969465649,0.0
33.85000038146973,-14.712369201660156,2.319981408691406,5.68862314453125,17.51145038167939,-223.55725190839695,63.20610687022901,-12.48097325439453,1.199495031738281,3.2728736694335936,-49.267175572519086,18.442748091603054,8.290076335877863,0.0
33.86000037193298,-13.376404675292967,-1.0031704956054688,0.2825157958984375,-13.694656488549619,-229.17557251908397,68.94656488549619,-15.128960290527344,-1.1013327636718748,3.517082238769531,-39.11450381679389,12.65648854961832,13.022900763358779,0.0
33.87000060081482,-12.035651745605469,-3.9647979492187497,-5.518634826660156,-19.954198473282442,-227.6793893129771,70.41221374045801,-9.557653027343749,0.5386953735351562,-0.105344873046875,-25.206106870229007,-1.5877862595419847,9.633587786259541,0.0
33.880000591278076,-10.383652600097655,-8.468291271972657,-5.097255334472656,-7.236641221374046,-213.6030534351145,69.46564885496183,-8.741230261230468,-0.07900865478515624,-0.23223756103515625,-22.458015267175572,0.3053435114503817,12.900763358778626,0.0
33.89000058174133,-8.84178673095703,-8.700528833007812,-5.877765075683594,-0.6870229007633588,-195.5114503816794,53.343511450381676,-8.870517150878905,-0.239420166015625,-2.147598889160156,-28.702290076335878,0.2900763358778626,15.129770992366412,0.0
33.90000033378601,-9.22485899658203,-7.529764221191406,-3.2561142578125,-15.267175572519085,-185.09923664122138,26.259541984732824,-10.249577307128906,-1.3407529296874998,-1.5562310791015623,-28.68702290076336,7.038167938931298,18.3206106870229,0.0
33.910000801086426,-10.977414611816405,-7.824251025390624,1.2569558715820313,4.6106870229007635,-169.6030534351145,10.229007633587786,-9.713276135253906,-2.1619640991210938,-1.5682020874023437,-28.03053435114504,12.625954198473282,17.14503816793893,0.0
33.92000079154968,-12.533645690917968,-4.802768530273437,3.821145849609375,39.49618320610687,-152.44274809160305,4.549618320610687,-10.960655200195312,-1.2976572998046874,-2.023100402832031,-21.84732824427481,20.50381679389313,14.870229007633588,0.0
33.93000054359436,-14.156914416503906,-0.4477157104492187,4.048595007324218,59.83206106870229,-139.57251908396947,4.351145038167939,-11.159373937988281,-2.109291662597656,-1.0989385620117187,-13.664122137404581,25.923664122137403,13.34351145038168,0.0
33.940000772476196,-17.26219396972656,5.530605834960937,4.271255761718749,55.89312977099237,-134.8854961832061,6.99236641221374,-11.245565197753905,-2.6982652709960937,0.20350714111328125,-1.7099236641221374,29.51145038167939,11.16030534351145,0.0
33.950000524520874,-15.155296508789062,4.903325,2.901772412109375,43.267175572519086,-125.06870229007633,21.267175572519083,-9.689334118652344,-1.2593500732421874,0.11731588134765625,6.961832061068702,32.030534351145036,9.16030534351145,0.0
33.96000051498413,-11.978190905761718,2.767697119140625,1.197100830078125,13.557251908396946,-132.74809160305344,27.541984732824428,-9.064447485351561,-1.4772224243164063,1.1372457885742187,16.885496183206108,34.67175572519084,8.13740458015267,0.0
33.97000050544739,-10.17056865234375,1.1659762084960936,1.2425906616210938,-5.648854961832061,-124.80916030534351,29.96946564885496,-9.418789331054686,-1.62805712890625,1.0582371337890624,19.52671755725191,34.82442748091603,8.13740458015267,0.0
33.980000495910645,-2.849099975585937,-6.253654736328125,-3.1292215698242187,3.267175572519084,-119.08396946564885,35.37404580152672,-8.55448253173828,-0.0047884033203125,0.51714755859375,20.82442748091603,34.44274809160305,7.3893129770992365,0.0
33.9900004863739,-3.0789433349609374,-5.082890124511718,-1.2042834350585936,20.061068702290076,-84.54961832061069,27.282442748091604,-9.943119494628906,-0.49799394531249996,0.8092401611328125,20.12213740458015,35.19083969465649,7.587786259541985,0.0
34.00000047683716,0.15322890625,-6.636727001953124,-3.593696691894531,26.30534351145038,-73.6793893129771,17.34351145038168,-9.22485899658203,0.7326257080078125,0.8978256225585937,17.64885496183206,34.33587786259542,6.717557251908397,0.0
34.01000094413757,-3.5817256835937497,-0.36152445068359373,-0.9145850341796874,28.671755725190838,-42.76335877862596,3.572519083969466,-8.125920434570313,2.729389892578125,0.4333505004882812,4.717557251908397,32.29007633587786,6.595419847328245,0.0
34.02000069618225,1.924938134765625,-5.236119030761718,-4.218583325195312,40.62595419847328,-32.62595419847328,6.3816793893129775,-7.481880187988281,4.393360046386719,0.32561142578124996,-15.282442748091603,38.16793893129771,11.17557251908397,0.0
34.030001163482666,0.5482721801757812,-0.8690952026367187,-0.7302315063476562,59.9236641221374,1.8473282442748091,1.465648854961832,-6.277596752929687,4.685452648925781,-0.689530078125,-48.0763358778626,49.267175572519086,17.64885496183206,0.0
34.040000677108765,0.48123453369140623,-0.28012159423828126,-0.7924807495117187,43.221374045801525,-0.6259541984732825,-5.450381679389313,-9.9981861328125,-0.469263525390625,0.45010991210937495,-44.30534351145038,55.52671755725191,26.702290076335878,0.0
34.0500009059906,-1.16837041015625,1.24498486328125,0.32561142578124996,52.534351145038165,25.114503816793892,-4.1679389312977095,-9.70369932861328,-0.5051765502929687,0.4429273071289062,-36.3206106870229,46.396946564885496,25.297709923664122,0.0
34.06000065803528,0.23702596435546874,-0.6009446166992187,0.08379705810546874,42.213740458015266,26.061068702290076,-3.8473282442748094,-8.36294639892578,-0.8068459594726562,0.7038952880859375,-38.83969465648855,49.954198473282446,24.259541984732824,0.0
34.070000410079956,-3.0262708984374997,2.5761609863281247,0.7685387329101562,36.16793893129771,43.221374045801525,-6.793893129770993,-10.797849487304687,-1.9823989746093749,1.2665326782226562,-28.442748091603054,46.87022900763359,25.389312977099237,0.0
34.08000063896179,4.632780212402343,-6.87614716796875,-2.308010400390625,42.091603053435115,39.57251908396947,-0.5954198473282443,-7.3478048950195305,0.07900865478515624,0.3064578125,-34.87022900763359,43.80152671755725,20.85496183206107,0.0
34.09000062942505,0.181959326171875,-3.902548706054687,1.927332336425781,86.06106870229007,77.19083969465649,-1.7557251908396947,-11.226411584472656,-3.8235400512695312,1.3814543579101561,-20.137404580152673,46.732824427480914,24.732824427480917,0.0
34.100000619888306,3.6631285400390623,-6.313509777832031,3.897760302734375,106.35114503816794,70.22900763358778,-9.267175572519085,-5.7149593627929685,1.8914193115234375,-1.4173673828125,-24.99236641221374,35.55725190839695,13.572519083969466,0.0
34.11000061035156,-3.2609026611328122,1.2665326782226562,5.111620544433594,144.33587786259542,97.34351145038168,-11.32824427480916,-9.488221179199218,-2.221819140625,0.7876923461914062,-32.30534351145038,49.38931297709924,23.068702290076335,0.0
34.12000060081482,-1.9871873779296874,1.944091748046875,5.0206408813476555,134.4732824427481,85.34351145038168,-11.938931297709924,-7.295132458496093,2.147598889160156,-1.0366893188476562,-35.17557251908397,41.541984732824424,15.526717557251908,0.0
34.130000591278076,-6.296750366210937,7.659051110839843,5.063736511230468,133.7709923664122,95.14503816793894,-5.145038167938932,-11.614272253417967,-2.224213342285156,1.7214309936523438,-38.213740458015266,51.37404580152672,24.47328244274809,0.0
34.140000343322754,-7.726088757324218,10.663774194335938,7.357381701660156,89.63358778625954,74.73282442748092,-2.6412213740458017,-9.02135185546875,2.4756045166015626,-0.2442085693359375,-43.038167938931295,43.80152671755725,17.740458015267176,0.0
34.15000033378601,-9.466673364257812,12.53843409423828,8.971073620605468,48.3206106870229,60.93129770992366,3.7709923664122136,-12.682086193847656,-1.5945383056640625,2.0829554443359375,-38.030534351145036,53.541984732824424,30.213740458015266,0.0
34.160000801086426,-8.149862451171874,11.59990704345703,10.359710583496094,4.931297709923665,38.67175572519084,8.213740458015268,-11.17852755126953,0.3327940307617187,0.9457096557617187,-31.72519083969466,45.02290076335878,23.801526717557252,0.0
34.1700005531311,-8.152256652832031,5.746083984375,8.741230261230468,-26.3206106870229,20.870229007633586,15.419847328244275,-13.350068457031249,-2.6479870361328124,2.6791116577148437,-17.6793893129771,46.778625954198475,30.717557251908396,0.0
34.18000054359436,-10.54645831298828,5.480327600097656,11.310208642578125,-10.259541984732824,28.396946564885496,18.900763358778626,-12.662932580566405,-2.0781670410156248,1.7932570434570312,1.0381679389312977,37.32824427480916,22.732824427480917,0.0
34.19000029563904,-7.924807495117187,4.546588952636719,10.647014782714843,-5.099236641221374,21.328244274809162,23.16030534351145,-10.836156713867187,0.7829039428710937,0.040701428222656245,-14.091603053435115,34.152671755725194,19.938931297709924,0.0
34.200000524520874,-7.043741284179687,5.073313317871094,8.985438830566405,-7.786259541984733,19.572519083969464,26.106870229007633,-11.164162341308593,0.22744915771484372,-0.29448680419921874,-20.15267175572519,39.00763358778626,23.52671755725191,0.0
34.21000027656555,-8.94473740234375,4.924872814941406,7.3837179199218745,-10.625954198473282,19.480916030534353,26.48854961832061,-12.296619726562499,-0.9888052856445312,0.679953271484375,-9.877862595419847,36.82442748091603,27.206106870229007,0.0
34.22000050544739,-10.972626208496093,5.45877978515625,6.629544396972656,-12.290076335877863,20.99236641221374,29.770992366412212,-14.298172314453124,0.13407529296874998,0.63206923828125,-11.816793893129772,26.03053435114504,26.076335877862597,0.0
34.230000257492065,-9.880870251464843,4.431667272949219,7.445967163085937,-1.5114503816793894,28.15267175572519,36.16793893129771,-14.07072315673828,0.1005564697265625,1.1156979736328125,-24.65648854961832,21.083969465648856,25.389312977099237,0.0
34.2400004863739,-9.983820922851562,6.751648681640624,7.058106494140625,-23.450381679389313,30.916030534351144,31.099236641221374,-14.884751721191405,0.033518823242187495,1.0917559570312498,-22.03053435114504,9.786259541984732,23.404580152671755,0.0
34.25000047683716,-8.916006982421875,5.255272644042968,5.858611462402344,-77.61832061068702,20.595419847328245,21.6793893129771,-14.9015111328125,1.3479355346679687,0.45968671875,-21.786259541984734,-0.24427480916030533,22.83969465648855,0.0
34.260000705718994,-12.234370483398436,6.8785413696289055,7.666233715820312,-106.04580152671755,23.358778625954198,10.366412213740459,-15.423447094726562,1.6328455322265625,1.1563994018554686,-18.076335877862597,-3.7099236641221376,24.396946564885496,0.0
34.27000045776367,-7.249642626953125,-2.346317626953125,4.242525341796875,-143.4351145038168,1.5114503816793894,10.610687022900763,-14.324508532714843,3.0789433349609374,1.7932570434570312,-25.938931297709924,-4.809160305343512,23.358778625954198,0.0
34.28000068664551,-11.947066284179687,1.407790576171875,4.467580297851562,-124.45801526717557,20.931297709923665,3.236641221374046,-16.543933471679686,0.4740519287109375,2.8203695556640622,-11.053435114503817,-7.145038167938932,27.16030534351145,0.0
34.290000915527344,-8.59997236328125,-4.321533996582031,4.728548278808593,-123.86259541984732,11.587786259541986,-0.4122137404580153,-15.811307763671874,3.009511486816406,2.8012159423828122,-13.053435114503817,-18.763358778625953,21.862595419847327,0.0
34.30000066757202,-9.883264453125,-5.1140147460937495,4.283226770019531,-77.0381679389313,35.099236641221374,-3.49618320610687,-14.62617794189453,4.386177441406249,1.3862427612304686,-21.0381679389313,-20.18320610687023,24.213740458015266,0.0
34.31000065803528,-7.196970190429687,-7.9272016967773435,1.6112977172851561,-57.93893129770992,41.83206106870229,-14.549618320610687,-14.7482822265625,3.864241479492187,1.68551796875,-26.38167938931298,-17.358778625954198,28.702290076335878,0.0
34.320000410079956,-17.300501196289062,1.7884686401367187,4.714183068847656,-51.32824427480916,57.17557251908397,-38.2442748091603,-15.389928271484374,1.7022773803710936,1.7310078002929687,-27.801526717557252,-20.244274809160306,31.328244274809162,0.0
34.33000063896179,-14.125789794921873,1.1444283935546875,2.6623522460937497,-66.50381679389314,49.74045801526717,-36.56488549618321,-14.350844750976561,1.4245499877929686,0.9074024291992187,-30.53435114503817,-24.85496183206107,28.061068702290076,0.0
34.34000039100647,-17.41542287597656,5.2073886108398435,4.3813890380859375,-65.22137404580153,63.93893129770992,-40.152671755725194,-13.417106103515625,4.331110803222656,-1.4341267944335936,-39.32824427480916,-27.96946564885496,20.076335877862597,0.0
34.35000038146973,-13.900734838867187,2.9472622436523435,2.3295582153320313,-87.6030534351145,48.47328244274809,-33.81679389312977,-13.412317700195311,1.6112977172851561,1.3359645263671873,-39.23664122137404,-6.1679389312977095,27.633587786259543,0.0
34.36000037193298,-13.453019128417967,2.442085693359375,1.5777788940429687,-76.9618320610687,59.954198473282446,-27.19083969465649,-10.429142431640624,2.4205378784179685,-2.3127988037109373,-37.52671755725191,-17.46564885496183,19.6793893129771,0.0
34.37000060081482,-11.899182250976562,0.9504980590820312,-0.16519991455078123,-77.86259541984732,54.87022900763359,-24.33587786259542,-11.994950317382811,-0.023942016601562498,0.0,-16.427480916030536,-9.419847328244275,20.65648854961832,0.0
34.380000591278076,-10.9941740234375,1.0342951171875,0.507570751953125,-56.61068702290076,69.37404580152672,-22.229007633587788,-1.4987702392578124,9.995791931152343,-14.556746093749998,-57.282442748091604,-30.3206106870229,1.786259541984733,0.0
34.39000058174133,-8.099584216308592,0.5219359619140624,-1.2976572998046874,-48.091603053435115,67.45038167938931,-14.885496183206106,-4.472368701171875,5.928043310546875,-4.838681555175781,-119.72519083969466,46.68702290076336,17.31297709923664,0.0
34.40000033378601,-7.618349682617187,3.1555577880859373,0.5698199951171875,-45.099236641221374,66.68702290076335,-19.84732824427481,-4.1563340820312495,6.330269189453125,-8.961496813964843,-105.6030534351145,37.83206106870229,24.045801526717558,0.0
34.41000032424927,-8.319850769042969,-0.9121908325195311,-0.46686932373046874,-19.282442748091604,81.41984732824427,-8.595419847328245,-11.724405529785155,-2.729389892578125,1.6543933471679686,-132.29007633587787,90.21374045801527,30.198473282442748,0.0
34.4200005531311,-4.517858532714843,-5.209782812499999,-0.5722141967773438,22.38167938931298,99.66412213740458,-12.15267175572519,-1.2330138549804688,11.949460485839843,-11.966219897460936,-106.62595419847328,46.412213740458014,19.068702290076335,0.0
34.43000054359436,-7.972691528320312,-1.8291700683593748,1.419761584472656,45.221374045801525,113.63358778625954,-23.801526717557252,-10.807426293945312,-4.220977526855468,2.128445275878906,-173.29770992366412,119.3587786259542,34.42748091603053,0.0
34.440000772476196,-8.374917407226562,-4.376600634765625,2.1308394775390624,74.80916030534351,118.30534351145039,-32.18320610687023,-7.517793212890624,1.1851298217773436,-3.6272155151367187,-48.2442748091603,82.4885496183206,42.961832061068705,0.0
34.450000524520874,-9.995791931152343,-4.053383410644531,2.5474305664062498,100.1526717557252,115.57251908396947,-40.61068702290076,-10.46984385986328,-6.888118176269531,-3.3446997192382812,18.68702290076336,87.54198473282443,47.06870229007634,0.0
34.46000051498413,-12.883199133300781,-3.0980969482421874,3.5051112304687497,123.5114503816794,110.1526717557252,-54.213740458015266,-10.350133776855468,-10.965443603515624,3.7804444213867185,118.22900763358778,69.90839694656489,28.549618320610687,0.0
34.47000050544739,-11.882422839355469,0.5363011718749999,3.6391865234374996,123.05343511450381,96.12213740458016,-60.87022900763359,-5.681440539550781,-0.842758984375,-2.741360900878906,171.31297709923663,20.900763358778626,12.65648854961832,0.0
34.480000495910645,-13.13219610595703,8.805873706054687,5.894524487304687,86.67175572519083,87.69465648854961,-60.396946564885496,-11.2240173828125,-3.6439749267578123,2.5163059448242184,157.80152671755727,27.450381679389313,8.549618320610687,0.0
34.4900004863739,-7.3861121215820305,5.652710119628906,4.283226770019531,40.19847328244275,67.29770992366412,-50.01526717557252,-4.187458703613281,7.582436657714843,-3.318363500976562,160.3053435114504,-3.404580152671756,-2.9160305343511452,0.0
34.50000047683716,-9.440337145996093,3.4428619873046875,4.369418029785156,20.38167938931298,68.38167938931298,-50.045801526717554,-11.21683477783203,-2.252943762207031,5.317521887207031,158.85496183206106,10.793893129770993,12.977099236641221,0.0
34.51000094413757,-5.6024318847656245,-1.2737152832031249,1.0941501586914062,28.702290076335878,66.82442748091603,-49.48091603053435,-6.924031201171875,5.774814404296874,-0.6248866333007812,191.26717557251908,-40.01526717557252,0.030534351145038167,0.0
34.52000069618225,-6.698976245117187,0.1771709228515625,0.45968671875,35.83206106870229,80.94656488549619,-51.86259541984733,-10.103531005859374,2.6791116577148437,1.4053963745117186,152.50381679389312,-22.671755725190838,2.6412213740458017,0.0
34.53000092506409,-6.969521032714844,2.4516625,1.0702081420898437,35.16030534351145,88.1526717557252,-54.3206106870229,-5.487510205078125,8.693346228027343,-1.7166425903320313,121.32824427480917,-42.656488549618324,-8.83969465648855,0.0
34.540000677108765,-9.80665,7.156268762207031,2.3726538452148436,8.946564885496183,84.7175572519084,-52.70229007633588,-9.710881933593749,2.3965958618164063,0.2825157958984375,92.82442748091603,-32.58015267175573,-2.4122137404580153,0.0
34.55000066757202,-8.379705810546875,5.439626171875,2.9185318237304685,-11.908396946564885,78.79389312977099,-41.908396946564885,-6.110002636718749,4.742913488769531,-0.24181436767578124,75.86259541984732,-44.56488549618321,-12.625954198473282,0.0
34.5600004196167,-6.945579016113281,3.375824340820312,3.4356793823242184,-16.977099236641223,81.29770992366412,-34.35114503816794,-7.48906279296875,4.216189123535156,-0.9528922607421875,52.458015267175576,-45.45038167938932,-16.82442748091603,0.0
34.570000886917114,-7.9463553100585935,3.878606689453125,4.067748620605468,-22.65648854961832,83.45038167938931,-33.61832061068702,-6.366182214355469,4.802768530273437,-0.928950244140625,16.778625954198475,-35.954198473282446,-21.16030534351145,0.0
34.58000063896179,-9.478644372558593,3.414131567382812,4.929661218261718,-38.656488549618324,77.02290076335878,-32.74809160305343,-13.031639636230468,-3.2561142578125,3.1866824096679687,21.770992366412212,-35.404580152671755,-18.076335877862597,0.0
34.59000062942505,-9.631873278808593,2.6096798095703124,4.88417138671875,-41.63358778625954,71.48091603053435,-32.213740458015266,-8.188169677734374,2.1404162841796874,0.8379705810546875,32.33587786259542,-59.55725190839695,-33.41984732824427,0.0
34.600000619888306,-10.62307276611328,3.897760302734375,4.328716601562499,-51.847328244274806,64.76335877862596,-28.16793893129771,-10.225635290527343,0.27293898925781246,1.1707646118164061,20.091603053435115,-58.030534351145036,-34.36641221374046,0.0
34.61000061035156,-11.575965026855467,3.7804444213867185,4.276044165039062,-62.25954198473283,59.31297709923664,-24.900763358778626,-10.046070166015625,0.5889736083984375,2.47081611328125,22.198473282442748,-65.77099236641222,-37.038167938931295,0.0
34.62000036239624,-12.138602416992187,3.2824504760742186,3.0980969482421874,-75.06870229007633,47.61832061068702,-20.03053435114504,-10.87206973876953,0.4908113403320312,2.1260510742187497,27.19083969465649,-76.58015267175573,-42.732824427480914,0.0
34.630000591278076,-11.482591162109374,2.6240450195312497,2.607285607910156,-79.96946564885496,41.7557251908397,-14.335877862595419,-6.969521032714844,5.0014872680664055,-0.17477672119140625,12.793893129770993,-84.07633587786259,-51.05343511450382,0.0
34.64000082015991,-9.785102185058593,0.16519991455078123,2.4157494750976563,-77.29770992366412,37.45038167938932,-8.717557251908397,-10.007762939453125,3.7301661865234372,-0.08858546142578125,-5.099236641221374,-79.8473282442748,-48.0,0.0
34.65000057220459,-10.817003100585938,-0.33518823242187495,3.143586779785156,-74.22900763358778,34.99236641221374,-11.221374045801527,-13.347674255371093,-2.080561242675781,4.537012145996093,-8.213740458015268,-64.93129770992367,-43.25190839694657,0.0
34.660000801086426,-9.809044201660155,-2.6910826660156246,3.172317199707031,-63.52671755725191,28.83969465648855,-12.076335877862595,-13.0627642578125,-2.0446482177734375,2.7844565307617186,38.19847328244275,-102.80916030534351,-52.83969465648855,0.0
34.6700005531311,-9.840168823242188,-3.2130186279296873,2.403778466796875,-33.12977099236641,27.374045801526716,-13.770992366412214,-10.819397302246093,0.26336218261718747,-0.5219359619140624,49.404580152671755,-113.29770992366412,-57.221374045801525,0.0
34.68000078201294,-10.941501586914061,-0.9600748657226562,3.42849677734375,-23.099236641221374,28.045801526717558,-18.213740458015266,-12.437877624511717,0.8810662109374999,-0.5410895751953124,46.36641221374046,-106.47328244274809,-55.6793893129771,0.0
34.69000053405762,-10.639832177734375,0.4333505004882812,3.5721488769531247,-16.427480916030536,25.862595419847327,-18.83969465648855,-10.462661254882812,3.0119056884765625,-0.6344634399414062,42.2442748091603,-104.50381679389314,-55.55725190839695,0.0
34.700000286102295,-11.046846459960937,2.032677209472656,4.108450048828125,-16.671755725190838,23.297709923664122,-16.259541984732824,-9.811438403320311,3.507505432128906,-1.6998831787109374,31.068702290076335,-87.6793893129771,-52.67175572519084,0.0
34.71000051498413,-11.015721838378905,2.7054478759765623,4.414907861328125,-19.87786259541985,18.412213740458014,-9.511450381679388,-7.805097412109374,3.9935283691406247,-2.1021090576171875,19.404580152671755,-76.42748091603053,-49.969465648854964,0.0
34.72000026702881,-11.0707884765625,2.3487118286132813,3.806780639648437,-19.34351145038168,13.587786259541986,-2.6106870229007635,-10.019733947753906,1.7405846069335937,-1.1611878051757811,23.923664122137403,-67.86259541984732,-44.06106870229008,0.0
34.730000495910645,-11.018116040039061,1.4101847778320311,3.411737365722656,-14.244274809160306,10.595419847328245,0.9007633587786259,-6.921636999511718,3.361459130859375,-1.8650830932617186,21.053435114503817,-59.45038167938932,-43.541984732824424,0.0
34.7400004863739,-10.9175595703125,0.9074024291992187,3.248931652832031,-11.038167938931299,7.709923664122138,2.213740458015267,-7.3837179199218745,3.6367923217773437,-1.4700398193359374,12.198473282442748,-47.404580152671755,-36.94656488549618,0.0
34.75000047683716,-10.958260998535156,0.679953271484375,3.1100679565429687,-9.129770992366412,3.4656488549618323,0.183206106870229,-7.862558251953125,2.4157494750976563,-0.6847416748046875,7.114503816793893,-40.61068702290076,-33.05343511450382,0.0
34.760000705718994,-10.862492932128905,0.36152445068359373,3.7421371948242186,-5.251908396946565,-0.44274809160305345,0.12213740458015267,-7.266402038574219,2.597708801269531,0.24660277099609373,5.7251908396946565,-37.02290076335878,-30.916030534351144,0.0
34.77000045776367,-10.953472595214842,0.7206546997070312,4.295197778320312,-3.8473282442748094,-4.961832061068702,-0.8396946564885496,-5.942408520507812,2.767697119140625,-0.1484405029296875,-2.213740458015267,-30.717557251908396,-29.450381679389313,0.0
34.78000068664551,-10.678139404296875,1.0534487304687499,4.893748193359374,-3.572519083969466,-10.213740458015268,-0.9312977099236641,-9.287108239746093,2.748543505859375,1.0654197387695312,-3.6030534351145036,-27.00763358778626,-25.954198473282442,0.0
34.790000915527344,-10.9941740234375,1.5227122558593749,5.667075329589843,-2.7480916030534353,-15.236641221374045,0.3969465648854962,-10.089165795898436,0.0718260498046875,1.4915876342773438,-16.091603053435115,-12.259541984732824,-21.755725190839694,0.0
34.80000042915344,-10.694898815917968,1.0989385620117187,6.157886669921875,-0.7175572519083969,-21.52671755725191,1.7404580152671756,-8.030152368164062,0.02633621826171875,0.9816226806640624,-9.664122137404581,-15.755725190839694,-22.03053435114504,0.0
34.8100004196167,-9.749189160156249,0.6751648681640625,6.624755993652343,6.015267175572519,-26.900763358778626,2.4885496183206106,-8.154650854492187,-0.8906430175781249,1.3239935180664062,-2.4122137404580153,-17.923664122137403,-21.083969465648856,0.0
34.820000648498535,-9.694122521972655,0.948103857421875,7.81467421875,7.480916030534351,-34.19847328244275,0.4580152671755725,-9.303867651367186,-2.023100402832031,1.9416975463867185,11.770992366412214,-20.091603053435115,-20.091603053435115,0.0
34.83000063896179,-9.809044201660155,1.1276689819335937,8.391676818847655,12.564885496183207,-42.595419847328245,-1.4198473282442747,-7.1203557373046875,-0.2825157958984375,1.1731588134765625,14.244274809160306,-17.374045801526716,-22.106870229007633,0.0
34.84000062942505,-9.09796630859375,0.6536170532226562,9.05965908203125,20.244274809160306,-50.06106870229008,-0.7633587786259542,-4.805162731933594,2.176329309082031,-0.2609679809570312,10.977099236641221,-19.358778625954198,-22.549618320610687,0.0
34.850000619888306,-10.59194814453125,1.7190367919921874,10.627861169433594,27.96946564885496,-58.51908396946565,-2.122137404580153,-6.244077929687499,1.1659762084960936,-0.01915361328125,7.3893129770992365,-13.786259541984732,-17.52671755725191,0.0
34.86000061035156,-9.967061511230469,0.23223756103515625,10.503362683105468,47.14503816793893,-73.1145038167939,1.6488549618320612,-5.576095666503906,1.8531120849609375,0.5386953735351562,6.458015267175573,-15.083969465648854,-17.419847328244273,0.0
34.87000060081482,-10.17056865234375,0.9744400756835937,11.875240234375,62.16793893129771,-79.1145038167939,0.9007633587786259,-4.661510632324219,1.4173673828125,0.928950244140625,-4.061068702290076,-6.564885496183206,-15.435114503816793,0.0
34.880001068115234,-10.275913525390624,0.3232172241210937,12.00931552734375,54.70229007633588,-104.0,1.7099236641221374,-4.2688615600585935,1.3766659545898436,-0.27293898925781246,-8.0,-8.641221374045802,-10.045801526717558,0.0
34.89000058174133,-11.104307299804686,-0.40940848388671874,12.859257116699219,56.87022900763359,-120.25954198473282,4.244274809160306,-3.842693664550781,0.59376201171875,-2.808398547363281,-5.572519083969466,-2.366412213740458,-3.7709923664122136,0.0
34.90000081062317,-11.877634436035155,-0.46686932373046874,12.739547033691405,45.847328244274806,-147.32824427480915,6.99236641221374,-4.685452648925781,1.8626888916015625,-5.061342309570312,14.0,1.5419847328244274,0.030534351145038167,0.0
34.91000056266785,-13.424288708496093,1.0726023437499999,13.443442321777344,49.465648854961835,-162.25954198473283,15.34351145038168,-4.290409374999999,5.743689782714843,-6.56968935546875,24.641221374045802,5.709923664122138,-1.9083969465648856,0.0
34.92000079154968,-14.142549206542968,2.5570073730468748,12.097900988769531,44.67175572519084,-188.59541984732823,23.236641221374047,-13.304578625488281,3.708618371582031,-1.4724340209960938,21.435114503816795,24.03053435114504,5.541984732824427,0.0
34.93000054359436,-15.454571716308592,3.0334535034179684,10.263942517089843,45.6793893129771,-208.35114503816794,31.00763358778626,-15.397110876464843,3.189076611328125,2.597708801269531,12.931297709923664,14.870229007633588,5.740458015267175,0.0
34.940000772476196,-12.837709301757812,0.9816226806640624,3.756502404785156,56.12213740458015,-221.75572519083968,43.7557251908397,-16.642095739746093,1.8914193115234375,5.588066674804687,0.44274809160305345,12.122137404580153,3.633587786259542,0.0
34.950000524520874,-12.16254443359375,-1.7262193969726563,-0.8068459594726562,53.29770992366412,-210.0916030534351,50.80916030534351,-15.322890625,3.0645781249999997,2.920926025390625,-11.755725190839694,11.633587786259541,2.9923664122137406,0.0
34.96000051498413,-11.736376538085937,-3.787627026367187,-3.797203833007812,49.55725190839695,-197.70992366412213,55.770992366412216,-13.383587280273437,3.6248213134765623,0.40462008056640625,-22.12213740458015,16.916030534351144,11.893129770992367,0.0
34.97000050544739,-12.887987536621093,-6.53138212890625,-4.939238024902344,49.25190839694657,-177.14503816793894,56.030534351145036,-11.915941662597655,3.3542765258789062,-2.70065947265625,-21.435114503816795,9.740458015267176,18.610687022900763,0.0
34.980000495910645,-12.196063256835936,-7.9272016967773435,-6.105214233398437,35.70992366412214,-167.06870229007635,40.030534351145036,-9.95987890625,2.9376854370117185,-2.91134921875,-25.541984732824428,16.763358778625953,21.51145038167939,0.0
34.99000024795532,-13.122619299316405,-6.229712719726562,-2.980781066894531,7.984732824427481,-154.3053435114504,10.564885496183207,-7.5153990112304685,2.1787235107421874,-5.135562561035156,-46.458015267175576,25.358778625954198,22.946564885496183,0.0
35.00000047683716,-14.496891052246093,-4.867411975097656,3.1603461914062496,24.641221374045802,-140.67175572519085,-1.3893129770992367,-9.406818322753905,-1.5514426757812498,-3.318363500976562,-60.44274809160305,43.17557251908397,30.3206106870229,0.0
35.010000467300415,-16.098611962890622,-1.649604943847656,7.105990527343749,68.44274809160305,-124.8854961832061,4.549618320610687,-10.728417639160156,-3.7804444213867185,-2.920926025390625,-45.20610687022901,39.02290076335878,27.64885496183206,0.0
35.02000069618225,-15.643713647460936,1.2593500732421874,6.766013891601562,83.87786259541984,-125.87786259541984,12.381679389312977,-10.32379755859375,-4.69263525390625,-1.867477294921875,-19.786259541984734,41.48091603053435,22.366412213740457,0.0
35.03000092506409,-15.71793389892578,5.528211633300781,5.473144995117187,75.43511450381679,-120.91603053435115,16.48854961832061,-10.263942517089843,-4.285620971679688,-1.3048399047851562,2.854961832061069,40.534351145038165,14.274809160305344,0.0
35.040000438690186,-16.38831036376953,8.741230261230468,4.204218115234375,27.221374045801525,-134.3206106870229,18.946564885496183,-11.949460485839843,-4.132392065429687,1.429338391113281,25.755725190839694,46.091603053435115,13.877862595419847,0.0
35.0500009059906,-14.228740466308594,6.023811376953125,1.9536685546875,-20.564885496183205,-143.81679389312978,30.229007633587788,-9.986215124511718,-0.4285620971679687,1.448492004394531,34.18320610687023,43.12977099236641,9.19083969465649,0.0
35.06000065803528,-10.613495959472656,1.388636962890625,0.36631285400390623,-50.29007633587786,-147.95419847328245,40.0,-11.188104357910156,0.19393033447265623,1.9943699829101562,41.86259541984733,44.01526717557252,11.17557251908397,0.0
35.070000648498535,-7.199364392089843,-1.6304513305664061,-1.1109095703125,-58.85496183206107,-142.06106870229007,41.45038167938932,-9.478644372558593,1.6639701538085936,0.5434837768554687,43.17557251908397,32.778625954198475,8.488549618320612,0.0
35.08000063896179,-4.484339709472656,-3.6463691284179687,-3.3303345092773435,-56.01526717557252,-132.5801526717557,38.16793893129771,-9.765948571777344,0.3854664672851562,1.5514426757812498,40.76335877862596,34.229007633587784,11.16030534351145,0.0
35.09000062942505,-0.6847416748046875,-4.7764323120117185,-4.062960217285156,-41.45038167938932,-113.7557251908397,30.916030534351144,-8.9255837890625,1.4341267944335936,-0.5913678100585937,34.0763358778626,22.38167938931298,10.106870229007633,0.0
35.100000619888306,-2.1978771240234374,-2.2601263671875,-2.3630770385742186,-27.572519083969464,-89.57251908396947,20.916030534351144,-9.89523546142578,-0.181959326171875,0.27293898925781246,26.99236641221374,26.549618320610687,13.83206106870229,0.0
35.11000037193298,0.3806780639648437,-1.7453730102539062,-3.754108203125,-14.534351145038167,-76.36641221374046,19.72519083969466,-10.153809240722655,0.02633621826171875,-0.4740519287109375,26.625954198473284,19.267175572519083,12.977099236641221,0.0
35.12000060081482,0.47644613037109373,-0.5770026000976562,-1.5370774658203123,7.511450381679389,-47.11450381679389,18.396946564885496,-10.539275708007812,-0.7398083129882812,0.7278373046875,36.36641221374046,15.618320610687023,11.129770992366412,0.0
35.130000591278076,-0.6248866333007812,0.25139117431640623,-2.0973206542968748,40.83969465648855,-6.412213740458015,17.480916030534353,-9.610325463867188,0.411802685546875,1.3072341064453123,38.2442748091603,13.404580152671755,7.526717557251908,0.0
35.14000082015991,5.506663818359375,-4.050989208984375,-2.3870190551757813,34.732824427480914,-16.65648854961832,13.297709923664122,-5.6311623046875,2.3535002319335936,0.8499415893554687,31.72519083969466,14.366412213740459,5.358778625954199,0.0
35.15000033378601,1.209071838378906,0.967257470703125,1.66636435546875,43.908396946564885,26.549618320610687,9.877862595419847,-9.18655177001953,-1.1228805786132812,0.833182177734375,19.251908396946565,22.65648854961832,13.312977099236642,0.0
35.160000801086426,6.998251452636718,-3.6200329101562496,1.39821376953125,48.61068702290076,29.083969465648856,13.450381679389313,-4.656722229003906,3.2345664428710936,-1.7477672119140624,9.526717557251908,16.47328244274809,3.816793893129771,0.0
35.1700005531311,-0.7326257080078125,1.5969325073242187,5.53539423828125,71.70992366412214,68.68702290076335,11.358778625954198,-7.9846625366210935,1.3958195678710936,-0.011971008300781249,-7.282442748091603,35.02290076335878,9.465648854961833,0.0
35.18000078201294,-2.1619640991210938,2.0638018310546875,7.860164050292968,67.6030534351145,61.404580152671755,5.221374045801527,-4.656722229003906,6.404489440917969,-2.0542250244140625,-33.465648854961835,33.7557251908397,4.1679389312977095,0.0
35.19000053405762,-5.475539196777343,5.662286926269531,10.228029492187499,74.38167938931298,65.72519083969466,11.145038167938932,-8.32463917236328,2.7748797241210936,-0.38786066894531246,-76.06106870229007,59.847328244274806,14.992366412213741,0.0
35.200000286102295,3.861847277832031,-1.3144167114257812,6.751648681640624,75.80152671755725,49.83206106870229,27.068702290076335,-5.487510205078125,3.459621398925781,-1.16837041015625,-101.52671755725191,64.85496183206106,11.282442748091603,0.0
35.21000051498413,-2.3535002319335936,2.5617957763671875,7.096413720703125,124.13740458015268,83.55725190839695,32.30534351145038,-7.335833886718749,-0.17956512451171874,-1.0678139404296874,-117.06870229007633,73.05343511450381,11.633587786259541,0.0
35.22000026702881,0.35673604736328124,-1.0127473022460938,6.459556079101562,120.30534351145039,70.38167938931298,27.96946564885496,-7.216123803710937,0.11731588134765625,-2.29843359375,-115.5114503816794,72.27480916030534,7.603053435114504,0.0
35.230000495910645,-5.118803149414062,4.915296008300781,7.319074475097656,134.0,88.04580152671755,21.938931297709924,-11.267113012695312,-3.0238766967773434,-2.4851813232421875,-111.37404580152672,81.1145038167939,16.0,0.0
35.2400004863739,-4.089296435546875,4.695029455566406,4.740519287109374,85.69465648854961,63.41984732824427,15.664122137404581,-12.818555688476561,-3.5098996337890624,-0.09576806640624999,-88.09160305343511,77.00763358778626,12.931297709923664,0.0
35.25000023841858,-8.501810095214843,8.9255837890625,5.530605834960937,65.52671755725191,73.57251908396947,10.50381679389313,-14.705186596679686,-3.294421484375,3.8570588745117185,-77.19083969465649,63.98473282442748,24.33587786259542,0.0
35.260000705718994,-9.160215551757812,8.705317236328124,4.161122485351562,-6.030534351145038,53.603053435114504,2.1068702290076335,-13.383587280273437,0.59376201171875,0.6081272216796875,-76.90076335877863,38.93129770992366,13.740458015267176,0.0
35.27000093460083,-7.9463553100585935,6.354211206054687,5.351040710449219,-53.63358778625954,48.47328244274809,-5.022900763358779,-17.266982373046876,-4.537012145996093,3.1459809814453124,-73.70992366412214,36.48854961832061,28.717557251908396,0.0
35.28000068664551,-6.121973645019531,-1.3192051147460937,7.378929516601562,-68.03053435114504,36.12213740458015,-7.679389312977099,-15.921441040039062,-4.541800549316406,3.6463691284179687,-40.13740458015267,13.633587786259541,15.16030534351145,0.0
35.290000915527344,-7.6470801025390625,-1.678335363769531,9.0788126953125,-27.0381679389313,45.11450381679389,-6.0,-14.286201306152343,-1.2665326782226562,0.833182177734375,-32.33587786259542,-6.717557251908397,29.129770992366414,0.0
35.30000066757202,-12.021286535644531,0.7565677246093749,13.297396020507811,4.656488549618321,46.47328244274809,-1.2061068702290076,-13.488932153320311,0.9504980590820312,0.16998831787109375,-37.49618320610687,-7.465648854961832,18.83969465648855,0.0
35.31000065803528,-15.100229870605467,5.746083984375,13.220781567382812,32.091603053435115,48.412213740458014,18.091603053435115,-13.335703247070311,1.6352397338867186,0.5003881469726562,-45.86259541984733,-5.435114503816794,20.045801526717558,0.0
35.320000410079956,-18.0810109375,11.233594189453123,12.212822668457031,12.122137404580153,46.88549618320611,28.9618320610687,-16.409858178710937,-0.373495458984375,1.1540052001953125,-31.740458015267176,-5.145038167938932,23.954198473282442,0.0
35.33000063896179,-13.172897534179686,2.482787121582031,8.458714465332031,-23.16030534351145,31.908396946564885,32.0,-14.559140295410156,1.5155296508789062,-0.41898529052734373,-26.748091603053435,-15.083969465648854,19.603053435114504,0.0
35.34000039100647,-10.263942517089843,0.20829554443359374,4.8889597900390624,-42.06106870229008,30.396946564885496,22.137404580152673,-14.391546179199217,2.559401574707031,-0.9888052856445312,-17.450381679389313,-17.328244274809162,19.053435114503817,0.0
35.35000038146973,-8.01818135986328,-1.0007762939453124,3.0550013183593747,-40.717557251908396,39.603053435114504,9.511450381679388,-13.424288708496093,2.645592834472656,0.3232172241210937,-16.9618320610687,-13.557251908396946,21.022900763358777,0.0
35.36000037193298,-7.742848168945312,-1.2018892333984375,3.0142998901367184,-58.94656488549618,42.38167938931298,-2.564885496183206,-13.828908789062499,3.6631285400390623,1.2425906616210938,-23.587786259541986,-9.664122137404581,27.64885496183206,0.0
35.37000060081482,-4.1563340820312495,-5.181052392578125,3.7900212280273435,-54.44274809160305,48.916030534351144,-11.49618320610687,-15.37316885986328,0.45489831542968745,1.8315642700195311,-14.381679389312977,-7.129770992366412,37.02290076335878,0.0
35.3800003528595,-5.353434912109375,-4.369418029785156,3.3877953491210935,-44.70229007633588,51.267175572519086,-23.786259541984734,-15.021221215820312,0.8283937744140625,0.8643067993164062,-15.725190839694656,-14.473282442748092,35.20610687022901,0.0
35.39000058174133,-7.498639599609374,-0.9504980590820312,3.8570588745117185,-31.52671755725191,55.74045801526717,-33.11450381679389,-13.694833496093748,1.0271125122070313,0.062249243164062495,-25.34351145038168,-14.16793893129771,35.770992366412216,0.0
35.40000081062317,-10.077194787597655,2.1547814941406247,3.7229835815429686,-34.274809160305345,51.29770992366412,-36.87022900763359,-14.482525842285156,0.11013327636718749,-0.622492431640625,-16.885496183206108,-19.541984732824428,35.847328244274806,0.0
35.41000056266785,-10.797849487304687,2.020706201171875,3.0119056884765625,-39.786259541984734,53.02290076335878,-36.274809160305345,-14.525621472167968,-1.5131354492187499,1.2808978881835937,-6.198473282442748,-18.12213740458015,35.38931297709924,0.0
35.42000079154968,-11.358092675781249,0.5003881469726562,1.838746875,-38.61068702290076,67.8473282442748,-36.54961832061068,-12.916717956542968,-0.70868369140625,0.8978256225585937,-2.2442748091603053,-20.33587786259542,28.396946564885496,0.0
35.43000054359436,-11.872846032714843,-1.66636435546875,0.8547299926757812,-43.343511450381676,68.09160305343511,-36.54961832061068,-12.042834350585936,0.6368576416015624,0.24181436767578124,0.4122137404580153,-26.580152671755727,21.587786259541986,0.0
35.44000053405762,-9.497797985839844,-6.042964990234375,-0.33518823242187495,-10.67175572519084,88.8854961832061,-33.17557251908397,-12.861651318359375,-1.5083470458984374,2.50912333984375,11.17557251908397,-23.297709923664122,20.549618320610687,0.0
35.450000286102295,-13.050793249511718,-0.6272808349609375,0.45489831542968745,18.045801526717558,111.5114503816794,-46.656488549618324,-10.836156713867187,2.4851813232421875,-0.9265560424804687,8.061068702290076,-36.87022900763359,6.152671755725191,0.0
35.46000051498413,-16.998831787109374,9.294290844726563,2.3774422485351563,-8.732824427480915,107.64885496183206,-55.3587786259542,-11.015721838378905,1.8914193115234375,2.0446482177734375,-7.587786259541985,-21.083969465648856,7.633587786259542,0.0
35.47000026702881,-12.071564770507813,6.093243225097656,0.612915625,-41.404580152671755,94.54961832061069,-46.12213740458015,-10.022128149414062,1.8195932617187498,0.6177040283203125,-8.580152671755725,-27.022900763358777,5.267175572519084,0.0
35.480000495910645,-18.52633244628906,15.444994909667967,5.521029028320312,-71.32824427480917,102.27480916030534,-46.42748091603053,2.906560815429687,11.626243261718749,-15.574281799316406,-64.87022900763358,-49.51145038167939,-12.763358778625955,0.0
35.4900004863739,-11.796231579589843,7.723694555664062,0.8164227661132812,-137.87786259541986,65.90839694656489,-23.251908396946565,-6.83783994140625,6.066907006835937,-3.4668040039062498,-153.81679389312978,42.16793893129771,2.213740458015267,0.0
35.50000047683716,-10.249577307128906,3.9049429077148434,1.216254443359375,-131.7709923664122,68.21374045801527,-3.9389312977099236,-2.133233679199219,8.750807067871094,-12.715605017089842,-129.00763358778627,11.954198473282442,5.908396946564886,0.0
35.51000094413757,-9.74200655517578,0.40940848388671874,1.2713210815429687,-124.99236641221374,64.45801526717557,3.5267175572519083,-12.021286535644531,-2.291250988769531,1.419761584472656,-145.86259541984734,69.7557251908397,17.022900763358777,0.0
35.52000069618225,-10.127473022460936,0.1388636962890625,3.2704794677734372,-100.93129770992367,73.06870229007633,3.2213740458015265,-2.518700146484375,13.740323327636718,-12.157756030273436,-118.53435114503817,17.801526717557252,8.534351145038167,0.0
35.53000068664551,-5.585672473144531,-3.9240965209960934,1.0175357055664063,-96.2442748091603,55.89312977099237,14.67175572519084,-9.157821350097656,0.2442085693359375,-1.197100830078125,-172.13740458015266,81.70992366412214,40.51908396946565,0.0
35.540000677108765,-4.979939453125,-8.616731774902343,3.7421371948242186,-69.8473282442748,48.778625954198475,8.595419847328245,-8.987833032226561,-7.8553756469726554,4.88417138671875,-36.83969465648855,67.05343511450381,48.97709923664122,0.0
35.5500009059906,-4.587290380859375,-16.251840869140626,1.5394716674804687,25.251908396946565,68.1526717557252,-1.5114503816793894,-4.618415002441406,-3.047818713378906,-1.656787548828125,47.55725190839695,50.030534351145036,40.80916030534351,0.0
35.56000065803528,-11.152191333007812,-8.959102612304687,4.053383410644531,78.29007633587786,86.27480916030534,-33.954198473282446,-8.927977990722656,-11.504138977050781,9.188945971679686,112.29007633587786,45.06870229007634,6.427480916030534,0.0
35.570000648498535,-8.84178673095703,-4.84586416015625,3.306392492675781,84.97709923664122,72.29007633587786,-48.656488549618324,1.6903063720703124,14.42267080078125,-1.4604630126953124,113.14503816793894,7.068702290076335,-2.9160305343511452,0.0
35.58000040054321,-18.18875001220703,7.697358337402343,7.934384301757812,56.778625954198475,71.89312977099236,-59.282442748091604,-21.849484350585936,-20.606893688964842,16.00044969482422,196.93129770992365,6.687022900763359,-4.244274809160306,0.0
35.59000062942505,-11.494562170410155,2.6192566162109374,4.084508032226562,30.977099236641223,34.83969465648855,-50.88549618320611,-6.797138513183594,-2.5450363647460934,-2.839523168945312,258.90076335877865,-55.6793893129771,-3.6030534351145036,0.0
35.600000619888306,-10.280701928710936,2.5474305664062498,4.065354418945312,31.84732824427481,35.12977099236641,-42.717557251908396,-10.761936462402343,1.68551796875,1.6112977172851561,254.33587786259542,-71.00763358778626,-7.557251908396947,0.0
35.61000061035156,-7.568071447753906,0.26336218261718747,2.2577321655273437,37.725190839694655,36.38167938931298,-39.31297709923664,-6.660669018554687,8.88009395751953,-5.193023400878906,233.25190839694656,-101.52671755725191,-23.480916030534353,0.0
35.62000060081482,-7.3094976684570305,2.3630770385742186,2.099714855957031,36.85496183206107,40.79389312977099,-42.0763358778626,-10.637437976074217,7.955932116699218,-2.463633508300781,189.32824427480915,-89.3587786259542,-19.251908396946565,0.0
35.630000591278076,-6.579266162109374,2.8658593872070313,2.1260510742187497,33.98473282442748,44.83969465648855,-41.908396946564885,-10.256759912109374,10.63025537109375,-2.492363928222656,152.6259541984733,-89.98473282442748,-23.64885496183206,0.0
35.64000082015991,-6.5768719604492185,5.255272644042968,2.1068974609374997,28.137404580152673,51.98473282442748,-39.98473282442748,-11.959037292480469,7.0652890991210935,-1.4317325927734375,117.87786259541984,-72.21374045801527,-16.68702290076336,0.0
35.65000057220459,-6.1267620483398435,6.512228515625,2.767697119140625,13.465648854961833,64.77862595419847,-36.50381679389313,-9.014169250488282,6.210559106445312,-1.9823989746093749,91.70992366412214,-70.97709923664122,-16.748091603053435,0.0
35.660000801086426,-7.809885815429687,8.480262280273436,3.1651345947265623,-14.305343511450381,62.396946564885496,-30.80916030534351,-6.121973645019531,6.720524060058593,-2.2649147705078123,48.79389312977099,-45.93893129770992,-11.022900763358779,0.0
35.6700005531311,-7.48906279296875,6.641515405273437,2.901772412109375,-39.038167938931295,59.6793893129771,-19.083969465648856,-7.551312036132812,4.6255976074218745,-0.19632453613281248,24.27480916030534,-34.0,-5.770992366412214,0.0
35.68000078201294,-8.185775476074218,4.896142395019531,2.4899697265625,-52.70229007633588,59.86259541984733,-11.053435114503817,-6.3709706176757805,5.123591552734375,-1.2497732666015624,0.22900763358778625,-30.702290076335878,-9.450381679389313,0.0
35.69000029563904,-8.997409838867187,3.8857892944335934,2.4779987182617185,-64.18320610687023,56.900763358778626,-8.198473282442748,-7.723694555664062,3.402160559082031,-0.21308394775390624,-14.381679389312977,-23.52671755725191,-8.717557251908397,0.0
35.700000286102295,-10.062829577636718,2.480392919921875,3.0813375366210938,-70.33587786259542,51.786259541984734,-7.32824427480916,-10.59194814453125,0.488417138671875,3.2824504760742186,-18.748091603053435,-17.282442748091604,-6.641221374045801,0.0
35.71000051498413,-10.874463940429687,0.55545478515625,2.5905261962890624,-64.38167938931298,43.57251908396947,-7.587786259541985,-11.106701501464842,-0.44053310546874996,2.7533319091796873,4.366412213740458,-43.05343511450382,-13.038167938931299,0.0
35.72000026702881,-12.389993591308594,-0.469263525390625,2.195482922363281,-56.70229007633588,40.0,-9.709923664122137,-12.425906616210936,-1.438915197753906,3.641580725097656,23.740458015267176,-56.85496183206107,-18.396946564885496,0.0
35.730000257492065,-12.344503759765624,0.6177040283203125,2.6671406494140624,-55.74045801526717,35.83206106870229,-12.274809160305344,-10.019733947753906,2.482787121582031,1.4149731811523436,30.732824427480917,-77.2824427480916,-26.717557251908396,0.0
35.7400004863739,-10.82179150390625,-0.9074024291992187,2.1356278808593747,-50.0,29.221374045801525,-9.587786259541986,-12.981361401367186,1.3862427612304686,1.936909143066406,29.297709923664122,-80.41221374045801,-25.419847328244273,0.0
35.75000047683716,-9.655815295410155,-0.9935936889648437,2.5067291381835934,-39.954198473282446,31.83206106870229,-9.618320610687023,-7.326257080078125,4.965574243164062,0.37828386230468747,17.480916030534353,-84.38167938931298,-34.396946564885496,0.0
35.760000467300415,-9.272743029785156,-0.565031591796875,2.597708801269531,-29.770992366412212,31.740458015267176,-10.366412213740459,-8.547299926757812,5.370194323730469,-0.37828386230468747,2.5801526717557253,-86.19847328244275,-35.603053435114504,0.0
35.77000093460083,-9.49300958251953,-0.08858546142578125,2.1906945190429687,-21.740458015267176,31.83206106870229,-10.641221374045802,-8.288726147460936,4.474762902832031,-0.3591302490234375,-19.587786259541986,-71.92366412213741,-33.32824427480916,0.0
35.78000092506409,-9.315838659667968,0.4333505004882812,2.741360900878906,-21.251908396946565,30.9618320610687,-10.320610687022901,-10.740388647460938,3.806780639648437,-0.11252747802734374,-32.213740458015266,-64.3969465648855,-32.97709923664122,0.0
35.790000915527344,-9.289502441406249,0.5746083984375,2.6958710693359373,-19.709923664122137,28.671755725190838,-9.541984732824428,-9.835380419921874,1.8052280517578123,0.5698199951171875,-50.01526717557252,-50.13740458015267,-32.29007633587786,0.0
35.80000066757202,-7.524975817871093,-1.7310078002929687,2.118868469238281,-13.007633587786259,25.480916030534353,-8.091603053435115,-9.018957653808593,1.5921441040039062,0.373495458984375,-44.93129770992366,-52.74809160305343,-36.0,0.0
35.8100004196167,-8.128314636230469,-0.9169792358398436,2.3367408203125,4.091603053435114,33.57251908396947,-12.320610687022901,-8.322244970703125,0.9648632690429687,0.622492431640625,-43.57251908396947,-44.42748091603053,-36.48854961832061,0.0
35.820000410079956,-9.732429748535155,1.0175357055664063,3.2154128295898436,6.259541984732825,34.38167938931298,-17.81679389312977,-4.316745593261719,2.43250888671875,-1.2808978881835937,-45.98473282442748,-43.41984732824427,-41.847328244274806,0.0
35.83000063896179,-10.424354028320312,1.429338391113281,2.8227637573242186,3.7709923664122136,29.587786259541986,-16.870229007633586,-10.314220751953124,-1.5298948608398437,1.5227122558593749,-33.93893129770992,-33.93893129770992,-35.14503816793893,0.0
35.84000062942505,-9.658209497070311,0.258573779296875,2.703053674316406,12.778625954198473,28.396946564885496,-14.16793893129771,-9.658209497070311,-2.0470424194335934,1.13006318359375,-8.778625954198473,-39.64885496183206,-39.541984732824424,0.0
35.850000619888306,-10.218452685546874,1.407790576171875,4.060566015625,15.664122137404581,30.625954198473284,-17.862595419847327,-7.589619262695312,-0.36391865234375,0.023942016601562498,-4.961832061068702,-34.19847328244275,-42.38167938931298,0.0
35.86000061035156,-9.244012609863281,1.2401964599609374,3.9432501342773434,13.679389312977099,24.0,-16.580152671755727,-5.827486840820312,2.29843359375,-0.9026140258789062,-0.5648854961832062,-39.93893129770992,-45.099236641221374,0.0
35.8700008392334,-11.018116040039061,2.6192566162109374,5.2648494506835934,8.427480916030534,22.82442748091603,-15.34351145038168,-7.704540942382812,2.2002713256835937,-0.34237083740234375,-11.465648854961833,-25.328244274809162,-40.38167938931298,0.0
35.880001068115234,-10.328585961914062,1.2569558715820313,6.457161877441406,5.8320610687022905,12.702290076335878,-12.916030534351146,-7.369352709960937,1.4939818359375,0.5626373901367188,-14.458015267175572,-19.755725190839694,-36.274809160305345,0.0
35.890000343322754,-10.541669909667968,1.7286135986328124,7.4028715332031245,9.34351145038168,11.32824427480916,-10.793893129770993,-7.807491613769531,0.8403647827148437,1.216254443359375,-13.206106870229007,-16.53435114503817,-34.229007633587784,0.0
35.90000033378601,-12.476184851074217,2.8275521606445313,9.17458076171875,7.862595419847328,1.2366412213740459,-9.541984732824428,-7.079654309082031,0.469263525390625,1.3120225097656248,-8.381679389312977,-17.81679389312977,-33.099236641221374,0.0
35.91000056266785,-12.782642663574219,3.6535517333984373,9.777919580078125,5.282442748091603,-11.099236641221374,-2.9618320610687023,-8.856151940917968,-0.47884033203125,2.001552587890625,-6.580152671755725,-15.114503816793894,-30.83969465648855,0.0
35.92000079154968,-11.79144317626953,3.3494881225585935,10.371681591796875,6.091603053435114,-25.83206106870229,4.305343511450381,-7.888894470214844,-0.8690952026367187,2.5067291381835934,-8.473282442748092,-11.312977099236642,-29.31297709923664,0.0
35.93000054359436,-12.77546005859375,4.086902233886718,11.973402502441406,4.519083969465649,-37.17557251908397,7.511450381679389,-6.102820031738281,-0.16759411621093748,1.4939818359375,-1.2213740458015268,-19.389312977099237,-29.46564885496183,0.0
35.940000772476196,-10.08677159423828,1.1540052001953125,11.133037719726563,12.885496183206106,-58.778625954198475,13.450381679389313,-4.7955859252929685,1.3670891479492187,-0.16280571289062498,2.7938931297709924,-17.129770992366414,-27.14503816793893,0.0
35.950000524520874,-10.735600244140624,0.8906430175781249,13.43865391845703,26.732824427480917,-71.2824427480916,14.396946564885496,-3.835511059570312,2.844311572265625,-1.4317325927734375,1.8473282442748091,-14.442748091603054,-24.50381679389313,0.0
35.96000051498413,-11.652579479980469,1.3910311645507811,14.41548819580078,55.221374045801525,-87.1145038167939,17.374045801526716,-7.247248425292969,0.41419688720703124,0.59376201171875,3.801526717557252,-5.312977099236641,-15.404580152671755,0.0
35.97000050544739,-13.010091821289063,2.729389892578125,14.420276599121093,60.274809160305345,-107.38931297709924,18.931297709923665,-4.347870214843749,1.4628572143554686,0.4213794921875,4.106870229007634,-8.045801526717558,-14.030534351145038,0.0
35.980000257492065,-15.088258862304686,5.2624552490234375,15.270218188476562,33.02290076335878,-137.34351145038167,19.404580152671755,-5.310339282226562,0.842758984375,-0.86191259765625,7.893129770992366,-9.297709923664122,-8.687022900763358,0.0
35.99000024795532,-12.107477795410155,0.24660277099609373,14.57589970703125,7.908396946564886,-178.41221374045801,29.49618320610687,-4.910507604980468,2.4061726684570313,-3.8570588745117185,17.419847328244273,-8.0,-5.00763358778626,0.0
36.00000023841858,-14.437036010742187,0.718260498046875,14.571111303710937,15.48091603053435,-199.12977099236642,37.25190839694657,-8.892064965820312,4.848258361816406,-3.3638533325195312,33.57251908396947,-2.8702290076335877,-1.1450381679389312,0.0
36.010000467300415,-16.41464658203125,0.8116343627929687,14.911087939453123,31.64885496183206,-218.91603053435114,47.603053435114504,-11.010933435058593,8.645462194824217,-0.9504980590820312,30.213740458015266,-1.4198473282442747,-1.3740458015267176,0.0
36.02000069618225,-15.480907934570311,2.042254016113281,9.066841687011719,42.51908396946565,-241.6793893129771,58.12213740458015,-15.428235498046874,7.934384301757812,4.043806604003906,6.137404580152672,8.305343511450381,6.5038167938931295,0.0
36.03000068664551,-13.721169714355469,1.2832920898437499,2.999934680175781,16.82442748091603,-250.9618320610687,61.37404580152672,-14.61420693359375,6.279990954589843,3.1124621582031247,-32.36641221374046,1.6641221374045803,2.931297709923664,0.0
36.040000677108765,-11.171344946289063,-2.090138049316406,-1.2282254516601563,2.7480916030534353,-252.76335877862596,63.603053435114504,-16.36915675048828,1.7908628417968748,3.404554760742187,-59.80152671755725,8.396946564885496,6.641221374045801,0.0
36.05000066757202,-12.157756030273436,-3.744531396484375,-4.754884497070313,11.923664122137405,-236.18320610687022,66.54961832061069,-11.729193933105469,0.689530078125,1.484405029296875,-71.45038167938931,5.633587786259542,7.206106870229007,0.0
36.0600004196167,-10.54645831298828,-7.611167077636718,-5.827486840820312,30.412213740458014,-210.29007633587787,67.49618320610686,-11.949460485839843,-1.2713210815429687,0.4572925170898437,-60.62595419847328,3.1603053435114505,12.854961832061068,0.0
36.070000648498535,-13.601459631347655,-6.785167504882812,-5.422866760253906,12.854961832061068,-199.96946564885496,49.038167938931295,-10.781090075683593,-2.01112939453125,-0.679953271484375,-45.93893129770992,-2.9923664122137406,13.312977099236642,0.0
36.08000063896179,-12.011709729003906,-8.365340600585936,-3.114856359863281,2.2900763358778624,-186.793893129771,29.755725190839694,-8.386888415527343,-1.5107412475585937,-3.6248213134765623,-51.70992366412214,-2.687022900763359,11.19083969465649,0.0
36.09000039100647,-13.347674255371093,-4.510675927734375,2.2601263671875,7.083969465648855,-171.64885496183206,8.01526717557252,-9.382876306152344,-3.6655227416992187,-2.463633508300781,-53.87786259541985,7.145038167938932,14.229007633587786,0.0
36.10000038146973,-15.365986254882811,0.74699091796875,4.726154077148437,30.519083969465647,-153.75572519083968,8.351145038167939,-10.386046801757812,-3.825934252929687,-1.85790048828125,-47.786259541984734,12.549618320610687,16.442748091603054,0.0
36.11000037193298,-14.355633154296875,3.1483751831054687,4.412513659667969,51.69465648854962,-140.10687022900763,22.793893129770993,-10.151415039062499,-3.5290532470703124,-2.04943662109375,-35.786259541984734,24.366412213740457,14.0,0.0
36.12000036239624,-16.61815372314453,7.105990527343749,3.373430139160156,34.44274809160305,-136.15267175572518,32.25954198473283,-10.970232006835937,-3.318363500976562,-0.5315127685546874,-14.473282442748092,31.251908396946565,10.82442748091603,0.0
36.130000591278076,-14.84883869628906,6.030993981933594,2.4061726684570313,5.0534351145038165,-137.6793893129771,42.152671755725194,-10.359710583496094,-3.4668040039062498,-0.16998831787109375,1.83206106870229,38.47328244274809,7.312977099236641,0.0
36.14000082015991,-9.667786303710937,0.8810662109374999,-0.3687070556640625,-18.99236641221374,-141.38931297709922,51.343511450381676,-9.64623848876953,-1.5897499023437498,0.29448680419921874,19.69465648854962,39.98473282442748,5.770992366412214,0.0
36.15000057220459,-7.388506323242187,-1.68551796875,-0.7398083129882812,-24.3206106870229,-123.41984732824427,51.6793893129771,-9.70369932861328,-0.59376201171875,0.9409212524414062,30.47328244274809,41.770992366412216,4.854961832061068,0.0
36.160000801086426,-3.39018955078125,-3.7517140014648436,-2.5953145996093747,-25.00763358778626,-114.54961832061069,48.33587786259542,-8.832209924316405,1.0965443603515623,0.8451531860351562,35.64885496183206,42.458015267175576,6.870229007633588,0.0
36.1700005531311,-2.2457611572265623,-3.0047230834960934,-2.185906115722656,-25.31297709923664,-92.87022900763358,41.55725190839695,-9.993397729492187,1.426944189453125,1.3958195678710936,36.50381679389313,41.74045801526717,11.083969465648854,0.0
36.18000054359436,7.101202124023437,-9.830592016601562,-6.303932971191406,0.8854961832061069,-80.16793893129771,40.6412213740458,-8.0828248046875,3.763685009765625,0.51714755859375,25.740458015267176,38.29007633587786,11.86259541984733,0.0
36.19000053405762,1.2018892333984375,-2.7533319091796873,-1.7381904052734374,37.70992366412214,-19.6793893129771,24.38167938931298,-8.298302954101562,3.744531396484375,0.143652099609375,1.6488549618320612,50.51908396946565,17.236641221374047,0.0
36.200000524520874,8.856151940917968,-6.797138513183594,-5.116408947753906,36.85496183206107,-28.916030534351144,17.709923664122137,-7.053318090820312,5.801150622558594,-1.4796166259765624,-18.50381679389313,47.66412213740458,19.14503816793893,0.0
36.21000027656555,3.6487633300781246,-1.659181750488281,-1.6256629272460936,73.41984732824427,32.458015267175576,16.458015267175572,-8.441955053710936,2.636016027832031,0.4213794921875,-49.16030534351145,66.21374045801527,32.85496183206107,0.0
36.22000050544739,2.157175695800781,-0.10773907470703124,-1.2641384765625,58.2442748091603,38.3206106870229,2.7480916030534353,-8.894459167480468,1.2617442749023438,0.0430956298828125,-35.89312977099237,58.396946564885496,28.33587786259542,0.0
36.230000495910645,-1.8555062866210936,3.6846763549804686,0.7038952880859375,51.37404580152672,55.770992366412216,0.3053435114503817,-9.548076220703125,-0.07422025146484375,0.97683427734375,-56.458015267175576,66.4885496183206,32.30534351145038,0.0
36.2400004863739,7.666233715820312,-9.052476477050782,-3.404554760742187,63.343511450381676,63.86259541984733,10.900763358778626,-8.221688500976562,0.11252747802734374,0.201112939453125,-44.030534351145036,58.213740458015266,28.33587786259542,0.0
36.25000047683716,3.227383837890625,-7.1778165771484375,-1.5011644409179687,127.80152671755725,117.98473282442748,6.213740458015267,-10.146626635742187,-3.689464758300781,2.920926025390625,-45.6793893129771,64.16793893129771,31.603053435114504,0.0
36.260000467300415,2.39420166015625,-4.8698061767578125,2.961627453613281,125.78625954198473,110.10687022900764,-17.87786259541985,-6.739677673339843,0.39743747558593745,-0.6655880615234374,-40.229007633587784,49.05343511450382,18.396946564885496,0.0
36.27000093460083,-5.386953735351562,3.191470812988281,4.920084411621094,131.64885496183206,118.61068702290076,-27.404580152671755,-9.526528405761718,-0.8762778076171874,-0.469263525390625,-63.51145038167939,52.534351145038165,23.435114503816795,0.0
36.28000068664551,-5.738901379394531,5.741295581054687,4.141968872070312,96.21374045801527,98.79389312977099,-29.61832061068702,-9.14824454345703,-0.7206546997070312,2.147598889160156,-68.82442748091603,59.80152671755725,24.916030534351144,0.0
36.290000915527344,-6.392518432617187,8.901641772460938,4.821922143554687,82.3969465648855,97.19083969465649,-21.908396946564885,-8.86812294921875,0.00718260498046875,1.0390835205078124,-79.37404580152672,53.83206106870229,23.114503816793892,0.0
36.30000066757202,-7.362170104980469,9.950302099609374,5.410895751953125,34.0,76.45801526717557,-18.045801526717558,-11.980585107421874,-2.2673089721679687,0.7972691528320313,-62.595419847328245,46.396946564885496,26.27480916030534,0.0
36.31000065803528,-5.353434912109375,6.852205151367187,5.753266589355468,-1.3282442748091603,59.63358778625954,-11.709923664122137,-11.820173596191406,-2.7341782958984373,2.6958710693359373,-58.48854961832061,43.587786259541986,25.31297709923664,0.0
36.320000410079956,-5.832275244140624,5.588066674804687,7.137115148925781,-17.053435114503817,50.68702290076336,-8.412213740458014,-13.500903161621093,-4.637568615722656,3.0358477050781247,-23.52671755725191,31.61832061068702,16.931297709923665,0.0
36.33000063896179,-7.182604980468749,3.825934252929687,7.1395093505859375,-24.549618320610687,49.038167938931295,-7.282442748091603,-11.784260571289062,-3.6679169433593746,2.001552587890625,-14.80916030534351,27.450381679389313,17.14503816793893,0.0
36.34000062942505,-7.8362220336914055,4.551377355957031,6.3709706176757805,-24.213740458015266,55.32824427480916,-4.091603053435114,-9.701305126953125,0.0430956298828125,0.38786066894531246,-23.923664122137403,25.022900763358777,7.709923664122138,0.0
36.350000619888306,-9.394847314453125,1.8746598999023436,8.793902697753905,-24.748091603053435,55.38931297709924,-2.1374045801526718,-9.792284790039062,-0.06464344482421874,1.1516109985351561,-24.778625954198475,32.2442748091603,13.633587786259541,0.0
36.36000061035156,-11.346121667480467,4.192247106933594,14.405911389160156,13.282442748091603,59.25190839694657,2.030534351145038,-11.508927380371093,-1.2114660400390624,1.5825672973632812,-12.16793893129771,33.3587786259542,19.84732824427481,0.0
36.37000060081482,-15.409081884765625,8.858546142578124,16.086640954589843,19.206106870229007,43.66412213740458,16.519083969465647,-12.260706701660155,-0.5219359619140624,1.7310078002929687,-11.435114503816793,25.96946564885496,21.0381679389313,0.0
36.380000591278076,-18.784906225585935,13.587094421386718,17.21191573486328,9.129770992366412,29.221374045801525,41.465648854961835,-12.435483422851561,-0.296881005859375,0.8475473876953125,-24.580152671755727,18.9618320610687,20.412213740458014,0.0
36.390000343322754,-15.342044238281249,3.9169139160156248,11.319785449218749,5.6183206106870225,23.267175572519083,65.87786259541984,-13.869610217285155,1.2018892333984375,0.9217676391601562,-32.85496183206107,14.885496183206106,21.053435114503817,0.0
36.40000033378601,-12.069170568847655,3.787627026367187,5.748478186035156,-0.2748091603053435,31.083969465648856,59.343511450381676,-13.967772485351562,0.6655880615234374,-0.29927520751953124,-30.412213740458014,7.404580152671755,23.19083969465649,0.0
36.41000056266785,-9.624690673828125,0.9648632690429687,1.7166425903320313,-46.80916030534351,24.03053435114504,38.48854961832061,-14.676456176757812,0.411802685546875,-0.239420166015625,-20.549618320610687,3.8625954198473282,24.549618320610687,0.0
36.4200005531311,-10.357316381835936,5.147533569335937,1.6448165405273436,-69.37404580152672,32.82442748091603,19.267175572519083,-12.90235274658203,1.5227122558593749,1.7645266235351562,-17.557251908396946,3.9083969465648853,23.022900763358777,0.0
36.43000054359436,-3.5290532470703124,-8.262389929199218,3.6056677001953124,-95.29770992366412,18.27480916030534,13.541984732824428,-15.368380456542967,2.1978771240234374,1.0678139404296874,-8.687022900763358,-3.4656488549618323,18.412213740458014,0.0
36.440000772476196,-3.687070556640625,-8.001421948242188,5.659892724609374,-38.79389312977099,45.02290076335878,-0.33587786259541985,-14.834473486328124,4.189852905273438,2.1595698974609374,-27.053435114503817,-0.8244274809160306,14.427480916030534,0.0
36.450000524520874,-7.113173132324218,-1.5370774658203123,6.047753393554687,-22.38167938931298,46.93129770992366,-17.709923664122137,-15.330073229980467,3.1962592163085937,2.118868469238281,-29.61832061068702,1.4198473282442747,17.81679389312977,0.0
36.46000051498413,-9.835380419921874,0.44053310546874996,4.386177441406249,-31.587786259541986,40.61068702290076,-26.793893129770993,-14.822502478027342,3.323151904296875,0.5746083984375,-28.30534351145038,-11.725190839694656,17.34351145038168,0.0
36.47000050544739,-10.967837805175781,-1.649604943847656,3.0119056884765625,-46.595419847328245,42.56488549618321,-36.10687022900763,-14.456189624023436,2.4947581298828125,0.6057330200195312,-26.99236641221374,-13.969465648854962,23.236641221374047,0.0
36.480000257492065,-13.761871142578125,-0.9361328491210937,3.632003918457031,-57.3587786259542,41.98473282442748,-44.62595419847328,-13.433865515136718,2.0829554443359375,-0.19871873779296872,-26.30534351145038,-19.96946564885496,22.65648854961832,0.0
36.4900004863739,-14.279018701171875,-0.9552864624023437,2.7916391357421872,-49.61832061068702,52.06106870229008,-46.213740458015266,-12.9095353515625,1.3407529296874998,0.7852981445312499,-22.748091603053435,-17.603053435114504,24.83969465648855,0.0
36.50000023841858,-13.831302990722655,-1.0773907470703123,1.9967641845703124,-54.01526717557252,52.10687022900763,-48.16793893129771,-13.326126440429686,4.218583325195312,-0.4213794921875,-17.786259541984734,-23.862595419847327,22.0,0.0
36.51000094413757,-13.263877197265625,0.16998831787109375,1.2952630981445312,-46.0763358778626,61.74045801526717,-46.778625954198475,-12.708422412109375,2.6288334228515624,0.3136404174804687,-14.381679389312977,-19.603053435114504,26.290076335877863,0.0
36.52000069618225,-13.594277026367187,3.0693665283203124,0.63206923828125,-41.55725190839695,68.35114503816794,-47.12977099236641,-10.014945544433592,4.891353991699218,-2.243366955566406,-20.12213740458015,-26.213740458015266,22.015267175572518,0.0
36.53000092506409,-10.465055456542968,1.7214309936523438,-0.4572925170898437,-36.68702290076336,67.40458015267176,-40.274809160305345,-10.874463940429687,1.9608511596679685,0.59376201171875,-7.450381679389313,-10.625954198473282,32.94656488549618,0.0
36.540000677108765,-11.451466540527344,3.5697546752929687,-0.48123453369140623,-29.435114503816795,73.69465648854961,-37.267175572519086,-8.614337573242187,1.9416975463867185,-1.5705962890624998,-6.183206106870229,-15.770992366412214,27.83206106870229,0.0
36.5500009059906,-11.690886706542969,3.744531396484375,-0.1388636962890625,-29.19083969465649,76.2442748091603,-30.763358778625953,-10.711658227539061,-1.1444283935546875,1.0295067138671874,16.47328244274809,-10.16793893129771,31.053435114503817,0.0
36.56000065803528,-14.214375256347655,9.229647399902344,2.636016027832031,-33.541984732824424,81.87786259541984,-26.625954198473284,-4.412513659667969,5.951985327148437,-7.75721337890625,-11.770992366412214,-23.755725190839694,12.50381679389313,0.0
36.570000648498535,-10.077194787597655,5.80354482421875,0.97683427734375,-50.595419847328245,71.2824427480916,-8.458015267175572,-7.218518005371093,2.971204260253906,-1.7669208251953124,-36.656488549618324,15.694656488549619,22.977099236641223,0.0
36.58000040054321,-12.411541406249999,9.627084875488281,3.9839515624999997,-61.57251908396947,71.05343511450381,-3.7404580152671754,3.9528269409179684,11.382034692382812,-18.18875001220703,-80.03053435114504,3.8473282442748094,10.763358778625955,0.0
36.59000062942505,-11.176133349609374,6.054935998535156,3.0933085449218747,-91.49618320610686,50.33587786259542,13.022900763358779,-5.674257934570313,5.257666845703125,-6.4475850708007805,-159.61832061068702,91.1145038167939,26.885496183206108,0.0
36.60000038146973,-4.704606262207031,-3.6822821533203123,2.099714855957031,-58.656488549618324,55.847328244274806,24.015267175572518,1.6304513305664061,11.834538806152343,-19.840749157714843,-140.67175572519085,55.20610687022901,28.931297709923665,0.0
36.61000061035156,-2.612074011230469,-6.9336080078124995,1.7429788085937499,-23.404580152671755,62.94656488549618,17.49618320610687,-13.869610217285155,-0.0526724365234375,1.7980454467773437,-141.84732824427482,117.23664122137404,69.23664122137404,0.0
36.62000060081482,-12.066776367187499,-2.6216508178710938,5.307945080566406,-21.96946564885496,60.274809160305345,-6.198473282442748,-11.40837091064453,-0.047884033203124995,-5.260061047363281,-24.03053435114504,95.77099236641222,71.98473282442748,0.0
36.630000591278076,-9.394847314453125,-7.874529260253905,3.2130186279296873,22.35114503816794,46.62595419847328,-3.099236641221374,-10.977414611816405,-3.854664672851562,-1.0845733520507812,32.152671755725194,107.98473282442748,79.05343511450381,0.0
36.640000343322754,-16.639701538085937,-3.2417490478515623,5.7077767578125,53.847328244274806,56.93129770992366,-26.931297709923665,-19.100940844726562,-25.720908435058593,17.10417666015625,144.70229007633588,99.6793893129771,71.69465648854961,0.0
36.65000033378601,-9.988609326171874,-4.134786267089844,3.5098996337890624,69.1145038167939,36.595419847328245,-32.36641221374046,-2.578555187988281,-0.6919242797851562,-1.8602946899414061,198.94656488549617,18.564885496183205,11.755725190839694,0.0
36.660000801086426,-9.981426721191406,1.6639701538085936,4.675875842285156,64.36641221374046,43.64885496183206,-35.847328244274806,-13.20881055908203,-11.903970654296874,8.317456567382813,204.44274809160305,13.450381679389313,11.099236641221374,0.0
36.670000314712524,-7.278373046874999,0.28012159423828126,2.7940333374023436,55.32824427480916,35.48091603053435,-39.63358778625954,-7.146691955566406,-1.3958195678710936,2.2026655273437497,248.1679389312977,-28.045801526717558,-6.931297709923665,0.0
36.68000078201294,-8.319850769042969,2.0470424194335934,2.7437551025390623,54.70229007633588,44.25954198473283,-44.83969465648855,-9.035717065429687,0.143652099609375,1.8339584716796873,236.99236641221373,-57.06870229007634,-3.954198473282443,0.0
36.69000029563904,-6.562506750488281,1.6232687255859375,1.5155296508789062,53.11450381679389,48.717557251908396,-45.06870229007634,-9.030928662109375,6.574477758789062,1.1875240234375,206.36641221374046,-76.22900763358778,-10.351145038167939,0.0
36.700000286102295,-7.417236743164062,4.515464331054687,1.2928688964843749,38.88549618320611,57.66412213740458,-47.099236641221374,-13.898340637207031,5.1140147460937495,2.221819140625,158.53435114503816,-74.54961832061069,-7.969465648854962,0.0
36.71000051498413,-5.9950809570312495,4.572925170898437,0.7062894897460937,27.19083969465649,63.64885496183206,-43.954198473282446,-11.994950317382811,6.68461103515625,0.51714755859375,123.83206106870229,-91.23664122137404,-19.099236641221374,0.0
36.72000026702881,-6.8210805297851556,5.8226984375,1.005564697265625,10.82442748091603,73.16030534351145,-38.44274809160305,-10.12507882080078,7.637503295898437,-0.8858546142578124,73.46564885496183,-82.30534351145039,-26.137404580152673,0.0
36.730000495910645,-9.782707983398437,9.548076220703125,3.1124621582031247,-23.34351145038168,77.72519083969466,-34.83969465648855,-8.90643017578125,6.224924316406249,-1.2473790649414063,27.34351145038168,-60.030534351145036,-23.31297709923664,0.0
36.74000024795532,-8.652644799804687,7.089231115722656,2.760514514160156,-54.62595419847328,66.68702290076335,-20.671755725190838,-5.121197351074218,8.820238916015624,-2.9568390502929685,-22.946564885496183,-47.25190839694657,-25.51145038167939,0.0
36.75000047683716,-6.720524060058593,3.057395520019531,2.9472622436523435,-65.29770992366412,68.41221374045801,-8.198473282442748,-8.520963708496094,3.4644098022460934,-0.7302315063476562,-54.030534351145036,-26.717557251908396,-20.610687022900763,0.0
36.760000705718994,-7.0102224609374995,0.36631285400390623,3.5194764404296874,-60.229007633587784,69.54198473282443,-9.557251908396946,-7.388506323242187,0.0909796630859375,-0.05985504150390625,-51.9236641221374,-26.47328244274809,-24.091603053435115,0.0
36.77000093460083,-9.586383447265625,-0.3495534423828125,3.2513258544921873,-54.2442748091603,67.87786259541984,-13.603053435114504,-8.461108666992187,-1.0319009155273438,2.0638018310546875,-42.97709923664122,-25.908396946564885,-27.755725190839694,0.0
36.78000068664551,-9.892841259765625,-1.8650830932617186,3.3303345092773435,-42.51908396946565,63.786259541984734,-16.549618320610687,-10.560823522949217,-3.421314172363281,2.89219560546875,-23.129770992366414,-30.18320610687023,-28.65648854961832,0.0
36.790000915527344,-10.330980163574218,-1.8507178833007811,2.683900061035156,-28.977099236641223,63.52671755725191,-21.572519083969464,-8.975862023925782,0.45489831542968745,0.5458779785156249,-0.732824427480916,-54.091603053435115,-37.43511450381679,0.0
36.80000066757202,-11.379640490722656,-0.5410895751953124,2.6815058593749996,-24.763358778625953,61.3587786259542,-24.793893129770993,-14.173673828124999,-5.7843912109375,6.660669018554687,16.83969465648855,-51.61832061068702,-36.152671755725194,0.0
36.81000065803528,-10.721235034179687,-1.0845733520507812,3.3327287109375,-20.83969465648855,55.541984732824424,-27.435114503816795,-10.68053360595703,-1.209071838378906,1.3527239379882812,54.35114503816794,-94.04580152671755,-46.38167938931298,0.0
36.820000648498535,-12.076353173828124,0.055066638183593745,3.1842882080078123,-16.900763358778626,52.94656488549618,-27.633587786259543,-13.47696114501953,-0.35194764404296874,1.7501614135742187,54.152671755725194,-93.40458015267176,-50.36641221374046,0.0
36.83000063896179,-11.245565197753905,1.2569558715820313,4.170699291992188,-15.648854961832061,51.282442748091604,-29.129770992366414,-11.532869396972655,2.612074011230469,-0.08858546142578125,47.69465648854962,-101.41984732824427,-58.412213740458014,0.0
36.84000062942505,-10.129867224121092,1.5897499023437498,4.438849877929687,-19.374045801526716,44.68702290076336,-27.64885496183206,-10.788272680664061,2.8993782104492185,0.11252747802734374,26.732824427480917,-90.80916030534351,-54.80916030534351,0.0
36.850000619888306,-9.198522778320312,2.099714855957031,5.030217687988281,-24.366412213740457,39.541984732824424,-25.84732824427481,-8.655039001464843,3.5721488769531247,0.5291185668945312,10.320610687022901,-87.61832061068702,-58.12213740458015,0.0
36.86000037193298,-9.0021982421875,2.9975404785156248,5.118803149414062,-28.65648854961832,32.74809160305343,-24.244274809160306,-8.003816149902343,4.13718046875,-0.41419688720703124,-10.274809160305344,-75.26717557251908,-54.2442748091603,0.0
36.87000060081482,-9.45470235595703,3.375824340820312,5.228936425781249,-35.969465648854964,26.259541984732824,-21.114503816793892,-9.074024291992187,1.5466542724609373,1.3024457031249999,-14.65648854961832,-66.4885496183206,-48.93129770992366,0.0
36.880000591278076,-9.246406811523437,3.229778039550781,5.1714755859374995,-38.62595419847328,19.51145038167939,-16.99236641221374,-5.386953735351562,3.201047619628906,-0.7062894897460937,-12.229007633587786,-59.587786259541986,-48.10687022900763,0.0
36.89000058174133,-9.052476477050782,2.844311572265625,4.53940634765625,-37.37404580152672,15.98473282442748,-11.877862595419847,-8.51617530517578,1.0390835205078124,0.12210428466796874,-1.7251908396946565,-57.9236641221374,-40.74809160305343,0.0
36.90000081062317,-8.037334973144532,0.34237083740234375,3.883395092773437,-24.763358778625953,12.549618320610687,-7.66412213740458,-8.793902697753905,0.1292868896484375,0.10773907470703124,15.312977099236642,-56.045801526717554,-38.12213740458015,0.0
36.91000056266785,-7.831433630371094,0.82360537109375,3.7421371948242186,-7.526717557251908,19.64885496183206,-7.221374045801527,-7.666233715820312,0.29448680419921874,-1.0989385620117187,27.49618320610687,-53.86259541984733,-37.37404580152672,0.0
36.9200005531311,-8.683769421386717,2.0087351928710935,3.2417490478515623,-2.9770992366412212,21.129770992366414,-7.6183206106870225,-9.114725720214842,1.3072341064453123,-0.22266075439453123,17.435114503816795,-32.717557251908396,-33.908396946564885,0.0
36.93000030517578,-10.261548315429687,2.4301146850585935,2.7748797241210936,-6.564885496183206,22.35114503816794,-4.442748091603053,-8.602366564941406,1.0319009155273438,-0.4836287353515625,24.916030534351144,-42.274809160305345,-29.64885496183206,0.0
36.94000053405762,-9.950302099609374,0.7206546997070312,1.4963760375976562,-4.152671755725191,18.519083969465647,1.083969465648855,-9.009380847167968,0.2537853759765625,1.7501614135742187,33.06870229007634,-42.717557251908396,-28.50381679389313,0.0
36.950000286102295,-9.557653027343749,0.011971008300781249,2.0183119995117185,2.7480916030534353,26.671755725190838,1.633587786259542,-6.619967590332031,2.389413256835937,1.24498486328125,29.114503816793892,-45.954198473282446,-33.19083969465649,0.0
36.96000051498413,-9.414000927734374,-0.2609679809570312,2.4301146850585935,1.0534351145038168,26.412213740458014,0.7175572519083969,-9.950302099609374,1.5634136840820312,2.693476867675781,19.14503816793893,-41.541984732824424,-29.46564885496183,0.0
36.97000050544739,-10.486603271484375,0.8954314208984374,3.7397429931640622,2.50381679389313,30.870229007633586,-2.763358778625954,-6.301538769531249,3.5410242553710933,0.9864110839843749,-0.0916030534351145,-37.52671755725191,-32.61068702290076,0.0
36.980000257492065,-9.696516723632811,0.8547299926757812,3.778050219726562,-6.625954198473282,24.198473282442748,-3.435114503816794,-3.0550013183593747,3.124433166503906,0.26336218261718747,-19.66412213740458,-35.465648854961835,-32.534351145038165,0.0
36.99000024795532,-10.091559997558592,0.4285620971679687,4.912901806640625,-10.16793893129771,20.198473282442748,-3.0381679389312977,-7.074865905761718,2.27927998046875,0.9217676391601562,-23.282442748091604,-27.801526717557252,-28.85496183206107,0.0
37.00000047683716,-12.397176196289061,1.5538368774414062,6.675034228515624,-11.511450381679388,13.694656488549619,-6.213740458015267,-9.124302526855468,0.00718260498046875,1.448492004394531,-23.450381679389313,-19.083969465648856,-25.083969465648856,0.0
37.01000094413757,-11.02529864501953,-0.41419688720703124,7.6279264892578125,-7.648854961832061,-2.8244274809160306,-3.053435114503817,-7.845798840332031,-0.14604630126953125,0.7709329345703124,-18.763358778625953,-17.603053435114504,-25.572519083969464,0.0
37.02000045776367,-9.840168823242188,-1.9704279663085937,8.683769421386717,14.778625954198473,-5.862595419847328,-1.3435114503816794,-6.533776330566406,-0.4836287353515625,-0.1197100830078125,-12.335877862595419,-12.01526717557252,-25.72519083969466,0.0
37.03000068664551,-12.212822668457031,-0.0526724365234375,10.529698901367187,24.778625954198475,-12.534351145038167,-9.526717557251908,-6.9168485961914055,-0.11731588134765625,-0.4644751220703125,0.1984732824427481,-10.15267175572519,-23.16030534351145,0.0
37.040000915527344,-12.217611071777343,-0.5722141967773438,11.03248125,38.19847328244275,-33.83206106870229,-8.595419847328245,-6.217741711425781,1.0869675537109373,-0.9457096557617187,9.083969465648854,-8.488549618320612,-20.564885496183205,0.0
37.0500009059906,-12.77546005859375,0.354341845703125,12.562376110839843,56.717557251908396,-45.48091603053435,-6.916030534351145,-6.007051965332031,0.7613561279296874,-0.9959878906249999,12.061068702290076,0.183206106870229,-15.526717557251908,0.0
37.0600004196167,-13.311761230468749,0.0047884033203125,13.618219042968748,67.52671755725191,-70.6412213740458,-7.267175572519084,-6.710947253417968,-0.201112939453125,-1.209071838378906,24.366412213740457,-1.5114503816793894,-11.435114503816793,0.0
37.070000648498535,-14.954183569335937,2.427720483398437,14.393940380859375,91.54198473282443,-91.7557251908397,-4.0458015267175576,-5.566518859863281,0.9002198242187499,-3.1411925781249996,34.13740458015267,6.763358778625954,-8.778625954198473,0.0
37.08000063896179,-13.350068457031249,2.607285607910156,12.287042919921875,100.80916030534351,-113.95419847328245,3.312977099236641,-6.476315490722656,2.528276953125,-4.73094248046875,49.465648854961835,11.603053435114504,-3.648854961832061,0.0
37.09000062942505,-15.399505078125,5.106832141113281,12.808978881835937,82.12213740458016,-138.793893129771,2.4427480916030535,-6.8976949829101555,5.0014872680664055,-4.4196962646484375,61.786259541984734,18.85496183206107,-1.0687022900763359,0.0
37.100000619888306,-14.872780712890624,2.272097375488281,12.397176196289061,38.916030534351144,-184.15267175572518,9.938931297709924,-9.081206896972656,7.563283044433593,-1.9967641845703124,55.17557251908397,28.35114503816794,5.679389312977099,0.0
37.11000061035156,-16.294936499023436,2.863465185546875,14.264653491210936,42.51908396946565,-202.70229007633588,20.625954198473284,-11.755530151367187,5.425260961914062,2.231395947265625,39.587786259541986,28.85496183206107,14.564885496183207,0.0
37.12000036239624,-16.83602607421875,3.4548329956054684,13.874398620605469,48.091603053435115,-229.06870229007635,34.274809160305345,-12.069170568847655,3.9743747558593747,3.5865140869140624,25.450381679389313,19.267175572519083,13.541984732824428,0.0
37.1300003528595,-16.103400366210938,2.91134921875,9.552864624023437,65.1145038167939,-246.24427480916032,47.51145038167939,-12.703634008789061,3.347093920898437,3.2249896362304686,8.198473282442748,12.931297709923664,8.885496183206106,0.0
37.14000082015991,-13.455413330078125,1.6424223388671875,3.124433166503906,62.94656488549618,-255.80152671755727,61.49618320610687,-13.812149377441406,3.0023288818359375,2.959233251953125,-10.473282442748092,19.282442748091604,9.83206106870229,0.0
37.15000057220459,-11.104307299804686,-1.9919757812499999,-1.0079588989257813,49.7557251908397,-243.16030534351145,68.68702290076335,-11.846509814453125,3.763685009765625,1.8148048583984373,-23.328244274809162,13.908396946564885,12.01526717557252,0.0
37.160000801086426,-10.522516296386717,-5.844246252441406,-5.413289953613281,54.2442748091603,-227.7709923664122,70.59541984732824,-12.548010900878905,0.07422025146484375,1.637633935546875,-23.572519083969464,12.610687022900763,17.450381679389313,0.0
37.170000314712524,-11.29344923095703,-6.756437084960937,-5.755660791015624,56.87022900763359,-201.05343511450383,68.61068702290076,-10.457872851562499,-0.488417138671875,-1.3120225097656248,-22.015267175572518,-3.572519083969466,11.84732824427481,0.0
37.18000054359436,-11.966219897460936,-4.927267016601562,-6.325480786132812,19.69465648854962,-192.45801526717557,54.48854961832061,-11.875240234375,-4.505887524414062,0.7493851196289062,-28.99236641221374,11.526717557251908,16.229007633587788,0.0
37.19000053405762,-12.188880651855468,-4.881777185058594,-2.43250888671875,-15.893129770992367,-179.63358778625954,32.961832061068705,-9.95987890625,-1.924938134765625,-1.2689268798828124,-24.916030534351144,-5.404580152671755,9.32824427480916,0.0
37.200000286102295,-14.168885424804687,-2.2170307373046874,3.0645781249999997,-7.526717557251908,-168.42748091603053,20.30534351145038,-10.773907470703124,-2.8036101440429686,-1.905784521484375,-35.3587786259542,6.458015267175573,9.618320610687023,0.0
37.21000051498413,-14.942212561035156,1.5466542724609373,8.1594392578125,28.82442748091603,-157.17557251908397,24.33587786259542,-10.565611926269531,-1.8100164550781248,-2.2936451904296873,-35.29770992366412,11.19083969465649,9.099236641221374,0.0
37.22000050544739,-15.655684655761718,4.378994836425781,7.3669585083007805,51.267175572519086,-143.25190839694656,35.81679389312977,-11.463437548828125,-1.2210428466796874,-0.3495534423828125,-28.03053435114504,18.0,8.274809160305344,0.0
37.230000495910645,-15.86398020019531,7.733271362304687,4.745307690429687,19.450381679389313,-150.50381679389312,37.16030534351145,-10.656591589355468,-1.8363526733398436,0.16998831787109375,-16.82442748091603,25.51145038167939,6.122137404580153,0.0
37.2400004863739,-12.933477368164061,4.7022120605468745,1.3383587280273437,-20.35114503816794,-160.99236641221373,42.99236641221374,-9.813832604980469,-1.0869675537109373,0.6057330200195312,-6.2748091603053435,27.34351145038168,3.969465648854962,0.0
37.25000047683716,-12.021286535644531,1.3958195678710936,0.7038952880859375,-48.916030534351144,-158.36641221374046,46.68702290076336,-8.942343200683593,-0.9050082275390624,0.8451531860351562,6.030534351145038,32.12213740458015,3.66412213740458,0.0
37.260000705718994,-7.204152795410156,-3.6343981201171873,-1.70467158203125,-57.221374045801525,-155.6793893129771,49.52671755725191,-9.368511096191405,-0.8858546142578124,0.28490999755859375,14.82442748091603,32.458015267175576,4.717557251908397,0.0
37.27000093460083,-4.568136767578125,-3.7900212280273435,-1.199495031738281,-52.68702290076336,-137.23664122137404,43.63358778625954,-9.598354455566406,0.09576806640624999,0.02633621826171875,22.18320610687023,35.038167938931295,5.083969465648855,0.0
37.28000068664551,1.927332336425781,-8.219294299316406,-6.845022546386718,-31.14503816793893,-127.92366412213741,41.969465648854964,-8.939948999023438,1.0031704956054688,0.09576806640624999,23.801526717557252,35.89312977099237,6.9465648854961835,0.0
37.290000915527344,2.4444798950195312,-6.854599353027344,-3.9169139160156248,18.198473282442748,-71.55725190839695,31.572519083969464,-9.828197814941406,0.6775590698242188,1.0462661254882812,24.106870229007633,38.42748091603053,9.32824427480916,0.0
37.3000009059906,4.120421057128906,-6.533776330566406,-4.690241052246093,42.85496183206107,-53.98473282442748,18.85496183206107,-8.40125362548828,1.7310078002929687,0.1867477294921875,23.587786259541986,37.7557251908397,8.15267175572519,0.0
37.31000065803528,-2.7198130859375,1.35990654296875,-0.9600748657226562,34.87022900763359,-30.015267175572518,5.0534351145038165,-9.442731347656249,1.8722656982421875,1.0702081420898437,12.534351145038167,43.23664122137404,15.221374045801527,0.0
37.320000410079956,5.600037683105469,-5.102043737792968,-5.434837768554687,43.847328244274806,-22.702290076335878,17.69465648854962,-6.993463049316406,4.762067102050781,-0.9265560424804687,-9.969465648854962,39.57251908396947,15.709923664122137,0.0
37.33000063896179,1.1707646118164061,0.8714894042968749,-0.59376201171875,66.1526717557252,25.984732824427482,18.519083969465647,-7.199364392089843,4.953603234863281,-0.7709329345703124,-40.06106870229008,51.80152671755725,22.580152671755727,0.0
37.34000062942505,1.3766659545898436,2.3032219970703123,-1.1180921752929687,42.88549618320611,24.793893129770993,9.465648854961833,-8.693346228027343,1.6831237670898436,-0.411802685546875,-46.70229007633588,59.14503816793893,29.00763358778626,0.0
37.35000038146973,-2.214636535644531,4.371812231445312,-0.062249243164062495,25.923664122137403,42.68702290076336,6.717557251908397,-8.88009395751953,1.5227122558593749,-0.5817910034179687,-57.603053435114504,56.045801526717554,28.625954198473284,0.0
37.36000037193298,5.887341882324218,-6.232106921386718,-1.9009961181640624,27.87786259541985,41.98473282442748,13.038167938931299,-9.299079248046874,-0.239420166015625,0.5865794067382812,-56.82442748091603,61.267175572519086,29.755725190839694,0.0
37.37000060081482,0.29927520751953124,-4.103661645507812,1.9632453613281249,74.33587786259542,85.46564885496183,5.1603053435114505,-8.540117321777343,-0.6272808349609375,0.11013327636718749,-63.93893129770992,62.54961832061068,24.977099236641223,0.0
37.380000591278076,2.9185318237304685,-8.166621862792969,3.258508459472656,99.72519083969466,79.8473282442748,-3.7099236641221376,-10.230423693847655,-1.9991583862304687,-0.5291185668945312,-53.41984732824427,61.221374045801525,21.297709923664122,0.0
37.39000058174133,-1.3742717529296875,-2.5067291381835934,4.92247861328125,146.6259541984733,103.05343511450381,-7.893129770992366,-10.390835205078124,-3.6104561035156246,2.5953145996093747,-54.396946564885496,67.08396946564885,21.46564885496183,0.0
37.40000104904175,-1.3646949462890625,0.7015010864257812,3.383006945800781,149.40458015267177,93.0381679389313,-13.236641221374045,-7.953537915039062,-0.4429273071289062,0.076614453125,-47.89312977099237,54.6412213740458,9.511450381679388,0.0
37.41000056266785,-8.154650854492187,9.835380419921874,5.204994409179688,139.00763358778627,103.52671755725191,-14.748091603053435,-11.214440576171874,-3.438073583984375,1.8267758666992187,-42.44274809160305,55.725190839694655,18.03053435114504,0.0
37.4200005531311,-7.843404638671874,12.562376110839843,6.770802294921874,79.55725190839695,81.6793893129771,-12.564885496183207,-8.532934716796875,0.4165910888671875,0.43574470214843747,-52.88549618320611,52.045801526717554,10.83969465648855,0.0
37.43000054359436,-9.402029919433593,13.151349719238281,8.078036401367187,24.9618320610687,68.53435114503817,-6.931297709923665,-10.639832177734375,-0.8212111694335937,-0.0430956298828125,-48.93129770992366,46.0763358778626,17.17557251908397,0.0
37.44000053405762,-6.066907006835937,6.251260534667968,7.295132458496093,-19.96946564885496,46.412213740458014,-0.7786259541984732,-11.44667813720703,-1.8459294799804686,2.04943662109375,-44.30534351145038,45.32824427480916,21.633587786259543,0.0
37.450000286102295,-4.453215087890625,1.4772224243164063,6.6893994384765625,-6.763358778625954,51.38931297709924,5.267175572519084,-12.94065997314453,-2.674323254394531,2.31758720703125,-25.46564885496183,38.36641221374046,20.53435114503817,0.0
37.46000075340271,-8.135497241210937,6.514622717285156,7.117961535644531,-12.82442748091603,56.656488549618324,-2.4427480916030535,-12.203245861816406,-0.028730419921875,0.93852705078125,-30.16793893129771,30.213740458015266,14.412213740458014,0.0
37.47000026702881,-7.56567724609375,2.7653029174804686,7.730877160644531,-32.534351145038165,47.98473282442748,-2.5801526717557253,-12.916717956542968,-0.7972691528320313,0.9624690673828125,-30.137404580152673,32.732824427480914,21.46564885496183,0.0
37.480000257492065,-10.386046801757812,3.0071172851562498,12.289437121582031,-2.50381679389313,49.80152671755725,-1.6946564885496183,-13.038822241210937,-1.7094599853515624,1.0510545288085937,-13.86259541984733,25.068702290076335,26.03053435114504,0.0
37.4900004863739,-14.532804077148437,4.44363828125,15.219939953613281,17.282442748091604,41.343511450381676,6.885496183206107,-14.621389538574219,-0.09576806640624999,1.3192051147460937,-1.83206106870229,14.458015267175572,25.893129770992367,0.0
37.50000023841858,-15.758635327148436,7.326257080078125,16.936582543945313,37.725190839694655,32.38167938931298,27.786259541984734,-13.474566943359374,2.0446482177734375,0.469263525390625,-20.83969465648855,8.045801526717558,23.34351145038168,0.0
37.510000467300415,-13.45780753173828,7.522581616210937,12.143390820312499,34.732824427480914,26.748091603053435,51.11450381679389,-14.293383911132812,1.2234370483398436,0.41419688720703124,-24.748091603053435,7.0534351145038165,26.18320610687023,0.0
37.52000069618225,-11.240776794433593,6.1626750732421876,7.400477331542969,13.465648854961833,28.580152671755727,49.52671755725191,-14.544775085449217,0.12449848632812499,0.5123591552734374,-20.259541984732824,5.3893129770992365,25.19083969465649,0.0
37.53000092506409,-8.801085302734375,5.748478186035156,4.1563340820312495,-20.442748091603054,29.480916030534353,36.10687022900763,-14.31972012939453,0.5099649536132812,0.6368576416015624,-15.465648854961833,0.6870229007633588,21.801526717557252,0.0
37.540000677108765,-8.84178673095703,2.8203695556640622,0.6679822631835937,-52.732824427480914,37.725190839694655,19.022900763358777,-14.295778112792968,1.177947216796875,1.0893617553710937,-13.572519083969466,-2.0610687022900764,20.12213740458015,0.0
37.55000066757202,-2.858676782226562,-10.218452685546874,3.1747114013671873,-55.6793893129771,42.274809160305345,4.961832061068702,-14.731522814941405,2.231395947265625,1.0271125122070313,-17.709923664122137,-4.061068702290076,19.00763358778626,0.0
37.5600004196167,-9.794678991699218,-0.5578489868164063,7.264007836914062,-49.083969465648856,46.3206106870229,-22.396946564885496,-16.22071624755859,1.7836802368164062,1.35990654296875,-21.114503816793892,-3.7404580152671754,20.47328244274809,0.0
37.570000410079956,-8.1594392578125,-1.4053963745117186,4.587290380859375,-40.88549618320611,35.465648854961835,-28.83969465648855,-17.132907080078123,2.269703173828125,1.4149731811523436,-25.603053435114504,-9.297709923664122,20.671755725190838,0.0
37.58000063896179,-8.377311608886718,-1.426944189453125,1.9608511596679685,-38.152671755725194,40.47328244274809,-36.76335877862596,-15.210363146972655,2.959233251953125,-0.016759411621093748,-35.32824427480916,-11.618320610687023,21.908396946564885,0.0
37.59000062942505,-11.468225952148437,-1.6615759521484375,1.908178723144531,-52.97709923664122,44.33587786259542,-49.93893129770992,-14.89432852783203,2.157175695800781,0.6607996582031249,-33.038167938931295,-10.15267175572519,23.51145038167939,0.0
37.600000619888306,-12.859257116699219,-0.8786720092773437,0.5099649536132812,-56.50381679389313,47.69465648854962,-51.343511450381676,-14.425065002441405,2.4396914916992185,0.6153098266601562,-25.587786259541986,-15.236641221374045,24.870229007633586,0.0
37.61000061035156,-13.113042492675781,-0.9361328491210937,1.216254443359375,-52.0,59.05343511450382,-50.50381679389313,-13.354856860351562,3.6631285400390623,-0.062249243164062495,-24.366412213740457,-20.763358778625953,24.442748091603054,0.0
37.62000036239624,-15.765817932128906,3.1100679565429687,2.7964275390625,-46.88549618320611,69.90839694656489,-49.74045801526717,-12.526463085937499,3.852270471191406,-0.9050082275390624,-25.0381679389313,-20.519083969465647,26.977099236641223,0.0
37.630000591278076,-11.506533178710937,-0.46208092041015625,-0.5434837768554687,-45.81679389312977,74.01526717557252,-40.18320610687023,-11.85608662109375,1.924938134765625,0.30406361083984373,-15.083969465648854,-17.053435114503817,31.786259541984734,0.0
37.64000082015991,-17.140089685058594,8.312668164062499,2.5234885498046875,-41.89312977099237,93.05343511450381,-46.900763358778626,-7.735665563964844,4.218583325195312,-6.222530114746093,-29.221374045801525,-29.435114503816795,22.870229007633586,0.0
37.65000057220459,-13.927071057128906,7.501033801269531,1.1013327636718748,-76.0,75.6030534351145,-37.267175572519086,-9.2320416015625,1.2306196533203124,-1.3192051147460937,-31.69465648854962,-3.450381679389313,33.099236641221374,0.0
37.660000801086426,-13.546392993164062,6.976703637695312,1.180341418457031,-85.1145038167939,75.81679389312977,-26.442748091603054,-4.0222587890625,5.925649108886718,-8.88009395751953,-45.02290076335878,-19.19083969465649,21.221374045801525,0.0
37.6700005531311,-10.326191760253906,4.218583325195312,1.2808978881835937,-89.81679389312977,76.29007633587786,-16.091603053435115,-7.931990100097655,3.3303345092773435,-4.0222587890625,-95.55725190839695,35.31297709923664,22.931297709923665,0.0
37.68000054359436,-16.227898852539063,9.227253198242186,4.197035510253906,-104.38167938931298,73.57251908396947,-15.84732824427481,-10.484209069824217,0.3232172241210937,-1.4030021728515625,-44.19847328244275,18.610687022900763,27.404580152671755,0.0
37.69000053405762,-10.330980163574218,2.770091320800781,1.9416975463867185,-110.47328244274809,56.97709923664122,5.00763358778626,-9.861716638183593,-2.3391350219726563,1.946485949707031,-43.45038167938932,41.66412213740458,24.99236641221374,0.0
37.700000524520874,-2.9640216552734375,-7.41244833984375,0.6584054565429687,-61.70992366412214,72.10687022900764,15.129770992366412,-0.3016694091796875,13.721169714355469,-16.91264052734375,-37.74045801526717,-9.312977099236642,5.66412213740458,0.0
37.71000051498413,-7.357381701660156,-1.2593500732421874,2.7150246826171873,-41.908396946564885,75.61832061068702,-3.4656488549618323,-8.355763793945313,8.418013037109375,-7.235277416992187,-147.1908396946565,112.59541984732824,27.114503816793892,0.0
37.72000050544739,-6.660669018554687,-3.9456443359374997,3.4859576171874997,-21.267175572519083,78.35114503816794,-7.893129770992366,-3.2920272827148436,12.138602416992187,-11.3389390625,-82.85496183206106,71.52671755725191,38.0,0.0
37.730000257492065,-6.291961962890625,-6.054935998535156,3.0526071166992184,16.076335877862597,79.08396946564885,-11.511450381679388,-10.761936462402343,-1.0366893188476562,-0.33518823242187495,-44.30534351145038,110.25954198473282,72.2442748091603,0.0
37.74000024795532,-12.31577333984375,-2.89219560546875,5.209782812499999,48.47328244274809,90.21374045801527,-33.282442748091604,-14.501679455566405,-7.153874560546875,8.01818135986328,70.38167938931298,104.0,65.6793893129771,0.0
37.75000023841858,-12.627019555664061,-3.4165257690429685,3.8762124877929685,55.48091603053435,62.916030534351144,-39.37404580152672,-6.1076084350585935,-5.734112976074218,2.422932080078125,104.87022900763358,65.89312977099236,43.954198473282446,0.0
37.760000705718994,-11.06360587158203,-1.7238251953125,4.058171813964844,73.74045801526718,65.45038167938931,-40.19847328244275,-12.885593334960937,-18.162413793945312,12.433089221191405,160.74809160305344,43.23664122137404,39.083969465648856,0.0
37.77000093460083,-7.955932116699218,-0.3064578125,3.555389465332031,78.58015267175573,64.62595419847328,-44.67175572519084,-0.9097966308593749,1.6998831787109374,-0.19871873779296872,169.55725190839695,-5.114503816793893,26.80916030534351,0.0
37.78000068664551,-8.63109698486328,2.645592834472656,4.412513659667969,65.89312977099236,66.09160305343511,-47.49618320610687,-7.951143713378905,-2.0733786376953125,6.528987927246093,171.32824427480915,-4.152671755725191,25.908396946564885,0.0
37.790000677108765,-5.372588525390625,0.7541735229492187,2.6240450195312497,67.16030534351145,67.43511450381679,-48.2442748091603,-6.825868933105468,1.254561669921875,3.9600095458984375,191.54198473282443,-39.099236641221374,17.572519083969464,0.0
37.80000066757202,-6.131550451660156,2.365471240234375,1.9752163696289062,64.54961832061069,75.70992366412214,-50.06106870229008,-6.387730029296875,2.360682836914062,3.3638533325195312,167.63358778625954,-43.61832061068702,13.679389312977099,0.0
37.81000089645386,-8.43956085205078,5.336675500488281,2.068590234375,46.2442748091603,78.22900763358778,-50.396946564885496,-9.227253198242186,4.010287780761718,-1.8914193115234375,143.9236641221374,-65.77099236641222,5.312977099236641,0.0
37.820000648498535,-9.275137231445312,6.734889270019531,2.47081611328125,18.3206106870229,76.0,-45.12977099236641,-12.145785021972655,-0.22026655273437498,2.3295582153320313,109.23664122137404,-51.17557251908397,6.0,0.0
37.83000063896179,-7.931990100097655,5.700594152832031,2.96881005859375,-4.809160305343512,73.14503816793894,-38.595419847328245,-8.039729174804688,4.934449621582031,-0.6248866333007812,83.7557251908397,-66.1526717557252,-9.86259541984733,0.0
37.84000062942505,-8.825027319335938,5.209782812499999,2.906560815429687,-22.870229007633586,69.34351145038168,-32.458015267175576,-12.521674682617187,2.2194249389648437,0.7038952880859375,61.43511450381679,-67.26717557251908,-14.641221374045802,0.0
37.85000038146973,-8.63827958984375,3.699041564941406,2.3056161987304686,-33.11450381679389,66.09160305343511,-26.549618320610687,-11.104307299804686,2.133233679199219,0.86191259765625,49.70992366412214,-72.13740458015268,-23.282442748091604,0.0
37.86000061035156,-8.279149340820313,3.0047230834960934,2.693476867675781,-34.35114503816794,70.16793893129771,-23.908396946564885,-7.632714892578124,4.192247106933594,0.3758896606445312,21.908396946564885,-73.25190839694656,-31.69465648854962,0.0
37.87000060081482,-10.64222637939453,3.7301661865234372,3.3351229125976563,-48.656488549618324,68.12213740458016,-23.34351145038168,-8.657433203124999,4.764461303710937,-0.6081272216796875,3.7557251908396947,-78.1526717557252,-35.66412213740458,0.0
37.8800003528595,-9.258377819824219,2.7246014892578123,2.703053674316406,-57.43511450381679,60.091603053435115,-19.450381679389313,-11.765106958007811,-1.7286135986328124,4.197035510253906,-10.473282442748092,-59.81679389312977,-30.9618320610687,0.0
37.89000058174133,-9.076418493652342,-0.316034619140625,1.8698714965820311,-55.55725190839695,59.83206106870229,-18.900763358778626,-9.986215124511718,2.592920397949219,0.1005564697265625,4.091603053435114,-86.27480916030534,-46.3206106870229,0.0
37.90000081062317,-11.645396875,0.06703764648437499,1.4700398193359374,-44.2442748091603,62.58015267175573,-21.389312977099237,-15.84003818359375,-4.46279189453125,6.770802294921874,20.12213740458015,-79.46564885496183,-41.93893129770992,0.0
37.91000056266785,-10.759542260742187,-1.7621324218749999,1.1420341918945311,-38.67175572519084,61.43511450381679,-23.862595419847327,-11.195286962890624,-0.9002198242187499,2.834734765625,43.89312977099237,-113.63358778625954,-56.13740458015267,0.0
37.92000079154968,-11.796231579589843,-0.565031591796875,1.7334020019531249,-29.984732824427482,63.19083969465649,-26.778625954198475,-11.125855114746093,-0.737414111328125,2.559401574707031,39.25190839694657,-112.8854961832061,-57.63358778625954,0.0
37.93000054359436,-11.92551846923828,0.97683427734375,2.4013842651367185,-37.55725190839695,55.80152671755725,-29.19083969465649,-10.524910498046875,2.961627453613281,0.33758243408203126,36.70229007633588,-125.3587786259542,-67.26717557251908,0.0
37.940000772476196,-10.445901843261717,0.3016694091796875,2.1356278808593747,-39.29770992366412,48.152671755725194,-26.85496183206107,-11.698069311523437,2.612074011230469,0.6248866333007812,18.946564885496183,-114.51908396946565,-63.70992366412214,0.0
37.950000524520874,-8.927977990722656,0.239420166015625,2.602497204589844,-36.68702290076336,47.38931297709924,-27.31297709923664,-8.602366564941406,4.857835168457031,-1.0175357055664063,5.984732824427481,-111.92366412213741,-73.55725190839695,0.0
37.96000051498413,-9.483432775878907,1.3862427612304686,3.162740393066406,-36.36641221374046,44.16793893129771,-30.229007633587788,-10.522516296386717,2.987963671875,0.9528922607421875,-4.870229007633588,-100.8854961832061,-64.85496183206106,0.0
37.97000050544739,-9.176974963378905,1.898601916503906,3.392583752441406,-36.38167938931298,38.35114503816794,-29.740458015267176,-6.969521032714844,5.058948107910156,-1.3814543579101561,-14.82442748091603,-101.80152671755725,-66.83969465648855,0.0
37.980000495910645,-9.215282189941405,2.1739351074218747,3.5098996337890624,-35.80152671755725,33.48091603053435,-26.259541984732824,-8.971073620605468,3.2632968627929686,-0.3495534423828125,-18.641221374045802,-96.22900763358778,-56.33587786259542,0.0
37.9900004863739,-9.30147344970703,2.3391350219726563,3.81156904296875,-37.25190839694657,29.69465648854962,-23.17557251908397,-8.583212951660157,2.978386865234375,0.21308394775390624,-18.290076335877863,-85.49618320610686,-54.35114503816794,0.0
38.00000047683716,-8.959102612304687,1.66636435546875,3.9791631591796874,-34.58015267175573,26.3206106870229,-19.206106870229007,-8.118737829589843,2.221819140625,0.33518823242187495,-18.916030534351144,-79.96946564885496,-49.87786259541985,0.0
38.01000094413757,-7.5537062377929685,0.852335791015625,3.912125512695312,-20.65648854961832,26.977099236641223,-14.366412213740459,-9.643844287109374,0.9026140258789062,1.6998831787109374,-16.748091603053435,-70.94656488549619,-44.80916030534351,0.0
38.02000069618225,-7.750030773925781,1.3359645263671873,4.541800549316406,-14.213740458015268,28.900763358778626,-12.595419847328245,-8.556876733398436,2.398990063476562,0.13646949462890623,-5.175572519083969,-80.01526717557252,-45.587786259541986,0.0
38.03000092506409,-9.655815295410155,1.9105729248046874,3.5434184570312497,-6.259541984732825,29.435114503816795,-8.274809160305344,-9.330203869628905,0.679953271484375,0.28490999755859375,-6.763358778625954,-71.3587786259542,-39.63358778625954,0.0
38.040000438690186,-9.203311181640624,0.7015010864257812,4.151545678710937,0.183206106870229,29.83206106870229,-1.7709923664122138,-9.234435803222656,0.28012159423828126,0.5674257934570313,5.038167938931298,-74.85496183206106,-42.396946564885496,0.0
38.0500009059906,-9.701305126953125,1.2832920898437499,5.267243652343749,11.099236641221374,36.0763358778626,-0.2595419847328244,-7.694964135742187,1.4437036010742186,-0.5386953735351562,3.633587786259542,-70.22900763358778,-45.465648854961835,0.0
38.06000065803528,-10.16338604736328,1.4963760375976562,6.050147595214844,8.534351145038167,31.251908396946565,1.2061068702290076,-8.973467822265624,0.4429273071289062,0.33518823242187495,-0.3053435114503817,-64.6412213740458,-43.83206106870229,0.0
38.070000648498535,-10.848127722167968,1.6424223388671875,6.742071875,12.564885496183207,27.81679389312977,3.49618320610687,-8.451531860351562,1.4317325927734375,0.3184288208007812,-1.2366412213740459,-61.14503816793893,-46.47328244274809,0.0
38.08000063896179,-10.759542260742187,1.7860744384765623,6.617573388671874,17.099236641221374,19.49618320610687,5.145038167938932,-7.144297753906249,3.0550013183593747,-0.03591302490234375,-8.381679389312977,-59.02290076335878,-46.6412213740458,0.0
38.09000062942505,-11.422736120605467,3.7038299682617186,7.556100439453124,17.251908396946565,11.099236641221374,4.564885496183206,-8.327033374023436,2.1739351074218747,1.1923124267578125,-22.045801526717558,-42.36641221374046,-42.13740458015267,0.0
38.100000619888306,-10.072406384277343,1.5059528442382812,7.587225061035156,16.137404580152673,-5.236641221374046,8.366412213740459,-7.903259680175781,1.7286135986328124,0.6512228515624999,-29.893129770992367,-37.587786259541986,-40.19847328244275,0.0
38.11000084877014,-10.58476553955078,1.2234370483398436,8.219294299316406,29.557251908396946,-12.259541984732824,7.511450381679389,-8.451531860351562,0.0047884033203125,1.7262193969726563,-25.786259541984734,-30.83969465648855,-37.06870229007634,0.0
38.12000036239624,-12.006921325683592,2.080561242675781,9.102754711914063,33.48091603053435,-27.69465648854962,4.091603053435114,-9.117119921875,-0.8355763793945312,3.3710359375,-18.99236641221374,-27.389312977099237,-35.87786259541985,0.0
38.130000591278076,-12.212822668457031,3.5386300537109374,9.610325463867188,35.93893129770992,-44.56488549618321,6.33587786259542,-6.430825659179687,0.5458779785156249,1.944091748046875,-17.633587786259543,-25.984732824427482,-36.900763358778626,0.0
38.14000082015991,-12.413935607910156,2.70065947265625,9.821015209960937,28.65648854961832,-69.3587786259542,10.51908396946565,-8.875305554199219,-2.5450363647460934,1.675941162109375,-3.1297709923664123,-24.610687022900763,-30.198473282442748,0.0
38.15000057220459,-12.265495104980468,1.886630908203125,11.137826123046874,43.221374045801525,-81.14503816793894,12.65648854961832,-5.176263989257812,-1.6711527587890624,-1.3335703247070312,17.541984732824428,-13.84732824427481,-29.908396946564885,0.0
38.160000801086426,-14.585476513671875,2.722207287597656,13.991714501953124,54.82442748091603,-101.55725190839695,10.213740458015268,-5.236119030761718,-1.13006318359375,-3.1866824096679687,51.282442748091604,-5.206106870229007,-22.412213740458014,0.0
38.170000314712524,-16.543933471679686,3.957615344238281,14.623783740234375,76.93129770992367,-124.97709923664122,16.045801526717558,-3.172317199707031,2.2074539306640624,-6.943184814453125,78.56488549618321,6.229007633587786,-17.572519083969464,0.0
38.18000054359436,-16.64927834472656,5.533000036621093,13.311761230468749,69.38931297709924,-154.5801526717557,24.641221374045802,-1.8171990600585937,5.6215854980468745,-9.275137231445312,87.86259541984732,32.13740458015267,-8.946564885496183,0.0
38.19000053405762,-16.84799708251953,3.854664672851562,13.493720556640625,27.83206106870229,-186.793893129771,26.671755725190838,-0.3016694091796875,10.242394702148436,-10.627861169433594,83.45038167938931,59.98473282442748,2.687022900763359,0.0
38.200000286102295,-16.47689582519531,-0.09337386474609374,16.34282053222656,5.251908396946565,-225.25190839694656,27.572519083969464,-6.303932971191406,8.398859423828124,-5.2433016357421875,78.59541984732824,76.53435114503817,21.81679389312977,0.0
38.21000027656555,-17.630901025390624,-2.090138049316406,18.267758666992187,41.38931297709924,-246.7175572519084,38.0,-6.5960255737304685,9.440337145996093,-1.4628572143554686,55.69465648854962,85.95419847328245,26.580152671755727,0.0
38.22000050544739,-17.278953381347655,-1.005564697265625,12.919112158203124,84.94656488549619,-263.87786259541986,52.70229007633588,-13.860033410644531,6.6271501953125,3.785232824707031,28.885496183206108,76.51908396946565,30.442748091603054,0.0
38.230000495910645,-15.988478686523436,-1.47482822265625,5.2073886108398435,85.20610687022901,-264.7480916030534,57.49618320610687,-18.66280194091797,3.0693665283203124,9.162609753417968,-8.488549618320612,69.77099236641222,26.15267175572519,0.0
38.2400004863739,-13.376404675292967,-2.1212626708984375,-1.158793603515625,65.69465648854961,-262.2290076335878,57.63358778625954,-18.229451440429685,2.7748797241210936,9.095572106933593,-33.87786259541985,36.82442748091603,11.221374045801527,0.0
38.25000023841858,-12.63420216064453,-1.426944189453125,-6.600813977050781,64.33587786259542,-242.18320610687022,65.20610687022901,-17.611747412109374,-1.218648645019531,12.770671655273437,-80.18320610687023,37.17557251908397,14.961832061068701,0.0
38.260000467300415,-10.544064111328124,-3.399766357421875,-8.559270935058594,43.37404580152672,-216.19847328244273,71.09923664122137,-16.086640954589843,-0.7302315063476562,6.270414147949219,-69.40458015267176,43.69465648854962,16.83969465648855,0.0
38.27000093460083,-9.797073193359374,-4.2521021484374995,-6.330269189453125,19.251908396946565,-192.44274809160305,63.57251908396947,-10.041281762695311,1.177947216796875,2.987963671875,-30.412213740458014,-3.145038167938931,17.083969465648856,0.0
38.28000068664551,-9.006986645507812,-3.9145197143554684,-2.3415292236328122,-30.290076335877863,-184.2290076335878,36.56488549618321,-7.752424975585937,-0.584185205078125,-2.7629087158203123,-71.41984732824427,7.236641221374046,23.603053435114504,0.0
38.290000915527344,-10.43153663330078,-2.6575638427734374,4.592078784179687,-27.52671755725191,-166.65648854961833,20.580152671755727,-6.445190869140625,-1.1659762084960936,-6.069301208496094,-82.13740458015268,7.877862595419847,25.389312977099237,0.0
38.30000042915344,-12.471396447753905,-0.39983167724609375,6.0908490234374995,-1.633587786259542,-150.27480916030535,25.389312977099237,-11.769895361328125,-3.517082238769531,-3.4644098022460934,-76.94656488549619,26.38167938931298,32.82442748091603,0.0
38.31000065803528,-15.114595080566405,4.333505004882812,6.5505357421875,13.908396946564885,-137.95419847328245,33.89312977099237,-9.5001921875,-5.329492895507812,-5.406107348632812,-58.0763358778626,35.61832061068702,24.977099236641223,0.0
38.320000648498535,-14.104241979980468,5.7317187744140625,1.8243816650390623,4.793893129770993,-138.3053435114504,48.656488549618324,-12.016498132324218,-5.664681127929687,0.0526724365234375,-25.541984732824428,37.63358778625954,18.30534351145038,0.0
38.33000063896179,-14.743493823242186,6.203376501464843,2.2385785522460937,-22.16793893129771,-132.85496183206106,47.847328244274806,-10.965443603515624,-5.147533569335937,1.695094775390625,-4.641221374045801,45.404580152671755,18.412213740458014,0.0
38.34000062942505,-14.911087939453123,3.3016040893554686,1.8076222534179687,-59.83206106870229,-142.9770992366412,46.458015267175576,-11.82975040283203,-4.053383410644531,3.208230224609375,19.6793893129771,45.404580152671755,18.061068702290076,0.0
38.350000619888306,-11.537657800292967,-0.5961562133789062,0.18914193115234373,-73.87786259541984,-141.95419847328245,51.86259541984733,-9.34696328125,-0.086191259765625,1.848323681640625,28.16793893129771,41.93893129770992,27.099236641221374,0.0
38.36000037193298,-8.576030346679687,-2.123656872558594,-1.2689268798828124,-78.47328244274809,-135.00763358778627,55.404580152671755,-10.172962854003906,0.36152445068359373,1.0989385620117187,31.72519083969466,46.030534351145036,21.404580152671755,0.0
38.37000036239624,-4.510675927734375,-3.9911341674804683,-3.5122938354492184,-73.90839694656489,-122.9618320610687,54.6412213740458,-9.619902270507811,0.8164227661132812,1.3479355346679687,34.33587786259542,43.51145038167939,22.396946564885496,0.0
38.380000591278076,-1.7405846069335937,-5.559336254882812,-4.936843823242187,-59.465648854961835,-109.5114503816794,46.900763358778626,-9.502586389160156,0.7972691528320313,1.3623007446289062,29.51145038167939,43.52671755725191,23.267175572519083,0.0
38.390000343322754,-0.45010991210937495,-5.228936425781249,-3.9743747558593747,-28.900763358778626,-83.06870229007633,38.0763358778626,-10.295067138671874,0.0909796630859375,1.01514150390625,22.137404580152673,43.81679389312977,23.19083969465649,0.0
38.40000081062317,6.660669018554687,-9.648632690429688,-5.710170959472656,15.893129770992367,-61.3587786259542,39.55725190839695,-8.705317236328124,0.6631938598632812,0.6560112548828124,15.84732824427481,42.213740458015266,19.236641221374047,0.0
38.41000056266785,0.9193734375,-1.7956512451171873,-1.8028338500976562,47.770992366412216,-13.404580152671755,31.206106870229007,-8.695740429687499,0.3902548706054687,0.4381389038085937,10.122137404580153,42.54961832061068,17.328244274809162,0.0
38.42000079154968,7.716511950683593,-5.473144995117187,-3.1483751831054687,55.32824427480916,-12.83969465648855,28.458015267175572,-8.24802471923828,1.6519991455078125,-0.4381389038085937,7.114503816793893,40.50381679389313,15.083969465648854,0.0
38.43000030517578,1.2880804931640624,1.4149731811523436,0.7613561279296874,64.6412213740458,31.572519083969464,22.519083969465647,-7.532158422851562,1.7190367919921874,0.201112939453125,-18.015267175572518,47.16030534351145,17.801526717557252,0.0
38.44000053405762,1.6424223388671875,2.6384102294921874,1.1540052001953125,37.61832061068702,29.236641221374047,15.17557251908397,-4.3071687866210935,4.458003491210937,-0.9121908325195311,-38.44274809160305,48.01526717557252,16.427480916030536,0.0
38.450000286102295,-1.6017209106445311,5.255272644042968,3.181894006347656,15.694656488549619,46.3206106870229,15.633587786259541,-8.422801440429687,1.1516109985351561,1.47482822265625,-57.32824427480916,58.48854961832061,26.076335877862597,0.0
38.46000051498413,3.35188232421875,-0.4070142822265625,2.901772412109375,0.7938931297709924,41.02290076335878,18.396946564885496,-5.49708701171875,2.1715409057617188,0.28730419921875,-74.54961832061069,58.88549618320611,20.9618320610687,0.0
38.47000050544739,0.24181436767578124,-0.38786066894531246,6.287173559570312,17.34351145038168,58.35114503816794,18.33587786259542,-7.560888842773437,0.4740519287109375,-0.35673604736328124,-86.3969465648855,60.900763358778626,24.30534351145038,0.0
38.480000495910645,6.445190869140625,-8.494627490234375,4.043806604003906,57.64885496183206,59.48091603053435,21.31297709923664,-9.095572106933593,-0.7757213378906249,-0.2154781494140625,-89.49618320610686,61.80152671755725,23.6793893129771,0.0
38.4900004863739,1.1563994018554686,-4.522646936035156,5.80354482421875,114.7175572519084,95.17557251908397,17.603053435114504,-10.582371337890624,-3.536235852050781,2.0973206542968748,-85.81679389312977,72.09160305343511,27.46564885496183,0.0
38.50000047683716,4.304774584960938,-4.680664245605469,3.0621839233398433,127.45038167938931,87.61832061068702,8.076335877862595,-8.336610180664062,-1.1133037719726562,1.2641384765625,-78.73282442748092,64.07633587786259,18.015267175572518,0.0
38.51000094413757,-5.540182641601562,3.864241479492187,6.205770703124999,149.61832061068702,109.95419847328245,1.1908396946564885,-12.143390820312499,-3.967192150878906,0.565031591796875,-71.19083969465649,62.396946564885496,19.52671755725191,0.0
38.52000045776367,-6.021417175292968,4.604049792480469,8.221688500976562,114.87022900763358,90.1526717557252,-6.015267175572519,-11.889605444335936,-3.2058360229492187,2.9759926635742184,-65.69465648854961,63.23664122137404,13.786259541984732,0.0
38.53000092506409,-11.176133349609374,7.754819177246094,7.0102224609374995,84.91603053435115,91.90839694656489,-5.893129770992366,-11.796231579589843,-1.2689268798828124,1.85790048828125,-66.50381679389314,46.88549618320611,19.0381679389313,0.0
38.540000677108765,-9.138667736816405,7.893682873535155,5.2624552490234375,24.442748091603054,72.90076335877863,-6.320610687022901,-13.831302990722655,-1.66636435546875,2.7557261108398436,-60.16793893129771,43.31297709923664,18.85496183206107,0.0
38.55000066757202,-8.090007409667969,4.395754248046875,4.103661645507812,-3.572519083969466,75.25190839694656,-7.465648854961832,-14.214375256347655,-0.076614453125,2.281674182128906,-56.97709923664122,29.389312977099237,19.068702290076335,0.0
38.5600004196167,-6.4667386840820305,1.465251416015625,4.486733911132812,-27.083969465648856,62.06106870229008,-13.618320610687023,-15.413870288085937,-2.039859814453125,1.3623007446289062,-43.908396946564885,21.480916030534353,22.396946564885496,0.0
38.570000648498535,-8.097190014648437,-2.7940333374023436,9.277531433105468,13.587786259541986,59.7557251908397,-8.213740458015268,-16.180014819335938,-4.2329485351562495,3.766079211425781,-21.450381679389313,17.206106870229007,27.81679389312977,0.0
38.58000040054321,-15.990872888183592,5.499481213378906,18.1959326171875,62.152671755725194,56.3206106870229,2.595419847328244,-14.918270544433593,-1.4245499877929686,3.191470812988281,-13.312977099236642,2.0,21.81679389312977,0.0
38.59000062942505,-19.61808840332031,13.670891479492187,17.089811450195313,81.49618320610686,47.954198473282446,32.58015267175573,-14.226346264648436,2.2361843505859373,-0.3495534423828125,-18.198473282442748,-5.129770992366412,15.083969465648854,0.0
38.600000619888306,-11.245565197753905,5.992686755371094,4.970362646484375,36.76335877862596,37.969465648854964,48.82442748091603,-15.998055493164062,-0.36391865234375,0.055066638183593745,-15.633587786259541,1.5572519083969465,20.85496183206107,0.0
38.61000037193298,-12.425906616210936,1.8626888916015625,1.9776105712890624,10.732824427480915,47.48091603053435,26.85496183206107,-15.46893692626953,-1.5011644409179687,0.47165772705078124,-1.0534351145038168,-5.877862595419847,18.549618320610687,0.0
38.62000060081482,-10.182539660644531,-1.5394716674804687,4.141968872070312,-37.14503816793893,35.38931297709924,0.8396946564885496,-14.54956348876953,-0.1484405029296875,0.7445967163085937,14.213740458015268,-13.221374045801527,19.099236641221374,0.0
38.630000591278076,-8.805873706054687,-1.659181750488281,4.448426684570312,-38.0763358778626,41.6793893129771,-12.458015267175572,-13.788207360839843,1.5035586425781249,0.8762778076171874,17.0381679389313,-15.297709923664122,19.770992366412212,0.0
38.640000343322754,-9.323021264648437,0.6105214233398437,4.1563340820312495,-31.52671755725191,51.86259541984733,-21.267175572519083,-13.1776859375,3.4524387939453125,0.5339069702148437,13.709923664122137,-15.34351145038168,21.786259541984734,0.0
38.65000033378601,-8.01818135986328,-1.6543933471679686,5.7125651611328125,-22.290076335877863,54.961832061068705,-28.53435114503817,-14.113818786621094,3.9240965209960934,0.2561795776367187,11.145038167938932,-12.13740458015267,24.091603053435115,0.0
38.660000801086426,-10.83376251220703,0.8595183959960937,4.211400720214844,-20.68702290076336,60.33587786259542,-39.038167938931295,-13.352462658691405,4.747701892089843,-1.5538368774414062,3.2977099236641223,-13.740458015267176,24.198473282442748,0.0
38.670000314712524,-10.752359655761719,-3.248931652832031,3.699041564941406,-18.763358778625953,61.80152671755725,-47.00763358778626,-13.199233752441405,4.220977526855468,-1.5418658691406248,-3.480916030534351,-11.236641221374045,28.12213740458015,0.0
38.68000078201294,-12.722787622070312,-2.212242333984375,3.0933085449218747,-4.076335877862595,72.80916030534351,-57.02290076335878,-12.351686364746094,3.9264907226562498,-1.3958195678710936,-4.305343511450381,-11.755725190839694,29.541984732824428,0.0
38.69000029563904,-12.763489050292968,-1.1156979736328125,2.437297290039062,-2.015267175572519,75.83206106870229,-62.36641221374046,-12.107477795410155,3.69664736328125,-0.8020575561523438,-1.816793893129771,-12.396946564885496,31.587786259541986,0.0
38.700000286102295,-13.529633581542967,2.0566192260742184,3.1651345947265623,6.549618320610687,83.05343511450381,-65.45038167938931,-10.790666882324219,5.274426257324219,-2.6862942626953124,-9.770992366412214,-18.916030534351144,30.16793893129771,0.0
38.71000051498413,-12.84489190673828,2.5163059448242184,3.0837317382812497,-5.129770992366412,76.62595419847328,-62.06106870229008,-11.745953344726562,1.8148048583984373,0.19393033447265623,3.1603053435114505,-10.045801526717558,38.56488549618321,0.0
38.72000026702881,-13.99410870361328,5.57370146484375,1.7597382202148437,-3.1297709923664123,85.16030534351145,-59.98473282442748,-7.220912207031249,3.323151904296875,-3.1292215698242187,-10.473282442748092,-19.893129770992367,29.893129770992367,0.0
38.730000257492065,-11.396399902343749,4.285620971679688,1.1013327636718748,-23.587786259541986,74.6412213740458,-54.2442748091603,-9.03332286376953,0.38307226562499996,-1.0223241088867188,4.137404580152672,-14.01526717557252,31.87786259541985,0.0
38.7400004863739,-12.765883251953124,7.618349682617187,2.5617957763671875,-25.572519083969464,81.00763358778626,-54.42748091603053,-4.261678955078125,6.500257507324219,-8.978256225585938,-19.770992366412212,-24.65648854961832,17.66412213740458,0.0
38.75000047683716,-11.784260571289062,6.9168485961914055,1.6807295654296874,-45.465648854961835,74.22900763358778,-45.770992366412216,-7.505822204589843,3.124433166503906,-2.9759926635742184,-48.35114503816794,17.19083969465649,24.610687022900763,0.0
38.760000467300415,-15.531186169433592,11.317391247558593,3.392583752441406,-53.64885496183206,81.58778625954199,-41.57251908396947,-5.84185205078125,4.209006518554688,-8.298302954101562,-55.603053435114504,22.366412213740457,20.671755725190838,0.0
38.77000045776367,-11.745953344726562,6.291961962890625,1.6903063720703124,-81.5114503816794,59.465648854961835,-22.03053435114504,-11.269507214355468,-3.0071172851562498,1.4030021728515625,-32.94656488549618,37.57251908396947,26.35114503816794,0.0
38.78000068664551,-13.034033837890624,8.968679418945312,3.507505432128906,-77.19083969465649,62.97709923664122,-14.50381679389313,-0.5698199951171875,13.09388887939453,-17.70990968017578,-54.030534351145036,9.236641221374045,5.419847328244275,0.0
38.790000677108765,-11.8369330078125,7.237671618652343,2.932897033691406,-106.62595419847328,43.7557251908397,-2.0610687022900764,-7.716511950683593,5.875370874023437,-7.218518005371093,-125.0381679389313,89.20610687022901,21.053435114503817,0.0
38.80000042915344,-11.992556115722655,4.146757275390625,5.1690813842773435,-90.76335877862596,49.343511450381676,4.595419847328245,-4.484339709472656,12.105083593749999,-11.937489477539062,-78.13740458015268,64.0,28.931297709923665,0.0
38.81000065803528,-9.849745629882811,-1.6400281372070311,3.5003228271484375,-94.56488549618321,29.022900763358777,11.374045801526718,-9.787496386718749,0.1484405029296875,-1.388636962890625,-71.02290076335878,99.66412213740458,54.51908396946565,0.0
38.820000410079956,-7.740453967285156,-7.132326745605468,3.5506010620117183,-39.282442748091604,44.30534351145038,7.038167938931298,-7.704540942382812,3.3686417358398435,-4.11802685546875,5.511450381679389,76.53435114503817,54.54961832061068,0.0
38.83000063896179,-7.070077502441406,-9.658209497070311,1.9488801513671874,12.610687022900763,49.587786259541986,-8.229007633587786,-9.241618408203124,-0.08140285644531249,1.5059528442382812,24.3206106870229,95.14503816793894,54.534351145038165,0.0
38.84000062942505,-12.373234179687499,-2.8514941772460936,5.336675500488281,49.37404580152672,66.56488549618321,-31.908396946564885,-10.670956799316405,-5.2624552490234375,9.303867651367186,95.37404580152672,75.02290076335878,40.0763358778626,0.0
38.85000038146973,-11.027692846679686,-1.2018892333984375,2.2649147705078123,46.778625954198475,45.267175572519086,-37.31297709923664,-6.344634399414062,-1.199495031738281,2.9855694702148434,132.8091603053435,52.30534351145038,30.9618320610687,0.0
38.86000061035156,-11.429918725585937,4.067748620605468,3.1459809814453124,53.19083969465649,59.38931297709924,-37.05343511450382,-8.571241943359375,-1.3431471313476562,7.40526573486328,126.62595419847328,19.908396946564885,25.51145038167939,0.0
38.87000060081482,-9.476250170898437,5.391742138671875,2.9759926635742184,20.9618320610687,47.80152671755725,-35.29770992366412,-5.805939025878906,5.556942053222656,2.442085693359375,124.16793893129771,-9.32824427480916,13.893129770992367,0.0
38.880000591278076,-7.632714892578124,3.2249896362304686,2.5617957763671875,9.770992366412214,54.35114503816794,-28.442748091603054,-9.993397729492187,0.6248866333007812,7.029376074218749,115.92366412213741,-8.625954198473282,26.564885496183205,0.0
38.89000058174133,-6.361393811035156,0.21068974609375,0.6703764648437499,11.419847328244275,62.70229007633588,-31.068702290076335,-9.629479077148437,3.622427111816406,1.2904746948242187,143.93893129770993,-54.88549618320611,15.282442748091603,0.0
38.90000081062317,-6.301538769531249,0.6296750366210937,0.2442085693359375,13.679389312977099,72.3969465648855,-35.038167938931295,-11.92551846923828,0.4213794921875,5.238513232421875,113.19083969465649,-49.083969465648856,16.9618320610687,0.0
38.91000056266785,-7.129932543945312,2.5354595581054684,1.3670891479492187,7.4961832061068705,83.19083969465649,-39.404580152671755,-9.30147344970703,5.042188696289062,-1.5538368774414062,84.51908396946565,-68.21374045801527,4.2748091603053435,0.0
38.9200005531311,-9.588777648925781,6.320692382812499,2.403778466796875,-16.259541984732824,81.43511450381679,-39.954198473282446,-10.714052429199219,3.976768957519531,-0.9864110839843749,54.12213740458015,-70.4885496183206,-0.9312977099236641,0.0
38.93000054359436,-9.10993731689453,5.66946953125,2.3678654418945313,-42.030534351145036,73.43511450381679,-31.908396946564885,-11.880028637695311,3.0047230834960934,-0.7972691528320313,39.49618320610687,-78.42748091603053,-10.122137404580153,0.0
38.940000772476196,-9.210493786621093,4.2688615600585935,2.5761609863281247,-55.29770992366412,73.16030534351145,-25.435114503816795,-11.425130322265625,-0.15322890625,1.4317325927734375,11.816793893129772,-60.50381679389313,-17.236641221374047,0.0
38.950000524520874,-8.741230261230468,1.8315642700195311,2.626439221191406,-63.70992366412214,68.8854961832061,-22.900763358778626,-7.958326318359375,3.0358477050781247,-2.5857377929687497,8.961832061068701,-82.53435114503817,-35.3587786259542,0.0
38.96000027656555,-10.168174450683592,1.4700398193359374,2.4109610717773435,-62.778625954198475,65.58778625954199,-22.213740458015266,-13.069946862792968,-2.2577321655273437,1.1851298217773436,5.1603053435114505,-73.86259541984732,-38.33587786259542,0.0
38.97000050544739,-9.299079248046874,0.011971008300781249,2.2194249389648437,-56.51908396946565,63.87786259541985,-21.31297709923664,-11.346121667480467,-0.6464344482421874,0.055066638183593745,7.816793893129771,-81.90839694656489,-50.70229007633588,0.0
38.980000495910645,-9.945513696289062,0.5913678100585937,2.693476867675781,-48.35114503816794,68.56488549618321,-23.236641221374047,-9.337386474609374,1.197100830078125,-1.3287819213867187,-10.564885496183207,-80.93129770992367,-58.25954198473283,0.0
38.9900004863739,-9.72285294189453,1.1540052001953125,2.3127988037109373,-50.152671755725194,62.68702290076336,-23.984732824427482,-9.74200655517578,-0.3591302490234375,1.889025109863281,-13.618320610687023,-80.01526717557252,-59.00763358778626,0.0
39.00000047683716,-11.233594189453123,1.0773907470703123,3.2920272827148436,-51.908396946564885,60.67175572519084,-23.6793893129771,-12.938265771484375,-1.426944189453125,3.4739866088867184,10.427480916030534,-91.64885496183206,-60.58015267175573,0.0
39.01000094413757,-11.508927380371093,-0.01915361328125,3.5338416503906247,-46.61068702290076,57.52671755725191,-22.137404580152673,-10.802637890625,0.7278373046875,1.4125789794921875,14.335877862595419,-99.93893129770993,-67.86259541984732,0.0
39.02000069618225,-12.600683337402343,1.2282254516601563,3.6631285400390623,-49.725190839694655,52.732824427480914,-22.65648854961832,-14.149731811523436,-2.4301146850585935,5.329492895507812,19.34351145038168,-96.61068702290076,-65.08396946564885,0.0
39.03000092506409,-10.213664282226562,-1.6424223388671875,3.1268273681640624,-46.396946564885496,43.17557251908397,-19.893129770992367,-10.831368310546875,1.5562310791015623,1.7741034301757812,32.33587786259542,-118.82442748091603,-74.0,0.0
39.040000677108765,-9.718064538574218,-1.429338391113281,3.1004911499023438,-37.98473282442748,42.48854961832061,-22.03053435114504,-9.765948571777344,2.032677209472656,0.9217676391601562,19.297709923664122,-110.16793893129771,-71.54198473282443,0.0
39.0500009059906,-9.576806640625,-0.39264907226562495,3.881000891113281,-33.63358778625954,39.603053435114504,-26.045801526717558,-9.241618408203124,3.9528269409179684,-0.33518823242187495,12.473282442748092,-109.83206106870229,-69.17557251908397,0.0
39.0600004196167,-9.457096557617186,1.0773907470703123,4.276044165039062,-34.16793893129771,33.969465648854964,-26.65648854961832,-6.533776330566406,4.7381250854492185,0.22505495605468748,-5.923664122137405,-100.47328244274809,-63.25190839694657,0.0
39.070000648498535,-9.588777648925781,1.8555062866210936,4.510675927734375,-37.89312977099237,28.213740458015266,-24.33587786259542,-7.304709265136719,4.46279189453125,0.3806780639648437,-17.435114503816795,-91.25190839694656,-56.2442748091603,0.0
39.08000063896179,-9.440337145996093,1.599326708984375,4.620809204101562,-39.25190839694657,22.702290076335878,-19.938931297709924,-9.366116894531249,3.220201232910156,-0.0718260498046875,-14.106870229007633,-87.34351145038168,-53.038167938931295,0.0
39.09000062942505,-8.813056311035156,1.1947066284179686,4.034229797363281,-30.82442748091603,20.48854961832061,-13.877862595419847,-9.282319836425781,2.319981408691406,0.6512228515624999,-17.404580152671755,-77.06870229007633,-45.847328244274806,0.0
39.100000619888306,-8.334215979003906,1.199495031738281,3.4668040039062498,-26.748091603053435,20.977099236641223,-9.557251908396946,-9.847351428222655,1.7788918334960937,0.5889736083984375,-15.465648854961833,-79.69465648854961,-41.83206106870229,0.0
39.11000061035156,-8.427589843749999,1.16837041015625,2.7341782958984373,-20.198473282442748,22.137404580152673,-6.366412213740458,-7.738059765625,2.6048914062499997,-0.5219359619140624,-22.702290076335878,-73.6793893129771,-41.05343511450382,0.0
39.12000060081482,-8.250418920898436,0.3950432739257812,2.4157494750976563,-11.068702290076336,28.290076335877863,-4.427480916030534,-10.647014782714843,-0.2154781494140625,0.316034619140625,-19.34351145038168,-71.38931297709924,-37.404580152671755,0.0
39.130000591278076,-8.616731774902343,-0.47165772705078124,1.9225439331054686,-9.17557251908397,30.916030534351144,-7.251908396946565,-8.396465222167969,1.0654197387695312,-0.3136404174804687,-6.473282442748092,-74.70229007633588,-42.51908396946565,0.0
39.14000082015991,-8.595183959960938,-0.612915625,1.8315642700195311,-2.045801526717557,33.55725190839695,-8.961832061068701,-8.949525805664061,0.45010991210937495,0.4908113403320312,-10.564885496183207,-65.54198473282443,-42.48854961832061,0.0
39.15000033378601,-8.690952026367187,-0.258573779296875,2.1116858642578125,2.2595419847328246,41.05343511450382,-12.82442748091603,-8.391676818847655,0.6512228515624999,0.5051765502929687,-3.068702290076336,-68.44274809160305,-42.030534351145036,0.0
39.160000801086426,-8.061276989746093,-0.7852981445312499,2.540247961425781,8.992366412213741,40.091603053435115,-15.419847328244275,-7.4220251464843745,0.9050082275390624,0.6416460449218749,-5.068702290076335,-59.69465648854962,-42.83969465648855,0.0
39.1700005531311,-10.000580334472655,1.446097802734375,4.031835595703125,7.7251908396946565,43.55725190839695,-18.916030534351144,-6.907271789550781,0.2609679809570312,0.7326257080078125,-5.022900763358779,-53.29770992366412,-39.9236641221374,0.0
39.18000078201294,-10.050858569335936,0.3447650390625,4.0222587890625,10.702290076335878,35.02290076335878,-18.977099236641223,-10.175357055664062,-1.7334020019531249,2.365471240234375,5.175572519083969,-47.20610687022901,-34.48854961832061,0.0
39.19000053405762,-10.785878479003905,1.024718310546875,5.990292553710937,22.412213740458014,36.213740458015266,-19.053435114503817,-5.121197351074218,1.93451494140625,0.7972691528320313,6.748091603053435,-38.87022900763359,-38.10687022900763,0.0
39.200000524520874,-11.386823095703125,2.370259643554687,7.37414111328125,17.34351145038168,25.297709923664122,-18.290076335877863,-6.215347509765625,2.094926452636719,0.5386953735351562,-4.763358778625954,-23.603053435114504,-31.923664122137403,0.0
39.21000051498413,-12.780248461914061,3.414131567382812,8.377311608886718,17.34351145038168,14.778625954198473,-11.557251908396946,-5.84185205078125,0.17477672119140625,0.612915625,-1.7404580152671756,-18.106870229007633,-24.99236641221374,0.0
39.22000050544739,-11.942277880859374,1.7022773803710936,8.482656481933594,24.366412213740457,-1.4198473282442747,-3.450381679389313,-6.167463476562499,-0.3399766357421875,1.13006318359375,11.236641221374045,-13.312977099236642,-23.572519083969464,0.0
39.230000495910645,-12.409147204589843,1.9416975463867185,8.846575134277343,33.86259541984733,-9.221374045801527,-0.9770992366412213,-7.474697583007812,-0.6943184814453125,1.9680337646484374,21.31297709923664,-9.465648854961833,-23.068702290076335,0.0
39.2400004863739,-13.64934366455078,3.162740393066406,10.309432348632813,26.885496183206108,-25.480916030534353,-4.396946564885496,-7.299920861816406,-0.93852705078125,1.8100164550781248,26.3206106870229,-8.229007633587786,-20.748091603053435,0.0
39.25000071525574,-13.548787194824218,2.9185318237304685,10.338162768554687,18.85496183206107,-51.49618320610687,-2.0,-6.687005236816406,-0.9528922607421875,0.5219359619140624,31.72519083969466,-4.748091603053435,-17.51145038167939,0.0
39.260000705718994,-10.807426293945312,-1.01514150390625,10.867281335449219,37.969465648854964,-68.70229007633588,3.648854961832061,-5.185840795898438,0.06464344482421874,-1.9536685546875,40.18320610687023,1.2366412213740459,-14.82442748091603,0.0
39.27000045776367,-11.9135474609375,-0.8954314208984374,13.5990654296875,66.12213740458016,-77.96946564885496,0.015267175572519083,-3.5146880371093747,2.8706477905273435,-6.050147595214844,50.534351145038165,12.122137404580153,-12.992366412213741,0.0
39.28000068664551,-13.280636608886718,0.7158662963867187,14.10903038330078,97.22137404580153,-99.45038167938931,1.1603053435114503,-5.973533142089844,2.8227637573242186,-6.79953271484375,63.64885496183206,30.885496183206108,-4.977099236641221,0.0
39.290000915527344,-14.353238952636717,3.890577697753906,13.661314672851562,109.64885496183206,-121.02290076335878,8.198473282442748,-7.343016491699219,5.779602807617187,-6.129156249999999,77.09923664122137,45.541984732824424,-1.450381679389313,0.0
39.30000066757202,-17.266982373046876,7.074865905761718,13.979743493652343,75.6793893129771,-158.93129770992365,12.244274809160306,-9.205705383300781,6.459556079101562,-1.3263877197265623,72.38167938931298,53.770992366412216,6.259541984732825,0.0
39.31000065803528,-14.487314245605468,1.7764976318359373,12.600683337402343,64.21374045801527,-175.3740458015267,22.213740458015266,-9.057264880371093,8.461108666992187,0.8355763793945312,46.87022900763359,51.954198473282446,8.82442748091603,0.0
39.320000648498535,-16.47689582519531,4.225765930175781,13.01727442626953,44.93129770992366,-204.6412213740458,27.404580152671755,-15.773000537109374,2.8730419921875,6.622361791992187,19.541984732824428,54.48854961832061,19.49618320610687,0.0
39.33000040054321,-17.089811450195313,3.6200329101562496,12.655749975585938,46.18320610687023,-230.3053435114504,43.61832061068702,-13.041216442871093,3.5960908935546874,4.857835168457031,0.7938931297709924,41.69465648854962,11.48091603053435,0.0
39.34000039100647,-16.23508145751953,1.9608511596679685,9.270348828125,61.770992366412216,-244.70229007633588,61.17557251908397,-14.879963317871093,2.1930887207031247,6.246472131347656,-11.954198473282442,37.83206106870229,13.129770992366412,0.0
39.350000619888306,-13.888763830566406,0.5578489868164063,3.296815686035156,58.85496183206107,-247.45038167938932,73.00763358778626,-14.046781140136718,1.43652099609375,4.077325427246094,-8.610687022900763,15.221374045801527,13.236641221374045,0.0
39.36000061035156,-13.342885852050781,-2.877830395507812,-1.3766659545898436,47.11450381679389,-236.50381679389312,79.1145038167939,-10.781090075683593,3.2034418212890623,1.7549498168945312,-13.603053435114504,7.022900763358779,10.15267175572519,0.0
39.37000036239624,-12.028469140624999,-4.333505004882812,-4.7764323120117185,40.56488549618321,-219.55725190839695,80.73282442748092,-8.8872765625,2.437297290039062,-0.48123453369140623,-31.053435114503817,1.3740458015267176,12.458015267175572,0.0
39.380000591278076,-10.769119067382812,-4.637568615722656,-4.458003491210937,26.458015267175572,-196.03053435114504,77.22137404580153,-11.128249316406249,-2.224213342285156,-0.21068974609375,-39.282442748091604,8.65648854961832,19.16030534351145,0.0
39.39000058174133,-11.094730493164063,-4.742913488769531,-5.367800122070312,-17.282442748091604,-192.6412213740458,62.87022900763359,-7.268796240234375,0.70868369140625,-3.239354846191406,-47.11450381679389,1.5419847328244274,13.465648854961833,0.0
39.40000081062317,-9.212887988281249,-7.369352709960937,-2.916137622070312,-45.31297709923664,-180.50381679389312,39.603053435114504,-9.488221179199218,-0.5889736083984375,-2.379836450195312,-66.79389312977099,22.580152671755727,16.15267175572519,0.0
39.41000056266785,-9.900023864746093,-7.0844427124023435,3.6056677001953124,-30.83969465648855,-164.24427480916032,18.18320610687023,-8.671798413085938,0.430956298828125,-3.201047619628906,-67.45038167938931,25.51145038167939,15.770992366412214,0.0
39.42000079154968,-12.083535778808592,-2.5330653564453125,6.2584431396484375,18.35114503816794,-146.6259541984733,15.16030534351145,-10.71884083251953,-2.1691467041015624,-1.446097802734375,-66.62595419847328,41.55725190839695,21.603053435114504,0.0
39.43000030517578,-14.8248966796875,2.863465185546875,6.919242797851562,40.091603053435115,-137.9236641221374,16.641221374045802,-14.132972399902343,-4.278438366699218,1.4221557861328125,-43.64885496183206,45.38931297709924,24.870229007633586,0.0
39.44000053405762,-11.575965026855467,2.461239306640625,1.3838485595703125,35.725190839694655,-145.48091603053436,26.83969465648855,-11.899182250976562,-3.756502404785156,1.0295067138671874,-18.259541984732824,37.9236641221374,20.366412213740457,0.0
39.450000524520874,-14.772224243164061,5.322310290527343,1.4820108276367188,9.450381679389313,-138.04580152671755,25.053435114503817,-9.392453112792968,-2.8730419921875,1.218648645019531,3.572519083969466,36.534351145038165,16.12213740458015,0.0
39.46000051498413,-14.290989709472655,4.568136767578125,1.7453730102539062,-28.16793893129771,-144.83969465648855,30.106870229007633,-11.559205615234374,-3.603273498535156,1.3766659545898436,19.00763358778626,41.465648854961835,19.96946564885496,0.0
39.47000050544739,-11.824961999511718,2.2577321655273437,1.1947066284179686,-56.36641221374046,-146.33587786259542,39.404580152671755,-9.45470235595703,0.17238251953125,-0.086191259765625,26.213740458015266,37.48091603053435,20.3206106870229,0.0
39.480000495910645,-8.221688500976562,-0.6560112548828124,-0.6272808349609375,-62.48854961832061,-141.49618320610688,44.732824427480914,-9.227253198242186,0.5195417602539062,-0.06464344482421874,30.045801526717558,42.18320610687023,18.198473282442748,0.0
39.49000024795532,-5.592855078125,-1.9704279663085937,-2.070984436035156,-61.93893129770992,-133.45038167938932,42.87022900763359,-9.900023864746093,1.0342951171875,-0.0383072265625,30.015267175572518,44.67175572519084,19.633587786259543,0.0
39.50000047683716,1.618480322265625,-7.8912886718749995,-5.9974751586914055,-32.62595419847328,-116.29007633587786,43.05343511450382,-7.352593298339843,2.839523168945312,-0.9696516723632812,21.96946564885496,46.10687022900763,18.65648854961832,0.0
39.51000094413757,1.8195932617187498,-6.323086584472656,-3.7517140014648436,-0.16793893129770993,-75.70992366412214,31.51145038167939,-7.977479931640625,3.028665100097656,0.7996633544921875,11.84732824427481,57.69465648854962,22.091603053435115,0.0
39.52000069618225,7.678204724121093,-10.541669909667968,-6.327874987792969,51.969465648854964,-47.404580152671755,28.732824427480917,-5.76523759765625,4.031835595703125,-1.5705962890624998,-2.4732824427480917,59.52671755725191,21.19083969465649,0.0
39.53000092506409,0.9337386474609375,-0.948103857421875,-0.469263525390625,72.53435114503817,-5.190839694656488,12.946564885496183,-7.113173132324218,2.3439234252929686,0.39983167724609375,-28.38167938931298,82.2442748091603,31.81679389312977,0.0
39.540000677108765,7.0652890991210935,-4.331110803222656,-2.9975404785156248,69.58778625954199,-6.076335877862595,12.916030534351146,-8.501810095214843,1.2880804931640624,-0.4908113403320312,-23.389312977099237,75.31297709923665,31.61832061068702,0.0
39.5500009059906,0.928950244140625,0.6177040283203125,-0.49320554199218747,97.52671755725191,46.412213740458014,15.16030534351145,-9.17458076171875,-0.028730419921875,1.407790576171875,-43.16030534351145,87.25190839694656,36.44274809160305,0.0
39.5600004196167,-4.197035510253906,8.166621862792969,3.1100679565429687,48.62595419847328,41.083969465648856,-2.2442748091603053,-8.078036401367187,1.2856862915039062,0.7110778930664062,-36.83969465648855,77.48091603053435,29.435114503816795,0.0
39.570000648498535,-7.252036828613281,10.951078393554686,3.9647979492187497,-8.396946564885496,28.396946564885496,-1.8778625954198473,-11.190498559570312,-0.33039982910156246,1.448492004394531,-53.61832061068702,74.65648854961832,34.229007633587784,0.0
39.58000087738037,6.363788012695312,-2.770091320800781,1.5514426757812498,-18.442748091603054,15.84732824427481,20.213740458015266,-10.117896215820313,0.3064578125,0.45010991210937495,-65.89312977099236,72.3206106870229,28.53435114503817,0.0
39.59000062942505,3.318363500976562,-4.560954162597656,3.488351818847656,51.847328244274806,61.81679389312977,26.18320610687023,-9.179369165039063,-0.9744400756835937,1.7118541870117185,-62.25954198473283,76.03053435114504,26.53435114503817,0.0
39.600000619888306,8.66940421142578,-10.103531005859374,4.019864587402344,97.14503816793894,58.916030534351144,22.16793893129771,-8.552088330078124,-0.17956512451171874,-0.47165772705078124,-52.01526717557252,62.900763358778626,23.236641221374047,0.0
39.61000061035156,1.656787548828125,-2.2266075439453124,5.008669873046875,143.4351145038168,91.89312977099236,12.122137404580153,-10.321403356933594,-3.5865140869140624,2.104503259277344,-48.961832061068705,68.68702290076335,28.946564885496183,0.0
39.62000060081482,-0.8690952026367187,0.6440402465820312,6.72291826171875,140.5801526717557,90.03053435114504,1.6030534351145038,-7.654262707519531,0.9911994873046874,1.6160861206054686,-49.3587786259542,60.68702290076336,18.045801526717558,0.0
39.630000829696655,-9.449913952636718,10.002974536132811,8.86812294921875,125.77099236641222,101.06870229007633,-0.061068702290076333,-11.166556542968749,-2.0542250244140625,1.9680337646484374,-52.97709923664122,57.37404580152672,26.366412213740457,0.0
39.64000082015991,-7.682993127441406,11.4538607421875,6.6510922119140625,64.97709923664122,76.30534351145039,3.5114503816793894,-8.968679418945312,1.1444283935546875,2.446874096679687,-69.80152671755725,52.97709923664122,23.64885496183206,0.0
39.65000057220459,-10.01015714111328,11.650185278320311,6.6510922119140625,20.48854961832061,77.77099236641222,11.49618320610687,-13.273454003906249,-2.001552587890625,2.6719290527343746,-67.37404580152672,43.61832061068702,33.86259541984733,0.0
39.660000801086426,-6.423643054199219,5.556942053222656,5.351040710449219,-26.717557251908396,59.17557251908397,15.068702290076336,-12.50730947265625,-0.7900865478515624,2.0063409912109376,-80.82442748091603,35.49618320610687,29.83206106870229,0.0
39.6700005531311,-7.410054138183593,3.227383837890625,8.13310303955078,-34.656488549618324,59.93893129770992,15.98473282442748,-15.25824718017578,-5.159504577636718,1.936909143066406,-62.229007633587784,26.870229007633586,34.44274809160305,0.0
39.68000078201294,-9.210493786621093,5.7125651611328125,11.652579479980469,-29.83206106870229,54.0,16.47328244274809,-15.547945581054687,-5.137956762695312,1.5442600708007812,-36.458015267175576,13.618320610687023,23.297709923664122,0.0
39.69000053405762,-9.37808790283203,3.9887399658203124,11.061211669921875,-34.152671755725194,38.88549618320611,22.82442748091603,-14.389151977539061,-1.1133037719726562,1.6807295654296874,-35.38931297709924,7.251908396946565,22.83969465648855,0.0
39.700000524520874,-14.441824414062499,6.1818286865234375,14.638148950195312,-10.732824427480915,37.43511450381679,32.229007633587784,-13.979743493652343,0.6177040283203125,-0.5003881469726562,-28.396946564885496,0.7633587786259542,14.854961832061068,0.0
39.71000051498413,-12.243947290039062,4.833893151855468,10.960655200195312,4.549618320610687,32.76335877862596,48.961832061068705,-14.573505505371093,1.618480322265625,-1.5370774658203123,-26.53435114503817,-1.2061068702290076,10.732824427480915,0.0
39.72000050544739,-10.498574279785156,1.4508862060546874,4.984727856445312,-10.610687022900763,39.48091603053435,51.81679389312977,-15.282189196777344,3.1507693847656246,0.6392518432617187,-32.458015267175576,-2.16793893129771,6.809160305343512,0.0
39.730000257492065,-7.979874133300781,-1.0917559570312498,2.152387292480469,-16.076335877862597,51.66412213740458,37.770992366412216,-15.904681628417968,2.7724855224609373,1.9871873779296874,-35.45038167938932,-3.5114503816793894,9.251908396946565,0.0
39.74000024795532,-7.163451367187499,-2.7581203125,3.27526787109375,-41.37404580152672,50.88549618320611,14.442748091603054,-15.859191796874999,3.670311145019531,3.0621839233398433,-40.13740458015267,-11.389312977099237,12.564885496183207,0.0
39.75000047683716,-8.963891015625,-2.4756045166015626,7.388506323242187,-33.038167938931295,52.74809160305343,-0.8091603053435115,-17.1233302734375,1.9895815795898437,3.8474820678710935,-25.053435114503817,-15.740458015267176,23.14503816793893,0.0
39.760000705718994,-9.53131680908203,-0.9002198242187499,6.251260534667968,-28.427480916030536,49.45038167938932,-7.145038167938932,-15.289371801757811,2.7150246826171873,2.463633508300781,-18.885496183206108,-29.61832061068702,22.82442748091603,0.0
39.77000093460083,-6.598419775390624,-0.18435352783203124,3.9552211425781247,-23.740458015267176,55.221374045801525,-11.34351145038168,-15.078682055664062,3.584119885253906,1.68551796875,-20.549618320610687,-34.68702290076336,25.389312977099237,0.0
39.78000068664551,-7.951143713378905,-1.4987702392578124,2.760514514160156,-44.48854961832061,53.786259541984734,-23.0381679389313,-13.333309045410155,4.2497079467773435,0.09337386474609374,-33.20610687022901,-34.93129770992366,26.091603053435115,0.0
39.790000915527344,-10.75714805908203,-3.0071172851562498,3.797203833007812,-53.48091603053435,53.45038167938932,-34.25954198473283,-13.374010473632811,4.153939880371094,-0.9074024291992187,-42.62595419847328,-27.129770992366414,28.30534351145038,0.0
39.80000042915344,-17.879897998046875,2.0446482177734375,4.88417138671875,-50.87022900763359,66.19847328244275,-45.083969465648856,-13.888763830566406,2.1691467041015624,-0.7900865478515624,-41.17557251908397,-22.137404580152673,29.404580152671755,0.0
39.8100004196167,-14.726734411621093,-2.090138049316406,3.294421484375,-62.54961832061068,55.14503816793893,-46.50381679389313,-14.765041638183593,0.9313444458007812,-0.12210428466796874,-26.3206106870229,-21.61832061068702,27.633587786259543,0.0
39.820000648498535,-15.263035583496093,-1.8459294799804686,3.4668040039062498,-44.534351145038165,64.79389312977099,-49.343511450381676,-11.88721124267578,1.687912170410156,-0.7158662963867187,-26.916030534351144,-24.732824427480917,21.129770992366414,0.0
39.83000063896179,-9.521740002441407,-6.7277066650390625,-0.3280056274414062,-21.221374045801525,68.8854961832061,-47.80152671755725,-11.63821427001953,0.4333505004882812,-0.27293898925781246,-10.534351145038167,-25.435114503816795,19.435114503816795,0.0
39.84000062942505,-12.921506359863281,0.00239420166015625,0.9528922607421875,5.175572519083969,88.65648854961832,-61.66412213740458,-5.159504577636718,3.679887951660156,-5.607220288085937,-27.389312977099237,-26.015267175572518,8.885496183206106,0.0
39.850000619888306,-13.254300390625,2.834734765625,0.5123591552734374,-11.770992366412214,79.83206106870229,-66.45801526717557,-9.200916979980468,-2.0877438476562498,-0.06943184814453125,-22.076335877862597,-4.6106870229007635,14.51908396946565,0.0
39.86000061035156,-18.75617580566406,9.5001921875,1.6112977172851561,-20.793893129770993,91.63358778625954,-67.32824427480917,-8.726865051269531,-0.028730419921875,-2.7341782958984373,-3.7557251908396947,-16.68702290076336,6.885496183206107,0.0
39.87000060081482,-13.347674255371093,7.371746911621093,-0.062249243164062495,-64.51908396946565,65.12977099236642,-51.45038167938932,-10.16338604736328,-1.197100830078125,1.9488801513671874,-0.6412213740458015,-4.519083969465649,2.351145038167939,0.0
39.8800003528595,-13.326126440429686,7.357381701660156,1.149216796875,-69.31297709923665,73.58778625954199,-35.954198473282446,-3.3710359375,6.478709692382812,-10.441113439941406,-25.633587786259543,-23.404580152671755,-13.221374045801527,0.0
39.89000058174133,-10.46984385986328,4.405331054687499,0.8020575561523438,-77.96946564885496,69.77099236641222,-20.9618320610687,-5.8610056640625,4.374206433105469,-1.5849614990234373,-81.98473282442748,42.62595419847328,-6.5038167938931295,0.0
39.90000081062317,-10.484209069824217,2.3032219970703123,2.2960393920898436,-65.93893129770993,74.80916030534351,-15.129770992366412,-6.1459156616210935,7.003039855957031,-6.83783994140625,-33.541984732824424,16.33587786259542,5.221374045801527,0.0
39.91000032424927,-8.681375219726561,-1.4820108276367188,1.7884686401367187,-53.19083969465649,70.22900763358778,-8.931297709923664,-8.717288244628906,2.5737667846679684,-4.039018200683594,-55.9236641221374,77.7557251908397,20.99236641221374,0.0
39.9200005531311,-8.501810095214843,-2.592920397949219,3.6104561035156246,-20.412213740458014,81.61832061068702,-14.702290076335878,2.612074011230469,15.145719702148437,-20.17354318847656,-43.19083969465649,38.85496183206107,18.900763358778626,0.0
39.93000054359436,-4.661510632324219,-5.849034655761718,2.437297290039062,8.885496183206106,76.47328244274809,-15.954198473282442,-12.42351241455078,4.3071687866210935,1.6519991455078125,-110.80916030534351,118.59541984732824,51.587786259541986,0.0
39.940001010894775,-6.5505357421875,-5.410895751953125,4.110844250488281,53.51145038167939,88.74809160305344,-32.88549618320611,-7.2903440551757805,3.8283284545898435,-2.834734765625,-13.114503816793894,98.30534351145039,66.03053435114504,0.0
39.950000524520874,-8.032546569824218,-6.272808349609375,2.925714428710937,79.92366412213741,78.87022900763358,-43.64885496183206,-6.900089184570312,-2.693476867675781,-1.216254443359375,20.580152671755727,98.73282442748092,67.52671755725191,0.0
39.96000027656555,-11.750741748046874,-2.0638018310546875,3.9528269409179684,121.81679389312977,92.53435114503817,-58.412213740458014,-7.438784558105469,-6.8785413696289055,5.91846650390625,77.69465648854961,83.23664122137404,50.36641221374046,0.0
39.97000050544739,-12.069170568847655,1.8818425048828125,3.782838623046875,108.2442748091603,71.80152671755725,-65.12977099236642,-4.498704919433593,-6.907271789550781,2.8131869506835936,128.793893129771,46.36641221374046,32.717557251908396,0.0
39.980000257492065,-13.019668627929686,6.138733056640625,4.584896179199219,86.16793893129771,64.2442748091603,-61.786259541984734,-8.010998754882811,-7.594407666015624,4.886565588378906,170.91603053435114,18.35114503816794,26.763358778625953,0.0
39.99000072479248,-8.295908752441406,5.085284326171875,3.768473413085937,65.93893129770993,57.465648854961835,-54.68702290076336,-5.121197351074218,0.6512228515624999,0.7757213378906249,179.84732824427482,-12.900763358778626,23.083969465648856,0.0
