timestamp,mtr_pos_L,mtr_pos_R,mtr_vel_L,mtr_vel_R,GRF_L,GRF_R,CoP_L,CoP_R,gpio_output
10.000000238418579,30.200000000000003,-9.100000000000001,-16.755160819145562,12.915436464758038,1.4662540084522595,0.30590164957101595,0.21092361211776733,0.28116950392723083,0.0
10.010000705718994,29.700000000000006,-8.899999999999999,-26.00540585471551,14.137166941154069,1.4320345018900782,0.1887257634641522,0.23121578991413116,0.2934175729751587,1.0
10.02000093460083,29.0,-8.6,-39.269908169872416,11.344640137963141,1.4320345018900782,0.1887257634641522,0.23121578991413116,0.2934175729751587,1.0
10.030000448226929,28.1,-8.4,-48.69468613064179,12.042771838760874,1.4320345018900782,0.1887257634641522,0.23121578991413116,0.2934175729751587,1.0
10.040000677108765,26.900000000000002,-8.0,-54.45427266222308,21.81661564992912,1.4320345018900782,0.1887257634641522,0.23121578991413116,0.2934175729751587,1.0
10.0500009059906,26.000000000000004,-7.499999999999999,-54.10520681182422,26.703537555513243,1.4320345018900782,0.1887257634641522,0.23121578991413116,0.2934175729751587,1.0
10.060000896453857,24.5,-7.1000000000000005,-38.22271061867582,23.212879051524585,1.4320345018900782,0.1887257634641522,0.23121578991413116,0.2934175729751587,1.0
10.070000648498535,24.5,-6.800000000000001,-38.22271061867582,15.707963267948966,1.3428563938795446,0.08762267589407068,0.22706949710845947,0.24709467589855194,1.0
10.080000638961792,23.900000000000006,-6.500000000000001,-10.297442586766545,17.453292519943297,1.3428563938795446,0.08762267589407068,0.22706949710845947,0.24709467589855194,1.0
10.09000039100647,23.900000000000006,-6.0,-10.297442586766545,25.307274153917778,1.219977256678984,0.035256461306489975,0.21105694770812988,0.1227647066116333,1.0
10.100000619888306,23.900000000000006,-5.4,-1.7453292519943295,33.510321638291124,1.219977256678984,0.035256461306489975,0.21105694770812988,0.1227647066116333,1.0
10.110000610351562,23.900000000000006,-4.9,-0.3490658503988659,28.97246558310587,1.219977256678984,0.035256461306489975,0.21105694770812988,0.1227647066116333,1.0
10.12000060081482,23.900000000000006,-4.5,0.0,21.118483949131388,1.0877655267796467,0.0,0.2083517611026764,0.0,1.0
10.130018472671509,23.900000000000006,-4.2,-0.5235987755982988,19.373154697137057,1.0877655267796467,0.0,0.2083517611026764,0.0,1.0
10.140000581741333,23.900000000000006,-3.8000000000000007,-2.0943951023931953,16.929693744344995,1.0877655267796467,0.0,0.2083517611026764,0.0,1.0
10.15000033378601,23.800000000000004,-3.6000000000000005,-2.0943951023931953,14.660765716752369,0.994439599791879,0.0,0.1974463015794754,0.0,1.0
10.160000324249268,23.700000000000003,-3.4000000000000004,-8.377580409572781,12.042771838760874,0.994439599791879,0.0,0.1974463015794754,0.0,1.0
10.170001029968262,23.400000000000002,-3.2,-15.707963267948966,8.901179185171081,0.994439599791879,0.0,0.1974463015794754,0.0,1.0
10.18000054359436,23.099999999999998,-3.2,-16.58062789394613,4.886921905584122,0.9342962246219844,0.0,0.18311764299869537,0.0,1.0
10.190000534057617,22.8,-3.0,-16.929693744344995,9.42477796076938,0.9342962246219844,0.0,0.18311764299869537,0.0,1.0
10.200000524520874,22.5,-2.5,-15.533430342749533,22.165681500327985,0.9342962246219844,0.0,0.18311764299869537,0.0,1.0
10.210282564163208,22.3,-1.7000000000000002,-11.868238913561441,42.06243497306334,0.9151125618522765,0.0,0.1642407923936844,0.0,0.0
10.220000505447388,22.1,-0.7000000000000002,-7.67944870877505,53.40707511102649,0.9151125618522765,0.0,0.1642407923936844,0.0,0.0
10.230000495910645,22.1,0.30000000000000004,-2.2689280275926285,61.261056745000964,0.9151125618522765,0.0,0.1642407923936844,0.0,0.0
10.240000247955322,22.1,1.5,-2.0943951023931953,59.51572749300664,0.9151125618522765,0.0,0.1642407923936844,0.0,0.0
10.250000238418579,21.7,3.4000000000000004,-11.868238913561441,50.96361415823442,0.9151125618522765,0.0,0.1642407923936844,0.0,0.0
10.260000467300415,21.7,3.4000000000000004,-11.868238913561441,50.96361415823442,0.9208158129459735,0.0,0.1362973004579544,0.0,0.0
10.270000696182251,21.400000000000002,4.3,-16.406094968746697,51.48721293383272,0.9208158129459735,0.0,0.1362973004579544,0.0,0.0
10.280000925064087,21.1,5.1000000000000005,-18.675022996339326,46.774823953448035,0.9498505457866122,0.0,0.11476419121026993,0.0,0.0
10.290000677108765,20.700000000000003,6.0,-21.467549799530254,47.1238898038469,0.9498505457866122,0.0,0.11476419121026993,0.0,0.0
10.300000667572021,20.200000000000003,6.800000000000001,-22.340214425527417,44.680428851054835,0.9498505457866122,0.0,0.11476419121026993,0.0,0.0
10.310000658035278,19.900000000000002,7.699999999999999,-20.769418098732523,49.741883681838395,1.0094754435843527,0.0,0.09064355492591858,0.0,0.0
10.320000648498535,19.200000000000003,8.700000000000001,-18.151424220741028,50.440015382636126,1.0094754435843527,0.0,0.09064355492591858,0.0,0.0
10.330000638961792,19.200000000000003,9.600000000000001,-18.151424220741028,52.53441048502932,1.0094754435843527,0.0,0.09064355492591858,0.0,0.0
10.34000039100647,18.900000000000002,10.5,-18.500490071139893,50.09094953223726,1.0602862260554706,0.0,0.07374327629804611,0.0,0.0
10.350000619888306,18.5,11.4,-17.62782544514273,49.741883681838395,1.0602862260554706,0.0,0.07374327629804611,0.0,0.0
10.360000610351562,18.200000000000003,12.300000000000002,-16.755160819145562,47.29842272904633,1.0602862260554706,0.0,0.07374327629804611,0.0,0.0
10.37000060081482,17.5,13.100000000000001,-19.198621771937624,45.0294947014537,1.0602862260554706,0.0,0.07374327629804611,0.0,0.0
10.380000591278076,17.2,13.900000000000002,-21.118483949131388,44.505895925855405,1.0644340450327048,0.0,0.05431904271245003,0.0,0.0
10.390000581741333,17.2,14.600000000000001,-21.118483949131388,38.04817769347638,1.0644340450327048,0.0,0.05431904271245003,0.0,0.0
10.40000033378601,16.8,15.200000000000003,-21.81661564992912,37.35004599267865,1.0613231807997792,0.0,0.037021491676568985,0.0,0.0
10.410000801086426,16.4,15.899999999999999,-19.896753472735355,32.98672286269283,1.0613231807997792,0.0,0.037021491676568985,0.0,0.0
10.420000314712524,15.600000000000001,16.200000000000003,-21.467549799530254,21.991148575128552,1.0613231807997792,0.0,0.037021491676568985,0.0,0.0
10.43000078201294,15.600000000000001,16.6,-21.467549799530254,19.722220547535922,1.0613231807997792,0.0,0.037021491676568985,0.0,0.0
10.440000295639038,15.200000000000003,17.0,-21.81661564992912,23.212879051524585,1.0556199297060822,0.0,0.01709430105984211,0.0,0.0
10.450000762939453,14.800000000000002,17.400000000000002,-21.81661564992912,22.689280275926283,1.0556199297060822,0.0,0.01709430105984211,0.0,0.0
10.46000051498413,14.100000000000003,17.6,-20.59488517353309,12.566370614359172,1.0556199297060822,0.0,0.01709430105984211,0.0,0.0
10.470000505447388,14.100000000000003,17.7,-20.59488517353309,5.061454830783556,1.0556199297060822,0.0,0.01709430105984211,0.0,0.0
10.480000495910645,13.700000000000003,17.799999999999997,-23.387411976724017,3.141592653589793,1.037473221680683,0.0,0.001043976633809507,0.0,0.0
10.490000486373901,13.200000000000003,17.799999999999997,-26.00540585471551,0.5235987755982988,1.037473221680683,0.0,0.001043976633809507,0.0,0.0
10.500000476837158,12.5,17.7,-15.533430342749533,-0.3490658503988659,1.0048091472349643,0.0,0.020391127094626427,0.0,0.0
10.510000705718994,12.4,17.7,-8.028514559173916,-0.0,1.0048091472349643,0.0,0.020391127094626427,0.0,0.0
10.52000093460083,12.4,17.7,-8.028514559173916,-1.2217304763960306,1.0048091472349643,0.0,0.020391127094626427,0.0,0.0
10.530000448226929,12.4,17.7,-1.5707963267948966,-0.0,1.0193265136552836,0.0,0.03917904570698738,0.0,0.0
10.540000915527344,12.5,17.7,4.014257279586958,-0.0,1.0193265136552836,0.0,0.03917904570698738,0.0,0.0
10.550000667572021,12.5,17.7,4.014257279586958,-1.9198621771937625,1.0193265136552836,0.0,0.03917904570698738,0.0,0.0
10.560000658035278,12.600000000000001,17.6,6.1086523819801535,-3.3161255787892263,1.035399312192066,0.0,0.056818731129169464,0.0,0.0
10.570000648498535,12.700000000000001,17.5,8.726646259971648,-5.585053606381854,1.035399312192066,0.0,0.056818731129169464,0.0,0.0
10.580000877380371,13.100000000000001,17.300000000000004,16.929693744344995,-12.566370614359172,1.035399312192066,0.0,0.056818731129169464,0.0,0.0
10.590000629425049,14.100000000000003,16.900000000000002,30.368728984701335,-16.755160819145562,1.0193265136552836,0.0,0.0741739571094513,0.0,0.0
10.600000619888306,14.100000000000003,16.699999999999996,30.368728984701335,-12.740903539558605,1.0193265136552836,0.0,0.0741739571094513,0.0,0.0
10.610000610351562,15.700000000000001,16.5,46.949356878647464,-9.075712110370514,1.0193265136552836,0.0,0.0741739571094513,0.0,0.0
10.62000060081482,15.700000000000001,16.4,46.949356878647464,-8.203047484373348,1.0177710815388208,0.0,0.08909475803375244,0.0,0.0
10.630000352859497,16.699999999999996,16.200000000000003,54.62880558742251,-11.344640137963141,1.0177710815388208,0.0,0.08909475803375244,0.0,0.0
10.640000581741333,19.200000000000003,15.899999999999999,70.68583470577035,-16.58062789394613,1.0177710815388208,0.0,0.08909475803375244,0.0,0.0
10.650000810623169,19.200000000000003,15.399999999999999,70.68583470577035,-26.703537555513243,1.0177710815388208,0.0,0.08909475803375244,0.0,0.0
10.660000801086426,20.700000000000003,14.800000000000002,81.68140899333463,-28.099800957108705,0.9923656903032619,0.0,0.10828317701816559,0.0,0.0
10.670000791549683,22.400000000000006,14.100000000000003,90.75712110370513,-19.722220547535922,0.9923656903032619,0.0,0.10828317701816559,0.0,0.0
10.680000305175781,26.200000000000003,14.100000000000003,110.30480872604163,-19.722220547535922,0.9923656903032619,0.0,0.10828317701816559,0.0,0.0
10.690000772476196,26.200000000000003,13.700000000000003,110.30480872604163,-24.434609527920614,0.9923656903032619,0.0,0.10828317701816559,0.0,0.0
10.700000524520874,28.500000000000004,13.200000000000003,123.04571226560023,-26.703537555513243,0.8710419852191641,0.0,0.12242857366800308,0.0,0.0
10.71000051498413,33.50000000000001,12.8,136.659280431156,-21.29301687433082,0.8710419852191641,0.0,0.12242857366800308,0.0,0.0
10.720000505447388,33.50000000000001,12.300000000000002,136.659280431156,-24.26007660272118,0.4536677006349813,0.2556093444720523,0.14414285123348236,0.08138539642095566,0.0
10.730000495910645,35.9,11.700000000000001,134.73941825396224,-35.08111796508602,0.4536677006349813,0.2556093444720523,0.14414285123348236,0.08138539642095566,0.0
10.740000486373901,38.1,10.999999999999998,123.56931104119853,-35.08111796508602,0.4536677006349813,0.2556093444720523,0.14414285123348236,0.08138539642095566,0.0
10.750000476837158,40.0,10.5,106.63961729685353,-27.401669256310974,0.1861333766033809,1.188868614349728,0.07144568115472794,0.07079067081212997,0.0
10.760001182556152,43.1,9.900000000000002,82.90313946973065,-32.637657012293964,0.1861333766033809,1.188868614349728,0.07144568115472794,0.07079067081212997,0.0
10.770000696182251,43.1,9.3,82.90313946973065,-36.12831551628262,0.1861333766033809,1.188868614349728,0.07144568115472794,0.07079067081212997,0.0
10.780000925064087,45.5,7.0,60.21385919380437,-71.38396640656808,0.1861333766033809,1.188868614349728,0.07144568115472794,0.07079067081212997,0.0
10.790000677108765,45.5,7.0,60.21385919380437,-71.38396640656808,0.1861333766033809,1.188868614349728,0.07144568115472794,0.07079067081212997,0.0
10.8000009059906,46.50000000000001,3.8000000000000007,19.373154697137057,-86.39379797371932,0.0,1.4382562303559292,0.0,0.07336481660604477,0.0
10.810000896453857,46.50000000000001,3.8000000000000007,19.373154697137057,-86.39379797371932,0.0,1.4382562303559292,0.0,0.07336481660604477,0.0
10.820000648498535,46.0,0.8,-15.184364492350667,-80.28514559173917,0.0,1.4382562303559292,0.0,0.07336481660604477,0.0
10.830000638961792,46.0,0.8,-15.184364492350667,-80.28514559173917,0.0,1.2790836771045702,0.0,0.07184313237667084,0.0
10.84000039100647,44.7,-0.4,-38.39724354387525,-76.7944870877505,0.0,1.2790836771045702,0.0,0.07184313237667084,0.0
10.850000619888306,44.7,-1.7000000000000002,-38.39724354387525,-70.51130178057092,0.0,1.2790836771045702,0.0,0.07184313237667084,0.0
10.860000371932983,42.5,-3.8000000000000007,-67.19517620178169,-54.80333851262195,0.0,1.2790836771045702,0.0,0.07184313237667084,0.0
10.87000060081482,42.5,-3.8000000000000007,-67.19517620178169,-54.80333851262195,0.0,1.0224373778882092,0.0,0.08138539642095566,0.0
10.880000591278076,39.300000000000004,-4.600000000000001,-90.23352232810684,-45.0294947014537,0.0,1.0224373778882092,0.0,0.08138539642095566,0.0
10.890000581741333,39.300000000000004,-5.300000000000001,-90.23352232810684,-42.06243497306334,0.0,0.8290453180746686,0.0,0.09011194854974747,0.0
10.900000810623169,37.50000000000001,-6.0,-98.96016858807849,-37.17551306747922,0.0,0.8290453180746686,0.0,0.09011194854974747,0.0
10.910000801086426,35.599999999999994,-6.4,-105.41788682045751,-24.78367537831948,0.0,0.8290453180746686,0.0,0.09011194854974747,0.0
10.920000553131104,33.6,-6.699999999999999,-105.59241974565694,-17.10422666954443,0.0,0.8290453180746686,0.0,0.09011194854974747,0.0
10.93000078201294,31.799999999999997,-7.300000000000001,-101.57816246606998,-19.54768762233649,0.0,0.7948258115124872,0.0,0.1129569485783577,0.0
10.940000534057617,28.500000000000004,-7.300000000000001,-89.18632477691024,-19.54768762233649,0.0,0.7948258115124872,0.0,0.1129569485783577,0.0
10.950000524520874,28.500000000000004,-7.600000000000001,-89.18632477691024,-12.566370614359172,0.0,0.7631986918110771,0.0,0.12513042986392975,0.0
10.96000051498413,25.6,-7.600000000000001,-74.7000919853573,-3.839724354387525,0.0,0.7631986918110771,0.0,0.12513042986392975,0.0
10.970000505447388,25.6,-7.600000000000001,-74.7000919853573,-1.7453292519943295,0.0,0.7631986918110771,0.0,0.12513042986392975,0.0
10.980000495910645,24.400000000000002,-7.600000000000001,-68.76597252857658,0.5235987755982988,0.0,0.7631986918110771,0.0,0.12513042986392975,0.0
10.990000486373901,23.3,-7.600000000000001,-60.388392119003804,-1.3962634015954636,0.0,0.7631986918110771,0.0,0.12513042986392975,0.0
11.000000238418579,22.5,-7.699999999999999,-44.680428851054835,-4.1887902047863905,0.0,0.7362378684590554,0.0,0.16226761043071747,0.0
11.010000705718994,22.1,-7.800000000000001,-28.274333882308138,-5.410520681182422,0.0,0.7362378684590554,0.0,0.16226761043071747,0.0
11.020000457763672,21.8,-7.9,-17.453292519943297,-1.5707963267948966,0.0,0.7362378684590554,0.0,0.16226761043071747,0.0
11.030000686645508,21.7,-7.9,-5.235987755982989,-3.490658503988659,0.0,0.8254159764695889,0.0,0.18738190829753876,0.0
11.040000677108765,21.7,-7.9,-0.17453292519943295,1.3962634015954636,0.0,0.8254159764695889,0.0,0.18738190829753876,0.0
11.050000667572021,21.8,-7.9,2.6179938779914944,-0.5235987755982988,0.0,0.8254159764695889,0.0,0.18738190829753876,0.0
11.060000896453857,21.999999999999996,-7.9,10.995574287564276,0.6981317007977318,0.0,0.8254159764695889,0.0,0.18738190829753876,0.0
11.070000648498535,22.8,-7.9,39.09537524467298,-0.8726646259971648,0.9612570479740061,0.6444673735877505,0.19342286884784698,0.2218608260154724,0.0
11.080000400543213,24.3,-7.9,79.58701389094142,-0.3490658503988659,0.9612570479740061,0.6444673735877505,0.19342286884784698,0.2218608260154724,0.0
11.090000629425049,26.1,-8.0,97.38937226128358,-1.9198621771937625,0.9612570479740061,0.6444673735877505,0.19342286884784698,0.2218608260154724,0.0
11.100000619888306,27.6,-8.100000000000001,82.72860654453122,-6.806784082777885,1.210126186608053,0.46300029333375803,0.2130788266658783,0.22902911901474,0.0
11.110000371932983,28.500000000000004,-8.4,49.741883681838395,-14.835298641951802,1.210126186608053,0.46300029333375803,0.2130788266658783,0.22902911901474,0.0
11.12000036239624,28.600000000000005,-8.899999999999999,11.519173063162574,-24.958208303518912,1.210126186608053,0.46300029333375803,0.2130788266658783,0.22902911901474,0.0
11.130000591278076,28.200000000000006,-9.5,-16.929693744344995,-32.637657012293964,1.4128508391203702,0.2934581926393136,0.22639448940753937,0.22478091716766357,0.0
11.140000581741333,26.6,-9.900000000000002,-44.680428851054835,-23.911010752322316,1.4128508391203702,0.2934581926393136,0.22639448940753937,0.22478091716766357,0.0
11.150000810623169,26.6,-10.0,-44.680428851054835,-7.155849933176751,1.4128508391203702,0.2934581926393136,0.22639448940753937,0.22478091716766357,0.0
11.160000324249268,25.8,-9.8,-45.72762640225143,8.552113334772216,1.5066952434802923,0.1410258452259599,0.24041087925434113,0.21982352435588837,0.0
11.170000791549683,25.0,-9.4,-41.713369122664474,21.991148575128552,1.5066952434802923,0.1410258452259599,0.24041087925434113,0.21982352435588837,0.0
11.18000054359436,24.0,-8.8,-23.03834612632515,31.066860685499066,1.5066952434802923,0.1410258452259599,0.24041087925434113,0.21982352435588837,0.0
11.190000772476196,24.0,-8.100000000000001,-23.03834612632515,36.82644721708035,1.3698172172315664,0.0,0.2516040802001953,0.0,0.0
11.200000524520874,23.800000000000004,-7.200000000000001,-14.835298641951802,46.42575810304917,1.3698172172315664,0.0,0.2516040802001953,0.0,0.0
11.21000051498413,23.3,-6.4,-15.882496193148398,45.0294947014537,1.3698172172315664,0.0,0.2516040802001953,0.0,0.0
11.220000505447388,23.3,-5.600000000000001,-15.882496193148398,43.63323129985824,1.188350136977574,0.0,0.2432757467031479,0.0,0.0
11.230000257492065,22.900000000000002,-4.9,-18.675022996339326,40.31710572106901,1.188350136977574,0.0,0.2432757467031479,0.0,0.0
11.240000247955322,22.200000000000003,-4.2,-20.245819323134224,35.77924966588375,1.188350136977574,0.0,0.2432757467031479,0.0,0.0
11.250000476837158,22.200000000000003,-3.6000000000000005,-20.245819323134224,35.43018381548489,1.0302145384705232,0.0,0.2315264195203781,0.0,0.0
11.260000705718994,21.7,-3.0,-11.693705988362009,31.764992386296797,1.0302145384705232,0.0,0.2315264195203781,0.0,0.0
11.270000696182251,21.7,-2.6,-11.693705988362009,25.656340004316643,1.0302145384705232,0.0,0.2315264195203781,0.0,0.0
11.280000925064087,21.300000000000004,-2.0,-11.519173063162574,29.49606435870417,1.0302145384705232,0.0,0.2315264195203781,0.0,0.0
11.290000438690186,21.300000000000004,-1.4000000000000004,-11.519173063162574,33.510321638291124,0.9171864713408936,0.0,0.20386715233325958,0.0,0.0
11.3000009059906,21.1,-0.9000000000000001,-10.471975511965978,29.146998508305302,0.9171864713408936,0.0,0.20386715233325958,0.0,0.0
11.310000658035278,20.900000000000006,-0.30000000000000004,-10.64650843716541,29.670597283903604,0.9171864713408936,0.0,0.20386715233325958,0.0,0.0
11.320000648498535,20.599999999999998,0.30000000000000004,-15.882496193148398,37.52457891787809,0.9130386523636594,0.0,0.17395173013210297,0.0,0.0
11.330000400543213,20.200000000000003,0.9000000000000001,-21.991148575128552,36.65191429188092,0.9130386523636594,0.0,0.17395173013210297,0.0,0.0
11.340000629425049,19.300000000000004,1.7000000000000002,-24.434609527920614,41.36430327226561,0.9130386523636594,0.0,0.17395173013210297,0.0,0.0
11.350000619888306,19.300000000000004,2.6,-24.434609527920614,46.42575810304917,0.9260005866675161,0.0,0.1570851057767868,0.0,0.0
11.360000371932983,18.900000000000002,3.4000000000000004,-24.26007660272118,46.6002910282486,0.9260005866675161,0.0,0.1570851057767868,0.0,0.0
11.37000060081482,18.5,4.3,-22.340214425527417,49.741883681838395,0.9260005866675161,0.0,0.1570851057767868,0.0,0.0
11.380000591278076,18.1,5.2,-20.07128639793479,47.1238898038469,0.9374070888549099,0.0,0.13590265810489655,0.0,0.0
11.390000343322754,17.799999999999997,6.1000000000000005,-19.198621771937624,49.741883681838395,0.9374070888549099,0.0,0.13590265810489655,0.0,0.0
11.40000033378601,17.5,6.9,-16.05702911834783,46.25122517784973,0.9374070888549099,0.0,0.13590265810489655,0.0,0.0
11.410000801086426,17.2,7.800000000000001,-13.61356816555577,49.916416607037824,0.9628124800904688,0.0,0.10967851430177689,0.0,0.0
11.420000553131104,17.0,8.700000000000001,-12.217304763960307,47.29842272904633,0.9628124800904688,0.0,0.10967851430177689,0.0,0.0
11.43000078201294,16.8,9.600000000000001,-10.64650843716541,48.52015320544236,0.9628124800904688,0.0,0.10967851430177689,0.0,0.0
11.440000534057617,16.699999999999996,10.4,-8.726646259971648,45.553093477052,1.018289558910975,0.0,0.09062932431697845,0.0,0.0
11.450000762939453,16.6,11.200000000000003,-6.981317007977318,43.807764225057674,1.018289558910975,0.0,0.09062932431697845,0.0,0.0
11.460000276565552,16.5,12.0,-3.3161255787892263,43.63323129985824,1.018289558910975,0.0,0.09062932431697845,0.0,0.0
11.470000505447388,16.4,12.700000000000001,-7.853981633974483,39.269908169872416,1.018289558910975,0.0,0.09062932431697845,0.0,0.0
11.480000495910645,16.1,13.5,-15.184364492350667,41.713369122664474,1.0530275428453109,0.0,0.07363811135292053,0.0,0.0
11.490000486373901,15.600000000000001,14.200000000000001,-21.642082724729686,37.52457891787809,1.0530275428453109,0.0,0.07363811135292053,0.0,0.0
11.500000476837158,15.200000000000003,14.700000000000001,-25.132741228718345,33.510321638291124,1.0442134275186883,0.0,0.052058588713407516,0.0,0.0
11.510000467300415,14.700000000000001,15.8,-26.52900463031381,24.958208303518912,1.0442134275186883,0.0,0.052058588713407516,0.0,0.0
11.52000093460083,14.200000000000001,15.8,-23.736477827122883,24.958208303518912,1.0442134275186883,0.0,0.052058588713407516,0.0,0.0
11.530000686645508,13.900000000000002,16.0,-20.943951023931955,13.61356816555577,1.0613231807997792,0.0,0.03272251784801483,0.0,0.0
11.540000677108765,13.5,16.0,-18.84955592153876,3.141592653589793,1.0613231807997792,0.0,0.03272251784801483,0.0,0.0
11.550000667572021,13.200000000000003,16.0,-17.453292519943297,1.0471975511965976,1.0613231807997792,0.0,0.03272251784801483,0.0,0.0
11.560000896453857,12.9,16.1,-15.882496193148398,5.585053606381854,1.047324291751614,0.0,0.014544553123414516,0.0,0.0
11.570000648498535,12.700000000000001,16.5,-14.486232791552935,15.707963267948966,1.047324291751614,0.0,0.014544553123414516,0.0,0.0
11.580000638961792,12.4,16.900000000000002,-13.61356816555577,23.56194490192345,1.0322884479591403,0.0,0.00020040037634316832,0.0,0.0
11.590000629425049,12.200000000000001,17.400000000000002,-12.39183768915974,24.78367537831948,1.0322884479591403,0.0,0.00020040037634316832,0.0,0.0
11.600000381469727,11.8,17.799999999999997,-9.948376736367678,6.632251157578453,1.0322884479591403,0.0,0.00020040037634316832,0.0,0.0
11.610000610351562,11.8,17.799999999999997,-9.948376736367678,6.632251157578453,1.029696061098369,0.0,0.016538772732019424,0.0,0.0
11.62000036239624,11.5,17.7,-10.471975511965978,-1.3962634015954636,1.029696061098369,0.0,0.016538772732019424,0.0,0.0
11.630000352859497,11.5,17.7,-10.471975511965978,-0.0,1.029696061098369,0.0,0.016538772732019424,0.0,0.0
11.640000820159912,11.3,17.7,-11.344640137963141,-2.6179938779914944,1.0322884479591403,0.0,0.031140634790062904,0.0,0.0
11.650001049041748,11.100000000000001,17.5,-11.868238913561441,-8.552113334772216,1.0322884479591403,0.0,0.031140634790062904,0.0,0.0
11.660000562667847,10.8,17.2,-6.981317007977318,-12.042771838760874,1.0322884479591403,0.0,0.031140634790062904,0.0,0.0
11.670001029968262,10.8,17.1,-6.981317007977318,-9.948376736367678,1.0322884479591403,0.0,0.031140634790062904,0.0,0.0
11.68000054359436,10.5,16.8,-6.981317007977318,-8.203047484373348,0.9928841676754162,0.0,0.04844125360250473,0.0,0.0
11.690000534057617,10.5,16.8,-6.981317007977318,-8.203047484373348,0.9928841676754162,0.0,0.04844125360250473,0.0,0.0
11.700000524520874,10.600000000000001,16.6,1.9198621771937625,-9.075712110370514,0.9928841676754162,0.0,0.04844125360250473,0.0,0.0
11.71000051498413,10.600000000000001,16.4,1.9198621771937625,-10.995574287564276,0.9446657720650696,0.0,0.08443578332662582,0.0,0.0
11.720000505447388,10.8,15.5,10.821041362364843,-31.41592653589793,0.9446657720650696,0.0,0.08443578332662582,0.0,0.0
11.730000495910645,10.8,15.5,10.821041362364843,-31.41592653589793,0.9446657720650696,0.0,0.08443578332662582,0.0,0.0
11.74000072479248,11.3,14.800000000000002,23.56194490192345,-34.90658503988659,1.0203634683995921,0.0,0.0983983725309372,0.0,0.0
11.750000476837158,12.0,14.300000000000002,35.08111796508602,-29.146998508305302,1.0203634683995921,0.0,0.0983983725309372,0.0,0.0
11.760000467300415,14.100000000000003,13.8,64.40264939859075,-26.52900463031381,1.0203634683995921,0.0,0.0983983725309372,0.0,0.0
11.770000696182251,14.100000000000003,13.3,64.40264939859075,-25.48180707911721,1.0203634683995921,0.0,0.0983983725309372,0.0,0.0
11.780000925064087,17.799999999999997,13.100000000000001,109.25761117484502,-13.61356816555577,1.0048091472349643,0.0,0.11409597843885422,0.0,0.0
11.790000677108765,17.799999999999997,13.100000000000001,109.25761117484502,-0.17453292519943295,1.0048091472349643,0.0,0.11409597843885422,0.0,0.0
11.800000667572021,20.200000000000003,13.100000000000001,132.99408900196792,-0.5235987755982988,0.9498505457866122,0.0,0.1236637532711029,0.0,0.0
11.8100004196167,23.099999999999998,13.100000000000001,156.55603390389135,-0.3490658503988659,0.9498505457866122,0.0,0.1236637532711029,0.0,0.0
11.820000648498535,29.900000000000006,13.100000000000001,191.63715186897738,-1.5707963267948966,0.9498505457866122,0.0,0.1236637532711029,0.0,0.0
11.830000638961792,29.900000000000006,13.000000000000002,191.63715186897738,-2.2689280275926285,0.6403195546105165,0.4417427210754332,0.1357773244380951,0.04621126875281334,0.0
11.840000629425049,37.1,12.9,193.20794819577227,-8.377580409572781,0.6403195546105165,0.4417427210754332,0.1357773244380951,0.04621126875281334,0.0
11.850000619888306,37.1,12.700000000000001,193.20794819577227,-10.122909661567112,0.6403195546105165,0.4417427210754332,0.1357773244380951,0.04621126875281334,0.0
11.860000610351562,40.1,12.4,169.9950691442477,-16.406094968746697,0.15450625690197078,1.2930825661527352,0.09355033934116364,0.07266800105571747,0.0
11.87000060081482,42.60000000000001,11.8,141.3716694115407,-29.845130209103036,0.15450625690197078,1.2930825661527352,0.09355033934116364,0.07266800105571747,0.0
11.880000352859497,44.6,10.8,113.09733552923255,-52.53441048502932,0.15450625690197078,1.2930825661527352,0.09355033934116364,0.07266800105571747,0.0
11.890000343322754,46.199999999999996,9.4,89.53539062730911,-71.90756518216638,0.0,1.463143144219334,0.0,0.07542239874601364,0.0
11.90000033378601,48.10000000000001,7.699999999999999,47.99655442984406,-89.01179185171081,0.0,1.463143144219334,0.0,0.07542239874601364,0.0
11.910001039505005,48.10000000000001,5.9,47.99655442984406,-98.61110273767962,0.0,1.3921117442341997,0.0,0.06474301964044571,0.0
11.920000553131104,48.6,1.9000000000000004,5.585053606381854,-110.30480872604163,0.0,1.3921117442341997,0.0,0.06474301964044571,0.0
11.93000054359436,48.400000000000006,1.9000000000000004,-10.821041362364843,-110.30480872604163,0.0,1.3921117442341997,0.0,0.06474301964044571,0.0
11.940000534057617,48.400000000000006,0.1,-10.821041362364843,-105.24335389525807,0.0,1.147390424577387,0.0,0.07259060442447662,0.0
11.950000762939453,47.900000000000006,-1.5,-24.26007660272118,-92.32791743050004,0.0,1.147390424577387,0.0,0.07259060442447662,0.0
11.96000075340271,46.0,-2.8000000000000007,-55.50147021341968,-73.12929565856241,0.0,1.147390424577387,0.0,0.07259060442447662,0.0
11.970000505447388,44.80000000000001,-4.600000000000001,-67.71877497737998,-44.505895925855405,0.0,1.147390424577387,0.0,0.07259060442447662,0.0
11.980000495910645,43.4,-4.600000000000001,-75.04915783575618,-44.505895925855405,0.0,1.147390424577387,0.0,0.07259060442447662,0.0
11.990000486373901,43.4,-5.300000000000001,-75.04915783575618,-41.713369122664474,0.0,0.7714943297655453,0.0,0.08358064293861389,0.0
12.000000476837158,40.6,-6.0,-75.04915783575618,-35.25565089028546,0.0,0.7714943297655453,0.0,0.08358064293861389,0.0
12.010000705718994,40.6,-6.300000000000001,-75.04915783575618,-21.81661564992912,0.0,0.7714943297655453,0.0,0.08358064293861389,0.0
12.02000093460083,38.2,-6.500000000000001,-63.70451769779303,-12.740903539558605,0.0,0.7714943297655453,0.0,0.08358064293861389,0.0
12.030000448226929,37.1,-6.800000000000001,-60.56292504420323,-6.632251157578453,0.0,0.7123879093399592,0.0,0.11886026710271835,0.0
12.040000915527344,35.9,-6.800000000000001,-64.22811647339132,-6.632251157578453,0.0,0.7123879093399592,0.0,0.11886026710271835,0.0
12.050000667572021,35.9,-6.800000000000001,-64.22811647339132,-1.5707963267948966,0.0,0.7559400086009174,0.0,0.13322222232818604,0.0
12.060000896453857,33.0,-6.800000000000001,-82.72860654453122,-0.17453292519943295,0.0,0.7559400086009174,0.0,0.13322222232818604,0.0
12.070000648498535,33.0,-6.9,-82.72860654453122,-1.2217304763960306,0.0,0.7559400086009174,0.0,0.13322222232818604,0.0
12.080000638961792,31.3,-6.9,-94.07324668249436,-4.537856055185257,0.0,0.8000105852340299,0.0,0.15208879113197327,0.0
12.090000629425049,29.400000000000002,-7.200000000000001,-100.53096491487338,-13.61356816555577,0.0,0.8000105852340299,0.0,0.15208879113197327,0.0
12.100000619888306,26.000000000000004,-7.499999999999999,-87.4409955249159,-15.533430342749533,0.0,0.8000105852340299,0.0,0.15208879113197327,0.0
12.110000371932983,26.000000000000004,-7.699999999999999,-87.4409955249159,-12.042771838760874,0.0,0.8471920261000679,0.0,0.1832154244184494,0.0
12.12000060081482,24.200000000000003,-7.800000000000001,-39.444441095071845,-4.014257279586958,0.0,0.8471920261000679,0.0,0.1832154244184494,0.0
12.130000591278076,24.200000000000003,-7.800000000000001,-39.444441095071845,-0.0,0.0,0.8772637136850152,0.0,0.203671395778656,0.0
12.140000343322754,24.1,-7.800000000000001,2.792526803190927,0.5235987755982988,0.0,0.8772637136850152,0.0,0.203671395778656,0.0
12.15000033378601,24.1,-7.800000000000001,0.0,-0.3490658503988659,0.0,0.8772637136850152,0.0,0.203671395778656,0.0
12.160000562667847,24.1,-7.800000000000001,0.0,0.8726646259971648,0.16435732697290178,0.8238605443531261,0.2631324827671051,0.22918754816055298,0.0
12.170001029968262,24.1,-7.800000000000001,-2.6179938779914944,-0.17453292519943295,0.16435732697290178,0.8238605443531261,0.2631324827671051,0.22918754816055298,0.0
12.18000078201294,24.200000000000003,-7.699999999999999,6.283185307179586,0.6981317007977318,0.16435732697290178,0.8238605443531261,0.2631324827671051,0.22918754816055298,0.0
12.190000772476196,24.200000000000003,-7.699999999999999,6.283185307179586,0.3490658503988659,0.9114832202471967,0.6226913239572714,0.22551876306533813,0.2267368882894516,0.0
12.200000286102295,24.700000000000003,-7.699999999999999,27.05260340591211,0.17453292519943295,0.9114832202471967,0.6226913239572714,0.22551876306533813,0.2267368882894516,0.0
12.210000276565552,26.799999999999997,-7.699999999999999,54.80333851262195,-0.0,0.9114832202471967,0.6226913239572714,0.22551876306533813,0.2267368882894516,0.0
12.220000505447388,26.799999999999997,-7.699999999999999,54.80333851262195,1.2217304763960306,0.9114832202471967,0.6226913239572714,0.22551876306533813,0.2267368882894516,0.0
12.230000257492065,27.5,-7.499999999999999,40.66617157146788,8.901179185171081,1.42010952233053,0.4194481940727999,0.25285542011260986,0.21260692179203033,0.0
12.240000486373901,27.5,-7.200000000000001,-2.792526803190927,19.54768762233649,1.42010952233053,0.4194481940727999,0.25285542011260986,0.21260692179203033,0.0
12.250000476837158,27.5,-6.800000000000001,-2.792526803190927,20.07128639793479,1.42010952233053,0.4194481940727999,0.25285542011260986,0.21260692179203033,0.0
12.260000705718994,27.400000000000006,-6.4,-5.934119456780721,19.198621771937624,1.2858238829425757,0.24783218388973835,0.29287096858024597,0.20556066930294037,0.0
12.270000457763672,27.200000000000003,-6.0,-12.566370614359172,21.642082724729686,1.2858238829425757,0.24783218388973835,0.29287096858024597,0.20556066930294037,0.0
12.280000448226929,26.799999999999997,-5.499999999999999,-16.755160819145562,26.354471705114378,1.2858238829425757,0.24783218388973835,0.29287096858024597,0.20556066930294037,0.0
12.290000677108765,26.1,-5.2,-22.51474735072685,21.642082724729686,1.2858238829425757,0.24783218388973835,0.29287096858024597,0.20556066930294037,0.0
12.3000009059906,25.5,-5.0,-29.670597283903604,10.995574287564276,1.3744835135809548,0.13687802624872578,0.29480913281440735,0.16857576370239258,0.0
12.310000658035278,25.5,-4.9,-29.670597283903604,5.061454830783556,1.3744835135809548,0.13687802624872578,0.29480913281440735,0.16857576370239258,0.0
12.320000648498535,24.0,-4.7,-40.840704496667314,11.170107212763709,1.3112292741781344,0.06480967151928305,0.27721667289733887,0.1477999985218048,0.0
12.330000638961792,24.0,-4.3,-40.840704496667314,21.29301687433082,1.3112292741781344,0.06480967151928305,0.27721667289733887,0.1477999985218048,0.0
12.340000629425049,23.3,-3.7000000000000006,-40.49163864626845,29.845130209103036,1.3112292741781344,0.06480967151928305,0.27721667289733887,0.1477999985218048,0.0
12.350000619888306,22.6,-3.2,-36.82644721708035,26.00540585471551,1.3112292741781344,0.06480967151928305,0.27721667289733887,0.1477999985218048,0.0
12.360000610351562,21.999999999999996,-3.1,-13.61356816555577,11.170107212763709,1.3112292741781344,0.06480967151928305,0.27721667289733887,0.1477999985218048,0.0
12.37000060081482,21.999999999999996,-3.1,-13.61356816555577,-1.0471975511965976,1.155167585159701,0.0,0.23657630383968353,0.0,0.0
12.380000591278076,21.900000000000002,-3.1,-5.410520681182422,0.8726646259971648,1.155167585159701,0.0,0.23657630383968353,0.0,0.0
12.390000581741333,21.7,-3.1,-5.759586531581287,-0.0,1.155167585159701,0.0,0.23657630383968353,0.0,0.0
12.40000057220459,21.7,-3.1,-5.759586531581287,0.6981317007977318,1.0556199297060822,0.0,0.2324184626340866,0.0,0.0
12.410000801086426,21.6,-3.1,-2.6179938779914944,0.3490658503988659,1.0556199297060822,0.0,0.2324184626340866,0.0,0.0
12.420000553131104,21.300000000000004,-2.9000000000000004,-13.61356816555577,7.853981633974483,1.0556199297060822,0.0,0.2324184626340866,0.0,0.0
12.43000078201294,20.900000000000006,-2.5,-19.54768762233649,22.340214425527417,1.0556199297060822,0.0,0.2324184626340866,0.0,0.0
12.440000534057617,20.900000000000006,-1.8000000000000003,-19.54768762233649,37.69911184307752,0.959183138485389,0.0,0.20359459519386292,0.0,0.0
12.450000762939453,20.5,-1.0,-23.736477827122883,40.49163864626845,0.959183138485389,0.0,0.20359459519386292,0.0,0.0
12.46000051498413,20.0,-0.30000000000000004,-22.863813201125716,38.746309394274114,0.8917810801053346,0.0,0.1796976774930954,0.0,0.0
12.470000505447388,19.6,0.4,-21.991148575128552,42.06243497306334,0.8917810801053346,0.0,0.1796976774930954,0.0,0.0
12.480000495910645,18.900000000000002,1.1,-18.500490071139893,39.09537524467298,0.8917810801053346,0.0,0.1796976774930954,0.0,0.0
12.490000486373901,18.900000000000002,1.9000000000000004,-18.500490071139893,42.411500823462205,0.8959288990825688,0.0,0.15150000154972076,0.0,0.0
12.500000476837158,18.700000000000003,2.7,-2.0943951023931953,46.774823953448035,0.8959288990825688,0.0,0.15150000154972076,0.0,0.0
12.510000705718994,18.700000000000003,3.6000000000000005,-2.0943951023931953,50.440015382636126,0.8959288990825688,0.0,0.15150000154972076,0.0,0.0
12.52000093460083,18.8,4.7,0.3490658503988659,56.548667764616276,0.9311853603890587,0.0,0.13087081909179688,0.0,0.0
12.530000686645508,18.8,5.800000000000001,0.17453292519943295,61.086523819801535,0.9311853603890587,0.0,0.13087081909179688,0.0,0.0
12.540000915527344,18.700000000000003,6.9,-1.7453292519943295,59.69026041820607,0.9311853603890587,0.0,0.13087081909179688,0.0,0.0
12.550000667572021,18.6,8.0,-5.759586531581287,58.119464091411174,0.9773298465107882,0.0,0.10512731969356537,0.0,0.0
12.560000896453857,18.5,8.8,-8.028514559173916,49.916416607037824,0.9773298465107882,0.0,0.10512731969356537,0.0,0.0
12.570000648498535,18.3,9.700000000000001,-8.726646259971648,45.378560551852566,0.9773298465107882,0.0,0.10512731969356537,0.0,0.0
12.580000638961792,18.3,10.700000000000001,-8.726646259971648,26.878070480712676,0.9773298465107882,0.0,0.10512731969356537,0.0,0.0
12.59000039100647,18.200000000000003,10.700000000000001,-8.726646259971648,26.878070480712676,0.9773298465107882,0.0,0.10512731969356537,0.0,0.0
12.600000381469727,17.6,11.3,-15.009831567151235,29.49606435870417,1.0540644975896194,0.0,0.07837530970573425,0.0,0.0
12.610000610351562,17.300000000000004,11.900000000000002,-17.278759594743864,31.764992386296797,1.0540644975896194,0.0,0.07837530970573425,0.0,0.0
12.62000060081482,17.0,13.000000000000002,-20.420352248333657,31.41592653589793,1.0540644975896194,0.0,0.07837530970573425,0.0,0.0
12.630000591278076,17.0,13.000000000000002,-20.420352248333657,31.41592653589793,1.0644340450327048,0.0,0.06445056200027466,0.0,0.0
12.640000581741333,16.1,13.700000000000003,-23.387411976724017,37.000980142279786,1.0644340450327048,0.0,0.06445056200027466,0.0,0.0
12.65000033378601,16.1,14.200000000000001,-23.387411976724017,31.590459461097364,1.0644340450327048,0.0,0.06445056200027466,0.0,0.0
12.660000324249268,15.700000000000001,14.800000000000002,-26.17993877991494,29.49606435870417,1.0644340450327048,0.0,0.06445056200027466,0.0,0.0
12.670000553131104,15.100000000000001,15.300000000000002,-28.44886680750757,30.01966313430247,1.0644340450327048,0.0,0.06445056200027466,0.0,0.0
12.68000054359436,14.100000000000003,15.700000000000001,-28.099800957108705,23.56194490192345,1.0919133457568806,0.0,0.02974073961377144,0.0,0.0
12.690000772476196,13.5,15.899999999999999,-28.797932657906436,12.217304763960307,1.0919133457568806,0.0,0.02974073961377144,0.0,0.0
12.700000524520874,13.5,16.0,-28.797932657906436,2.792526803190927,1.0919133457568806,0.0,0.02974073961377144,0.0,0.0
12.71000051498413,13.000000000000002,16.0,-30.194196059501902,0.5235987755982988,1.0810253209416412,0.0,0.021853715181350708,0.0,0.0
12.720000505447388,11.900000000000002,16.0,-30.7177948351002,0.5235987755982988,1.0810253209416412,0.0,0.021853715181350708,0.0,0.0
12.730000495910645,11.3,16.0,-31.590459461097364,0.5235987755982988,1.0810253209416412,0.0,0.021853715181350708,0.0,0.0
12.740000247955322,10.8,16.0,-30.01966313430247,-0.17453292519943295,1.0810253209416412,0.0,0.021853715181350708,0.0,0.0
12.750000476837158,10.8,16.0,-30.01966313430247,-0.0,0.988736348698182,0.0,0.012101207859814167,0.0,0.0
12.760000705718994,9.900000000000002,16.0,-22.340214425527417,-0.0,0.988736348698182,0.0,0.012101207859814167,0.0,0.0
12.770000696182251,9.600000000000001,16.0,-18.151424220741028,-0.0,0.988736348698182,0.0,0.012101207859814167,0.0,0.0
12.780000925064087,9.600000000000001,15.899999999999999,-18.151424220741028,-1.7453292519943295,0.9752559370221712,0.0,0.028809677809476852,0.0,0.0
12.790000677108765,9.200000000000003,15.899999999999999,-6.1086523819801535,-0.3490658503988659,0.9752559370221712,0.0,0.028809677809476852,0.0,0.0
12.8000009059906,9.200000000000003,15.8,0.5235987755982988,-6.632251157578453,0.9752559370221712,0.0,0.028809677809476852,0.0,0.0
12.810000658035278,9.200000000000003,15.600000000000001,0.5235987755982988,-12.566370614359172,0.988736348698182,0.0,0.05153487250208855,0.0,0.0
12.820000410079956,9.4,15.300000000000002,4.014257279586958,-12.740903539558605,0.988736348698182,0.0,0.05153487250208855,0.0,0.0
12.830000638961792,9.600000000000001,15.200000000000003,7.504915783575617,-7.853981633974483,0.988736348698182,0.0,0.05153487250208855,0.0,0.0
12.84000039100647,9.8,14.999999999999998,12.39183768915974,-7.155849933176751,0.988736348698182,0.0,0.05153487250208855,0.0,0.0
12.850000619888306,10.200000000000001,14.999999999999998,22.51474735072685,-7.155849933176751,0.9565907516246177,0.0,0.06709755957126617,0.0,0.0
12.860000848770142,10.200000000000001,14.700000000000001,22.51474735072685,-12.915436464758038,0.9565907516246177,0.0,0.06709755957126617,0.0,0.0
12.87000060081482,11.900000000000002,14.400000000000002,52.883476335428185,-18.84955592153876,0.9254821092953618,0.0,0.0714481770992279,0.0,0.0
12.880000591278076,13.200000000000003,13.3,69.11503837897546,-31.41592653589793,0.9254821092953618,0.0,0.0714481770992279,0.0,0.0
12.890000581741333,14.800000000000002,12.8,84.99753457212385,-24.26007660272118,0.9254821092953618,0.0,0.0714481770992279,0.0,0.0
12.90000057220459,14.800000000000002,12.8,84.99753457212385,-24.26007660272118,0.9254821092953618,0.0,0.0714481770992279,0.0,0.0
12.910000801086426,19.0,12.600000000000001,120.95131716320704,-12.915436464758038,0.8596354830317703,0.0,0.08132569491863251,0.0,0.0
12.920000553131104,21.500000000000004,12.600000000000001,138.7536755335492,0.3490658503988659,0.8596354830317703,0.0,0.08132569491863251,0.0,0.0
12.93000078201294,21.500000000000004,12.600000000000001,138.7536755335492,0.3490658503988659,0.6921672918259429,0.34945374883197416,0.09197378158569336,0.08785460144281387,0.0
12.940000295639038,27.700000000000003,12.700000000000001,172.43853009703975,1.3962634015954636,0.6921672918259429,0.34945374883197416,0.09197378158569336,0.08785460144281387,0.0
12.950000524520874,27.700000000000003,12.700000000000001,172.43853009703975,1.3962634015954636,0.6921672918259429,0.34945374883197416,0.09197378158569336,0.08785460144281387,0.0
12.96000051498413,34.2,12.8,172.78759594743863,7.853981633974483,0.288273418917771,1.1380578318786103,0.09948921203613281,0.08557859063148499,0.0
12.970000267028809,34.2,13.100000000000001,172.78759594743863,15.009831567151235,0.288273418917771,1.1380578318786103,0.09948921203613281,0.08557859063148499,0.0
12.980000495910645,37.0,13.3,161.6174887346749,9.42477796076938,0.288273418917771,1.1380578318786103,0.09948921203613281,0.08557859063148499,0.0
12.990000486373901,39.60000000000001,13.200000000000003,139.45180723434694,-1.9198621771937625,0.288273418917771,1.1380578318786103,0.09948921203613281,0.08557859063148499,0.0
13.000000476837158,41.50000000000001,12.9,108.73401239924674,-16.406094968746697,0.0,1.5227680420170744,0.0,0.12073782831430435,0.0
13.010000705718994,42.7,12.100000000000001,74.87462491055673,-38.571776469074685,0.0,1.5227680420170744,0.0,0.12073782831430435,0.0
13.02000093460083,43.99999999999999,10.600000000000001,29.146998508305302,-75.92182246175334,0.0,1.5227680420170744,0.0,0.12073782831430435,0.0
13.030000448226929,43.99999999999999,8.700000000000001,29.146998508305302,-102.27629416686771,0.0,1.3516705092061672,0.0,0.11445224285125732,0.0
13.040000915527344,44.10000000000001,6.500000000000001,1.3962634015954636,-118.85692206081384,0.0,1.3516705092061672,0.0,0.11445224285125732,0.0
13.050000667572021,44.10000000000001,4.2,0.0,-124.09290981679683,0.0,1.3516705092061672,0.0,0.11445224285125732,0.0
13.060000896453857,44.10000000000001,2.1,0.0,-115.54079648202462,0.0,1.060804703427625,0.0,0.10650341957807541,0.0
13.070000648498535,43.300000000000004,0.2,-29.49606435870417,-108.21041362364844,0.0,1.060804703427625,0.0,0.10650341957807541,0.0
13.080000638961792,43.300000000000004,-1.6,-29.49606435870417,-104.71975511965977,0.0,1.060804703427625,0.0,0.10650341957807541,0.0
13.09000039100647,42.400000000000006,-3.4000000000000004,-42.93509959906051,-96.8657734856853,0.0,0.8368224786569827,0.0,0.10827385634183884,0.0
13.100000619888306,41.199999999999996,-4.9,-64.75171524898963,-83.07767239493009,0.0,0.8368224786569827,0.0,0.10827385634183884,0.0
13.110000610351562,39.60000000000001,-6.1000000000000005,-82.55407361933179,-69.46410422937431,0.0,0.8368224786569827,0.0,0.10827385634183884,0.0
13.120000839233398,37.9,-7.0,-95.12044423369096,-49.56735075663896,0.0,0.741422642180598,0.0,0.11911188811063766,0.0
13.130000591278076,36.1,-7.600000000000001,-99.83283321407565,-37.17551306747922,0.0,0.741422642180598,0.0,0.11911188811063766,0.0
13.140000581741333,34.300000000000004,-8.0,-95.64404300928926,-21.642082724729686,0.0,0.741422642180598,0.0,0.11911188811063766,0.0
13.15000033378601,32.7,-8.100000000000001,-86.21926504851987,-10.122909661567112,0.0,0.7341639589704383,0.0,0.13133898377418518,0.0
13.160000562667847,31.5,-8.2,-70.33676885537147,-5.934119456780721,0.0,0.7341639589704383,0.0,0.13133898377418518,0.0
13.170000791549683,30.600000000000005,-8.3,-52.708943410228756,-3.3161255787892263,0.0,0.7341639589704383,0.0,0.13133898377418518,0.0
13.180000305175781,29.900000000000006,-8.3,-39.09537524467298,-0.3490658503988659,0.0,0.7901595151630989,0.0,0.15456955134868622,0.0
13.190000534057617,29.500000000000004,-8.3,-27.401669256310974,-1.0471975511965976,0.0,0.7901595151630989,0.0,0.15456955134868622,0.0
13.200000524520874,28.500000000000004,-8.2,-25.307274153917778,1.5707963267948966,0.0,0.7901595151630989,0.0,0.15456955134868622,0.0
13.21000075340271,28.500000000000004,-8.3,-25.307274153917778,-1.0471975511965976,0.0,0.8503028903329936,0.0,0.17295122146606445,0.0
13.220000505447388,27.5,-8.3,-28.623399732707004,0.8726646259971648,0.0,0.8503028903329936,0.0,0.17295122146606445,0.0
13.230000495910645,26.900000000000002,-8.3,-30.543261909900767,-1.0471975511965976,0.0,0.8503028903329936,0.0,0.17295122146606445,0.0
13.240000486373901,26.5,-8.3,-25.656340004316643,1.2217304763960306,0.0,0.8549691866823819,0.0,0.18995694816112518,0.0
13.250000476837158,26.5,-8.3,-25.656340004316643,-0.8726646259971648,0.0,0.8549691866823819,0.0,0.18995694816112518,0.0
13.260000705718994,26.200000000000003,-8.2,-17.802358370342162,1.3962634015954636,0.0,0.8777821910571695,0.0,0.22098228335380554,0.0
13.270000696182251,26.1,-8.3,-3.839724354387525,-0.6981317007977318,0.0,0.8777821910571695,0.0,0.22098228335380554,0.0
13.280000925064087,26.300000000000004,-8.3,8.377580409572781,0.17453292519943295,0.0,0.8777821910571695,0.0,0.22098228335380554,0.0
13.290000677108765,26.5,-8.3,11.519173063162574,-0.0,0.0,0.8777821910571695,0.0,0.22098228335380554,0.0
13.300000667572021,26.6,-8.3,0.0,-0.8726646259971648,0.07206835472944274,0.768901942904774,0.18684172630310059,0.24437828361988068,0.0
13.3100004196167,26.6,-8.3,0.0,-3.141592653589793,0.07206835472944274,0.768901942904774,0.18684172630310059,0.24437828361988068,0.0
13.320000648498535,26.6,-8.6,0.0,-13.439035240356338,0.8435626844949881,0.6003967969546381,0.19471603631973267,0.2591865360736847,0.0
13.330000638961792,26.900000000000002,-9.100000000000001,12.915436464758038,-24.08554367752175,0.8435626844949881,0.6003967969546381,0.19471603631973267,0.2591865360736847,0.0
13.340000629425049,26.900000000000002,-9.600000000000001,12.915436464758038,-26.00540585471551,0.8435626844949881,0.6003967969546381,0.19471603631973267,0.2591865360736847,0.0
13.350000619888306,27.5,-9.8,27.75073510670984,-13.962634015954636,0.8435626844949881,0.6003967969546381,0.19471603631973267,0.2591865360736847,0.0
13.360000371932983,28.200000000000006,-9.8,37.17551306747922,0.17453292519943295,0.8435626844949881,0.6003967969546381,0.19471603631973267,0.2591865360736847,0.0
13.37000060081482,28.800000000000004,-9.5,34.90658503988659,13.08996938995747,1.6352776317745497,0.353083090437054,0.23738300800323486,0.24110278487205505,0.0
13.380000591278076,29.200000000000003,-9.100000000000001,21.642082724729686,21.467549799530254,1.6352776317745497,0.353083090437054,0.23738300800323486,0.24110278487205505,0.0
13.390000343322754,29.200000000000003,-8.700000000000001,4.537856055185257,18.675022996339326,1.6352776317745497,0.353083090437054,0.23738300800323486,0.24110278487205505,0.0
13.40000057220459,29.200000000000003,-8.6,-1.2217304763960306,10.471975511965978,1.6352776317745497,0.353083090437054,0.23738300800323486,0.24110278487205505,0.0
13.410001039505005,29.1,-8.5,-1.0471975511965976,2.443460952792061,1.6352776317745497,0.353083090437054,0.23738300800323486,0.24110278487205505,0.0
13.420000314712524,29.1,-8.6,-0.3490658503988659,0.5235987755982988,1.6352776317745497,0.353083090437054,0.23738300800323486,0.24110278487205505,0.0
13.43000054359436,29.1,-8.5,-1.0471975511965976,0.17453292519943295,1.3687802624872578,0.1233976145727149,0.25627273321151733,0.2336890697479248,0.0
13.440000295639038,29.1,-8.5,-0.5235987755982988,2.0943951023931953,1.3687802624872578,0.1233976145727149,0.25627273321151733,0.2336890697479248,0.0
13.450000762939453,29.0,-8.3,-3.490658503988659,9.250245035569947,1.3687802624872578,0.1233976145727149,0.25627273321151733,0.2336890697479248,0.0
13.46000051498413,28.400000000000002,-7.1000000000000005,-19.373154697137057,38.04817769347638,1.3687802624872578,0.1233976145727149,0.25627273321151733,0.2336890697479248,0.0
13.470000267028809,28.400000000000002,-7.1000000000000005,-19.373154697137057,38.04817769347638,1.3075999325730547,0.012961934303856608,0.258072167634964,0.07100000232458115,0.0
13.480000495910645,28.1,-6.4,-18.84955592153876,41.36430327226561,1.3075999325730547,0.012961934303856608,0.258072167634964,0.07100000232458115,0.0
13.490000486373901,27.800000000000004,-5.499999999999999,-15.3588974175501,46.25122517784973,1.1738327705572544,0.0,0.25684452056884766,0.0,0.0
13.500000238418579,27.6,-4.600000000000001,-8.377580409572781,44.15683007545654,1.1738327705572544,0.0,0.25684452056884766,0.0,0.0
13.510000467300415,27.400000000000006,-3.9000000000000004,-7.504915783575617,41.36430327226561,1.1738327705572544,0.0,0.25684452056884766,0.0,0.0
13.52000093460083,27.400000000000006,-3.3000000000000007,-7.504915783575617,37.52457891787809,1.1738327705572544,0.0,0.25684452056884766,0.0,0.0
13.530000925064087,27.200000000000003,-2.9000000000000004,-8.377580409572781,22.863813201125716,1.1738327705572544,0.0,0.25684452056884766,0.0,0.0
13.540000677108765,26.6,-2.7,-17.10422666954443,12.042771838760874,1.0312514932148318,0.0,0.2382207065820694,0.0,0.0
13.550000429153442,26.6,-2.5,-17.10422666954443,9.42477796076938,1.0312514932148318,0.0,0.2382207065820694,0.0,0.0
13.560000658035278,25.8,-2.3000000000000007,-22.863813201125716,14.137166941154069,1.0312514932148318,0.0,0.2382207065820694,0.0,0.0
13.570000410079956,25.8,-1.8000000000000003,-22.863813201125716,21.991148575128552,0.9581461837410805,0.0,0.2240649312734604,0.0,0.0
13.580000400543213,25.400000000000002,-1.3,-23.03834612632515,29.845130209103036,0.9581461837410805,0.0,0.2240649312734604,0.0,0.0
13.590000629425049,25.0,-0.6000000000000001,-21.467549799530254,33.335788713091695,0.9581461837410805,0.0,0.2240649312734604,0.0,0.0
13.600000619888306,24.700000000000003,0.1,-16.58062789394613,45.0294947014537,0.9202973355738192,0.0,0.20843662321567535,0.0,0.0
13.610000371932983,24.5,1.1,-11.344640137963141,50.96361415823442,0.9202973355738192,0.0,0.20843662321567535,0.0,0.0
13.62000060081482,24.5,2.2,-0.6981317007977318,60.388392119003804,0.9202973355738192,0.0,0.20843662321567535,0.0,0.0
13.630000591278076,24.5,3.4000000000000004,-0.6981317007977318,65.44984694978736,0.9394809983435269,0.0,0.1848057359457016,0.0,0.0
13.640000581741333,24.400000000000002,4.7,-2.2689280275926285,70.86036763096978,0.9394809983435269,0.0,0.1848057359457016,0.0,0.0
13.650000810623169,24.3,6.0,-7.504915783575617,72.60569688296411,0.9394809983435269,0.0,0.1848057359457016,0.0,0.0
13.660000562667847,24.1,7.300000000000001,-12.042771838760874,72.95476273336297,0.9394809983435269,0.0,0.1848057359457016,0.0,0.0
13.670000791549683,23.800000000000004,8.700000000000001,-13.962634015954636,72.95476273336297,0.9659233443233944,0.0,0.15384164452552795,0.0,0.0
13.68000054359436,23.800000000000004,10.0,-13.962634015954636,73.30382858376184,0.9659233443233944,0.0,0.15384164452552795,0.0,0.0
13.690001010894775,23.5,11.3,-13.962634015954636,69.28957130417488,0.9659233443233944,0.0,0.15384164452552795,0.0,0.0
13.700000524520874,23.3,12.5,-11.868238913561441,65.97344572538566,0.9892548260703363,0.0,0.13218657672405243,0.0,0.0
13.71000051498413,23.200000000000003,13.600000000000001,-7.853981633974483,62.65732014659643,0.9892548260703363,0.0,0.13218657672405243,0.0,0.0
13.720000505447388,22.900000000000002,14.600000000000001,-6.283185307179586,55.676003138619116,0.9892548260703363,0.0,0.13218657672405243,0.0,0.0
13.730000495910645,22.900000000000002,15.5,-6.283185307179586,52.185344634630454,1.0322884479591403,0.0,0.11391210556030273,0.0,0.0
13.740000486373901,22.900000000000002,16.3,-1.9198621771937625,42.236967898262776,1.0322884479591403,0.0,0.11391210556030273,0.0,0.0
13.750000476837158,22.900000000000002,16.900000000000002,-1.9198621771937625,37.35004599267865,1.0322884479591403,0.0,0.11391210556030273,0.0,0.0
13.760000467300415,22.700000000000003,17.6,-8.377580409572781,34.90658503988659,1.0566568844503907,0.0,0.09567321091890335,0.0,0.0
13.770000696182251,22.400000000000006,18.1,-13.264502315156905,27.576202181510407,1.0566568844503907,0.0,0.09567321091890335,0.0,0.0
13.780000925064087,22.1,18.5,-15.882496193148398,25.307274153917778,1.0566568844503907,0.0,0.09567321091890335,0.0,0.0
13.790000677108765,21.8,19.1,-20.07128639793479,31.2413936106985,1.0322884479591403,0.0,0.0785529837012291,0.0,0.0
13.8000009059906,21.300000000000004,19.6,-25.656340004316643,28.44886680750757,1.0322884479591403,0.0,0.0785529837012291,0.0,0.0
13.810000896453857,20.1,20.0,-32.81218993749339,21.118483949131388,1.0322884479591403,0.0,0.0785529837012291,0.0,0.0
13.820000648498535,20.1,20.3,-32.81218993749339,16.755160819145562,1.0271036742375976,0.0,0.057096920907497406,0.0,0.0
13.830000638961792,19.5,20.599999999999998,-36.302848441482055,17.62782544514273,1.0271036742375976,0.0,0.057096920907497406,0.0,0.0
13.840000629425049,18.0,21.0,-40.66617157146788,21.467549799530254,1.0271036742375976,0.0,0.057096920907497406,0.0,0.0
13.850000381469727,18.0,21.200000000000003,-40.66617157146788,10.995574287564276,1.0131047851894326,0.0,0.039051175117492676,0.0,0.0
13.860000610351562,16.6,21.200000000000003,-36.82644721708035,0.3490658503988659,1.0131047851894326,0.0,0.039051175117492676,0.0,0.0
13.87000060081482,16.6,21.200000000000003,-36.82644721708035,0.3490658503988659,1.0131047851894326,0.0,0.039051175117492676,0.0,0.0
13.880000591278076,16.1,21.0,-30.892327760299633,-7.155849933176751,1.0131047851894326,0.0,0.039051175117492676,0.0,0.0
13.890000581741333,15.600000000000001,20.8,-23.56194490192345,-11.519173063162574,0.9057799691534998,0.0,0.008538639172911644,0.0,0.0
13.90000057220459,15.399999999999999,20.5,-13.788101090755204,-15.882496193148398,0.9057799691534998,0.0,0.008538639172911644,0.0,0.0
13.910000801086426,15.300000000000002,20.1,-4.537856055185257,-21.642082724729686,0.9057799691534998,0.0,0.008538639172911644,0.0,0.0
13.920000314712524,15.300000000000002,19.6,-0.17453292519943295,-28.97246558310587,0.9871809165817192,0.0,0.016042018309235573,0.0,0.0
13.93000078201294,15.5,18.8,6.632251157578453,-38.92084231947355,0.9871809165817192,0.0,0.016042018309235573,0.0,0.0
13.940000534057617,15.8,18.0,16.231562043547264,-41.713369122664474,0.9871809165817192,0.0,0.016042018309235573,0.0,0.0
13.950000762939453,16.3,17.2,25.830872929516076,-47.82202150464463,0.9835515749766395,0.0,0.025285715237259865,0.0,0.0
13.96000051498413,18.200000000000003,16.3,60.03932626860494,-46.6002910282486,0.9835515749766395,0.0,0.025285715237259865,0.0,0.0
13.970000505447388,18.200000000000003,15.399999999999999,60.03932626860494,-49.916416607037824,0.9835515749766395,0.0,0.025285715237259865,0.0,0.0
13.98000979423523,19.800000000000004,14.400000000000002,86.74286382411817,-52.35987755982988,0.8762267589407067,0.0,0.034550298005342484,0.0,0.0
13.990000486373901,21.900000000000002,13.399999999999999,112.05013797803596,-53.40707511102649,0.8762267589407067,0.0,0.034550298005342484,0.0,0.0
14.000000476837158,27.5,12.5,160.57029118347833,-50.09094953223726,0.8762267589407067,0.0,0.034550298005342484,0.0,0.0
14.010000467300415,27.5,11.8,160.57029118347833,-42.236967898262776,0.8762267589407067,0.0,0.034550298005342484,0.0,0.0
14.02000093460083,33.9,11.3,175.05652397503124,-28.797932657906436,0.8762267589407067,0.0,0.034550298005342484,0.0,0.0
14.030000686645508,33.9,11.200000000000003,175.05652397503124,-8.028514559173916,0.23746263644665305,1.131836103412759,0.05073799192905426,0.072612464427948,0.0
14.040000677108765,36.9,11.200000000000003,167.72614111665507,-1.3962634015954636,0.23746263644665305,1.131836103412759,0.05073799192905426,0.072612464427948,0.0
14.050000667572021,39.70000000000001,11.200000000000003,154.46163880149817,-1.9198621771937625,0.23746263644665305,1.131836103412759,0.05073799192905426,0.072612464427948,0.0
14.060000896453857,42.1,10.9,135.96114873035827,-12.915436464758038,0.23746263644665305,1.131836103412759,0.05073799192905426,0.072612464427948,0.0
14.070000648498535,44.10000000000001,10.299999999999999,111.35200627723823,-33.85938748868999,0.0,1.3760389456974176,0.0,0.05568726733326912,0.0
14.080000638961792,46.400000000000006,8.899999999999999,51.48721293383272,-67.02064327658225,0.0,1.3760389456974176,0.0,0.05568726733326912,0.0
14.090000629425049,46.400000000000006,7.200000000000001,51.48721293383272,-90.23352232810684,0.02384995911909616,1.3770759004417261,0.4675217270851135,0.061903614550828934,0.0
14.100000619888306,46.7,5.300000000000001,24.26007660272118,-102.97442586766545,0.02384995911909616,1.3770759004417261,0.4675217270851135,0.061903614550828934,0.0
14.110000610351562,46.800000000000004,3.3000000000000007,5.759586531581287,-107.33774899765126,0.02384995911909616,1.3770759004417261,0.4675217270851135,0.061903614550828934,0.0
14.12000060081482,46.800000000000004,1.2000000000000002,0.8726646259971648,-113.62093430483085,0.0,1.1842023180003398,0.0,0.0738721564412117,0.0
14.130000591278076,46.800000000000004,-0.7000000000000002,-0.3490658503988659,-115.88986233242348,0.0,1.1842023180003398,0.0,0.0738721564412117,0.0
14.140000581741333,46.7,-2.9000000000000004,-4.014257279586958,-116.23892818282235,0.0,1.1842023180003398,0.0,0.0738721564412117,0.0
14.15000033378601,46.400000000000006,-4.9,-13.264502315156905,-111.87560505283652,0.0,0.9420733852042983,0.0,0.08183103799819946,0.0
14.160000562667847,45.800000000000004,-6.699999999999999,-33.335788713091695,-101.22909661567111,0.0,0.9420733852042983,0.0,0.08183103799819946,0.0
14.170000791549683,44.900000000000006,-8.3,-48.69468613064179,-87.79006137531478,0.0,0.9420733852042983,0.0,0.08183103799819946,0.0
14.18000054359436,43.6,-9.5,-65.79891280018623,-71.90756518216638,0.0,0.9420733852042983,0.0,0.08183103799819946,0.0
14.190000534057617,42.2,-10.4,-78.3652834145454,-53.05800926062762,0.0,0.7543845764844546,0.0,0.07154983282089233,0.0
14.200000524520874,40.400000000000006,-11.200000000000003,-93.02604913129777,-41.538836197465045,0.005703251093696907,0.7460889385299864,0.8889999985694885,0.0922369733452797,0.0
14.21000051498413,38.50000000000001,-11.700000000000001,-101.40362954087054,-31.066860685499066,0.005703251093696907,0.7460889385299864,0.8889999985694885,0.0922369733452797,0.0
14.220000505447388,36.6,-12.0,-107.5122819228507,-19.373154697137057,0.005703251093696907,0.7460889385299864,0.8889999985694885,0.0922369733452797,0.0
14.230000257492065,34.60000000000001,-12.300000000000002,-107.16321607245183,-17.62782544514273,0.0,0.7212020246665817,0.0,0.09734076261520386,0.0
14.240000486373901,32.8,-12.8,-99.65830028887622,-26.703537555513243,0.0,0.7212020246665817,0.0,0.09734076261520386,0.0
14.250000476837158,31.200000000000003,-13.5,-90.40805525330627,-33.16125578789226,0.0,0.7212020246665817,0.0,0.09734076261520386,0.0
14.260000705718994,29.900000000000006,-14.0,-73.12929565856241,-26.703537555513243,0.0,0.7761606261149337,0.0,0.13438010215759277,0.0
14.270000457763672,29.1,-14.400000000000002,-48.52015320544236,-23.03834612632515,0.0,0.7761606261149337,0.0,0.13438010215759277,0.0
14.280000925064087,28.800000000000004,-14.800000000000002,-21.118483949131388,-21.642082724729686,0.0,0.7761606261149337,0.0,0.13438010215759277,0.0
14.290000677108765,28.900000000000002,-14.999999999999998,5.410520681182422,-13.788101090755204,0.0,0.7673465107883112,0.0,0.17262162268161774,0.0
14.300000667572021,29.400000000000002,-14.999999999999998,21.29301687433082,-2.443460952792061,0.0,0.7673465107883112,0.0,0.17262162268161774,0.0
14.3100004196167,29.999999999999996,-14.999999999999998,32.81218993749339,-0.8726646259971648,0.0,0.7186096378058103,0.0,0.18632467091083527,0.0
14.320000648498535,30.799999999999997,-14.999999999999998,42.236967898262776,0.8726646259971648,0.0,0.7186096378058103,0.0,0.18632467091083527,0.0
14.330000638961792,31.6,-14.999999999999998,41.88790204786391,-0.17453292519943295,0.0,0.7186096378058103,0.0,0.18632467091083527,0.0
14.340000629425049,32.1,-14.999999999999998,28.44886680750757,1.3962634015954636,0.12806391092210329,0.6444673735877505,0.35458704829216003,0.22958406805992126,0.0
14.350000619888306,32.400000000000006,-14.900000000000002,17.10422666954443,3.3161255787892263,0.12806391092210329,0.6444673735877505,0.35458704829216003,0.22958406805992126,0.0
14.360000610351562,32.5,-14.900000000000002,8.552113334772216,1.3962634015954636,0.12806391092210329,0.6444673735877505,0.35458704829216003,0.22958406805992126,0.0
14.37000060081482,32.7,-14.900000000000002,11.693705988362009,0.17453292519943295,1.015697172050204,0.5407718991568977,0.3038034737110138,0.2308465987443924,0.0
14.380000591278076,33.300000000000004,-14.900000000000002,30.194196059501902,1.5707963267948966,1.015697172050204,0.5407718991568977,0.3038034737110138,0.2308465987443924,0.0
14.390000343322754,34.300000000000004,-14.800000000000002,52.53441048502932,3.141592653589793,1.015697172050204,0.5407718991568977,0.3038034737110138,0.2308465987443924,0.0
14.40000057220459,35.4,-14.600000000000001,59.51572749300664,8.901179185171081,1.3195249121326027,0.4054493050246347,0.31689783930778503,0.22404347360134125,0.0
14.410000801086426,36.400000000000006,-14.300000000000002,55.850536063818545,18.151424220741028,1.3195249121326027,0.4054493050246347,0.31689783930778503,0.22404347360134125,0.0
14.420000553131104,37.2,-13.600000000000001,40.31710572106901,34.55751918948773,1.3195249121326027,0.4054493050246347,0.31689783930778503,0.22404347360134125,0.0
14.43000078201294,37.400000000000006,-12.700000000000001,14.486232791552935,45.72762640225143,1.3195249121326027,0.4054493050246347,0.31689783930778503,0.22404347360134125,0.0
14.440000534057617,37.300000000000004,-12.0,-1.9198621771937625,38.571776469074685,1.4621061894750254,0.25094304812266394,0.3477233946323395,0.2349669486284256,0.0
14.450000762939453,37.0,-11.4,-12.39183768915974,34.90658503988659,1.4621061894750254,0.25094304812266394,0.3477233946323395,0.2349669486284256,0.0
14.46000051498413,36.6,-10.8,-20.420352248333657,30.7177948351002,1.4621061894750254,0.25094304812266394,0.3477233946323395,0.2349669486284256,0.0
14.470000505447388,36.2,-10.4,-23.56194490192345,23.387411976724017,1.5035843792473667,0.13324868464364595,0.34996551275253296,0.2347354143857956,0.0
14.480000495910645,35.70000000000001,-9.900000000000002,-24.958208303518912,27.401669256310974,1.5035843792473667,0.13324868464364595,0.34996551275253296,0.2347354143857956,0.0
14.490000247955322,35.300000000000004,-9.200000000000003,-24.26007660272118,38.92084231947355,1.5035843792473667,0.13324868464364595,0.34996551275253296,0.2347354143857956,0.0
14.500000238418579,34.9,-8.4,-22.165681500327985,41.713369122664474,1.386926970512657,0.036293416050798506,0.33931776881217957,0.05471428483724594,0.0
14.510000705718994,34.49999999999999,-7.600000000000001,-17.802358370342162,44.15683007545654,1.386926970512657,0.036293416050798506,0.33931776881217957,0.05471428483724594,0.0
14.52000093460083,34.300000000000004,-6.9,-11.519173063162574,40.49163864626845,1.386926970512657,0.036293416050798506,0.33931776881217957,0.05471428483724594,0.0
14.530000686645508,34.300000000000004,-6.500000000000001,-3.490658503988659,24.609142453120047,1.3470042128567787,0.0,0.3304164707660675,0.0,0.0
14.540000677108765,34.300000000000004,-6.2,-0.8726646259971648,14.660765716752369,1.3470042128567787,0.0,0.3304164707660675,0.0,0.0
14.550000667572021,34.2,-6.0,-5.235987755982989,10.64650843716541,1.3470042128567787,0.0,0.3304164707660675,0.0,0.0
14.560001134872437,33.9,-5.7,-13.08996938995747,15.707963267948966,1.2111631413523616,0.0,0.3146849274635315,0.0,0.0
14.570000648498535,33.6,-5.4,-18.675022996339326,19.54768762233649,1.2111631413523616,0.0,0.3146849274635315,0.0,0.0
14.580000638961792,33.1,-5.1000000000000005,-24.609142453120047,16.58062789394613,1.2111631413523616,0.0,0.3146849274635315,0.0,0.0
14.590000629425049,32.5,-4.9,-31.2413936106985,9.250245035569947,1.0815437983137954,0.0,0.29379385709762573,0.0,0.0
14.600000619888306,31.9,-4.800000000000001,-34.55751918948773,7.3303828583761845,1.0815437983137954,0.0,0.29379385709762573,0.0,0.0
14.610000610351562,31.200000000000003,-4.600000000000001,-35.604716740684324,10.471975511965978,1.0815437983137954,0.0,0.29379385709762573,0.0,0.0
14.62000060081482,30.600000000000005,-4.2,-32.46312408709453,19.198621771937624,1.0815437983137954,0.0,0.29379385709762573,0.0,0.0
14.630000591278076,30.1,-3.7000000000000006,-27.576202181510407,29.49606435870417,0.9980689413969589,0.0,0.2697792053222656,0.0,0.0
14.640000581741333,29.800000000000004,-2.9000000000000004,-20.59488517353309,36.65191429188092,0.9980689413969589,0.0,0.2697792053222656,0.0,0.0
14.650000810623169,29.500000000000004,-2.2,-17.976891295541595,41.36430327226561,0.9208158129459735,0.0,0.24890990555286407,0.0,0.0
14.660000562667847,29.200000000000003,-1.1,-16.58062789394613,54.62880558742251,0.9208158129459735,0.0,0.24890990555286407,0.0,0.0
14.670000791549683,28.900000000000002,-0.1,-16.406094968746697,60.21385919380437,0.9208158129459735,0.0,0.24890990555286407,0.0,0.0
14.680000305175781,28.600000000000005,1.1,-16.231562043547264,65.1007810993885,0.8860778290116378,0.0,0.2256881147623062,0.0,0.0
14.690000534057617,28.200000000000006,2.3000000000000007,-17.62782544514273,67.36970912698112,0.8860778290116378,0.0,0.2256881147623062,0.0,0.0
14.700000524520874,27.9,3.5,-17.62782544514273,67.89330790257942,0.8860778290116378,0.0,0.2256881147623062,0.0,0.0
14.71000051498413,27.6,4.800000000000001,-18.675022996339326,69.11503837897546,0.8860778290116378,0.0,0.2256881147623062,0.0,0.0
14.720000505447388,27.200000000000003,6.1000000000000005,-21.81661564992912,72.78022980816354,0.9057799691534998,0.0,0.19661304354667664,0.0,0.0
14.730000495910645,26.700000000000003,7.400000000000001,-24.434609527920614,72.78022980816354,0.9057799691534998,0.0,0.19661304354667664,0.0,0.0
14.740000486373901,26.300000000000004,8.8,-23.911010752322316,73.82742735936014,0.9057799691534998,0.0,0.19661304354667664,0.0,0.0
14.750000476837158,25.900000000000002,10.100000000000001,-21.467549799530254,74.7000919853573,0.9260005866675161,0.0,0.1799294501543045,0.0,0.0
14.760000467300415,25.6,11.5,-18.32595714594046,74.7000919853573,0.9260005866675161,0.0,0.1799294501543045,0.0,0.0
14.77000093460083,25.300000000000004,12.8,-14.660765716752369,72.78022980816354,0.9260005866675161,0.0,0.1799294501543045,0.0,0.0
14.780001163482666,25.1,14.100000000000003,-11.344640137963141,71.90756518216638,0.9260005866675161,0.0,0.1799294501543045,0.0,0.0
14.790000677108765,24.900000000000006,15.399999999999999,-10.64650843716541,68.76597252857658,0.976811369138634,0.0,0.15099574625492096,0.0,0.0
14.8000009059906,24.700000000000003,16.5,-11.693705988362009,61.61012259539983,0.976811369138634,0.0,0.15099574625492096,0.0,0.0
14.810000658035278,24.400000000000002,17.5,-13.264502315156905,57.77039824101231,1.0369547443085287,0.0,0.13019999861717224,0.0,0.0
14.820000410079956,24.200000000000003,18.400000000000006,-15.882496193148398,47.1238898038469,1.0369547443085287,0.0,0.13019999861717224,0.0,0.0
14.830000638961792,23.700000000000003,19.1,-21.991148575128552,43.28416544945937,1.0369547443085287,0.0,0.13019999861717224,0.0,0.0
14.840000629425049,23.200000000000003,19.700000000000003,-29.670597283903604,34.55751918948773,1.0369547443085287,0.0,0.13019999861717224,0.0,0.0
14.850000619888306,22.5,20.200000000000003,-34.90658503988659,27.22713633111154,1.07117425087071,0.0,0.1048760861158371,0.0,0.0
14.860000610351562,21.900000000000002,20.700000000000003,-35.604716740684324,26.00540585471551,1.07117425087071,0.0,0.1048760861158371,0.0,0.0
14.870000839233398,21.200000000000003,21.200000000000003,-34.90658503988659,27.22713633111154,1.0488797238680767,0.0,0.0806955024600029,0.0,0.0
14.880000591278076,20.700000000000003,21.500000000000004,-31.2413936106985,16.231562043547264,1.0488797238680767,0.0,0.0806955024600029,0.0,0.0
14.890000343322754,20.200000000000003,21.6,-26.354471705114378,6.283185307179586,1.0488797238680767,0.0,0.0806955024600029,0.0,0.0
14.90000057220459,19.5,21.500000000000004,-18.500490071139893,0.17453292519943295,1.0488797238680767,0.0,0.0806955024600029,0.0,0.0
14.910000801086426,19.5,21.500000000000004,-18.500490071139893,0.17453292519943295,1.0390286537971458,0.0,0.05387025699019432,0.0,0.0
14.920000314712524,19.200000000000003,21.500000000000004,-17.10422666954443,-0.8726646259971648,1.0390286537971458,0.0,0.05387025699019432,0.0,0.0
14.93000078201294,18.900000000000002,21.500000000000004,-17.10422666954443,-0.0,1.0390286537971458,0.0,0.05387025699019432,0.0,0.0
14.940000534057617,18.3,21.500000000000004,-17.278759594743864,-2.443460952792061,1.0390286537971458,0.0,0.05387025699019432,0.0,0.0
14.950000762939453,18.3,21.300000000000004,-17.278759594743864,-7.155849933176751,1.0224373778882092,0.0,0.036667343229055405,0.0,0.0
14.96000051498413,18.0,21.200000000000003,-15.707963267948966,-8.377580409572781,1.0224373778882092,0.0,0.036667343229055405,0.0,0.0
14.970000505447388,17.799999999999997,21.0,-11.868238913561441,-7.853981633974483,1.0224373778882092,0.0,0.036667343229055405,0.0,0.0
14.980000495910645,17.7,20.900000000000006,-5.934119456780721,-9.773843811168245,0.959183138485389,0.0,0.014621620066463947,0.0,0.0
14.990000486373901,17.7,20.599999999999998,0.8726646259971648,-13.08996938995747,0.959183138485389,0.0,0.014621620066463947,0.0,0.0
15.000000476837158,17.799999999999997,20.200000000000003,3.490658503988659,-19.54768762233649,0.959183138485389,0.0,0.014621620066463947,0.0,0.0
15.010000705718994,17.799999999999997,19.700000000000003,3.490658503988659,-29.845130209103036,0.9057799691534998,0.0,0.010236403904855251,0.0,0.0
15.02000093460083,18.1,18.8,12.566370614359172,-43.109632524259936,0.9057799691534998,0.0,0.010236403904855251,0.0,0.0
15.030000686645508,18.5,18.1,21.642082724729686,-44.15683007545654,0.8425257297506795,0.0,0.013676921837031841,0.0,0.0
15.040000915527344,19.200000000000003,17.2,38.571776469074685,-46.949356878647464,0.8425257297506795,0.0,0.013676921837031841,0.0,0.0
15.0500009059906,20.3,16.4,57.94493116621174,-42.58603374866164,0.8425257297506795,0.0,0.013676921837031841,0.0,0.0
15.060000896453857,21.900000000000002,15.8,80.11061266653972,-36.65191429188092,0.806232313699881,0.03370102919002718,0.006684885825961828,0.02746153622865677,0.0
15.070000886917114,23.700000000000003,15.100000000000001,101.40362954087054,-36.65191429188092,0.806232313699881,0.03370102919002718,0.006684885825961828,0.02746153622865677,0.0
15.080000638961792,26.1,14.600000000000001,124.965574442794,-29.49606435870417,0.806232313699881,0.03370102919002718,0.006684885825961828,0.02746153622865677,0.0
15.090000629425049,28.800000000000004,14.200000000000001,145.0368608407288,-20.07128639793479,0.806232313699881,0.03370102919002718,0.006684885825961828,0.02746153622865677,0.0
15.100000619888306,34.9,14.0,174.00932642383466,-15.707963267948966,0.806232313699881,0.03370102919002718,0.006684885825961828,0.02746153622865677,0.0
15.110000610351562,34.9,13.8,174.00932642383466,-8.377580409572781,0.5127741210605674,0.9539983647638464,0.004065721295773983,0.045347828418016434,0.0
15.12000036239624,38.300000000000004,13.700000000000003,178.37264955382048,-9.250245035569947,0.20065074302370028,1.0639155676605505,0.0019560738001018763,0.04121442511677742,0.0
15.130000591278076,41.30000000000001,13.5,168.77333866785168,-10.471975511965978,0.20065074302370028,1.0639155676605505,0.0019560738001018763,0.04121442511677742,0.0
15.140000581741333,45.800000000000004,13.100000000000001,112.39920382843482,-17.802358370342162,0.20065074302370028,1.0639155676605505,0.0019560738001018763,0.04121442511677742,0.0
15.150000810623169,45.800000000000004,12.700000000000001,112.39920382843482,-24.434609527920614,0.20065074302370028,1.0639155676605505,0.0019560738001018763,0.04121442511677742,0.0
15.160000324249268,47.2,11.900000000000002,77.3180858633488,-40.840704496667314,0.010369547443085287,1.3444118259960074,0.4309999942779541,0.047675665467977524,0.0
15.170000791549683,47.900000000000006,10.8,46.25122517784973,-56.89773361501514,0.010369547443085287,1.3444118259960074,0.4309999942779541,0.047675665467977524,0.0
15.18000054359436,48.300000000000004,9.5,23.387411976724017,-68.41690667817772,0.010369547443085287,1.3444118259960074,0.4309999942779541,0.047675665467977524,0.0
15.190000772476196,48.400000000000006,8.2,10.995574287564276,-72.08209810736581,0.0,1.249530466891777,0.0,0.0560622438788414,0.0
15.200000524520874,48.5,6.699999999999999,6.981317007977318,-79.06341511534313,0.0,1.249530466891777,0.0,0.0560622438788414,0.0
15.21000051498413,48.6,5.2,1.5707963267948966,-81.50687606813518,0.0,1.249530466891777,0.0,0.0560622438788414,0.0
15.220000267028809,48.5,3.7000000000000006,-1.7453292519943295,-82.03047484373349,0.0,1.0229558552603635,0.0,0.06224176660180092,0.0
15.230000495910645,48.5,2.3000000000000007,-1.7453292519943295,-79.23794804054256,0.0,1.0229558552603635,0.0,0.06224176660180092,0.0
15.240000247955322,48.2,0.9000000000000001,-13.08996938995747,-75.57275661135446,0.0,1.0229558552603635,0.0,0.06224176660180092,0.0
15.250000476837158,47.60000000000001,-0.2,-31.41592653589793,-71.20943348136865,0.0,0.8513398450773021,0.0,0.060086481273174286,0.0
15.260000705718994,46.6,-1.4000000000000004,-51.312680008633286,-62.30825429619757,0.0,0.8513398450773021,0.0,0.060086481273174286,0.0
15.27000093460083,45.300000000000004,-2.4000000000000004,-69.63863715457374,-55.850536063818545,0.0,0.8513398450773021,0.0,0.060086481273174286,0.0
15.280000925064087,41.7,-3.1,-102.79989294246602,-44.33136300065597,0.0,0.8031214494669554,0.0,0.05819173902273178,0.0
15.290000677108765,41.7,-3.8000000000000007,-102.79989294246602,-39.269908169872416,0.0,0.8031214494669554,0.0,0.05819173902273178,0.0
15.3000009059906,39.60000000000001,-4.3,-116.23892818282235,-27.75073510670984,0.0,0.8031214494669554,0.0,0.05819173902273178,0.0
15.310000658035278,37.300000000000004,-4.7,-125.31464029319287,-20.769418098732523,0.0,0.8435626844949881,0.0,0.08407928794622421,0.0
15.320000886917114,34.9,-5.2,-130.201562198777,-26.878070480712676,0.0,0.8435626844949881,0.0,0.08407928794622421,0.0
15.330000638961792,32.6,-5.800000000000001,-129.1543646475804,-33.510321638291124,0.0,0.8435626844949881,0.0,0.08407928794622421,0.0
15.340000629425049,30.3,-6.4,-125.4891732183923,-31.066860685499066,0.0,0.8435626844949881,0.0,0.08407928794622421,0.0
15.350000619888306,28.200000000000006,-7.0,-115.54079648202462,-33.85938748868999,0.0,0.9104462655028882,0.0,0.09687699377536774,0.0
15.360000610351562,26.6,-7.699999999999999,-90.40805525330627,-37.873644768276954,0.0,0.9104462655028882,0.0,0.09687699377536774,0.0
15.37000060081482,25.700000000000006,-8.2,-56.37413483941685,-30.368728984701335,0.0,0.9104462655028882,0.0,0.09687699377536774,0.0
15.380000591278076,25.400000000000002,-8.700000000000001,-16.929693744344995,-23.911010752322316,0.0,0.9047430144091912,0.0,0.10951002687215805,0.0
15.390000343322754,25.8,-9.100000000000001,14.486232791552935,-24.958208303518912,0.0,0.9047430144091912,0.0,0.10951002687215805,0.0
15.40000057220459,26.6,-9.4,37.52457891787809,-16.755160819145562,0.0,0.9047430144091912,0.0,0.10951002687215805,0.0
15.410000324249268,27.6,-9.4,52.35987755982988,-3.839724354387525,0.11458349924609242,0.8347485691683656,0.33153393864631653,0.14702484011650085,0.0
15.420000791549683,28.700000000000003,-9.3,58.46852994181004,3.839724354387525,0.11458349924609242,0.8347485691683656,0.33153393864631653,0.14702484011650085,0.0
15.43000078201294,29.600000000000005,-9.3,53.75614096142535,0.5235987755982988,0.11458349924609242,0.8347485691683656,0.33153393864631653,0.14702484011650085,0.0
15.440000534057617,30.400000000000006,-9.200000000000003,42.06243497306334,5.061454830783556,0.5366240801796636,0.6724651516840808,0.2652318775653839,0.1731434166431427,0.0
15.450000762939453,30.900000000000006,-9.100000000000001,33.335788713091695,8.552113334772216,0.5366240801796636,0.6724651516840808,0.2652318775653839,0.1731434166431427,0.0
15.46000051498413,31.400000000000002,-9.0,22.340214425527417,4.363323129985824,0.5366240801796636,0.6724651516840808,0.2652318775653839,0.1731434166431427,0.0
15.470000505447388,31.6,-9.0,16.05702911834783,-1.7453292519943295,1.0068830567235814,0.45988942910083247,0.2809670567512512,0.15271364152431488,0.0
15.480000257492065,31.700000000000006,-9.0,-1.2217304763960306,-0.5235987755982988,1.0068830567235814,0.45988942910083247,0.2809670567512512,0.15271364152431488,0.0
15.490000486373901,31.700000000000006,-9.0,-1.2217304763960306,-0.3490658503988659,1.0068830567235814,0.45988942910083247,0.2809670567512512,0.15271364152431488,0.0
15.500000238418579,31.5,-9.0,-11.519173063162574,0.6981317007977318,1.1665740873470947,0.3240483575964152,0.26179999113082886,0.17339999973773956,0.0
15.510000467300415,31.0,-9.0,-21.991148575128552,-0.17453292519943295,1.1665740873470947,0.3240483575964152,0.26179999113082886,0.17339999973773956,0.0
15.52000093460083,30.400000000000006,-9.0,-32.637657012293964,-0.3490658503988659,1.1665740873470947,0.3240483575964152,0.26179999113082886,0.17339999973773956,0.0
15.530000686645508,29.700000000000006,-9.0,-36.82644721708035,-0.5235987755982988,1.3594476697884812,0.20842790360601426,0.26687946915626526,0.17766666412353516,0.0
15.540001153945923,29.0,-9.0,-37.35004599267865,-0.0,1.3594476697884812,0.20842790360601426,0.26687946915626526,0.17766666412353516,0.0
15.550000667572021,28.400000000000002,-9.100000000000001,-32.98672286269283,-0.0,1.3594476697884812,0.20842790360601426,0.26687946915626526,0.17766666412353516,0.0
15.560000896453857,28.0,-9.0,-23.911010752322316,0.5235987755982988,1.4159617033532959,0.10680633866377845,0.27677005529403687,0.1673106849193573,0.0
15.570000648498535,27.700000000000003,-9.0,-16.755160819145562,1.2217304763960306,1.4159617033532959,0.10680633866377845,0.27677005529403687,0.1673106849193573,0.0
15.580000638961792,27.5,-8.899999999999999,-15.533430342749533,8.377580409572781,1.4159617033532959,0.10680633866377845,0.27677005529403687,0.1673106849193573,0.0
15.590000629425049,27.100000000000005,-8.5,-20.420352248333657,19.54768762233649,1.4159617033532959,0.10680633866377845,0.27677005529403687,0.1673106849193573,0.0
15.600000858306885,26.700000000000003,-7.800000000000001,-22.340214425527417,34.90658503988659,1.2313837588663779,0.0,0.2796526253223419,0.0,0.0
15.610000610351562,26.300000000000004,-7.0,-22.340214425527417,44.33136300065597,1.2313837588663779,0.0,0.2796526253223419,0.0,0.0
15.62000036239624,25.900000000000002,-6.300000000000001,-17.802358370342162,35.25565089028546,1.2313837588663779,0.0,0.2796526253223419,0.0,0.0
15.630001068115234,25.700000000000006,-5.800000000000001,-13.264502315156905,28.274333882308138,1.1064307121772001,0.0,0.277940958738327,0.0,0.0
15.640000581741333,25.5,-5.4,-12.915436464758038,22.165681500327985,1.1064307121772001,0.0,0.277940958738327,0.0,0.0
15.650000810623169,25.200000000000003,-5.2,-13.61356816555577,11.693705988362009,1.1064307121772001,0.0,0.277940958738327,0.0,0.0
15.660000562667847,25.0,-5.1000000000000005,-13.61356816555577,6.632251157578453,1.0162156494223582,0.0,0.2624693810939789,0.0,0.0
15.670000791549683,24.700000000000003,-5.1000000000000005,-15.707963267948966,4.537856055185257,1.0162156494223582,0.0,0.2624693810939789,0.0,0.0
15.680000305175781,24.400000000000002,-4.800000000000001,-15.882496193148398,12.915436464758038,1.0162156494223582,0.0,0.2624693810939789,0.0,0.0
15.690000772476196,24.1,-4.3,-15.009831567151235,24.78367537831948,0.9602200932296976,0.0,0.2453714907169342,0.0,0.0
15.700000524520874,23.800000000000004,-3.6000000000000005,-17.453292519943297,40.49163864626845,0.9602200932296976,0.0,0.2453714907169342,0.0,0.0
15.710000276565552,23.400000000000002,-2.7,-21.642082724729686,43.63323129985824,0.9602200932296976,0.0,0.2453714907169342,0.0,0.0
15.720000267028809,23.0,-1.9000000000000004,-19.02408884673819,45.378560551852566,0.9602200932296976,0.0,0.2453714907169342,0.0,0.0
15.730000257492065,22.8,-1.1,-15.533430342749533,44.15683007545654,0.9602200932296976,0.0,0.2453714907169342,0.0,0.0
15.740000486373901,22.6,-0.4,-11.519173063162574,39.79350694547071,0.9104462655028882,0.0,0.2129179984331131,0.0,0.0
15.750000476837158,22.400000000000006,0.30000000000000004,-8.203047484373348,42.76056667386107,0.9104462655028882,0.0,0.2129179984331131,0.0,0.0
15.760000705718994,22.3,1.1,-4.1887902047863905,43.807764225057674,0.9104462655028882,0.0,0.2129179984331131,0.0,0.0
15.770000696182251,22.3,2.0,-1.0471975511965976,50.26548245743669,0.9104462655028882,0.0,0.2129179984331131,0.0,0.0
15.780000925064087,22.3,3.1,0.0,55.676003138619116,0.8985212859433401,0.0,0.20117542147636414,0.0,0.0
15.790000677108765,22.3,4.2,0.0,63.18091892219473,0.8985212859433401,0.0,0.20117542147636414,0.0,0.0
15.8000009059906,22.3,5.499999999999999,0.0,68.06784082777885,0.9291114509004417,0.0,0.16891071200370789,0.0,0.0
15.810000658035278,22.3,6.800000000000001,0.0,71.5584993317675,0.9291114509004417,0.0,0.16891071200370789,0.0,0.0
15.820000648498535,22.3,8.100000000000001,0.0,73.30382858376184,0.9291114509004417,0.0,0.16891071200370789,0.0,0.0
15.830000638961792,22.400000000000006,9.4,0.5235987755982988,69.63863715457374,0.9291114509004417,0.0,0.16891071200370789,0.0,0.0
15.840000629425049,22.400000000000006,10.600000000000001,0.5235987755982988,67.54424205218055,1.0286591063540604,0.0,0.1474677473306656,0.0,0.0
15.850000619888306,22.3,11.8,-0.5235987755982988,67.71877497737998,1.0286591063540604,0.0,0.1474677473306656,0.0,0.0
15.860000848770142,22.3,13.100000000000001,-0.17453292519943295,65.97344572538566,1.069100341382093,0.0,0.1285732239484787,0.0,0.0
15.87000060081482,22.3,14.300000000000002,-0.6981317007977318,66.49704450098396,1.069100341382093,0.0,0.1285732239484787,0.0,0.0
15.880000591278076,22.3,15.5,-0.6981317007977318,67.36970912698112,1.069100341382093,0.0,0.1285732239484787,0.0,0.0
15.890000581741333,22.200000000000003,16.6,-3.490658503988659,62.65732014659643,1.1053937574328916,0.0,0.10738649219274521,0.0,0.0
15.90000057220459,21.900000000000002,17.7,-14.660765716752369,58.293997016610604,1.1053937574328916,0.0,0.10738649219274521,0.0,0.0
15.910000801086426,21.400000000000002,18.5,-25.830872929516076,46.6002910282486,1.1053937574328916,0.0,0.10738649219274521,0.0,0.0
15.920000314712524,20.1,19.200000000000003,-39.09537524467298,39.269908169872416,1.1053937574328916,0.0,0.10738649219274521,0.0,0.0
15.93000078201294,20.1,19.6,-39.09537524467298,25.307274153917778,1.1323545807849134,0.0,0.08973260223865509,0.0,0.0
15.940000534057617,19.300000000000004,19.700000000000003,-42.236967898262776,4.537856055185257,1.1323545807849134,0.0,0.08973260223865509,0.0,0.0
15.950000524520874,17.6,19.6,-45.0294947014537,-0.17453292519943295,1.1323545807849134,0.0,0.08973260223865509,0.0,0.0
15.960000276565552,17.6,19.6,-45.0294947014537,-1.5707963267948966,1.11006005378228,0.0,0.07218542695045471,0.0,0.0
15.970000505447388,16.8,19.6,-45.378560551852566,-1.7453292519943295,1.11006005378228,0.0,0.07218542695045471,0.0,0.0
15.980000257492065,16.0,19.300000000000004,-42.76056667386107,-12.042771838760874,1.11006005378228,0.0,0.07218542695045471,0.0,0.0
15.990000486373901,15.300000000000002,19.0,-41.01523742186674,-17.278759594743864,1.0369547443085287,0.0,0.04939999803900719,0.0,0.0
16.000000476837158,14.600000000000001,18.700000000000003,-38.92084231947355,-13.61356816555577,1.0369547443085287,0.0,0.04939999803900719,0.0,0.0
16.010000705718994,14.0,18.6,-35.95378259108319,-6.632251157578453,1.0369547443085287,0.0,0.04939999803900719,0.0,0.0
16.020000457763672,13.399999999999999,18.5,-30.7177948351002,-7.504915783575617,1.0369547443085287,0.0,0.04939999803900719,0.0,0.0
16.030000925064087,13.000000000000002,18.200000000000003,-23.911010752322316,-15.184364492350667,1.0053276246071186,0.0,0.03371376916766167,0.0,0.0
16.040000915527344,12.4,16.8,-13.962634015954636,-43.807764225057674,1.0053276246071186,0.0,0.03371376916766167,0.0,0.0
16.05000066757202,12.4,16.8,-13.962634015954636,-43.807764225057674,0.9648863895790859,0.0,0.017210638150572777,0.0,0.0
16.06000065803528,12.300000000000002,15.899999999999999,-10.995574287564276,-46.25122517784973,0.931703837761213,0.0,0.007976070046424866,0.0,0.0
16.070000648498535,12.100000000000001,14.999999999999998,-6.283185307179586,-50.09094953223726,0.931703837761213,0.0,0.007976070046424866,0.0,0.0
16.080000638961792,12.100000000000001,14.100000000000003,-1.3962634015954636,-45.378560551852566,0.931703837761213,0.0,0.007976070046424866,0.0,0.0
16.09000062942505,12.100000000000001,13.3,0.17453292519943295,-44.680428851054835,0.931703837761213,0.0,0.007976070046424866,0.0,0.0
16.100000619888306,12.200000000000001,12.700000000000001,3.490658503988659,-37.52457891787809,0.9202973355738192,0.0,0.01646479032933712,0.0,0.0
16.110000610351562,12.5,12.100000000000001,13.962634015954636,-31.066860685499066,0.9202973355738192,0.0,0.01646479032933712,0.0,0.0
16.12000036239624,13.200000000000003,11.5,33.85938748868999,-31.2413936106985,0.9202973355738192,0.0,0.01646479032933712,0.0,0.0
16.130000591278076,14.200000000000001,11.100000000000001,57.94493116621174,-26.354471705114378,0.9078538786421169,0.0,0.025220446288585663,0.0,0.0
16.140000581741333,15.899999999999999,10.8,86.91739674931762,-15.009831567151235,0.9078538786421169,0.0,0.025220446288585663,0.0,0.0
16.15000081062317,18.1,10.700000000000001,116.93705988362008,-7.504915783575617,0.9078538786421169,0.0,0.025220446288585663,0.0,0.0
16.160000562667847,24.1,10.700000000000001,171.91493132144146,-3.839724354387525,0.9078538786421169,0.0,0.025220446288585663,0.0,0.0
16.170000791549683,24.1,10.700000000000001,171.91493132144146,-0.5235987755982988,0.731571572109667,0.058069465681277604,0.03743515536189079,0.032428573817014694,0.0
16.18000054359436,27.6,10.600000000000001,182.7359726838063,-0.6981317007977318,0.731571572109667,0.058069465681277604,0.03743515536189079,0.032428573817014694,0.0
16.190000772476196,30.799999999999997,10.600000000000001,180.4670446562137,-1.3962634015954636,0.731571572109667,0.058069465681277604,0.03743515536189079,0.032428573817014694,0.0
16.200000524520874,33.9,10.4,171.74039839624203,-9.948376736367678,0.731571572109667,0.058069465681277604,0.03743515536189079,0.032428573817014694,0.0
16.21000051498413,36.6,10.0,152.89084247470328,-18.84955592153876,0.08814115326622493,1.1442795603444613,0.10864706337451935,0.03206932544708252,0.0
16.220000505447388,38.800000000000004,9.5,124.26744274199626,-30.7177948351002,0.08814115326622493,1.1442795603444613,0.10864706337451935,0.03206932544708252,0.0
16.230000495910645,41.6,8.8,65.97344572538566,-35.08111796508602,0.08814115326622493,1.1442795603444613,0.10864706337451935,0.03206932544708252,0.0
16.2400004863739,41.6,7.800000000000001,65.97344572538566,-49.56735075663896,0.0,1.3568552829277098,0.0,0.027774933725595474,0.0
16.250000476837158,42.400000000000006,6.699999999999999,44.85496177625427,-59.8647933434055,0.0,1.3568552829277098,0.0,0.027774933725595474,0.0
16.260000705718994,42.90000000000001,4.2,32.637657012293964,-67.02064327658225,0.0,1.3568552829277098,0.0,0.027774933725595474,0.0
16.270000457763672,43.4,4.2,27.576202181510407,-67.02064327658225,0.0,1.3018966814793578,0.0,0.042262446135282516,0.0
16.280000925064087,43.900000000000006,3.0,28.44886680750757,-67.89330790257942,0.0,1.3018966814793578,0.0,0.042262446135282516,0.0
16.290000438690186,44.400000000000006,1.8000000000000003,25.656340004316643,-67.89330790257942,0.0,1.3018966814793578,0.0,0.042262446135282516,0.0
16.3000009059906,44.80000000000001,0.5,19.722220547535922,-66.84611035138282,0.0,1.3018966814793578,0.0,0.042262446135282516,0.0
16.31000065803528,44.900000000000006,-0.6000000000000001,9.948376736367678,-68.06784082777885,0.0,1.3018966814793578,0.0,0.042262446135282516,0.0
16.320000648498535,44.80000000000001,-1.8000000000000003,-2.443460952792061,-67.19517620178169,0.0,1.0685818640099387,0.0,0.055784087628126144,0.0
16.330000638961792,44.80000000000001,-3.0,-2.443460952792061,-67.36970912698112,0.0,1.0685818640099387,0.0,0.055784087628126144,0.0
16.34000062942505,44.7,-5.600000000000001,-7.67944870877505,-69.28957130417488,0.0,1.0685818640099387,0.0,0.055784087628126144,0.0
16.350000619888306,44.400000000000006,-5.600000000000001,-15.009831567151235,-69.28957130417488,0.0,0.966960299067703,0.0,0.06542359292507172,0.0
16.360000610351562,43.70000000000001,-6.699999999999999,-34.38298626428829,-61.4355896702004,0.0,0.966960299067703,0.0,0.06542359292507172,0.0
16.37000060081482,42.7,-7.699999999999999,-54.62880558742251,-55.850536063818545,0.0,0.966960299067703,0.0,0.06542359292507172,0.0
16.380000352859497,39.5,-8.5,-94.94591130849153,-45.72762640225143,0.0,0.9026691049205742,0.0,0.07688167691230774,0.0
16.390000343322754,39.5,-9.3,-94.94591130849153,-44.680428851054835,0.0,0.9026691049205742,0.0,0.07688167691230774,0.0
16.40000057220459,35.1,-10.100000000000001,-120.42771838760873,-42.06243497306334,0.0,0.9026691049205742,0.0,0.07688167691230774,0.0
16.410000324249268,35.1,-10.8,-120.42771838760873,-42.58603374866164,0.0,0.8337116144240571,0.0,0.10453233867883682,0.0
16.420000314712524,32.9,-11.8,-122.17304763960307,-48.69468613064179,0.0,0.8337116144240571,0.0,0.10453233867883682,0.0
16.43000078201294,30.799999999999997,-12.600000000000001,-117.80972450961724,-48.345620280242926,0.0,0.8337116144240571,0.0,0.10453233867883682,0.0
16.440000295639038,28.800000000000004,-13.600000000000001,-107.86134777324956,-51.66174585903215,0.0,0.7735682392541624,0.0,0.12386863678693771,0.0
16.450000762939453,27.200000000000003,-14.5,-88.13912722571364,-48.52015320544236,0.0,0.7735682392541624,0.0,0.12386863678693771,0.0
16.46000075340271,26.000000000000004,-15.399999999999999,-21.29301687433082,-51.13814708343386,0.0,0.7735682392541624,0.0,0.12386863678693771,0.0
16.470000505447388,26.000000000000004,-16.1,-21.29301687433082,-40.49163864626845,0.0,0.7829008319529391,0.0,0.14517219364643097,0.0
16.480000495910645,26.200000000000003,-16.699999999999996,8.377580409572781,-31.764992386296797,0.0,0.7829008319529391,0.0,0.14517219364643097,0.0
16.49000072479248,26.900000000000002,-17.1,31.066860685499066,-24.434609527920614,0.0,0.7829008319529391,0.0,0.14517219364643097,0.0
16.500000476837158,28.500000000000004,-17.2,45.378560551852566,-6.632251157578453,0.0,0.7829008319529391,0.0,0.14517219364643097,0.0
16.510000705718994,28.500000000000004,-17.1,45.378560551852566,1.0471975511965976,0.0,0.7953442888846415,0.0,0.17384225130081177,0.0
16.52000093460083,29.300000000000004,-17.1,42.236967898262776,1.0471975511965976,0.0,0.7953442888846415,0.0,0.17384225130081177,0.0
16.530000686645508,29.800000000000004,-17.1,30.194196059501902,-0.5235987755982988,0.0,0.7953442888846415,0.0,0.17384225130081177,0.0
16.540000677108765,29.900000000000006,-17.1,0.8726646259971648,0.3490658503988659,0.5231436685036527,0.7004629297804111,0.29752328991889954,0.1881280541419983,0.0
16.55003046989441,29.900000000000006,-17.1,0.8726646259971648,-0.5235987755982988,0.5231436685036527,0.7004629297804111,0.29752328991889954,0.1881280541419983,0.0
16.56019425392151,29.900000000000006,-17.1,1.0471975511965976,1.7453292519943295,0.5231436685036527,0.7004629297804111,0.29752328991889954,0.1881280541419983,0.0
16.570000648498535,30.1,-17.1,9.599310885968812,-0.0,1.2158294377017498,0.5241806232479612,0.3100661039352417,0.1919099986553192,0.0
16.580000638961792,30.400000000000006,-17.0,16.406094968746697,2.792526803190927,1.2158294377017498,0.5241806232479612,0.3100661039352417,0.1919099986553192,0.0
16.59000039100647,30.700000000000006,-16.8,14.137166941154069,9.948376736367678,1.2158294377017498,0.5241806232479612,0.3100661039352417,0.1919099986553192,0.0
16.600000619888306,30.700000000000006,-16.4,3.6651914291880923,20.07128639793479,1.6098722405389907,0.33234399555088345,0.30697101354599,0.2217644304037094,0.0
16.610000610351562,30.700000000000006,-15.899999999999999,0.0,30.01966313430247,1.6098722405389907,0.33234399555088345,0.30697101354599,0.2217644304037094,0.0
16.6200008392334,30.3,-15.100000000000001,-15.3588974175501,41.36430327226561,1.6098722405389907,0.33234399555088345,0.30697101354599,0.2217644304037094,0.0
16.630000352859497,30.3,-14.300000000000002,-15.3588974175501,39.79350694547071,1.4304790697736154,0.21672354156048249,0.32357773184776306,0.17320096492767334,0.0
16.640000343322754,29.900000000000006,-13.700000000000003,-22.340214425527417,36.82644721708035,1.4304790697736154,0.21672354156048249,0.32357773184776306,0.17320096492767334,0.0
16.65000081062317,29.400000000000002,-12.9,-27.05260340591211,42.06243497306334,1.4304790697736154,0.21672354156048249,0.32357773184776306,0.17320096492767334,0.0
16.660000562667847,28.800000000000004,-12.200000000000001,-31.764992386296797,39.09537524467298,1.3843345836518859,0.02747930072417601,0.3484756648540497,0.42420753836631775,0.0
16.670000791549683,28.200000000000006,-11.4,-32.81218993749339,42.411500823462205,1.3843345836518859,0.02747930072417601,0.3484756648540497,0.42420753836631775,0.0
16.68000054359436,27.6,-10.5,-28.274333882308138,47.82202150464463,1.3843345836518859,0.02747930072417601,0.3484756648540497,0.42420753836631775,0.0
16.690000772476196,27.200000000000003,-9.600000000000001,-25.48180707911721,49.56735075663896,1.222051166167601,0.0,0.3415243923664093,0.0,0.0
16.700000524520874,26.700000000000003,-8.700000000000001,-25.830872929516076,52.35987755982988,1.222051166167601,0.0,0.3415243923664093,0.0,0.0
16.71000027656555,26.000000000000004,-7.800000000000001,-16.406094968746697,47.29842272904633,1.222051166167601,0.0,0.3415243923664093,0.0,0.0
16.720000743865967,26.000000000000004,-7.1000000000000005,-16.406094968746697,41.713369122664474,1.222051166167601,0.0,0.3415243923664093,0.0,0.0
16.730000257492065,25.8,-6.600000000000001,-15.707963267948966,28.099800957108705,1.131836103412759,0.010369547443085287,0.3403971493244171,0.7110000252723694,0.0
16.7400004863739,25.6,-6.2,-10.995574287564276,23.56194490192345,1.131836103412759,0.010369547443085287,0.3403971493244171,0.7110000252723694,0.0
16.75000023841858,25.400000000000002,-5.7,-6.806784082777885,26.354471705114378,1.131836103412759,0.010369547443085287,0.3403971493244171,0.7110000252723694,0.0
16.760000705718994,25.300000000000004,-5.2,-6.632251157578453,25.48180707911721,1.0322884479591403,0.0,0.30919086933135986,0.0,0.0
16.77000069618225,25.300000000000004,-4.9,-6.632251157578453,17.278759594743864,1.0322884479591403,0.0,0.30919086933135986,0.0,0.0
16.780000925064087,25.0,-4.7,-10.297442586766545,13.08996938995747,1.0322884479591403,0.0,0.30919086933135986,0.0,0.0
16.790000677108765,25.0,-4.4,-10.297442586766545,16.58062789394613,0.951405977903075,0.013480411676010873,0.2965204417705536,0.42746153473854065,0.0
16.8000009059906,24.600000000000005,-3.8000000000000007,-16.58062789394613,30.368728984701335,0.951405977903075,0.013480411676010873,0.2965204417705536,0.42746153473854065,0.0
16.8100004196167,24.200000000000003,-3.0,-21.118483949131388,39.79350694547071,0.951405977903075,0.013480411676010873,0.2965204417705536,0.42746153473854065,0.0
16.820000410079956,23.3,-2.2,-27.925268031909273,43.807764225057674,0.951405977903075,0.013480411676010873,0.2965204417705536,0.42746153473854065,0.0
16.830000638961792,23.3,-1.3,-27.925268031909273,51.13814708343386,0.9363701341106014,0.0,0.2821339964866638,0.0,0.0
16.84000039100647,22.700000000000003,-0.5,-32.11405823669566,47.1238898038469,0.9363701341106014,0.0,0.2821339964866638,0.0,0.0
16.850000619888306,22.200000000000003,0.4,-28.623399732707004,50.96361415823442,0.9503690231587665,0.0,0.25833988189697266,0.0,0.0
16.860000371932983,21.7,1.3,-23.387411976724017,50.26548245743669,0.9503690231587665,0.0,0.25833988189697266,0.0,0.0
16.8700008392334,21.1,2.3000000000000007,-14.486232791552935,53.23254218582705,0.9674787764398572,0.0,0.23690997064113617,0.0,0.0
16.880000352859497,21.1,3.3000000000000007,-14.486232791552935,57.77039824101231,0.9674787764398572,0.0,0.23690997064113617,0.0,0.0
16.890000581741333,21.0,4.600000000000001,-6.283185307179586,66.67157742618339,0.9674787764398572,0.0,0.23690997064113617,0.0,0.0
16.90000033378601,21.1,7.400000000000001,1.5707963267948966,77.3180858633488,0.9659233443233944,0.0,0.223836287856102,0.0,0.0
16.910000801086426,21.1,7.400000000000001,-0.6981317007977318,77.3180858633488,0.9659233443233944,0.0,0.223836287856102,0.0,0.0
16.920000553131104,21.1,8.8,0.3490658503988659,76.7944870877505,0.9659233443233944,0.0,0.223836287856102,0.0,0.0
16.93000054359436,21.1,10.100000000000001,-0.6981317007977318,72.60569688296411,0.9659233443233944,0.0,0.223836287856102,0.0,0.0
16.940000772476196,21.1,11.200000000000003,0.17453292519943295,62.83185307179586,0.9659233443233944,0.0,0.223836287856102,0.0,0.0
16.950001001358032,21.0,12.9,-1.2217304763960306,41.538836197465045,0.9659233443233944,0.0,0.223836287856102,0.0,0.0
16.96000051498413,21.0,12.9,-1.0471975511965976,41.538836197465045,1.012067830445124,0.0,0.18777048587799072,0.0,0.0
16.97000026702881,20.900000000000006,13.600000000000001,-4.363323129985824,39.09537524467298,1.012067830445124,0.0,0.18777048587799072,0.0,0.0
16.980000495910645,20.3,14.200000000000001,-19.54768762233649,34.20845333908886,1.0556199297060822,0.0,0.17033594846725464,0.0,0.0
16.9900004863739,20.3,14.800000000000002,-19.54768762233649,33.510321638291124,1.0556199297060822,0.0,0.17033594846725464,0.0,0.0
17.000000476837158,19.800000000000004,16.1,-24.434609527920614,34.033920413889426,1.0556199297060822,0.0,0.17033594846725464,0.0,0.0
17.010000944137573,19.300000000000004,16.1,-27.576202181510407,34.033920413889426,1.045768859635151,0.0,0.14849430322647095,0.0,0.0
17.02000093460083,18.8,16.6,-28.623399732707004,27.05260340591211,1.045768859635151,0.0,0.14849430322647095,0.0,0.0
17.03000044822693,18.3,17.1,-27.576202181510407,26.878070480712676,1.045768859635151,0.0,0.14849430322647095,0.0,0.0
17.040000915527344,17.799999999999997,17.400000000000002,-26.878070480712676,20.420352248333657,1.047324291751614,0.0,0.12662376463413239,0.0,0.0
17.05000066757202,17.300000000000004,17.6,-26.354471705114378,10.297442586766545,1.047324291751614,0.0,0.12662376463413239,0.0,0.0
17.060000896453857,16.8,17.6,-27.05260340591211,-0.17453292519943295,1.047324291751614,0.0,0.12662376463413239,0.0,0.0
17.070000648498535,16.3,17.6,-27.925268031909273,1.0471975511965976,1.07480359247579,0.0,0.10366473346948624,0.0,0.0
17.080000638961792,15.700000000000001,17.6,-30.892327760299633,-1.0471975511965976,1.07480359247579,0.0,0.10366473346948624,0.0,0.0
17.090145111083984,15.100000000000001,17.6,-32.98672286269283,-0.0,1.07480359247579,0.0,0.10366473346948624,0.0,0.0
17.100000619888306,14.600000000000001,17.5,-29.845130209103036,-2.0943951023931953,1.0613231807997792,0.0,0.08235613256692886,0.0,0.0
17.110000610351562,14.100000000000003,17.400000000000002,-23.03834612632515,-4.886921905584122,1.0613231807997792,0.0,0.08235613256692886,0.0,0.0
17.12000060081482,13.700000000000003,17.400000000000002,-10.995574287564276,-3.6651914291880923,1.0613231807997792,0.0,0.08235613256692886,0.0,0.0
17.130000591278076,13.700000000000003,17.300000000000004,-10.995574287564276,-6.1086523819801535,0.9327407925055216,0.0,0.057426903396844864,0.0,0.0
17.140000343322754,13.700000000000003,17.0,1.5707963267948966,-14.660765716752369,0.9327407925055216,0.0,0.057426903396844864,0.0,0.0
17.15000081062317,13.8,16.6,1.7453292519943295,-19.02408884673819,0.9327407925055216,0.0,0.057426903396844864,0.0,0.0
17.160000562667847,13.900000000000002,16.1,6.632251157578453,-24.434609527920614,0.9327407925055216,0.0,0.057426903396844864,0.0,0.0
17.170000553131104,14.200000000000001,15.399999999999999,15.184364492350667,-38.92084231947355,0.9062984465256541,0.0,0.04552173614501953,0.0,0.0
17.18000030517578,14.600000000000001,14.600000000000001,20.769418098732523,-45.378560551852566,0.9062984465256541,0.0,0.04552173614501953,0.0,0.0
17.190000772476196,15.100000000000001,13.700000000000003,30.01966313430247,-47.82202150464463,0.9062984465256541,0.0,0.04552173614501953,0.0,0.0
17.200000286102295,15.899999999999999,12.700000000000001,41.01523742186674,-49.56735075663896,0.9062984465256541,0.0,0.04552173614501953,0.0,0.0
17.21000051498413,16.900000000000002,11.900000000000002,50.78908123303499,-46.6002910282486,0.8933365122217974,0.0,0.037926290184259415,0.0,0.0
17.220000743865967,18.200000000000003,10.999999999999998,67.89330790257942,-47.647488579445195,0.8933365122217974,0.0,0.037926290184259415,0.0,0.0
17.230000495910645,19.800000000000004,10.299999999999999,86.91739674931762,-41.538836197465045,0.8565246187988447,0.048736872982500845,0.028951572254300117,0.06419149041175842,0.0
17.240000247955322,21.7,9.600000000000001,104.71975511965977,-40.66617157146788,0.8565246187988447,0.048736872982500845,0.028951572254300117,0.06419149041175842,0.0
17.250000715255737,24.0,9.0,123.3947781159991,-33.510321638291124,0.8565246187988447,0.048736872982500845,0.028951572254300117,0.06419149041175842,0.0
17.260000467300415,26.700000000000003,8.5,141.54620233674012,-24.26007660272118,0.6330608714003567,0.7761606261149337,0.01299672294408083,0.023224450647830963,0.0
17.27000093460083,29.500000000000004,8.2,153.588974175501,-18.675022996339326,0.6330608714003567,0.7761606261149337,0.01299672294408083,0.023224450647830963,0.0
17.280001163482666,32.7,7.600000000000001,165.98081186466075,-29.670597283903604,0.6330608714003567,0.7761606261149337,0.01299672294408083,0.023224450647830963,0.0
17.290000677108765,38.7,7.1000000000000005,166.67894356545847,-33.16125578789226,0.16332037222859327,1.0722112056150186,0.007507937960326672,0.05103868618607521,0.0
17.3000009059906,38.7,6.4,166.67894356545847,-37.69911184307752,0.16332037222859327,1.0722112056150186,0.007507937960326672,0.05103868618607521,0.0
17.3100004196167,41.1,5.499999999999999,140.49900478554352,-47.647488579445195,0.16332037222859327,1.0722112056150186,0.007507937960326672,0.05103868618607521,0.0
17.320000648498535,43.70000000000001,3.9000000000000004,55.32693728822024,-43.982297150257104,0.16332037222859327,1.0722112056150186,0.007507937960326672,0.05103868618607521,0.0
17.330000638961792,43.70000000000001,3.9000000000000004,55.32693728822024,-43.982297150257104,0.0,1.2904901792919639,0.0,0.04760104417800903,0.0
17.34000039100647,43.900000000000006,3.1,16.929693744344995,-42.76056667386107,0.0,1.2904901792919639,0.0,0.04760104417800903,0.0
17.350000619888306,43.900000000000006,2.2,2.9670597283903604,-47.29842272904633,0.0,1.2744173807551817,0.0,0.04574369639158249,0.0
17.360000610351562,43.800000000000004,1.2000000000000002,-1.7453292519943295,-56.72320068981571,0.0,1.2744173807551817,0.0,0.04574369639158249,0.0
17.37000060081482,43.800000000000004,-0.0,-3.490658503988659,-64.5771823237902,0.0,1.2744173807551817,0.0,0.04574369639158249,0.0
17.380000591278076,43.70000000000001,-1.2000000000000002,-1.9198621771937625,-70.33676885537147,0.0,1.2744173807551817,0.0,0.04574369639158249,0.0
17.390000581741333,43.6,-2.6,-8.726646259971648,-75.74728953655391,0.0,0.9830330976044852,0.0,0.043489452451467514,0.0
17.40000033378601,43.00000000000001,-4.0,-27.75073510670984,-75.39822368615503,0.0,0.9830330976044852,0.0,0.043489452451467514,0.0
17.410000324249268,42.1,-5.2,-49.04375198104066,-68.06784082777885,0.0,0.9830330976044852,0.0,0.043489452451467514,0.0
17.420000553131104,40.70000000000001,-6.300000000000001,-70.86036763096978,-58.99212871740834,0.0,0.8674126436140842,0.0,0.05062941089272499,0.0
17.43000078201294,39.1,-7.1000000000000005,-88.31366015091308,-46.25122517784973,0.0,0.8674126436140842,0.0,0.05062941089272499,0.0
17.440000534057617,37.1,-7.699999999999999,-102.79989294246602,-35.95378259108319,0.0,0.8674126436140842,0.0,0.05062941089272499,0.0
17.450000762939453,35.2,-8.100000000000001,-108.5594794740473,-20.59488517353309,0.0,0.8072692684441896,0.0,0.05075594410300255,0.0
17.46000051498413,33.2,-8.100000000000001,-105.24335389525807,-6.632251157578453,0.0,0.8072692684441896,0.0,0.05075594410300255,0.0
17.470000505447388,31.5,-8.100000000000001,-96.69124056048585,-1.0471975511965976,0.0,0.8072692684441896,0.0,0.05075594410300255,0.0
17.480000495910645,28.400000000000002,-8.100000000000001,-82.20500776893292,-0.0,0.0,0.8497844129608393,0.0,0.06914521008729935,0.0
17.490000247955322,28.400000000000002,-8.100000000000001,-82.20500776893292,-0.0,0.0,0.8497844129608393,0.0,0.06914521008729935,0.0
17.500000476837158,27.100000000000005,-8.100000000000001,-72.43116395776468,-0.0,0.0,0.8497844129608393,0.0,0.06914521008729935,0.0
17.510000705718994,26.1,-8.100000000000001,-58.293997016610604,-0.0,0.0,0.8969658538268773,0.0,0.07747399061918259,0.0
17.52000093460083,25.5,-8.100000000000001,-35.95378259108319,-0.5235987755982988,0.0,0.8969658538268773,0.0,0.07747399061918259,0.0
17.530000686645508,25.300000000000004,-8.2,-12.740903539558605,-3.490658503988659,0.0,0.8969658538268773,0.0,0.07747399061918259,0.0
17.540000915527344,25.900000000000002,-8.4,18.500490071139893,-9.42477796076938,0.0,0.9145940844801222,0.0,0.091952383518219,0.0
17.55000066757202,25.900000000000002,-8.8,18.500490071139893,-19.02408884673819,0.0,0.9145940844801222,0.0,0.091952383518219,0.0
17.56000065803528,27.3,-9.3,44.33136300065597,-28.97246558310587,0.0,0.9145940844801222,0.0,0.091952383518219,0.0
17.570000410079956,27.3,-9.900000000000002,44.33136300065597,-28.623399732707004,0.0,0.9145940844801222,0.0,0.091952383518219,0.0
17.580000400543213,28.200000000000006,-10.200000000000001,47.472955654245766,-19.373154697137057,0.18094860288183826,0.8534137545659191,0.32739540934562683,0.12096355110406876,0.0
17.59000062942505,29.0,-10.4,44.33136300065597,-13.788101090755204,0.18094860288183826,0.8534137545659191,0.32739540934562683,0.12096355110406876,0.0
17.600000858306885,29.800000000000004,-10.600000000000001,43.63323129985824,-9.948376736367678,0.18094860288183826,0.8534137545659191,0.32739540934562683,0.12096355110406876,0.0
17.610000610351562,31.700000000000006,-10.8,54.27973973702365,-10.297442586766545,0.18094860288183826,0.8534137545659191,0.32739540934562683,0.12096355110406876,0.0
17.62000060081482,31.700000000000006,-10.9,54.27973973702365,-7.67944870877505,0.8399333428899082,0.6626140816131498,0.3220864236354828,0.16076526045799255,0.0
17.630000352859497,32.8,-10.999999999999998,59.16666164260777,-5.235987755982989,0.8399333428899082,0.6626140816131498,0.3220864236354828,0.16076526045799255,0.0
17.640000343322754,33.9,-11.100000000000001,58.46852994181004,-2.0943951023931953,1.0934687778733434,0.49047959405793407,0.3074921667575836,0.15708880126476288,0.0
17.65000081062317,34.7,-11.100000000000001,48.69468613064179,-0.6981317007977318,1.0934687778733434,0.49047959405793407,0.3074921667575836,0.15708880126476288,0.0
17.660000562667847,35.1,-10.999999999999998,21.118483949131388,3.6651914291880923,1.0934687778733434,0.49047959405793407,0.3074921667575836,0.15708880126476288,0.0
17.670000791549683,34.9,-10.8,-6.283185307179586,7.155849933176751,1.2547152406133197,0.3468613619712028,0.3025537133216858,0.17407922446727753,0.0
17.68000078201294,34.2,-10.600000000000001,-32.98672286269283,11.693705988362009,1.2547152406133197,0.3468613619712028,0.3025537133216858,0.17407922446727753,0.0
17.690000772476196,33.300000000000004,-10.299999999999999,-49.21828490624009,17.62782544514273,1.2547152406133197,0.3468613619712028,0.3025537133216858,0.17407922446727753,0.0
17.700000524520874,32.1,-9.700000000000001,-59.8647933434055,31.2413936106985,1.2547152406133197,0.3468613619712028,0.3025537133216858,0.17407922446727753,0.0
17.71000027656555,31.0,-8.899999999999999,-61.4355896702004,39.61897402027128,1.3309314143199966,0.21776049630479102,0.30247876048088074,0.17766666412353516,0.0
17.720000505447388,29.200000000000003,-8.3,-45.553093477052,34.20845333908886,1.3309314143199966,0.21776049630479102,0.30247876048088074,0.17766666412353516,0.0
17.730000495910645,28.400000000000002,-7.699999999999999,-43.63323129985824,33.68485456349056,1.3309314143199966,0.21776049630479102,0.30247876048088074,0.17766666412353516,0.0
17.7400004863739,28.400000000000002,-7.1000000000000005,-43.63323129985824,32.46312408709453,1.2272359398891437,0.11510197661824668,0.30733543634414673,0.1740630716085434,0.0
17.750000476837158,27.6,-6.699999999999999,-43.28416544945937,21.991148575128552,1.2272359398891437,0.11510197661824668,0.30733543634414673,0.1740630716085434,0.0
17.760001182556152,26.799999999999997,-6.4,-45.20402762665314,16.929693744344995,1.2272359398891437,0.11510197661824668,0.30733543634414673,0.1740630716085434,0.0
17.77000069618225,26.000000000000004,-6.1000000000000005,-46.25122517784973,17.62782544514273,1.133391535529222,0.0435520992609582,0.2950384318828583,0.14909523725509644,0.0
17.780000925064087,25.1,-5.800000000000001,-44.85496177625427,19.722220547535922,1.133391535529222,0.0435520992609582,0.2950384318828583,0.14909523725509644,0.0
17.790000677108765,24.400000000000002,-5.499999999999999,-40.66617157146788,16.755160819145562,1.009993920956507,0.0,0.2787330448627472,0.0,0.0
17.8000009059906,23.900000000000006,-5.300000000000001,-31.066860685499066,8.552113334772216,1.009993920956507,0.0,0.2787330448627472,0.0,0.0
17.8100004196167,23.400000000000002,-5.300000000000001,-25.132741228718345,0.6981317007977318,1.009993920956507,0.0,0.2787330448627472,0.0,0.0
17.820000410079956,23.099999999999998,-5.300000000000001,-19.373154697137057,2.0943951023931953,0.9394809983435269,0.0,0.2651589512825012,0.0,0.0
17.830000638961792,22.8,-5.300000000000001,-16.755160819145562,2.9670597283903604,0.9394809983435269,0.0,0.2651589512825012,0.0,0.0
17.840000867843628,22.5,-5.1000000000000005,-14.137166941154069,6.632251157578453,0.9394809983435269,0.0,0.2651589512825012,0.0,0.0
17.850000619888306,22.3,-5.0,-12.915436464758038,7.504915783575617,0.9394809983435269,0.0,0.2651589512825012,0.0,0.0
17.860000610351562,22.1,-4.800000000000001,-10.64650843716541,10.64650843716541,0.9322223151333673,0.0,0.23316018283367157,0.0,0.0
17.87000060081482,21.900000000000002,-4.4,-12.042771838760874,19.198621771937624,0.9322223151333673,0.0,0.23316018283367157,0.0,0.0
17.880000352859497,21.6,-3.7000000000000006,-15.533430342749533,36.12831551628262,0.9322223151333673,0.0,0.23316018283367157,0.0,0.0
17.890000581741333,21.300000000000004,-2.9000000000000004,-16.58062789394613,42.93509959906051,0.9586646611132348,0.0,0.2153385579586029,0.0,0.0
17.90000081062317,21.0,-2.1,-15.184364492350667,44.33136300065597,0.9586646611132348,0.0,0.2153385579586029,0.0,0.0
17.910000324249268,20.700000000000003,-1.2000000000000002,-15.3588974175501,46.25122517784973,0.9586646611132348,0.0,0.2153385579586029,0.0,0.0
17.920000553131104,20.5,-0.30000000000000004,-12.740903539558605,47.82202150464463,0.9586646611132348,0.0,0.2153385579586029,0.0,0.0
17.93000078201294,20.3,0.6000000000000001,-8.901179185171081,55.676003138619116,0.9996243735134216,0.0,0.19273443520069122,0.0,0.0
17.940000534057617,20.200000000000003,1.7000000000000002,-5.410520681182422,61.4355896702004,0.9996243735134216,0.0,0.19273443520069122,0.0,0.0
17.950000762939453,20.200000000000003,2.9000000000000004,-0.8726646259971648,65.97344572538566,0.9996243735134216,0.0,0.19273443520069122,0.0,0.0
17.96000075340271,20.3,4.3,0.5235987755982988,74.7000919853573,0.9996243735134216,0.0,0.19273443520069122,0.0,0.0
17.970000505447388,20.3,5.800000000000001,0.3490658503988659,80.9832772925369,0.9996243735134216,0.0,0.19273443520069122,0.0,0.0
17.980000495910645,20.3,7.400000000000001,0.3490658503988659,87.4409955249159,1.043694950146534,0.0,0.15854793787002563,0.0,0.0
17.9900004863739,20.3,9.100000000000001,0.17453292519943295,91.45525280450286,1.043694950146534,0.0,0.15854793787002563,0.0,0.0
18.00000023841858,20.3,10.8,0.17453292519943295,93.2005820564972,1.0675449092656302,0.0,0.13989849388599396,0.0,0.0
18.010000705718994,20.200000000000003,12.4,0.3490658503988659,92.32791743050004,1.0675449092656302,0.0,0.13989849388599396,0.0,0.0
18.02000093460083,20.200000000000003,14.100000000000003,0.3490658503988659,89.36085770210967,1.0675449092656302,0.0,0.13989849388599396,0.0,0.0
18.03000044822693,20.1,15.600000000000001,-6.632251157578453,83.77580409572782,1.0867285720353381,0.0,0.11686259508132935,0.0,0.0
18.040000677108765,20.1,17.0,-6.632251157578453,74.52555906015787,1.0867285720353381,0.0,0.11686259508132935,0.0,0.0
18.05000066757202,19.800000000000004,18.1,-12.39183768915974,66.14797865058509,1.0727296829871729,0.0,0.10253310948610306,0.0,0.0
18.060000896453857,19.5,19.200000000000003,-18.151424220741028,57.42133239061344,1.0727296829871729,0.0,0.10253310948610306,0.0,0.0
18.070000648498535,19.1,19.900000000000002,-23.212879051524585,45.90215932745087,1.0727296829871729,0.0,0.10253310948610306,0.0,0.0
18.080000638961792,18.5,20.5,-27.576202181510407,31.590459461097364,1.0286591063540604,0.0,0.07730644941329956,0.0,0.0
18.09000062942505,18.0,20.900000000000006,-30.892327760299633,24.434609527920614,1.0286591063540604,0.0,0.07730644941329956,0.0,0.0
18.100000619888306,17.300000000000004,21.1,-32.98672286269283,13.08996938995747,1.0286591063540604,0.0,0.07730644941329956,0.0,0.0
18.110000371932983,16.8,21.200000000000003,-32.98672286269283,2.792526803190927,1.0037721924906557,0.0,0.06461983174085617,0.0,0.0
18.12000060081482,16.200000000000003,21.1,-30.01966313430247,-2.0943951023931953,1.0037721924906557,0.0,0.06461983174085617,0.0,0.0
18.130000352859497,15.700000000000001,21.1,-29.146998508305302,-1.7453292519943295,1.0037721924906557,0.0,0.06461983174085617,0.0,0.0
18.140000581741333,14.800000000000002,21.0,-21.29301687433082,-4.1887902047863905,0.9902917808146449,0.0,0.045439790934324265,0.0,0.0
18.15000081062317,14.800000000000002,20.8,-21.29301687433082,-6.981317007977318,0.9902917808146449,0.0,0.045439790934324265,0.0,0.0
18.160000562667847,14.5,20.599999999999998,-5.585053606381854,-13.61356816555577,0.9939211224197247,0.0,0.03182733431458473,0.0,0.0
18.170000791549683,14.5,20.200000000000003,-5.585053606381854,-20.420352248333657,0.9939211224197247,0.0,0.03182733431458473,0.0,0.0
18.18000054359436,14.5,19.6,-1.2217304763960306,-32.11405823669566,0.9939211224197247,0.0,0.03182733431458473,0.0,0.0
18.190000772476196,14.5,18.8,0.0,-42.236967898262776,0.986662439209565,0.0,0.01501155924052,0.0,0.0
18.200000286102295,14.600000000000001,18.0,2.792526803190927,-42.58603374866164,0.986662439209565,0.0,0.01501155924052,0.0,0.0
18.21000051498413,14.800000000000002,17.2,11.344640137963141,-46.25122517784973,0.986662439209565,0.0,0.01501155924052,0.0,0.0
18.220000505447388,15.300000000000002,16.3,26.52900463031381,-43.28416544945937,0.914075607107968,0.0,0.0041446383111178875,0.0,0.0
18.230000495910645,16.1,15.600000000000001,40.49163864626845,-40.49163864626845,0.914075607107968,0.0,0.0041446383111178875,0.0,0.0
18.2400004863739,17.2,14.900000000000002,56.548667764616276,-37.52457891787809,0.914075607107968,0.0,0.0041446383111178875,0.0,0.0
18.250000476837158,20.0,14.5,82.20500776893292,-26.52900463031381,0.8679311209862385,0.0,0.013014335185289383,0.0,0.0
18.260000705718994,20.0,14.200000000000001,82.20500776893292,-18.32595714594046,0.8679311209862385,0.0,0.013014335185289383,0.0,0.0
18.27000069618225,21.7,13.900000000000002,94.77137838329209,-18.675022996339326,0.8606724377760788,0.04614448612172953,0.013819275423884392,0.10875280946493149,0.0
18.280000925064087,23.700000000000003,13.399999999999999,105.59241974565694,-25.830872929516076,0.8606724377760788,0.04614448612172953,0.013819275423884392,0.10875280946493149,0.0
18.290000438690186,25.700000000000006,12.9,111.35200627723823,-24.958208303518912,0.8606724377760788,0.04614448612172953,0.013819275423884392,0.10875280946493149,0.0
18.3000009059906,27.9,12.5,116.23892818282235,-20.245819323134224,0.8129725195378865,0.4935904582908596,0.004816324915736914,0.08915126323699951,0.0
18.3100004196167,30.1,12.100000000000001,118.85692206081384,-22.165681500327985,0.8129725195378865,0.4935904582908596,0.004816324915736914,0.08915126323699951,0.0
18.320000648498535,32.300000000000004,11.5,122.69664641520137,-33.510321638291124,0.8129725195378865,0.4935904582908596,0.004816324915736914,0.08915126323699951,0.0
18.330000638961792,34.60000000000001,10.8,127.93263417118436,-36.82644721708035,0.5044784831060992,0.821786634864509,0.005552930291742086,0.09270346909761429,0.0
18.34000039100647,37.1,10.100000000000001,131.94689145077132,-37.52457891787809,0.5044784831060992,0.821786634864509,0.005552930291742086,0.09270346909761429,0.0
18.350000381469727,39.400000000000006,9.3,128.28170002158322,-43.109632524259936,0.5044784831060992,0.821786634864509,0.005552930291742086,0.09270346909761429,0.0
18.360000610351562,41.400000000000006,8.5,110.65387457644049,-45.553093477052,0.09799222333715596,1.1593154041369351,0.025285715237259865,0.0816618949174881,0.0
18.37000060081482,42.800000000000004,7.499999999999999,81.33234314293576,-52.185344634630454,0.09799222333715596,1.1593154041369351,0.025285715237259865,0.0816618949174881,0.0
18.380000591278076,43.5,6.600000000000001,45.72762640225143,-52.35987755982988,0.09799222333715596,1.1593154041369351,0.025285715237259865,0.0816618949174881,0.0
18.390000581741333,43.800000000000004,5.600000000000001,19.896753472735355,-55.152404363020814,0.09799222333715596,1.1593154041369351,0.025285715237259865,0.0816618949174881,0.0
18.40000057220459,43.800000000000004,4.5,0.5235987755982988,-59.69026041820607,0.09799222333715596,1.1593154041369351,0.025285715237259865,0.0816618949174881,0.0
18.410000801086426,43.800000000000004,3.2,0.5235987755982988,-70.86036763096978,0.0,1.2697510844057933,0.0,0.0877251923084259,0.0
18.420000553131104,43.800000000000004,1.6,0.0,-82.72860654453122,0.0,1.2697510844057933,0.0,0.0877251923084259,0.0
18.43000054359436,43.800000000000004,-0.0,0.0,-92.1533845053006,0.0,1.2697510844057933,0.0,0.0877251923084259,0.0
18.440000534057617,43.4,-1.7000000000000002,-15.184364492350667,-96.51670763528642,0.0,1.2697510844057933,0.0,0.0877251923084259,0.0
18.450000524520874,43.4,-3.5,-15.184364492350667,-94.94591130849153,0.0,1.0208819457717464,0.0,0.08123870193958282,0.0
18.46000027656555,42.800000000000004,-5.1000000000000005,-31.41592653589793,-84.82300164692441,0.0,1.0208819457717464,0.0,0.08123870193958282,0.0
18.470000505447388,41.900000000000006,-6.300000000000001,-46.949356878647464,-72.60569688296411,0.0,1.0208819457717464,0.0,0.08123870193958282,0.0
18.480000495910645,40.6,-7.300000000000001,-66.84611035138282,-57.07226654021458,0.0,1.0208819457717464,0.0,0.08123870193958282,0.0
18.4900004863739,39.1,-8.100000000000001,-83.07767239493009,-44.15683007545654,0.0,0.7652726012996942,0.0,0.0736016258597374,0.0
18.500000476837158,37.2,-8.6,-94.94591130849153,-30.543261909900767,0.0,0.7652726012996942,0.0,0.0736016258597374,0.0
18.510000705718994,35.5,-9.100000000000001,-98.96016858807849,-30.194196059501902,0.0,0.7652726012996942,0.0,0.0736016258597374,0.0
18.52000093460083,33.7,-9.600000000000001,-98.08750396208131,-26.878070480712676,0.0,0.6911303370816344,0.0,0.089844711124897,0.0
18.530000686645508,32.0,-9.900000000000002,-93.54964790689607,-17.62782544514273,0.0,0.6911303370816344,0.0,0.089844711124897,0.0
18.540000915527344,30.400000000000006,-10.100000000000001,-87.61552845011535,-9.773843811168245,0.0,0.6911303370816344,0.0,0.089844711124897,0.0
18.55000066757202,29.0,-10.200000000000001,-80.11061266653972,-8.901179185171081,0.0,0.7543845764844546,0.0,0.10893814265727997,0.0
18.560000896453857,27.700000000000003,-10.5,-71.03490055616922,-15.009831567151235,0.0,0.7543845764844546,0.0,0.10893814265727997,0.0
18.570000648498535,26.6,-10.999999999999998,-59.16666164260777,-26.354471705114378,0.0,0.7543845764844546,0.0,0.10893814265727997,0.0
18.580000400543213,25.900000000000002,-11.600000000000001,-43.63323129985824,-27.576202181510407,0.0,0.7994921078618756,0.0,0.13304929435253143,0.0
18.59000062942505,25.5,-11.900000000000002,-26.354471705114378,-19.02408884673819,0.0,0.7994921078618756,0.0,0.13304929435253143,0.0
18.600000619888306,25.400000000000002,-12.0,-7.155849933176751,-5.061454830783556,0.0,0.7994921078618756,0.0,0.13304929435253143,0.0
18.610000610351562,25.6,-11.900000000000002,9.773843811168245,-0.0,0.0,0.7694204202769283,0.0,0.15520484745502472,0.0
18.62000060081482,26.200000000000003,-11.900000000000002,29.845130209103036,-0.0,0.0,0.7694204202769283,0.0,0.15520484745502472,0.0
18.630000352859497,27.200000000000003,-11.900000000000002,50.09094953223726,-0.6981317007977318,0.0,0.7694204202769283,0.0,0.15520484745502472,0.0
18.640000581741333,28.400000000000002,-11.900000000000002,63.355451847394164,-0.0,0.0814009474282195,0.6792053575220863,0.2316751629114151,0.17115266621112823,0.0
18.65000081062317,29.600000000000005,-12.0,69.11503837897546,-2.0943951023931953,0.0814009474282195,0.6792053575220863,0.2316751629114151,0.17115266621112823,0.0
18.660000562667847,30.900000000000006,-12.100000000000001,69.11503837897546,-4.71238898038469,0.0814009474282195,0.6792053575220863,0.2316751629114151,0.17115266621112823,0.0
18.670000791549683,32.1,-12.100000000000001,68.06784082777885,-1.5707963267948966,0.9762928917664797,0.608173957536952,0.2708374857902527,0.20017306506633759,0.0
18.68000054359436,34.300000000000004,-12.100000000000001,57.07226654021458,1.3962634015954636,0.9762928917664797,0.608173957536952,0.2708374857902527,0.20017306506633759,0.0
18.690000772476196,34.300000000000004,-12.100000000000001,57.07226654021458,-0.6981317007977318,0.9762928917664797,0.608173957536952,0.2708374857902527,0.20017306506633759,0.0
18.700000524520874,35.1,-12.100000000000001,44.85496177625427,1.3962634015954636,0.9762928917664797,0.608173957536952,0.2708374857902527,0.20017306506633759,0.0
18.71000051498413,35.599999999999994,-12.100000000000001,27.22713633111154,-0.0,1.3931486989785082,0.49825675464024805,0.31616783142089844,0.18737877905368805,0.0
18.720000505447388,35.599999999999994,-12.0,4.71238898038469,1.5707963267948966,1.3931486989785082,0.49825675464024805,0.31616783142089844,0.18737877905368805,0.0
18.730000495910645,35.4,-12.0,-9.948376736367678,0.5235987755982988,1.3931486989785082,0.49825675464024805,0.31616783142089844,0.18737877905368805,0.0
18.7400004863739,34.800000000000004,-11.900000000000002,-26.703537555513243,5.235987755982989,1.3309314143199966,0.360860251019368,0.3570171296596527,0.22824138402938843,0.0
18.75000023841858,34.1,-11.600000000000001,-37.35004599267865,14.486232791552935,1.3309314143199966,0.360860251019368,0.3570171296596527,0.22824138402938843,0.0
18.760000705718994,33.39999999999999,-11.3,-39.61897402027128,19.198621771937624,1.3309314143199966,0.360860251019368,0.3570171296596527,0.22824138402938843,0.0
18.77000069618225,32.7,-10.9,-38.39724354387525,17.976891295541595,1.3309314143199966,0.360860251019368,0.3570171296596527,0.22824138402938843,0.0
18.780000925064087,31.200000000000003,-10.700000000000001,-42.58603374866164,12.566370614359172,1.4657355310801052,0.2094648583503228,0.3513275682926178,0.23575247824192047,0.0
18.790000677108765,31.200000000000003,-10.5,-42.58603374866164,10.471975511965978,1.4657355310801052,0.2094648583503228,0.3513275682926178,0.23575247824192047,0.0
18.8000009059906,30.3,-10.200000000000001,-48.86921905584123,17.278759594743864,1.370854171975875,0.1119911123853211,0.3507246673107147,0.1406296342611313,0.0
18.81000065803528,29.300000000000004,-9.600000000000001,-52.53441048502932,28.97246558310587,1.370854171975875,0.1119911123853211,0.3507246673107147,0.1406296342611313,0.0
18.820000410079956,28.3,-9.0,-52.01081170943102,34.033920413889426,1.370854171975875,0.1119911123853211,0.3507246673107147,0.1406296342611313,0.0
18.830000638961792,27.5,-8.5,-44.33136300065597,26.878070480712676,1.370854171975875,0.1119911123853211,0.3507246673107147,0.1406296342611313,0.0
18.84000062942505,26.900000000000002,-8.2,-34.55751918948773,20.943951023931955,1.370854171975875,0.1119911123853211,0.3507246673107147,0.1406296342611313,0.0
18.850000619888306,26.5,-7.800000000000001,-24.78367537831948,18.32595714594046,1.1261328523190621,0.0,0.32325413823127747,0.0,0.0
18.860000610351562,26.300000000000004,-7.600000000000001,-15.009831567151235,15.009831567151235,1.1261328523190621,0.0,0.32325413823127747,0.0,0.0
18.87000060081482,26.1,-7.400000000000001,-8.901179185171081,9.948376736367678,1.1261328523190621,0.0,0.32325413823127747,0.0,0.0
18.880000352859497,26.1,-7.300000000000001,-3.6651914291880923,5.585053606381854,1.0509536333566938,0.0,0.3096216022968292,0.0,0.0
18.890000581741333,26.000000000000004,-7.1000000000000005,-6.632251157578453,8.901179185171081,1.0509536333566938,0.0,0.3096216022968292,0.0,0.0
18.90000033378601,25.700000000000006,-6.800000000000001,-13.61356816555577,15.3588974175501,1.0509536333566938,0.0,0.3096216022968292,0.0,0.0
18.910001039505005,25.300000000000004,-6.4,-21.81661564992912,23.911010752322316,0.9597016158575433,0.0,0.3033705949783325,0.0,0.0
18.920000553131104,24.700000000000003,-5.7,-28.44886680750757,37.35004599267865,0.9597016158575433,0.0,0.3033705949783325,0.0,0.0
18.93000078201294,24.1,-4.9,-31.41592653589793,43.982297150257104,0.9597016158575433,0.0,0.3033705949783325,0.0,0.0
18.940000534057617,23.6,-4.0,-28.44886680750757,44.33136300065597,0.914075607107968,0.0,0.28502950072288513,0.0,0.0
18.950000762939453,23.200000000000003,-3.2,-25.48180707911721,46.25122517784973,0.914075607107968,0.0,0.28502950072288513,0.0,0.0
18.96000051498413,22.8,-2.4000000000000004,-18.84955592153876,42.58603374866164,0.914075607107968,0.0,0.28502950072288513,0.0,0.0
18.970000505447388,22.6,-1.6,-13.439035240356338,46.949356878647464,0.9260005866675161,0.0,0.26010861992836,0.0,0.0
18.980000495910645,22.5,-0.6000000000000001,-5.585053606381854,50.78908123303499,0.9260005866675161,0.0,0.26010861992836,0.0,0.0
18.990000247955322,22.5,0.4,-2.792526803190927,60.21385919380437,0.9260005866675161,0.0,0.26010861992836,0.0,0.0
19.000000476837158,22.5,1.6,0.3490658503988659,67.36970912698112,0.9431103399486068,0.0,0.23281528055667877,0.0,0.0
19.010000705718994,22.5,3.0,-0.6981317007977318,74.00196028455957,0.9431103399486068,0.0,0.23281528055667877,0.0,0.0
19.02000093460083,22.5,4.5,0.0,79.76154681614086,0.9431103399486068,0.0,0.23281528055667877,0.0,0.0
19.030000686645508,22.5,5.9,-0.5235987755982988,81.33234314293576,0.9431103399486068,0.0,0.23281528055667877,0.0,0.0
19.040000915527344,22.5,7.400000000000001,0.3490658503988659,79.58701389094142,0.9431103399486068,0.0,0.23281528055667877,0.0,0.0
19.05000066757202,22.5,8.8,-0.8726646259971648,75.2236907609556,0.9819961428601767,0.0,0.1962861716747284,0.0,0.0
19.060000896453857,22.5,10.0,0.8726646259971648,70.68583470577035,0.9819961428601767,0.0,0.1962861716747284,0.0,0.0
19.070000410079956,22.400000000000006,11.100000000000001,-2.0943951023931953,61.61012259539983,0.9819961428601767,0.0,0.1962861716747284,0.0,0.0
19.080000638961792,21.999999999999996,12.100000000000001,-15.707963267948966,55.152404363020814,0.9819961428601767,0.0,0.1962861716747284,0.0,0.0
19.09000062942505,21.999999999999996,13.000000000000002,-15.707963267948966,47.1238898038469,1.043694950146534,0.0,0.17484202980995178,0.0,0.0
19.100000858306885,21.500000000000004,13.8,-23.911010752322316,44.15683007545654,1.043694950146534,0.0,0.17484202980995178,0.0,0.0
19.110000610351562,21.0,14.400000000000002,-28.97246558310587,35.25565089028546,1.043694950146534,0.0,0.17484202980995178,0.0,0.0
19.12000036239624,19.800000000000004,14.999999999999998,-32.98672286269283,32.2885911618951,1.076877501964407,0.0,0.15948627889156342,0.0,0.0
19.130000591278076,19.800000000000004,15.600000000000001,-32.98672286269283,31.93952531149623,1.076877501964407,0.0,0.15948627889156342,0.0,0.0
19.140000343322754,19.200000000000003,15.899999999999999,-31.2413936106985,22.165681500327985,1.076877501964407,0.0,0.15948627889156342,0.0,0.0
19.15000081062317,18.700000000000003,16.1,-28.623399732707004,11.693705988362009,1.0639155676605505,0.0,0.14007212221622467,0.0,0.0
19.160000562667847,18.200000000000003,16.3,-24.958208303518912,9.42477796076938,1.0639155676605505,0.0,0.14007212221622467,0.0,0.0
19.170000791549683,17.799999999999997,16.5,-23.911010752322316,12.217304763960307,1.0753220698479442,0.0,0.11985824257135391,0.0,0.0
19.18000030517578,17.400000000000002,16.8,-22.863813201125716,15.3588974175501,1.0753220698479442,0.0,0.11985824257135391,0.0,0.0
19.190000772476196,17.0,17.1,-23.56194490192345,16.755160819145562,1.0753220698479442,0.0,0.11985824257135391,0.0,0.0
19.200000524520874,16.6,17.300000000000004,-21.118483949131388,9.773843811168245,1.0862100946631839,0.0,0.10389260202646255,0.0,0.0
19.21000051498413,16.3,17.300000000000004,-18.500490071139893,1.0471975511965976,1.0862100946631839,0.0,0.10389260202646255,0.0,0.0
19.22000026702881,15.899999999999999,17.2,-17.453292519943297,-1.0471975511965976,1.0862100946631839,0.0,0.10389260202646255,0.0,0.0
19.230000495910645,15.600000000000001,17.300000000000004,-17.453292519943297,-0.0,1.0862100946631839,0.0,0.10389260202646255,0.0,0.0
19.240000247955322,15.300000000000002,17.2,-14.486232791552935,-2.0943951023931953,1.0862100946631839,0.0,0.10389260202646255,0.0,0.0
19.250000476837158,15.100000000000001,17.2,-11.693705988362009,-2.9670597283903604,1.0815437983137954,0.0,0.07672771066427231,0.0,0.0
19.260000467300415,14.999999999999998,16.900000000000002,-7.853981633974483,-9.773843811168245,1.0815437983137954,0.0,0.07672771066427231,0.0,0.0
19.27000069618225,14.900000000000002,16.699999999999996,-4.1887902047863905,-12.915436464758038,1.0509536333566938,0.0,0.057820916175842285,0.0,0.0
19.280000925064087,14.999999999999998,16.4,0.5235987755982988,-13.962634015954636,1.0509536333566938,0.0,0.057820916175842285,0.0,0.0
19.290000438690186,14.999999999999998,16.200000000000003,-0.3490658503988659,-15.882496193148398,1.0509536333566938,0.0,0.057820916175842285,0.0,0.0
19.30000066757202,14.999999999999998,15.700000000000001,-0.17453292519943295,-23.911010752322316,1.0509536333566938,0.0,0.057820916175842285,0.0,0.0
19.31000065803528,14.999999999999998,15.100000000000001,-0.17453292519943295,-29.146998508305302,1.0172526041666665,0.0,0.04007033631205559,0.0,0.0
19.320000410079956,14.999999999999998,14.700000000000001,0.17453292519943295,-23.03834612632515,1.0172526041666665,0.0,0.04007033631205559,0.0,0.0
19.330000400543213,14.999999999999998,14.5,0.0,-15.533430342749533,0.9534798873916921,0.0,0.018526915460824966,0.0,0.0
19.34000062942505,14.999999999999998,14.300000000000002,0.3490658503988659,-12.566370614359172,0.9534798873916921,0.0,0.018526915460824966,0.0,0.0
19.350000619888306,14.999999999999998,14.0,0.3490658503988659,-14.835298641951802,0.9534798873916921,0.0,0.018526915460824966,0.0,0.0
19.360000610351562,15.100000000000001,13.600000000000001,3.839724354387525,-21.29301687433082,0.8928180348496432,0.0,0.000730544445104897,0.0,0.0
19.37000060081482,15.300000000000002,13.200000000000003,12.042771838760874,-20.769418098732523,0.8928180348496432,0.0,0.000730544445104897,0.0,0.0
19.380000591278076,15.8,12.9,24.434609527920614,-16.406094968746697,0.8928180348496432,0.0,0.000730544445104897,0.0,0.0
19.39000105857849,16.5,12.700000000000001,40.31710572106901,-13.439035240356338,0.8539322319380733,0.0,0.015432302840054035,0.0,0.0
19.40000033378601,17.7,12.4,61.784655520599266,-15.009831567151235,0.8539322319380733,0.0,0.015432302840054035,0.0,0.0
19.410000801086426,19.300000000000004,12.0,83.60127117052839,-20.769418098732523,0.8539322319380733,0.0,0.015432302840054035,0.0,0.0
19.420000553131104,21.300000000000004,11.5,107.33774899765126,-26.703537555513243,0.8352670465405199,0.11095415764101257,0.03117380663752556,0.032925233244895935,0.0
19.43000054359436,23.700000000000003,11.100000000000001,129.1543646475804,-22.863813201125716,0.8352670465405199,0.11095415764101257,0.03117380663752556,0.032925233244895935,0.0
19.440000534057617,26.5,10.700000000000001,146.43312424232425,-23.736477827122883,0.8352670465405199,0.11095415764101257,0.03117380663752556,0.032925233244895935,0.0
19.450000762939453,29.500000000000004,10.0,157.42869852988852,-34.73205211468716,0.6340978261446653,0.643430418843442,0.042479969561100006,0.016076551750302315,0.0
19.46000051498413,35.1,9.100000000000001,149.9237827463129,-45.553093477052,0.6340978261446653,0.643430418843442,0.042479969561100006,0.016076551750302315,0.0
19.47000026702881,35.1,8.4,149.9237827463129,-40.840704496667314,0.6340978261446653,0.643430418843442,0.042479969561100006,0.016076551750302315,0.0
19.480000257492065,37.50000000000001,7.600000000000001,133.86675362796507,-45.90215932745087,0.6340978261446653,0.643430418843442,0.042479969561100006,0.016076551750302315,0.0
19.4900004863739,39.5,6.699999999999999,112.57373675363425,-46.6002910282486,0.10576938391946993,1.2054598902586646,0.022333331406116486,0.03934408724308014,0.0
19.500000476837158,41.1,5.800000000000001,92.32791743050004,-49.21828490624009,0.10576938391946993,1.2054598902586646,0.022333331406116486,0.03934408724308014,0.0
19.510000467300415,42.400000000000006,4.9,72.95476273336297,-50.26548245743669,0.10576938391946993,1.2054598902586646,0.022333331406116486,0.03934408724308014,0.0
19.520000457763672,43.99999999999999,3.7000000000000006,41.36430327226561,-60.21385919380437,0.0,1.3236727311098369,0.0,0.047310225665569305,0.0
19.530000686645508,43.99999999999999,2.5,41.36430327226561,-66.67157742618339,0.0,1.3236727311098369,0.0,0.047310225665569305,0.0
19.540000677108765,44.5,1.0,26.17993877991494,-78.71434926494426,0.0,1.3236727311098369,0.0,0.047310225665569305,0.0
19.55000066757202,44.7,-0.5,15.707963267948966,-87.09192967451705,0.0,1.225680507772681,0.0,0.05550084635615349,0.0
19.560000896453857,44.80000000000001,-2.1,4.363323129985824,-88.31366015091308,0.0,1.225680507772681,0.0,0.05550084635615349,0.0
19.570000648498535,44.7,-3.7000000000000006,-0.5235987755982988,-84.82300164692441,0.0,1.225680507772681,0.0,0.05550084635615349,0.0
19.580000638961792,44.7,-5.0,-0.17453292519943295,-76.96902001294993,0.0,1.225680507772681,0.0,0.05550084635615349,0.0
19.59000062942505,44.7,-6.2,-2.9670597283903604,-68.41690667817772,0.0,1.225680507772681,0.0,0.05550084635615349,0.0
19.600000381469727,43.99999999999999,-7.300000000000001,-21.991148575128552,-58.119464091411174,0.0,0.8611909151482331,0.0,0.04922998324036598,0.0
19.610000610351562,43.99999999999999,-8.2,-21.991148575128552,-52.01081170943102,0.0,0.8611909151482331,0.0,0.04922998324036598,0.0
19.62000036239624,43.2,-9.0,-41.18977034706618,-45.90215932745087,0.0,0.8611909151482331,0.0,0.04922998324036598,0.0
19.630000352859497,42.1,-9.8,-60.388392119003804,-43.45869837465881,0.0,0.7600878275781515,0.0,0.054519783705472946,0.0
19.640000581741333,40.70000000000001,-10.4,-74.00196028455957,-33.335788713091695,0.0,0.7600878275781515,0.0,0.054519783705472946,0.0
19.65000081062317,39.1,-10.999999999999998,-82.37954069413236,-32.98672286269283,0.0,0.7600878275781515,0.0,0.054519783705472946,0.0
19.660000562667847,37.6,-11.600000000000001,-84.99753457212385,-34.38298626428829,0.0,0.7808269224643221,0.0,0.07195618003606796,0.0
19.670000791549683,36.0,-12.0,-88.31366015091308,-25.830872929516076,0.0,0.7808269224643221,0.0,0.07195618003606796,0.0
19.68000054359436,34.300000000000004,-12.4,-91.6297857297023,-18.32595714594046,0.0,0.7808269224643221,0.0,0.07195618003606796,0.0
19.690000772476196,32.6,-12.8,-90.23352232810684,-21.991148575128552,0.0,0.821786634864509,0.0,0.09219873696565628,0.0
19.700000524520874,31.099999999999998,-13.3,-84.47393579652555,-27.22713633111154,0.0,0.821786634864509,0.0,0.09219873696565628,0.0
19.71000051498413,29.800000000000004,-13.600000000000001,-78.19075048934596,-17.802358370342162,0.0,0.821786634864509,0.0,0.09219873696565628,0.0
19.720000505447388,28.500000000000004,-13.700000000000003,-70.16223593017205,-7.3303828583761845,0.0,0.8954104217104145,0.0,0.11018934845924377,0.0
19.730000495910645,27.5,-13.700000000000003,-53.40707511102649,-1.3962634015954636,0.0,0.8954104217104145,0.0,0.11018934845924377,0.0
19.7400004863739,27.100000000000005,-13.600000000000001,-29.146998508305302,2.792526803190927,0.0,0.8954104217104145,0.0,0.11018934845924377,0.0
19.750000476837158,27.100000000000005,-13.600000000000001,-0.3490658503988659,-0.0,0.0,0.8954104217104145,0.0,0.11018934845924377,0.0
19.760000467300415,27.400000000000006,-13.600000000000001,15.009831567151235,1.2217304763960306,0.0,0.878819145801478,0.0,0.15548378229141235,0.0
19.770000457763672,27.9,-13.600000000000001,25.48180707911721,-0.17453292519943295,0.0,0.878819145801478,0.0,0.15548378229141235,0.0
19.78000044822693,28.500000000000004,-13.600000000000001,30.194196059501902,-0.17453292519943295,0.0,0.878819145801478,0.0,0.15548378229141235,0.0
19.790000677108765,29.0,-13.600000000000001,28.274333882308138,-0.5235987755982988,0.14050736785380563,0.8005290626061842,0.31925830245018005,0.1866476684808731,0.0
19.80000114440918,29.700000000000006,-13.700000000000003,14.137166941154069,-1.0471975511965976,0.14050736785380563,0.8005290626061842,0.31925830245018005,0.1866476684808731,0.0
19.81000065803528,29.700000000000006,-13.700000000000003,14.137166941154069,0.17453292519943295,0.14050736785380563,0.8005290626061842,0.31925830245018005,0.1866476684808731,0.0
19.820000648498535,29.900000000000006,-13.700000000000003,11.693705988362009,-0.6981317007977318,0.14050736785380563,0.8005290626061842,0.31925830245018005,0.1866476684808731,0.0
19.830000638961792,30.5,-14.0,28.274333882308138,-14.137166941154069,0.9980689413969589,0.5998783195824838,0.31590908765792847,0.2110864371061325,0.0
19.84000062942505,31.5,-14.0,54.62880558742251,-14.137166941154069,0.9980689413969589,0.5998783195824838,0.31590908765792847,0.2110864371061325,0.0
19.850000619888306,32.8,-14.5,71.38396640656808,-24.434609527920614,0.9980689413969589,0.5998783195824838,0.31590908765792847,0.2110864371061325,0.0
19.860000610351562,34.0,-14.999999999999998,61.61012259539983,-28.623399732707004,1.1110970085265885,0.42359601305003397,0.3118651509284973,0.19790330529212952,0.0
19.87000060081482,34.60000000000001,-15.399999999999999,38.22271061867582,-18.675022996339326,1.1110970085265885,0.42359601305003397,0.3118651509284973,0.19790330529212952,0.0
19.880000591278076,34.60000000000001,-15.399999999999999,4.886921905584122,-2.443460952792061,1.1110970085265885,0.42359601305003397,0.3118651509284973,0.19790330529212952,0.0
19.890000581741333,34.2,-15.300000000000002,-16.58062789394613,1.9198621771937625,1.2215326887954467,0.2955321021279307,0.33212393522262573,0.20714035630226135,0.0
19.90000057220459,33.7,-15.200000000000003,-27.05260340591211,5.934119456780721,1.2215326887954467,0.2955321021279307,0.33212393522262573,0.20714035630226135,0.0
19.910000801086426,33.1,-14.999999999999998,-34.73205211468716,9.250245035569947,1.2215326887954467,0.2955321021279307,0.33212393522262573,0.20714035630226135,0.0
19.920000553131104,32.2,-14.800000000000002,-45.378560551852566,13.61356816555577,1.4766235558953449,0.20842790360601426,0.339280903339386,0.2154776155948639,0.0
19.93000054359436,31.200000000000003,-14.400000000000002,-50.614548307835555,18.675022996339326,1.4766235558953449,0.20842790360601426,0.339280903339386,0.2154776155948639,0.0
19.940000534057617,30.3,-13.900000000000002,-50.09094953223726,27.75073510670984,1.4766235558953449,0.20842790360601426,0.339280903339386,0.2154776155948639,0.0
19.950000762939453,29.500000000000004,-13.000000000000002,-49.04375198104066,49.741883681838395,1.4766235558953449,0.20842790360601426,0.339280903339386,0.2154776155948639,0.0
19.96000051498413,28.600000000000005,-11.700000000000001,-48.69468613064179,65.44984694978736,1.336116188041539,0.07103139998513422,0.34138649702072144,0.05114598572254181,0.0
19.97000026702881,27.800000000000004,-10.299999999999999,-42.06243497306334,73.30382858376184,1.336116188041539,0.07103139998513422,0.34138649702072144,0.05114598572254181,0.0
19.980000257492065,27.3,-9.0,-30.7177948351002,72.60569688296411,1.336116188041539,0.07103139998513422,0.34138649702072144,0.05114598572254181,0.0
19.9900004863739,26.900000000000002,-7.9,-21.29301687433082,61.4355896702004,1.1997566391649677,0.0,0.3251279294490814,0.0,0.0
20.00000023841858,26.700000000000003,-7.0,-12.39183768915974,53.581608036225916,1.1997566391649677,0.0,0.3251279294490814,0.0,0.0
20.010000705718994,26.700000000000003,-6.300000000000001,-5.235987755982989,39.09537524467298,1.1997566391649677,0.0,0.3251279294490814,0.0,0.0
20.020000457763672,26.400000000000006,-5.7,-8.726646259971648,34.033920413889426,1.0815437983137954,0.0,0.3206394910812378,0.0,0.0
20.03000044822693,26.400000000000006,-5.1000000000000005,-8.726646259971648,29.845130209103036,1.0815437983137954,0.0,0.3206394910812378,0.0,0.0
20.040000915527344,26.1,-4.800000000000001,-11.170107212763709,21.991148575128552,1.0815437983137954,0.0,0.3206394910812378,0.0,0.0
20.05000066757202,25.900000000000002,-4.4,-15.184364492350667,22.165681500327985,1.0815437983137954,0.0,0.3206394910812378,0.0,0.0
20.060000896453857,25.5,-3.8000000000000007,-19.896753472735355,31.066860685499066,1.0815437983137954,0.0,0.3206394910812378,0.0,0.0
20.070000648498535,24.600000000000005,-3.1,-22.689280275926283,34.73205211468716,0.9405179530878355,0.0,0.2764310836791992,0.0,0.0
20.080000638961792,24.600000000000005,-2.5,-22.689280275926283,35.08111796508602,0.9405179530878355,0.0,0.2764310836791992,0.0,0.0
20.09000039100647,24.0,-1.7000000000000002,-15.533430342749533,45.0294947014537,0.9405179530878355,0.0,0.2764310836791992,0.0,0.0
20.100000619888306,24.0,-0.7000000000000002,-15.533430342749533,48.345620280242926,0.9301484056447502,0.0,0.25533223152160645,0.0,0.0
20.110000610351562,23.800000000000004,0.1,-14.137166941154069,53.581608036225916,0.9301484056447502,0.0,0.25533223152160645,0.0,0.0
20.12000060081482,23.400000000000002,1.1,-18.32595714594046,53.40707511102649,0.9301484056447502,0.0,0.25533223152160645,0.0,0.0
20.130000591278076,23.099999999999998,2.2,-19.198621771937624,59.51572749300664,0.9353331793662929,0.0,0.23401108384132385,0.0,0.0
20.140000581741333,22.700000000000003,3.4000000000000004,-20.07128639793479,64.40264939859075,0.9353331793662929,0.0,0.23401108384132385,0.0,0.0
20.15000033378601,22.3,4.7,-22.689280275926283,69.46410422937431,0.9353331793662929,0.0,0.23401108384132385,0.0,0.0
20.160000801086426,21.900000000000002,6.0,-18.675022996339326,73.6528944341607,0.9674787764398572,0.0,0.2189035415649414,0.0,0.0
20.170000791549683,21.7,7.400000000000001,-14.486232791552935,72.95476273336297,0.9674787764398572,0.0,0.2189035415649414,0.0,0.0
20.18000078201294,21.500000000000004,8.6,-12.39183768915974,68.94050545377601,0.9674787764398572,0.0,0.2189035415649414,0.0,0.0
20.190000534057617,21.300000000000004,9.8,-8.377580409572781,65.1007810993885,0.9851070070931023,0.0,0.20605263113975525,0.0,0.0
20.200000286102295,21.200000000000003,10.8,-6.457718232379019,57.24679946541401,0.9851070070931023,0.0,0.20605263113975525,0.0,0.0
20.21000051498413,21.1,11.8,-0.6981317007977318,53.23254218582705,0.9851070070931023,0.0,0.20605263113975525,0.0,0.0
20.220000743865967,21.1,12.5,-0.6981317007977318,41.713369122664474,1.0125863078172783,0.0,0.18731029331684113,0.0,0.0
20.230000495910645,21.1,13.100000000000001,-3.6651914291880923,35.604716740684324,1.0125863078172783,0.0,0.18731029331684113,0.0,0.0
20.240000247955322,20.900000000000006,13.700000000000003,-6.806784082777885,33.335788713091695,1.0125863078172783,0.0,0.18731029331684113,0.0,0.0
20.250000476837158,20.700000000000003,14.200000000000001,-12.042771838760874,24.26007660272118,1.0234743326325177,0.0,0.17815907299518585,0.0,0.0
20.260000705718994,20.0,14.5,-19.373154697137057,21.81661564992912,1.0234743326325177,0.0,0.17815907299518585,0.0,0.0
20.270000457763672,20.0,14.999999999999998,-19.373154697137057,23.911010752322316,1.0561384070782365,0.0,0.15340843796730042,0.0,0.0
20.280000925064087,19.700000000000003,15.700000000000001,-20.943951023931955,17.802358370342162,1.0561384070782365,0.0,0.15340843796730042,0.0,0.0
20.290000677108765,19.300000000000004,15.700000000000001,-21.29301687433082,17.802358370342162,1.0561384070782365,0.0,0.15340843796730042,0.0,0.0
20.3000009059906,18.700000000000003,15.8,-13.788101090755204,7.3303828583761845,1.064952522404859,0.0,0.13729600608348846,0.0,0.0
20.3100004196167,18.700000000000003,15.8,-13.788101090755204,1.5707963267948966,1.064952522404859,0.0,0.13729600608348846,0.0,0.0
20.320000648498535,18.5,15.8,-10.995574287564276,-0.0,1.064952522404859,0.0,0.13729600608348846,0.0,0.0
20.330000638961792,18.3,15.8,-10.122909661567112,0.5235987755982988,1.0509536333566938,0.0,0.12096842378377914,0.0,0.0
20.34000039100647,18.1,15.8,-9.075712110370514,-0.17453292519943295,1.0509536333566938,0.0,0.12096842378377914,0.0,0.0
20.350000619888306,18.1,15.8,-5.585053606381854,0.3490658503988659,1.0509536333566938,0.0,0.12096842378377914,0.0,0.0
20.360000371932983,18.0,15.8,-2.9670597283903604,-0.0,1.0509536333566938,0.0,0.12096842378377914,0.0,0.0
20.37000060081482,18.0,15.8,-0.17453292519943295,0.3490658503988659,1.0379916990528373,0.0,0.10298601537942886,0.0,0.0
20.380000591278076,18.0,15.899999999999999,-0.17453292519943295,0.6981317007977318,1.0379916990528373,0.0,0.10298601537942886,0.0,0.0
20.390000581741333,18.0,15.8,0.8726646259971648,-1.9198621771937625,1.0379916990528373,0.0,0.10298601537942886,0.0,0.0
20.40000057220459,18.0,15.8,0.17453292519943295,-0.5235987755982988,1.0369547443085287,0.0,0.07739999890327454,0.0,0.0
20.410000324249268,18.0,15.8,0.0,-0.0,1.0369547443085287,0.0,0.07739999890327454,0.0,0.0
20.420000553131104,18.1,15.8,4.886921905584122,-2.2689280275926285,1.0369547443085287,0.0,0.07739999890327454,0.0,0.0
20.43000078201294,18.400000000000006,15.700000000000001,13.439035240356338,-4.537856055185257,0.9752559370221712,0.0,0.06220573931932449,0.0,0.0
20.440000534057617,18.8,15.5,19.722220547535922,-6.806784082777885,0.9752559370221712,0.0,0.06220573931932449,0.0,0.0
20.450000524520874,19.5,15.399999999999999,37.000980142279786,-7.3303828583761845,0.9752559370221712,0.0,0.06220573931932449,0.0,0.0
20.46000051498413,20.599999999999998,15.300000000000002,59.34119456780721,-7.67944870877505,0.9451842494372239,0.0,0.045555125921964645,0.0,0.0
20.470000743865967,21.999999999999996,15.100000000000001,76.09635538695277,-6.981317007977318,0.9451842494372239,0.0,0.045555125921964645,0.0,0.0
20.480000257492065,23.800000000000004,15.200000000000003,94.07324668249436,-0.3490658503988659,0.9451842494372239,0.0,0.045555125921964645,0.0,0.0
20.490000247955322,25.8,15.200000000000003,109.25761117484502,-0.3490658503988659,0.8948919443382602,0.0,0.028745073825120926,0.0,0.0
20.500000476837158,28.1,15.100000000000001,121.99851471440364,-0.17453292519943295,0.8948919443382602,0.0,0.028745073825120926,0.0,0.0
20.510000705718994,30.5,15.100000000000001,130.37609512397643,-0.6981317007977318,0.8948919443382602,0.0,0.028745073825120926,0.0,0.0
20.52000117301941,33.0,14.999999999999998,135.26301702956053,-7.155849933176751,0.7113509545956507,0.036293416050798506,0.014947520568966866,0.05957143008708954,0.0
20.53000044822693,35.4,14.600000000000001,136.31021458075713,-19.722220547535922,0.7113509545956507,0.036293416050798506,0.014947520568966866,0.05957143008708954,0.0
20.540001153945923,37.800000000000004,13.8,130.55062804917586,-40.31710572106901,0.7113509545956507,0.036293416050798506,0.014947520568966866,0.05957143008708954,0.0
20.55000066757202,39.900000000000006,12.700000000000001,117.28612573401895,-60.21385919380437,0.7113509545956507,0.036293416050798506,0.014947520568966866,0.05957143008708954,0.0
20.560000896453857,41.6,11.200000000000003,95.99310885968812,-76.09635538695277,0.7113509545956507,0.036293416050798506,0.014947520568966866,0.05957143008708954,0.0
20.570000886917114,42.90000000000001,9.8,75.74728953655391,-81.50687606813518,0.19391053718569487,1.078951411453024,0.005117648281157017,0.042090822011232376,0.0
20.580000638961792,43.900000000000006,8.100000000000001,56.89773361501514,-87.96459430051421,0.19391053718569487,1.078951411453024,0.005117648281157017,0.042090822011232376,0.0
20.59000062942505,44.7,6.4,43.63323129985824,-92.50245035569947,0.0,1.4076660653988278,0.0,0.03740883991122246,0.0
20.600000619888306,45.2,4.7,28.274333882308138,-95.12044423369096,0.0,1.4076660653988278,0.0,0.03740883991122246,0.0
20.610000610351562,45.5,3.0,18.84955592153876,-92.85151620609834,0.0,1.4076660653988278,0.0,0.03740883991122246,0.0
20.62000036239624,45.7,1.3,14.137166941154069,-91.45525280450286,0.0,1.4766235558953449,0.0,0.03993258625268936,0.0
20.630000591278076,45.90000000000001,-0.2,9.42477796076938,-88.48819307611251,0.0,1.4766235558953449,0.0,0.03993258625268936,0.0
20.640000581741333,45.800000000000004,-1.6,-1.3962634015954636,-78.71434926494426,0.0,1.4766235558953449,0.0,0.03993258625268936,0.0
20.650001049041748,45.800000000000004,-2.8000000000000007,-1.9198621771937625,-68.76597252857658,0.0,1.4766235558953449,0.0,0.03993258625268936,0.0
20.660000562667847,45.5,-3.9000000000000004,-11.868238913561441,-61.61012259539983,0.0,1.258863059590554,0.0,0.05564580112695694,0.0
20.670000791549683,45.0,-4.9,-25.48180707911721,-53.75614096142535,0.0,1.258863059590554,0.0,0.05564580112695694,0.0
20.68000054359436,44.2,-5.9,-44.505895925855405,-54.27973973702365,0.0,1.0405840859136086,0.0,0.05051171034574509,0.0
20.690000772476196,43.00000000000001,-6.800000000000001,-63.70451769779303,-52.708943410228756,0.0,1.0405840859136086,0.0,0.05051171034574509,0.0
20.700000524520874,41.50000000000001,-7.9,-78.53981633974483,-55.32693728822024,0.0,0.7637171691832314,0.0,0.050579093396663666,0.0
20.71000051498413,39.900000000000006,-8.700000000000001,-86.56833089891875,-50.96361415823442,0.0,0.7637171691832314,0.0,0.050579093396663666,0.0
20.720000505447388,38.300000000000004,-9.600000000000001,-90.23352232810684,-44.680428851054835,0.0,0.7637171691832314,0.0,0.050579093396663666,0.0
20.730000257492065,36.6,-10.0,-91.106186954104,-28.274333882308138,0.0,0.6828346991271661,0.0,0.048889145255088806,0.0
20.7400004863739,35.0,-10.200000000000001,-88.13912722571364,-10.297442586766545,0.0,0.6828346991271661,0.0,0.048889145255088806,0.0
20.750000476837158,33.50000000000001,-10.200000000000001,-82.55407361933179,-1.5707963267948966,0.0,0.6828346991271661,0.0,0.048889145255088806,0.0
20.760000467300415,31.0,-10.100000000000001,-66.84611035138282,1.3962634015954636,0.0,0.6828346991271661,0.0,0.048889145255088806,0.0
20.77000069618225,31.0,-10.100000000000001,-66.84611035138282,0.17453292519943295,0.0,0.7362378684590554,0.0,0.05973239615559578,0.0
20.780000925064087,29.900000000000006,-10.0,-58.293997016610604,4.363323129985824,0.0,0.7362378684590554,0.0,0.05973239615559578,0.0
20.790000677108765,29.0,-9.8,-49.39281783143953,10.297442586766545,0.0,0.7362378684590554,0.0,0.05973239615559578,0.0
20.80000066757202,28.3,-9.600000000000001,-39.61897402027128,10.64650843716541,0.0,0.7362378684590554,0.0,0.05973239615559578,0.0
20.81000065803528,27.9,-9.600000000000001,-23.911010752322316,3.490658503988659,0.0,0.8897071706167176,0.0,0.09095337986946106,0.0
20.820000410079956,27.9,-9.600000000000001,-5.759586531581287,2.0943951023931953,0.0,0.8897071706167176,0.0,0.09095337986946106,0.0
20.830000638961792,28.0,-9.5,5.410520681182422,1.7453292519943295,0.0,0.8897071706167176,0.0,0.09095337986946106,0.0
20.84000062942505,28.700000000000003,-9.5,19.896753472735355,0.5235987755982988,0.0,0.8897071706167176,0.0,0.09095337986946106,0.0
20.850000619888306,28.700000000000003,-9.5,19.896753472735355,-0.3490658503988659,0.0,0.8850408742673292,0.0,0.12845753133296967,0.0
20.860000371932983,29.1,-9.5,21.118483949131388,0.3490658503988659,0.0,0.8850408742673292,0.0,0.12845753133296967,0.0
20.87000060081482,29.400000000000002,-9.5,17.453292519943297,-0.17453292519943295,0.4189297167006456,0.7160172509450391,0.29098019003868103,0.16530847549438477,0.0
20.880000829696655,29.600000000000005,-9.5,12.042771838760874,0.5235987755982988,0.4189297167006456,0.7160172509450391,0.29098019003868103,0.16530847549438477,0.0
20.890000581741333,29.900000000000006,-9.5,18.151424220741028,-0.0,0.9026691049205742,0.5552892655772171,0.2985347509384155,0.16198039054870605,0.0
20.90000057220459,30.5,-9.5,31.764992386296797,-0.0,0.9026691049205742,0.5552892655772171,0.2985347509384155,0.16198039054870605,0.0
20.910000801086426,31.3,-9.5,42.06243497306334,-0.0,0.9026691049205742,0.5552892655772171,0.2985347509384155,0.16198039054870605,0.0
20.920000553131104,32.1,-9.5,40.66617157146788,-0.0,1.239679396820846,0.3722667532067618,0.2981175184249878,0.15055431425571442,0.0
20.93000078201294,32.5,-9.5,25.132741228718345,0.17453292519943295,1.239679396820846,0.3722667532067618,0.2981175184249878,0.15055431425571442,0.0
20.940000534057617,32.300000000000004,-9.5,-7.3303828583761845,1.0471975511965976,1.239679396820846,0.3722667532067618,0.2981175184249878,0.15055431425571442,0.0
20.950000762939453,31.6,-9.5,-32.637657012293964,-0.0,1.239679396820846,0.3722667532067618,0.2981175184249878,0.15055431425571442,0.0
20.96000051498413,30.600000000000005,-9.5,-50.96361415823442,1.9198621771937625,1.239679396820846,0.3722667532067618,0.2981175184249878,0.15055431425571442,0.0
20.970000505447388,29.600000000000005,-9.3,-56.02506898901798,6.283185307179586,1.480771374872579,0.16643123646151886,0.33857983350753784,0.13529907166957855,0.0
20.980000495910645,28.600000000000005,-9.100000000000001,-53.23254218582705,14.835298641951802,1.480771374872579,0.16643123646151886,0.33857983350753784,0.13529907166957855,0.0
20.9900004863739,27.800000000000004,-8.700000000000001,-44.505895925855405,17.62782544514273,1.480771374872579,0.16643123646151886,0.33857983350753784,0.13529907166957855,0.0
21.000000476837158,27.100000000000005,-8.3,-39.444441095071845,23.56194490192345,1.390556312117737,0.07932703793960244,0.33031246066093445,0.10446405410766602,0.0
21.010000467300415,26.400000000000006,-7.600000000000001,-37.17551306747922,38.04817769347638,1.390556312117737,0.07932703793960244,0.33031246066093445,0.10446405410766602,0.0
21.02000093460083,25.8,-6.699999999999999,-36.477381366681485,45.90215932745087,1.390556312117737,0.07932703793960244,0.33031246066093445,0.10446405410766602,0.0
21.030000686645508,25.1,-5.800000000000001,-37.35004599267865,47.472955654245766,1.2064968450029732,0.05547707882050629,0.336529016494751,0.15772897005081177,0.0
21.040000915527344,24.400000000000002,-4.9,-34.90658503988659,48.52015320544236,1.2064968450029732,0.05547707882050629,0.336529016494751,0.15772897005081177,0.0
21.05000066757202,23.900000000000006,-4.2,-29.49606435870417,41.18977034706618,1.2064968450029732,0.05547707882050629,0.336529016494751,0.15772897005081177,0.0
21.060000896453857,23.5,-3.5,-24.609142453120047,38.571776469074685,1.2064968450029732,0.05547707882050629,0.336529016494751,0.15772897005081177,0.0
21.070000648498535,23.200000000000003,-3.0,-19.02408884673819,26.00540585471551,1.1214665559696737,0.0,0.3260781168937683,0.0,0.0
21.080000638961792,22.900000000000002,-2.8000000000000007,-3.6651914291880923,13.962634015954636,1.1214665559696737,0.0,0.3260781168937683,0.0,0.0
21.09000039100647,22.900000000000002,-2.6,-3.6651914291880923,10.297442586766545,1.0462873370073054,0.0,0.31377699971199036,0.0,0.0
21.100000619888306,22.900000000000002,-2.3000000000000007,-0.5235987755982988,15.882496193148398,1.0462873370073054,0.0,0.31377699971199036,0.0,0.0
21.110000610351562,22.900000000000002,-1.8000000000000003,-0.6981317007977318,26.00540585471551,1.0462873370073054,0.0,0.31377699971199036,0.0,0.0
21.12000060081482,22.900000000000002,-1.2000000000000002,0.0,34.38298626428829,1.0462873370073054,0.0,0.31377699971199036,0.0,0.0
21.130000352859497,22.900000000000002,-0.5,-1.5707963267948966,36.82644721708035,0.9726635501613999,0.0,0.28857356309890747,0.0,0.0
21.140000581741333,22.8,0.2,-6.806784082777885,43.807764225057674,0.9726635501613999,0.0,0.28857356309890747,0.0,0.0
21.15000081062317,22.6,1.0,-10.297442586766545,41.88790204786391,0.9202973355738192,0.0,0.2773943543434143,0.0,0.0
21.160000801086426,22.400000000000006,1.8000000000000003,-9.599310885968812,44.680428851054835,0.9202973355738192,0.0,0.2773943543434143,0.0,0.0
21.170000553131104,22.200000000000003,2.6,-7.67944870877505,46.25122517784973,0.9202973355738192,0.0,0.2773943543434143,0.0,0.0
21.18000054359436,22.1,3.5,-6.806784082777885,45.72762640225143,0.9202973355738192,0.0,0.2773943543434143,0.0,0.0
21.190000772476196,21.999999999999996,4.4,-8.028514559173916,48.86921905584123,0.9265190640396703,0.0,0.2541930675506592,0.0,0.0
21.200000286102295,21.8,5.300000000000001,-9.42477796076938,49.21828490624009,0.9265190640396703,0.0,0.2541930675506592,0.0,0.0
21.21000027656555,21.6,6.300000000000001,-10.821041362364843,54.10520681182422,0.9265190640396703,0.0,0.2541930675506592,0.0,0.0
21.220000505447388,21.400000000000002,7.200000000000001,-10.821041362364843,53.93067388662478,0.9265190640396703,0.0,0.2541930675506592,0.0,0.0
21.230000495910645,21.1,8.3,-7.853981633974483,55.676003138619116,0.9560722742524634,0.0,0.21004121005535126,0.0,0.0
21.2400004863739,21.1,9.200000000000003,-7.853981633974483,52.185344634630454,0.9560722742524634,0.0,0.21004121005535126,0.0,0.0
21.250000476837158,21.0,10.100000000000001,-3.3161255787892263,51.312680008633286,0.9560722742524634,0.0,0.21004121005535126,0.0,0.0
21.260000467300415,21.0,10.9,-1.7453292519943295,43.982297150257104,0.9560722742524634,0.0,0.21004121005535126,0.0,0.0
21.27000069618225,21.0,11.700000000000001,-1.7453292519943295,42.58603374866164,0.9949580771640333,0.0,0.19155341386795044,0.0,0.0
21.280000925064087,20.900000000000006,12.300000000000002,-3.490658503988659,33.16125578789226,0.9949580771640333,0.0,0.19155341386795044,0.0,0.0
21.290000677108765,20.700000000000003,12.700000000000001,-11.170107212763709,27.401669256310974,0.9949580771640333,0.0,0.19155341386795044,0.0,0.0
21.30000066757202,20.400000000000002,13.200000000000003,-18.32595714594046,27.925268031909273,1.0307330158426775,0.0,0.16948290169239044,0.0,0.0
21.310000896453857,19.900000000000002,13.8,-24.08554367752175,27.576202181510407,1.045768859635151,0.0,0.15523698925971985,0.0,0.0
21.320000648498535,18.8,14.100000000000003,-30.892327760299633,18.84955592153876,1.045768859635151,0.0,0.15523698925971985,0.0,0.0
21.330000638961792,18.8,14.300000000000002,-30.892327760299633,15.882496193148398,1.045768859635151,0.0,0.15523698925971985,0.0,0.0
21.34000062942505,17.799999999999997,14.700000000000001,-26.17993877991494,20.420352248333657,1.045768859635151,0.0,0.15523698925971985,0.0,0.0
21.350000619888306,17.799999999999997,15.200000000000003,-26.17993877991494,27.05260340591211,1.0742851151036357,0.0,0.1303127408027649,0.0,0.0
21.360000610351562,17.400000000000002,15.700000000000001,-20.07128639793479,22.689280275926283,1.0742851151036357,0.0,0.1303127408027649,0.0,0.0
21.37000060081482,17.0,15.8,-9.599310885968812,11.519173063162574,1.0934687778733434,0.0,0.1106216236948967,0.0,0.0
21.380000591278076,17.0,15.899999999999999,-9.599310885968812,2.2689280275926285,1.0934687778733434,0.0,0.1106216236948967,0.0,0.0
21.390000581741333,16.900000000000002,15.899999999999999,-6.632251157578453,1.0471975511965976,1.0934687778733434,0.0,0.1106216236948967,0.0,0.0
21.40000057220459,16.8,15.8,-5.410520681182422,-0.5235987755982988,1.07480359247579,0.0,0.08900000154972076,0.0,0.0
21.410000801086426,16.699999999999996,15.899999999999999,-8.028514559173916,0.6981317007977318,1.07480359247579,0.0,0.08900000154972076,0.0,0.0
21.420000553131104,16.5,15.899999999999999,-8.901179185171081,-0.0,1.07480359247579,0.0,0.08900000154972076,0.0,0.0
21.43000078201294,16.3,15.899999999999999,-10.64650843716541,0.6981317007977318,1.0862100946631839,0.0,0.06417899578809738,0.0,0.0
21.440000772476196,16.1,15.899999999999999,-11.344640137963141,-1.2217304763960306,1.0862100946631839,0.0,0.06417899578809738,0.0,0.0
21.450000762939453,15.8,15.899999999999999,-4.363323129985824,-0.0,1.0862100946631839,0.0,0.06417899578809738,0.0,0.0
21.46000051498413,15.8,15.899999999999999,-4.363323129985824,-0.3490658503988659,1.0862100946631839,0.0,0.06417899578809738,0.0,0.0
21.47000026702881,15.8,15.899999999999999,-0.8726646259971648,-0.0,1.060804703427625,0.0,0.04638025164604187,0.0,0.0
21.480000495910645,15.899999999999999,15.8,2.443460952792061,-1.5707963267948966,1.060804703427625,0.0,0.04638025164604187,0.0,0.0
21.4900004863739,16.0,15.8,5.585053606381854,-0.0,1.060804703427625,0.0,0.04638025164604187,0.0,0.0
21.500000476837158,16.1,15.8,7.67944870877505,-0.3490658503988659,1.009993920956507,0.0,0.03068377636373043,0.0,0.0
21.510000467300415,16.3,15.8,10.995574287564276,-0.0,1.009993920956507,0.0,0.03068377636373043,0.0,0.0
21.52000093460083,16.699999999999996,15.8,18.151424220741028,-1.3962634015954636,1.009993920956507,0.0,0.03068377636373043,0.0,0.0
21.530000686645508,17.2,15.8,25.307274153917778,-0.17453292519943295,0.9959950319083418,0.0,0.01403904054313898,0.0,0.0
21.540000677108765,18.1,15.8,25.656340004316643,-0.17453292519943295,0.9959950319083418,0.0,0.01403904054313898,0.0,0.0
21.55000066757202,18.1,15.8,25.656340004316643,-0.17453292519943295,0.9959950319083418,0.0,0.01403904054313898,0.0,0.0
21.56000065803528,18.900000000000002,15.8,21.81661564992912,-0.5235987755982988,0.9959950319083418,0.0,0.01403904054313898,0.0,0.0
21.570000410079956,18.900000000000002,15.700000000000001,21.81661564992912,-4.537856055185257,1.006364579351427,0.0,0.002087069908156991,0.0,0.0
21.580000638961792,19.6,15.399999999999999,17.10422666954443,-11.519173063162574,1.006364579351427,0.0,0.002087069908156991,0.0,0.0
21.59000039100647,19.6,15.300000000000002,17.10422666954443,-10.471975511965978,1.006364579351427,0.0,0.002087069908156991,0.0,0.0
21.600000619888306,20.599999999999998,15.100000000000001,31.764992386296797,-9.42477796076938,1.006364579351427,0.0,0.002087069908156991,0.0,0.0
21.610000610351562,20.599999999999998,14.900000000000002,31.764992386296797,-9.773843811168245,0.978885278627251,0.0,0.03261017054319382,0.0,0.0
21.62000036239624,21.500000000000004,14.600000000000001,48.1710873550435,-16.231562043547264,0.978885278627251,0.0,0.03261017054319382,0.0,0.0
21.630000591278076,22.8,14.100000000000003,68.76597252857658,-24.434609527920614,0.978885278627251,0.0,0.03261017054319382,0.0,0.0
21.640000581741333,24.5,13.3,89.18632477691024,-44.33136300065597,0.978885278627251,0.0,0.03261017054319382,0.0,0.0
21.65000081062317,26.5,12.300000000000002,108.21041362364844,-51.13814708343386,0.8648202567533129,0.03681189342295277,0.04769064858555794,0.11381690204143524,0.0
21.660000562667847,28.900000000000002,11.100000000000001,123.56931104119853,-61.61012259539983,0.8648202567533129,0.03681189342295277,0.04769064858555794,0.11381690204143524,0.0
21.670000553131104,31.200000000000003,10.0,130.89969389957471,-61.61012259539983,0.5521784013442915,0.4858132977085457,0.06348826736211777,0.015162221156060696,0.0
21.68000054359436,33.50000000000001,8.899999999999999,125.4891732183923,-60.03932626860494,0.5521784013442915,0.4858132977085457,0.06348826736211777,0.015162221156060696,0.0
21.690000534057617,35.5,8.100000000000001,111.52653920243766,-49.21828490624009,0.5521784013442915,0.4858132977085457,0.06348826736211777,0.015162221156060696,0.0
21.700000524520874,37.1,7.300000000000001,90.0589894029074,-44.15683007545654,0.5521784013442915,0.4858132977085457,0.06348826736211777,0.015162221156060696,0.0
21.71000051498413,38.300000000000004,6.800000000000001,69.81317007977319,-30.543261909900767,0.12702695617779478,1.0794698888251784,0.08406122773885727,0.027042267844080925,0.0
21.720000505447388,39.2,6.2,47.82202150464463,-32.81218993749339,0.12702695617779478,1.0794698888251784,0.08406122773885727,0.027042267844080925,0.0
21.730000257492065,40.2,5.4,27.22713633111154,-42.411500823462205,0.12702695617779478,1.0794698888251784,0.08406122773885727,0.027042267844080925,0.0
21.7400004863739,40.2,4.600000000000001,27.22713633111154,-43.807764225057674,0.0,1.3843345836518859,0.0,0.0245580542832613,0.0
21.750000476837158,40.6,3.6000000000000005,23.387411976724017,-51.13814708343386,0.0,1.3843345836518859,0.0,0.0245580542832613,0.0
21.760000705718994,40.90000000000001,2.7,17.278759594743864,-49.04375198104066,0.0,1.28634236031473,0.0,0.03611084446310997,0.0
21.77000069618225,41.1,1.8000000000000003,8.901179185171081,-53.581608036225916,0.0,1.28634236031473,0.0,0.03611084446310997,0.0
21.780000925064087,41.0,0.8,-0.6981317007977318,-53.23254218582705,0.0,1.28634236031473,0.0,0.03611084446310997,0.0
21.790000915527344,40.90000000000001,-0.2,-8.726646259971648,-56.89773361501514,0.0,1.28634236031473,0.0,0.03611084446310997,0.0
21.8000009059906,40.400000000000006,-1.1,-22.51474735072685,-51.48721293383272,0.0,1.133391535529222,0.0,0.035062216222286224,0.0
21.8100004196167,39.70000000000001,-2.0,-36.302848441482055,-51.312680008633286,0.0,1.133391535529222,0.0,0.035062216222286224,0.0
21.820000648498535,38.800000000000004,-2.8000000000000007,-50.26548245743669,-42.236967898262776,0.0,1.133391535529222,0.0,0.035062216222286224,0.0
21.830000400543213,37.6,-3.5,-63.0063859969953,-41.18977034706618,0.0,0.9674787764398572,0.0,0.03875991702079773,0.0
21.840000867843628,36.2,-4.2,-69.98770300497262,-33.510321638291124,0.0,0.9674787764398572,0.0,0.03875991702079773,0.0
21.850000619888306,35.0,-4.5,-71.90756518216638,-22.165681500327985,0.0,0.9674787764398572,0.0,0.03875991702079773,0.0
21.860000610351562,33.7,-4.7,-69.81317007977319,-13.439035240356338,0.0,0.8513398450773021,0.0,0.04595737159252167,0.0
21.8700008392334,32.5,-4.9,-64.22811647339132,-11.344640137963141,0.0,0.8513398450773021,0.0,0.04595737159252167,0.0
21.880000591278076,30.600000000000005,-5.1000000000000005,-49.56735075663896,-10.821041362364843,0.0,0.8513398450773021,0.0,0.04595737159252167,0.0
21.89000105857849,30.600000000000005,-5.300000000000001,-49.56735075663896,-10.471975511965978,0.0,0.79638124362895,0.0,0.058395836502313614,0.0
21.90000057220459,29.900000000000006,-5.4,-42.76056667386107,-5.410520681182422,0.0,0.79638124362895,0.0,0.058395836502313614,0.0
21.910000801086426,29.200000000000003,-5.4,-36.65191429188092,-1.3962634015954636,0.0,0.79638124362895,0.0,0.058395836502313614,0.0
21.920000553131104,28.700000000000003,-5.499999999999999,-30.892327760299633,-3.3161255787892263,0.0,0.79638124362895,0.0,0.058395836502313614,0.0
21.93000078201294,28.3,-5.7,-23.56194490192345,-11.868238913561441,0.0,0.8300822728189772,0.0,0.07539725303649902,0.0
21.940000534057617,28.1,-6.0,-12.566370614359172,-14.835298641951802,0.0,0.8300822728189772,0.0,0.07539725303649902,0.0
21.950001001358032,28.1,-6.300000000000001,-0.8726646259971648,-17.453292519943297,0.0,0.8300822728189772,0.0,0.10238038748502731,0.0
21.96000051498413,28.200000000000006,-6.800000000000001,4.014257279586958,-22.51474735072685,0.0,0.8300822728189772,0.0,0.10238038748502731,0.0
21.97000026702881,28.400000000000002,-7.400000000000001,9.42477796076938,-32.637657012293964,0.0,0.8300822728189772,0.0,0.10238038748502731,0.0
21.980000495910645,28.600000000000005,-8.0,14.311699866353502,-35.95378259108319,0.0,0.778753012975705,0.0,0.13629959523677826,0.0
21.9900004863739,29.0,-8.6,20.769418098732523,-31.590459461097364,0.0,0.778753012975705,0.0,0.13629959523677826,0.0
22.000000476837158,29.500000000000004,-9.200000000000003,23.736477827122883,-33.16125578789226,0.0,0.778753012975705,0.0,0.13629959523677826,0.0
22.010000705718994,29.900000000000006,-9.8,23.911010752322316,-29.670597283903604,0.2893103736620795,0.670909719567618,0.20512902736663818,0.1700417399406433,0.0
22.020000457763672,30.3,-10.0,22.340214425527417,-16.929693744344995,0.2893103736620795,0.670909719567618,0.20512902736663818,0.1700417399406433,0.0
22.030000686645508,30.600000000000005,-10.0,17.976891295541595,-0.5235987755982988,0.2893103736620795,0.670909719567618,0.20512902736663818,0.1700417399406433,0.0
22.040000915527344,31.0,-10.0,17.976891295541595,0.3490658503988659,0.2893103736620795,0.670909719567618,0.20512902736663818,0.1700417399406433,0.0
22.050000429153442,31.5,-10.0,26.703537555513243,0.3490658503988659,0.9524429326473836,0.515884985293493,0.3228595554828644,0.16426633298397064,0.0
22.06000065803528,32.2,-10.0,36.302848441482055,1.2217304763960306,0.9524429326473836,0.515884985293493,0.3228595554828644,0.16426633298397064,0.0
22.070000410079956,32.9,-9.900000000000002,39.09537524467298,4.014257279586958,0.9524429326473836,0.515884985293493,0.3228595554828644,0.16426633298397064,0.0
22.080000638961792,33.300000000000004,-9.5,24.434609527920614,20.420352248333657,1.4854376712219672,0.39715366707016647,0.31824955344200134,0.16060835123062134,0.0
22.09000062942505,33.2,-8.899999999999999,0.0,28.623399732707004,1.4854376712219672,0.39715366707016647,0.31824955344200134,0.16060835123062134,0.0
22.100000619888306,32.9,-8.4,-15.707963267948966,28.97246558310587,1.445514913566089,0.26234955031005774,0.3380674421787262,0.15131621062755585,0.0
22.110000371932983,32.400000000000006,-7.800000000000001,-25.656340004316643,33.85938748868999,1.445514913566089,0.26234955031005774,0.3380674421787262,0.15131621062755585,0.0
22.12000060081482,31.700000000000006,-7.1000000000000005,-35.43018381548489,33.85938748868999,1.445514913566089,0.26234955031005774,0.3380674421787262,0.15131621062755585,0.0
22.130000352859497,31.0,-6.800000000000001,-39.269908169872416,21.81661564992912,1.4916593996878185,0.12443456931702344,0.3403729498386383,0.19099999964237213,0.0
22.140000581741333,30.3,-6.4,-40.66617157146788,18.32595714594046,1.4916593996878185,0.12443456931702344,0.3403729498386383,0.19099999964237213,0.0
22.15000081062317,29.600000000000005,-6.0,-39.09537524467298,22.689280275926283,1.4916593996878185,0.12443456931702344,0.3403729498386383,0.19099999964237213,0.0
22.160000562667847,28.900000000000002,-5.4,-38.39724354387525,30.892327760299633,1.4916593996878185,0.12443456931702344,0.3403729498386383,0.19099999964237213,0.0
22.170000791549683,28.200000000000006,-4.9,-35.08111796508602,29.670597283903604,1.4916593996878185,0.12443456931702344,0.3403729498386383,0.19099999964237213,0.0
22.18000054359436,27.700000000000003,-4.5,-27.925268031909273,24.609142453120047,1.398333472700051,0.0,0.3390556275844574,0.0,0.0
22.190000534057617,27.3,-4.0,-24.08554367752175,25.830872929516076,1.398333472700051,0.0,0.3390556275844574,0.0,0.0
22.200000286102295,26.900000000000002,-3.4000000000000004,-22.340214425527417,30.01966313430247,1.277009767615953,0.0,0.32675883173942566,0.0,0.0
22.21000051498413,26.5,-3.0,-20.59488517353309,26.17993877991494,1.277009767615953,0.0,0.32675883173942566,0.0,0.0
22.220000505447388,26.200000000000003,-2.5,-17.802358370342162,23.212879051524585,1.277009767615953,0.0,0.32675883173942566,0.0,0.0
22.230000257492065,25.900000000000002,-2.0,-15.882496193148398,28.97246558310587,1.0851731399188753,0.0,0.3160425126552582,0.0,0.0
22.2400004863739,25.700000000000006,-1.3,-14.660765716752369,36.82644721708035,1.0851731399188753,0.0,0.3160425126552582,0.0,0.0
22.250000476837158,25.400000000000002,-0.7000000000000002,-14.660765716752369,35.25565089028546,1.0851731399188753,0.0,0.3160425126552582,0.0,0.0
22.260000705718994,25.200000000000003,-0.0,-11.344640137963141,38.746309394274114,1.0851731399188753,0.0,0.3160425126552582,0.0,0.0
22.27000069618225,25.1,0.7000000000000002,-8.028514559173916,38.571776469074685,0.9498505457866122,0.0,0.2907467186450958,0.0,0.0
22.28000044822693,24.900000000000006,1.3,-6.632251157578453,36.12831551628262,0.9498505457866122,0.0,0.2907467186450958,0.0,0.0
22.290000677108765,24.8,2.1,-7.155849933176751,41.88790204786391,0.8814115326622494,0.0,0.2706470489501953,0.0,0.0
22.30000066757202,24.600000000000005,2.8000000000000007,-9.948376736367678,39.444441095071845,0.8814115326622494,0.0,0.2706470489501953,0.0,0.0
22.31000065803528,24.3,3.4000000000000004,-14.137166941154069,36.65191429188092,0.8814115326622494,0.0,0.2706470489501953,0.0,0.0
22.320000648498535,24.0,4.2,-15.533430342749533,39.269908169872416,0.8798561005457866,0.0,0.24598291516304016,0.0,0.0
22.330000638961792,23.700000000000003,4.800000000000001,-19.373154697137057,33.85938748868999,0.8798561005457866,0.0,0.24598291516304016,0.0,0.0
22.34000039100647,23.200000000000003,5.4,-25.132741228718345,34.90658503988659,0.8798561005457866,0.0,0.24598291516304016,0.0,0.0
22.350000619888306,22.700000000000003,6.1000000000000005,-30.368728984701335,39.269908169872416,0.9016321501762656,0.0,0.22977055609226227,0.0,0.0
22.360000610351562,21.999999999999996,6.800000000000001,-32.81218993749339,35.95378259108319,0.9016321501762656,0.0,0.22977055609226227,0.0,0.0
22.37000060081482,21.400000000000002,7.499999999999999,-36.12831551628262,39.79350694547071,0.9016321501762656,0.0,0.22977055609226227,0.0,0.0
22.380000352859497,20.700000000000003,8.3,-35.95378259108319,42.236967898262776,0.9016321501762656,0.0,0.22977055609226227,0.0,0.0
22.390000581741333,20.1,9.100000000000001,-34.033920413889426,41.713369122664474,0.9425918625764526,0.0,0.20297139883041382,0.0,0.0
22.40000057220459,19.0,9.900000000000002,-30.368728984701335,47.1238898038469,0.9425918625764526,0.0,0.20297139883041382,0.0,0.0
22.410000324249268,19.0,10.8,-30.368728984701335,44.85496177625427,0.9425918625764526,0.0,0.20297139883041382,0.0,0.0
22.420000553131104,18.5,11.600000000000001,-25.48180707911721,47.82202150464463,0.9425918625764526,0.0,0.20297139883041382,0.0,0.0
22.43000054359436,18.200000000000003,12.4,-19.896753472735355,43.109632524259936,0.9425918625764526,0.0,0.20297139883041382,0.0,0.0
22.440000295639038,17.900000000000006,13.100000000000001,-14.835298641951802,40.14257279586958,0.9425918625764526,0.0,0.20297139883041382,0.0,0.0
22.450000762939453,17.7,13.8,-9.250245035569947,38.39724354387525,1.0172526041666665,0.0,0.16239449381828308,0.0,0.0
22.46000051498413,17.5,14.300000000000002,-7.853981633974483,26.00540585471551,1.0172526041666665,0.0,0.16239449381828308,0.0,0.0
22.470000505447388,17.5,14.600000000000001,-7.853981633974483,20.420352248333657,1.0172526041666665,0.0,0.16239449381828308,0.0,0.0
22.480000495910645,17.300000000000004,14.999999999999998,-11.868238913561441,19.896753472735355,1.0307330158426775,0.0,0.1445332020521164,0.0,0.0
22.490000247955322,17.0,15.300000000000002,-16.406094968746697,20.07128639793479,1.0307330158426775,0.0,0.1445332020521164,0.0,0.0
22.50000023841858,16.4,15.600000000000001,-14.835298641951802,14.311699866353502,1.0307330158426775,0.0,0.1445332020521164,0.0,0.0
22.510000467300415,16.4,15.700000000000001,-14.835298641951802,5.759586531581287,1.0307330158426775,0.0,0.1445332020521164,0.0,0.0
22.52000093460083,16.200000000000003,15.700000000000001,-12.042771838760874,-0.0,1.0488797238680767,0.0,0.12340434640645981,0.0,0.0
22.53000044822693,16.0,15.700000000000001,-10.471975511965978,0.17453292519943295,1.0488797238680767,0.0,0.12340434640645981,0.0,0.0
22.540000677108765,15.8,15.700000000000001,-1.7453292519943295,-0.0,1.0784329340808698,0.0,0.10823076963424683,0.0,0.0
22.55000066757202,15.8,15.700000000000001,-1.7453292519943295,0.17453292519943295,1.0784329340808698,0.0,0.10823076963424683,0.0,0.0
22.560000896453857,15.8,15.700000000000001,-2.0943951023931953,-0.5235987755982988,1.0784329340808698,0.0,0.10823076963424683,0.0,0.0
22.570000410079956,15.8,15.700000000000001,-2.6179938779914944,-0.0,1.0566568844503907,0.0,0.09331795573234558,0.0,0.0
22.580000400543213,15.8,15.700000000000001,0.8726646259971648,-0.0,1.0566568844503907,0.0,0.09331795573234558,0.0,0.0
22.59000062942505,15.8,15.700000000000001,-0.6981317007977318,-0.0,1.0566568844503907,0.0,0.09331795573234558,0.0,0.0
22.600000619888306,15.8,15.600000000000001,-0.3490658503988659,-1.5707963267948966,1.0566568844503907,0.0,0.09331795573234558,0.0,0.0
22.610000610351562,15.8,15.600000000000001,-0.3490658503988659,-0.3490658503988659,0.9882178713260278,0.0,0.07430955022573471,0.0,0.0
22.62000036239624,15.8,15.600000000000001,2.443460952792061,-1.5707963267948966,0.9882178713260278,0.0,0.07430955022573471,0.0,0.0
22.630001068115234,15.899999999999999,15.5,1.3962634015954636,-5.585053606381854,0.9882178713260278,0.0,0.07430955022573471,0.0,0.0
22.640000581741333,16.200000000000003,15.399999999999999,9.42477796076938,-5.410520681182422,1.0068830567235814,0.0,0.041626155376434326,0.0,0.0
22.65000033378601,16.200000000000003,15.200000000000003,9.42477796076938,-9.599310885968812,1.0068830567235814,0.0,0.041626155376434326,0.0,0.0
22.660000562667847,16.4,14.999999999999998,12.740903539558605,-10.64650843716541,1.0068830567235814,0.0,0.041626155376434326,0.0,0.0
22.670000553131104,16.699999999999996,14.800000000000002,17.802358370342162,-10.122909661567112,0.9685157311841658,0.0,0.023047108203172684,0.0,0.0
22.68000030517578,17.2,14.600000000000001,24.26007660272118,-10.821041362364843,0.9685157311841658,0.0,0.023047108203172684,0.0,0.0
22.690000772476196,17.7,14.400000000000002,27.75073510670984,-13.439035240356338,0.9685157311841658,0.0,0.023047108203172684,0.0,0.0
22.700000524520874,18.3,14.0,32.98672286269283,-20.07128639793479,0.9016321501762656,0.0,0.0034335809759795666,0.0,0.0
22.71000051498413,19.1,13.399999999999999,39.61897402027128,-30.01966313430247,0.9016321501762656,0.0,0.0034335809759795666,0.0,0.0
22.72000026702881,20.0,12.8,48.345620280242926,-29.49606435870417,0.9016321501762656,0.0,0.0034335809759795666,0.0,0.0
22.730000734329224,21.1,12.4,59.16666164260777,-24.609142453120047,0.9016321501762656,0.0,0.0034335809759795666,0.0,0.0
22.7400004863739,22.5,11.900000000000002,74.52555906015787,-27.401669256310974,0.9016321501762656,0.0,0.0034335809759795666,0.0,0.0
22.750000476837158,24.200000000000003,11.3,93.7241808320955,-33.335788713091695,0.894373466966106,0.0,0.011637683026492596,0.0,0.0
22.760000705718994,26.300000000000004,10.700000000000001,112.7482696788337,-31.93952531149623,0.894373466966106,0.0,0.011637683026492596,0.0,0.0
22.77000069618225,28.700000000000003,10.100000000000001,129.32889757277982,-32.11405823669566,0.894373466966106,0.0,0.011637683026492596,0.0,0.0
22.78000044822693,31.3,9.200000000000003,140.49900478554352,-46.774823953448035,0.6553553984029902,0.2208713605377166,0.03188607841730118,0.13635210692882538,0.0
22.790000438690186,33.9,8.3,143.29153158873444,-49.04375198104066,0.6553553984029902,0.2208713605377166,0.03188607841730118,0.13635210692882538,0.0
22.80000066757202,36.2,7.300000000000001,130.201562198777,-55.152404363020814,0.6553553984029902,0.2208713605377166,0.03188607841730118,0.13635210692882538,0.0
22.81000065803528,39.300000000000004,6.4,68.59143960337715,-47.1238898038469,0.6553553984029902,0.2208713605377166,0.03188607841730118,0.13635210692882538,0.0
22.820000648498535,39.300000000000004,5.600000000000001,68.59143960337715,-47.1238898038469,0.17317144229952428,1.0519905881010023,0.04273652657866478,0.045450471341609955,0.0
22.830000638961792,40.1,4.800000000000001,45.90215932745087,-46.42575810304917,0.17317144229952428,1.0519905881010023,0.04273652657866478,0.045450471341609955,0.0
22.84000062942505,40.6,3.6000000000000005,31.066860685499066,-61.784655520599266,0.17317144229952428,1.0519905881010023,0.04273652657866478,0.045450471341609955,0.0
22.850000619888306,41.0,2.3000000000000007,23.212879051524585,-72.08209810736581,0.008814115326622494,1.4133693164925245,0.9462941288948059,0.04981144517660141,0.0
22.860000610351562,41.30000000000001,0.7000000000000002,16.755160819145562,-79.58701389094142,0.0,1.4636616215914882,0.0,0.06459546834230423,0.0
22.87000060081482,41.50000000000001,-0.6000000000000001,14.137166941154069,-81.68140899333463,0.0,1.4636616215914882,0.0,0.06459546834230423,0.0
22.880000352859497,41.7,-2.0,10.64650843716541,-77.3180858633488,0.0,1.4636616215914882,0.0,0.06459546834230423,0.0
22.890000581741333,41.80000000000001,-3.2,3.3161255787892263,-67.71877497737998,0.0,1.265084788056405,0.0,0.06214754283428192,0.0
22.90000057220459,41.6,-4.2,-4.71238898038469,-54.97787143782138,0.0,1.265084788056405,0.0,0.06214754283428192,0.0
22.910000324249268,41.50000000000001,-4.800000000000001,-9.773843811168245,-39.09537524467298,0.0,1.265084788056405,0.0,0.06214754283428192,0.0
22.920000553131104,41.0,-5.499999999999999,-22.689280275926283,-34.38298626428829,0.0,0.9996243735134216,0.0,0.0715809166431427,0.0
22.93000078201294,40.300000000000004,-6.0,-38.04817769347638,-27.22713633111154,0.0,0.9996243735134216,0.0,0.0715809166431427,0.0
22.940000534057617,39.300000000000004,-6.300000000000001,-50.614548307835555,-18.500490071139893,0.0,0.9996243735134216,0.0,0.0715809166431427,0.0
22.950000762939453,38.300000000000004,-6.600000000000001,-57.07226654021458,-17.278759594743864,0.0,0.768901942904774,0.0,0.06797909736633301,0.0
22.96000051498413,37.1,-7.0,-60.56292504420323,-21.118483949131388,0.0,0.768901942904774,0.0,0.06797909736633301,0.0
22.970000505447388,36.0,-7.400000000000001,-63.18091892219473,-24.958208303518912,0.0,0.768901942904774,0.0,0.06797909736633301,0.0
22.980000495910645,34.800000000000004,-7.800000000000001,-66.67157742618339,-18.675022996339326,0.0,0.768901942904774,0.0,0.06797909736633301,0.0
22.990000247955322,33.50000000000001,-7.9,-70.68583470577035,-6.632251157578453,0.0,0.768901942904774,0.0,0.06797909736633301,0.0
23.000000476837158,32.1,-7.800000000000001,-71.73303225696695,0.5235987755982988,0.0,0.7144618188285763,0.0,0.08110159635543823,0.0
23.010000705718994,30.900000000000006,-7.800000000000001,-67.19517620178169,2.443460952792061,0.0,0.7144618188285763,0.0,0.08110159635543823,0.0
23.02000093460083,29.900000000000006,-7.800000000000001,-56.02506898901798,0.17453292519943295,0.0,0.7144618188285763,0.0,0.08110159635543823,0.0
23.030000686645508,29.300000000000004,-7.800000000000001,-34.90658503988659,-0.5235987755982988,0.0,0.7704573750212368,0.0,0.10588560253381729,0.0
23.040001153945923,29.200000000000003,-7.800000000000001,-8.901179185171081,-0.0,0.0,0.7704573750212368,0.0,0.10588560253381729,0.0
23.050000429153442,29.500000000000004,-7.800000000000001,12.566370614359172,-0.6981317007977318,0.0,0.7704573750212368,0.0,0.10588560253381729,0.0
23.060000896453857,30.200000000000003,-7.800000000000001,31.2413936106985,-0.17453292519943295,0.0,0.7886040830466361,0.0,0.1503162384033203,0.0
23.070000648498535,31.099999999999998,-7.9,47.647488579445195,-3.3161255787892263,0.0,0.7886040830466361,0.0,0.1503162384033203,0.0
23.080000638961792,32.1,-8.100000000000001,54.10520681182422,-8.901179185171081,0.0,0.7886040830466361,0.0,0.1503162384033203,0.0
23.09000062942505,33.0,-8.3,50.26548245743669,-12.915436464758038,0.0,0.7886040830466361,0.0,0.1503162384033203,0.0
23.100000619888306,33.800000000000004,-8.6,41.18977034706618,-16.406094968746697,0.0,0.7886040830466361,0.0,0.1503162384033203,0.0
23.110000610351562,34.4,-9.0,36.82644721708035,-22.165681500327985,0.9420733852042983,0.6657249458460754,0.3095833659172058,0.18015888333320618,0.0
23.12000060081482,35.0,-9.5,35.43018381548489,-22.51474735072685,0.9420733852042983,0.6657249458460754,0.3095833659172058,0.18015888333320618,0.0
23.130000352859497,35.70000000000001,-9.700000000000001,36.12831551628262,-13.962634015954636,0.9420733852042983,0.6657249458460754,0.3095833659172058,0.18015888333320618,0.0
23.140000581741333,37.0,-9.700000000000001,32.2885911618951,-0.0,0.9420733852042983,0.6657249458460754,0.3095833659172058,0.18015888333320618,0.0
23.15000081062317,37.0,-9.700000000000001,32.2885911618951,-0.0,1.2878977924311925,0.49825675464024805,0.3025265634059906,0.15907491743564606,0.0
23.160000562667847,37.1,-9.700000000000001,5.759586531581287,-0.0,1.2878977924311925,0.49825675464024805,0.3025265634059906,0.15907491743564606,0.0
23.170000791549683,36.6,-9.700000000000001,-20.245819323134224,-0.0,1.498399605525824,0.3504907035762827,0.31045329570770264,0.14413610100746155,0.0
23.18000054359436,35.70000000000001,-9.700000000000001,-43.109632524259936,0.17453292519943295,1.498399605525824,0.3504907035762827,0.31045329570770264,0.14413610100746155,0.0
23.190000772476196,34.7,-9.700000000000001,-57.07226654021458,-0.0,1.498399605525824,0.3504907035762827,0.31045329570770264,0.14413610100746155,0.0
23.200000286102295,33.39999999999999,-9.700000000000001,-67.19517620178169,0.3490658503988659,1.4351453661230036,0.2224267926541794,0.3181907534599304,0.13291142880916595,0.0
23.21000051498413,32.1,-9.700000000000001,-72.08209810736581,0.3490658503988659,1.4351453661230036,0.2224267926541794,0.3181907534599304,0.13291142880916595,0.0
23.220000505447388,30.799999999999997,-9.600000000000001,-72.08209810736581,3.3161255787892263,1.4351453661230036,0.2224267926541794,0.3181907534599304,0.13291142880916595,0.0
23.230000257492065,29.600000000000005,-9.4,-67.36970912698112,11.344640137963141,1.28271301870965,0.13117477515502887,0.32893532514572144,0.15764032304286957,0.0
23.240000247955322,28.400000000000002,-9.0,-64.75171524898963,18.32595714594046,1.28271301870965,0.13117477515502887,0.32893532514572144,0.15764032304286957,0.0
23.250000476837158,27.3,-8.700000000000001,-59.69026041820607,19.373154697137057,1.28271301870965,0.13117477515502887,0.32893532514572144,0.15764032304286957,0.0
23.260000467300415,26.400000000000006,-8.3,-51.66174585903215,20.943951023931955,1.1038383253164288,0.05132925984327217,0.3246035575866699,0.121101014316082,0.0
23.27000069618225,25.5,-7.699999999999999,-49.21828490624009,28.97246558310587,1.1038383253164288,0.05132925984327217,0.3246035575866699,0.121101014316082,0.0
23.280000925064087,24.5,-7.1000000000000005,-52.185344634630454,33.16125578789226,1.1038383253164288,0.05132925984327217,0.3246035575866699,0.121101014316082,0.0
23.290000677108765,23.6,-6.699999999999999,-51.312680008633286,24.434609527920614,1.1038383253164288,0.05132925984327217,0.3246035575866699,0.121101014316082,0.0
23.3000009059906,22.700000000000003,-6.2,-49.21828490624009,25.48180707911721,1.1038383253164288,0.05132925984327217,0.3246035575866699,0.121101014316082,0.0
23.31000065803528,21.900000000000002,-5.600000000000001,-45.0294947014537,31.590459461097364,0.9156310392244308,0.0,0.2946625053882599,0.0,0.0
23.320000648498535,21.1,-5.1000000000000005,-42.76056667386107,28.44886680750757,0.9156310392244308,0.0,0.2946625053882599,0.0,0.0
23.33000087738037,20.400000000000002,-4.7,-38.39724354387525,20.943951023931955,0.8425257297506795,0.0,0.2874000072479248,0.0,0.0
23.34000062942505,19.800000000000004,-4.3,-33.335788713091695,25.132741228718345,0.8425257297506795,0.0,0.2874000072479248,0.0,0.0
23.350000619888306,19.200000000000003,-3.6000000000000005,-33.16125578789226,34.20845333908886,0.8425257297506795,0.0,0.2874000072479248,0.0,0.0
23.360000610351562,18.8,-2.9000000000000004,-25.307274153917778,38.22271061867582,0.849265935588685,0.0,0.26775458455085754,0.0,0.0
23.37000060081482,18.6,-2.2,-14.660765716752369,40.49163864626845,0.849265935588685,0.0,0.26775458455085754,0.0,0.0
23.380000591278076,18.5,-1.3,-3.6651914291880923,49.39281783143953,0.849265935588685,0.0,0.26775458455085754,0.0,0.0
23.390000581741333,18.5,-0.30000000000000004,-0.8726646259971648,50.96361415823442,0.9094093107585797,0.0,0.2463546097278595,0.0,0.0
23.40000057220459,18.5,0.7000000000000002,-0.17453292519943295,57.94493116621174,0.9094093107585797,0.0,0.2463546097278595,0.0,0.0
23.410000801086426,18.5,1.7000000000000002,-0.17453292519943295,58.99212871740834,0.9094093107585797,0.0,0.2463546097278595,0.0,0.0
23.420000553131104,18.5,2.9000000000000004,0.0,60.73745796940267,0.9638494348347774,0.0,0.22842979431152344,0.0,0.0
23.43000078201294,18.5,4.0,0.0,61.261056745000964,0.9638494348347774,0.0,0.22842979431152344,0.0,0.0
23.440000534057617,18.5,5.0,0.0,58.817595792208905,0.9638494348347774,0.0,0.22842979431152344,0.0,0.0
23.450000524520874,18.5,6.1000000000000005,0.0,58.99212871740834,0.9752559370221712,0.0,0.2106374204158783,0.0,0.0
23.46000027656555,18.5,7.1000000000000005,-0.17453292519943295,53.75614096142535,0.9752559370221712,0.0,0.2106374204158783,0.0,0.0
23.470000743865967,18.5,8.0,-0.3490658503988659,52.883476335428185,0.9752559370221712,0.0,0.2106374204158783,0.0,0.0
23.480000495910645,18.5,8.8,-0.6981317007977318,44.33136300065597,0.9752559370221712,0.0,0.2106374204158783,0.0,0.0
23.4900004863739,18.5,9.600000000000001,0.3490658503988659,43.63323129985824,1.0716927282428643,0.0,0.18343637883663177,0.0,0.0
23.500000476837158,18.5,10.299999999999999,-0.17453292519943295,39.96803987067015,1.0716927282428643,0.0,0.18343637883663177,0.0,0.0
23.510000944137573,18.5,10.999999999999998,-0.17453292519943295,38.92084231947355,1.0716927282428643,0.0,0.18343637883663177,0.0,0.0
23.520000457763672,18.5,11.900000000000002,1.0471975511965976,43.63323129985824,1.0753220698479442,0.0,0.169617161154747,0.0,0.0
23.53000044822693,18.5,12.600000000000001,-0.8726646259971648,42.411500823462205,1.0753220698479442,0.0,0.169617161154747,0.0,0.0
23.540000915527344,18.5,13.399999999999999,0.0,45.378560551852566,1.0753220698479442,0.0,0.169617161154747,0.0,0.0
23.550000429153442,18.5,14.300000000000002,-0.17453292519943295,43.982297150257104,1.0535460202174651,0.0,0.14805512130260468,0.0,0.0
23.560000896453857,18.5,14.999999999999998,0.0,41.713369122664474,1.0535460202174651,0.0,0.14805512130260468,0.0,0.0
23.570000648498535,18.5,15.700000000000001,-0.3490658503988659,40.66617157146788,1.0535460202174651,0.0,0.14805512130260468,0.0,0.0
23.580000638961792,18.400000000000006,16.3,-0.8726646259971648,31.590459461097364,1.0716927282428643,0.0,0.13157378137111664,0.0,0.0
23.59000039100647,18.3,16.8,-5.585053606381854,31.066860685499066,1.0716927282428643,0.0,0.13157378137111664,0.0,0.0
23.600000619888306,18.1,17.5,-13.08996938995747,34.033920413889426,1.0716927282428643,0.0,0.13157378137111664,0.0,0.0
23.610000610351562,17.7,17.900000000000006,-17.62782544514273,22.165681500327985,1.0716927282428643,0.0,0.13157378137111664,0.0,0.0
23.62000060081482,17.400000000000002,17.900000000000006,-18.500490071139893,4.363323129985824,1.0639155676605505,0.0,0.10927290469408035,0.0,0.0
23.630000352859497,17.0,17.900000000000006,-19.722220547535922,0.6981317007977318,1.0639155676605505,0.0,0.10927290469408035,0.0,0.0
23.640000581741333,16.699999999999996,17.900000000000006,-16.406094968746697,-1.3962634015954636,1.0639155676605505,0.0,0.10927290469408035,0.0,0.0
23.65000081062317,16.6,17.900000000000006,-10.297442586766545,-0.0,1.0639155676605505,0.0,0.10927290469408035,0.0,0.0
23.660000562667847,16.6,17.799999999999997,0.0,-3.3161255787892263,1.0535460202174651,0.0,0.08545669168233871,0.0,0.0
23.670000791549683,16.6,17.6,0.0,-7.504915783575617,1.0535460202174651,0.0,0.08545669168233871,0.0,0.0
23.68000054359436,16.6,17.400000000000002,1.2217304763960306,-11.693705988362009,1.0535460202174651,0.0,0.08545669168233871,0.0,0.0
23.690000772476196,16.6,17.2,0.17453292519943295,-12.217304763960307,1.0405840859136086,0.0,0.0706641748547554,0.0,0.0
23.700000524520874,16.699999999999996,17.1,4.1887902047863905,-7.67944870877505,1.0405840859136086,0.0,0.0706641748547554,0.0,0.0
23.71000051498413,16.699999999999996,17.1,4.1887902047863905,-1.0471975511965976,1.0405840859136086,0.0,0.0706641748547554,0.0,0.0
23.720000505447388,17.6,17.0,26.878070480712676,-1.2217304763960306,1.0016982830020387,0.0,0.05545962601900101,0.0,0.0
23.730000734329224,17.6,17.0,26.878070480712676,-2.9670597283903604,1.0016982830020387,0.0,0.05545962601900101,0.0,0.0
23.740000247955322,18.3,16.8,40.840704496667314,-11.170107212763709,1.0016982830020387,0.0,0.05545962601900101,0.0,0.0
23.75000023841858,19.400000000000002,16.4,56.37413483941685,-16.929693744344995,0.9685157311841658,0.0,0.0350385420024395,0.0,0.0
23.760001182556152,20.700000000000003,16.0,67.89330790257942,-21.81661564992912,0.9685157311841658,0.0,0.0350385420024395,0.0,0.0
23.77000069618225,22.1,15.399999999999999,75.57275661135446,-30.892327760299633,0.9685157311841658,0.0,0.0350385420024395,0.0,0.0
23.780000925064087,23.5,14.900000000000002,78.01621756414653,-30.194196059501902,0.8959288990825688,0.0,0.022333331406116486,0.0,0.0
23.790000677108765,25.1,14.5,83.25220532012952,-22.340214425527417,0.8959288990825688,0.0,0.022333331406116486,0.0,0.0
23.8000009059906,26.700000000000003,14.100000000000003,91.106186954104,-19.198621771937624,0.8959288990825688,0.0,0.022333331406116486,0.0,0.0
23.8100004196167,28.500000000000004,13.700000000000003,97.04030641088472,-24.78367537831948,0.6885379502208631,0.0,0.0022530106361955404,0.0,0.0
23.820000648498535,30.400000000000006,13.100000000000001,104.02162341886203,-33.510321638291124,0.6885379502208631,0.0,0.0022530106361955404,0.0,0.0
23.830000638961792,32.400000000000006,12.4,108.035880698449,-33.335788713091695,0.6885379502208631,0.0,0.0022530106361955404,0.0,0.0
23.84000062942505,34.300000000000004,11.600000000000001,102.10176124166829,-45.90215932745087,0.6885379502208631,0.0,0.0022530106361955404,0.0,0.0
23.850000619888306,35.80000000000001,10.5,84.47393579652555,-56.37413483941685,0.6885379502208631,0.0,0.0022530106361955404,0.0,0.0
23.860000371932983,36.80000000000001,9.3,58.643062867009476,-65.44984694978736,0.12287913720056065,1.1230219880861365,0.025767933577299118,0.0037054491695016623,0.0
23.87000060081482,37.300000000000004,8.2,35.08111796508602,-60.73745796940267,0.12287913720056065,1.1230219880861365,0.025767933577299118,0.0037054491695016623,0.0
23.880000829696655,37.7,7.200000000000001,21.118483949131388,-55.50147021341968,0.12287913720056065,1.1230219880861365,0.025767933577299118,0.0037054491695016623,0.0
23.890000581741333,38.400000000000006,6.500000000000001,19.198621771937624,-40.31710572106901,0.12287913720056065,1.1230219880861365,0.025767933577299118,0.0037054491695016623,0.0
23.90000057220459,38.400000000000006,5.9,19.198621771937624,-34.033920413889426,0.0,1.4952887412928983,0.0,0.01668654754757881,0.0
23.910000801086426,38.800000000000004,5.4,20.943951023931955,-28.97246558310587,0.0,1.4952887412928983,0.0,0.01668654754757881,0.0
23.920000314712524,39.2,4.800000000000001,23.212879051524585,-32.11405823669566,0.0,1.4952887412928983,0.0,0.01668654754757881,0.0
23.93000102043152,39.60000000000001,3.9000000000000004,23.56194490192345,-50.96361415823442,0.0,1.4496627325433231,0.0,0.015148784965276718,0.0
23.940000534057617,40.0,2.5,18.84955592153876,-68.41690667817772,0.0,1.4009258595608223,0.0,0.01225832849740982,0.0
23.950000524520874,40.1,1.0,10.122909661567112,-80.4596785169386,0.0,1.4009258595608223,0.0,0.01225832849740982,0.0
23.96000051498413,40.1,-0.5,-1.0471975511965976,-88.31366015091308,0.0,1.4009258595608223,0.0,0.01225832849740982,0.0
23.970000505447388,40.1,-2.2,-0.5235987755982988,-93.7241808320955,0.0,1.4009258595608223,0.0,0.01225832849740982,0.0
23.980000257492065,39.900000000000006,-4.0,-10.64650843716541,-96.342174710087,0.0,1.4009258595608223,0.0,0.01225832849740982,0.0
23.9900004863739,39.400000000000006,-5.7,-24.434609527920614,-95.29497715889039,0.0,1.1074676669215087,0.0,0.03759176284074783,0.0
24.000000476837158,38.60000000000001,-7.300000000000001,-38.746309394274114,-87.79006137531478,0.0,1.1074676669215087,0.0,0.03759176284074783,0.0
24.010000705718994,37.7,-8.6,-51.13814708343386,-78.01621756414653,0.0,1.1074676669215087,0.0,0.03759176284074783,0.0
24.02000093460083,36.5,-9.900000000000002,-64.92624817418906,-66.32251157578452,0.0,1.1074676669215087,0.0,0.03759176284074783,0.0
24.030000686645508,35.1,-10.700000000000001,-75.57275661135446,-51.48721293383272,0.0,0.9068169238978083,0.0,0.034499142318964005,0.0
24.040000677108765,33.50000000000001,-11.5,-83.60127117052839,-42.411500823462205,0.0,0.9068169238978083,0.0,0.034499142318964005,0.0
24.05000066757202,31.9,-12.0,-86.04473212332044,-31.066860685499066,0.0,0.7668280334161569,0.0,0.04027653858065605,0.0
24.060000896453857,30.400000000000006,-12.5,-83.95033702092725,-25.307274153917778,0.0,0.7668280334161569,0.0,0.04027653858065605,0.0
24.070000410079956,29.0,-13.100000000000001,-77.14355293814937,-32.46312408709453,0.0,0.7668280334161569,0.0,0.04027653858065605,0.0
24.080000400543213,27.800000000000004,-13.600000000000001,-67.71877497737998,-29.146998508305302,0.0,0.6854270859879374,0.0,0.07136308401823044,0.0
24.09000062942505,26.799999999999997,-13.900000000000002,-56.72320068981571,-19.722220547535922,0.0,0.6854270859879374,0.0,0.07136308401823044,0.0
24.100000619888306,26.1,-14.200000000000001,-38.571776469074685,-16.58062789394613,0.0,0.6854270859879374,0.0,0.07136308401823044,0.0
24.110000610351562,25.900000000000002,-14.600000000000001,-15.184364492350667,-20.07128639793479,0.0,0.6989074976639483,0.0,0.10209792107343674,0.0
24.12000060081482,26.1,-14.900000000000002,6.1086523819801535,-17.802358370342162,0.0,0.6989074976639483,0.0,0.10209792107343674,0.0
24.130000591278076,26.5,-15.100000000000001,21.29301687433082,-9.075712110370514,0.0,0.6989074976639483,0.0,0.10209792107343674,0.0
24.140000581741333,27.200000000000003,-15.100000000000001,34.90658503988659,-0.5235987755982988,0.0,0.6989074976639483,0.0,0.10209792107343674,0.0
24.15000081062317,28.1,-15.100000000000001,45.90215932745087,-1.0471975511965976,0.0,0.666761900590384,0.0,0.1318398118019104,0.0
24.160000562667847,29.1,-15.100000000000001,53.75614096142535,0.17453292519943295,0.0,0.666761900590384,0.0,0.1318398118019104,0.0
24.170000553131104,30.1,-15.100000000000001,55.152404363020814,-0.3490658503988659,0.31938206124702684,0.570843586741845,0.296792209148407,0.151508629322052,0.0
24.18000054359436,31.0,-15.100000000000001,50.440015382636126,0.6981317007977318,0.31938206124702684,0.570843586741845,0.296792209148407,0.151508629322052,0.0
24.190000772476196,31.799999999999997,-15.100000000000001,47.1238898038469,-0.0,0.31938206124702684,0.570843586741845,0.296792209148407,0.151508629322052,0.0
24.200000524520874,32.7,-15.100000000000001,46.42575810304917,-0.0,0.31938206124702684,0.570843586741845,0.296792209148407,0.151508629322052,0.0
24.21000051498413,34.2,-15.100000000000001,34.20845333908886,-0.17453292519943295,1.1971642523041963,0.4044123502803262,0.33291512727737427,0.18689744174480438,0.0
24.220000505447388,34.2,-15.100000000000001,34.20845333908886,0.6981317007977318,1.1971642523041963,0.4044123502803262,0.33291512727737427,0.18689744174480438,0.0
24.230000495910645,34.300000000000004,-15.100000000000001,12.566370614359172,0.5235987755982988,1.1971642523041963,0.4044123502803262,0.33291512727737427,0.18689744174480438,0.0
24.2400004863739,33.50000000000001,-14.999999999999998,-29.321531433504738,0.17453292519943295,1.1971642523041963,0.4044123502803262,0.33291512727737427,0.18689744174480438,0.0
24.25000023841858,33.50000000000001,-14.999999999999998,-29.321531433504738,-0.0,1.3547813734390928,0.3271592218293408,0.3639330267906189,0.17724405229091644,0.0
24.260000705718994,32.6,-14.999999999999998,-48.1710873550435,1.2217304763960306,1.3547813734390928,0.3271592218293408,0.3639330267906189,0.17724405229091644,0.0
24.27000069618225,31.5,-14.900000000000002,-57.07226654021458,7.504915783575617,1.5248419515056915,0.22190831528202515,0.38359367847442627,0.14090654253959656,0.0
24.280000925064087,29.500000000000004,-14.600000000000001,-52.883476335428185,16.05702911834783,1.5248419515056915,0.22190831528202515,0.38359367847442627,0.14090654253959656,0.0
24.290000438690186,29.500000000000004,-14.100000000000003,-52.883476335428185,21.81661564992912,1.5248419515056915,0.22190831528202515,0.38359367847442627,0.14090654253959656,0.0
24.3000009059906,28.600000000000005,-13.5,-47.99655442984406,34.033920413889426,1.5274343383664628,0.1296193430385661,0.3817359209060669,0.11259999871253967,0.0
24.3100004196167,27.9,-12.700000000000001,-42.06243497306334,44.505895925855405,1.5274343383664628,0.1296193430385661,0.3817359209060669,0.11259999871253967,0.0
24.320000648498535,27.3,-11.8,-34.73205211468716,46.6002910282486,1.5274343383664628,0.1296193430385661,0.3817359209060669,0.11259999871253967,0.0
24.330000638961792,26.700000000000003,-10.8,-31.2413936106985,53.05800926062762,1.5274343383664628,0.1296193430385661,0.3817359209060669,0.11259999871253967,0.0
24.34000062942505,26.200000000000003,-9.900000000000002,-28.099800957108705,51.83627878423159,1.5274343383664628,0.1296193430385661,0.3817359209060669,0.11259999871253967,0.0
24.350000619888306,25.700000000000006,-8.899999999999999,-27.22713633111154,51.83627878423159,1.2282728946334522,0.026960823352021747,0.3598315715789795,0.11100000143051147,0.0
24.360000610351562,25.200000000000003,-8.100000000000001,-29.321531433504738,45.90215932745087,1.2282728946334522,0.026960823352021747,0.3598315715789795,0.11100000143051147,0.0
24.37000060081482,24.600000000000005,-7.300000000000001,-31.590459461097364,45.0294947014537,1.2282728946334522,0.026960823352021747,0.3598315715789795,0.11100000143051147,0.0
24.380000591278076,24.1,-6.600000000000001,-26.52900463031381,38.39724354387525,1.0877655267796467,0.0,0.33456721901893616,0.0,0.0
24.390000581741333,23.700000000000003,-6.0,-22.689280275926283,34.55751918948773,1.0877655267796467,0.0,0.33456721901893616,0.0,0.0
24.40000057220459,23.0,-5.2,-18.675022996339326,39.96803987067015,1.0877655267796467,0.0,0.33456721901893616,0.0,0.0
24.410000801086426,22.700000000000003,-4.600000000000001,-16.58062789394613,38.39724354387525,0.9498505457866122,0.0,0.3152008652687073,0.0,0.0
24.420000314712524,22.700000000000003,-3.7000000000000006,-16.58062789394613,45.72762640225143,0.9498505457866122,0.0,0.3152008652687073,0.0,0.0
24.43000078201294,22.400000000000006,-2.8000000000000007,-15.533430342749533,51.312680008633286,0.9498505457866122,0.0,0.3152008652687073,0.0,0.0
24.440000534057617,22.200000000000003,-1.7000000000000002,-11.693705988362009,57.42133239061344,0.8513398450773021,0.0,0.2946029305458069,0.0,0.0
24.450000762939453,21.999999999999996,-0.5,-10.821041362364843,60.388392119003804,0.8513398450773021,0.0,0.2946029305458069,0.0,0.0
24.46000051498413,21.8,0.5,-10.471975511965978,64.75171524898963,0.8513398450773021,0.0,0.2946029305458069,0.0,0.0
24.470000505447388,21.6,1.6,-11.519173063162574,63.18091892219473,0.8171203385151206,0.0,0.27174112200737,0.0,0.0
24.480000257492065,21.500000000000004,2.8000000000000007,-8.901179185171081,63.18091892219473,0.8171203385151206,0.0,0.27174112200737,0.0,0.0
24.4900004863739,21.400000000000002,3.9000000000000004,-6.457718232379019,61.086523819801535,0.8171203385151206,0.0,0.27174112200737,0.0,0.0
24.500000476837158,21.300000000000004,5.0,-3.3161255787892263,58.293997016610604,0.8171203385151206,0.0,0.27174112200737,0.0,0.0
24.510000467300415,21.300000000000004,6.1000000000000005,-3.3161255787892263,59.69026041820607,0.8611909151482331,0.0,0.24745875597000122,0.0,0.0
24.52000093460083,21.1,7.1000000000000005,-5.585053606381854,58.643062867009476,0.8611909151482331,0.0,0.24745875597000122,0.0,0.0
24.530000686645508,21.0,8.3,-6.283185307179586,61.9591884457987,0.9291114509004417,0.0,0.22248214483261108,0.0,0.0
24.540000915527344,21.0,9.4,-1.3962634015954636,60.9119908946021,0.9291114509004417,0.0,0.22248214483261108,0.0,0.0
24.55000066757202,21.0,10.4,-1.3962634015954636,59.16666164260777,0.9291114509004417,0.0,0.22248214483261108,0.0,0.0
24.56000065803528,20.8,11.4,-6.981317007977318,55.850536063818545,1.0001428508855759,0.0,0.19682788848876953,0.0,0.0
24.570000648498535,20.599999999999998,12.300000000000002,-10.297442586766545,50.09094953223726,1.0001428508855759,0.0,0.19682788848876953,0.0,0.0
24.58000087738037,20.400000000000002,13.100000000000001,-12.915436464758038,43.807764225057674,1.0001428508855759,0.0,0.19682788848876953,0.0,0.0
24.59000062942505,20.1,13.900000000000002,-13.61356816555577,40.840704496667314,1.045768859635151,0.0,0.1778448224067688,0.0,0.0
24.600000619888306,19.900000000000002,14.5,-14.311699866353502,33.510321638291124,1.045768859635151,0.0,0.1778448224067688,0.0,0.0
24.610000610351562,19.6,15.100000000000001,-15.3588974175501,36.302848441482055,1.045768859635151,0.0,0.1778448224067688,0.0,0.0
24.62000060081482,19.300000000000004,15.8,-16.929693744344995,34.20845333908886,1.045768859635151,0.0,0.1778448224067688,0.0,0.0
24.630000591278076,18.900000000000002,16.200000000000003,-19.198621771937624,24.78367537831948,1.0566568844503907,0.0,0.1553395539522171,0.0,0.0
24.640000581741333,18.5,16.5,-19.896753472735355,17.62782544514273,1.0566568844503907,0.0,0.1553395539522171,0.0,0.0
24.65000081062317,18.1,16.8,-21.81661564992912,18.675022996339326,1.0566568844503907,0.0,0.1553395539522171,0.0,0.0
24.660000324249268,17.2,17.2,-26.00540585471551,18.84955592153876,1.0566568844503907,0.0,0.1553395539522171,0.0,0.0
24.670000791549683,17.2,17.400000000000002,-26.00540585471551,15.184364492350667,1.0924318231290349,0.0,0.13190460205078125,0.0,0.0
24.68000030517578,16.8,17.5,-24.434609527920614,4.1887902047863905,1.0924318231290349,0.0,0.13190460205078125,0.0,0.0
24.690000772476196,16.4,17.5,-20.769418098732523,-0.6981317007977318,1.0924318231290349,0.0,0.13190460205078125,0.0,0.0
24.700000524520874,16.1,17.400000000000002,-17.62782544514273,-3.3161255787892263,1.096579642106269,0.0,0.10753427445888519,0.0,0.0
24.71000051498413,15.8,17.400000000000002,-16.755160819145562,0.17453292519943295,1.096579642106269,0.0,0.10753427445888519,0.0,0.0
24.72000026702881,15.200000000000003,17.400000000000002,-15.3588974175501,-0.17453292519943295,1.096579642106269,0.0,0.10753427445888519,0.0,0.0
24.730000495910645,15.200000000000003,17.400000000000002,-15.3588974175501,-0.0,1.0810253209416412,0.0,0.0882326140999794,0.0,0.0
24.7400004863739,14.999999999999998,17.400000000000002,-12.217304763960307,-0.8726646259971648,1.0810253209416412,0.0,0.0882326140999794,0.0,0.0
24.750000476837158,14.800000000000002,17.400000000000002,-2.792526803190927,-0.0,1.0328069253312946,0.0,0.0592811219394207,0.0,0.0
24.760000705718994,14.800000000000002,17.400000000000002,-2.792526803190927,-1.5707963267948966,1.0328069253312946,0.0,0.0592811219394207,0.0,0.0
24.77000069618225,14.800000000000002,17.300000000000004,-0.3490658503988659,-4.014257279586958,1.0328069253312946,0.0,0.0592811219394207,0.0,0.0
24.780000925064087,14.800000000000002,17.1,0.17453292519943295,-8.901179185171081,1.00429066986281,0.0,0.04067784920334816,0.0,0.0
24.790000677108765,14.800000000000002,16.900000000000002,0.17453292519943295,-9.773843811168245,1.00429066986281,0.0,0.04067784920334816,0.0,0.0
24.8000009059906,14.900000000000002,16.8,1.9198621771937625,-5.235987755982989,1.00429066986281,0.0,0.04067784920334816,0.0,0.0
24.81000065803528,15.100000000000001,16.699999999999996,8.901179185171081,-4.363323129985824,0.9368886114827557,0.0,0.021706141531467438,0.0,0.0
24.820000648498535,15.5,16.8,21.29301687433082,-0.3490658503988659,0.9368886114827557,0.0,0.021706141531467438,0.0,0.0
24.830000400543213,16.200000000000003,16.8,35.08111796508602,-0.17453292519943295,0.9368886114827557,0.0,0.021706141531467438,0.0,0.0
24.84000062942505,18.400000000000006,16.699999999999996,66.84611035138282,-0.5235987755982988,0.9368886114827557,0.0,0.021706141531467438,0.0,0.0
24.850000381469727,18.400000000000006,16.699999999999996,66.84611035138282,-2.792526803190927,0.8824484874065579,0.0,0.018494710326194763,0.0,0.0
24.860000610351562,19.900000000000002,16.4,77.14355293814937,-12.566370614359172,0.8824484874065579,0.0,0.018494710326194763,0.0,0.0
24.87000060081482,21.300000000000004,16.0,80.80874436733745,-22.863813201125716,0.8824484874065579,0.0,0.018494710326194763,0.0,0.0
24.880000591278076,22.700000000000003,15.200000000000003,76.44542123735164,-41.538836197465045,0.9047430144091912,0.0,0.020690543577075005,0.0,0.0
24.890000581741333,23.900000000000006,14.300000000000002,67.36970912698112,-48.86921905584123,0.9047430144091912,0.0,0.020690543577075005,0.0,0.0
24.90000057220459,25.0,13.100000000000001,59.8647933434055,-58.99212871740834,0.9047430144091912,0.0,0.020690543577075005,0.0,0.0
24.910000801086426,26.000000000000004,12.100000000000001,58.643062867009476,-60.9119908946021,0.9047430144091912,0.0,0.020690543577075005,0.0,0.0
24.920000314712524,27.3,10.8,67.71877497737998,-69.11503837897546,0.8741528494520897,0.06066185254204893,0.01213167142122984,0.0819401741027832,0.0
24.93000078201294,28.900000000000002,9.4,83.95033702092725,-73.6528944341607,0.8741528494520897,0.06066185254204893,0.01213167142122984,0.0819401741027832,0.0
24.940000534057617,30.700000000000006,8.0,99.65830028887622,-79.58701389094142,0.8741528494520897,0.06066185254204893,0.01213167142122984,0.0819401741027832,0.0
24.950000524520874,32.8,6.500000000000001,111.52653920243766,-82.03047484373349,0.6076554801647978,0.739348732691981,0.000419796648202464,0.015347827225923538,0.0
24.96000051498413,35.0,5.0,114.49359893082801,-75.2236907609556,0.6076554801647978,0.739348732691981,0.000419796648202464,0.015347827225923538,0.0
24.970000505447388,36.9,4.0,109.25761117484502,-61.261056745000964,0.12391609194486918,1.149464334066004,0.024807533249258995,0.036214254796504974,0.0
24.980000257492065,38.50000000000001,3.1,91.28071987930343,-49.04375198104066,0.12391609194486918,1.149464334066004,0.024807533249258995,0.036214254796504974,0.0
24.9900004863739,39.70000000000001,2.5,67.54424205218055,-39.269908169872416,0.12391609194486918,1.149464334066004,0.024807533249258995,0.036214254796504974,0.0
25.000000476837158,40.300000000000004,1.7000000000000002,40.31710572106901,-41.88790204786391,0.0,1.341819439135236,0.0,0.03341113030910492,0.0
25.010000705718994,40.5,0.9000000000000001,15.533430342749533,-41.18977034706618,0.0,1.341819439135236,0.0,0.03341113030910492,0.0
25.02000093460083,40.6,-0.0,2.9670597283903604,-50.26548245743669,0.0,1.341819439135236,0.0,0.03341113030910492,0.0
25.030000686645508,40.6,-0.9000000000000001,0.8726646259971648,-54.80333851262195,0.0,1.2764912902437988,0.0,0.0481242910027504,0.0
25.040001153945923,40.5,-2.0,-0.5235987755982988,-61.4355896702004,0.0,1.2764912902437988,0.0,0.0481242910027504,0.0
25.05000066757202,40.6,-3.2,0.0,-61.784655520599266,0.0,1.2764912902437988,0.0,0.0481242910027504,0.0
25.060000896453857,40.5,-4.3,-1.5707963267948966,-63.18091892219473,0.0,1.0872470494074924,0.0,0.05787649005651474,0.0
25.070000410079956,40.400000000000006,-5.499999999999999,-7.504915783575617,-63.18091892219473,0.0,1.0872470494074924,0.0,0.05787649005651474,0.0
25.080000400543213,40.0,-6.600000000000001,-18.84955592153876,-61.261056745000964,0.0,1.0872470494074924,0.0,0.05787649005651474,0.0
25.09000039100647,39.400000000000006,-7.699999999999999,-29.321531433504738,-61.086523819801535,0.0,1.0872470494074924,0.0,0.05787649005651474,0.0
25.100000619888306,38.7,-8.700000000000001,-40.31710572106901,-53.93067388662478,0.0,0.8902256479888718,0.0,0.05869947746396065,0.0
25.11000084877014,37.7,-9.600000000000001,-49.21828490624009,-48.86921905584123,0.0,0.8902256479888718,0.0,0.05869947746396065,0.0
25.12000060081482,36.7,-10.100000000000001,-56.89773361501514,-33.510321638291124,0.0,0.8902256479888718,0.0,0.05869947746396065,0.0
25.130000591278076,35.599999999999994,-10.4,-62.30825429619757,-19.896753472735355,0.0,0.8083062231884981,0.0,0.0716157779097557,0.0
25.140000581741333,34.4,-10.8,-62.13372137099813,-18.500490071139893,0.0,0.8083062231884981,0.0,0.0716157779097557,0.0
25.15000081062317,33.300000000000004,-11.200000000000003,-58.46852994181004,-20.943951023931955,0.0,0.8083062231884981,0.0,0.0716157779097557,0.0
25.160000562667847,31.5,-11.5,-48.345620280242926,-6.457718232379019,0.0,0.8523767998216105,0.0,0.07985644787549973,0.0
25.170000791549683,31.5,-11.5,-48.345620280242926,-6.457718232379019,0.0,0.8523767998216105,0.0,0.07985644787549973,0.0
25.18000054359436,30.700000000000006,-11.5,-42.93509959906051,-1.0471975511965976,0.0,0.8523767998216105,0.0,0.07985644787549973,0.0
25.190000534057617,30.1,-11.5,-37.69911184307752,-2.0943951023931953,0.0,0.8523767998216105,0.0,0.07985644787549973,0.0
25.200000524520874,29.500000000000004,-11.600000000000001,-29.49606435870417,-6.981317007977318,0.0,0.8523767998216105,0.0,0.07985644787549973,0.0
25.21000075340271,29.200000000000003,-11.900000000000002,-22.689280275926283,-12.042771838760874,0.0,0.8819300100344036,0.0,0.10853086411952972,0.0
25.220000505447388,28.900000000000002,-12.200000000000001,-14.660765716752369,-16.406094968746697,0.0,0.8819300100344036,0.0,0.10853086411952972,0.0
25.230000257492065,28.800000000000004,-12.600000000000001,-5.061454830783556,-24.08554367752175,0.0,0.8819300100344036,0.0,0.10853086411952972,0.0
25.240000247955322,28.900000000000002,-13.200000000000003,0.5235987755982988,-29.845130209103036,0.0,0.8819300100344036,0.0,0.10853086411952972,0.0
25.25000023841858,28.900000000000002,-13.600000000000001,3.3161255787892263,-24.434609527920614,0.0,0.8197127253758919,0.0,0.12858380377292633,0.0
25.260000467300415,29.0,-13.900000000000002,4.1887902047863905,-14.835298641951802,0.0,0.8197127253758919,0.0,0.12858380377292633,0.0
25.27000069618225,29.0,-14.100000000000003,-2.792526803190927,-11.868238913561441,0.0,0.7559400086009174,0.0,0.16175445914268494,0.0
25.280000925064087,28.800000000000004,-14.300000000000002,-6.806784082777885,-11.868238913561441,0.0,0.7559400086009174,0.0,0.16175445914268494,0.0
25.290000438690186,28.600000000000005,-14.600000000000001,-12.39183768915974,-14.660765716752369,0.0,0.7559400086009174,0.0,0.16175445914268494,0.0
25.30000066757202,28.200000000000006,-14.900000000000002,-18.500490071139893,-13.61356816555577,0.3681189342295277,0.6159511181192661,0.2805492877960205,0.19315488636493683,0.0
25.3100004196167,28.0,-14.900000000000002,-13.788101090755204,-4.71238898038469,0.3681189342295277,0.6159511181192661,0.2805492877960205,0.19315488636493683,0.0
25.320000648498535,27.9,-14.900000000000002,-5.585053606381854,2.2689280275926285,0.3681189342295277,0.6159511181192661,0.2805492877960205,0.19315488636493683,0.0
25.330000638961792,28.0,-14.800000000000002,4.1887902047863905,4.537856055185257,1.2147924829574412,0.4614448612172953,0.35771530866622925,0.17706741392612457,0.0
25.34000062942505,28.3,-14.600000000000001,15.009831567151235,10.821041362364843,1.2147924829574412,0.4614448612172953,0.35771530866622925,0.17706741392612457,0.0
25.350000619888306,28.600000000000005,-14.100000000000003,16.58062789394613,24.958208303518912,1.2147924829574412,0.4614448612172953,0.35771530866622925,0.17706741392612457,0.0
25.36000084877014,28.700000000000003,-13.100000000000001,0.5235987755982988,49.39281783143953,1.2147924829574412,0.4614448612172953,0.35771530866622925,0.17706741392612457,0.0
25.37000060081482,28.700000000000003,-11.900000000000002,0.5235987755982988,62.65732014659643,1.5912070551414372,0.3344179050395005,0.3470645248889923,0.15782169997692108,0.0
25.380000591278076,28.600000000000005,-10.600000000000001,-4.71238898038469,67.54424205218055,1.5912070551414372,0.3344179050395005,0.3470645248889923,0.15782169997692108,0.0
25.390000581741333,28.500000000000004,-9.5,-6.1086523819801535,63.18091892219473,1.3755204683252633,0.16902362332229018,0.3474244177341461,0.18584662675857544,0.0
25.40000057220459,28.3,-8.5,-11.868238913561441,54.45427266222308,1.3755204683252633,0.16902362332229018,0.3474244177341461,0.18584662675857544,0.0
25.410000324249268,28.0,-7.9,-15.009831567151235,40.840704496667314,1.3755204683252633,0.16902362332229018,0.3474244177341461,0.18584662675857544,0.0
25.420000553131104,27.700000000000003,-7.200000000000001,-18.151424220741028,35.43018381548489,1.4818083296168876,0.06325423940282025,0.3493219017982483,0.127393439412117,0.0
25.43000078201294,27.200000000000003,-6.800000000000001,-24.434609527920614,26.354471705114378,1.4818083296168876,0.06325423940282025,0.3493219017982483,0.127393439412117,0.0
25.440000534057617,26.700000000000003,-6.300000000000001,-28.797932657906436,23.736477827122883,1.4818083296168876,0.06325423940282025,0.3493219017982483,0.127393439412117,0.0
25.450000524520874,26.1,-5.800000000000001,-30.194196059501902,29.670597283903604,1.4818083296168876,0.06325423940282025,0.3493219017982483,0.127393439412117,0.0
25.46000051498413,25.6,-5.1000000000000005,-27.925268031909273,34.90658503988659,1.3941856537228168,0.0,0.32760170102119446,0.0,0.0
25.470000743865967,25.200000000000003,-4.600000000000001,-24.78367537831948,29.670597283903604,1.3941856537228168,0.0,0.32760170102119446,0.0,0.0
25.480000495910645,24.8,-4.0,-18.500490071139893,33.16125578789226,1.3941856537228168,0.0,0.32760170102119446,0.0,0.0
25.49000072479248,24.600000000000005,-3.2,-12.566370614359172,39.269908169872416,1.2251620304005266,0.0,0.3175230622291565,0.0,0.0
25.500000476837158,24.5,-2.6,-5.934119456780721,35.43018381548489,1.2251620304005266,0.0,0.3175230622291565,0.0,0.0
25.510000467300415,24.5,-1.9000000000000004,-1.3962634015954636,38.571776469074685,1.2251620304005266,0.0,0.3175230622291565,0.0,0.0
25.52000093460083,24.5,-1.1,-0.3490658503988659,45.20402762665314,1.2251620304005266,0.0,0.3175230622291565,0.0,0.0
25.530000686645508,24.5,-0.2,-0.6981317007977318,47.1238898038469,1.2251620304005266,0.0,0.3175230622291565,0.0,0.0
25.540000915527344,24.5,0.7000000000000002,-0.17453292519943295,55.50147021341968,1.0141417399337411,0.0,0.29063600301742554,0.0,0.0
25.55000066757202,24.400000000000002,1.8000000000000003,-3.6651914291880923,58.643062867009476,1.0141417399337411,0.0,0.29063600301742554,0.0,0.0
25.560000896453857,24.200000000000003,3.0,-10.995574287564276,65.62437987498679,1.0141417399337411,0.0,0.29063600301742554,0.0,0.0
25.570000648498535,23.900000000000006,4.3,-18.84955592153876,72.25663103256524,0.9213342903181277,0.0,0.27358075976371765,0.0,0.0
25.580000638961792,23.400000000000002,5.7,-25.307274153917778,75.74728953655391,0.9213342903181277,0.0,0.27358075976371765,0.0,0.0
25.59000062942505,22.900000000000002,7.1000000000000005,-28.797932657906436,74.7000919853573,0.9213342903181277,0.0,0.27358075976371765,0.0,0.0
25.600000619888306,22.3,8.4,-29.670597283903604,72.95476273336297,0.912001697619351,0.0,0.25363901257514954,0.0,0.0
25.610000610351562,21.8,9.600000000000001,-28.797932657906436,67.02064327658225,0.912001697619351,0.0,0.25363901257514954,0.0,0.0
25.62000060081482,21.300000000000004,10.700000000000001,-26.354471705114378,57.94493116621174,0.912001697619351,0.0,0.25363901257514954,0.0,0.0
25.630000591278076,20.900000000000006,11.600000000000001,-22.689280275926283,53.40707511102649,0.9275560187839789,0.0,0.23075516521930695,0.0,0.0
25.640000581741333,20.5,12.4,-19.722220547535922,44.680428851054835,0.9275560187839789,0.0,0.23075516521930695,0.0,0.0
25.65000081062317,20.200000000000003,13.100000000000001,-16.755160819145562,41.713369122664474,0.9275560187839789,0.0,0.23075516521930695,0.0,0.0
25.660000562667847,19.6,13.900000000000002,-19.54768762233649,40.66617157146788,0.9622940027183146,0.0,0.20925861597061157,0.0,0.0
25.670000553131104,19.6,14.5,-19.54768762233649,35.25565089028546,0.9622940027183146,0.0,0.20925861597061157,0.0,0.0
25.68000054359436,19.1,15.200000000000003,-24.958208303518912,36.65191429188092,0.9622940027183146,0.0,0.20925861597061157,0.0,0.0
25.690000772476196,18.6,15.8,-28.797932657906436,34.90658503988659,0.9819961428601767,0.0,0.19163991510868073,0.0,0.0
25.700000286102295,18.0,16.200000000000003,-32.11405823669566,20.769418098732523,0.9819961428601767,0.0,0.19163991510868073,0.0,0.0
25.71000027656555,17.300000000000004,16.4,-35.08111796508602,12.217304763960307,0.9819961428601767,0.0,0.19163991510868073,0.0,0.0
25.720000505447388,16.699999999999996,16.6,-36.65191429188092,10.821041362364843,1.009993920956507,0.0,0.17524230480194092,0.0,0.0
25.730000257492065,16.0,16.8,-35.95378259108319,13.08996938995747,1.009993920956507,0.0,0.17524230480194092,0.0,0.0
25.740000247955322,15.399999999999999,17.0,-33.85938748868999,9.42477796076938,1.009993920956507,0.0,0.17524230480194092,0.0,0.0
25.750000476837158,14.900000000000002,17.0,-30.01966313430247,1.2217304763960306,1.009993920956507,0.0,0.17524230480194092,0.0,0.0
25.760000467300415,14.400000000000002,16.900000000000002,-26.17993877991494,-2.0943951023931953,1.0525090654731566,0.0,0.15284235775470734,0.0,0.0
25.77000069618225,13.900000000000002,16.900000000000002,-24.958208303518912,-0.0,1.0525090654731566,0.0,0.15284235775470734,0.0,0.0
25.780001163482666,13.5,16.900000000000002,-23.736477827122883,-1.2217304763960306,1.0525090654731566,0.0,0.15284235775470734,0.0,0.0
25.790000677108765,13.100000000000001,16.900000000000002,-21.991148575128552,-0.0,1.045768859635151,0.0,0.13183589279651642,0.0,0.0
25.8000009059906,12.8,16.900000000000002,-18.151424220741028,-2.6179938779914944,1.045768859635151,0.0,0.13183589279651642,0.0,0.0
25.8100004196167,12.5,16.699999999999996,-14.660765716752369,-6.457718232379019,1.045768859635151,0.0,0.13183589279651642,0.0,0.0
25.820000648498535,12.200000000000001,16.5,-7.3303828583761845,-10.995574287564276,1.0509536333566938,0.0,0.1166270300745964,0.0,0.0
25.830000638961792,12.200000000000001,16.200000000000003,-7.3303828583761845,-14.486232791552935,1.0509536333566938,0.0,0.1166270300745964,0.0,0.0
25.84000039100647,12.200000000000001,15.899999999999999,-0.6981317007977318,-19.373154697137057,1.0509536333566938,0.0,0.1166270300745964,0.0,0.0
25.850000619888306,12.200000000000001,15.399999999999999,-0.17453292519943295,-23.03834612632515,1.0255482421211348,0.0,0.09708897769451141,0.0,0.0
25.860000371932983,12.300000000000002,15.100000000000001,0.8726646259971648,-17.802358370342162,1.0255482421211348,0.0,0.09708897769451141,0.0,0.0
25.87000060081482,12.300000000000002,14.999999999999998,0.0,-8.028514559173916,1.0255482421211348,0.0,0.09708897769451141,0.0,0.0
25.880000591278076,12.300000000000002,14.999999999999998,0.0,-0.5235987755982988,1.0255482421211348,0.0,0.09708897769451141,0.0,0.0
25.890000581741333,12.300000000000002,14.999999999999998,0.0,-0.3490658503988659,0.9861439618374108,0.0,0.08016718924045563,0.0,0.0
25.90000057220459,12.300000000000002,14.999999999999998,0.5235987755982988,-0.0,0.9861439618374108,0.0,0.08016718924045563,0.0,0.0
25.910000801086426,12.300000000000002,14.999999999999998,0.0,-0.0,1.0177710815388208,0.0,0.061694853007793427,0.0,0.0
25.920000553131104,12.300000000000002,14.999999999999998,0.5235987755982988,-0.17453292519943295,1.0177710815388208,0.0,0.061694853007793427,0.0,0.0
25.93000078201294,12.300000000000002,14.999999999999998,0.0,-0.0,1.0177710815388208,0.0,0.061694853007793427,0.0,0.0
25.940000772476196,12.300000000000002,14.999999999999998,1.3962634015954636,-1.3962634015954636,1.0131047851894326,0.0,0.045192424207925797,0.0,0.0
25.950000762939453,12.4,14.999999999999998,4.014257279586958,-0.5235987755982988,1.0131047851894326,0.0,0.045192424207925797,0.0,0.0
25.96000075340271,12.600000000000001,14.900000000000002,10.821041362364843,-2.443460952792061,1.0131047851894326,0.0,0.045192424207925797,0.0,0.0
25.970000505447388,12.9,14.700000000000001,16.231562043547264,-9.250245035569947,1.0131047851894326,0.0,0.045192424207925797,0.0,0.0
25.980000495910645,13.8,14.300000000000002,22.863813201125716,-21.467549799530254,1.0131047851894326,0.0,0.045192424207925797,0.0,0.0
25.9900004863739,13.8,13.600000000000001,22.863813201125716,-38.39724354387525,0.9711081180449371,0.0,0.02236892469227314,0.0,0.0
26.00000023841858,14.200000000000001,12.700000000000001,21.642082724729686,-46.0766922526503,0.9711081180449371,0.0,0.02236892469227314,0.0,0.0
26.010000467300415,14.600000000000001,11.900000000000002,22.51474735072685,-45.72762640225143,0.9908102581867991,0.0,0.007785974536091089,0.0,0.0
26.020000457763672,15.100000000000001,10.999999999999998,26.878070480712676,-47.29842272904633,0.9908102581867991,0.0,0.007785974536091089,0.0,0.0
26.03000044822693,15.700000000000001,10.299999999999999,34.55751918948773,-39.96803987067015,0.9908102581867991,0.0,0.007785974536091089,0.0,0.0
26.040000915527344,16.6,9.4,43.63323129985824,-45.90215932745087,0.9965135092804961,0.0,0.005068679805845022,0.0,0.0
26.050000429153442,17.6,8.6,56.548667764616276,-45.20402762665314,0.9965135092804961,0.0,0.005068679805845022,0.0,0.0
26.060000896453857,18.900000000000002,7.699999999999999,69.28957130417488,-49.04375198104066,0.9965135092804961,0.0,0.005068679805845022,0.0,0.0
26.070000648498535,20.5,6.800000000000001,83.95033702092725,-49.56735075663896,0.9965135092804961,0.0,0.005068679805845022,0.0,0.0
26.080000400543213,22.400000000000006,5.800000000000001,101.92722831646884,-54.27973973702365,0.9550353195081549,0.0,0.014800218865275383,0.0,0.0
26.09000062942505,24.8,4.600000000000001,121.64944886400477,-58.99212871740834,0.9550353195081549,0.0,0.014800218865275383,0.0,0.0
26.100000619888306,27.100000000000005,3.5,133.5176877775662,-68.76597252857658,0.9550353195081549,0.0,0.014800218865275383,0.0,0.0
26.110000610351562,29.600000000000005,2.1,137.88101090755202,-73.30382858376184,0.6755760159170064,0.20116922039585455,0.023356102406978607,0.009969073347747326,0.0
26.12000060081482,32.0,0.9000000000000001,130.02702927357754,-66.49704450098396,0.6755760159170064,0.20116922039585455,0.023356102406978607,0.009969073347747326,0.0
26.130000591278076,34.0,-0.0,113.97000015522971,-50.78908123303499,0.16643123646151886,1.0229558552603635,0.006757007911801338,0.005475419573485851,0.0
26.140000581741333,35.70000000000001,-0.30000000000000004,90.93165402890457,-25.656340004316643,0.16643123646151886,1.0229558552603635,0.006757007911801338,0.005475419573485851,0.0
26.15000081062317,37.0,-0.4,75.92182246175334,-9.250245035569947,0.16643123646151886,1.0229558552603635,0.006757007911801338,0.005475419573485851,0.0
26.160000562667847,38.2,-0.5,64.92624817418906,-4.363323129985824,0.0,1.3874454478848113,0.0,0.026695068925619125,0.0
26.170000791549683,39.2,-0.8,58.293997016610604,-13.962634015954636,0.0,1.3874454478848113,0.0,0.026695068925619125,0.0
26.18000030517578,40.1,-1.4000000000000004,50.09094953223726,-32.11405823669566,0.0,1.3874454478848113,0.0,0.026695068925619125,0.0
26.190000534057617,40.800000000000004,-2.2,42.76056667386107,-44.15683007545654,0.0,1.3874454478848113,0.0,0.026695068925619125,0.0
26.200000286102295,41.400000000000006,-3.1,33.16125578789226,-45.72762640225143,0.0,1.3133031836667515,0.0,0.04112238436937332,0.0
26.21000051498413,41.80000000000001,-4.1,22.863813201125716,-53.581608036225916,0.0,1.3133031836667515,0.0,0.04112238436937332,0.0
26.220000505447388,41.900000000000006,-5.1000000000000005,5.061454830783556,-54.62880558742251,0.0,1.3133031836667515,0.0,0.04112238436937332,0.0
26.230000495910645,41.7,-6.1000000000000005,-6.457718232379019,-56.89773361501514,0.0,1.0587307939390078,0.0,0.04851224273443222,0.0
26.24000072479248,41.400000000000006,-7.1000000000000005,-17.62782544514273,-53.23254218582705,0.0,1.0587307939390078,0.0,0.04851224273443222,0.0
26.250000476837158,40.70000000000001,-8.0,-36.477381366681485,-49.39281783143953,0.0,1.0587307939390078,0.0,0.04851224273443222,0.0
26.260000705718994,39.60000000000001,-8.700000000000001,-55.850536063818545,-38.746309394274114,0.0,0.8005290626061842,0.0,0.05763212591409683,0.0
26.27000069618225,38.300000000000004,-9.4,-66.14797865058509,-39.61897402027128,0.0,0.8005290626061842,0.0,0.05763212591409683,0.0
26.280000925064087,36.9,-10.0,-74.52555906015787,-31.93952531149623,0.0,0.8005290626061842,0.0,0.05763212591409683,0.0
26.290000677108765,35.5,-10.299999999999999,-78.88888219014369,-21.29301687433082,0.0,0.7170542056893475,0.0,0.051563993096351624,0.0
26.3000009059906,34.0,-10.600000000000001,-79.23794804054256,-17.62782544514273,0.0,0.7170542056893475,0.0,0.051563993096351624,0.0
26.3100004196167,32.6,-10.999999999999998,-77.49261878854823,-19.722220547535922,0.0,0.7170542056893475,0.0,0.051563993096351624,0.0
26.320000648498535,31.3,-11.3,-74.00196028455957,-14.835298641951802,0.0,0.7170542056893475,0.0,0.051563993096351624,0.0
26.330000638961792,29.999999999999996,-11.3,-71.20943348136865,-4.363323129985824,0.0,0.7673465107883112,0.0,0.05262162163853645,0.0
26.34000039100647,28.800000000000004,-11.3,-67.02064327658225,1.7453292519943295,0.0,0.7673465107883112,0.0,0.05262162163853645,0.0
26.350000858306885,27.700000000000003,-11.3,-61.086523819801535,-0.0,0.0,0.8528952771937648,0.0,0.07197264581918716,0.0
26.360000371932983,26.200000000000003,-11.3,-34.73205211468716,-0.0,0.0,0.8528952771937648,0.0,0.07197264581918716,0.0
26.37000060081482,26.200000000000003,-11.3,-34.73205211468716,-0.0,0.0,0.8528952771937648,0.0,0.07197264581918716,0.0
26.380000591278076,26.1,-11.3,0.5235987755982988,-0.0,0.0,0.8306007501911314,0.0,0.09327216446399689,0.0
26.39000105857849,26.1,-11.3,0.5235987755982988,-0.0,0.0,0.8306007501911314,0.0,0.09327216446399689,0.0
26.40000057220459,26.200000000000003,-11.200000000000003,8.726646259971648,0.5235987755982988,0.0,0.8306007501911314,0.0,0.09327216446399689,0.0
26.410000801086426,26.5,-11.3,13.439035240356338,-0.17453292519943295,0.0,0.8306007501911314,0.0,0.09327216446399689,0.0
26.420000553131104,26.799999999999997,-11.200000000000003,14.137166941154069,0.17453292519943295,0.16539428171721032,0.6859455633600917,0.2846112847328186,0.1226402148604393,0.0
26.43000078201294,27.0,-11.3,13.962634015954636,-0.17453292519943295,0.16539428171721032,0.6859455633600917,0.2846112847328186,0.1226402148604393,0.0
26.440000534057617,27.3,-11.3,14.660765716752369,-0.0,0.16539428171721032,0.6859455633600917,0.2846112847328186,0.1226402148604393,0.0
26.450000762939453,27.700000000000003,-11.3,22.689280275926283,-0.5235987755982988,0.16539428171721032,0.6859455633600917,0.2846112847328186,0.1226402148604393,0.0
26.46000051498413,28.3,-11.3,31.590459461097364,0.17453292519943295,1.2033859807700475,0.5215882363871899,0.28960317373275757,0.144797220826149,0.0
26.47000026702881,28.900000000000002,-11.3,31.590459461097364,-0.17453292519943295,1.2033859807700475,0.5215882363871899,0.28960317373275757,0.144797220826149,0.0
26.480000257492065,29.200000000000003,-11.3,16.231562043547264,0.17453292519943295,1.2033859807700475,0.5215882363871899,0.28960317373275757,0.144797220826149,0.0
26.4900004863739,29.0,-11.3,-3.6651914291880923,-0.0,1.463143144219334,0.41581885246772,0.3061509430408478,0.18531422317028046,0.0
26.500000476837158,28.800000000000004,-11.3,-11.693705988362009,-0.6981317007977318,1.463143144219334,0.41581885246772,0.3061509430408478,0.18531422317028046,0.0
26.510000705718994,28.3,-11.3,-23.387411976724017,-0.0,1.463143144219334,0.41581885246772,0.3061509430408478,0.18531422317028046,0.0
26.52000093460083,27.700000000000003,-11.3,-33.510321638291124,0.3490658503988659,1.463143144219334,0.41581885246772,0.3061509430408478,0.18531422317028046,0.0
26.530000686645508,27.100000000000005,-11.3,-35.43018381548489,0.3490658503988659,1.463143144219334,0.41581885246772,0.3061509430408478,0.18531422317028046,0.0
26.540000677108765,26.300000000000004,-11.3,-38.746309394274114,-0.0,1.4621061894750254,0.23331481746941896,0.3675815463066101,0.12433333694934845,0.0
26.55005431175232,25.5,-11.200000000000003,-42.411500823462205,1.0471975511965976,1.4621061894750254,0.23331481746941896,0.3675815463066101,0.12433333694934845,0.0
26.560000896453857,24.700000000000003,-11.200000000000003,-48.52015320544236,3.6651914291880923,1.2541967632411655,0.16332037222859327,0.36481645703315735,0.10909523814916611,0.0
26.570000648498535,23.6,-10.9,-53.93067388662478,10.64650843716541,1.2541967632411655,0.16332037222859327,0.36481645703315735,0.10909523814916611,0.0
26.580000638961792,22.6,-10.8,-56.37413483941685,10.821041362364843,1.2541967632411655,0.16332037222859327,0.36481645703315735,0.10909523814916611,0.0
26.59000062942505,21.6,-10.600000000000001,-53.23254218582705,8.552113334772216,1.1059122348050459,0.14361823208673122,0.3635428845882416,0.1911444067955017,0.0
26.600000619888306,20.8,-10.600000000000001,-46.42575810304917,3.490658503988659,1.1059122348050459,0.14361823208673122,0.3635428845882416,0.1911444067955017,0.0
26.610000371932983,20.200000000000003,-10.5,-37.35004599267865,5.585053606381854,1.1059122348050459,0.14361823208673122,0.3635428845882416,0.1911444067955017,0.0
26.62000060081482,19.6,-10.299999999999999,-30.368728984701335,9.599310885968812,0.951405977903075,0.14258127734242268,0.3501444160938263,0.21936364471912384,0.0
26.630001068115234,19.200000000000003,-9.900000000000002,-24.08554367752175,17.802358370342162,0.951405977903075,0.14258127734242268,0.3501444160938263,0.21936364471912384,0.0
26.640000581741333,18.700000000000003,-9.4,-11.170107212763709,26.878070480712676,0.951405977903075,0.14258127734242268,0.3501444160938263,0.21936364471912384,0.0
26.65000033378601,18.700000000000003,-9.0,-11.170107212763709,24.434609527920614,0.8430442071228338,0.1410258452259599,0.3290984034538269,0.17276470363140106,0.0
26.660000562667847,18.6,-8.6,-7.853981633974483,22.165681500327985,0.8430442071228338,0.1410258452259599,0.3290984034538269,0.17276470363140106,0.0
26.670000791549683,18.5,-8.100000000000001,-8.552113334772216,28.099800957108705,0.8430442071228338,0.1410258452259599,0.3290984034538269,0.17276470363140106,0.0
26.68000054359436,18.200000000000003,-7.300000000000001,-11.693705988362009,39.61897402027128,0.7974181983732586,0.10680633866377845,0.3069453835487366,0.18284466862678528,0.0
26.690001010894775,17.900000000000006,-6.600000000000001,-16.231562043547264,39.09537524467298,0.7974181983732586,0.10680633866377845,0.3069453835487366,0.18284466862678528,0.0
26.700000286102295,17.5,-5.9,-20.07128639793479,39.96803987067015,0.7974181983732586,0.10680633866377845,0.3069453835487366,0.18284466862678528,0.0
26.71000051498413,17.1,-5.0,-22.863813201125716,41.88790204786391,0.7974181983732586,0.10680633866377845,0.3069453835487366,0.18284466862678528,0.0
26.720000505447388,16.6,-4.4,-12.217304763960307,39.444441095071845,0.8560061414266904,0.0,0.271677166223526,0.0,0.0
26.730000495910645,16.6,-3.5,-12.217304763960307,45.378560551852566,0.8560061414266904,0.0,0.271677166223526,0.0,0.0
26.7400004863739,16.6,-2.7,-1.2217304763960306,44.85496177625427,0.8560061414266904,0.0,0.271677166223526,0.0,0.0
26.75000023841858,16.6,-1.9000000000000004,-0.3490658503988659,46.25122517784973,0.894373466966106,0.0,0.2513188421726227,0.0,0.0
26.760000705718994,16.6,-1.0,0.0,45.72762640225143,0.894373466966106,0.0,0.2513188421726227,0.0,0.0
26.77000069618225,16.6,-0.2,0.0,44.85496177625427,0.894373466966106,0.0,0.2513188421726227,0.0,0.0
26.780001163482666,16.6,0.7000000000000002,0.0,52.185344634630454,0.9462212041815324,0.0,0.2292739748954773,0.0,0.0
26.790000677108765,16.6,1.6,-0.17453292519943295,51.48721293383272,0.9462212041815324,0.0,0.2292739748954773,0.0,0.0
26.8000009059906,16.6,2.6,1.7453292519943295,56.72320068981571,0.9462212041815324,0.0,0.2292739748954773,0.0,0.0
26.81000065803528,16.6,3.7000000000000006,-0.17453292519943295,57.42133239061344,1.0094754435843527,0.0,0.21349923312664032,0.0,0.0
26.820000648498535,16.6,4.800000000000001,0.17453292519943295,58.643062867009476,1.0094754435843527,0.0,0.21349923312664032,0.0,0.0
26.830000638961792,16.6,5.800000000000001,-0.17453292519943295,58.99212871740834,1.0094754435843527,0.0,0.21349923312664032,0.0,0.0
26.84000039100647,16.6,6.9,0.5235987755982988,56.72320068981571,1.0519905881010023,0.0,0.19703350961208344,0.0,0.0
26.850000619888306,16.6,7.9,-0.17453292519943295,57.94493116621174,1.0519905881010023,0.0,0.19703350961208344,0.0,0.0
26.860000610351562,16.6,8.899999999999999,0.17453292519943295,53.93067388662478,1.0519905881010023,0.0,0.19703350961208344,0.0,0.0
26.87000060081482,16.6,9.900000000000002,-0.17453292519943295,54.80333851262195,1.0519905881010023,0.0,0.19703350961208344,0.0,0.0
26.880000591278076,16.6,10.8,0.0,48.69468613064179,1.0815437983137954,0.0,0.1791246384382248,0.0,0.0
26.890000581741333,16.6,11.700000000000001,-0.17453292519943295,49.741883681838395,1.0815437983137954,0.0,0.1791246384382248,0.0,0.0
26.90000033378601,16.6,12.5,-0.17453292519943295,44.33136300065597,1.0955426873619605,0.0,0.16396450996398926,0.0,0.0
26.910000801086426,16.6,13.3,0.0,44.33136300065597,1.0955426873619605,0.0,0.16396450996398926,0.0,0.0
26.920000553131104,16.6,14.0,-0.3490658503988659,41.18977034706618,1.0955426873619605,0.0,0.16396450996398926,0.0,0.0
26.93000054359436,16.6,14.700000000000001,0.0,36.65191429188092,1.0830992304302582,0.0,0.14759263396263123,0.0,0.0
26.940000295639038,16.6,15.300000000000002,0.0,35.77924966588375,1.0830992304302582,0.0,0.14759263396263123,0.0,0.0
26.950000762939453,16.6,15.899999999999999,-0.3490658503988659,29.845130209103036,1.0830992304302582,0.0,0.14759263396263123,0.0,0.0
26.96000027656555,16.6,16.200000000000003,-0.5235987755982988,17.10422666954443,1.0830992304302582,0.0,0.14759263396263123,0.0,0.0
26.970000505447388,16.6,16.4,-0.5235987755982988,13.61356816555577,1.0867285720353381,0.0,0.11915267258882523,0.0,0.0
26.980000495910645,16.6,16.699999999999996,0.3490658503988659,14.660765716752369,1.0867285720353381,0.0,0.11915267258882523,0.0,0.0
26.990000247955322,16.6,17.0,-0.17453292519943295,17.278759594743864,1.0867285720353381,0.0,0.11915267258882523,0.0,0.0
27.000000476837158,16.6,17.300000000000004,0.0,19.02408884673819,1.0991720289670404,0.0,0.10107547044754028,0.0,0.0
27.010000705718994,16.6,17.6,2.443460952792061,13.08996938995747,1.0991720289670404,0.0,0.10107547044754028,0.0,0.0
27.02000117301941,16.699999999999996,17.6,2.0943951023931953,1.9198621771937625,1.0991720289670404,0.0,0.10107547044754028,0.0,0.0
27.030000686645508,16.8,17.6,5.410520681182422,0.3490658503988659,1.0675449092656302,0.0,0.08511462062597275,0.0,0.0
27.040000915527344,17.0,17.5,13.788101090755204,-4.014257279586958,1.0675449092656302,0.0,0.08511462062597275,0.0,0.0
27.050000429153442,17.400000000000002,17.400000000000002,21.642082724729686,-6.283185307179586,1.0675449092656302,0.0,0.08511462062597275,0.0,0.0
27.060000896453857,18.1,17.2,32.2885911618951,-6.806784082777885,1.0675449092656302,0.0,0.08511462062597275,0.0,0.0
27.070000648498535,18.900000000000002,17.1,42.93509959906051,-7.853981633974483,0.9923656903032619,0.0,0.06392163038253784,0.0,0.0
27.080000638961792,19.800000000000004,17.1,46.6002910282486,-2.0943951023931953,0.9923656903032619,0.0,0.06392163038253784,0.0,0.0
27.09000039100647,20.599999999999998,17.1,48.345620280242926,-0.17453292519943295,0.9602200932296976,0.0,0.04709935188293457,0.0,0.0
27.100000381469727,21.6,17.1,50.614548307835555,-0.5235987755982988,0.9602200932296976,0.0,0.04709935188293457,0.0,0.0
27.110000610351562,22.400000000000006,17.0,48.52015320544236,-0.5235987755982988,0.9602200932296976,0.0,0.04709935188293457,0.0,0.0
27.12000060081482,23.400000000000002,16.900000000000002,50.09094953223726,-8.028514559173916,0.9213342903181277,0.0,0.029573999345302582,0.0,0.0
27.130000591278076,25.300000000000004,16.1,55.50147021341968,-25.656340004316643,0.9213342903181277,0.0,0.029573999345302582,0.0,0.0
27.140000820159912,26.400000000000006,15.399999999999999,60.21385919380437,-37.69911184307752,0.9213342903181277,0.0,0.029573999345302582,0.0,0.0
27.15000081062317,26.400000000000006,15.399999999999999,60.21385919380437,-37.69911184307752,0.8632648246368502,0.0,0.013564563356339931,0.0,0.0
27.160000324249268,27.700000000000003,14.600000000000001,71.03490055616922,-38.571776469074685,0.8632648246368502,0.0,0.013564563356339931,0.0,0.0
27.170000791549683,29.300000000000004,14.0,84.47393579652555,-33.510321638291124,0.8632648246368502,0.0,0.013564563356339931,0.0,0.0
27.18000054359436,31.200000000000003,13.3,102.27629416686771,-38.22271061867582,0.8632648246368502,0.0,0.013564563356339931,0.0,0.0
27.190000772476196,33.39999999999999,12.700000000000001,118.85692206081384,-35.25565089028546,0.5122556436884131,0.1669497138336731,0.013024292886257172,0.015347827225923538,0.0
27.200000524520874,35.70000000000001,12.0,126.0127719939906,-38.22271061867582,0.5122556436884131,0.1669497138336731,0.013024292886257172,0.015347827225923538,0.0
27.21000051498413,37.9,11.100000000000001,118.68238913561441,-46.0766922526503,0.5122556436884131,0.1669497138336731,0.013024292886257172,0.015347827225923538,0.0
27.220000505447388,40.6,10.299999999999999,64.22811647339132,-44.505895925855405,0.5122556436884131,0.1669497138336731,0.013024292886257172,0.015347827225923538,0.0
27.230000495910645,40.6,9.4,64.22811647339132,-49.04375198104066,0.17368991967167854,1.0545829749617737,0.02085074782371521,0.010901672765612602,0.0
27.2400004863739,41.30000000000001,8.4,38.746309394274114,-53.23254218582705,0.17368991967167854,1.0545829749617737,0.02085074782371521,0.010901672765612602,0.0
27.250000476837158,41.7,7.200000000000001,27.925268031909273,-65.79891280018623,0.0,1.3998889048165137,0.0,0.03248148411512375,0.0
27.260000705718994,42.1,5.7,22.51474735072685,-80.9832772925369,0.0,1.3998889048165137,0.0,0.03248148411512375,0.0
27.270000457763672,42.5,4.0,20.07128639793479,-91.80431865490173,0.0,1.3998889048165137,0.0,0.03248148411512375,0.0
27.280000925064087,42.7,2.2,15.184364492350667,-98.61110273767962,0.0,1.3998889048165137,0.0,0.03248148411512375,0.0
27.290000677108765,42.90000000000001,0.4,8.552113334772216,-99.65830028887622,0.0,1.3998889048165137,0.0,0.03248148411512375,0.0
27.30000066757202,42.800000000000004,-1.4000000000000004,-3.3161255787892263,-101.92722831646884,0.0,1.2630108785677878,0.0,0.011492611840367317,0.0
27.31000065803528,42.60000000000001,-3.3000000000000007,-9.075712110370514,-103.3234917180643,0.0,1.2630108785677878,0.0,0.011492611840367317,0.0
27.320000648498535,42.2,-5.1000000000000005,-22.165681500327985,-97.56390518648303,0.0,1.2630108785677878,0.0,0.011492611840367317,0.0
27.330000400543213,41.400000000000006,-6.600000000000001,-38.04817769347638,-87.4409955249159,0.0,1.0167341267945125,0.0,0.016660379245877266,0.0
27.34000062942505,40.300000000000004,-7.9,-57.24679946541401,-73.12929565856241,0.0,1.0167341267945125,0.0,0.016660379245877266,0.0
27.350000381469727,39.0,-8.899999999999999,-75.04915783575618,-57.42133239061344,0.0,1.0167341267945125,0.0,0.016660379245877266,0.0
27.360000610351562,37.2,-9.700000000000001,-90.40805525330627,-44.505895925855405,0.0,0.8321561823075942,0.0,0.010190032422542572,0.0
27.37000060081482,35.4,-10.100000000000001,-99.65830028887622,-25.656340004316643,0.0,0.8321561823075942,0.0,0.010190032422542572,0.0
27.380000829696655,33.50000000000001,-10.299999999999999,-102.10176124166829,-10.297442586766545,0.0,0.8321561823075942,0.0,0.010190032422542572,0.0
27.390000581741333,31.700000000000006,-10.4,-99.48376736367679,-5.934119456780721,0.0,0.7823823545807849,0.0,0.011728961020708084,0.0
27.40000033378601,30.1,-10.4,-92.1533845053006,-1.2217304763960306,0.0,0.7823823545807849,0.0,0.011728961020708084,0.0
27.410000324249268,28.600000000000005,-10.4,-80.4596785169386,-0.3490658503988659,0.0,0.7823823545807849,0.0,0.011728961020708084,0.0
27.420000791549683,27.5,-10.4,-66.14797865058509,-0.3490658503988659,0.0,0.7823823545807849,0.0,0.011728961020708084,0.0
27.43000054359436,26.5,-10.5,-53.40707511102649,-4.886921905584122,0.0,0.7901595151630989,0.0,0.020186353474855423,0.0
27.440000534057617,25.8,-10.600000000000001,-41.88790204786391,-7.3303828583761845,0.0,0.7901595151630989,0.0,0.020186353474855423,0.0
27.450000762939453,25.200000000000003,-10.8,-31.93952531149623,-11.170107212763709,0.0,0.7880856056744818,0.0,0.04521052911877632,0.0
27.46000027656555,24.8,-10.999999999999998,-23.911010752322316,-9.250245035569947,0.0,0.7880856056744818,0.0,0.04521052911877632,0.0
27.47000026702881,24.600000000000005,-11.100000000000001,-13.264502315156905,-5.934119456780721,0.0,0.7880856056744818,0.0,0.04521052911877632,0.0
27.480000257492065,24.600000000000005,-11.100000000000001,-2.443460952792061,-0.3490658503988659,0.0,0.7880856056744818,0.0,0.04521052911877632,0.0
27.4900004863739,24.700000000000003,-11.100000000000001,4.886921905584122,-0.8726646259971648,0.0,0.7424595969249065,0.0,0.08586033433675766,0.0
27.500000476837158,24.900000000000006,-11.100000000000001,8.203047484373348,-0.0,0.0,0.7424595969249065,0.0,0.08586033433675766,0.0
27.510000467300415,25.1,-11.100000000000001,13.61356816555577,-0.5235987755982988,0.0,0.7424595969249065,0.0,0.08586033433675766,0.0
27.52000093460083,25.5,-11.100000000000001,17.802358370342162,0.5235987755982988,0.30797555905963303,0.670909719567618,0.28563299775123596,0.1273833066225052,0.0
27.530000686645508,25.8,-11.100000000000001,19.54768762233649,-0.17453292519943295,0.30797555905963303,0.670909719567618,0.28563299775123596,0.1273833066225052,0.0
27.540000915527344,26.200000000000003,-11.100000000000001,19.722220547535922,0.6981317007977318,0.30797555905963303,0.670909719567618,0.28563299775123596,0.1273833066225052,0.0
27.55000066757202,26.700000000000003,-11.100000000000001,30.01966313430247,-0.0,0.30797555905963303,0.670909719567618,0.28563299775123596,0.1273833066225052,0.0
27.560000896453857,28.600000000000005,-11.100000000000001,53.40707511102649,-0.17453292519943295,0.30797555905963303,0.670909719567618,0.28563299775123596,0.1273833066225052,0.0
27.570000648498535,28.600000000000005,-11.100000000000001,53.40707511102649,-0.3490658503988659,1.2215326887954467,0.5381795122961264,0.3399337828159332,0.13681888580322266,0.0
27.580000638961792,29.400000000000002,-11.100000000000001,43.807764225057674,-0.0,1.2215326887954467,0.5381795122961264,0.3399337828159332,0.13681888580322266,0.0
27.59000039100647,29.600000000000005,-11.100000000000001,16.406094968746697,-0.6981317007977318,1.4481073004268603,0.38574716488277266,0.32072216272354126,0.15508602559566498,0.0
27.600000619888306,29.400000000000002,-11.200000000000003,-9.42477796076938,-2.0943951023931953,1.4481073004268603,0.38574716488277266,0.32072216272354126,0.15508602559566498,0.0
27.610000610351562,28.900000000000002,-11.4,-25.48180707911721,-10.297442586766545,1.4481073004268603,0.38574716488277266,0.32072216272354126,0.15508602559566498,0.0
27.62000060081482,28.3,-11.700000000000001,-30.892327760299633,-15.533430342749533,1.4481073004268603,0.38574716488277266,0.32072216272354126,0.15508602559566498,0.0
27.630000591278076,27.800000000000004,-12.0,-27.925268031909273,-15.184364492350667,1.6425363149847094,0.16332037222859327,0.37460607290267944,0.13703174889087677,0.0
27.640000343322754,27.400000000000006,-12.100000000000001,-21.81661564992912,-8.552113334772216,1.6425363149847094,0.16332037222859327,0.37460607290267944,0.13703174889087677,0.0
27.65000081062317,27.0,-12.0,-19.722220547535922,2.2689280275926285,1.6425363149847094,0.16332037222859327,0.37460607290267944,0.13703174889087677,0.0
27.660000562667847,26.300000000000004,-11.8,-21.118483949131388,10.471975511965978,1.4958072186650526,0.03836732553941556,0.37156498432159424,0.029918920248746872,0.0
27.670000791549683,26.300000000000004,-11.4,-21.118483949131388,21.81661564992912,1.4958072186650526,0.03836732553941556,0.37156498432159424,0.029918920248746872,0.0
27.68000054359436,25.8,-10.8,-23.736477827122883,29.670597283903604,1.4958072186650526,0.03836732553941556,0.37156498432159424,0.029918920248746872,0.0
27.690000534057617,25.300000000000004,-10.299999999999999,-28.44886680750757,28.623399732707004,1.2324207136106864,0.0,0.37406522035598755,0.0,0.0
27.700000524520874,24.700000000000003,-9.600000000000001,-30.7177948351002,38.39724354387525,1.2324207136106864,0.0,0.37406522035598755,0.0,0.0
27.71000051498413,24.200000000000003,-8.8,-29.845130209103036,44.680428851054835,1.2324207136106864,0.0,0.37406522035598755,0.0,0.0
27.720000505447388,23.800000000000004,-7.9,-24.609142453120047,45.378560551852566,1.2324207136106864,0.0,0.37406522035598755,0.0,0.0
27.730000495910645,23.400000000000002,-7.0,-22.340214425527417,50.96361415823442,1.2324207136106864,0.0,0.37406522035598755,0.0,0.0
27.7400004863739,23.099999999999998,-6.1000000000000005,-16.929693744344995,49.39281783143953,0.9503690231587665,0.0072586832101597006,0.35217511653900146,0.9967142939567566,0.0
27.75000023841858,22.8,-5.2,-13.08996938995747,51.83627878423159,0.9503690231587665,0.0072586832101597006,0.35217511653900146,0.9967142939567566,0.0
27.760000467300415,22.6,-4.2,-10.995574287564276,52.53441048502932,0.9503690231587665,0.0072586832101597006,0.35217511653900146,0.9967142939567566,0.0
27.77000069618225,22.5,-3.1,-9.075712110370514,58.99212871740834,0.8840039195230207,0.0,0.32219648361206055,0.0,0.0
27.780000925064087,22.3,-1.9000000000000004,-10.995574287564276,63.355451847394164,0.8840039195230207,0.0,0.32219648361206055,0.0,0.0
27.790000677108765,21.999999999999996,-0.7000000000000002,-15.533430342749533,67.19517620178169,0.8840039195230207,0.0,0.32219648361206055,0.0,0.0
27.80000066757202,21.6,0.5,-20.245819323134224,69.46410422937431,0.8274898859582058,0.0,0.30754637718200684,0.0,0.0
27.81000065803528,21.200000000000003,1.6,-23.736477827122883,64.92624817418906,0.8274898859582058,0.0,0.30754637718200684,0.0,0.0
27.820000410079956,20.8,2.8000000000000007,-22.51474735072685,62.30825429619757,0.8274898859582058,0.0,0.30754637718200684,0.0,0.0
27.830000638961792,20.400000000000002,3.8000000000000007,-20.07128639793479,58.119464091411174,0.8274898859582058,0.0,0.30754637718200684,0.0,0.0
27.84000039100647,20.1,4.800000000000001,-14.486232791552935,52.708943410228756,0.8274898859582058,0.0,0.30754637718200684,0.0,0.0
27.850000619888306,20.0,5.7,-7.3303828583761845,50.440015382636126,0.912001697619351,0.0,0.2654638886451721,0.0,0.0
27.860000610351562,20.0,6.600000000000001,-4.363323129985824,51.13814708343386,0.912001697619351,0.0,0.2654638886451721,0.0,0.0
27.87000060081482,19.900000000000002,7.600000000000001,-2.792526803190927,55.850536063818545,0.912001697619351,0.0,0.2654638886451721,0.0,0.0
27.880000591278076,19.900000000000002,8.8,1.0471975511965976,60.73745796940267,1.0084384888400442,0.0,0.23707197606563568,0.0,0.0
27.890000581741333,19.900000000000002,10.0,-0.6981317007977318,67.19517620178169,1.0084384888400442,0.0,0.23707197606563568,0.0,0.0
27.90000033378601,19.900000000000002,11.3,0.3490658503988659,69.46410422937431,1.0084384888400442,0.0,0.23707197606563568,0.0,0.0
27.910000801086426,19.900000000000002,12.600000000000001,-0.17453292519943295,69.81317007977319,1.0556199297060822,0.0,0.21630844473838806,0.0,0.0
27.920000553131104,19.900000000000002,13.8,0.0,68.94050545377601,1.0556199297060822,0.0,0.21630844473838806,0.0,0.0
27.93000078201294,19.900000000000002,14.900000000000002,-1.5707963267948966,62.83185307179586,1.0556199297060822,0.0,0.21630844473838806,0.0,0.0
27.940000772476196,19.800000000000004,16.0,-4.71238898038469,58.119464091411174,1.1085046216658172,0.0,0.18628717958927155,0.0,0.0
27.950000524520874,19.6,16.900000000000002,-11.693705988362009,52.01081170943102,1.1085046216658172,0.0,0.18628717958927155,0.0,0.0
27.96000051498413,19.200000000000003,17.799999999999997,-19.02408884673819,47.82202150464463,1.1085046216658172,0.0,0.18628717958927155,0.0,0.0
27.97000026702881,18.700000000000003,18.5,-26.00540585471551,38.92084231947355,1.1085046216658172,0.0,0.18628717958927155,0.0,0.0
27.980000495910645,18.1,19.1,-31.590459461097364,35.25565089028546,1.1442795603444613,0.0,0.16258405148983002,0.0,0.0
27.9900004863739,17.400000000000002,19.6,-35.95378259108319,26.354471705114378,1.1442795603444613,0.0,0.16258405148983002,0.0,0.0
28.000000476837158,16.8,19.800000000000004,-37.17551306747922,15.009831567151235,1.0976165968505776,0.0,0.14152716100215912,0.0,0.0
28.010000705718994,16.1,20.0,-35.77924966588375,11.693705988362009,1.0976165968505776,0.0,0.14152716100215912,0.0,0.0
28.02000093460083,15.5,20.200000000000003,-36.12831551628262,9.948376736367678,1.0976165968505776,0.0,0.14152716100215912,0.0,0.0
28.030000686645508,14.800000000000002,20.400000000000002,-36.65191429188092,12.39183768915974,1.0976165968505776,0.0,0.14152716100215912,0.0,0.0
28.040000677108765,14.200000000000001,20.599999999999998,-34.55751918948773,10.297442586766545,1.0976165968505776,0.0,0.14152716100215912,0.0,0.0
28.05000066757202,13.5,20.700000000000003,-33.85938748868999,8.203047484373348,1.037473221680683,0.0,0.10978960245847702,0.0,0.0
28.060000896453857,12.9,20.8,-32.98672286269283,1.3962634015954636,1.037473221680683,0.0,0.10978960245847702,0.0,0.0
28.070000648498535,12.4,20.8,-31.41592653589793,0.17453292519943295,1.0131047851894326,0.0,0.08818116784095764,0.0,0.0
28.080000400543213,11.900000000000002,20.700000000000003,-27.22713633111154,-2.443460952792061,1.0131047851894326,0.0,0.08818116784095764,0.0,0.0
28.09000062942505,11.5,20.700000000000003,-22.165681500327985,-1.9198621771937625,1.0131047851894326,0.0,0.08818116784095764,0.0,0.0
28.100000619888306,11.3,20.5,-12.915436464758038,-9.948376736367678,0.9882178713260278,0.0,0.06927282363176346,0.0,0.0
28.110000610351562,11.3,20.0,-2.6179938779914944,-21.467549799530254,0.9882178713260278,0.0,0.06927282363176346,0.0,0.0
28.12000060081482,11.3,19.400000000000002,1.7453292519943295,-35.77924966588375,0.9882178713260278,0.0,0.06927282363176346,0.0,0.0
28.130000591278076,11.3,18.6,0.8726646259971648,-41.713369122664474,0.9939211224197247,0.0,0.048102762550115585,0.0,0.0
28.140000343322754,11.4,17.799999999999997,1.3962634015954636,-42.93509959906051,0.9939211224197247,0.0,0.048102762550115585,0.0,0.0
28.15000081062317,11.4,16.900000000000002,0.17453292519943295,-47.647488579445195,0.9939211224197247,0.0,0.048102762550115585,0.0,0.0
28.160000324249268,11.4,16.1,4.014257279586958,-45.0294947014537,0.9918472129311077,0.0,0.033380553126335144,0.0,0.0
28.170000791549683,11.700000000000001,15.200000000000003,12.042771838760874,-47.1238898038469,0.9918472129311077,0.0,0.033380553126335144,0.0,0.0
28.18000054359436,12.200000000000001,14.5,24.78367537831948,-41.36430327226561,0.9918472129311077,0.0,0.033380553126335144,0.0,0.0
28.190000772476196,13.000000000000002,13.8,41.18977034706618,-35.95378259108319,0.9622940027183146,0.0,0.024775860831141472,0.0,0.0
28.200000524520874,14.100000000000003,13.200000000000003,58.293997016610604,-34.90658503988659,0.9622940027183146,0.0,0.024775860831141472,0.0,0.0
28.21000051498413,15.399999999999999,12.8,72.78022980816354,-23.736477827122883,0.9622940027183146,0.0,0.024775860831141472,0.0,0.0
28.22000026702881,17.0,12.600000000000001,86.39379797371932,-13.788101090755204,0.886596306383792,0.0,0.030052630230784416,0.0,0.0
28.230000495910645,18.8,12.4,96.69124056048585,-13.08996938995747,0.886596306383792,0.0,0.030052630230784416,0.0,0.0
28.2400004863739,20.8,11.900000000000002,107.33774899765126,-23.387411976724017,0.886596306383792,0.0,0.030052630230784416,0.0,0.0
28.250000476837158,23.0,11.3,117.98425743481668,-32.81218993749339,0.8202312027480462,0.12287913720056065,0.018709227442741394,0.014738394878804684,0.0
28.260000705718994,25.400000000000002,10.700000000000001,128.28170002158322,-33.335788713091695,0.8202312027480462,0.12287913720056065,0.018709227442741394,0.014738394878804684,0.0
28.27000069618225,27.9,10.0,138.92820845874863,-35.25565089028546,0.8202312027480462,0.12287913720056065,0.018709227442741394,0.014738394878804684,0.0
28.280000925064087,30.600000000000005,9.3,146.7821900927231,-39.09537524467298,0.8202312027480462,0.12287913720056065,0.018709227442741394,0.014738394878804684,0.0
28.290000438690186,33.300000000000004,8.8,149.22565104551518,-30.194196059501902,0.8202312027480462,0.12287913720056065,0.018709227442741394,0.014738394878804684,0.0
28.3000009059906,35.9,8.2,142.59339988793673,-31.066860685499066,0.4028569181638634,0.8300822728189772,0.0067528970539569855,0.04641536623239517,0.0
28.310000896453857,38.300000000000004,7.400000000000001,128.8052987971815,-42.93509959906051,0.4028569181638634,0.8300822728189772,0.0067528970539569855,0.04641536623239517,0.0
28.320000648498535,40.1,6.4,105.06882097005864,-50.09094953223726,0.03577493867864424,1.1774621121623343,0.0037536246236413717,0.051907092332839966,0.0
28.330000638961792,41.400000000000006,5.300000000000001,75.57275661135446,-61.9591884457987,0.03577493867864424,1.1774621121623343,0.0037536246236413717,0.051907092332839966,0.0
28.34000062942505,42.1,4.1,41.18977034706618,-67.54424205218055,0.03577493867864424,1.1774621121623343,0.0037536246236413717,0.051907092332839966,0.0
28.350000619888306,42.2,2.8000000000000007,13.439035240356338,-70.33676885537147,0.0,1.3070814552009005,0.0,0.05030979961156845,0.0
28.360000610351562,42.1,1.2000000000000002,-1.9198621771937625,-82.72860654453122,0.0,1.3070814552009005,0.0,0.05030979961156845,0.0
28.37000060081482,42.0,-0.4,-5.061454830783556,-95.29497715889039,0.0,1.3070814552009005,0.0,0.05030979961156845,0.0
28.380000591278076,41.900000000000006,-2.4000000000000004,-7.155849933176751,-103.49802464326375,0.0,1.3070814552009005,0.0,0.05030979961156845,0.0
28.390000581741333,41.7,-4.2,-11.519173063162574,-104.71975511965977,0.0,1.3070814552009005,0.0,0.05030979961156845,0.0
28.40000057220459,41.30000000000001,-6.0,-17.10422666954443,-98.43656981248019,0.0,1.0680633866377844,0.0,0.06323301047086716,0.0
28.410000801086426,40.90000000000001,-7.600000000000001,-23.736477827122883,-87.26646259971648,0.0,1.0680633866377844,0.0,0.06323301047086716,0.0
28.420000553131104,40.2,-8.8,-35.25565089028546,-69.81317007977319,0.0,1.0680633866377844,0.0,0.06323301047086716,0.0
28.43000078201294,39.400000000000006,-9.8,-44.505895925855405,-54.97787143782138,0.0,0.8741528494520897,0.0,0.053348757326602936,0.0
28.440000534057617,38.400000000000006,-10.299999999999999,-53.581608036225916,-33.335788713091695,0.0,0.8741528494520897,0.0,0.053348757326602936,0.0
28.450001001358032,37.300000000000004,-10.700000000000001,-59.34119456780721,-22.689280275926283,0.0,0.8741528494520897,0.0,0.053348757326602936,0.0
28.46000051498413,36.1,-10.999999999999998,-62.65732014659643,-18.675022996339326,0.0,0.7782345356035507,0.0,0.05650299787521362,0.0
28.470000505447388,35.0,-11.200000000000003,-62.65732014659643,-9.599310885968812,0.0,0.7782345356035507,0.0,0.05650299787521362,0.0
28.480000495910645,33.9,-11.200000000000003,-62.482787221397,-2.792526803190927,0.0,0.7782345356035507,0.0,0.05650299787521362,0.0
28.4900004863739,32.7,-11.3,-61.4355896702004,-3.839724354387525,0.0,0.7917149472795616,0.0,0.06921873241662979,0.0
28.50000023841858,31.6,-11.3,-59.69026041820607,-0.0,0.0,0.7917149472795616,0.0,0.06921873241662979,0.0
28.510000705718994,30.600000000000005,-11.3,-57.94493116621174,-0.5235987755982988,0.0,0.7917149472795616,0.0,0.06921873241662979,0.0
28.52000093460083,28.700000000000003,-11.3,-51.13814708343386,-0.0,0.0,0.7917149472795616,0.0,0.06921873241662979,0.0
28.530000686645508,28.700000000000003,-11.3,-51.13814708343386,-0.8726646259971648,0.0,0.8300822728189772,0.0,0.08988819271326065,0.0
28.540000915527344,27.800000000000004,-11.4,-44.85496177625427,-1.9198621771937625,0.0,0.8300822728189772,0.0,0.08988819271326065,0.0
28.55000066757202,27.3,-11.5,-34.20845333908886,-8.726646259971648,0.0,0.8300822728189772,0.0,0.08988819271326065,0.0
28.560000896453857,27.0,-11.700000000000001,-15.882496193148398,-7.155849933176751,0.0,0.8300822728189772,0.0,0.08988819271326065,0.0
28.570000648498535,27.100000000000005,-11.8,4.363323129985824,-7.3303828583761845,0.0,0.83163770493544,0.0,0.11100000143051147,0.0
28.580000638961792,27.5,-11.900000000000002,19.373154697137057,-5.585053606381854,0.0,0.83163770493544,0.0,0.11100000143051147,0.0
28.59000062942505,28.200000000000006,-11.900000000000002,34.90658503988659,-2.443460952792061,0.0,0.7533476217401461,0.0,0.14995388686656952,0.0
28.600000619888306,29.1,-11.900000000000002,45.0294947014537,0.3490658503988659,0.0,0.7533476217401461,0.0,0.14995388686656952,0.0
28.610000371932983,29.900000000000006,-12.0,44.505895925855405,-1.2217304763960306,0.0,0.7533476217401461,0.0,0.14995388686656952,0.0
28.62000060081482,30.5,-11.900000000000002,35.43018381548489,1.7453292519943295,0.604026138559718,0.6273576203066599,0.28676822781562805,0.1761239618062973,0.0
28.630000352859497,31.0,-11.900000000000002,27.75073510670984,-0.0,0.604026138559718,0.6273576203066599,0.28676822781562805,0.1761239618062973,0.0
28.640000343322754,31.400000000000002,-11.900000000000002,24.958208303518912,0.8726646259971648,0.604026138559718,0.6273576203066599,0.28676822781562805,0.1761239618062973,0.0
28.65000081062317,32.0,-11.900000000000002,30.368728984701335,-0.17453292519943295,0.604026138559718,0.6273576203066599,0.28676822781562805,0.1761239618062973,0.0
28.660000562667847,32.6,-11.900000000000002,34.20845333908886,0.8726646259971648,0.604026138559718,0.6273576203066599,0.28676822781562805,0.1761239618062973,0.0
28.670000791549683,33.1,-11.8,27.576202181510407,3.141592653589793,1.2261989851448352,0.41063407874617736,0.31056448817253113,0.1615050584077835,0.0
28.68000054359436,33.300000000000004,-11.5,11.344640137963141,16.755160819145562,1.2261989851448352,0.41063407874617736,0.31056448817253113,0.1615050584077835,0.0
28.690000534057617,33.2,-10.9,-1.2217304763960306,28.797932657906436,1.2261989851448352,0.41063407874617736,0.31056448817253113,0.1615050584077835,0.0
28.700000286102295,33.1,-10.4,-4.886921905584122,29.146998508305302,1.2261989851448352,0.41063407874617736,0.31056448817253113,0.1615050584077835,0.0
28.71000027656555,33.0,-9.8,-7.853981633974483,33.335788713091695,1.5222495646449201,0.2763484393582229,0.3372288942337036,0.15265102684497833,0.0
28.720000505447388,32.7,-9.0,-15.533430342749533,38.39724354387525,1.5222495646449201,0.2763484393582229,0.3372288942337036,0.15265102684497833,0.0
28.730000495910645,31.799999999999997,-8.5,-24.958208303518912,31.41592653589793,1.527952815738617,0.12547152406133197,0.3422745168209076,0.15893389284610748,0.0
28.7400004863739,31.799999999999997,-8.0,-24.958208303518912,27.925268031909273,1.527952815738617,0.12547152406133197,0.3422745168209076,0.15893389284610748,0.0
28.750000476837158,31.3,-7.400000000000001,-29.49606435870417,31.93952531149623,1.527952815738617,0.12547152406133197,0.3422745168209076,0.15893389284610748,0.0
28.760000467300415,29.900000000000006,-6.800000000000001,-36.477381366681485,30.543261909900767,1.527952815738617,0.12547152406133197,0.3422745168209076,0.15893389284610748,0.0
28.77000069618225,29.900000000000006,-6.4,-36.477381366681485,23.03834612632515,1.2930825661527352,0.040959712400186886,0.3581258952617645,0.07302531599998474,0.0
28.78000044822693,29.300000000000004,-6.1000000000000005,-33.16125578789226,20.59488517353309,1.2930825661527352,0.040959712400186886,0.3581258952617645,0.07302531599998474,0.0
28.790000677108765,28.800000000000004,-5.7,-31.066860685499066,20.420352248333657,1.2381239647043831,0.0,0.35198158025741577,0.0,0.0
28.8000009059906,28.400000000000002,-5.300000000000001,-23.736477827122883,21.118483949131388,1.2381239647043831,0.0,0.35198158025741577,0.0,0.0
28.81000065803528,28.1,-5.0,-16.05702911834783,15.3588974175501,1.2381239647043831,0.0,0.35198158025741577,0.0,0.0
28.820000410079956,28.0,-4.9,-5.759586531581287,9.075712110370514,1.1168002596202853,0.0,0.34155339002609253,0.0,0.0
28.830000638961792,28.0,-4.7,-1.0471975511965976,9.599310885968812,1.1168002596202853,0.0,0.34155339002609253,0.0,0.0
28.840000867843628,28.0,-4.4,-0.3490658503988659,17.278759594743864,1.1168002596202853,0.0,0.34155339002609253,0.0,0.0
28.850000381469727,28.0,-3.8000000000000007,-1.2217304763960306,28.623399732707004,1.0037721924906557,0.0,0.33486777544021606,0.0,0.0
28.86000084877014,28.0,-3.2,-0.8726646259971648,34.20845333908886,1.0037721924906557,0.0,0.33486777544021606,0.0,0.0
28.87000060081482,27.800000000000004,-2.7,-6.806784082777885,28.97246558310587,1.0037721924906557,0.0,0.33486777544021606,0.0,0.0
28.880000591278076,27.5,-2.0,-14.660765716752369,33.68485456349056,0.9270375414118246,0.0,0.3180827796459198,0.0,0.0
28.890000343322754,27.100000000000005,-1.3,-24.434609527920614,38.92084231947355,0.9270375414118246,0.0,0.3180827796459198,0.0,0.0
28.90000057220459,26.5,-0.7000000000000002,-28.97246558310587,34.033920413889426,0.9270375414118246,0.0,0.3180827796459198,0.0,0.0
28.910000324249268,26.000000000000004,-0.1,-29.670597283903604,34.73205211468716,0.9270375414118246,0.0,0.3180827796459198,0.0,0.0
28.920000314712524,25.5,0.5,-25.307274153917778,37.69911184307752,0.9073354012699626,0.0,0.2883142828941345,0.0,0.0
28.93000078201294,25.200000000000003,1.1,-20.769418098732523,34.73205211468716,0.9073354012699626,0.0,0.2883142828941345,0.0,0.0
28.940000295639038,24.900000000000006,2.0,-16.58062789394613,45.378560551852566,0.9073354012699626,0.0,0.2883142828941345,0.0,0.0
28.950000762939453,24.5,3.0,-6.632251157578453,52.883476335428185,0.9073354012699626,0.0,0.2883142828941345,0.0,0.0
28.96000075340271,24.5,4.2,-6.632251157578453,66.32251157578452,0.9482951136701495,0.0,0.26877036690711975,0.0,0.0
28.970000505447388,24.600000000000005,5.600000000000001,0.0,75.57275661135446,0.9482951136701495,0.0,0.26877036690711975,0.0,0.0
28.980000495910645,24.5,7.1000000000000005,0.0,83.25220532012952,0.9482951136701495,0.0,0.26877036690711975,0.0,0.0
28.9900004863739,24.5,8.700000000000001,0.0,87.4409955249159,1.0048091472349643,0.0,0.2454499453306198,0.0,0.0
29.000000476837158,24.600000000000005,10.5,0.8726646259971648,90.5825881785057,1.0048091472349643,0.0,0.2454499453306198,0.0,0.0
29.010000705718994,24.600000000000005,12.100000000000001,0.0,90.75712110370513,1.0281406289819062,0.0,0.2281830608844757,0.0,0.0
29.02000093460083,24.600000000000005,13.700000000000003,0.0,88.31366015091308,1.0281406289819062,0.0,0.2281830608844757,0.0,0.0
29.03000044822693,24.600000000000005,15.100000000000001,0.0,81.85594191853406,1.0281406289819062,0.0,0.2281830608844757,0.0,0.0
29.040000915527344,24.600000000000005,16.5,0.0,73.30382858376184,1.018289558910975,0.0,0.20997759699821472,0.0,0.0
29.05000066757202,24.600000000000005,17.6,-0.5235987755982988,65.62437987498679,1.018289558910975,0.0,0.20997759699821472,0.0,0.0
29.060000896453857,24.600000000000005,18.6,0.0,53.05800926062762,1.018289558910975,0.0,0.20997759699821472,0.0,0.0
29.070000648498535,24.5,19.400000000000002,-1.7453292519943295,46.774823953448035,1.026066719493289,0.0,0.19046539068222046,0.0,0.0
29.080000638961792,24.5,20.0,-3.839724354387525,34.20845333908886,1.026066719493289,0.0,0.19046539068222046,0.0,0.0
29.09000062942505,24.200000000000003,20.5,-14.311699866353502,28.97246558310587,1.026066719493289,0.0,0.19046539068222046,0.0,0.0
29.100000619888306,23.6,21.0,-28.099800957108705,29.845130209103036,1.0556199297060822,0.0,0.16797839105129242,0.0,0.0
29.110000610351562,22.8,21.500000000000004,-41.01523742186674,24.609142453120047,1.0556199297060822,0.0,0.16797839105129242,0.0,0.0
29.12000036239624,21.900000000000002,21.6,-49.916416607037824,9.773843811168245,1.0556199297060822,0.0,0.16797839105129242,0.0,0.0
29.130009174346924,20.900000000000006,21.7,-55.32693728822024,4.1887902047863905,1.0556199297060822,0.0,0.16797839105129242,0.0,0.0
29.140000343322754,19.800000000000004,21.7,-56.89773361501514,1.7453292519943295,1.0271036742375976,0.0,0.12897980213165283,0.0,0.0
29.15000081062317,18.8,21.7,-55.32693728822024,0.5235987755982988,1.0271036742375976,0.0,0.12897980213165283,0.0,0.0
29.160000324249268,17.900000000000006,21.7,-49.04375198104066,-0.0,1.0271036742375976,0.0,0.12897980213165283,0.0,0.0
29.170000791549683,17.2,21.7,-41.36430327226561,-0.0,1.0271036742375976,0.0,0.12897980213165283,0.0,0.0
29.18000054359436,16.6,21.7,-32.11405823669566,-1.0471975511965976,1.0198449910274379,0.0,0.08859328925609589,0.0,0.0
29.190000772476196,16.3,21.7,-22.340214425527417,-0.17453292519943295,1.0198449910274379,0.0,0.08859328925609589,0.0,0.0
29.200000524520874,16.0,21.6,-13.264502315156905,-2.6179938779914944,1.00429066986281,0.0,0.06298038363456726,0.0,0.0
29.21000027656555,16.0,21.500000000000004,-3.6651914291880923,-6.806784082777885,1.00429066986281,0.0,0.06298038363456726,0.0,0.0
29.220000505447388,16.1,21.200000000000003,4.886921905584122,-15.882496193148398,1.00429066986281,0.0,0.06298038363456726,0.0,0.0
29.230000495910645,16.3,20.8,8.726646259971648,-18.84955592153876,0.9477766362979952,0.0,0.03998468071222305,0.0,0.0
29.240000247955322,16.5,20.5,12.740903539558605,-19.373154697137057,0.9477766362979952,0.0,0.03998468071222305,0.0,0.0
29.250000476837158,16.900000000000002,20.1,18.84955592153876,-22.689280275926283,0.9477766362979952,0.0,0.03998468071222305,0.0,0.0
29.260000467300415,17.900000000000006,19.400000000000002,27.401669256310974,-34.20845333908886,0.9477766362979952,0.0,0.03998468071222305,0.0,0.0
29.27000069618225,17.900000000000006,18.6,27.401669256310974,-42.06243497306334,0.9228897224345906,0.0,0.0377640426158905,0.0,0.0
29.280000925064087,18.5,17.900000000000006,35.25565089028546,-41.713369122664474,0.9228897224345906,0.0,0.0377640426158905,0.0,0.0
29.290000438690186,19.400000000000002,17.0,46.25122517784973,-45.90215932745087,0.9228897224345906,0.0,0.0377640426158905,0.0,0.0
29.30000066757202,20.5,16.3,58.99212871740834,-42.06243497306334,0.8528952771937648,0.0,0.034045591950416565,0.0,0.0
29.31000065803528,21.900000000000002,15.5,74.35102613495845,-43.109632524259936,0.8528952771937648,0.0,0.034045591950416565,0.0,0.0
29.320000648498535,25.6,14.800000000000002,108.5594794740473,-39.61897402027128,0.8528952771937648,0.0,0.034045591950416565,0.0,0.0
29.330000638961792,25.6,14.300000000000002,108.5594794740473,-28.623399732707004,0.7051292261297994,0.3007168758494733,0.020764704793691635,0.007620688062161207,0.0
29.34000062942505,27.9,13.900000000000002,123.74384396639796,-22.165681500327985,0.7051292261297994,0.3007168758494733,0.020764704793691635,0.007620688062161207,0.0
29.350000619888306,30.400000000000006,13.600000000000001,134.21581947836395,-15.009831567151235,0.39559823495370366,0.9581461837410805,0.010363039560616016,0.003285712795332074,0.0
29.360000371932983,33.2,13.600000000000001,141.54620233674012,-3.6651914291880923,0.39559823495370366,0.9581461837410805,0.010363039560616016,0.003285712795332074,0.0
29.37000060081482,35.599999999999994,13.600000000000001,141.19713648634126,-1.0471975511965976,0.39559823495370366,0.9581461837410805,0.010363039560616016,0.003285712795332074,0.0
29.380000591278076,38.0,13.3,131.07422682477414,-12.217304763960307,0.08088247005606523,1.2158294377017498,0.05310256406664848,0.0095927519723773,0.0
29.390000581741333,39.900000000000006,12.8,110.82840750163993,-27.05260340591211,0.08088247005606523,1.2158294377017498,0.05310256406664848,0.0095927519723773,0.0
29.40000057220459,41.400000000000006,11.900000000000002,81.68140899333463,-49.56735075663896,0.08088247005606523,1.2158294377017498,0.05310256406664848,0.0095927519723773,0.0
29.410000324249268,42.2,10.5,50.614548307835555,-69.46410422937431,0.08088247005606523,1.2158294377017498,0.05310256406664848,0.0095927519723773,0.0
29.420000553131104,42.5,8.899999999999999,21.29301687433082,-84.99753457212385,0.0,1.365150920882178,0.0,0.0021507800556719303,0.0
29.43000078201294,42.5,7.200000000000001,3.141592653589793,-93.54964790689607,0.0,1.320043389504757,0.0,7.61965275160037e-05,0.0
29.440000534057617,42.5,5.4,0.0,-96.8657734856853,0.0,1.320043389504757,0.0,7.61965275160037e-05,0.0
29.450000762939453,42.5,3.8000000000000007,0.0,-95.29497715889039,0.0,1.320043389504757,0.0,7.61965275160037e-05,0.0
29.46000051498413,42.5,2.2,0.0,-87.26646259971648,0.0,1.1639817004863235,0.0,0.00792650505900383,0.0
29.470000505447388,42.400000000000006,0.5,-2.792526803190927,-87.96459430051421,0.0,1.1639817004863235,0.0,0.00792650505900383,0.0
29.480000257492065,42.2,-1.1,-12.217304763960307,-95.12044423369096,0.0,1.1639817004863235,0.0,0.00792650505900383,0.0
29.4900004863739,41.80000000000001,-2.9000000000000004,-22.51474735072685,-98.26203688728076,0.0,0.9550353195081549,0.0,0.00828556064516306,0.0
29.500000476837158,41.0,-4.7,-40.14257279586958,-98.78563566287906,0.0,0.9550353195081549,0.0,0.00828556064516306,0.0
29.510000944137573,39.900000000000006,-6.500000000000001,-58.99212871740834,-96.69124056048585,0.0,0.9550353195081549,0.0,0.00828556064516306,0.0
29.520000457763672,38.50000000000001,-8.100000000000001,-75.39822368615503,-88.66272600131194,0.0,0.9550353195081549,0.0,0.00828556064516306,0.0
29.530000686645508,36.80000000000001,-9.5,-86.91739674931762,-77.49261878854823,0.0,0.8067507910720353,0.0,0.00920051522552967,0.0
29.540000677108765,35.0,-10.5,-94.07324668249436,-59.16666164260777,0.0,0.8067507910720353,0.0,0.00920051522552967,0.0
29.55000066757202,33.39999999999999,-11.3,-95.12044423369096,-47.82202150464463,0.0,0.8067507910720353,0.0,0.00920051522552967,0.0
29.560000896453857,30.1,-11.900000000000002,-87.4409955249159,-30.194196059501902,0.0,0.7367563458312096,0.0,0.0359824076294899,0.0
29.570000648498535,30.1,-12.100000000000001,-87.4409955249159,-15.009831567151235,0.0,0.7367563458312096,0.0,0.0359824076294899,0.0
29.580000638961792,28.700000000000003,-12.100000000000001,-78.88888219014369,-5.061454830783556,0.0,0.7367563458312096,0.0,0.0359824076294899,0.0
29.590000867843628,27.400000000000006,-12.200000000000001,-69.11503837897546,-5.759586531581287,0.0,0.7460889385299864,0.0,0.04831758141517639,0.0
29.600000381469727,26.5,-12.300000000000002,-52.883476335428185,-1.5707963267948966,0.0,0.7460889385299864,0.0,0.04831758141517639,0.0
29.610000610351562,25.900000000000002,-12.300000000000002,-33.68485456349056,-0.6981317007977318,0.0,0.7460889385299864,0.0,0.04831758141517639,0.0
29.62000060081482,25.700000000000006,-12.300000000000002,-13.08996938995747,0.3490658503988659,0.0,0.7611247823224601,0.0,0.07503269612789154,0.0
29.630001068115234,25.900000000000002,-12.300000000000002,4.886921905584122,-0.17453292519943295,0.0,0.7611247823224601,0.0,0.07503269612789154,0.0
29.640000581741333,26.200000000000003,-12.200000000000001,16.231562043547264,1.2217304763960306,0.0,0.7611247823224601,0.0,0.07503269612789154,0.0
29.65000081062317,26.700000000000003,-12.200000000000001,27.22713633111154,-0.0,0.0,0.731571572109667,0.0,0.09980227053165436,0.0
29.660000562667847,28.0,-12.200000000000001,34.38298626428829,1.0471975511965976,0.0,0.731571572109667,0.0,0.09980227053165436,0.0
29.670000791549683,28.0,-12.200000000000001,34.38298626428829,-0.0,0.0,0.731571572109667,0.0,0.09980227053165436,0.0
29.68000054359436,29.200000000000003,-12.200000000000001,30.01966313430247,2.0943951023931953,0.0,0.7284607078767414,0.0,0.1421743780374527,0.0
29.690000534057617,29.200000000000003,-12.200000000000001,30.01966313430247,-0.17453292519943295,0.0,0.7284607078767414,0.0,0.1421743780374527,0.0
29.700000524520874,29.500000000000004,-12.200000000000001,17.802358370342162,0.17453292519943295,0.0,0.7284607078767414,0.0,0.1421743780374527,0.0
29.71000051498413,29.500000000000004,-12.200000000000001,2.2689280275926285,-1.0471975511965976,0.2908658057785423,0.686464040732246,0.2900695204734802,0.17625680565834045,0.0
29.720000505447388,29.500000000000004,-12.200000000000001,1.0471975511965976,-0.6981317007977318,0.2908658057785423,0.686464040732246,0.2900695204734802,0.17625680565834045,0.0
29.730000495910645,29.400000000000002,-12.200000000000001,-1.7453292519943295,0.17453292519943295,0.2908658057785423,0.686464040732246,0.2900695204734802,0.17625680565834045,0.0
29.7400004863739,29.500000000000004,-12.200000000000001,3.3161255787892263,-0.17453292519943295,0.2908658057785423,0.686464040732246,0.2900695204734802,0.17625680565834045,0.0
29.750000476837158,29.800000000000004,-12.200000000000001,16.929693744344995,-0.6981317007977318,0.2908658057785423,0.686464040732246,0.2900695204734802,0.17625680565834045,0.0
29.760000705718994,30.5,-12.200000000000001,32.81218993749339,0.6981317007977318,0.2908658057785423,0.686464040732246,0.2900695204734802,0.17625680565834045,0.0
29.770000457763672,31.099999999999998,-12.200000000000001,35.43018381548489,0.17453292519943295,1.7026796901546042,0.4318916510045022,0.3781595528125763,0.14629411697387695,0.0
29.780000925064087,31.6,-12.200000000000001,26.00540585471551,0.5235987755982988,1.7026796901546042,0.4318916510045022,0.3781595528125763,0.14629411697387695,0.0
29.790000677108765,31.799999999999997,-12.200000000000001,12.042771838760874,1.3962634015954636,1.7026796901546042,0.4318916510045022,0.3781595528125763,0.14629411697387695,0.0
29.8000009059906,31.799999999999997,-12.0,2.6179938779914944,8.028514559173916,1.7026796901546042,0.4318916510045022,0.3781595528125763,0.14629411697387695,0.0
29.81000065803528,31.799999999999997,-11.5,0.0,26.354471705114378,1.4761050785231906,0.2908658057785423,0.38685739040374756,0.1648324429988861,0.0
29.820000648498535,31.799999999999997,-10.8,-0.8726646259971648,37.873644768276954,1.4761050785231906,0.2908658057785423,0.38685739040374756,0.1648324429988861,0.0
29.830000638961792,31.799999999999997,-10.100000000000001,-1.5707963267948966,37.873644768276954,1.4761050785231906,0.2908658057785423,0.38685739040374756,0.1648324429988861,0.0
29.84000062942505,31.6,-9.200000000000003,-9.075712110370514,44.85496177625427,1.4761050785231906,0.2908658057785423,0.38685739040374756,0.1648324429988861,0.0
29.850000619888306,31.200000000000003,-8.4,-18.84955592153876,47.647488579445195,1.398333472700051,0.17317144229952428,0.3461746275424957,0.3109999895095825,0.0
29.860000610351562,30.700000000000006,-7.400000000000001,-27.576202181510407,49.741883681838395,1.398333472700051,0.17317144229952428,0.3461746275424957,0.3109999895095825,0.0
29.87000036239624,30.1,-6.699999999999999,-32.46312408709453,42.06243497306334,1.398333472700051,0.17317144229952428,0.3461746275424957,0.3109999895095825,0.0
29.880000591278076,29.1,-6.0,-24.78367537831948,37.52457891787809,1.398333472700051,0.17317144229952428,0.3461746275424957,0.3109999895095825,0.0
29.890000343322754,28.800000000000004,-5.300000000000001,-15.882496193148398,39.61897402027128,1.184720795372494,0.08451181166114509,0.3631356656551361,0.20547853410243988,0.0
29.90000057220459,28.800000000000004,-4.800000000000001,-15.882496193148398,30.01966313430247,1.184720795372494,0.08451181166114509,0.3631356656551361,0.20547853410243988,0.0
29.910000801086426,28.700000000000003,-4.4,-6.632251157578453,21.29301687433082,1.184720795372494,0.08451181166114509,0.3631356656551361,0.20547853410243988,0.0
29.920000791549683,28.700000000000003,-3.9000000000000004,-1.3962634015954636,25.830872929516076,1.0343623574477574,0.0,0.3420325815677643,0.0,0.0
29.93000078201294,28.700000000000003,-3.4000000000000004,-2.792526803190927,29.49606435870417,1.0343623574477574,0.0,0.3420325815677643,0.0,0.0
29.940000295639038,28.600000000000005,-3.0,-1.9198621771937625,23.212879051524585,1.0343623574477574,0.0,0.3420325815677643,0.0,0.0
29.950000524520874,28.600000000000005,-2.7,-1.9198621771937625,16.929693744344995,1.0343623574477574,0.0,0.3420325815677643,0.0,0.0
29.96000051498413,28.400000000000002,-2.3000000000000007,-7.853981633974483,23.387411976724017,0.9306668830169045,0.0,0.32387465238571167,0.0,0.0
29.97000026702881,28.200000000000006,-1.5,-14.311699866353502,36.65191429188092,0.9306668830169045,0.0,0.32387465238571167,0.0,0.0
29.980000734329224,27.800000000000004,-0.8,-17.62782544514273,39.269908169872416,0.8694865531027013,0.0,0.31130173802375793,0.0,0.0
29.9900004863739,27.400000000000006,-0.0,-22.165681500327985,43.45869837465881,0.8694865531027013,0.0,0.31130173802375793,0.0,0.0
30.000000476837158,26.900000000000002,0.7000000000000002,-28.97246558310587,44.680428851054835,0.8694865531027013,0.0,0.31130173802375793,0.0,0.0
30.010000705718994,26.400000000000006,1.5,-27.22713633111154,41.713369122664474,0.8694865531027013,0.0,0.31130173802375793,0.0,0.0
30.02000093460083,26.000000000000004,2.3000000000000007,-19.02408884673819,45.72762640225143,0.868968075730547,0.0,0.28136277198791504,0.0,0.0
30.03000044822693,25.8,3.1,-14.137166941154069,41.538836197465045,0.868968075730547,0.0,0.28136277198791504,0.0,0.0
30.040000915527344,25.6,4.0,-8.901179185171081,49.39281783143953,0.868968075730547,0.0,0.28136277198791504,0.0,0.0
30.05000066757202,25.6,4.9,-2.9670597283903604,54.10520681182422,0.868968075730547,0.0,0.28136277198791504,0.0,0.0
30.060000896453857,25.6,6.1000000000000005,0.17453292519943295,62.13372137099813,0.9125201749915053,0.0,0.2576363682746887,0.0,0.0
30.070000648498535,25.6,7.300000000000001,-0.6981317007977318,62.83185307179586,0.9125201749915053,0.0,0.2576363682746887,0.0,0.0
30.080000400543213,25.6,8.5,0.3490658503988659,65.27531402458793,0.9125201749915053,0.0,0.2576363682746887,0.0,0.0
30.09000062942505,25.6,9.600000000000001,0.0,65.44984694978736,0.9737005049057085,0.0,0.22744515538215637,0.0,0.0
30.100000381469727,25.6,10.8,-0.3490658503988659,61.784655520599266,0.9737005049057085,0.0,0.22744515538215637,0.0,0.0
30.110000610351562,25.5,11.900000000000002,-3.490658503988659,61.4355896702004,0.9737005049057085,0.0,0.22744515538215637,0.0,0.0
30.12000060081482,25.300000000000004,12.9,-10.122909661567112,57.24679946541401,0.9737005049057085,0.0,0.22744515538215637,0.0,0.0
30.130000591278076,25.1,14.0,-14.486232791552935,58.119464091411174,1.0343623574477574,0.0,0.20448872447013855,0.0,0.0
30.140000581741333,24.700000000000003,14.999999999999998,-18.500490071139893,56.19960191421741,1.0343623574477574,0.0,0.20448872447013855,0.0,0.0
30.15000081062317,24.3,16.0,-20.769418098732523,56.72320068981571,1.0525090654731566,0.0,0.18831034004688263,0.0,0.0
30.160000562667847,23.900000000000006,17.0,-22.51474735072685,52.883476335428185,1.0525090654731566,0.0,0.18831034004688263,0.0,0.0
30.170000791549683,23.400000000000002,17.900000000000006,-25.656340004316643,49.741883681838395,1.0525090654731566,0.0,0.18831034004688263,0.0,0.0
30.18000030517578,22.900000000000002,18.700000000000003,-27.05260340591211,44.680428851054835,1.0727296829871729,0.0,0.16787868738174438,0.0,0.0
30.190000772476196,22.400000000000006,19.5,-28.099800957108705,45.72762640225143,1.0727296829871729,0.0,0.16787868738174438,0.0,0.0
30.200000286102295,21.900000000000002,20.200000000000003,-26.00540585471551,36.302848441482055,1.0727296829871729,0.0,0.16787868738174438,0.0,0.0
30.21000051498413,21.500000000000004,20.8,-24.609142453120047,34.033920413889426,1.0981350742227318,0.0,0.1365920603275299,0.0,0.0
30.220000505447388,21.1,21.400000000000002,-23.56194490192345,36.477381366681485,1.0981350742227318,0.0,0.1365920603275299,0.0,0.0
30.230000495910645,20.700000000000003,21.999999999999996,-21.991148575128552,29.321531433504738,1.0981350742227318,0.0,0.1365920603275299,0.0,0.0
30.240000247955322,20.3,22.400000000000006,-18.84955592153876,26.17993877991494,1.0659894771491676,0.0,0.11857198178768158,0.0,0.0
30.25000023841858,20.0,22.900000000000002,-17.62782544514273,27.925268031909273,1.0659894771491676,0.0,0.11857198178768158,0.0,0.0
30.260000467300415,19.700000000000003,23.3,-15.184364492350667,18.84955592153876,1.0659894771491676,0.0,0.11857198178768158,0.0,0.0
30.27000069618225,19.5,23.3,-14.137166941154069,2.792526803190927,1.0659894771491676,0.0,0.11857198178768158,0.0,0.0
30.280000925064087,19.300000000000004,23.3,-13.08996938995747,-0.17453292519943295,1.0058461019792728,0.0,0.09848453104496002,0.0,0.0
30.290000438690186,19.0,23.3,-12.39183768915974,-0.0,1.0058461019792728,0.0,0.09848453104496002,0.0,0.0
30.30000066757202,18.8,23.3,-13.962634015954636,-0.0,1.0058461019792728,0.0,0.09848453104496002,0.0,0.0
30.3100004196167,18.6,23.200000000000003,-8.726646259971648,-2.2689280275926285,0.9223712450624363,0.0,0.04358122497797012,0.0,0.0
30.320000648498535,18.700000000000003,23.099999999999998,1.2217304763960306,-6.981317007977318,0.9223712450624363,0.0,0.04358122497797012,0.0,0.0
30.330000638961792,18.700000000000003,22.900000000000002,0.3490658503988659,-11.693705988362009,0.9223712450624363,0.0,0.04358122497797012,0.0,0.0
30.34000062942505,18.900000000000002,22.5,8.901179185171081,-16.755160819145562,0.8155649063986578,0.0,0.022884296253323555,0.0,0.0
30.350000619888306,19.300000000000004,22.1,23.56194490192345,-21.467549799530254,0.8155649063986578,0.0,0.022884296253323555,0.0,0.0
30.360000610351562,20.1,21.6,40.66617157146788,-29.845130209103036,0.8155649063986578,0.0,0.022884296253323555,0.0,0.0
30.37000060081482,21.200000000000003,20.8,58.99212871740834,-39.96803987067015,0.8155649063986578,0.0,0.022884296253323555,0.0,0.0
30.380000591278076,24.3,20.1,86.74286382411817,-40.66617157146788,0.6232098013294257,0.0,0.023109816014766693,0.0,0.0
30.390000581741333,24.3,19.300000000000004,86.74286382411817,-43.28416544945937,0.6232098013294257,0.0,0.023109816014766693,0.0,0.0
30.40000057220459,27.5,18.5,86.74286382411817,-41.18977034706618,0.6232098013294257,0.0,0.023109816014766693,0.0,0.0
30.410000801086426,27.5,17.900000000000006,86.74286382411817,-35.77924966588375,0.6325423940282024,0.053921646704043494,0.05162294954061508,0.026384616270661354,0.0
30.420000553131104,30.400000000000006,16.6,81.68140899333463,-32.11405823669566,0.6325423940282024,0.053921646704043494,0.05162294954061508,0.026384616270661354,0.0
30.43000078201294,32.1,16.3,90.0589894029074,-17.453292519943297,0.6771314480334693,0.9488135910423038,0.056534454226493835,0.0439726747572422,0.0
30.440000534057617,32.1,16.3,90.0589894029074,-17.453292519943297,0.6771314480334693,0.9488135910423038,0.056534454226493835,0.0439726747572422,0.0
30.450000762939453,34.1,16.3,108.38494654884786,-4.886921905584122,0.6771314480334693,0.9488135910423038,0.056534454226493835,0.0439726747572422,0.0
30.46000051498413,36.6,16.3,130.72516097437529,-0.8726646259971648,0.6771314480334693,0.9488135910423038,0.056534454226493835,0.0439726747572422,0.0
30.470000505447388,39.2,16.3,143.9896632895322,-1.3962634015954636,0.23331481746941896,1.2293098493777608,0.06411110609769821,0.023542385548353195,0.0
30.480000495910645,43.800000000000004,16.1,117.11159280881951,-7.504915783575617,0.23331481746941896,1.2293098493777608,0.06411110609769821,0.023542385548353195,0.0
30.4900004863739,43.800000000000004,15.600000000000001,117.11159280881951,-27.22713633111154,0.23331481746941896,1.2293098493777608,0.06411110609769821,0.023542385548353195,0.0
30.500000715255737,46.1,14.600000000000001,50.78908123303499,-48.1710873550435,0.23331481746941896,1.2293098493777608,0.06411110609769821,0.023542385548353195,0.0
30.510000467300415,46.400000000000006,13.600000000000001,22.340214425527417,-57.42133239061344,0.0,1.4818083296168876,0.0,0.04057452455163002,0.0
30.52000093460083,46.50000000000001,12.4,7.853981633974483,-61.086523819801535,0.0,1.4818083296168876,0.0,0.04057452455163002,0.0
30.530000686645508,46.50000000000001,11.3,7.853981633974483,-62.30825429619757,0.0,1.3941856537228168,0.0,0.028903309255838394,0.0
30.540000677108765,46.50000000000001,10.0,0.5235987755982988,-69.81317007977319,0.0,1.3941856537228168,0.0,0.028903309255838394,0.0
30.55000066757202,46.400000000000006,8.5,-3.839724354387525,-82.03047484373349,0.0,1.3941856537228168,0.0,0.028903309255838394,0.0
30.560000896453857,46.400000000000006,6.800000000000001,-4.886921905584122,-91.28071987930343,0.0,1.107986144293663,0.0,0.0182466059923172,0.0
30.570000410079956,45.90000000000001,3.3000000000000007,-21.642082724729686,-95.46951008408982,0.0,1.107986144293663,0.0,0.0182466059923172,0.0
30.580000638961792,45.099999999999994,3.3000000000000007,-41.538836197465045,-95.46951008408982,0.0,1.107986144293663,0.0,0.0182466059923172,0.0
30.59000062942505,45.099999999999994,1.7000000000000002,-41.538836197465045,-93.02604913129777,0.0,1.107986144293663,0.0,0.0182466059923172,0.0
30.600000619888306,42.400000000000006,-0.0,-80.9832772925369,-89.88445647770797,0.0,0.8980028085711859,0.0,0.008168590255081654,0.0
30.610000610351562,40.5,-1.4000000000000004,-100.53096491487338,-83.95033702092725,0.0,0.8980028085711859,0.0,0.008168590255081654,0.0
30.62000060081482,40.5,-2.7,-100.53096491487338,-73.82742735936014,0.0,0.7808269224643221,0.0,0.016755642369389534,0.0
30.630000352859497,38.400000000000006,-3.8000000000000007,-114.14453308042916,-62.30825429619757,0.0,0.7808269224643221,0.0,0.016755642369389534,0.0
30.640000581741333,33.9,-4.600000000000001,-122.69664641520137,-43.28416544945937,0.0,0.7808269224643221,0.0,0.016755642369389534,0.0
30.65000033378601,31.799999999999997,-5.1000000000000005,-116.06439525762292,-31.066860685499066,0.0,0.7471258932742949,0.0,0.0040589855052530766,0.0
30.660000562667847,29.900000000000006,-5.499999999999999,-106.9886831472524,-24.958208303518912,0.0,0.7471258932742949,0.0,0.0040589855052530766,0.0
30.670000791549683,29.900000000000006,-5.7,-106.9886831472524,-14.660765716752369,0.0,0.7471258932742949,0.0,0.0040589855052530766,0.0
30.68000054359436,26.900000000000002,-5.9,-72.43116395776468,-8.203047484373348,0.0,0.7471258932742949,0.0,0.0040589855052530766,0.0
30.690000772476196,26.900000000000002,-6.0,-72.43116395776468,-5.235987755982989,0.0,0.8129725195378865,0.0,0.032428573817014694,0.0
30.700000524520874,25.900000000000002,-6.1000000000000005,-17.802358370342162,-5.235987755982989,0.0,0.8129725195378865,0.0,0.032428573817014694,0.0
30.71000051498413,26.1,-6.500000000000001,3.839724354387525,-12.042771838760874,0.0,0.8129725195378865,0.0,0.032428573817014694,0.0
30.72000026702881,26.400000000000006,-6.800000000000001,16.929693744344995,-17.62782544514273,0.0,0.8938549895939517,0.0,0.04696287959814072,0.0
30.730000495910645,27.0,-6.800000000000001,27.925268031909273,-17.62782544514273,0.0,0.8938549895939517,0.0,0.04696287959814072,0.0
30.7400004863739,27.6,-7.200000000000001,35.25565089028546,-20.420352248333657,0.0,0.8938549895939517,0.0,0.04696287959814072,0.0
30.750000476837158,27.6,-7.499999999999999,35.25565089028546,-17.976891295541595,0.0,0.8938549895939517,0.0,0.04696287959814072,0.0
30.760000705718994,28.900000000000002,-7.499999999999999,32.98672286269283,-3.6651914291880923,0.0,0.9327407925055216,0.0,0.07242301106452942,0.0
30.770000457763672,28.900000000000002,-7.400000000000001,32.98672286269283,3.490658503988659,0.0,0.9327407925055216,0.0,0.07242301106452942,0.0
30.780000925064087,29.500000000000004,-7.400000000000001,11.519173063162574,0.17453292519943295,0.14154432259811417,0.8632648246368502,0.39669230580329895,0.10607507824897766,0.0
30.790000677108765,29.400000000000002,-7.499999999999999,-4.537856055185257,-0.6981317007977318,0.14154432259811417,0.8632648246368502,0.39669230580329895,0.10607507824897766,0.0
30.8000009059906,29.200000000000003,-7.400000000000001,-7.504915783575617,-0.0,0.14154432259811417,0.8632648246368502,0.39669230580329895,0.10607507824897766,0.0
30.81000065803528,29.1,-7.499999999999999,-8.901179185171081,-2.2689280275926285,0.14154432259811417,0.8632648246368502,0.39669230580329895,0.10607507824897766,0.0
30.820000410079956,29.0,-7.699999999999999,-2.792526803190927,-9.075712110370514,0.4795915692426945,0.7066846582462623,0.3354864716529846,0.12288554757833481,0.0
30.830000400543213,29.1,-8.0,0.8726646259971648,-16.58062789394613,0.4795915692426945,0.7066846582462623,0.3354864716529846,0.12288554757833481,0.0
30.84000039100647,29.200000000000003,-8.899999999999999,5.235987755982989,-24.78367537831948,1.0338438800756031,0.47596222763761464,0.3184884786605835,0.13409368693828583,0.0
30.850000619888306,29.1,-8.899999999999999,-2.443460952792061,-24.78367537831948,1.0338438800756031,0.47596222763761464,0.3184884786605835,0.13409368693828583,0.0
30.860000371932983,29.1,-9.3,-2.443460952792061,-22.165681500327985,1.0338438800756031,0.47596222763761464,0.3184884786605835,0.13409368693828583,0.0
30.87000036239624,29.0,-9.4,-5.410520681182422,-7.3303828583761845,1.0338438800756031,0.47596222763761464,0.3184884786605835,0.13409368693828583,0.0
30.880000352859497,28.500000000000004,-8.899999999999999,-15.533430342749533,13.264502315156905,1.2842684508261129,0.2742745298696058,0.32961365580558777,0.13784310221672058,0.0
30.890000343322754,28.500000000000004,-8.899999999999999,-15.533430342749533,13.264502315156905,1.2842684508261129,0.2742745298696058,0.32961365580558777,0.13784310221672058,0.0
30.90000057220459,27.700000000000003,-8.5,-21.29301687433082,9.075712110370514,1.2801206318488787,0.1788746933932212,0.33492952585220337,0.1475217342376709,0.0
30.910000324249268,27.3,-8.5,-24.08554367752175,9.075712110370514,1.2801206318488787,0.1788746933932212,0.33492952585220337,0.1475217342376709,0.0
30.920000553131104,26.799999999999997,-7.9,-27.401669256310974,20.59488517353309,1.2801206318488787,0.1788746933932212,0.33492952585220337,0.1475217342376709,0.0
30.93000078201294,26.799999999999997,-7.9,-27.401669256310974,20.59488517353309,1.2801206318488787,0.1788746933932212,0.33492952585220337,0.1475217342376709,0.0
30.940000295639038,25.8,-7.400000000000001,-26.17993877991494,29.321531433504738,1.2464196026588514,0.07362378684590554,0.33192846179008484,0.09691549092531204,0.0
30.950000762939453,25.300000000000004,-6.800000000000001,-25.132741228718345,28.797932657906436,1.2464196026588514,0.07362378684590554,0.33192846179008484,0.09691549092531204,0.0
30.96000051498413,24.900000000000006,-5.499999999999999,-24.434609527920614,40.31710572106901,1.2464196026588514,0.07362378684590554,0.33192846179008484,0.09691549092531204,0.0
30.970000505447388,24.900000000000006,-5.499999999999999,-24.434609527920614,40.31710572106901,1.1987196844206591,0.0435520992609582,0.32879239320755005,0.19671428203582764,0.0
30.980000495910645,24.400000000000002,-4.7,-8.377580409572781,42.411500823462205,1.1987196844206591,0.0435520992609582,0.32879239320755005,0.19671428203582764,0.0
30.9900004863739,24.400000000000002,-4.0,-1.9198621771937625,38.92084231947355,1.1987196844206591,0.0435520992609582,0.32879239320755005,0.19671428203582764,0.0
31.000000476837158,24.400000000000002,-3.4000000000000004,-0.3490658503988659,33.85938748868999,1.1261328523190621,0.0,0.3262007236480713,0.0,0.0
31.010000467300415,24.400000000000002,-3.1,0.0,2.792526803190927,1.1261328523190621,0.0,0.3262007236480713,0.0,0.0
31.02000093460083,24.400000000000002,-3.1,0.0,2.792526803190927,1.1261328523190621,0.0,0.3262007236480713,0.0,0.0
31.030000686645508,24.400000000000002,-3.1,-0.5235987755982988,0.8726646259971648,1.1261328523190621,0.0,0.3262007236480713,0.0,0.0
31.040000915527344,24.400000000000002,-3.1,-0.5235987755982988,0.8726646259971648,1.1261328523190621,0.0,0.3262007236480713,0.0,0.0
31.050000429153442,24.400000000000002,-3.1,-0.5235987755982988,1.2217304763960306,1.0058461019792728,0.0,0.311680406332016,0.0,0.0
31.06000065803528,24.400000000000002,-2.4000000000000004,-1.3962634015954636,22.165681500327985,1.0058461019792728,0.0,0.311680406332016,0.0,0.0
31.070000410079956,24.400000000000002,-2.4000000000000004,-1.3962634015954636,22.165681500327985,1.0058461019792728,0.0,0.311680406332016,0.0,0.0
31.080000400543213,24.3,-1.7000000000000002,-0.6981317007977318,39.09537524467298,0.984588529720948,0.0,0.2907904088497162,0.0,0.0
31.09000062942505,24.3,-0.8,-1.5707963267948966,44.85496177625427,0.984588529720948,0.0,0.2907904088497162,0.0,0.0
31.100000619888306,24.200000000000003,-0.0,-4.363323129985824,49.21828490624009,0.984588529720948,0.0,0.2907904088497162,0.0,0.0
31.110000610351562,24.1,0.9000000000000001,-5.410520681182422,49.39281783143953,0.984588529720948,0.0,0.2907904088497162,0.0,0.0
31.1200008392334,23.900000000000006,1.8000000000000003,-9.075712110370514,49.916416607037824,0.9539983647638464,0.0,0.27639129757881165,0.0,0.0
31.130000591278076,23.700000000000003,2.7,-13.788101090755204,49.04375198104066,0.9539983647638464,0.0,0.27639129757881165,0.0,0.0
31.140000343322754,23.3,3.6000000000000005,-18.675022996339326,48.86921905584123,0.9539983647638464,0.0,0.27639129757881165,0.0,0.0
31.15000081062317,22.900000000000002,4.5,-22.340214425527417,50.440015382636126,0.9876993939538735,0.0,0.2494199424982071,0.0,0.0
31.160000324249268,22.5,5.4,-22.165681500327985,47.472955654245766,0.9876993939538735,0.0,0.2494199424982071,0.0,0.0
31.170000553131104,22.200000000000003,6.2,-17.453292519943297,47.1238898038469,1.0229558552603635,0.0,0.22888849675655365,0.0,0.0
31.18000054359436,21.999999999999996,7.0,-13.08996938995747,41.88790204786391,1.0229558552603635,0.0,0.22888849675655365,0.0,0.0
31.190001010894775,21.8,7.800000000000001,-10.471975511965978,45.378560551852566,1.0229558552603635,0.0,0.22888849675655365,0.0,0.0
31.200000524520874,21.7,8.6,-7.3303828583761845,42.93509959906051,1.0193265136552836,0.0,0.20497150719165802,0.0,0.0
31.21000051498413,21.7,9.4,0.0,43.807764225057674,1.0193265136552836,0.0,0.20497150719165802,0.0,0.0
31.22000026702881,21.7,10.200000000000001,-0.8726646259971648,43.109632524259936,1.0193265136552836,0.0,0.20497150719165802,0.0,0.0
31.230000495910645,21.6,10.8,-1.3962634015954636,37.17551306747922,1.002216760374193,0.0,0.18708588182926178,0.0,0.0
31.2400004863739,21.6,11.5,-4.537856055185257,37.17551306747922,1.002216760374193,0.0,0.18708588182926178,0.0,0.0
31.250000476837158,21.300000000000004,12.0,-12.042771838760874,30.892327760299633,1.002216760374193,0.0,0.18708588182926178,0.0,0.0
31.260000705718994,21.0,12.4,-17.802358370342162,21.467549799530254,1.002216760374193,0.0,0.18708588182926178,0.0,0.0
31.27000069618225,20.599999999999998,12.700000000000001,-22.165681500327985,18.675022996339326,1.047324291751614,0.0,0.15593069791793823,0.0,0.0
31.280000925064087,20.1,13.100000000000001,-23.911010752322316,19.54768762233649,1.0504351559845395,0.0,0.1502043455839157,0.0,0.0
31.290000677108765,19.700000000000003,13.5,-23.212879051524585,20.943951023931955,1.0504351559845395,0.0,0.1502043455839157,0.0,0.0
31.3000009059906,19.300000000000004,13.700000000000003,-21.991148575128552,13.264502315156905,1.0504351559845395,0.0,0.1502043455839157,0.0,0.0
31.31000065803528,18.900000000000002,13.8,-21.81661564992912,3.141592653589793,1.0696188187542472,0.0,0.1297173947095871,0.0,0.0
31.320000410079956,18.5,13.700000000000003,-19.54768762233649,-0.3490658503988659,1.0696188187542472,0.0,0.1297173947095871,0.0,0.0
31.330000400543213,18.200000000000003,13.700000000000003,-17.802358370342162,-0.0,1.0696188187542472,0.0,0.1297173947095871,0.0,0.0
31.34000062942505,17.900000000000006,13.700000000000003,-16.58062789394613,-0.5235987755982988,1.0291775837262147,0.0,0.10834508389234543,0.0,0.0
31.350000619888306,17.7,13.700000000000003,-13.962634015954636,-0.5235987755982988,1.0291775837262147,0.0,0.10834508389234543,0.0,0.0
31.360000610351562,17.6,13.600000000000001,-6.632251157578453,-4.886921905584122,1.0291775837262147,0.0,0.10834508389234543,0.0,0.0
31.37000060081482,17.6,13.5,0.0,-6.457718232379019,1.0291775837262147,0.0,0.10834508389234543,0.0,0.0
31.380000591278076,17.799999999999997,13.200000000000003,8.552113334772216,-12.042771838760874,0.9581461837410805,0.0,0.0898657962679863,0.0,0.0
31.390000343322754,18.200000000000003,13.000000000000002,21.467549799530254,-11.519173063162574,0.9581461837410805,0.0,0.0898657962679863,0.0,0.0
31.40000033378601,18.900000000000002,12.8,38.04817769347638,-13.264502315156905,0.9581461837410805,0.0,0.0898657962679863,0.0,0.0
31.410000324249268,19.900000000000002,12.5,54.97787143782138,-13.264502315156905,0.9057799691534998,0.0,0.07617802172899246,0.0,0.0
31.420000791549683,21.300000000000004,12.300000000000002,72.78022980816354,-13.439035240356338,0.9057799691534998,0.0,0.07617802172899246,0.0,0.0
31.43000078201294,22.900000000000002,12.100000000000001,87.4409955249159,-11.868238913561441,0.9057799691534998,0.0,0.07617802172899246,0.0,0.0
31.440000295639038,24.900000000000006,11.900000000000002,104.19615634406148,-9.42477796076938,0.9057799691534998,0.0,0.07617802172899246,0.0,0.0
31.450000762939453,27.100000000000005,11.8,118.68238913561441,-7.155849933176751,0.7849747414415562,0.1306562977828746,0.059937912970781326,0.022111112251877785,0.0
31.46000051498413,29.500000000000004,11.8,129.8524963483781,-0.8726646259971648,0.7849747414415562,0.1306562977828746,0.059937912970781326,0.022111112251877785,0.0
31.470000505447388,32.0,11.8,135.61208287995942,-0.0,0.7849747414415562,0.1306562977828746,0.059937912970781326,0.022111112251877785,0.0
31.480000495910645,37.1,11.8,139.8008730847458,-1.3962634015954636,0.4987752320124023,0.7046107487576452,0.0474199578166008,0.04639367386698723,0.0
31.4900004863739,37.1,11.600000000000001,139.8008730847458,-6.632251157578453,0.4987752320124023,0.7046107487576452,0.0474199578166008,0.04639367386698723,0.0
31.50000023841858,39.5,11.4,134.5648853287628,-13.08996938995747,0.4987752320124023,0.7046107487576452,0.0474199578166008,0.04639367386698723,0.0
31.510000705718994,41.7,11.100000000000001,122.69664641520137,-15.882496193148398,0.1441367094588855,1.0540644975896194,0.04295683279633522,0.06368076801300049,0.0
31.52000093460083,43.6,10.700000000000001,103.67255756846318,-19.722220547535922,0.1441367094588855,1.0540644975896194,0.04295683279633522,0.06368076801300049,0.0
31.53000044822693,45.0,10.200000000000001,81.33234314293576,-28.97246558310587,0.1441367094588855,1.0540644975896194,0.04295683279633522,0.06368076801300049,0.0
31.540000915527344,46.0,9.3,58.119464091411174,-42.93509959906051,0.0,1.2360500552157663,0.0,0.07576510310173035,0.0
31.55000066757202,46.6,8.5,38.39724354387525,-45.0294947014537,0.0,1.2360500552157663,0.0,0.07576510310173035,0.0
31.560000896453857,46.900000000000006,7.600000000000001,19.373154697137057,-48.345620280242926,0.0,1.2360500552157663,0.0,0.07576510310173035,0.0
31.570000648498535,47.0,6.800000000000001,6.981317007977318,-43.109632524259936,0.0,1.2360500552157663,0.0,0.07576510310173035,0.0
31.580000400543213,47.0,6.2,1.3962634015954636,-38.39724354387525,0.0,1.1790175442787971,0.0,0.08056904375553131,0.0
31.59000062942505,47.0,5.4,0.3490658503988659,-38.04817769347638,0.0,1.1790175442787971,0.0,0.08056904375553131,0.0
31.600000619888306,47.0,4.800000000000001,-2.443460952792061,-35.43018381548489,0.0,1.1790175442787971,0.0,0.08056904375553131,0.0
31.610000610351562,46.900000000000006,4.1,-4.537856055185257,-42.236967898262776,0.0,0.9726635501613999,0.0,0.08882515877485275,0.0
31.62000060081482,46.6,3.0,-14.660765716752369,-56.89773361501514,0.0,0.9726635501613999,0.0,0.08882515877485275,0.0
31.630000591278076,46.0,1.6,-30.543261909900767,-71.73303225696695,0.0,0.9726635501613999,0.0,0.08882515877485275,0.0
31.640000343322754,45.099999999999994,-0.0,-48.86921905584123,-89.01179185171081,0.0,0.8679311209862385,0.0,0.09164516627788544,0.0
31.65000081062317,43.900000000000006,-1.8000000000000003,-65.27531402458793,-102.62536001726657,0.0,0.8679311209862385,0.0,0.09164516627788544,0.0
31.660000324249268,42.2,-4.0,-86.39379797371932,-120.2531854624093,0.0,0.8679311209862385,0.0,0.09164516627788544,0.0
31.670000791549683,40.2,-6.500000000000001,-105.9414855960558,-133.5176877775662,0.0,0.8679311209862385,0.0,0.09164516627788544,0.0
31.68000054359436,35.599999999999994,-9.200000000000003,-128.97983172238096,-142.4188669627373,0.0,0.8471920261000679,0.0,0.10341126471757889,0.0
31.690000534057617,35.599999999999994,-11.8,-128.97983172238096,-141.72073526193955,0.0,0.8471920261000679,0.0,0.10341126471757889,0.0
31.700000524520874,31.0,-13.8,-124.79104151759456,-119.38052083641215,0.0,0.8471920261000679,0.0,0.10341126471757889,0.0
31.71000051498413,31.0,-15.300000000000002,-124.79104151759456,-84.12486994612668,0.0,0.8528952771937648,0.0,0.11622796207666397,0.0
31.720000505447388,29.0,-15.8,-111.70107212763709,-32.81218993749339,0.0,0.8528952771937648,0.0,0.11622796207666397,0.0
31.730000495910645,27.5,-15.600000000000001,-86.21926504851987,4.1887902047863905,0.0,0.8777821910571695,0.0,0.13356350362300873,0.0
31.7400004863739,26.6,-14.999999999999998,-51.13814708343386,26.878070480712676,0.0,0.8777821910571695,0.0,0.13356350362300873,0.0
31.750000476837158,26.5,-14.400000000000002,-12.39183768915974,33.335788713091695,0.0,0.8777821910571695,0.0,0.13356350362300873,0.0
31.760000467300415,26.900000000000002,-13.700000000000003,17.10422666954443,38.22271061867582,0.0,0.8627463472646959,0.0,0.1547500044107437,0.0
31.77000069618225,27.6,-12.8,38.746309394274114,44.33136300065597,0.0,0.8627463472646959,0.0,0.1547500044107437,0.0
31.780000925064087,28.600000000000005,-12.200000000000001,50.96361415823442,33.85938748868999,0.0,0.8627463472646959,0.0,0.1547500044107437,0.0
31.790000677108765,29.600000000000005,-11.900000000000002,54.10520681182422,22.340214425527417,0.0,0.7517921896236833,0.0,0.1796896606683731,0.0
31.8000009059906,30.400000000000006,-11.8,44.505895925855405,6.283185307179586,0.0,0.7517921896236833,0.0,0.1796896606683731,0.0
31.8100004196167,30.900000000000006,-12.0,3.6651914291880923,-10.297442586766545,0.0,0.7517921896236833,0.0,0.1796896606683731,0.0
31.820000648498535,30.900000000000006,-12.5,3.6651914291880923,-23.03834612632515,0.5692881546253823,0.5848424757900101,0.29446446895599365,0.19823403656482697,0.0
31.830000638961792,30.799999999999997,-13.200000000000003,1.0471975511965976,-36.302848441482055,0.5692881546253823,0.5848424757900101,0.29446446895599365,0.19823403656482697,0.0
31.84000062942505,30.900000000000006,-13.8,0.3490658503988659,-32.637657012293964,0.5692881546253823,0.5848424757900101,0.29446446895599365,0.19823403656482697,0.0
31.850000619888306,31.099999999999998,-14.100000000000003,7.155849933176751,-20.420352248333657,1.2578261048462454,0.4495198816577472,0.3089505434036255,0.20350287854671478,0.0
31.860000371932983,31.200000000000003,-14.200000000000001,7.853981633974483,-8.901179185171081,1.2578261048462454,0.4495198816577472,0.3089505434036255,0.20350287854671478,0.0
31.87000060081482,31.200000000000003,-14.200000000000001,7.853981633974483,1.5707963267948966,1.2578261048462454,0.4495198816577472,0.3089505434036255,0.20350287854671478,0.0
31.880000352859497,31.3,-13.8,0.6981317007977318,19.54768762233649,1.2578261048462454,0.4495198816577472,0.3089505434036255,0.20350287854671478,0.0
31.890000581741333,31.3,-13.000000000000002,0.6981317007977318,38.92084231947355,1.2578261048462454,0.4495198816577472,0.3089505434036255,0.20350287854671478,0.0
31.90000057220459,31.3,-12.100000000000001,-0.5235987755982988,46.6002910282486,1.4973626507815154,0.24161045542388718,0.3421855866909027,0.17366094887256622,0.0
31.910000801086426,31.200000000000003,-11.100000000000001,-2.443460952792061,55.676003138619116,1.4973626507815154,0.24161045542388718,0.3421855866909027,0.17366094887256622,0.0
31.920000791549683,31.099999999999998,-10.0,-3.3161255787892263,60.388392119003804,1.5393593179260108,0.10058461019792728,0.3530619740486145,0.12543299794197083,0.0
31.93000078201294,31.099999999999998,-8.8,-4.886921905584122,66.67157742618339,1.5393593179260108,0.10058461019792728,0.3530619740486145,0.12543299794197083,0.0
31.940000295639038,30.799999999999997,-7.499999999999999,-13.08996938995747,68.59143960337715,1.5393593179260108,0.10058461019792728,0.3530619740486145,0.12543299794197083,0.0
31.950000524520874,30.400000000000006,-6.300000000000001,-20.420352248333657,68.06784082777885,1.5393593179260108,0.10058461019792728,0.3530619740486145,0.12543299794197083,0.0
31.96000051498413,29.500000000000004,-3.7000000000000006,-23.56194490192345,69.98770300497262,1.3734465588366462,0.012961934303856608,0.34298262000083923,0.13500000536441803,0.0
31.97000026702881,29.500000000000004,-3.7000000000000006,-23.56194490192345,69.98770300497262,1.3734465588366462,0.012961934303856608,0.34298262000083923,0.13500000536441803,0.0
31.980000495910645,29.0,-2.4000000000000004,-26.703537555513243,68.76597252857658,1.3734465588366462,0.012961934303856608,0.34298262000083923,0.13500000536441803,0.0
31.990000247955322,28.500000000000004,-1.2000000000000002,-27.401669256310974,65.97344572538566,1.3734465588366462,0.012961934303856608,0.34298262000083923,0.13500000536441803,0.0
32.00000047683716,27.9,-0.2,-15.3588974175501,55.50147021341968,1.3734465588366462,0.012961934303856608,0.34298262000083923,0.13500000536441803,0.0
32.010000467300415,27.9,0.5,-15.3588974175501,47.29842272904633,1.167092564719249,0.0,0.324628621339798,0.0,0.0
32.02000093460083,27.700000000000003,1.1,-10.122909661567112,33.16125578789226,1.167092564719249,0.0,0.324628621339798,0.0,0.0
32.03000068664551,27.6,1.5,-8.726646259971648,27.75073510670984,1.0447319048908426,0.0,0.3228461444377899,0.0,0.0
32.040000915527344,27.3,2.1,-10.821041362364843,30.7177948351002,1.0447319048908426,0.0,0.3228461444377899,0.0,0.0
32.05000066757202,27.100000000000005,2.6,-13.08996938995747,27.576202181510407,1.0447319048908426,0.0,0.3228461444377899,0.0,0.0
32.06000089645386,26.6,3.0,-13.61356816555577,23.387411976724017,1.0447319048908426,0.0,0.3228461444377899,0.0,0.0
32.070000648498535,26.6,3.5,-13.61356816555577,28.274333882308138,0.9296299282725959,0.0,0.30182766914367676,0.0,0.0
32.08000063896179,26.300000000000004,4.2,-14.835298641951802,35.43018381548489,0.9296299282725959,0.0,0.30182766914367676,0.0,0.0
32.09000062942505,26.000000000000004,4.800000000000001,-16.231562043547264,34.033920413889426,0.884522396895175,0.0,0.27844899892807007,0.0,0.0
32.10000038146973,25.700000000000006,5.499999999999999,-18.84955592153876,38.39724354387525,0.884522396895175,0.0,0.27844899892807007,0.0,0.0
32.11000084877014,25.300000000000004,6.300000000000001,-22.863813201125716,42.411500823462205,0.884522396895175,0.0,0.27844899892807007,0.0,0.0
32.12000060081482,24.8,7.1000000000000005,-23.212879051524585,42.76056667386107,0.884522396895175,0.0,0.27844899892807007,0.0,0.0
32.130000591278076,24.400000000000002,8.0,-21.467549799530254,48.1710873550435,0.8995582406876487,0.0,0.2554553151130676,0.0,0.0
32.14000058174133,24.1,8.899999999999999,-17.453292519943297,46.774823953448035,0.8995582406876487,0.0,0.2554553151130676,0.0,0.0
32.15000104904175,23.800000000000004,9.8,-16.929693744344995,50.440015382636126,0.8995582406876487,0.0,0.2554553151130676,0.0,0.0
32.16000056266785,23.5,10.700000000000001,-16.05702911834783,48.1710873550435,0.9223712450624363,0.0,0.23919673264026642,0.0,0.0
32.1700005531311,23.3,11.600000000000001,-13.788101090755204,50.440015382636126,0.9223712450624363,0.0,0.23919673264026642,0.0,0.0
32.18000054359436,23.099999999999998,12.4,-10.995574287564276,46.0766922526503,0.9223712450624363,0.0,0.23919673264026642,0.0,0.0
32.190000772476196,22.900000000000002,13.200000000000003,-11.170107212763709,42.93509959906051,0.9830330976044852,0.0,0.21178480982780457,0.0,0.0
32.200000524520874,22.6,13.900000000000002,-13.61356816555577,38.39724354387525,0.9830330976044852,0.0,0.21178480982780457,0.0,0.0
32.21000051498413,22.400000000000006,14.400000000000002,-14.486232791552935,28.44886680750757,0.9830330976044852,0.0,0.21178480982780457,0.0,0.0
32.22000050544739,22.1,14.800000000000002,-16.231562043547264,22.689280275926283,1.0442134275186883,0.0,0.19426316022872925,0.0,0.0
32.230000734329224,21.7,15.100000000000001,-21.991148575128552,20.943951023931955,1.0442134275186883,0.0,0.19426316022872925,0.0,0.0
32.24000024795532,21.1,15.399999999999999,-27.925268031909273,17.802358370342162,1.0442134275186883,0.0,0.19426316022872925,0.0,0.0
32.25000047683716,20.5,15.700000000000001,-32.46312408709453,12.39183768915974,1.07480359247579,0.0,0.17081379890441895,0.0,0.0
32.260000467300415,19.900000000000002,15.700000000000001,-34.73205211468716,3.3161255787892263,1.07480359247579,0.0,0.17081379890441895,0.0,0.0
32.27000045776367,19.200000000000003,15.700000000000001,-35.43018381548489,0.8726646259971648,1.07480359247579,0.0,0.17081379890441895,0.0,0.0
32.28000092506409,18.0,15.700000000000001,-32.81218993749339,0.5235987755982988,1.0877655267796467,0.0,0.1526796966791153,0.0,0.0
32.290000677108765,18.0,15.8,-32.81218993749339,6.1086523819801535,1.0877655267796467,0.0,0.1526796966791153,0.0,0.0
32.3000009059906,17.5,16.0,-28.97246558310587,10.297442586766545,1.0877655267796467,0.0,0.1526796966791153,0.0,0.0
32.31000065803528,17.1,16.3,-24.26007660272118,15.533430342749533,1.0862100946631839,0.0,0.13367779552936554,0.0,0.0
32.320000648498535,16.699999999999996,16.8,-20.07128639793479,22.863813201125716,1.0862100946631839,0.0,0.13367779552936554,0.0,0.0
32.33000063896179,16.4,17.300000000000004,-16.231562043547264,27.75073510670984,1.0701372961264015,0.0,0.12427131831645966,0.0,0.0
32.34000039100647,16.200000000000003,17.7,-13.61356816555577,20.245819323134224,1.0701372961264015,0.0,0.12427131831645966,0.0,0.0
32.350000619888306,15.899999999999999,17.799999999999997,-13.08996938995747,9.075712110370514,1.0701372961264015,0.0,0.12427131831645966,0.0,0.0
32.36000061035156,15.700000000000001,17.7,-12.217304763960307,-1.2217304763960306,1.035399312192066,0.0,0.102620430290699,0.0,0.0
32.3700008392334,15.5,17.7,-12.042771838760874,0.3490658503988659,1.035399312192066,0.0,0.102620430290699,0.0,0.0
32.380000591278076,15.300000000000002,17.7,-12.740903539558605,-0.3490658503988659,1.035399312192066,0.0,0.102620430290699,0.0,0.0
32.39000105857849,14.999999999999998,17.7,-13.264502315156905,-0.0,1.0162156494223582,0.0,0.08083673566579819,0.0,0.0
32.40000081062317,14.900000000000002,17.7,-9.075712110370514,-0.3490658503988659,1.0162156494223582,0.0,0.08083673566579819,0.0,0.0
32.410000801086426,14.800000000000002,17.7,-4.363323129985824,-0.0,1.0162156494223582,0.0,0.08083673566579819,0.0,0.0
32.420000314712524,14.800000000000002,17.7,1.0471975511965976,-3.3161255787892263,1.0037721924906557,0.0,0.06255371868610382,0.0,0.0
32.43000078201294,14.800000000000002,17.5,0.0,-9.250245035569947,1.0037721924906557,0.0,0.06255371868610382,0.0,0.0
32.44000029563904,14.800000000000002,17.2,0.8726646259971648,-13.08996938995747,1.0037721924906557,0.0,0.06255371868610382,0.0,0.0
32.45000076293945,14.800000000000002,17.0,0.17453292519943295,-12.39183768915974,0.921852767690282,0.0,0.04310573637485504,0.0,0.0
32.46000051498413,14.900000000000002,16.8,2.792526803190927,-11.868238913561441,0.921852767690282,0.0,0.04310573637485504,0.0,0.0
32.47000050544739,15.100000000000001,16.5,10.122909661567112,-13.08996938995747,0.921852767690282,0.0,0.04310573637485504,0.0,0.0
32.480000495910645,15.5,16.200000000000003,22.51474735072685,-16.929693744344995,0.921852767690282,0.0,0.04310573637485504,0.0,0.0
32.4900004863739,16.200000000000003,15.700000000000001,35.08111796508602,-27.05260340591211,0.921852767690282,0.0,0.04310573637485504,0.0,0.0
32.50000047683716,17.2,14.999999999999998,50.440015382636126,-36.302848441482055,0.9374070888549099,0.0,0.027938051149249077,0.0,0.0
32.510000705718994,18.400000000000006,14.300000000000002,65.44984694978736,-36.65191429188092,0.9374070888549099,0.0,0.027938051149249077,0.0,0.0
32.52000093460083,20.0,13.600000000000001,83.95033702092725,-40.14257279586958,0.9374070888549099,0.0,0.027938051149249077,0.0,0.0
32.53000068664551,21.900000000000002,12.9,104.71975511965977,-39.61897402027128,0.8632648246368502,0.0,0.01596696488559246,0.0,0.0
32.540000915527344,24.3,12.300000000000002,127.05996954518719,-32.2885911618951,0.8632648246368502,0.0,0.01596696488559246,0.0,0.0
32.55000066757202,27.0,11.700000000000001,146.95672301792254,-32.2885911618951,0.8632648246368502,0.0,0.01596696488559246,0.0,0.0
32.56000089645386,29.999999999999996,11.200000000000003,160.74482410867776,-28.623399732707004,0.5749914057190791,0.3753776174396874,0.0024355261120945215,0.0006022084853611887,0.0
32.570000648498535,33.0,10.999999999999998,163.71188383706811,-15.3588974175501,0.5749914057190791,0.3753776174396874,0.0024355261120945215,0.0006022084853611887,0.0
32.58000063896179,35.80000000000001,11.100000000000001,154.98523757709646,3.141592653589793,0.5749914057190791,0.3753776174396874,0.0024355261120945215,0.0006022084853611887,0.0
32.59000062942505,38.50000000000001,11.3,137.7064779823526,11.170107212763709,0.1410258452259599,1.1110970085265885,0.013941178098320961,0.000152588399942033,0.0
32.600000619888306,40.300000000000004,11.4,115.01719770642632,4.886921905584122,0.1410258452259599,1.1110970085265885,0.013941178098320961,0.000152588399942033,0.0
32.61000061035156,41.900000000000006,11.200000000000003,90.40805525330627,-6.283185307179586,0.1410258452259599,1.1110970085265885,0.013941178098320961,0.000152588399942033,0.0
32.62000060081482,43.900000000000006,10.8,47.472955654245766,-22.165681500327985,0.0072586832101597006,1.3915932668620454,0.2538571357727051,0.006081968545913696,0.0
32.630000591278076,43.900000000000006,9.900000000000002,47.472955654245766,-44.15683007545654,0.0072586832101597006,1.3915932668620454,0.2538571357727051,0.006081968545913696,0.0
32.64000058174133,44.400000000000006,8.6,32.637657012293964,-69.98770300497262,0.0072586832101597006,1.3915932668620454,0.2538571357727051,0.006081968545913696,0.0
32.65000081062317,44.80000000000001,6.9,23.03834612632515,-88.66272600131194,0.0,1.4185540902140672,0.0,0.018017545342445374,0.0
32.66000056266785,45.0,5.1000000000000005,12.740903539558605,-96.51670763528642,0.0,1.4185540902140672,0.0,0.018017545342445374,0.0
32.67000079154968,45.099999999999994,3.4000000000000004,3.6651914291880923,-96.16764178488756,0.0,1.4185540902140672,0.0,0.018017545342445374,0.0
32.68000030517578,45.0,1.6,-3.3161255787892263,-97.21483933608415,0.0,1.258863059590554,0.0,0.034887973219156265,0.0
32.690000772476196,44.80000000000001,-0.1,-8.377580409572781,-98.08750396208131,0.0,1.258863059590554,0.0,0.034887973219156265,0.0
32.700000286102295,44.400000000000006,-1.9000000000000004,-20.769418098732523,-99.13470151327792,0.0,1.258863059590554,0.0,0.034887973219156265,0.0
32.71000051498413,43.70000000000001,-3.7000000000000006,-36.82644721708035,-99.30923443847735,0.0,1.258863059590554,0.0,0.034887973219156265,0.0
32.72000026702881,42.60000000000001,-5.4,-57.94493116621174,-97.38937226128358,0.0,0.8715604625913184,0.0,0.029976800084114075,0.0
32.730000257492065,41.1,-7.1000000000000005,-76.2708883121522,-92.50245035569947,0.0,0.8715604625913184,0.0,0.029976800084114075,0.0
32.7400004863739,39.5,-8.6,-87.09192967451705,-81.85594191853406,0.0,0.8715604625913184,0.0,0.029976800084114075,0.0
32.75000023841858,37.800000000000004,-9.8,-95.46951008408982,-67.19517620178169,0.0,0.7289791852488957,0.0,0.045850642025470734,0.0
32.760000467300415,35.9,-10.5,-101.05456369047168,-41.01523742186674,0.0,0.723794411527353,0.0,0.041659027338027954,0.0
32.77000069618225,34.2,-10.9,-98.78563566287906,-25.656340004316643,0.0,0.723794411527353,0.0,0.041659027338027954,0.0
32.78000044822693,32.400000000000006,-10.999999999999998,-93.89871375729493,-10.64650843716541,0.0,0.723794411527353,0.0,0.041659027338027954,0.0
32.790000677108765,30.799999999999997,-11.100000000000001,-87.79006137531478,-2.2689280275926285,0.0,0.778753012975705,0.0,0.05480825528502464,0.0
32.8000009059906,29.400000000000002,-10.999999999999998,-79.76154681614086,0.17453292519943295,0.0,0.778753012975705,0.0,0.05480825528502464,0.0
32.81000065803528,28.200000000000006,-10.999999999999998,-69.46410422937431,-0.0,0.0,0.778753012975705,0.0,0.05480825528502464,0.0
32.820000648498535,27.200000000000003,-10.999999999999998,-53.23254218582705,1.5707963267948966,0.0,0.778753012975705,0.0,0.05480825528502464,0.0
32.83000040054321,26.6,-10.999999999999998,-35.08111796508602,1.9198621771937625,0.0,0.8549691866823819,0.0,0.08807701617479324,0.0
32.84000062942505,26.400000000000006,-10.9,-15.3588974175501,1.0471975511965976,0.0,0.8549691866823819,0.0,0.08807701617479324,0.0
32.850000619888306,26.5,-10.9,3.6651914291880923,-0.0,0.0,0.8549691866823819,0.0,0.08807701617479324,0.0
32.86000061035156,27.100000000000005,-10.9,18.84955592153876,0.6981317007977318,0.0,0.8388963881455997,0.0,0.10432509332895279,0.0
32.87000036239624,27.100000000000005,-10.9,18.84955592153876,-0.3490658503988659,0.0,0.8388963881455997,0.0,0.10432509332895279,0.0
32.8800003528595,27.6,-10.9,24.78367537831948,1.3962634015954636,0.0,0.8388963881455997,0.0,0.10432509332895279,0.0
32.89000058174133,28.200000000000006,-10.9,29.49606435870417,-0.8726646259971648,0.0,0.8388963881455997,0.0,0.10432509332895279,0.0
32.90000033378601,28.700000000000003,-10.9,28.97246558310587,-1.0471975511965976,0.0,0.7616432596946143,0.0,0.1288352608680725,0.0
32.910000801086426,28.800000000000004,-10.9,9.948376736367678,0.17453292519943295,0.0,0.7616432596946143,0.0,0.1288352608680725,0.0
32.9200005531311,28.600000000000005,-10.9,-8.726646259971648,-0.3490658503988659,0.4572970422400611,0.643430418843442,0.30940815806388855,0.1514512449502945,0.0
32.93000078201294,28.400000000000002,-10.999999999999998,-10.471975511965978,-1.2217304763960306,0.4572970422400611,0.643430418843442,0.30940815806388855,0.1514512449502945,0.0
32.94000029563904,28.3,-10.999999999999998,-7.67944870877505,-0.5235987755982988,0.4572970422400611,0.643430418843442,0.30940815806388855,0.1514512449502945,0.0
32.950000524520874,28.400000000000002,-10.999999999999998,7.67944870877505,-1.3962634015954636,0.4572970422400611,0.643430418843442,0.30940815806388855,0.1514512449502945,0.0
32.96000051498413,29.0,-11.100000000000001,26.354471705114378,-6.981317007977318,1.2007935939092762,0.4738883181489976,0.3290690779685974,0.13507002592086792,0.0
32.97000050544739,29.700000000000006,-11.200000000000003,38.39724354387525,-3.3161255787892263,1.2007935939092762,0.4738883181489976,0.3290690779685974,0.13507002592086792,0.0
32.980000257492065,30.3,-11.100000000000001,30.892327760299633,5.410520681182422,1.2007935939092762,0.4738883181489976,0.3290690779685974,0.13507002592086792,0.0
32.9900004863739,30.400000000000006,-10.9,10.821041362364843,7.504915783575617,1.4247758186799184,0.33804724664458036,0.32044103741645813,0.15517178177833557,0.0
33.00000047683716,30.400000000000006,-10.9,0.0,3.141592653589793,1.4247758186799184,0.33804724664458036,0.32044103741645813,0.15517178177833557,0.0
33.010000705718994,30.3,-10.700000000000001,-5.410520681182422,10.297442586766545,1.4247758186799184,0.33804724664458036,0.32044103741645813,0.15517178177833557,0.0
33.02000093460083,29.900000000000006,-10.200000000000001,-15.707963267948966,24.26007660272118,1.4247758186799184,0.33804724664458036,0.32044103741645813,0.15517178177833557,0.0
33.03000068664551,29.500000000000004,-9.4,-21.118483949131388,41.538836197465045,1.4636616215914882,0.1612464627399762,0.32704463601112366,0.09878135472536087,0.0
33.040000915527344,29.0,-8.6,-27.401669256310974,41.538836197465045,1.4636616215914882,0.1612464627399762,0.32704463601112366,0.09878135472536087,0.0
33.05000066757202,28.500000000000004,-8.100000000000001,-29.670597283903604,32.637657012293964,1.4636616215914882,0.1612464627399762,0.32704463601112366,0.09878135472536087,0.0
33.06000089645386,27.9,-7.499999999999999,-29.49606435870417,33.85938748868999,1.4636616215914882,0.1612464627399762,0.32704463601112366,0.09878135472536087,0.0
33.070000648498535,27.400000000000006,-6.9,-27.576202181510407,28.44886680750757,1.4636616215914882,0.1612464627399762,0.32704463601112366,0.09878135472536087,0.0
33.08000063896179,27.0,-6.600000000000001,-23.212879051524585,21.29301687433082,1.216347915073904,0.030590164957101595,0.32258909940719604,0.048322033137083054,0.0
33.09000062942505,26.700000000000003,-6.2,-16.406094968746697,21.467549799530254,1.216347915073904,0.030590164957101595,0.32258909940719604,0.048322033137083054,0.0
33.10000038146973,26.6,-5.800000000000001,-9.075712110370514,23.387411976724017,1.216347915073904,0.030590164957101595,0.32258909940719604,0.048322033137083054,0.0
33.11000061035156,26.5,-5.4,-3.3161255787892263,21.642082724729686,1.0836177078024125,0.0,0.31981340050697327,0.0,0.0
33.12000060081482,26.6,-5.1000000000000005,-0.3490658503988659,13.08996938995747,1.0836177078024125,0.0,0.31981340050697327,0.0,0.0
33.130001068115234,26.5,-5.1000000000000005,-0.5235987755982988,2.443460952792061,1.0836177078024125,0.0,0.31981340050697327,0.0,0.0
33.14000058174133,26.5,-5.1000000000000005,-3.3161255787892263,0.6981317007977318,1.041621040657917,0.0,0.30881085991859436,0.0,0.0
33.15000104904175,26.300000000000004,-5.1000000000000005,-10.64650843716541,2.443460952792061,1.041621040657917,0.0,0.30881085991859436,0.0,0.0
33.16000032424927,25.900000000000002,-5.0,-17.976891295541595,5.759586531581287,1.041621040657917,0.0,0.30881085991859436,0.0,0.0
33.17000079154968,25.5,-4.800000000000001,-20.420352248333657,7.155849933176751,1.0110308757008155,0.0,0.3027435839176178,0.0,0.0
33.18000054359436,25.1,-4.600000000000001,-20.943951023931955,10.995574287564276,1.0110308757008155,0.0,0.3027435839176178,0.0,0.0
33.190000772476196,24.700000000000003,-4.3,-22.51474735072685,18.675022996339326,1.0110308757008155,0.0,0.3027435839176178,0.0,0.0
33.200000286102295,24.400000000000002,-3.7000000000000006,-17.802358370342162,29.321531433504738,0.9949580771640333,0.0,0.2861860394477844,0.0,0.0
33.21000051498413,24.200000000000003,-3.1,-10.821041362364843,32.11405823669566,0.9949580771640333,0.0,0.2861860394477844,0.0,0.0
33.22000050544739,24.200000000000003,-2.5,-3.839724354387525,31.590459461097364,0.9949580771640333,0.0,0.2861860394477844,0.0,0.0
33.230000495910645,24.0,-1.7000000000000002,-6.632251157578453,41.88790204786391,0.9949580771640333,0.0,0.2861860394477844,0.0,0.0
33.2400004863739,24.0,-0.8,-6.632251157578453,51.312680008633286,0.984588529720948,0.0,0.27646708488464355,0.0,0.0
33.25000047683716,23.800000000000004,0.2,-8.552113334772216,60.73745796940267,0.984588529720948,0.0,0.27646708488464355,0.0,0.0
33.260000467300415,23.6,1.5,-12.217304763960307,68.41690667817772,0.9985874187691132,0.0,0.25639355182647705,0.0,0.0
33.27000069618225,23.3,2.9000000000000004,-15.184364492350667,75.04915783575618,0.9985874187691132,0.0,0.25639355182647705,0.0,0.0
33.28000092506409,23.0,4.4,-14.311699866353502,81.15781021773633,0.9985874187691132,0.0,0.25639355182647705,0.0,0.0
33.290000677108765,22.8,5.9,-13.08996938995747,83.77580409572782,0.9985874187691132,0.0,0.25639355182647705,0.0,0.0
33.30000066757202,22.5,7.400000000000001,-14.311699866353502,80.9832772925369,1.026066719493289,0.0,0.23371955752372742,0.0,0.0
33.31000065803528,22.3,8.899999999999999,-14.137166941154069,79.23794804054256,1.026066719493289,0.0,0.23371955752372742,0.0,0.0
33.320000410079956,21.999999999999996,10.299999999999999,-13.788101090755204,80.28514559173917,1.026066719493289,0.0,0.23371955752372742,0.0,0.0
33.33000063896179,21.7,11.700000000000001,-15.533430342749533,78.71434926494426,1.0400656085414544,0.0,0.20903988182544708,0.0,0.0
33.34000062942505,21.400000000000002,13.200000000000003,-16.755160819145562,77.66715171374767,1.0400656085414544,0.0,0.20903988182544708,0.0,0.0
33.350000619888306,21.1,14.5,-17.62782544514273,74.52555906015787,1.0400656085414544,0.0,0.20903988182544708,0.0,0.0
33.36000061035156,20.700000000000003,15.8,-19.722220547535922,71.20943348136865,1.041621040657917,0.0,0.18576455116271973,0.0,0.0
33.37000060081482,20.3,16.900000000000002,-21.29301687433082,61.784655520599266,1.041621040657917,0.0,0.18576455116271973,0.0,0.0
33.380000591278076,19.900000000000002,17.799999999999997,-23.03834612632515,50.78908123303499,1.041621040657917,0.0,0.18576455116271973,0.0,0.0
33.39000058174133,19.5,18.400000000000006,-25.656340004316643,35.08111796508602,1.043694950146534,0.0,0.16609886288642883,0.0,0.0
33.40000057220459,18.900000000000002,18.8,-28.797932657906436,22.340214425527417,1.043694950146534,0.0,0.16609886288642883,0.0,0.0
33.41000032424927,18.3,19.0,-30.892327760299633,13.439035240356338,1.043694950146534,0.0,0.16609886288642883,0.0,0.0
33.420000314712524,17.799999999999997,19.0,-31.2413936106985,1.3962634015954636,1.0390286537971458,0.0,0.15167464315891266,0.0,0.0
33.43000078201294,17.2,19.0,-31.066860685499066,0.5235987755982988,1.0390286537971458,0.0,0.15167464315891266,0.0,0.0
33.44000053405762,16.6,19.0,-31.41592653589793,0.17453292519943295,1.0390286537971458,0.0,0.15167464315891266,0.0,0.0
33.450000524520874,16.1,19.0,-28.623399732707004,-1.0471975511965976,1.0265851968654434,0.0,0.13182827830314636,0.0,0.0
33.46000051498413,15.600000000000001,18.900000000000002,-27.22713633111154,-2.443460952792061,1.0265851968654434,0.0,0.13182827830314636,0.0,0.0
33.47000050544739,15.100000000000001,18.8,-26.878070480712676,-7.67944870877505,1.0265851968654434,0.0,0.13182827830314636,0.0,0.0
33.480000495910645,14.700000000000001,18.400000000000006,-21.467549799530254,-20.769418098732523,1.0265851968654434,0.0,0.11041413992643356,0.0,0.0
33.49000024795532,14.5,17.6,-14.137166941154069,-38.04817769347638,1.0265851968654434,0.0,0.11041413992643356,0.0,0.0
33.50000023841858,14.400000000000002,16.6,-8.203047484373348,-52.53441048502932,1.0265851968654434,0.0,0.11041413992643356,0.0,0.0
33.510000705718994,14.300000000000002,15.700000000000001,-5.759586531581287,-52.708943410228756,1.0053276246071186,0.0,0.09518875926733017,0.0,0.0
33.52000045776367,14.100000000000003,14.800000000000002,-8.901179185171081,-45.553093477052,1.0053276246071186,0.0,0.09518875926733017,0.0,0.0
33.53000044822693,14.0,14.300000000000002,-6.806784082777885,-31.590459461097364,1.0053276246071186,0.0,0.09518875926733017,0.0,0.0
33.540000915527344,14.0,13.900000000000002,1.3962634015954636,-25.132741228718345,1.0053276246071186,0.0,0.09518875926733017,0.0,0.0
33.55000066757202,14.0,13.399999999999999,-0.17453292519943295,-24.26007660272118,0.9311853603890587,0.0,0.07430066913366318,0.0,0.0
33.56000065803528,14.0,13.200000000000003,0.0,-14.137166941154069,0.9311853603890587,0.0,0.07430066913366318,0.0,0.0
33.570000648498535,14.100000000000003,13.200000000000003,2.6179938779914944,-1.7453292519943295,0.9311853603890587,0.0,0.07430066913366318,0.0,0.0
33.58000040054321,14.600000000000001,13.100000000000001,19.02408884673819,-2.0943951023931953,0.9399994757156812,0.0,0.05722945183515549,0.0,0.0
33.59000062942505,14.600000000000001,13.100000000000001,19.02408884673819,-2.0943951023931953,0.9399994757156812,0.0,0.05722945183515549,0.0,0.0
33.600000619888306,15.399999999999999,12.9,38.746309394274114,-10.471975511965978,0.9399994757156812,0.0,0.05722945183515549,0.0,0.0
33.61000037193298,16.5,12.600000000000001,59.51572749300664,-19.722220547535922,0.9524429326473836,0.0,0.04414425417780876,0.0,0.0
33.62000060081482,17.900000000000006,11.8,74.87462491055673,-37.35004599267865,0.9524429326473836,0.0,0.04414425417780876,0.0,0.0
33.630000591278076,19.400000000000002,10.8,82.72860654453122,-52.883476335428185,0.9524429326473836,0.0,0.04414425417780876,0.0,0.0
33.64000058174133,22.700000000000003,9.700000000000001,88.48819307611251,-59.8647933434055,0.9477766362979952,0.0,0.029481399804353714,0.0,0.0
33.65000081062317,22.700000000000003,8.6,88.48819307611251,-60.03932626860494,0.9477766362979952,0.0,0.029481399804353714,0.0,0.0
33.66000056266785,24.400000000000002,7.499999999999999,90.40805525330627,-62.13372137099813,0.9477766362979952,0.0,0.029481399804353714,0.0,0.0
33.67000079154968,26.000000000000004,6.4,96.16764178488756,-57.94493116621174,0.8772637136850152,0.07517921896236833,0.01524113304913044,0.13313792645931244,0.0
33.68000078201294,28.1,5.2,105.41788682045751,-64.5771823237902,0.8772637136850152,0.07517921896236833,0.01524113304913044,0.13313792645931244,0.0
33.690000772476196,30.1,4.0,113.62093430483085,-65.79891280018623,0.8772637136850152,0.07517921896236833,0.01524113304913044,0.13313792645931244,0.0
33.700000524520874,34.7,2.1,127.05996954518719,-49.04375198104066,0.5791392246963133,0.8508213677051478,0.0044879126362502575,0.025136500597000122,0.0
33.71000051498413,34.7,2.1,127.05996954518719,-49.04375198104066,0.5791392246963133,0.8508213677051478,0.0044879126362502575,0.025136500597000122,0.0
33.72000026702881,37.0,1.3,129.1543646475804,-44.505895925855405,0.5791392246963133,0.8508213677051478,0.0044879126362502575,0.025136500597000122,0.0
33.730000495910645,39.300000000000004,0.5,125.4891732183923,-46.0766922526503,0.13687802624872578,1.067026431893476,0.06172727048397064,0.005423710681498051,0.0
33.7400004863739,41.400000000000006,-0.5,112.39920382843482,-58.817595792208905,0.13687802624872578,1.067026431893476,0.06172727048397064,0.005423710681498051,0.0
33.75000023841858,43.00000000000001,-1.8000000000000003,93.37511498169663,-70.16223593017205,0.13687802624872578,1.067026431893476,0.06172727048397064,0.005423710681498051,0.0
33.760000705718994,44.2,-3.2,66.32251157578452,-76.44542123735164,0.0,1.3158955705275228,0.0,0.015334122814238071,0.0
33.77000093460083,44.80000000000001,-4.600000000000001,39.96803987067015,-77.49261878854823,0.0,1.3158955705275228,0.0,0.015334122814238071,0.0
33.78000092506409,45.099999999999994,-6.1000000000000005,19.198621771937624,-78.88888219014369,0.0,1.3158955705275228,0.0,0.015334122814238071,0.0
33.790000438690186,45.2,-7.499999999999999,9.599310885968812,-80.11061266653972,0.0,1.3158955705275228,0.0,0.015334122814238071,0.0
33.8000009059906,45.2,-9.0,0.0,-80.28514559173917,0.0,1.1976827296763506,0.0,0.02009090967476368,0.0
33.81000065803528,45.2,-10.4,0.0,-78.19075048934596,0.0,1.1976827296763506,0.0,0.02009090967476368,0.0
33.820000648498535,45.099999999999994,-11.8,-4.537856055185257,-72.60569688296411,0.0,1.1976827296763506,0.0,0.02009090967476368,0.0
33.83000063896179,44.80000000000001,-12.8,-14.486232791552935,-61.4355896702004,0.0,0.9399994757156812,0.0,0.02837451919913292,0.0
33.84000062942505,44.2,-13.700000000000003,-30.01966313430247,-50.614548307835555,0.0,0.9399994757156812,0.0,0.02837451919913292,0.0
33.85000038146973,43.4,-14.400000000000002,-45.72762640225143,-38.04817769347638,0.0,0.9399994757156812,0.0,0.02837451919913292,0.0
33.86000061035156,42.2,-14.999999999999998,-58.817595792208905,-32.2885911618951,0.0,0.9399994757156812,0.0,0.02837451919913292,0.0
33.87000060081482,41.1,-15.300000000000002,-66.14797865058509,-21.29301687433082,0.0,0.7611247823224601,0.0,0.021081745624542236,0.0
33.880000591278076,39.70000000000001,-15.399999999999999,-72.60569688296411,-5.934119456780721,0.0,0.7611247823224601,0.0,0.021081745624542236,0.0
33.89000058174133,38.300000000000004,-15.399999999999999,-76.2708883121522,-1.2217304763960306,0.0,0.7398672100641353,0.0,0.028729503974318504,0.0
33.90000081062317,36.80000000000001,-15.399999999999999,-78.88888219014369,-0.17453292519943295,0.0,0.7398672100641353,0.0,0.028729503974318504,0.0
33.91000032424927,35.4,-15.399999999999999,-80.28514559173917,-0.17453292519943295,0.0,0.7398672100641353,0.0,0.028729503974318504,0.0
33.9200005531311,32.5,-15.399999999999999,-78.88888219014369,-0.17453292519943295,0.0,0.7398672100641353,0.0,0.028729503974318504,0.0
33.93000078201294,32.5,-15.399999999999999,-78.88888219014369,-1.5707963267948966,0.0,0.8570430961709989,0.0,0.05038294196128845,0.0
33.94000053405762,31.099999999999998,-15.5,-74.35102613495845,-3.6651914291880923,0.0,0.8570430961709989,0.0,0.05038294196128845,0.0
33.95000076293945,29.1,-15.700000000000001,-49.39281783143953,-7.67944870877505,0.0,0.8570430961709989,0.0,0.05038294196128845,0.0
33.96000027656555,28.700000000000003,-15.899999999999999,-26.52900463031381,-12.217304763960307,0.0,0.9125201749915053,0.0,0.07372727245092392,0.0
33.97000026702881,28.700000000000003,-16.3,-26.52900463031381,-21.29301687433082,0.0,0.9125201749915053,0.0,0.07372727245092392,0.0
33.980000495910645,28.700000000000003,-16.900000000000002,-1.5707963267948966,-31.066860685499066,0.0,0.8632648246368502,0.0,0.09694594889879227,0.0
33.9900004863739,29.0,-17.400000000000002,12.566370614359172,-27.05260340591211,0.0,0.8632648246368502,0.0,0.09694594889879227,0.0
34.00000047683716,29.400000000000002,-17.6,20.769418098732523,-11.693705988362009,0.0,0.8632648246368502,0.0,0.09694594889879227,0.0
34.01000094413757,29.900000000000006,-17.6,25.307274153917778,-1.2217304763960306,0.0,0.8632648246368502,0.0,0.09694594889879227,0.0
34.02000093460083,30.3,-17.6,23.736477827122883,0.17453292519943295,0.0,0.7248313662716616,0.0,0.14047066867351532,0.0
34.03000068664551,30.5,-17.6,14.486232791552935,-0.0,0.0,0.7248313662716616,0.0,0.14047066867351532,0.0
34.04000115394592,30.5,-17.5,1.0471975511965976,5.410520681182422,0.0,0.7248313662716616,0.0,0.14047066867351532,0.0
34.05000066757202,30.600000000000005,-17.2,0.3490658503988659,13.439035240356338,0.0,0.7248313662716616,0.0,0.14047066867351532,0.0
34.06000089645386,30.600000000000005,-16.8,0.3490658503988659,19.722220547535922,0.6304684845395855,0.578620747324159,0.31005263328552246,0.16834767162799835,0.0
34.070000410079956,30.700000000000006,-16.4,6.806784082777885,20.245819323134224,0.6304684845395855,0.578620747324159,0.31005263328552246,0.16834767162799835,0.0
34.08000063896179,31.700000000000006,-16.1,30.01966313430247,17.10422666954443,1.2645663106842506,0.43137317363234795,0.34549856185913086,0.15811538696289062,0.0
34.09000062942505,31.700000000000006,-15.700000000000001,30.01966313430247,22.51474735072685,1.2645663106842506,0.43137317363234795,0.34549856185913086,0.15811538696289062,0.0
34.100000619888306,32.1,-14.900000000000002,24.958208303518912,41.01523742186674,1.2645663106842506,0.43137317363234795,0.34549856185913086,0.15811538696289062,0.0
34.11000084877014,32.300000000000004,-13.900000000000002,11.170107212763709,53.93067388662478,1.545581046391862,0.31004946854825005,0.3401908874511719,0.1919364631175995,0.0
34.12000036239624,32.1,-12.600000000000001,-6.283185307179586,65.97344572538566,1.545581046391862,0.31004946854825005,0.3401908874511719,0.1919364631175995,0.0
34.130000591278076,31.799999999999997,-11.5,-14.486232791552935,65.79891280018623,1.545581046391862,0.31004946854825005,0.3401908874511719,0.1919364631175995,0.0
34.14000058174133,31.400000000000002,-10.299999999999999,-21.81661564992912,60.73745796940267,1.545581046391862,0.31004946854825005,0.3401908874511719,0.1919364631175995,0.0
34.15000081062317,30.900000000000006,-9.4,-28.44886680750757,54.10520681182422,1.5414332274146278,0.1773192612767584,0.36939018964767456,0.189362570643425,0.0
34.16000056266785,30.3,-8.6,-30.7177948351002,45.20402762665314,1.5414332274146278,0.1773192612767584,0.36939018964767456,0.189362570643425,0.0
34.1700005531311,29.800000000000004,-8.0,-31.066860685499066,34.033920413889426,1.4859561485941215,0.06014337516989466,0.36394765973091125,0.14548276364803314,0.0
34.18000054359436,29.1,-7.499999999999999,-33.85938748868999,30.368728984701335,1.4859561485941215,0.06014337516989466,0.36394765973091125,0.14548276364803314,0.0
34.190000772476196,28.400000000000002,-7.0,-38.22271061867582,23.736477827122883,1.4859561485941215,0.06014337516989466,0.36394765973091125,0.14548276364803314,0.0
34.200000524520874,27.700000000000003,-6.800000000000001,-37.69911184307752,12.566370614359172,1.4859561485941215,0.06014337516989466,0.36394765973091125,0.14548276364803314,0.0
34.21000051498413,27.100000000000005,-6.699999999999999,-35.77924966588375,6.457718232379019,1.3241912084819911,0.0,0.36777839064598083,0.0,0.0
34.22000050544739,26.5,-6.600000000000001,-29.845130209103036,8.377580409572781,1.3241912084819911,0.0,0.36777839064598083,0.0,0.0
34.230000495910645,26.1,-6.4,-22.340214425527417,10.995574287564276,1.3241912084819911,0.0,0.36777839064598083,0.0,0.0
34.2400004863739,25.900000000000002,-6.0,-15.533430342749533,19.02408884673819,1.1505012888103126,0.0,0.34533166885375977,0.0,0.0
34.25000047683716,25.700000000000006,-5.499999999999999,-11.344640137963141,26.878070480712676,1.1505012888103126,0.0,0.34533166885375977,0.0,0.0
34.260000705718994,25.5,-5.1000000000000005,-8.552113334772216,23.03834612632515,1.1505012888103126,0.0,0.34533166885375977,0.0,0.0
34.27000069618225,25.400000000000002,-4.9,-5.585053606381854,12.740903539558605,1.002216760374193,0.0,0.3282136619091034,0.0,0.0
34.28000044822693,25.400000000000002,-4.7,-4.537856055185257,9.250245035569947,1.002216760374193,0.0,0.3282136619091034,0.0,0.0
34.290000677108765,25.200000000000003,-4.4,-9.250245035569947,14.137166941154069,0.9560722742524634,0.0,0.31199347972869873,0.0,0.0
34.3000009059906,24.900000000000006,-3.9000000000000004,-14.137166941154069,25.656340004316643,0.9560722742524634,0.0,0.31199347972869873,0.0,0.0
34.31000065803528,24.5,-3.3000000000000007,-19.54768762233649,33.335788713091695,0.9560722742524634,0.0,0.31199347972869873,0.0,0.0
34.320000648498535,24.200000000000003,-2.7,-18.500490071139893,33.335788713091695,0.9560722742524634,0.0,0.31199347972869873,0.0,0.0
34.33000063896179,23.900000000000006,-2.0,-17.453292519943297,39.79350694547071,0.9202973355738192,0.0,0.2994788587093353,0.0,0.0
34.34000062942505,23.6,-1.0,-16.755160819145562,50.26548245743669,0.9202973355738192,0.0,0.2994788587093353,0.0,0.0
34.350000619888306,23.3,-0.0,-15.533430342749533,55.850536063818545,0.9171864713408936,0.0,0.27305880188941956,0.0,0.0
34.36000061035156,23.099999999999998,1.2000000000000002,-11.693705988362009,66.49704450098396,0.9171864713408936,0.0,0.27305880188941956,0.0,0.0
34.37000060081482,22.900000000000002,2.6,-9.250245035569947,75.92182246175334,0.9171864713408936,0.0,0.27305880188941956,0.0,0.0
34.380000591278076,22.8,4.1,-8.377580409572781,82.37954069413236,0.9431103399486068,0.0,0.25480538606643677,0.0,0.0
34.39000058174133,22.6,5.600000000000001,-10.821041362364843,84.99753457212385,0.9431103399486068,0.0,0.25480538606643677,0.0,0.0
34.40000057220459,22.400000000000006,7.300000000000001,-9.948376736367678,88.31366015091308,0.9431103399486068,0.0,0.25480538606643677,0.0,0.0
34.410000801086426,22.200000000000003,8.8,-9.42477796076938,88.13912722571364,0.9871809165817192,0.0,0.2268151193857193,0.0,0.0
34.4200005531311,22.1,10.5,-9.42477796076938,88.31366015091308,0.9871809165817192,0.0,0.2268151193857193,0.0,0.0
34.43000078201294,21.900000000000002,12.0,-9.075712110370514,85.52113334772214,0.9871809165817192,0.0,0.2268151193857193,0.0,0.0
34.44000029563904,21.6,13.5,-12.566370614359172,79.06341511534313,1.0203634683995921,0.0,0.20444715023040771,0.0,0.0
34.45000076293945,21.400000000000002,14.700000000000001,-16.05702911834783,70.51130178057092,1.0203634683995921,0.0,0.20444715023040771,0.0,0.0
34.46000051498413,21.0,15.899999999999999,-20.59488517353309,63.355451847394164,1.0203634683995921,0.0,0.20444715023040771,0.0,0.0
34.47000050544739,20.5,16.8,-26.354471705114378,51.83627878423159,1.0203634683995921,0.0,0.20444715023040771,0.0,0.0
34.480000495910645,19.900000000000002,17.5,-31.066860685499066,42.06243497306334,1.0167341267945125,0.0,0.18078990280628204,0.0,0.0
34.4900004863739,19.200000000000003,18.0,-35.08111796508602,26.354471705114378,1.0167341267945125,0.0,0.18078990280628204,0.0,0.0
34.50000047683716,17.799999999999997,18.200000000000003,-41.01523742186674,12.566370614359172,1.0115493530729698,0.0,0.1570676565170288,0.0,0.0
34.510000467300415,17.799999999999997,18.200000000000003,-41.01523742186674,6.1086523819801535,1.0115493530729698,0.0,0.1570676565170288,0.0,0.0
34.52000093460083,17.0,18.200000000000003,-41.36430327226561,-1.2217304763960306,1.0115493530729698,0.0,0.1570676565170288,0.0,0.0
34.53000068664551,16.3,18.200000000000003,-39.61897402027128,-0.0,1.0115493530729698,0.0,0.1570676565170288,0.0,0.0
34.540000915527344,15.600000000000001,18.1,-36.12831551628262,-4.014257279586958,1.049398201240231,0.0,0.12892094254493713,0.0,0.0
34.55000066757202,15.100000000000001,18.0,-32.637657012293964,-7.155849933176751,1.049398201240231,0.0,0.12892094254493713,0.0,0.0
34.56000065803528,14.600000000000001,17.7,-26.52900463031381,-14.835298641951802,1.049398201240231,0.0,0.12892094254493713,0.0,0.0
34.570000648498535,14.200000000000001,17.300000000000004,-20.59488517353309,-19.198621771937624,1.0509536333566938,0.0,0.10715490579605103,0.0,0.0
34.58000063896179,13.900000000000002,17.0,-16.231562043547264,-17.976891295541595,1.0509536333566938,0.0,0.10715490579605103,0.0,0.0
34.59000062942505,13.700000000000003,16.8,-13.788101090755204,-13.08996938995747,1.0509536333566938,0.0,0.10715490579605103,0.0,0.0
34.600000619888306,13.5,16.6,-9.599310885968812,-10.297442586766545,1.037473221680683,0.0,0.08500199764966965,0.0,0.0
34.61000061035156,13.5,16.4,-3.141592653589793,-10.471975511965978,1.037473221680683,0.0,0.08500199764966965,0.0,0.0
34.6200008392334,13.600000000000001,16.1,3.3161255787892263,-15.707963267948966,1.037473221680683,0.0,0.08500199764966965,0.0,0.0
34.630000591278076,13.600000000000001,15.600000000000001,0.17453292519943295,-25.48180707911721,1.037473221680683,0.0,0.08500199764966965,0.0,0.0
34.640000343322754,13.600000000000001,14.999999999999998,1.3962634015954636,-30.543261909900767,1.037473221680683,0.0,0.08500199764966965,0.0,0.0
34.65000033378601,13.700000000000003,14.600000000000001,2.792526803190927,-24.609142453120047,1.037473221680683,0.0,0.08500199764966965,0.0,0.0
34.66000056266785,13.900000000000002,14.300000000000002,14.311699866353502,-19.198621771937624,0.9856254844652566,0.0,0.05154602602124214,0.0,0.0
34.67000079154968,14.5,13.900000000000002,26.703537555513243,-19.722220547535922,0.9856254844652566,0.0,0.05154602602124214,0.0,0.0
34.68000078201294,16.1,13.5,48.86921905584123,-24.78367537831948,0.9856254844652566,0.0,0.05154602602124214,0.0,0.0
34.69000053405762,16.1,13.100000000000001,48.86921905584123,-21.81661564992912,0.9405179530878355,0.0,0.04974972456693649,0.0,0.0
34.700000524520874,17.2,12.8,54.45427266222308,-17.10422666954443,0.9405179530878355,0.0,0.04974972456693649,0.0,0.0
34.71000051498413,18.200000000000003,12.5,55.850536063818545,-16.58062789394613,0.8850408742673292,0.0,0.054787930101156235,0.0,0.0
34.72000050544739,20.3,11.900000000000002,58.817595792208905,-28.099800957108705,0.8850408742673292,0.0,0.054787930101156235,0.0,0.0
34.730000495910645,20.3,11.200000000000003,58.817595792208905,-39.79350694547071,0.8850408742673292,0.0,0.054787930101156235,0.0,0.0
34.7400004863739,22.700000000000003,10.4,67.19517620178169,-42.236967898262776,0.8850408742673292,0.0,0.054787930101156235,0.0,0.0
34.75000047683716,22.700000000000003,9.5,67.19517620178169,-49.741883681838395,0.8580800509153075,0.0,0.061447128653526306,0.0,0.0
34.760000705718994,24.1,8.5,77.14355293814937,-53.581608036225916,0.8580800509153075,0.0,0.061447128653526306,0.0,0.0
34.77000069618225,25.8,7.400000000000001,90.5825881785057,-58.643062867009476,0.8404518202620624,0.3240483575964152,0.05741455778479576,0.009560001082718372,0.0
34.78000092506409,27.700000000000003,6.4,104.02162341886203,-52.883476335428185,0.8404518202620624,0.3240483575964152,0.05741455778479576,0.009560001082718372,0.0
34.790000677108765,29.800000000000004,5.600000000000001,115.01719770642632,-46.25122517784973,0.8404518202620624,0.3240483575964152,0.05741455778479576,0.009560001082718372,0.0
34.8000009059906,34.4,5.0,129.50343049797925,-34.20845333908886,0.8404518202620624,0.3240483575964152,0.05741455778479576,0.009560001082718372,0.0
34.8100004196167,34.4,4.5,129.50343049797925,-32.81218993749339,0.5578816524379884,0.6569108305194529,0.04662081599235535,0.022128650918602943,0.0
34.820000410079956,36.80000000000001,3.6000000000000005,129.1543646475804,-43.28416544945937,0.5578816524379884,0.6569108305194529,0.04662081599235535,0.022128650918602943,0.0
34.83000063896179,38.900000000000006,2.8000000000000007,116.76252695842065,-43.807764225057674,0.10110308757008155,1.0136232625615869,0.011051280423998833,0.0321253202855587,0.0
34.84000062942505,40.5,1.9000000000000004,89.70992355250854,-50.614548307835555,0.10110308757008155,1.0136232625615869,0.011051280423998833,0.0321253202855587,0.0
34.850000619888306,41.50000000000001,1.0,61.4355896702004,-50.614548307835555,0.10110308757008155,1.0136232625615869,0.011051280423998833,0.0321253202855587,0.0
34.86000061035156,42.1,-0.0,36.477381366681485,-54.45427266222308,0.10110308757008155,1.0136232625615869,0.011051280423998833,0.0321253202855587,0.0
34.87000060081482,42.400000000000006,-0.9000000000000001,19.02408884673819,-53.75614096142535,0.0,1.288934747175501,0.0,0.02363073267042637,0.0
34.8800003528595,42.5,-2.1,5.759586531581287,-60.9119908946021,0.0,1.288934747175501,0.0,0.02363073267042637,0.0
34.89000058174133,42.5,-3.2,1.3962634015954636,-62.65732014659643,0.0,1.288934747175501,0.0,0.02363073267042637,0.0
34.90000057220459,42.5,-4.4,0.0,-63.18091892219473,0.0,1.1831653632560313,0.0,0.027389133349061012,0.0
34.910000801086426,42.5,-5.4,0.0,-59.69026041820607,0.0,1.1831653632560313,0.0,0.027389133349061012,0.0
34.92000079154968,42.400000000000006,-6.300000000000001,-5.061454830783556,-51.13814708343386,0.0,1.1831653632560313,0.0,0.027389133349061012,0.0
34.93000078201294,42.1,-7.0,-12.915436464758038,-41.01523742186674,0.0,0.9643679122069316,0.0,0.02196774259209633,0.0
34.94000053405762,41.7,-7.699999999999999,-23.56194490192345,-35.43018381548489,0.0,0.9643679122069316,0.0,0.02196774259209633,0.0
34.950000524520874,41.1,-8.100000000000001,-32.637657012293964,-25.132741228718345,0.0,0.9643679122069316,0.0,0.02196774259209633,0.0
34.96000027656555,40.2,-8.4,-45.72762640225143,-16.58062789394613,0.0,0.8202312027480462,0.0,0.013654869049787521,0.0
34.97000050544739,39.1,-8.8,-56.548667764616276,-20.943951023931955,0.0,0.8202312027480462,0.0,0.013654869049787521,0.0
34.980000495910645,38.0,-9.4,-63.52998477259359,-30.194196059501902,0.0,0.8202312027480462,0.0,0.013654869049787521,0.0
34.9900004863739,36.7,-9.900000000000002,-68.41690667817772,-32.11405823669566,0.0,0.8083062231884981,0.0,0.02543232962489128,0.0
35.00000047683716,35.300000000000004,-10.5,-74.52555906015787,-32.637657012293964,0.0,0.8083062231884981,0.0,0.02543232962489128,0.0
35.010000467300415,33.9,-11.4,-78.71434926494426,-43.63323129985824,0.0,0.8083062231884981,0.0,0.02543232962489128,0.0
35.02000045776367,32.400000000000006,-12.100000000000001,-80.28514559173917,-41.01523742186674,0.0,0.8083062231884981,0.0,0.02543232962489128,0.0
35.03000068664551,31.0,-12.8,-79.41248096574199,-36.65191429188092,0.0,0.8337116144240571,0.0,0.043835822492837906,0.0
35.040000915527344,29.600000000000005,-13.399999999999999,-73.30382858376184,-35.604716740684324,0.0,0.8337116144240571,0.0,0.043835822492837906,0.0
35.05000066757202,28.600000000000005,-13.900000000000002,-60.03932626860494,-25.48180707911721,0.0,0.8337116144240571,0.0,0.043835822492837906,0.0
35.06000089645386,28.0,-14.100000000000003,-33.335788713091695,-13.61356816555577,0.0,0.8337116144240571,0.0,0.043835822492837906,0.0
35.070000648498535,28.1,-14.200000000000001,0.3490658503988659,-8.377580409572781,0.0,0.8264529312138974,0.0,0.0776248425245285,0.0
35.08000063896179,29.500000000000004,-14.400000000000002,44.505895925855405,-8.901179185171081,0.0,0.8264529312138974,0.0,0.0776248425245285,0.0
35.09000039100647,29.500000000000004,-14.600000000000001,44.505895925855405,-12.39183768915974,0.0,0.7227574567830445,0.0,0.10267862677574158,0.0
35.100000619888306,30.5,-14.800000000000002,53.23254218582705,-10.297442586766545,0.0,0.7227574567830445,0.0,0.10267862677574158,0.0
35.11000037193298,31.5,-14.900000000000002,52.708943410228756,-4.014257279586958,0.0,0.7227574567830445,0.0,0.10267862677574158,0.0
35.12000036239624,32.400000000000006,-14.900000000000002,48.69468613064179,0.17453292519943295,0.0,0.7227574567830445,0.0,0.10267862677574158,0.0
35.130000591278076,33.2,-14.800000000000002,46.774823953448035,2.6179938779914944,0.5205512816428814,0.6455043283320591,0.376649409532547,0.12497590482234955,0.0
35.14000058174133,34.1,-14.700000000000001,44.680428851054835,4.71238898038469,0.5205512816428814,0.6455043283320591,0.376649409532547,0.12497590482234955,0.0
35.15000081062317,34.800000000000004,-14.700000000000001,44.15683007545654,2.0943951023931953,1.1816099311395685,0.5858794305343187,0.3908867835998535,0.13259291648864746,0.0
35.16000056266785,35.5,-14.5,38.04817769347638,5.934119456780721,1.1816099311395685,0.5858794305343187,0.3908867835998535,0.13259291648864746,0.0
35.1700005531311,35.9,-14.400000000000002,24.958208303518912,7.3303828583761845,1.1816099311395685,0.5858794305343187,0.3908867835998535,0.13259291648864746,0.0
35.18000054359436,35.9,-14.300000000000002,1.0471975511965976,7.67944870877505,1.225680507772681,0.5174404174099558,0.39559897780418396,0.13384568691253662,0.0
35.190000772476196,35.70000000000001,-14.0,-11.693705988362009,11.519173063162574,1.225680507772681,0.5174404174099558,0.39559897780418396,0.13384568691253662,0.0
35.20000076293945,34.7,-13.8,-28.274333882308138,15.533430342749533,1.225680507772681,0.5174404174099558,0.39559897780418396,0.13384568691253662,0.0
35.21000027656555,34.7,-13.399999999999999,-28.274333882308138,20.59488517353309,1.3661878756264865,0.3665635021130649,0.42205503582954407,0.12825600802898407,0.0
35.22000050544739,34.1,-12.9,-32.98672286269283,24.434609527920614,1.3661878756264865,0.3665635021130649,0.42205503582954407,0.12825600802898407,0.0
35.230000495910645,33.50000000000001,-12.5,-34.55751918948773,22.165681500327985,1.4667724858244138,0.20376160725662587,0.4175966680049896,0.11863359063863754,0.0
35.2400004863739,32.7,-12.100000000000001,-40.31710572106901,24.08554367752175,1.4667724858244138,0.20376160725662587,0.4175966680049896,0.11863359063863754,0.0
35.25000047683716,31.799999999999997,-11.4,-48.345620280242926,35.95378259108319,1.4667724858244138,0.20376160725662587,0.4175966680049896,0.11863359063863754,0.0
35.260000705718994,29.800000000000004,-10.600000000000001,-56.548667764616276,41.88790204786391,1.3962595632114339,0.12028675033978932,0.41725844144821167,0.16272413730621338,0.0
35.27000069618225,29.800000000000004,-9.900000000000002,-56.548667764616276,38.22271061867582,1.3962595632114339,0.12028675033978932,0.41725844144821167,0.16272413730621338,0.0
35.28000044822693,28.800000000000004,-9.200000000000003,-53.40707511102649,37.52457891787809,1.3962595632114339,0.12028675033978932,0.41725844144821167,0.16272413730621338,0.0
35.290000677108765,27.9,-8.700000000000001,-46.774823953448035,28.797932657906436,1.3962595632114339,0.12028675033978932,0.41725844144821167,0.16272413730621338,0.0
35.3000009059906,27.3,-8.5,-37.000980142279786,15.533430342749533,1.1702034289521746,0.0596248977977404,0.4207678437232971,0.07795652002096176,0.0
35.31000065803528,26.799999999999997,-8.4,-29.321531433504738,7.3303828583761845,1.1702034289521746,0.0596248977977404,0.4207678437232971,0.07795652002096176,0.0
35.320000410079956,26.400000000000006,-8.4,-22.165681500327985,-0.0,1.1702034289521746,0.0596248977977404,0.4207678437232971,0.07795652002096176,0.0
35.33000063896179,26.1,-8.4,-18.151424220741028,0.6981317007977318,1.0343623574477574,0.0,0.4077969789505005,0.0,0.0
35.34000062942505,25.8,-8.4,-16.755160819145562,-0.0,1.0343623574477574,0.0,0.4077969789505005,0.0,0.0
35.350000619888306,25.400000000000002,-8.4,-20.769418098732523,-0.0,1.0343623574477574,0.0,0.4077969789505005,0.0,0.0
35.36000061035156,24.900000000000006,-8.3,-27.22713633111154,2.0943951023931953,0.947258158925841,0.0,0.38281500339508057,0.0,0.0
35.37000060081482,24.3,-8.2,-32.81218993749339,9.773843811168245,0.947258158925841,0.0,0.38281500339508057,0.0,0.0
35.380000829696655,23.6,-7.600000000000001,-35.43018381548489,26.703537555513243,0.9182234260852021,0.0,0.38804009556770325,0.0,0.0
35.39000058174133,22.900000000000002,-6.9,-38.39724354387525,35.08111796508602,0.9182234260852021,0.0,0.38804009556770325,0.0,0.0
35.40000033378601,22.3,-6.300000000000001,-33.16125578789226,34.38298626428829,0.874671326824244,0.0,0.36688974499702454,0.0,0.0
35.410000801086426,21.900000000000002,-5.600000000000001,-23.212879051524585,39.79350694547071,0.874671326824244,0.0,0.36688974499702454,0.0,0.0
35.42000079154968,21.7,-4.7,-15.184364492350667,45.553093477052,0.874671326824244,0.0,0.36688974499702454,0.0,0.0
35.43000078201294,21.6,-3.8000000000000007,-7.853981633974483,51.312680008633286,0.9094093107585797,0.0,0.33803078532218933,0.0,0.0
35.44000053405762,21.500000000000004,-2.6,-2.2689280275926285,63.18091892219473,0.9094093107585797,0.0,0.33803078532218933,0.0,0.0
35.45000076293945,21.500000000000004,-1.2000000000000002,-0.6981317007977318,74.7000919853573,0.9094093107585797,0.0,0.33803078532218933,0.0,0.0
35.46000027656555,21.500000000000004,0.2,0.0,84.12486994612668,0.9410364304599897,0.0,0.3063002824783325,0.0,0.0
35.47000050544739,21.500000000000004,1.9000000000000004,0.0,89.36085770210967,0.9410364304599897,0.0,0.3063002824783325,0.0,0.0
35.480000495910645,21.500000000000004,3.6000000000000005,0.0,92.6769832808989,0.9679972538120115,0.0,0.2886786162853241,0.0,0.0
35.4900004863739,21.500000000000004,5.300000000000001,-0.17453292519943295,91.106186954104,0.9679972538120115,0.0,0.2886786162853241,0.0,0.0
35.50000047683716,21.500000000000004,6.9,0.3490658503988659,89.70992355250854,0.9679972538120115,0.0,0.2886786162853241,0.0,0.0
35.510000705718994,21.500000000000004,8.4,-0.17453292519943295,86.21926504851987,1.0245112873768263,0.0,0.25944533944129944,0.0,0.0
35.52000093460083,21.500000000000004,9.900000000000002,0.5235987755982988,82.03047484373349,1.0245112873768263,0.0,0.25944533944129944,0.0,0.0
35.53000068664551,21.500000000000004,11.200000000000003,-0.17453292519943295,74.87462491055673,1.0245112873768263,0.0,0.25944533944129944,0.0,0.0
35.540000915527344,21.500000000000004,12.4,0.0,65.62437987498679,1.0468058143794596,0.0,0.24392817914485931,0.0,0.0
35.55000066757202,21.500000000000004,13.399999999999999,-0.3490658503988659,55.850536063818545,1.0468058143794596,0.0,0.24392817914485931,0.0,0.0
35.56000113487244,21.500000000000004,14.200000000000001,-0.17453292519943295,43.982297150257104,1.0468058143794596,0.0,0.24392817914485931,0.0,0.0
35.570000886917114,21.500000000000004,14.800000000000002,-1.7453292519943295,35.95378259108319,1.0452503822629968,0.0,0.22828571498394012,0.0,0.0
35.58000063896179,21.400000000000002,15.399999999999999,-5.759586531581287,32.637657012293964,1.0452503822629968,0.0,0.22828571498394012,0.0,0.0
35.59000062942505,21.1,15.899999999999999,-13.439035240356338,25.132741228718345,1.0452503822629968,0.0,0.22828571498394012,0.0,0.0
35.60000038146973,20.700000000000003,16.0,-22.165681500327985,10.297442586766545,1.0452503822629968,0.0,0.22828571498394012,0.0,0.0
35.61000061035156,20.1,16.0,-30.194196059501902,1.5707963267948966,1.0338438800756031,0.0,0.21016348898410797,0.0,0.0
35.62000060081482,18.700000000000003,16.0,-38.92084231947355,-0.0,1.0338438800756031,0.0,0.21016348898410797,0.0,0.0
35.630000591278076,18.700000000000003,16.0,-38.92084231947355,0.3490658503988659,1.0338438800756031,0.0,0.21016348898410797,0.0,0.0
35.640000343322754,18.1,16.0,-37.000980142279786,-1.5707963267948966,1.0250297647489806,0.0,0.19420991837978363,0.0,0.0
35.65000081062317,17.5,16.0,-32.46312408709453,0.17453292519943295,1.0250297647489806,0.0,0.19420991837978363,0.0,0.0
35.66000056266785,17.0,16.0,-26.00540585471551,-1.0471975511965976,1.0250297647489806,0.0,0.19420991837978363,0.0,0.0
35.67000079154968,16.699999999999996,16.0,-18.84955592153876,-0.0,1.0395471311693,0.0,0.17638154327869415,0.0,0.0
35.68000054359436,16.6,15.899999999999999,-8.377580409572781,-1.9198621771937625,1.0395471311693,0.0,0.17638154327869415,0.0,0.0
35.690000772476196,16.6,15.899999999999999,0.0,-3.6651914291880923,1.0395471311693,0.0,0.17638154327869415,0.0,0.0
35.70000076293945,16.6,15.600000000000001,-0.17453292519943295,-11.344640137963141,1.0587307939390078,0.0,0.15873555839061737,0.0,0.0
35.71000051498413,16.6,15.300000000000002,-0.17453292519943295,-14.660765716752369,1.0587307939390078,0.0,0.15873555839061737,0.0,0.0
35.72000074386597,16.6,15.100000000000001,2.443460952792061,-13.08996938995747,1.0587307939390078,0.0,0.15873555839061737,0.0,0.0
35.730000495910645,16.699999999999996,14.999999999999998,5.410520681182422,-8.726646259971648,1.0587307939390078,0.0,0.15873555839061737,0.0,0.0
35.7400004863739,17.0,14.800000000000002,10.64650843716541,-7.3303828583761845,1.0519905881010023,0.0,0.1465653032064438,0.0,0.0
35.75000047683716,17.2,14.800000000000002,13.264502315156905,-4.363323129985824,1.0519905881010023,0.0,0.1465653032064438,0.0,0.0
35.760000705718994,17.6,14.700000000000001,19.373154697137057,-5.235987755982989,1.0027352377463472,0.0,0.13450154662132263,0.0,0.0
35.77000069618225,18.1,14.700000000000001,26.354471705114378,-0.5235987755982988,1.0027352377463472,0.0,0.13450154662132263,0.0,0.0
35.78000092506409,18.700000000000003,14.700000000000001,34.55751918948773,-0.0,1.0027352377463472,0.0,0.13450154662132263,0.0,0.0
35.790000677108765,19.5,14.700000000000001,42.411500823462205,-0.0,1.0027352377463472,0.0,0.13450154662132263,0.0,0.0
35.80000114440918,20.400000000000002,14.600000000000001,49.56735075663896,-1.3962634015954636,0.9799222333715596,0.0,0.11820634454488754,0.0,0.0
35.8100004196167,21.500000000000004,14.5,57.07226654021458,-7.3303828583761845,0.9799222333715596,0.0,0.11820634454488754,0.0,0.0
35.820000648498535,22.700000000000003,14.200000000000001,66.14797865058509,-15.882496193148398,0.9799222333715596,0.0,0.11820634454488754,0.0,0.0
35.83000063896179,24.200000000000003,13.700000000000003,78.19075048934596,-26.703537555513243,0.9477766362979952,0.0,0.09731509536504745,0.0,0.0
35.84000062942505,25.900000000000002,13.000000000000002,94.2477796076938,-35.77924966588375,0.9477766362979952,0.0,0.09731509536504745,0.0,0.0
35.850000619888306,28.0,12.4,111.17747335203879,-34.73205211468716,0.9477766362979952,0.0,0.09731509536504745,0.0,0.0
35.86000084877014,33.1,10.8,143.81513036433276,-42.06243497306334,0.7600878275781515,0.04718144086603805,0.08081445842981339,0.02746153622865677,0.0
35.87000060081482,33.1,10.8,143.81513036433276,-42.06243497306334,0.7600878275781515,0.04718144086603805,0.08081445842981339,0.02746153622865677,0.0
35.880000591278076,38.7,9.900000000000002,152.5417766243044,-49.916416607037824,0.7600878275781515,0.04718144086603805,0.08081445842981339,0.02746153622865677,0.0
35.890000343322754,38.7,8.8,152.5417766243044,-61.4355896702004,0.3318255181787292,0.8394148655177539,0.07524999976158142,0.05539901182055473,0.0
35.90000057220459,41.0,7.400000000000001,133.69222070276564,-74.7000919853573,0.3318255181787292,0.8394148655177539,0.07524999976158142,0.05539901182055473,0.0
35.91000032424927,42.800000000000004,6.0,101.75269539126941,-76.09635538695277,0.3318255181787292,0.8394148655177539,0.07524999976158142,0.05539901182055473,0.0
35.9200005531311,43.99999999999999,4.7,64.40264939859075,-65.62437987498679,0.06118032991420319,1.2993042946185864,0.18391525745391846,0.03696488216519356,0.0
35.93000078201294,44.6,3.8000000000000007,38.22271061867582,-54.62880558742251,0.06118032991420319,1.2993042946185864,0.18391525745391846,0.03696488216519356,0.0
35.94000053405762,44.900000000000006,3.0,19.198621771937624,-45.20402762665314,0.06118032991420319,1.2993042946185864,0.18391525745391846,0.03696488216519356,0.0
35.950000524520874,45.0,2.2,11.693705988362009,-45.20402762665314,0.0,1.4149247486089873,0.0,0.039164893329143524,0.0
35.96000075340271,45.2,1.3,10.122909661567112,-46.774823953448035,0.0,1.4149247486089873,0.0,0.039164893329143524,0.0
35.97000074386597,45.400000000000006,0.5,12.217304763960307,-45.553093477052,0.0,1.4149247486089873,0.0,0.039164893329143524,0.0
35.980000495910645,45.6,-0.30000000000000004,8.552113334772216,-47.29842272904633,0.0,1.3236727311098369,0.0,0.039802975952625275,0.0
35.9900004863739,45.7,-1.0,4.537856055185257,-41.538836197465045,0.0,1.3236727311098369,0.0,0.039802975952625275,0.0
36.00000047683716,45.6,-1.9000000000000004,-0.6981317007977318,-45.20402762665314,0.0,1.3236727311098369,0.0,0.039802975952625275,0.0
36.010000467300415,45.6,-2.6,-2.0943951023931953,-42.411500823462205,0.0,1.1463534698330784,0.0,0.028936678543686867,0.0
36.02000093460083,45.400000000000006,-3.4000000000000004,-10.471975511965978,-44.33136300065597,0.0,1.1463534698330784,0.0,0.028936678543686867,0.0
36.03000068664551,44.80000000000001,-4.3,-29.321531433504738,-46.25122517784973,0.0,0.9913287355589534,0.0,0.03167782351374626,0.0
36.040000915527344,43.70000000000001,-5.2,-56.19960191421741,-44.680428851054835,0.0,0.9913287355589534,0.0,0.03167782351374626,0.0
36.05000066757202,42.400000000000006,-6.0,-74.35102613495845,-49.04375198104066,0.0,0.9913287355589534,0.0,0.03167782351374626,0.0
36.06000089645386,40.6,-6.800000000000001,-92.85151620609834,-44.85496177625427,0.0,0.9913287355589534,0.0,0.03167782351374626,0.0
36.070000410079956,38.7,-7.600000000000001,-105.41788682045751,-44.680428851054835,0.0,0.9913287355589534,0.0,0.03167782351374626,0.0
36.08000040054321,36.5,-8.2,-114.66813185602746,-33.335788713091695,0.0,0.8000105852340299,0.0,0.0096740098670125,0.0
36.09000062942505,34.4,-8.5,-119.2059879112127,-21.118483949131388,0.0,0.8000105852340299,0.0,0.0096740098670125,0.0
36.100000619888306,32.2,-8.8,-118.85692206081384,-17.278759594743864,0.0,0.8000105852340299,0.0,0.0096740098670125,0.0
36.11000061035156,30.1,-9.200000000000003,-114.66813185602746,-17.453292519943297,0.0,0.8528952771937648,0.0,0.005346505902707577,0.0
36.12000060081482,28.200000000000006,-9.5,-105.9414855960558,-16.231562043547264,0.0,0.8528952771937648,0.0,0.005346505902707577,0.0
36.1300003528595,26.6,-9.700000000000001,-91.80431865490173,-11.519173063162574,0.0,0.8528952771937648,0.0,0.005346505902707577,0.0
36.14000058174133,25.400000000000002,-9.700000000000001,-65.62437987498679,-4.014257279586958,0.0,0.8783006684293237,0.0,0.021035419777035713,0.0
36.15000081062317,24.900000000000006,-9.700000000000001,-32.98672286269283,-1.0471975511965976,0.0,0.8783006684293237,0.0,0.021035419777035713,0.0
36.16000032424927,25.0,-9.8,-1.3962634015954636,-2.792526803190927,0.0,0.8783006684293237,0.0,0.021035419777035713,0.0
36.17000079154968,25.400000000000002,-9.900000000000002,20.769418098732523,-7.853981633974483,0.0,0.8783006684293237,0.0,0.021035419777035713,0.0
36.18000054359436,26.200000000000003,-10.100000000000001,38.92084231947355,-9.250245035569947,0.0,0.8503028903329936,0.0,0.04124390333890915,0.0
36.190001010894775,27.200000000000003,-10.4,52.883476335428185,-14.660765716752369,0.0,0.8503028903329936,0.0,0.04124390333890915,0.0
36.200000524520874,28.200000000000006,-10.9,56.89773361501514,-26.703537555513243,0.0756976963345226,0.7331270042261298,0.3410547971725464,0.08073125779628754,0.0
36.21000027656555,29.1,-11.4,46.6002910282486,-27.05260340591211,0.0756976963345226,0.7331270042261298,0.3410547971725464,0.08073125779628754,0.0
36.22000050544739,29.500000000000004,-11.600000000000001,24.434609527920614,-11.519173063162574,0.0756976963345226,0.7331270042261298,0.3410547971725464,0.08073125779628754,0.0
36.230000495910645,29.400000000000002,-11.600000000000001,1.9198621771937625,-1.0471975511965976,0.523662145875807,0.5858794305343187,0.30602970719337463,0.12692920863628387,0.0
36.24000024795532,29.300000000000004,-11.600000000000001,-5.061454830783556,1.3962634015954636,0.523662145875807,0.5858794305343187,0.30602970719337463,0.12692920863628387,0.0
36.25000023841858,29.300000000000004,-11.600000000000001,0.0,-0.5235987755982988,0.523662145875807,0.5858794305343187,0.30602970719337463,0.12692920863628387,0.0
36.260000705718994,29.400000000000002,-11.600000000000001,1.7453292519943295,0.17453292519943295,1.1147263501316684,0.4308546962601937,0.346488356590271,0.11894223839044571,0.0
36.27000069618225,29.500000000000004,-11.600000000000001,7.3303828583761845,-0.8726646259971648,1.1147263501316684,0.4308546962601937,0.346488356590271,0.11894223839044571,0.0
36.28000044822693,29.600000000000005,-11.5,5.235987755982989,1.2217304763960306,1.1147263501316684,0.4308546962601937,0.346488356590271,0.11894223839044571,0.0
36.290000677108765,29.600000000000005,-11.5,0.0,1.2217304763960306,1.369298739859412,0.31367881015332993,0.33799660205841064,0.09744628518819809,0.0
36.3000009059906,29.500000000000004,-11.4,-1.7453292519943295,7.504915783575617,1.369298739859412,0.31367881015332993,0.33799660205841064,0.09744628518819809,0.0
36.3100004196167,29.300000000000004,-11.100000000000001,-12.915436464758038,16.231562043547264,1.369298739859412,0.31367881015332993,0.33799660205841064,0.09744628518819809,0.0
36.320000648498535,28.800000000000004,-10.700000000000001,-24.609142453120047,20.07128639793479,1.4268497281685355,0.20272465251231736,0.3480116128921509,0.10946547240018845,0.0
36.33000040054321,28.200000000000006,-10.299999999999999,-30.01966313430247,20.943951023931955,1.4268497281685355,0.20272465251231736,0.3480116128921509,0.10946547240018845,0.0
36.34000039100647,27.6,-9.8,-36.82644721708035,28.274333882308138,1.4268497281685355,0.20272465251231736,0.3480116128921509,0.10946547240018845,0.0
36.350000619888306,26.700000000000003,-9.100000000000001,-45.72762640225143,35.43018381548489,1.4268497281685355,0.20272465251231736,0.3480116128921509,0.10946547240018845,0.0
36.36000061035156,25.700000000000006,-8.5,-50.96361415823442,32.81218993749339,1.3656693982543322,0.08814115326622493,0.34139180183410645,0.09923529624938965,0.0
36.37000060081482,24.700000000000003,-7.9,-55.32693728822024,32.98672286269283,1.3247096858541454,0.08554876640545361,0.34982192516326904,0.14857575297355652,0.0
36.380000829696655,23.700000000000003,-7.200000000000001,-54.62880558742251,39.09537524467298,1.3247096858541454,0.08554876640545361,0.34982192516326904,0.14857575297355652,0.0
36.39000058174133,22.8,-6.4,-50.96361415823442,39.96803987067015,1.3247096858541454,0.08554876640545361,0.34982192516326904,0.14857575297355652,0.0
36.40000081062317,21.999999999999996,-5.7,-44.33136300065597,40.66617157146788,1.2386424420765374,0.04044123502803262,0.3351280987262726,0.05458974465727806,0.0
36.410000801086426,21.300000000000004,-5.1000000000000005,-38.22271061867582,35.604716740684324,1.2386424420765374,0.04044123502803262,0.3351280987262726,0.05458974465727806,0.0
36.4200005531311,20.900000000000006,-4.7,-27.576202181510407,24.08554367752175,1.2386424420765374,0.04044123502803262,0.3351280987262726,0.05458974465727806,0.0
36.43000054359436,20.599999999999998,-4.3,-16.58062789394613,21.991148575128552,1.0794698888251784,0.0,0.32262152433395386,0.0,0.0
36.44000053405762,20.400000000000002,-3.8000000000000007,-10.122909661567112,24.26007660272118,1.0794698888251784,0.0,0.32262152433395386,0.0,0.0
36.45000076293945,20.3,-3.4000000000000004,-5.759586531581287,21.118483949131388,1.0794698888251784,0.0,0.32262152433395386,0.0,0.0
36.46000051498413,20.200000000000003,-2.9000000000000004,-4.537856055185257,28.44886680750757,1.0794698888251784,0.0,0.32262152433395386,0.0,0.0
36.47000050544739,20.200000000000003,-2.1,-0.8726646259971648,43.45869837465881,0.9405179530878355,0.0,0.31215324997901917,0.0,0.0
36.480000257492065,20.200000000000003,-1.1,-0.17453292519943295,52.708943410228756,0.9405179530878355,0.0,0.31215324997901917,0.0,0.0
36.4900004863739,20.200000000000003,-0.2,-0.8726646259971648,49.39281783143953,0.9405179530878355,0.0,0.31215324997901917,0.0,0.0
36.50000023841858,20.200000000000003,0.6000000000000001,0.5235987755982988,50.440015382636126,0.9405179530878355,0.0,0.31215324997901917,0.0,0.0
36.510000705718994,20.200000000000003,1.5,0.0,46.774823953448035,0.8840039195230207,0.0,0.29639002680778503,0.0,0.0
36.52000093460083,20.200000000000003,2.3000000000000007,-0.6981317007977318,46.774823953448035,0.8840039195230207,0.0,0.29639002680778503,0.0,0.0
36.53000068664551,20.200000000000003,3.1,1.2217304763960306,43.28416544945937,0.8840039195230207,0.0,0.29639002680778503,0.0,0.0
36.540000677108765,20.200000000000003,4.0,-0.5235987755982988,47.82202150464463,0.9270375414118246,0.0,0.27602460980415344,0.0,0.0
36.55000066757202,20.200000000000003,4.9,0.0,49.56735075663896,0.9270375414118246,0.0,0.27602460980415344,0.0,0.0
36.56000065803528,20.200000000000003,5.9,-1.0471975511965976,54.97787143782138,0.9270375414118246,0.0,0.27602460980415344,0.0,0.0
36.570000648498535,20.200000000000003,6.9,-0.3490658503988659,53.581608036225916,0.9270375414118246,0.0,0.27602460980415344,0.0,0.0
36.58000087738037,20.200000000000003,7.9,-1.2217304763960306,55.152404363020814,0.9742189822778626,0.0,0.2605806291103363,0.0,0.0
36.59000062942505,20.1,8.8,-4.537856055185257,50.78908123303499,1.006364579351427,0.0,0.2472689300775528,0.0,0.0
36.600000619888306,20.1,9.700000000000001,0.17453292519943295,51.66174585903215,1.006364579351427,0.0,0.2472689300775528,0.0,0.0
36.61000061035156,20.1,10.600000000000001,-1.0471975511965976,45.378560551852566,1.006364579351427,0.0,0.2472689300775528,0.0,0.0
36.62000036239624,20.0,11.3,-2.792526803190927,43.63323129985824,1.0442134275186883,0.0,0.22762958705425262,0.0,0.0
36.6300003528595,19.800000000000004,12.100000000000001,-10.64650843716541,38.92084231947355,1.0442134275186883,0.0,0.22762958705425262,0.0,0.0
36.64000058174133,19.400000000000002,12.600000000000001,-19.54768762233649,31.066860685499066,1.0442134275186883,0.0,0.22762958705425262,0.0,0.0
36.65000081062317,18.900000000000002,13.100000000000001,-28.97246558310587,30.892327760299633,1.0654709997770133,0.0,0.20384185016155243,0.0,0.0
36.66000056266785,18.200000000000003,13.700000000000003,-36.477381366681485,30.543261909900767,1.0654709997770133,0.0,0.20384185016155243,0.0,0.0
36.67000079154968,17.400000000000002,14.0,-41.36430327226561,18.84955592153876,1.0654709997770133,0.0,0.20384185016155243,0.0,0.0
36.68000054359436,15.899999999999999,14.200000000000001,-41.18977034706618,10.995574287564276,1.0862100946631839,0.0,0.18561097979545593,0.0,0.0
36.69000053405762,15.899999999999999,14.400000000000002,-41.18977034706618,10.64650843716541,1.0862100946631839,0.0,0.18561097979545593,0.0,0.0
36.700000524520874,15.200000000000003,14.600000000000001,-37.873644768276954,12.740903539558605,1.0856916172910296,0.0,0.17190353572368622,0.0,0.0
36.71000027656555,14.600000000000001,14.900000000000002,-32.637657012293964,13.962634015954636,1.0856916172910296,0.0,0.17190353572368622,0.0,0.0
36.72000050544739,14.100000000000003,15.100000000000001,-27.401669256310974,13.61356816555577,1.0856916172910296,0.0,0.17190353572368622,0.0,0.0
36.730000495910645,13.700000000000003,15.399999999999999,-24.958208303518912,12.042771838760874,1.0856916172910296,0.0,0.17190353572368622,0.0,0.0
36.74000024795532,13.200000000000003,15.5,-25.48180707911721,9.075712110370514,1.0856916172910296,0.0,0.17190353572368622,0.0,0.0
36.75000047683716,12.700000000000001,15.5,-24.434609527920614,0.17453292519943295,1.029696061098369,0.0,0.1397552788257599,0.0,0.0
36.76000118255615,12.300000000000002,15.5,-24.434609527920614,0.5235987755982988,1.029696061098369,0.0,0.1397552788257599,0.0,0.0
36.77000069618225,11.900000000000002,15.5,-23.911010752322316,-1.0471975511965976,1.029696061098369,0.0,0.1397552788257599,0.0,0.0
36.78000092506409,10.9,15.5,-26.354471705114378,-0.0,0.9913287355589534,0.0,0.11912552267313004,0.0,0.0
36.790000677108765,10.9,15.5,-26.354471705114378,-0.0,0.9809591881158681,0.0,0.11183297634124756,0.0,0.0
36.8000009059906,10.5,15.5,-23.212879051524585,-1.3962634015954636,0.9809591881158681,0.0,0.11183297634124756,0.0,0.0
36.8100004196167,10.200000000000001,15.399999999999999,-17.802358370342162,-3.3161255787892263,0.9809591881158681,0.0,0.11183297634124756,0.0,0.0
36.820000648498535,10.0,15.200000000000003,-13.788101090755204,-9.42477796076938,0.9695526859284743,0.0,0.0898556113243103,0.0,0.0
36.83000063896179,9.900000000000002,14.900000000000002,-2.443460952792061,-13.962634015954636,0.9695526859284743,0.0,0.0898556113243103,0.0,0.0
36.84000062942505,10.0,14.600000000000001,0.0,-16.406094968746697,0.9695526859284743,0.0,0.0898556113243103,0.0,0.0
36.850000619888306,10.0,14.300000000000002,1.9198621771937625,-19.54768762233649,0.9695526859284743,0.0,0.0898556113243103,0.0,0.0
36.86000061035156,10.299999999999999,13.100000000000001,9.599310885968812,-33.335788713091695,0.96903420855632,0.0,0.05047672241926193,0.0,0.0
36.87000036239624,10.299999999999999,13.100000000000001,9.599310885968812,-33.335788713091695,0.96903420855632,0.0,0.05047672241926193,0.0,0.0
36.880000591278076,10.600000000000001,12.600000000000001,13.962634015954636,-28.623399732707004,0.96903420855632,0.0,0.05047672241926193,0.0,0.0
36.89000058174133,10.999999999999998,12.100000000000001,22.689280275926283,-27.05260340591211,1.0530275428453109,0.0,0.016129491850733757,0.0,0.0
36.90000057220459,11.600000000000001,11.5,32.46312408709453,-31.066860685499066,1.0530275428453109,0.0,0.016129491850733757,0.0,0.0
36.910000801086426,12.4,10.999999999999998,38.04817769347638,-27.05260340591211,1.0530275428453109,0.0,0.016129491850733757,0.0,0.0
36.9200005531311,14.300000000000002,10.700000000000001,58.293997016610604,-20.07128639793479,1.0633970902883962,0.0,0.007478789426386356,0.0,0.0
36.93000078201294,14.300000000000002,10.4,58.293997016610604,-19.02408884673819,1.0633970902883962,0.0,0.007478789426386356,0.0,0.0
36.94000029563904,15.600000000000001,9.900000000000002,69.11503837897546,-23.736477827122883,1.0633970902883962,0.0,0.007478789426386356,0.0,0.0
36.95000076293945,18.900000000000002,9.3,93.54964790689607,-33.16125578789226,1.0633970902883962,0.0,0.007478789426386356,0.0,0.0
36.96000051498413,18.900000000000002,8.6,93.54964790689607,-33.68485456349056,1.0633970902883962,0.0,0.007478789426386356,0.0,0.0
36.97000050544739,22.900000000000002,7.9,117.11159280881951,-40.66617157146788,1.0633970902883962,0.0,0.007478789426386356,0.0,0.0
36.980000495910645,22.900000000000002,7.1000000000000005,117.11159280881951,-46.42575810304917,0.9068169238978083,0.0,0.007582045625895262,0.0,0.0
36.9900004863739,25.400000000000002,6.1000000000000005,129.1543646475804,-51.83627878423159,0.9068169238978083,0.0,0.007582045625895262,0.0,0.0
37.00000047683716,27.9,5.0,138.2300767579509,-56.89773361501514,0.6921672918259429,0.4842578655920829,0.0009101109462790191,0.005916486959904432,0.0
37.010000705718994,30.5,4.0,139.8008730847458,-57.24679946541401,0.6921672918259429,0.4842578655920829,0.0009101109462790191,0.005916486959904432,0.0
37.02000093460083,32.9,3.1,136.1356816555577,-52.35987755982988,0.6921672918259429,0.4842578655920829,0.0009101109462790191,0.005916486959904432,0.0
37.03000068664551,35.2,2.2,124.61650859239514,-47.1238898038469,0.6921672918259429,0.4842578655920829,0.0009101109462790191,0.005916486959904432,0.0
37.040000915527344,37.1,1.4000000000000004,109.78120995044333,-43.28416544945937,0.20635399411739722,0.9643679122069316,0.02668844163417816,0.01594623737037182,0.0
37.0500009059906,38.7,0.6000000000000001,87.4409955249159,-44.15683007545654,0.20635399411739722,0.9643679122069316,0.02668844163417816,0.01594623737037182,0.0
37.06000089645386,39.800000000000004,-0.30000000000000004,68.41690667817772,-54.27973973702365,0.0,1.225680507772681,0.0,0.01929103396832943,0.0
37.070000648498535,40.800000000000004,-1.5,50.26548245743669,-61.9591884457987,0.0,1.225680507772681,0.0,0.01929103396832943,0.0
37.08000063896179,41.400000000000006,-2.6,38.39724354387525,-67.02064327658225,0.0,1.225680507772681,0.0,0.01929103396832943,0.0
37.09000062942505,41.80000000000001,-3.9000000000000004,26.00540585471551,-69.28957130417488,0.0,1.2516043763803941,0.0,0.0279842596501112,0.0
37.100000619888306,42.1,-5.1000000000000005,17.10422666954443,-66.32251157578452,0.0,1.2516043763803941,0.0,0.0279842596501112,0.0
37.11000061035156,42.3,-6.300000000000001,10.64650843716541,-64.0535835481919,0.0,1.2516043763803941,0.0,0.0279842596501112,0.0
37.1200008392334,42.400000000000006,-7.400000000000001,6.1086523819801535,-61.9591884457987,0.0,1.1085046216658172,0.0,0.03560243546962738,0.0
37.130000591278076,42.3,-8.5,-4.363323129985824,-58.817595792208905,0.0,1.1085046216658172,0.0,0.03560243546962738,0.0
37.14000058174133,42.1,-9.5,-8.726646259971648,-58.119464091411174,0.0,1.1085046216658172,0.0,0.03560243546962738,0.0
37.15000081062317,41.7,-10.4,-21.29301687433082,-48.52015320544236,0.0,1.1085046216658172,0.0,0.03560243546962738,0.0
37.16000056266785,41.1,-11.100000000000001,-34.38298626428829,-43.45869837465881,0.0,0.9311853603890587,0.0,0.03438530117273331,0.0
37.17000079154968,40.2,-11.8,-47.1238898038469,-32.2885911618951,0.0,0.9311853603890587,0.0,0.03438530117273331,0.0
37.18000054359436,39.1,-12.0,-55.50147021341968,-17.62782544514273,0.0,0.8534137545659191,0.0,0.03056257776916027,0.0
37.190000772476196,37.9,-12.100000000000001,-62.83185307179586,-5.585053606381854,0.0,0.8534137545659191,0.0,0.03056257776916027,0.0
37.200000524520874,36.80000000000001,-12.100000000000001,-66.32251157578452,-1.2217304763960306,0.0,0.8534137545659191,0.0,0.03056257776916027,0.0
37.21000051498413,35.5,-12.100000000000001,-67.54424205218055,-0.5235987755982988,0.0,0.8534137545659191,0.0,0.03056257776916027,0.0
37.22000026702881,34.300000000000004,-12.200000000000001,-67.19517620178169,-7.155849933176751,0.0,0.8010475399783384,0.0,0.059090618044137955,0.0
37.230000257492065,33.1,-12.700000000000001,-64.40264939859075,-22.165681500327985,0.0,0.8010475399783384,0.0,0.059090618044137955,0.0
37.2400004863739,32.0,-13.399999999999999,-60.03932626860494,-38.22271061867582,0.0,0.8010475399783384,0.0,0.059090618044137955,0.0
37.25000047683716,31.099999999999998,-14.100000000000003,-53.23254218582705,-37.52457891787809,0.0,0.8010475399783384,0.0,0.059090618044137955,0.0
37.260000705718994,30.3,-14.800000000000002,-44.505895925855405,-39.444441095071845,0.0,0.7129063867121135,0.0,0.0814727321267128,0.0
37.27000069618225,29.900000000000006,-15.5,-26.703537555513243,-36.477381366681485,0.0,0.7129063867121135,0.0,0.0814727321267128,0.0
37.28000092506409,29.800000000000004,-15.899999999999999,-5.759586531581287,-23.56194490192345,0.0,0.7129063867121135,0.0,0.0814727321267128,0.0
37.290000677108765,30.1,-16.1,10.821041362364843,-10.821041362364843,0.0,0.7129063867121135,0.0,0.0814727321267128,0.0
37.3000009059906,30.5,-16.1,24.78367537831948,-2.6179938779914944,0.0,0.6366902130054366,0.0,0.11751466244459152,0.0
37.3100004196167,31.200000000000003,-16.0,32.2885911618951,1.7453292519943295,0.0,0.6366902130054366,0.0,0.11751466244459152,0.0
37.320000886917114,31.9,-16.0,37.52457891787809,1.5707963267948966,0.0,0.6366902130054366,0.0,0.11751466244459152,0.0
37.33000040054321,32.7,-16.0,42.411500823462205,1.5707963267948966,0.0,0.6366902130054366,0.0,0.11751466244459152,0.0
37.34000062942505,33.50000000000001,-16.0,45.553093477052,1.7453292519943295,0.45833399698436966,0.5900272495115528,0.3279140293598175,0.1746203899383545,0.0
37.350000619888306,34.4,-15.8,47.472955654245766,8.552113334772216,0.45833399698436966,0.5900272495115528,0.3279140293598175,0.1746203899383545,0.0
37.36000061035156,35.300000000000004,-15.5,50.96361415823442,13.439035240356338,1.3174510026439856,0.49514589040732243,0.3361468017101288,0.15560732781887054,0.0
37.37000036239624,36.300000000000004,-15.200000000000003,51.312680008633286,16.755160819145562,1.3174510026439856,0.49514589040732243,0.3361468017101288,0.15560732781887054,0.0
37.380000591278076,37.0,-14.900000000000002,44.680428851054835,17.10422666954443,1.3174510026439856,0.49514589040732243,0.3361468017101288,0.15560732781887054,0.0
37.39000058174133,37.50000000000001,-14.700000000000001,27.05260340591211,12.740903539558605,1.5030659018752124,0.37278523057891605,0.3318423628807068,0.22143115103244781,0.0
37.40000033378601,37.6,-14.600000000000001,6.457718232379019,6.1086523819801535,1.5030659018752124,0.37278523057891605,0.3318423628807068,0.22143115103244781,0.0
37.41000032424927,37.300000000000004,-14.600000000000001,-10.821041362364843,1.0471975511965976,1.5030659018752124,0.37278523057891605,0.3318423628807068,0.22143115103244781,0.0
37.4200005531311,36.9,-14.5,-24.26007660272118,1.9198621771937625,1.5030659018752124,0.37278523057891605,0.3318423628807068,0.22143115103244781,0.0
37.43000102043152,36.2,-14.300000000000002,-35.25565089028546,10.471975511965978,1.484919193849813,0.25975716344928645,0.37894412875175476,0.2527165710926056,0.0
37.44000053405762,35.4,-13.8,-39.444441095071845,24.958208303518912,1.484919193849813,0.25975716344928645,0.37894412875175476,0.2527165710926056,0.0
37.45000076293945,34.60000000000001,-13.000000000000002,-42.411500823462205,41.88790204786391,1.484919193849813,0.25975716344928645,0.37894412875175476,0.2527165710926056,0.0
37.46000051498413,33.9,-12.200000000000001,-41.88790204786391,45.72762640225143,1.484919193849813,0.25975716344928645,0.37894412875175476,0.2527165710926056,0.0
37.47000050544739,32.5,-11.3,-36.302848441482055,48.52015320544236,1.484919193849813,0.25975716344928645,0.37894412875175476,0.2527165710926056,0.0
37.480000495910645,32.5,-10.5,-36.302848441482055,46.25122517784973,1.4289236376571526,0.09902917808146448,0.3868229389190674,0.2544555068016052,0.0
37.4900004863739,32.0,-9.700000000000001,-31.2413936106985,40.840704496667314,1.4289236376571526,0.09902917808146448,0.3868229389190674,0.2544555068016052,0.0
37.50000047683716,31.5,-9.0,-26.17993877991494,39.79350694547071,1.2801206318488787,0.03836732553941556,0.3728395998477936,0.008297299034893513,0.0
37.510000705718994,31.099999999999998,-8.4,-24.434609527920614,31.590459461097364,1.2801206318488787,0.03836732553941556,0.3728395998477936,0.008297299034893513,0.0
37.52000117301941,30.600000000000005,-8.0,-25.132741228718345,26.878070480712676,1.2801206318488787,0.03836732553941556,0.3728395998477936,0.008297299034893513,0.0
37.53000068664551,30.1,-7.499999999999999,-26.354471705114378,27.925268031909273,1.1484273793216955,0.0,0.371076762676239,0.0,0.0
37.540000915527344,29.600000000000005,-7.1000000000000005,-28.274333882308138,22.165681500327985,1.1484273793216955,0.0,0.371076762676239,0.0,0.0
37.55000066757202,29.0,-6.9,-31.590459461097364,12.39183768915974,1.1484273793216955,0.0,0.371076762676239,0.0,0.0
37.56000089645386,28.400000000000002,-6.699999999999999,-34.73205211468716,9.075712110370514,1.1484273793216955,0.0,0.371076762676239,0.0,0.0
37.570000648498535,27.700000000000003,-6.4,-37.35004599267865,15.3588974175501,1.0359177895642202,0.0,0.35927027463912964,0.0,0.0
37.58000063896179,26.900000000000002,-5.9,-40.840704496667314,25.132741228718345,1.0359177895642202,0.0,0.35927027463912964,0.0,0.0
37.59000062942505,26.200000000000003,-5.2,-38.04817769347638,37.17551306747922,0.966960299067703,0.0,0.3455147445201874,0.0,0.0
37.600000619888306,25.700000000000006,-4.5,-30.892327760299633,38.39724354387525,0.966960299067703,0.0,0.3455147445201874,0.0,0.0
37.61000061035156,25.300000000000004,-3.7000000000000006,-24.26007660272118,43.109632524259936,0.966960299067703,0.0,0.3455147445201874,0.0,0.0
37.62000060081482,24.900000000000006,-2.9000000000000004,-19.896753472735355,45.0294947014537,0.966960299067703,0.0,0.3455147445201874,0.0,0.0
37.630000591278076,24.700000000000003,-2.1,-13.264502315156905,46.42575810304917,0.9368886114827557,0.0,0.3271848261356354,0.0,0.0
37.64000058174133,24.600000000000005,-1.1,-8.552113334772216,51.66174585903215,0.9368886114827557,0.0,0.3271848261356354,0.0,0.0
37.65000033378601,24.5,-0.1,-1.5707963267948966,53.40707511102649,0.9368886114827557,0.0,0.3271848261356354,0.0,0.0
37.66000056266785,24.5,0.8,-0.6981317007977318,58.46852994181004,0.9368886114827557,0.0,0.3271848261356354,0.0,0.0
37.67000079154968,24.5,2.0,-0.17453292519943295,64.22811647339132,0.9125201749915053,0.0,0.30672726035118103,0.0,0.0
37.68000054359436,24.5,3.3000000000000007,-0.5235987755982988,67.36970912698112,0.9125201749915053,0.0,0.30672726035118103,0.0,0.0
37.690000772476196,24.5,4.600000000000001,0.17453292519943295,74.176493209759,0.9477766362979952,0.0,0.2881247103214264,0.0,0.0
37.700000286102295,24.5,6.1000000000000005,-0.8726646259971648,78.3652834145454,0.9477766362979952,0.0,0.2881247103214264,0.0,0.0
37.71000051498413,24.5,7.600000000000001,0.5235987755982988,81.33234314293576,0.9477766362979952,0.0,0.2881247103214264,0.0,0.0
37.72000026702881,24.5,9.100000000000001,-0.8726646259971648,81.85594191853406,0.9825146202323309,0.0,0.2646200656890869,0.0,0.0
37.730000495910645,24.5,10.600000000000001,-1.7453292519943295,83.07767239493009,0.9825146202323309,0.0,0.2646200656890869,0.0,0.0
37.74000024795532,24.3,12.100000000000001,-7.155849933176751,82.72860654453122,0.9825146202323309,0.0,0.2646200656890869,0.0,0.0
37.75000047683716,24.1,13.5,-9.42477796076938,80.4596785169386,1.0556199297060822,0.0,0.23595480620861053,0.0,0.0
37.760000705718994,23.900000000000006,14.900000000000002,-13.264502315156905,75.39822368615503,1.0556199297060822,0.0,0.23595480620861053,0.0,0.0
37.77000045776367,23.6,16.200000000000003,-16.406094968746697,72.08209810736581,1.0556199297060822,0.0,0.23595480620861053,0.0,0.0
37.78000092506409,23.200000000000003,17.400000000000002,-17.802358370342162,68.59143960337715,1.0462873370073054,0.0,0.21942616999149323,0.0,0.0
37.790000677108765,22.900000000000002,18.6,-19.373154697137057,61.784655520599266,1.0462873370073054,0.0,0.21942616999149323,0.0,0.0
37.80000066757202,22.5,19.6,-22.165681500327985,58.643062867009476,1.0462873370073054,0.0,0.21942616999149323,0.0,0.0
37.8100004196167,21.999999999999996,20.400000000000002,-24.26007660272118,47.82202150464463,1.0462873370073054,0.0,0.21942616999149323,0.0,0.0
37.820000648498535,21.500000000000004,21.200000000000003,-28.44886680750757,42.76056667386107,1.0462873370073054,0.0,0.21942616999149323,0.0,0.0
37.83000063896179,20.900000000000006,21.7,-33.16125578789226,26.00540585471551,1.0545829749617737,0.0,0.17985545098781586,0.0,0.0
37.84000039100647,20.200000000000003,21.8,-37.69911184307752,10.64650843716541,1.0545829749617737,0.0,0.17985545098781586,0.0,0.0
37.850000619888306,19.400000000000002,21.900000000000002,-39.79350694547071,4.1887902047863905,1.0545829749617737,0.0,0.17985545098781586,0.0,0.0
37.86000037193298,18.700000000000003,21.900000000000002,-40.66617157146788,0.8726646259971648,1.0929503005011891,0.0,0.1554136574268341,0.0,0.0
37.87000060081482,18.0,21.900000000000002,-37.873644768276954,-0.0,1.0929503005011891,0.0,0.1554136574268341,0.0,0.0
37.880000591278076,17.400000000000002,21.900000000000002,-32.81218993749339,-0.0,1.0929503005011891,0.0,0.1554136574268341,0.0,0.0
37.89000058174133,17.0,21.8,-25.656340004316643,-2.2689280275926285,1.0722112056150186,0.0,0.13658221065998077,0.0,0.0
37.90000057220459,16.699999999999996,21.8,-18.32595714594046,-0.3490658503988659,1.0722112056150186,0.0,0.13658221065998077,0.0,0.0
37.910000801086426,16.6,21.7,-6.806784082777885,-5.585053606381854,1.0312514932148318,0.0,0.12157918512821198,0.0,0.0
37.9200005531311,16.6,21.400000000000002,0.0,-16.58062789394613,1.0312514932148318,0.0,0.12157918512821198,0.0,0.0
37.93000078201294,16.6,20.900000000000006,-0.3490658503988659,-25.48180707911721,1.0312514932148318,0.0,0.12157918512821198,0.0,0.0
37.94000053405762,16.6,20.5,-0.3490658503988659,-23.03834612632515,0.9902917808146449,0.0,0.10282199084758759,0.0,0.0
37.95000076293945,16.6,20.0,1.2217304763960306,-23.03834612632515,0.9902917808146449,0.0,0.10282199084758759,0.0,0.0
37.96000051498413,16.6,19.5,-0.17453292519943295,-29.146998508305302,0.9902917808146449,0.0,0.10282199084758759,0.0,0.0
37.97000050544739,16.6,18.8,0.5235987755982988,-35.43018381548489,0.9700711633006286,0.0,0.0885724201798439,0.0,0.0
37.980000495910645,16.6,18.3,0.0,-31.066860685499066,0.9700711633006286,0.0,0.0885724201798439,0.0,0.0
37.99000024795532,16.6,17.799999999999997,2.0943951023931953,-28.274333882308138,0.9700711633006286,0.0,0.0885724201798439,0.0,0.0
38.00000047683716,16.8,17.2,9.075712110370514,-28.797932657906436,0.9135571297358137,0.0,0.07583314180374146,0.0,0.0
38.010000705718994,17.300000000000004,16.8,21.81661564992912,-21.991148575128552,0.9135571297358137,0.0,0.07583314180374146,0.0,0.0
38.02000045776367,18.0,16.699999999999996,36.12831551628262,-9.599310885968812,0.9135571297358137,0.0,0.07583314180374146,0.0,0.0
38.03000044822693,20.400000000000002,16.6,75.74728953655391,-6.457718232379019,0.9135571297358137,0.0,0.07583314180374146,0.0,0.0
38.040000915527344,20.400000000000002,16.5,75.74728953655391,-3.6651914291880923,0.8046768815834182,0.0,0.06271133571863174,0.0,0.0
38.05000066757202,22.3,16.4,100.18189906447452,-8.203047484373348,0.8046768815834182,0.0,0.06271133571863174,0.0,0.0
38.06000113487244,24.600000000000005,16.0,121.99851471440364,-19.198621771937624,0.7460889385299864,0.06895749049651716,0.05286379158496857,0.061375942081213,0.0
38.070000648498535,27.200000000000003,15.200000000000003,141.02260356114184,-39.269908169872416,0.7460889385299864,0.06895749049651716,0.05286379158496857,0.061375942081213,0.0
38.08000063896179,29.999999999999996,14.300000000000002,152.0181778487061,-47.29842272904633,0.7460889385299864,0.06895749049651716,0.05286379158496857,0.061375942081213,0.0
38.09000062942505,33.0,13.3,157.07963267948966,-53.23254218582705,0.7460889385299864,0.06895749049651716,0.05286379158496857,0.061375942081213,0.0
38.100000619888306,35.70000000000001,12.600000000000001,155.50883635269477,-43.807764225057674,0.5070708699668706,0.9099277881307339,0.04810020327568054,0.0051253545098006725,0.0
38.11000061035156,38.50000000000001,11.900000000000002,145.21139376592822,-35.95378259108319,0.5070708699668706,0.9099277881307339,0.04810020327568054,0.0051253545098006725,0.0
38.12000060081482,40.6,11.3,127.75810124598492,-35.25565089028546,0.5070708699668706,0.9099277881307339,0.04810020327568054,0.0051253545098006725,0.0
38.1300003528595,43.70000000000001,10.700000000000001,72.95476273336297,-34.90658503988659,0.5070708699668706,0.9099277881307339,0.04810020327568054,0.0051253545098006725,0.0
38.140000343322754,43.70000000000001,9.900000000000002,72.95476273336297,-42.236967898262776,0.06377271677497451,1.2547152406133197,0.041081301867961884,0.017595039680600166,0.0
38.15000081062317,44.400000000000006,8.899999999999999,44.680428851054835,-53.581608036225916,0.06377271677497451,1.2547152406133197,0.041081301867961884,0.017595039680600166,0.0
38.16000056266785,44.80000000000001,7.800000000000001,23.03834612632515,-59.16666164260777,0.0,1.394704131094971,0.0,0.005431225523352623,0.0
38.17000079154968,44.80000000000001,6.600000000000001,1.7453292519943295,-66.67157742618339,0.0,1.394704131094971,0.0,0.005431225523352623,0.0
38.18000078201294,44.80000000000001,5.2,1.7453292519943295,-74.52555906015787,0.0,1.394704131094971,0.0,0.005431225523352623,0.0
38.190000772476196,44.900000000000006,3.7000000000000006,1.0471975511965976,-81.68140899333463,0.0,1.2930825661527352,0.0,0.00819326564669609,0.0
38.20000076293945,44.900000000000006,2.1,1.0471975511965976,-87.26646259971648,0.0,1.2930825661527352,0.0,0.00819326564669609,0.0
38.21000051498413,44.900000000000006,0.4,-0.8726646259971648,-89.01179185171081,0.0,1.2930825661527352,0.0,0.00819326564669609,0.0
38.22000050544739,44.900000000000006,-1.1,-0.5235987755982988,-87.96459430051421,0.0,1.2930825661527352,0.0,0.00819326564669609,0.0
38.230000495910645,44.7,-2.6,-8.377580409572781,-85.87019919812101,0.0,1.0587307939390078,0.0,0.00620078481733799,0.0
38.2400004863739,44.300000000000004,-4.1,-20.420352248333657,-81.15781021773633,0.0,0.9099277881307339,0.0,0.010373220779001713,0.0
38.25000047683716,43.6,-5.4,-34.38298626428829,-73.12929565856241,0.0,0.9099277881307339,0.0,0.010373220779001713,0.0
38.260000467300415,42.800000000000004,-6.500000000000001,-44.680428851054835,-64.22811647339132,0.0,0.9099277881307339,0.0,0.010373220779001713,0.0
38.27000069618225,41.7,-7.499999999999999,-57.42133239061344,-54.10520681182422,0.0,0.9099277881307339,0.0,0.010373220779001713,0.0
38.28000092506409,40.5,-8.2,-66.49704450098396,-40.49163864626845,0.0,0.9099277881307339,0.0,0.010373220779001713,0.0
38.290000677108765,39.0,-8.6,-76.44542123735164,-24.78367537831948,0.0,0.7419411195527522,0.0,0.020014677196741104,0.0
38.30000066757202,37.50000000000001,-8.899999999999999,-83.60127117052839,-18.500490071139893,0.0,0.7419411195527522,0.0,0.020014677196741104,0.0
38.31000065803528,35.9,-9.100000000000001,-87.4409955249159,-12.042771838760874,0.0,0.7419411195527522,0.0,0.020014677196741104,0.0
38.320000648498535,34.4,-9.200000000000003,-86.56833089891875,-6.632251157578453,0.0,0.8015660173504927,0.0,0.030534284189343452,0.0
38.33000040054321,32.8,-9.200000000000003,-84.12486994612668,-0.5235987755982988,0.0,0.8015660173504927,0.0,0.030534284189343452,0.0
38.34000062942505,31.400000000000002,-9.200000000000003,-79.41248096574199,-0.17453292519943295,0.0,0.8015660173504927,0.0,0.030534284189343452,0.0
38.350000619888306,30.1,-9.200000000000003,-71.38396640656808,-0.0,0.0,0.8606724377760788,0.0,0.045457832515239716,0.0
38.36000084877014,29.0,-9.200000000000003,-61.086523819801535,-0.5235987755982988,0.0,0.8606724377760788,0.0,0.045457832515239716,0.0
38.37000036239624,28.200000000000006,-9.200000000000003,-47.1238898038469,-0.3490658503988659,0.0,0.8606724377760788,0.0,0.045457832515239716,0.0
38.380000591278076,27.700000000000003,-9.3,-27.576202181510407,-3.490658503988659,0.0,0.8751898041963982,0.0,0.06502843648195267,0.0
38.390000343322754,27.6,-9.4,-7.67944870877505,-5.061454830783556,0.0,0.8751898041963982,0.0,0.06502843648195267,0.0
38.40000057220459,27.800000000000004,-9.5,4.537856055185257,-2.0943951023931953,0.0,0.8751898041963982,0.0,0.06502843648195267,0.0
38.410000801086426,27.9,-9.5,8.726646259971648,-0.5235987755982988,0.0,0.9374070888549099,0.0,0.08445132523775101,0.0
38.420000314712524,28.200000000000006,-9.5,12.915436464758038,-1.2217304763960306,0.0,0.9374070888549099,0.0,0.08445132523775101,0.0
38.43000078201294,28.500000000000004,-9.5,16.231562043547264,-0.3490658503988659,0.0,0.9374070888549099,0.0,0.08445132523775101,0.0
38.44000029563904,28.800000000000004,-9.5,16.755160819145562,-0.6981317007977318,0.059106420425586136,0.9005951954319572,0.2854912281036377,0.10858204215765,0.0
38.45000076293945,29.0,-9.5,12.740903539558605,-0.0,0.059106420425586136,0.9005951954319572,0.2854912281036377,0.10858204215765,0.0
38.46000051498413,29.1,-9.5,7.155849933176751,-1.2217304763960306,0.059106420425586136,0.9005951954319572,0.2854912281036377,0.10858204215765,0.0
38.47000050544739,29.1,-9.5,-0.3490658503988659,0.3490658503988659,0.059106420425586136,0.9005951954319572,0.2854912281036377,0.10858204215765,0.0
38.480000257492065,29.200000000000003,-9.600000000000001,2.2689280275926285,-2.2689280275926285,0.5055154378504078,0.7274237531324329,0.27361539006233215,0.1385124772787094,0.0
38.49000024795532,29.200000000000003,-9.700000000000001,0.17453292519943295,-8.028514559173916,0.5055154378504078,0.7274237531324329,0.27361539006233215,0.1385124772787094,0.0
38.50000047683716,29.400000000000002,-10.0,4.537856055185257,-14.835298641951802,0.5055154378504078,0.7274237531324329,0.27361539006233215,0.1385124772787094,0.0
38.510000705718994,29.400000000000002,-10.4,4.537856055185257,-21.29301687433082,0.9244451545510534,0.5635849035316853,0.32680144906044006,0.150926411151886,0.0
38.52000093460083,29.300000000000004,-10.999999999999998,-1.9198621771937625,-29.49606435870417,0.9244451545510534,0.5635849035316853,0.32680144906044006,0.150926411151886,0.0
38.53000068664551,29.1,-11.5,-7.853981633974483,-29.321531433504738,1.2479750347753142,0.4095971240018688,0.31866347789764404,0.1540379822254181,0.0
38.540000915527344,28.800000000000004,-11.8,-19.54768762233649,-15.882496193148398,1.2479750347753142,0.4095971240018688,0.31866347789764404,0.1540379822254181,0.0
38.55000066757202,28.1,-11.700000000000001,-35.604716740684324,2.0943951023931953,1.2479750347753142,0.4095971240018688,0.31866347789764404,0.1540379822254181,0.0
38.56000065803528,27.200000000000003,-11.5,-45.0294947014537,7.504915783575617,1.2479750347753142,0.4095971240018688,0.31866347789764404,0.1540379822254181,0.0
38.570000648498535,26.200000000000003,-11.3,-52.35987755982988,12.042771838760874,1.2479750347753142,0.4095971240018688,0.31866347789764404,0.1540379822254181,0.0
38.58000063896179,25.300000000000004,-10.999999999999998,-54.10520681182422,14.835298641951802,1.5471364785083248,0.19857683353508324,0.3538793623447418,0.15329764783382416,0.0
38.59000039100647,24.3,-10.700000000000001,-50.96361415823442,16.406094968746697,1.5471364785083248,0.19857683353508324,0.3538793623447418,0.15329764783382416,0.0
38.600000619888306,23.5,-10.4,-43.982297150257104,19.722220547535922,1.4755866011510363,0.0756976963345226,0.35266831517219543,0.16305479407310486,0.0
38.61000037193298,22.8,-9.700000000000001,-39.79350694547071,34.90658503988659,1.4755866011510363,0.0756976963345226,0.35266831517219543,0.16305479407310486,0.0
38.62000060081482,22.200000000000003,-8.700000000000001,-37.17551306747922,50.09094953223726,1.4755866011510363,0.0756976963345226,0.35266831517219543,0.16305479407310486,0.0
38.6300003528595,20.700000000000003,-7.699999999999999,-40.66617157146788,58.119464091411174,1.4755866011510363,0.0756976963345226,0.35266831517219543,0.16305479407310486,0.0
38.640000343322754,20.700000000000003,-6.600000000000001,-40.66617157146788,58.817595792208905,1.2656032654285592,0.0,0.35610365867614746,0.0,0.0
38.65000081062317,20.0,-5.600000000000001,-41.538836197465045,55.32693728822024,1.2656032654285592,0.0,0.35610365867614746,0.0,0.0
38.66000032424927,19.200000000000003,-4.7,-42.93509959906051,49.916416607037824,1.1245774202025993,0.0,0.3512406647205353,0.0,0.0
38.67000079154968,18.400000000000006,-3.9000000000000004,-41.01523742186674,43.63323129985824,1.1245774202025993,0.0,0.3512406647205353,0.0,0.0
38.68000054359436,17.799999999999997,-3.2,-37.873644768276954,38.571776469074685,1.1245774202025993,0.0,0.3512406647205353,0.0,0.0
38.690000772476196,17.2,-2.7,-31.590459461097364,28.274333882308138,1.1245774202025993,0.0,0.3512406647205353,0.0,0.0
38.700000524520874,16.8,-2.3000000000000007,-24.78367537831948,26.878070480712676,1.1245774202025993,0.0,0.3512406647205353,0.0,0.0
38.71000051498413,16.5,-1.6,-2.6179938779914944,35.43018381548489,1.1245774202025993,0.0,0.3512406647205353,0.0,0.0
38.72000050544739,16.5,-0.9000000000000001,-2.6179938779914944,34.90658503988659,0.9633309574626231,0.0,0.33055004477500916,0.0,0.0
38.730000257492065,16.5,-0.2,0.6981317007977318,39.269908169872416,0.9633309574626231,0.0,0.33055004477500916,0.0,0.0
38.7400004863739,16.5,0.6000000000000001,-0.17453292519943295,49.21828490624009,0.9633309574626231,0.0,0.33055004477500916,0.0,0.0
38.75000047683716,16.6,1.5,0.5235987755982988,49.741883681838395,0.9633309574626231,0.0,0.33055004477500916,0.0,0.0
38.760000467300415,16.5,2.5,-0.6981317007977318,52.35987755982988,0.8720789399634726,0.0,0.3001771569252014,0.0,0.0
38.77000045776367,16.5,3.4000000000000004,0.3490658503988659,49.916416607037824,0.8720789399634726,0.0,0.3001771569252014,0.0,0.0
38.78000092506409,16.5,4.3,-1.0471975511965976,52.35987755982988,0.8720789399634726,0.0,0.3001771569252014,0.0,0.0
38.790000677108765,16.5,5.300000000000001,0.0,50.96361415823442,0.8720789399634726,0.0,0.3001771569252014,0.0,0.0
38.8000009059906,16.5,6.2,-0.8726646259971648,54.27973973702365,0.8736343720799354,0.0,0.27843621373176575,0.0,0.0
38.8100004196167,16.4,7.200000000000001,-3.141592653589793,52.883476335428185,0.8736343720799354,0.0,0.27843621373176575,0.0,0.0
38.820000648498535,16.4,8.2,0.0,55.850536063818545,0.8736343720799354,0.0,0.27843621373176575,0.0,0.0
38.83000063896179,16.4,9.200000000000003,0.0,55.32693728822024,0.8985212859433401,0.0,0.2639567255973816,0.0,0.0
38.84000062942505,16.4,10.299999999999999,0.0,57.24679946541401,0.8985212859433401,0.0,0.2639567255973816,0.0,0.0
38.85000038146973,16.4,11.3,0.0,54.45427266222308,0.8985212859433401,0.0,0.2639567255973816,0.0,0.0
38.86000084877014,16.4,12.100000000000001,0.0,49.741883681838395,0.8985212859433401,0.0,0.2639567255973816,0.0,0.0
38.87000060081482,16.4,12.8,-0.8726646259971648,37.69911184307752,0.9337777472498301,0.0,0.2284780591726303,0.0,0.0
38.880000591278076,16.4,13.399999999999999,-0.8726646259971648,32.2885911618951,0.9337777472498301,0.0,0.2284780591726303,0.0,0.0
38.89000058174133,16.3,13.700000000000003,-1.7453292519943295,19.54768762233649,0.9337777472498301,0.0,0.2284780591726303,0.0,0.0
38.90000057220459,16.200000000000003,13.8,-8.203047484373348,4.1887902047863905,1.041102563285763,0.0,0.20971712470054626,0.0,0.0
38.910000801086426,15.899999999999999,13.8,-15.533430342749533,0.6981317007977318,1.041102563285763,0.0,0.20971712470054626,0.0,0.0
38.92000079154968,15.5,13.8,-20.420352248333657,0.5235987755982988,1.041102563285763,0.0,0.20971712470054626,0.0,0.0
38.93000078201294,15.100000000000001,13.8,-21.118483949131388,0.17453292519943295,1.0970981194784233,0.0,0.18843288719654083,0.0,0.0
38.94000053405762,14.800000000000002,13.8,-18.151424220741028,0.6981317007977318,1.0970981194784233,0.0,0.18843288719654083,0.0,0.0
38.95000076293945,14.600000000000001,13.8,-11.344640137963141,-0.0,1.0970981194784233,0.0,0.18843288719654083,0.0,0.0
38.96000075340271,14.400000000000002,13.8,-7.853981633974483,0.3490658503988659,1.1012459384556574,0.0,0.16734275221824646,0.0,0.0
38.97000026702881,14.5,13.8,0.6981317007977318,-0.6981317007977318,1.1012459384556574,0.0,0.16734275221824646,0.0,0.0
38.980000495910645,14.5,13.8,0.6981317007977318,0.17453292519943295,1.1012459384556574,0.0,0.16734275221824646,0.0,0.0
38.9900004863739,14.5,13.8,-0.17453292519943295,-0.17453292519943295,1.1012459384556574,0.0,0.16734275221824646,0.0,0.0
39.00000023841858,14.5,13.8,-0.17453292519943295,0.17453292519943295,1.1271698070633707,0.0,0.14824563264846802,0.0,0.0
39.010000467300415,14.5,13.700000000000003,0.6981317007977318,-1.3962634015954636,1.1271698070633707,0.0,0.14824563264846802,0.0,0.0
39.02000093460083,14.5,13.8,1.0471975511965976,0.3490658503988659,1.1271698070633707,0.0,0.14824563264846802,0.0,0.0
39.03000068664551,14.5,13.8,1.0471975511965976,-0.17453292519943295,1.102282893199966,0.0,0.1307685822248459,0.0,0.0
39.040000915527344,14.5,13.8,0.0,-0.0,1.102282893199966,0.0,0.1307685822248459,0.0,0.0
39.05000066757202,14.600000000000001,13.700000000000003,1.3962634015954636,-1.2217304763960306,1.0214004231439007,0.0,0.10849238187074661,0.0,0.0
39.06000089645386,14.600000000000001,13.700000000000003,0.3490658503988659,-0.0,1.0214004231439007,0.0,0.10849238187074661,0.0,0.0
39.070000648498535,14.600000000000001,13.700000000000003,4.886921905584122,-2.2689280275926285,1.0214004231439007,0.0,0.10849238187074661,0.0,0.0
39.08000063896179,14.900000000000002,13.600000000000001,12.042771838760874,-5.934119456780721,1.0214004231439007,0.0,0.10849238187074661,0.0,0.0
39.09000062942505,15.600000000000001,13.5,20.420352248333657,-5.585053606381854,1.0146602173058954,0.0,0.08409453183412552,0.0,0.0
39.10000038146973,15.600000000000001,13.3,20.420352248333657,-6.283185307179586,1.0146602173058954,0.0,0.08409453183412552,0.0,0.0
39.11000061035156,16.0,13.3,22.51474735072685,-4.886921905584122,1.0146602173058954,0.0,0.08409453183412552,0.0,0.0
39.12000060081482,16.5,13.3,24.434609527920614,0.17453292519943295,1.0146602173058954,0.0,0.08409453183412552,0.0,0.0
39.130000591278076,17.0,13.3,28.099800957108705,-0.3490658503988659,0.9679972538120115,0.0,0.06414729356765747,0.0,0.0
39.14000058174133,17.6,13.3,29.146998508305302,-0.17453292519943295,0.9679972538120115,0.0,0.06414729356765747,0.0,0.0
39.15000081062317,18.1,13.3,31.066860685499066,-0.5235987755982988,0.941554907832144,0.0,0.046709250658750534,0.0,0.0
39.16000032424927,18.8,13.200000000000003,35.25565089028546,-1.0471975511965976,0.941554907832144,0.0,0.046709250658750534,0.0,0.0
39.17000079154968,19.6,13.100000000000001,42.93509959906051,-8.726646259971648,0.941554907832144,0.0,0.046709250658750534,0.0,0.0
39.18000030517578,20.5,12.700000000000001,50.26548245743669,-19.896753472735355,0.9794037559994053,0.0,0.03140338510274887,0.0,0.0
39.190000772476196,21.6,12.100000000000001,58.817595792208905,-31.41592653589793,0.9794037559994053,0.0,0.03140338510274887,0.0,0.0
39.200000524520874,22.8,11.200000000000003,67.02064327658225,-43.45869837465881,0.9794037559994053,0.0,0.03140338510274887,0.0,0.0
39.21000027656555,24.3,10.4,75.39822368615503,-44.680428851054835,0.9539983647638464,0.0,0.01291304174810648,0.0,0.0
39.22000050544739,25.8,9.5,86.04473212332044,-48.69468613064179,0.9539983647638464,0.0,0.01291304174810648,0.0,0.0
39.230000495910645,27.700000000000003,8.6,99.83283321407565,-50.09094953223726,0.9539983647638464,0.0,0.01291304174810648,0.0,0.0
39.24000072479248,29.800000000000004,7.600000000000001,113.79546723003028,-54.62880558742251,0.7507552348793748,0.06273576203066598,4.9722326366463676e-05,0.01678512617945671,0.0
39.25000047683716,32.1,6.4,122.52211349000193,-62.13372137099813,0.7507552348793748,0.06273576203066598,4.9722326366463676e-05,0.01678512617945671,0.0
39.260000705718994,34.300000000000004,5.1000000000000005,124.965574442794,-70.16223593017205,0.7507552348793748,0.06273576203066598,4.9722326366463676e-05,0.01678512617945671,0.0
39.27000045776367,36.5,3.9000000000000004,117.28612573401895,-67.89330790257942,0.3318255181787292,1.0582123165668536,0.013999998569488525,0.005463499575853348,0.0
39.28000092506409,38.300000000000004,3.0,105.24335389525807,-51.312680008633286,0.3318255181787292,1.0582123165668536,0.013999998569488525,0.005463499575853348,0.0
39.290000677108765,39.900000000000006,2.5,87.96459430051421,-31.590459461097364,0.3318255181787292,1.0582123165668536,0.013999998569488525,0.005463499575853348,0.0
39.3000009059906,41.30000000000001,2.1,74.52555906015787,-22.340214425527417,0.3318255181787292,1.0582123165668536,0.013999998569488525,0.005463499575853348,0.0
39.31000065803528,42.400000000000006,1.8000000000000003,65.97344572538566,-18.151424220741028,0.06273576203066598,1.3423379165073903,0.055942147970199585,0.008025879971683025,0.0
39.320000648498535,43.5,1.4000000000000004,59.34119456780721,-20.59488517353309,0.06273576203066598,1.3423379165073903,0.055942147970199585,0.008025879971683025,0.0
39.33000063896179,44.400000000000006,0.9000000000000001,48.52015320544236,-26.354471705114378,0.06273576203066598,1.3423379165073903,0.055942147970199585,0.008025879971683025,0.0
39.34000062942505,45.0,0.2,36.65191429188092,-39.79350694547071,0.0,1.3107107968059803,0.0,0.018911393359303474,0.0
39.350000619888306,45.400000000000006,-0.6000000000000001,25.656340004316643,-44.85496177625427,0.0,1.3107107968059803,0.0,0.018911393359303474,0.0
39.36000061035156,45.7,-1.5,14.835298641951802,-49.741883681838395,0.0,1.3107107968059803,0.0,0.018911393359303474,0.0
39.37000060081482,45.6,-2.5,-1.7453292519943295,-54.62880558742251,0.0,1.1287252391798335,0.0,0.024918237701058388,0.0
39.3800003528595,45.400000000000006,-3.6000000000000005,-11.344640137963141,-57.24679946541401,0.0,1.1287252391798335,0.0,0.024918237701058388,0.0
39.39000058174133,44.80000000000001,-4.600000000000001,-28.099800957108705,-54.27973973702365,0.0,1.1287252391798335,0.0,0.024918237701058388,0.0
39.40000033378601,43.900000000000006,-5.499999999999999,-47.99655442984406,-53.40707511102649,0.0,0.9171864713408936,0.0,0.02044036239385605,0.0
39.410000801086426,42.7,-6.4,-65.1007810993885,-47.647488579445195,0.0,0.9171864713408936,0.0,0.02044036239385605,0.0
39.4200005531311,41.199999999999996,-7.1000000000000005,-79.06341511534313,-42.93509959906051,0.0,0.9171864713408936,0.0,0.02044036239385605,0.0
39.43000078201294,39.5,-7.800000000000001,-90.40805525330627,-37.17551306747922,0.0,0.7958627662567958,0.0,0.012628666125237942,0.0
39.44000053405762,37.7,-8.2,-98.43656981248019,-23.56194490192345,0.0,0.7958627662567958,0.0,0.012628666125237942,0.0
39.45000076293945,35.80000000000001,-8.4,-102.10176124166829,-14.486232791552935,0.0,0.7958627662567958,0.0,0.012628666125237942,0.0
39.46000051498413,34.0,-8.700000000000001,-101.05456369047168,-14.486232791552935,0.0,0.7911964699074073,0.0,0.02266448363661766,0.0
39.47000050544739,32.2,-9.0,-96.69124056048585,-15.3588974175501,0.0,0.7911964699074073,0.0,0.02266448363661766,0.0
39.480000495910645,30.600000000000005,-9.200000000000003,-90.40805525330627,-14.137166941154069,0.0,0.7911964699074073,0.0,0.02266448363661766,0.0
39.4900004863739,29.1,-9.4,-83.77580409572782,-9.599310885968812,0.0,0.8176388158872748,0.0,0.04847622290253639,0.0
39.50000047683716,27.700000000000003,-9.5,-76.44542123735164,-6.283185307179586,0.0,0.8176388158872748,0.0,0.04847622290253639,0.0
39.510000467300415,26.5,-9.600000000000001,-65.62437987498679,-4.71238898038469,0.0,0.8176388158872748,0.0,0.04847622290253639,0.0
39.52000093460083,25.8,-9.700000000000001,-44.85496177625427,-6.632251157578453,0.0,0.7751236713706252,0.0,0.07367558777332306,0.0
39.53000044822693,25.5,-9.900000000000002,-18.675022996339326,-8.203047484373348,0.0,0.7751236713706252,0.0,0.07367558777332306,0.0
39.540000915527344,25.6,-10.0,3.3161255787892263,-9.250245035569947,0.0,0.7751236713706252,0.0,0.07367558777332306,0.0
39.55000066757202,26.000000000000004,-10.200000000000001,16.755160819145562,-7.3303828583761845,0.0,0.7751236713706252,0.0,0.07367558777332306,0.0
39.56000113487244,26.5,-10.4,29.146998508305302,-11.344640137963141,0.06221728465851172,0.7300161399932041,0.21566666662693024,0.1172500029206276,0.0
39.570000648498535,27.200000000000003,-10.700000000000001,32.2885911618951,-17.10422666954443,0.06221728465851172,0.7300161399932041,0.21566666662693024,0.1172500029206276,0.0
39.58000063896179,27.700000000000003,-11.100000000000001,28.099800957108705,-21.991148575128552,0.06221728465851172,0.7300161399932041,0.21566666662693024,0.1172500029206276,0.0
39.59000062942505,28.200000000000006,-11.4,31.93952531149623,-15.3588974175501,0.9814776654880224,0.6133587312584947,0.31594136357307434,0.1375426948070526,0.0
39.600000619888306,29.1,-11.4,46.0766922526503,-1.2217304763960306,0.9814776654880224,0.6133587312584947,0.31594136357307434,0.1375426948070526,0.0
39.61000061035156,30.3,-11.4,63.70451769779303,0.17453292519943295,0.9814776654880224,0.6133587312584947,0.31594136357307434,0.1375426948070526,0.0
39.62000036239624,31.799999999999997,-11.4,73.6528944341607,-0.8726646259971648,1.119911123853211,0.40907864662971455,0.357148140668869,0.11885804682970047,0.0
39.6300003528595,32.9,-11.3,64.92624817418906,3.3161255787892263,1.119911123853211,0.40907864662971455,0.357148140668869,0.11885804682970047,0.0
39.64000058174133,33.50000000000001,-11.100000000000001,39.96803987067015,11.519173063162574,1.119911123853211,0.40907864662971455,0.357148140668869,0.11885804682970047,0.0
39.65000081062317,33.50000000000001,-10.8,0.8726646259971648,14.311699866353502,1.31796948001614,0.2836071225683826,0.35524705052375793,0.11429067701101303,0.0
39.66000032424927,33.0,-10.600000000000001,-22.51474735072685,11.693705988362009,1.31796948001614,0.2836071225683826,0.35524705052375793,0.11429067701101303,0.0
39.67000079154968,32.300000000000004,-10.4,-35.43018381548489,11.344640137963141,1.31796948001614,0.2836071225683826,0.35524705052375793,0.11429067701101303,0.0
39.68000054359436,31.0,-10.100000000000001,-34.55751918948773,18.32595714594046,1.5269158609943085,0.18146708025399252,0.3902563750743866,0.1144285723567009,0.0
39.690000772476196,31.0,-9.5,-34.55751918948773,28.797932657906436,1.5269158609943085,0.18146708025399252,0.3902563750743866,0.1144285723567009,0.0
39.700000524520874,30.5,-8.899999999999999,-30.01966313430247,31.2413936106985,1.5269158609943085,0.18146708025399252,0.3902563750743866,0.1144285723567009,0.0
39.71000051498413,29.999999999999996,-8.5,-24.434609527920614,22.51474735072685,1.4252942960520727,0.10836177078024124,0.3945656716823578,0.06793779879808426,0.0
39.72000026702881,29.700000000000006,-8.2,-19.896753472735355,18.84955592153876,1.4252942960520727,0.10836177078024124,0.3945656716823578,0.06793779879808426,0.0
39.730000495910645,29.300000000000004,-7.800000000000001,-18.500490071139893,23.212879051524585,1.4252942960520727,0.10836177078024124,0.3945656716823578,0.06793779879808426,0.0
39.7400004863739,29.0,-7.400000000000001,-17.976891295541595,21.118483949131388,1.4252942960520727,0.10836177078024124,0.3945656716823578,0.06793779879808426,0.0
39.75000047683716,28.800000000000004,-7.1000000000000005,-12.042771838760874,14.311699866353502,1.4252942960520727,0.10836177078024124,0.3945656716823578,0.06793779879808426,0.0
39.760000705718994,28.500000000000004,-7.1000000000000005,-11.170107212763709,-0.17453292519943295,1.2443456931702344,0.07206835472944274,0.3490000069141388,0.17574819922447205,0.0
39.77000069618225,28.500000000000004,-7.1000000000000005,-11.170107212763709,-0.17453292519943295,1.2443456931702344,0.07206835472944274,0.3490000069141388,0.17574819922447205,0.0
39.78000092506409,28.200000000000006,-7.1000000000000005,-14.137166941154069,0.8726646259971648,1.2443456931702344,0.07206835472944274,0.3490000069141388,0.17574819922447205,0.0
39.790000677108765,27.9,-6.9,-14.660765716752369,6.457718232379019,1.2443456931702344,0.07206835472944274,0.3490000069141388,0.17574819922447205,0.0
39.80000066757202,27.6,-6.699999999999999,-18.675022996339326,11.693705988362009,1.2443456931702344,0.07206835472944274,0.3490000069141388,0.17574819922447205,0.0
39.8100004196167,27.0,-6.300000000000001,-27.75073510670984,18.151424220741028,1.059249271311162,0.0,0.3204243779182434,0.0,0.0
39.820000648498535,26.5,-5.7,-30.368728984701335,36.65191429188092,1.059249271311162,0.0,0.3204243779182434,0.0,0.0
39.83000063896179,26.000000000000004,-4.600000000000001,-25.132741228718345,52.708943410228756,1.059249271311162,0.0,0.3204243779182434,0.0,0.0
39.84000062942505,25.5,-3.6000000000000005,-12.217304763960307,58.46852994181004,0.9503690231587665,0.0,0.30547571182250977,0.0,0.0
39.850000619888306,25.5,-2.4000000000000004,-12.217304763960307,59.8647933434055,0.9503690231587665,0.0,0.30547571182250977,0.0,0.0
39.86000061035156,25.400000000000002,-1.3,-4.886921905584122,62.13372137099813,0.9503690231587665,0.0,0.30547571182250977,0.0,0.0
39.87000060081482,25.300000000000004,-0.30000000000000004,-4.537856055185257,57.59586531581287,0.9104462655028882,0.0,0.2885444164276123,0.0,0.0
39.880000591278076,25.300000000000004,0.6000000000000001,-2.443460952792061,55.676003138619116,0.9104462655028882,0.0,0.2885444164276123,0.0,0.0
39.89000058174133,25.200000000000003,1.5,-4.537856055185257,49.04375198104066,0.9104462655028882,0.0,0.2885444164276123,0.0,0.0
39.90000033378601,25.0,2.4000000000000004,-11.868238913561441,47.82202150464463,0.912001697619351,0.0,0.25409379601478577,0.0,0.0
39.910000801086426,24.600000000000005,3.2,-17.976891295541595,43.28416544945937,0.912001697619351,0.0,0.25409379601478577,0.0,0.0
39.920000314712524,24.200000000000003,4.0,-20.943951023931955,46.774823953448035,0.912001697619351,0.0,0.25409379601478577,0.0,0.0
39.93000078201294,23.400000000000002,4.800000000000001,-23.212879051524585,45.20402762665314,0.912001697619351,0.0,0.25409379601478577,0.0,0.0
39.94000053405762,23.400000000000002,5.7,-23.212879051524585,47.472955654245766,0.9337777472498301,0.0,0.2262570708990097,0.0,0.0
39.95000076293945,23.0,6.600000000000001,-19.722220547535922,47.1238898038469,0.9337777472498301,0.0,0.2262570708990097,0.0,0.0
39.96000051498413,22.8,7.400000000000001,-15.882496193148398,46.774823953448035,0.9576277063689262,0.0,0.20941147208213806,0.0,0.0
39.97000026702881,22.5,8.3,-12.042771838760874,47.82202150464463,0.9576277063689262,0.0,0.20941147208213806,0.0,0.0
39.980000257492065,22.400000000000006,9.100000000000001,-8.901179185171081,46.0766922526503,0.9576277063689262,0.0,0.20941147208213806,0.0,0.0
39.9900004863739,22.3,10.0,-7.504915783575617,48.52015320544236,0.9576277063689262,0.0,0.20941147208213806,0.0,0.0
