timestamp,Thigh_L_Acc_X,Thigh_L_Acc_Y,Thigh_L_Acc_Z,Thigh_L_Gyr_X,Thigh_L_Gyr_Y,Thigh_L_Gyr_Z,Thigh_R_Acc_X,Thigh_R_Acc_Y,Thigh_R_Acc_Z,Thigh_R_Gyr_X,Thigh_R_Gyr_Y,Thigh_R_Gyr_Z,gpio_output
10.000000476837158,-3.6655227416992187,-3.497928625488281,1.1444283935546875,-27.96946564885496,57.3587786259542,10.900763358778626,-10.213664282226562,-3.0454245117187497,0.9169792358398436,20.946564885496183,22.35114503816794,12.854961832061068,0.0
10.010001182556152,-4.383783239746093,-2.518700146484375,1.8171990600585937,-13.755725190839694,69.81679389312977,5.603053435114504,-9.962273107910155,-2.070984436035156,0.7158662963867187,22.717557251908396,20.045801526717558,11.633587786259541,1.0
10.020000696182251,-5.908889697265625,-2.6001030029296874,3.284844677734375,-11.816793893129772,78.06106870229007,0.15267175572519084,-10.098742602539062,-1.5322890624999999,0.6751648681640625,21.923664122137403,19.358778625954198,11.908396946564885,1.0
10.030000686645508,-6.241683728027343,-2.959233251953125,4.900930798339844,-4.244274809160306,82.83969465648855,-3.969465648854962,-9.208099584960937,-0.5530605834960938,0.258573779296875,13.816793893129772,20.595419847328245,10.305343511450381,1.0
10.040000915527344,-7.48906279296875,-2.3535002319335936,5.983109948730468,5.603053435114504,84.77862595419847,-7.374045801526718,-9.76116016845703,-1.915361328125,0.469263525390625,13.16030534351145,18.916030534351144,10.732824427480915,1.0
10.050000429153442,-8.061276989746093,-1.8459294799804686,6.5960255737304685,15.419847328244275,83.41984732824427,-10.67175572519084,-7.905653881835937,-1.1276689819335937,0.15562310791015624,12.442748091603054,12.01526717557252,7.083969465648855,1.0
10.060000896453857,-8.47786807861328,-0.5746083984375,6.710947253417968,24.85496183206107,81.23664122137404,-13.938931297709924,-8.576030346679687,-1.8315642700195311,0.229843359375,1.5725190839694656,16.65648854961832,6.183206106870229,1.0
10.070000648498535,-8.975862023925782,0.6488286499023437,6.665457421875,27.541984732824428,77.90839694656489,-14.748091603053435,-10.445901843261717,-2.461239306640625,0.8379705810546875,-4.732824427480916,20.442748091603054,7.908396946564886,1.0
10.080000877380371,-9.777919580078125,1.618480322265625,6.718129858398437,20.671755725190838,73.46564885496183,-14.900763358778626,-8.391676818847655,-0.22505495605468748,1.6807295654296874,-18.9618320610687,25.297709923664122,5.633587786259542,1.0
10.090000629425049,-9.409212524414063,1.8315642700195311,6.344634399414062,14.732824427480915,67.6030534351145,-12.366412213740459,-10.73799444580078,-3.878606689453125,1.24498486328125,-16.977099236641223,23.099236641221374,9.633587786259541,1.0
10.100000381469727,-10.905588562011719,0.7924807495117187,5.9400143188476555,14.01526717557252,66.85496183206106,-12.488549618320612,-12.00213292236328,-4.958391638183594,1.0510545288085937,1.6641221374045803,14.595419847328245,8.870229007633588,1.0
10.110000610351562,-10.496180078124999,0.4429273071289062,5.379771130371093,16.48854961832061,61.969465648854964,-12.183206106870228,-9.368511096191405,-1.4867992309570313,0.11252747802734374,8.946564885496183,5.984732824427481,3.6946564885496183,1.0
10.12000060081482,-10.503362683105468,2.482787121582031,5.482721801757812,8.870229007633588,56.33587786259542,-10.534351145038167,-9.595960253906249,-1.1133037719726562,0.21068974609375,-0.12213740458015267,9.083969465648854,7.480916030534351,1.0
10.130000591278076,-10.589553942871094,2.231395947265625,5.293579870605469,-1.984732824427481,50.900763358778626,-5.572519083969466,-9.516951599121093,0.9840168823242187,-1.005564697265625,-9.755725190839694,6.396946564885496,9.694656488549619,1.0
10.140000820159912,-9.816226806640625,2.0781670410156248,4.44363828125,-4.641221374045801,44.67175572519084,-0.5801526717557252,-9.854534033203125,-0.06703764648437499,0.12210428466796874,-17.358778625954198,10.213740458015268,13.923664122137405,1.0
10.15000057220459,-8.801085302734375,0.9121908325195311,2.8658593872070313,-2.0763358778625953,43.89312977099237,5.312977099236641,-9.409212524414063,-0.6296750366210937,-0.016759411621093748,-23.083969465648856,8.580152671755725,14.229007633587786,1.0
10.160000324249268,-9.244012609863281,1.005564697265625,1.5849614990234373,7.282442748091603,48.36641221374046,12.992366412213741,-9.325415466308593,-1.4341267944335936,-0.25139117431640623,-30.3206106870229,10.549618320610687,14.67175572519084,1.0
10.170000553131104,-10.611101757812499,3.8187516479492185,2.3870190551757813,18.213740458015266,56.58015267175573,24.931297709923665,-8.501810095214843,-2.3127988037109373,-0.4525041137695312,-41.00763358778626,15.389312977099237,16.18320610687023,1.0
10.180000305175781,-13.702016101074218,4.599261389160156,3.9624037475585934,20.213740458015266,62.38167938931298,40.58015267175573,-11.204863769531249,-3.399766357421875,-1.407790576171875,-41.541984732824424,17.64885496183206,17.51145038167939,1.0
10.190001010894775,-15.473725329589843,4.580107775878906,6.2392895263671875,9.526717557251908,60.3206106870229,50.732824427480914,-9.464279162597656,-1.8914193115234375,-1.218648645019531,-37.38931297709924,15.816793893129772,14.961832061068701,1.0
10.200000524520874,-15.251064575195311,2.3630770385742186,7.771578588867187,-3.1908396946564888,48.656488549618324,55.23664122137404,-8.810662109374999,-1.5873557006835937,-0.8858546142578124,-43.87786259541985,20.198473282442748,15.587786259541986,1.0
10.21000051498413,-16.333243725585938,1.5610194824218748,9.507374792480467,-19.87786259541985,36.67175572519084,52.10687022900763,-8.743624462890624,-3.0693665283203124,-0.36152445068359373,-33.81679389312977,17.52671755725191,16.137404580152673,0.0
10.220000505447388,-15.090653063964844,0.5434837768554687,9.02135185546875,-44.70229007633588,17.49618320610687,42.54961832061068,-10.409988818359375,-3.3351229125976563,-0.8738836059570312,-21.297709923664122,15.954198473282442,16.16793893129771,0.0
10.230000495910645,-13.692439294433592,-2.308010400390625,7.089231115722656,-53.51145038167939,1.7251908396946565,34.30534351145038,-11.710040319824218,-5.944802722167968,1.649604943847656,-5.022900763358779,16.396946564885496,19.022900763358777,0.0
10.240000486373901,-7.9655089233398435,-7.769184387207031,4.060566015625,-37.786259541984734,-7.312977099236641,28.977099236641223,-8.384494213867187,-1.599326708984375,-0.16759411621093748,3.1755725190839694,4.67175572519084,14.366412213740459,0.0
10.250000238418579,-6.665457421875,-6.4284314575195305,2.2577321655273437,-13.816793893129772,-0.4580152671755725,17.633587786259543,-9.619902270507811,-0.7350199096679687,-0.3758896606445312,2.717557251908397,4.106870229007634,15.709923664122137,0.0
10.260000705718994,-6.196193896484375,-3.2034418212890623,1.01514150390625,-10.366412213740459,4.625954198473282,3.66412213740458,-9.457096557617186,-0.17956512451171874,-0.033518823242187495,-1.2366412213740459,6.793893129770993,17.603053435114504,0.0
10.270000696182251,-6.629544396972656,-0.27293898925781246,-0.35194764404296874,-16.931297709923665,6.519083969465649,-4.473282442748092,-9.421183532714844,0.10295067138671875,0.031124621582031248,-6.2748091603053435,5.847328244274809,18.412213740458014,0.0
10.280000448226929,-6.591237170410156,1.158793603515625,-0.9457096557617187,-18.946564885496183,12.183206106870228,-4.488549618320611,-9.394847314453125,-0.14604630126953125,0.10773907470703124,-12.748091603053435,4.885496183206107,19.022900763358777,0.0
10.290000677108765,-7.0078282592773435,2.549824768066406,-0.9935936889648437,-20.35114503816794,19.557251908396946,0.8549618320610687,-9.41639512939453,-0.4477157104492187,0.0430956298828125,-19.404580152671755,4.152671755725191,18.763358778625953,0.0
10.3000009059906,-6.725312463378906,2.923320227050781,-0.7445967163085937,-18.106870229007633,27.251908396946565,10.80916030534351,-9.387664709472656,-0.6919242797851562,0.22266075439453123,-24.9618320610687,3.6793893129770994,18.793893129770993,0.0
10.310000896453857,-6.026205578613281,1.4221557861328125,-0.603338818359375,-7.3893129770992365,37.083969465648856,20.198473282442748,-9.018957653808593,-1.0678139404296874,0.11731588134765625,-29.740458015267176,2.6412213740458017,17.770992366412212,0.0
10.320000886917114,-7.5153990112304685,1.1085153686523437,0.3399766357421875,3.648854961832061,46.62595419847328,22.427480916030536,-9.68454571533203,-1.7262193969726563,0.229843359375,-30.48854961832061,1.9541984732824427,17.587786259541986,0.0
10.330000638961792,-8.568847741699217,1.4820108276367188,0.948103857421875,5.0534351145038165,52.87022900763359,21.267175572519083,-9.196128576660156,-1.3646949462890625,0.3112462158203125,-29.587786259541986,-0.22900763358778625,16.259541984732824,0.0
10.340000867843628,-9.45470235595703,1.3311761230468748,1.3215993164062498,5.145038167938932,55.00763358778626,20.519083969465647,-9.816226806640625,-1.5777788940429687,0.3854664672851562,-26.900763358778626,-1.0534351145038168,16.65648854961832,0.0
10.350000619888306,-10.678139404296875,2.0925322509765625,1.8339584716796873,-1.3587786259541985,53.14503816793893,19.00763358778626,-9.70369932861328,-1.0821791503906248,0.4477157104492187,-25.46564885496183,-3.480916030534351,15.49618320610687,0.0
10.360000610351562,-11.8369330078125,2.789244934082031,3.0238766967773434,-15.572519083969466,47.89312977099237,18.442748091603054,-10.17056865234375,-1.180341418457031,0.603338818359375,-24.641221374045802,-3.969465648854962,15.404580152671755,0.0
10.37000060081482,-12.054805358886718,1.7980454467773437,3.816357446289062,-26.519083969465647,40.48854961832061,18.671755725190838,-10.024522351074218,-0.4955997436523437,0.3687070556640625,-24.12213740458015,-6.091603053435114,15.770992366412214,0.0
10.380000829696655,-11.307814440917968,2.1835119140624997,3.9408559326171875,-34.274809160305345,33.74045801526717,17.00763358778626,-9.955090502929687,-1.3407529296874998,0.7015010864257812,-21.0381679389313,-6.748091603053435,17.297709923664122,0.0
10.390000343322754,-12.897564343261719,3.7708676147460936,3.9264907226562498,-45.908396946564885,26.198473282442748,13.694656488549619,-9.93354268798828,-1.3120225097656248,1.0295067138671874,-12.946564885496183,-8.83969465648855,17.00763358778626,0.0
10.40000033378601,-11.133037719726563,1.6352397338867186,2.2936451904296873,-58.152671755725194,13.435114503816793,12.946564885496183,-10.350133776855468,-0.17238251953125,0.5817910034179687,-8.870229007633588,-10.50381679389313,16.091603053435115,0.0
10.410001039505005,-9.528922607421874,1.0749965454101562,1.7645266235351562,-48.82442748091603,13.801526717557252,13.007633587786259,-10.479420666503906,-0.0718260498046875,0.028730419921875,-13.236641221374045,-9.572519083969466,16.83969465648855,0.0
10.420000553131104,-9.955090502929687,2.398990063476562,1.6424223388671875,-49.25190839694657,12.687022900763358,10.977099236641221,-9.595960253906249,1.158793603515625,0.15083470458984374,-24.625954198473284,-7.114503816793893,15.679389312977099,0.0
10.43000078201294,-9.658209497070311,2.2290017456054687,1.6472107421875,-46.79389312977099,11.129770992366412,14.549618320610687,-10.386046801757812,-0.14125789794921875,0.15562310791015624,-23.206106870229007,-5.572519083969466,18.15267175572519,0.0
10.440000534057617,-9.325415466308593,1.8650830932617186,1.6256629272460936,-42.717557251908396,10.977099236641221,18.396946564885496,-10.395623608398436,-0.26815058593749996,0.12210428466796874,-17.83206106870229,-6.259541984732825,17.46564885496183,0.0
10.450001001358032,-8.535328918457031,0.6919242797851562,1.2976572998046874,-33.20610687022901,12.122137404580153,22.015267175572518,-10.338162768554687,-0.9217676391601562,-0.05985504150390625,-10.854961832061068,-5.984732824427481,16.85496183206107,0.0
10.46000051498413,-8.257601525878906,0.373495458984375,1.3263877197265623,-24.82442748091603,13.358778625954198,21.358778625954198,-9.519345800781249,-0.105344873046875,-0.3280056274414062,-2.7022900763358777,-9.923664122137405,13.938931297709924,0.0
10.470000505447388,-8.113949426269532,-0.08379705810546874,1.0989385620117187,-14.870229007633588,14.061068702290076,18.65648854961832,-9.53131680908203,-0.07900865478515624,-0.4740519287109375,5.206106870229007,-13.083969465648854,12.106870229007633,0.0
10.480000257492065,-8.755595471191405,0.41898529052734373,1.2785036865234374,-9.007633587786259,14.50381679389313,15.297709923664122,-9.641450085449218,-0.23702596435546874,0.16280571289062498,6.748091603053435,-12.320610687022901,11.587786259541986,0.0
10.490000486373901,-8.827421520996094,-0.05027823486328125,1.177947216796875,-0.7633587786259542,13.633587786259541,12.885496183206106,-10.639832177734375,-1.66636435546875,1.177947216796875,17.480916030534353,-14.870229007633588,12.091603053435115,0.0
10.500000476837158,-9.7683427734375,1.1085153686523437,1.2880804931640624,8.045801526717558,13.877862595419847,10.549618320610687,-10.575188732910156,-2.3582886352539063,0.7158662963867187,31.389312977099237,-24.30534351145038,9.34351145038168,0.0
10.510000705718994,-10.036493359375,2.212242333984375,1.2306196533203124,14.045801526717558,14.183206106870228,10.351145038167939,-10.412383020019531,-0.1867477294921875,0.6416460449218749,39.099236641221374,-32.18320610687023,4.1679389312977095,0.0
10.520000696182251,-10.70686982421875,4.508281726074219,1.235408056640625,8.473282442748092,12.030534351145038,8.50381679389313,-8.86094034423828,2.70065947265625,-0.6177040283203125,21.557251908396946,-32.82442748091603,0.4122137404580153,0.0
10.530000686645508,-10.608707556152343,4.786009118652344,1.0678139404296874,-2.351145038167939,10.992366412213741,7.694656488549619,-10.321403356933594,1.8052280517578123,-0.3758896606445312,4.793893129770993,-26.0,1.8778625954198473,0.0
10.540000915527344,-9.404424121093749,2.5857377929687497,0.5315127685546874,-9.679389312977099,8.687022900763358,7.190839694656488,-11.587936035156249,1.0845733520507812,0.0430956298828125,4.625954198473282,-22.244274809160306,3.068702290076336,0.0
10.550000667572021,-9.91438907470703,2.5378537597656248,0.7876923461914062,-7.587786259541985,9.419847328244275,5.190839694656488,-11.4538607421875,-0.07900865478515624,0.23223756103515625,11.954198473282442,-23.69465648854962,3.1603053435114505,0.0
10.560000896453857,-10.065223779296874,2.829946362304687,0.9600748657226562,-9.450381679389313,8.549618320610687,3.954198473282443,-10.338162768554687,1.5969325073242187,-1.209071838378906,12.091603053435115,-27.72519083969466,-1.0534351145038168,0.0
10.570000648498535,-9.255983618164063,2.1116858642578125,0.8092401611328125,-5.251908396946565,10.13740458015267,4.9465648854961835,-9.181763366699219,1.8363526733398436,-0.565031591796875,-4.687022900763359,-20.610687022900763,-1.816793893129771,0.0
10.580000877380371,-9.550470422363281,2.9448680419921875,1.0342951171875,-9.16030534351145,10.900763358778626,4.9465648854961835,-9.452308154296874,1.6448165405273436,-0.33039982910156246,-19.587786259541986,-11.801526717557252,0.13740458015267176,0.0
10.590000629425049,-9.907206469726562,2.9951462768554684,0.9169792358398436,-14.030534351145038,9.541984732824428,4.290076335877862,-11.343727465820312,0.03591302490234375,0.06703764648437499,-13.664122137404581,-9.129770992366412,1.5114503816793894,0.0
10.600000381469727,-9.471461767578125,1.4987702392578124,0.4381389038085937,-10.854961832061068,8.885496183206106,5.251908396946565,-10.110713610839843,0.13646949462890623,0.6057330200195312,-13.114503816793894,-8.412213740458014,-2.717557251908397,0.0
10.610000610351562,-9.311050256347656,1.0486603271484374,0.5219359619140624,-4.061068702290076,11.206106870229007,4.809160305343512,-10.146626635742187,-0.201112939453125,1.47482822265625,-12.198473282442748,-10.351145038167939,-4.809160305343512,0.0
10.62000036239624,-9.49300958251953,1.9033903198242186,0.6631938598632812,-2.33587786259542,10.870229007633588,1.3740458015267176,-10.089165795898436,-0.01915361328125,1.9608511596679685,-13.099236641221374,-12.961832061068701,-6.427480916030534,0.0
10.630000591278076,-8.91840118408203,1.0007762939453124,0.8667010009765624,-1.2671755725190839,10.82442748091603,0.2595419847328244,-9.682151513671874,0.181959326171875,2.463633508300781,-15.49618320610687,-15.648854961832061,-7.908396946564886,0.0
10.640000581741333,-9.672574707031249,1.6903063720703124,1.2425906616210938,-3.1755725190839694,10.045801526717558,-1.6793893129770991,-9.883264453125,-0.05027823486328125,2.3319524169921872,-15.725190839694656,-17.84732824427481,-8.305343511450381,0.0
10.65000033378601,-9.557653027343749,1.6256629272460936,1.3120225097656248,-2.8396946564885495,8.412213740458014,-1.6488549618320612,-9.832986218261718,-1.0486603271484374,2.683900061035156,-13.068702290076336,-19.389312977099237,-8.51908396946565,0.0
10.660000562667847,-9.414000927734374,1.5897499023437498,1.180341418457031,1.8778625954198473,8.305343511450381,-0.7175572519083969,-9.483432775878907,-1.7501614135742187,2.7150246826171873,1.3587786259541985,-29.66412213740458,-9.541984732824428,0.0
10.670000314712524,-9.991003527832031,1.9225439331054686,1.0582371337890624,3.83206106870229,7.770992366412214,-1.633587786259542,-10.213664282226562,-1.707065783691406,2.042254016113281,12.83969465648855,-36.51908396946565,-10.854961832061068,0.0
10.68000078201294,-9.586383447265625,1.599326708984375,1.0941501586914062,6.778625954198473,8.030534351145038,-1.6030534351145038,-9.916783276367187,-2.099714855957031,2.482787121582031,23.389312977099237,-41.43511450381679,-12.01526717557252,0.0
10.690000772476196,-9.394847314453125,1.8435352783203125,1.3431471313476562,9.129770992366412,8.259541984732824,-2.8396946564885495,-9.121908325195312,-0.22744915771484372,1.5586252807617187,25.893129770992367,-49.81679389312977,-15.816793893129772,0.0
10.700000524520874,-9.375693701171874,2.0470424194335934,1.8291700683593748,8.870229007633588,7.419847328244275,-3.1755725190839694,-8.003816149902343,1.458068811035156,1.484405029296875,9.633587786259541,-46.10687022900763,-17.66412213740458,0.0
10.71000075340271,-9.502586389160156,2.300827795410156,2.4444798950195312,7.465648854961832,5.3893129770992365,-2.4885496183206106,-9.33978067626953,-0.201112939453125,1.9847931762695312,3.0229007633587788,-40.76335877862596,-13.236641221374045,0.0
10.720000505447388,-9.873687646484374,1.9033903198242186,2.839523168945312,6.854961832061068,1.8931297709923665,-2.2748091603053435,-10.146626635742187,-1.4820108276367188,2.4013842651367185,13.32824427480916,-44.656488549618324,-13.969465648854962,0.0
10.730000495910645,-9.70369932861328,1.189918225097656,3.0885201416015624,13.435114503816793,-2.519083969465649,-0.732824427480916,-8.882488159179687,0.10773907470703124,1.2114660400390624,18.977099236641223,-50.0763358778626,-18.793893129770993,0.0
10.740000486373901,-9.229647399902344,1.0869675537109373,2.849099975585937,23.022900763358777,-4.0458015267175576,0.5038167938931297,-7.017405065917968,0.9552864624023437,1.2210428466796874,4.870229007633588,-46.50381679389313,-20.763358778625953,0.0
10.750000476837158,-9.102754711914063,2.243366955566406,2.7820623291015623,24.12213740458015,-6.5038167938931295,-0.4732824427480916,-8.968679418945312,-0.10295067138671875,1.7501614135742187,-6.916030534351145,-35.06870229007634,-15.450381679389313,0.0
10.760000944137573,-9.323021264648437,2.863465185546875,2.858676782226562,18.549618320610687,-10.854961832061068,-0.7022900763358778,-9.464279162597656,-0.8978256225585937,1.8124106567382812,-0.5038167938931297,-34.88549618320611,-13.603053435114504,0.0
10.770000696182251,-9.60793126220703,2.877830395507812,3.0621839233398433,16.793893129770993,-15.251908396946565,0.2748091603053435,-8.971073620605468,-1.0726023437499999,2.104503259277344,1.8015267175572518,-31.61832061068702,-15.32824427480916,0.0
10.780000686645508,-8.911218579101561,1.66636435546875,3.306392492675781,21.81679389312977,-17.84732824427481,3.2519083969465647,-9.447519750976562,-1.7669208251953124,1.2904746948242187,11.557251908396946,-35.847328244274806,-15.923664122137405,0.0
10.790000438690186,-8.63827958984375,1.218648645019531,3.488351818847656,29.389312977099237,-19.206106870229007,4.549618320610687,-8.571241943359375,-1.5346832641601562,1.3455413330078123,19.66412213740458,-40.61068702290076,-17.282442748091604,0.0
10.8000009059906,-9.595960253906249,2.612074011230469,3.9743747558593747,29.64885496183206,-20.732824427480917,3.0229007633587788,-7.994239343261718,-0.9888052856445312,0.5961562133789062,29.81679389312977,-48.79389312977099,-18.045801526717558,0.0
10.810000658035278,-9.79946739501953,4.824316345214844,4.503493322753906,8.946564885496183,-33.16030534351145,0.8091603053435115,-6.617573388671874,0.6440402465820312,1.2617442749023438,21.236641221374047,-40.19847328244275,-18.27480916030534,0.0
10.820000886917114,-9.854534033203125,4.280832568359375,4.8698061767578125,-7.816793893129771,-42.80916030534351,1.9083969465648856,-7.254431030273437,2.5737667846679684,0.7350199096679687,7.893129770992366,-32.900763358778626,-16.106870229007633,0.0
10.830000400543213,-9.358934289550781,2.4205378784179685,5.288791467285156,-15.48091603053435,-51.66412213740458,2.564885496183206,-7.802703210449218,1.6543933471679686,0.9959878906249999,-7.022900763358779,-27.374045801526716,-12.977099236641221,0.0
10.840000867843628,-8.719682446289061,0.49799394531249996,4.967968444824218,-12.564885496183207,-59.541984732824424,2.183206106870229,-8.456320263671875,0.6967126831054687,1.3838485595703125,-10.183206106870228,-24.045801526717558,-12.67175572519084,0.0
10.850000619888306,-8.078036401367187,-0.8738836059570312,4.671087438964843,-1.5114503816793894,-65.64885496183206,-0.7480916030534351,-8.590395556640624,-0.7254431030273437,1.8507178833007811,-7.938931297709924,-22.442748091603054,-13.297709923664122,0.0
10.860000610351562,-7.369352709960937,-0.5985504150390625,4.517858532714843,12.778625954198473,-70.36641221374046,-4.244274809160306,-8.377311608886718,-1.8914193115234375,1.9871873779296874,4.778625954198473,-30.717557251908396,-16.16793893129771,0.0
10.87000060081482,-7.484274389648437,-0.1771709228515625,3.6559459350585937,23.96946564885496,-73.14503816793894,-8.351145038167939,-9.373299499511718,-2.806004345703125,2.4109610717773435,21.83206106870229,-34.76335877862596,-17.221374045801525,0.0
10.880000591278076,-7.266402038574219,-0.41419688720703124,2.0302830078125,34.38167938931298,-75.41984732824427,-9.954198473282442,-9.469067565917967,-3.0238766967773434,2.1691467041015624,42.33587786259542,-43.57251908396947,-18.916030534351144,0.0
10.890000581741333,-6.672640026855468,1.180341418457031,0.6153098266601562,36.656488549618324,-73.26717557251908,-11.48091603053435,-6.770802294921874,0.5386953735351562,1.2785036865234374,46.35114503816794,-50.595419847328245,-24.045801526717558,0.0
10.90000057220459,-7.220912207031249,3.725377783203125,-0.737414111328125,31.908396946564885,-70.01526717557252,-11.236641221374045,-7.204152795410156,0.5147533569335937,1.0678139404296874,30.702290076335878,-38.97709923664122,-21.801526717557252,0.0
10.910000562667847,-8.48505068359375,5.961562133789062,0.3112462158203125,20.259541984732824,-62.06106870229008,-7.587786259541985,-8.164227661132813,-0.46686932373046874,1.4173673828125,32.0,-39.83206106870229,-17.435114503816795,0.0
10.920000553131104,-7.644685900878906,4.309562988281249,0.34715924072265625,18.99236641221374,-56.67175572519084,-0.32061068702290074,-7.587225061035156,0.5195417602539062,1.0342951171875,32.412213740458014,-40.0,-18.366412213740457,0.0
10.93000078201294,-7.572859851074218,2.6862942626953124,0.8379705810546875,22.30534351145038,-46.97709923664122,4.717557251908397,-6.5768719604492185,2.4205378784179685,0.47165772705078124,18.03053435114504,-32.396946564885496,-21.51145038167939,0.0
10.940000295639038,-7.5465236328125,2.645592834472656,1.5155296508789062,21.17557251908397,-39.80152671755725,4.900763358778626,-7.8912886718749995,0.1867477294921875,1.4413093994140624,-4.656488549618321,-12.045801526717558,-18.671755725190838,0.0
10.950000524520874,-8.480262280273436,2.492363928222656,2.375048046875,13.19083969465649,-34.10687022900763,3.0839694656488548,-10.797849487304687,-1.3215993164062498,1.0726023437499999,6.519083969465649,-14.793893129770993,-15.068702290076336,0.0
10.960000276565552,-8.757989672851561,0.9169792358398436,3.0741549316406247,17.236641221374047,-28.442748091603054,-0.015267175572519083,-8.980650427246093,0.0909796630859375,1.0821791503906248,10.473282442748092,-10.473282442748092,-17.557251908396946,0.0
10.970000505447388,-8.576030346679687,0.565031591796875,3.478775012207031,22.763358778625953,-27.206106870229007,-4.229007633587786,-9.157821350097656,0.028730419921875,0.9959878906249999,11.358778625954198,-6.625954198473282,-16.610687022900763,0.0
10.980000495910645,-9.018957653808593,0.9528922607421875,3.7517140014648436,26.671755725190838,-27.297709923664122,-8.290076335877863,-10.831368310546875,-1.9321207397460936,1.5897499023437498,19.84732824427481,-5.801526717557252,-11.419847328244275,0.0
10.990000486373901,-8.875305554199219,0.9193734375,3.8043864379882812,32.18320610687023,-28.0,-11.603053435114504,-9.10993731689453,0.1771709228515625,1.455674609375,26.076335877862597,-8.763358778625955,-14.916030534351146,0.0
11.000000476837158,-8.40125362548828,1.2665326782226562,3.0023288818359375,40.16793893129771,-26.27480916030534,-14.396946564885496,-9.131485131835937,0.19871873779296872,1.8938135131835936,21.435114503816795,-3.053435114503817,-15.954198473282442,0.0
11.010000705718994,-8.152256652832031,2.281674182128906,2.061407629394531,40.18320610687023,-24.38167938931298,-16.290076335877863,-9.56962403564453,-0.23702596435546874,2.4875755249023435,15.083969465648854,5.175572519083969,-13.725190839694656,0.0
11.020000696182251,-7.563283044433593,2.877830395507812,1.5969325073242187,36.916030534351144,-20.3206106870229,-16.748091603053435,-7.50821640625,1.5753846923828123,2.0566192260742184,11.49618320610687,3.3740458015267176,-14.83969465648855,0.0
11.030000686645508,-8.619125976562499,4.853046765136718,1.2689268798828124,26.27480916030534,-17.053435114503817,-17.282442748091604,-8.892064965820312,0.181959326171875,2.5450363647460934,4.564885496183206,13.557251908396946,-11.419847328244275,0.0
11.040000438690186,-9.773131176757811,5.786785412597656,2.051830822753906,15.206106870229007,-13.877862595419847,-15.068702290076336,-9.610325463867188,-0.1005564697265625,1.5658078857421873,2.4580152671755724,15.282442748091603,-9.98473282442748,0.0
11.050000667572021,-9.72285294189453,5.063736511230468,3.019088293457031,6.259541984732825,-12.01526717557252,-11.206106870229007,-8.377311608886718,0.0526724365234375,1.407790576171875,-0.8244274809160306,15.374045801526718,-10.549618320610687,0.0
11.060000658035278,-9.890447058105469,4.3813890380859375,3.23696064453125,0.7633587786259542,-9.404580152671755,-9.358778625954198,-9.181763366699219,1.7980454467773437,1.2976572998046874,-13.603053435114504,25.16030534351145,-13.938931297709924,0.0
11.070000648498535,-10.194510668945313,3.3207577026367185,3.239354846191406,-0.13740458015267176,-5.1603053435114505,-8.595419847328245,-10.579977136230468,0.4381389038085937,3.0166940917968748,-31.709923664122137,40.67175572519084,-12.83969465648855,0.0
11.080000638961792,-8.954314208984375,2.0925322509765625,3.9815573608398434,2.6717557251908395,-1.2213740458015268,-10.030534351145038,-11.851298217773437,-2.068590234375,2.703053674316406,-20.229007633587788,36.229007633587784,-5.740458015267175,0.0
11.090000629425049,-9.004592443847656,0.9576806640625,4.242525341796875,11.709923664122137,1.7251908396946565,-11.648854961832061,-10.831368310546875,-0.30885201416015623,2.6695348510742187,-6.33587786259542,30.396946564885496,-7.00763358778626,0.0
11.100000619888306,-9.09796630859375,1.8555062866210936,4.7117888671875,17.96946564885496,1.4961832061068703,-15.419847328244275,-11.111489904785156,1.2210428466796874,3.1172505615234374,-14.045801526717558,33.267175572519086,-11.374045801526718,0.0
11.110000610351562,-9.512163195800781,3.835511059570312,5.324704492187499,12.381679389312977,-2.2595419847328246,-17.69465648854962,-14.104241979980468,-1.9991583862304687,4.374206433105469,-19.358778625954198,38.213740458015266,-9.603053435114504,0.0
11.12002420425415,-8.576030346679687,2.3535002319335936,5.0757075195312495,4.564885496183206,-11.389312977099237,-17.374045801526716,-15.892710620117187,-3.679887951660156,4.546588952636719,1.9083969465648856,24.65648854961832,-9.053435114503817,0.0
11.130000352859497,-11.305420239257812,2.9927520751953125,5.942408520507812,6.854961832061068,-13.770992366412214,-22.198473282442748,-14.542380883789061,-2.6288334228515624,4.762067102050781,17.87786259541985,11.83206106870229,-15.801526717557252,0.0
11.140000820159912,-12.23915888671875,3.833116857910156,6.998251452636718,13.282442748091603,-23.572519083969464,-20.748091603053435,-14.49928525390625,-1.4963760375976562,3.756502404785156,18.885496183206108,13.954198473282442,-16.900763358778626,0.0
11.15000057220459,-14.14733760986328,5.865794067382812,9.260772021484375,11.84732824427481,-34.48854961832061,-17.0381679389313,-13.295001818847656,-0.14125789794921875,2.518700146484375,20.33587786259542,9.206106870229007,-11.816793893129772,0.0
11.160000562667847,-14.391546179199217,3.5434184570312497,10.326191760253906,10.213740458015268,-51.64885496183206,-8.198473282442748,-12.713210815429687,1.0989385620117187,0.852335791015625,19.450381679389313,7.3893129770992365,-6.473282442748092,0.0
11.170000553131104,-11.595118640136718,-4.285620971679688,7.563283044433593,18.9618320610687,-71.09923664122137,4.091603053435114,-9.670180505371093,1.608903515625,0.11013327636718749,9.465648854961833,12.01526717557252,-2.366412213740458,0.0
11.18000078201294,-11.652579479980469,-3.7014357666015623,9.524134204101562,55.404580152671755,-64.54961832061069,2.7480916030534353,-8.40125362548828,1.8531120849609375,-0.63206923828125,-0.44274809160305345,15.038167938931299,0.5038167938931297,0.0
11.190000772476196,-15.454571716308592,1.838746875,9.87608184814453,38.10687022900763,-86.59541984732824,-6.473282442748092,-6.495469104003906,2.1068974609374997,-0.9169792358398436,-16.564885496183205,20.213740458015266,-1.1755725190839694,0.0
11.200000524520874,-15.33486163330078,1.898601916503906,8.9255837890625,14.15267175572519,-109.05343511450381,-6.015267175572519,-7.790732202148437,0.42377369384765623,-1.886630908203125,-31.603053435114504,29.893129770992367,-0.8854961832061069,0.0
11.21000075340271,-13.414711901855467,0.7206546997070312,6.902483386230468,-0.8396946564885496,-125.09923664122137,-5.526717557251908,-7.362170104980469,-0.612915625,-1.936909143066406,-43.603053435114504,36.656488549618324,-2.9770992366412212,0.0
11.220000505447388,-12.667720983886719,0.16998831787109375,4.910507604980468,-10.83969465648855,-137.95419847328245,-11.435114503816793,-10.733206042480468,-5.377376928710937,-0.9840168823242187,-38.18320610687023,45.12977099236641,2.9160305343511452,0.0
11.230000495910645,-12.176909643554687,-1.0510545288085937,3.5529952636718747,-11.816793893129772,-144.8854961832061,-15.251908396946565,-10.359710583496094,-6.323086584472656,-0.6272808349609375,-9.587786259541986,40.412213740458014,1.2671755725190839,0.0
11.240000486373901,-10.321403356933594,-2.0183119995117185,1.7621324218749999,2.2290076335877864,-142.82442748091603,-15.725190839694656,-8.971073620605468,-5.123591552734375,-0.8738836059570312,7.740458015267175,40.274809160305345,-2.4580152671755724,0.0
11.250000238418579,-9.80665,-0.2442085693359375,0.16041151123046873,16.0,-132.91603053435114,-16.35114503816794,-9.018957653808593,-3.134009973144531,-1.24498486328125,11.129770992366412,43.37404580152672,-2.030534351145038,0.0
11.260000467300415,-7.539341027832031,-0.30406361083984373,-0.8499415893554687,18.106870229007633,-123.41984732824427,-15.282442748091603,-10.582371337890624,-4.924872814941406,-0.19393033447265623,19.587786259541986,45.23664122137404,2.8702290076335877,0.0
11.270000696182251,-6.967126831054687,-0.00239420166015625,-1.695094775390625,25.908396946564885,-106.1526717557252,-13.267175572519085,-10.13226142578125,-4.477157104492187,0.36391865234375,41.87786259541985,37.267175572519086,1.8625954198473282,0.0
11.280000448226929,-7.232883215332031,1.6136919189453125,-1.6160861206054686,18.458015267175572,-88.91603053435115,-15.312977099236642,-10.28549033203125,-4.254496350097656,1.0510545288085937,51.70992366412214,34.534351145038165,2.8091603053435112,0.0
11.290000677108765,-6.754042883300781,0.6416460449218749,-1.0319009155273438,14.549618320610687,-73.64885496183206,-11.129770992366412,-9.883264453125,-2.789244934082031,1.01514150390625,54.62595419847328,29.83206106870229,2.946564885496183,0.0
11.3000009059906,-6.263231542968749,0.0909796630859375,-0.5817910034179687,21.068702290076335,-54.76335877862596,-4.961832061068702,-9.3852705078125,-0.55545478515625,0.4908113403320312,45.541984732824424,27.0381679389313,2.3053435114503817,0.0
11.310000658035278,-7.295132458496093,1.5083470458984374,-0.0526724365234375,17.34351145038168,-37.80152671755725,-1.9541984732824427,-9.169792358398437,-1.1755530151367186,1.120486376953125,30.885496183206108,29.053435114503817,4.961832061068702,0.0
11.320000886917114,-7.45075556640625,-0.8020575561523438,-0.30406361083984373,23.66412213740458,-19.66412213740458,4.1679389312977095,-10.070012182617187,-1.0773907470703123,1.4006079711914061,19.709923664122137,31.6793893129771,6.0,0.0
11.330000638961792,-8.250418920898436,2.6431986328124997,1.0941501586914062,21.083969465648856,-2.33587786259542,-0.10687022900763359,-9.334992272949219,-0.5722141967773438,1.4891934326171874,7.0534351145038165,33.74045801526717,5.694656488549619,0.0
11.340000867843628,-8.8872765625,3.6487633300781246,0.8116343627929687,-13.740458015267176,-7.7251908396946565,-3.66412213740458,-9.394847314453125,-0.7254431030273437,1.2018892333984375,-10.030534351145038,37.19083969465649,6.809160305343512,0.0
11.350000619888306,-7.958326318359375,1.7477672119140624,0.9720458740234375,-25.541984732824428,0.2900763358778626,3.312977099236641,-10.524910498046875,-3.342305517578125,1.4006079711914061,-13.618320610687023,36.18320610687023,9.557251908396946,0.0
11.360000610351562,-7.388506323242187,0.26815058593749996,0.4477157104492187,-33.267175572519086,4.213740458015267,1.9694656488549618,-10.268730920410155,-3.8953661010742184,0.5793968017578125,-3.5114503816793894,25.801526717557252,5.6183206106870225,0.0
11.37000060081482,-6.8210805297851556,-0.16280571289062498,0.42377369384765623,-31.46564885496183,13.312977099236642,0.2595419847328244,-9.91438907470703,-3.9360675292968748,0.5674257934570313,-2.122137404580153,23.541984732824428,1.3587786259541985,0.0
11.380000591278076,-6.3973068359375,0.39983167724609375,0.3184288208007812,-35.06870229007634,22.33587786259542,-2.213740458015267,-9.7683427734375,-2.4492682983398435,0.373495458984375,-1.618320610687023,18.549618320610687,-0.24427480916030533,0.0
11.390000820159912,-6.330269189453125,1.3335703247070312,0.6512228515624999,-45.80152671755725,30.48854961832061,-4.687022900763359,-9.682151513671874,-1.5514426757812498,0.2657563842773437,-6.213740458015267,16.564885496183205,0.5343511450381679,0.0
11.40000033378601,-6.512228515625,1.7381904052734374,0.8930372192382812,-60.99236641221374,36.33587786259542,-5.541984732824427,-9.926360083007811,-1.5969325073242187,0.3854664672851562,-7.648854961832061,16.045801526717558,1.7557251908396947,0.0
11.410001039505005,-5.197811804199218,-0.40222587890625,0.6775590698242188,-65.02290076335878,43.954198473282446,-2.595419847328244,-9.514557397460937,-1.4724340209960938,0.41419688720703124,-8.183206106870228,15.297709923664122,1.5725190839694656,0.0
11.420000553131104,-5.3007624755859375,0.5698199951171875,1.024718310546875,-64.27480916030534,53.11450381679389,-4.442748091603053,-9.667786303710937,-1.7453730102539062,0.584185205078125,-6.8396946564885495,15.374045801526718,2.1068702290076335,0.0
11.430000305175781,-4.180276098632812,-2.9281086303710935,0.8547299926757812,-61.52671755725191,61.80152671755725,-3.0076335877862594,-9.696516723632811,-1.8459294799804686,0.7829039428710937,-2.885496183206107,15.938931297709924,2.045801526717557,0.0
11.440000534057617,-3.835511059570312,-4.762067102050781,1.695094775390625,-30.763358778625953,82.0,-2.9923664122137406,-10.182539660644531,-3.746925598144531,1.6065093139648436,5.480916030534351,16.610687022900763,2.1526717557251906,0.0
11.450000762939453,-5.992686755371094,-3.1938650146484373,3.1507693847656246,-23.740458015267176,91.46564885496183,-12.13740458015267,-9.119514123535156,-1.5346832641601562,0.8020575561523438,17.129770992366414,8.610687022900763,-0.7175572519083969,0.0
11.46000051498413,-4.61602080078125,-5.853823059082031,4.450820886230469,7.603053435114504,107.17557251908397,-11.541984732824428,-9.327809667968749,-1.8411410766601561,0.6105214233398437,14.061068702290076,11.312977099236642,2.8091603053435112,0.0
11.470000743865967,-8.032546569824218,-2.480392919921875,5.070919116210937,15.312977099236642,111.61832061068702,-21.908396946564885,-10.256759912109374,-1.908178723144531,0.49320554199218747,17.435114503816795,9.86259541984733,5.435114503816794,0.0
11.480000495910645,-8.47786807861328,-0.9816226806640624,5.432443566894531,13.236641221374045,105.23664122137404,-26.977099236641223,-9.68454571533203,-1.6256629272460936,0.5913678100585937,16.946564885496183,8.458015267175572,4.824427480916031,0.0
11.490000247955322,-8.453926062011718,0.17238251953125,5.216965417480468,19.068702290076335,104.03053435114504,-24.82442748091603,-10.156203442382813,-2.4396914916992185,0.9193734375,16.65648854961832,9.297709923664122,5.877862595419847,0.0
11.500000476837158,-7.589619262695312,0.7829039428710937,4.759672900390624,28.061068702290076,102.42748091603053,-21.572519083969464,-9.239224206542968,-1.0366893188476562,0.4572925170898437,15.877862595419847,5.1603053435114505,4.99236641221374,0.0
11.510000705718994,-8.78432589111328,2.9951462768554684,5.360617517089843,35.12977099236641,105.2824427480916,-18.213740458015266,-10.496180078124999,-1.4867992309570313,-0.00718260498046875,10.030534351145038,5.908396946564886,6.412213740458015,0.0
11.520000696182251,-8.63827958984375,3.308786694335937,5.523423229980469,36.35114503816794,104.1526717557252,-11.893129770992367,-10.230423693847655,-1.5538368774414062,0.47165772705078124,4.534351145038168,10.488549618320612,8.473282442748092,0.0
11.530000686645508,-8.884882360839843,2.133233679199219,5.480327600097656,33.786259541984734,102.65648854961832,-6.900763358778626,-9.471461767578125,-1.6065093139648436,0.2609679809570312,1.0229007633587786,6.091603053435114,7.480916030534351,0.0
11.540000438690186,-8.86094034423828,1.7405846069335937,5.240907434082031,35.19083969465649,100.87022900763358,-4.351145038167939,-9.6917283203125,-1.39821376953125,0.2442085693359375,-3.3587786259541983,5.32824427480916,6.854961832061068,0.0
11.550000667572021,-9.938331091308592,1.7094599853515624,5.4013189453125,30.076335877862597,96.7175572519084,-3.5572519083969465,-9.60793126220703,-0.9792284790039062,0.24660277099609373,-9.908396946564885,4.854961832061068,5.923664122137405,0.0
11.560000896453857,-9.923965881347655,1.6017209106445311,5.705382556152343,28.671755725190838,90.3206106870229,1.251908396946565,-9.4618849609375,-1.0366893188476562,-0.02633621826171875,-17.66412213740458,5.129770992366412,5.267175572519084,0.0
11.570000648498535,-10.575188732910156,2.4301146850585935,4.841075756835937,23.786259541984734,85.54198473282443,6.442748091603053,-10.922347973632812,-1.5275006591796874,-0.055066638183593745,-27.236641221374047,10.595419847328245,6.519083969465649,0.0
11.580000877380371,-10.335768566894531,1.8818425048828125,4.994304663085937,12.305343511450381,80.44274809160305,7.938931297709924,-10.625466967773438,-1.5107412475585937,-0.5770026000976562,-29.6793893129771,10.076335877862595,6.702290076335878,0.0
11.590000629425049,-10.77630167236328,1.189918225097656,6.148309863281249,5.435114503816794,73.40458015267176,7.404580152671755,-8.264784130859374,-0.7326257080078125,-0.0383072265625,-30.38167938931298,11.114503816793894,6.412213740458015,0.0
11.600000381469727,-10.673351000976561,0.718260498046875,6.5577183471679685,5.893129770992366,64.68702290076335,8.351145038167939,-7.694964135742187,0.29927520751953124,-0.4333505004882812,-38.33587786259542,13.19083969465649,6.473282442748092,0.0
11.610000371932983,-12.140996618652343,0.41898529052734373,7.577648254394531,4.534351145038168,55.099236641221374,9.49618320610687,-10.177751257324218,-2.1811177124023438,-0.0143652099609375,-36.6412213740458,20.35114503816794,11.725190839694656,0.0
11.62000060081482,-15.497667346191406,3.2728736694335936,9.014169250488282,1.0229007633587786,44.79389312977099,14.351145038167939,-9.303867651367186,-3.418919970703125,-0.469263525390625,-24.366412213740457,17.633587786259543,11.740458015267176,0.0
11.630000591278076,-16.764200024414063,5.674257934570313,6.885723974609375,-8.900763358778626,32.44274809160305,30.47328244274809,-12.67250938720703,-7.082048510742187,1.484405029296875,-1.5572519083969465,24.763358778625953,17.419847328244273,0.0
11.640000343322754,-14.990096594238281,4.572925170898437,4.821922143554687,-24.702290076335878,23.206106870229007,40.656488549618324,-8.020575561523437,-3.35188232421875,-0.4070142822265625,14.045801526717558,6.748091603053435,11.19083969465649,0.0
11.65000057220459,-14.769830041503905,2.27927998046875,3.84987626953125,-42.74809160305343,9.98473282442748,42.0763358778626,-9.890447058105469,-2.2194249389648437,-0.7972691528320313,18.091603053435115,6.106870229007634,12.885496183206106,0.0
11.660000562667847,-13.079523669433593,-0.6967126831054687,3.8283284545898435,-42.25954198473283,6.366412213740458,37.786259541984734,-10.110713610839843,-1.4724340209960938,-0.5434837768554687,15.969465648854962,6.625954198473282,14.702290076335878,0.0
11.670000553131104,-10.496180078124999,-1.8291700683593748,3.066972326660156,-41.25190839694657,0.7938931297709924,23.64885496183206,-9.828197814941406,-0.4740519287109375,-0.3280056274414062,12.458015267175572,7.099236641221374,16.27480916030534,0.0
11.68000054359436,-8.389282617187499,-2.8754361938476563,1.8124106567382812,-36.58015267175573,-0.12213740458015267,13.114503816793894,-9.93354268798828,-0.086191259765625,-0.38307226562499996,8.793893129770993,7.969465648854962,16.99236641221374,0.0
11.690000295639038,-7.3286512817382805,-3.0310593017578125,1.6065093139648436,-28.12213740458015,3.66412213740458,6.748091603053435,-9.674968908691406,0.45968671875,-0.6607996582031249,2.564885496183206,7.8320610687022905,17.374045801526716,0.0
11.700000524520874,-6.83783994140625,-2.422932080078125,0.6488286499023437,-15.17557251908397,7.099236641221374,2.6106870229007635,-9.239224206542968,0.6727706665039062,-0.7589619262695312,-4.229007633587786,8.381679389312977,18.0,0.0
11.71000075340271,-6.449979272460937,-0.7733271362304687,0.3112462158203125,-5.251908396946565,11.419847328244275,1.0687022900763359,-9.502586389160156,0.6679822631835937,-0.8092401611328125,-10.290076335877863,8.778625954198473,17.862595419847327,0.0
11.720000505447388,-6.955155822753905,0.7350199096679687,0.3806780639648437,-1.3893129770992367,15.633587786259541,2.4885496183206106,-9.581595043945311,0.8858546142578124,-0.8020575561523438,-17.83206106870229,8.412213740458014,17.603053435114504,0.0
11.730000495910645,-7.656656909179687,1.9871873779296874,0.9409212524414062,1.8473282442748091,20.748091603053435,5.984732824427481,-9.557653027343749,0.9074024291992187,-0.5817910034179687,-25.022900763358777,8.244274809160306,17.923664122137403,0.0
11.740000486373901,-8.975862023925782,3.4428619873046875,0.9002198242187499,-3.2977099236641223,21.480916030534353,9.358778625954198,-10.16338604736328,0.11252747802734374,-0.1149216796875,-28.12213740458015,9.358778625954198,19.282442748091604,0.0
11.750000715255737,-8.94473740234375,3.4931402221679684,1.1540052001953125,-9.938931297709924,22.076335877862597,12.213740458015268,-9.315838659667968,0.36631285400390623,-0.09576806640624999,-28.778625954198475,6.061068702290076,19.51145038167939,0.0
11.760000705718994,-9.995791931152343,3.687070556640625,1.4030021728515625,-19.083969465648856,21.69465648854962,13.34351145038168,-10.843339318847656,-0.8283937744140625,0.09337386474609374,-21.267175572519083,4.931297709923665,21.450381679389313,0.0
11.770000457763672,-9.643844287109374,2.8658593872070313,1.4508862060546874,-25.206106870229007,20.702290076335878,13.923664122137405,-9.93354268798828,0.00718260498046875,-0.40940848388671874,-20.15267175572519,0.07633587786259542,19.709923664122137,0.0
11.780000686645508,-9.962273107910155,2.5953145996093747,1.4245499877929686,-29.83206106870229,20.366412213740457,14.427480916030534,-9.141061938476563,0.40222587890625,-0.06703764648437499,-29.603053435114504,3.5572519083969465,19.0381679389313,0.0
11.790000438690186,-10.89840595703125,3.4261025756835934,2.1164742675781247,-38.274809160305345,19.6793893129771,15.16030534351145,-10.165780249023436,-0.9169792358398436,0.19393033447265623,-25.51145038167939,6.106870229007634,22.076335877862597,0.0
11.8000009059906,-10.874463940429687,2.935291235351562,1.9009961181640624,-42.10687022900763,17.389312977099237,16.53435114503817,-10.098742602539062,-1.1085153686523437,0.14125789794921875,-20.870229007633586,5.251908396946565,22.427480916030536,0.0
11.810000658035278,-10.405200415039062,2.5234885498046875,1.7453730102539062,-42.36641221374046,16.198473282442748,19.34351145038168,-9.991003527832031,-1.216254443359375,-0.023942016601562498,-15.465648854961833,4.366412213740458,21.83206106870229,0.0
11.820000648498535,-11.212046374511718,3.574543078613281,2.1978771240234374,-49.43511450381679,14.65648854961832,19.358778625954198,-10.254365710449218,-1.209071838378906,-0.0909796630859375,-9.648854961832061,5.511450381679389,21.908396946564885,0.0
11.830000638961792,-9.016563452148437,1.2737152832031249,1.4437036010742186,-45.38931297709924,13.511450381679388,22.045801526717558,-9.775525378417969,-0.5746083984375,-0.14604630126953125,-5.923664122137405,5.175572519083969,21.480916030534353,0.0
11.840000867843628,-10.156203442382813,2.4444798950195312,2.0566192260742184,-48.74809160305343,12.946564885496183,19.572519083969464,-10.1131078125,-0.44532150878906246,-0.17238251953125,-2.9770992366412212,5.129770992366412,21.541984732824428,0.0
11.850000619888306,-9.303867651367186,1.2665326782226562,2.0757728393554684,-42.458015267175576,13.16030534351145,20.50381679389313,-10.149020837402343,-0.3447650390625,-0.0383072265625,-1.8931297709923665,5.938931297709924,21.053435114503817,0.0
11.860000610351562,-9.22485899658203,0.9026140258789062,1.924938134765625,-40.62595419847328,12.13740458015267,18.549618320610687,-10.395623608398436,-0.13168109130859373,0.00718260498046875,0.061068702290076333,5.511450381679389,20.38167938931298,0.0
11.87000036239624,-8.552088330078124,0.0383072265625,1.70467158203125,-32.56488549618321,13.236641221374045,17.557251908396946,-10.304643945312499,0.12689268798828124,0.1867477294921875,-0.3511450381679389,4.580152671755725,18.900763358778626,0.0
11.880000352859497,-8.655039001464843,-0.0143652099609375,1.8052280517578123,-24.68702290076336,13.17557251908397,15.358778625954198,-10.273519323730468,0.49799394531249996,0.17956512451171874,-1.3435114503816794,3.877862595419847,17.297709923664122,0.0
11.890000581741333,-9.117119921875,0.7302315063476562,1.7334020019531249,-17.282442748091604,12.763358778625955,13.969465648854962,-10.36210478515625,0.7996633544921875,0.181959326171875,-4.061068702290076,3.3740458015267176,16.061068702290076,0.0
11.90000057220459,-9.121908325195312,0.8379705810546875,1.9009961181640624,-10.702290076335878,14.198473282442748,12.290076335877863,-10.345345373535155,0.9744400756835937,0.43574470214843747,-7.450381679389313,2.50381679389313,16.16793893129771,0.0
11.910000562667847,-9.196128576660156,0.7948749511718749,2.0254946044921875,-5.175572519083969,13.435114503816793,10.396946564885496,-10.398017810058594,0.9361328491210937,0.7015010864257812,-12.030534351145038,0.5648854961832062,15.83206106870229,0.0
11.920000553131104,-9.504980590820312,0.8475473876953125,2.1356278808593747,0.5648854961832062,11.32824427480916,7.969465648854962,-10.524910498046875,0.8834604125976562,0.9744400756835937,-15.786259541984732,-1.5419847328244274,15.770992366412214,0.0
11.93000078201294,-9.41639512939453,1.1444283935546875,2.0254946044921875,7.221374045801527,10.259541984732824,5.908396946564886,-10.218452685546874,0.7110778930664062,0.9361328491210937,-19.022900763358777,-4.9465648854961835,16.27480916030534,0.0
11.940000534057617,-9.481038574218749,1.6543933471679686,1.9656395629882812,11.98473282442748,9.465648854961833,3.83206106870229,-10.307038146972655,0.6344634399414062,0.9026140258789062,-21.84732824427481,-8.229007633587786,16.580152671755727,0.0
11.950000762939453,-9.289502441406249,1.608903515625,1.8171990600585937,14.106870229007633,7.32824427480916,1.1603053435114503,-10.443507641601562,0.44532150878906246,0.8547299926757812,-23.908396946564885,-9.618320610687023,15.114503816793894,0.0
11.960000276565552,-9.41639512939453,1.6328455322265625,1.7190367919921874,15.129770992366412,5.282442748091603,-1.5419847328244274,-11.755530151367187,-0.8188169677734375,0.5195417602539062,-15.251908396946565,-10.213740458015268,16.244274809160306,0.0
11.970000982284546,-9.5384994140625,2.7198130859375,1.39821376953125,15.740458015267176,4.778625954198473,-3.099236641221374,-10.596736547851561,1.7525556152343749,-1.4006079711914061,-14.732824427480915,-15.938931297709924,10.030534351145038,0.0
11.980000495910645,-9.318232861328125,4.165910888671875,0.9457096557617187,16.85496183206107,5.938931297709924,-1.83206106870229,-10.024522351074218,1.3479355346679687,-0.8092401611328125,-28.38167938931298,-9.893129770992367,8.106870229007633,0.0
11.990000486373901,-10.16338604736328,5.786785412597656,0.6464344482421874,3.6793893129770994,3.9083969465648853,-0.33587786259541985,-11.21683477783203,-0.12449848632812499,-0.6464344482421874,-24.3206106870229,-5.572519083969466,8.442748091603054,0.0
12.000000476837158,-10.182539660644531,6.5026517089843745,1.0726023437499999,-13.648854961832061,3.099236641221374,1.1450381679389312,-10.896011755371093,-0.8259995727539062,-0.3902548706054687,-19.374045801526716,-5.236641221374046,6.366412213740458,0.0
12.010000705718994,-9.957484704589843,4.707000463867187,0.8882488159179687,-19.358778625954198,2.2290076335877864,5.022900763358779,-10.78348427734375,-1.0773907470703123,0.18435352783203124,-13.389312977099237,-7.0534351145038165,3.618320610687023,0.0
12.020000457763672,-9.196128576660156,3.1771056030273437,1.0989385620117187,-21.938931297709924,2.519083969465649,6.488549618320611,-10.596736547851561,-0.59376201171875,0.8786720092773437,-6.931297709923665,-8.870229007633588,1.4961832061068703,0.0
12.030000686645508,-8.698134631347656,1.7381904052734374,0.9002198242187499,-20.396946564885496,2.3053435114503817,8.534351145038167,-10.340556970214843,-0.39264907226562495,1.43652099609375,-4.0458015267175576,-10.366412213740459,-0.3969465648854962,0.0
12.040000915527344,-8.772354882812499,0.8930372192382812,0.6177040283203125,-19.114503816793892,3.2213740458015265,7.099236641221374,-9.911994873046874,-0.0143652099609375,1.407790576171875,-3.6030534351145036,-12.977099236641221,-2.6106870229007635,0.0
12.050000667572021,-9.445125549316407,1.0103531005859374,0.7230489013671875,-23.908396946564885,0.15267175572519084,4.137404580152672,-10.165780249023436,-0.1005564697265625,1.7166425903320313,-2.3053435114503817,-14.366412213740459,-4.137404580152672,0.0
12.060000896453857,-10.649408984374999,2.042254016113281,1.3335703247070312,-21.404580152671755,3.66412213740458,0.2595419847328244,-9.947907897949218,-0.055066638183593745,1.879448303222656,-2.9618320610687023,-15.770992366412214,-6.0458015267175576,0.0
12.070000648498535,-9.05965908203125,-0.32561142578124996,0.97683427734375,-9.053435114503817,4.9465648854961835,-0.33587786259541985,-10.70686982421875,-1.7645266235351562,2.7198130859375,4.473282442748092,-16.977099236641223,-5.648854961832061,0.0
12.08000111579895,-9.708487731933593,0.7398083129882812,1.5825672973632812,-0.183206106870229,9.893129770992367,-4.809160305343512,-9.435548742675781,-0.32082302246093747,1.35990654296875,8.076335877862595,-27.541984732824428,-11.297709923664122,0.0
12.090000629425049,-9.91438907470703,1.1444283935546875,1.467645617675781,-0.6412213740458015,6.8396946564885495,-7.770992366412214,-10.046070166015625,-1.7908628417968748,1.9656395629882812,13.374045801526718,-29.587786259541986,-11.679389312977099,0.0
12.100000619888306,-9.574412438964844,0.699106884765625,1.2018892333984375,2.7938931297709924,6.030534351145038,-8.122137404580153,-9.9981861328125,-1.5729904907226562,2.0733786376953125,25.557251908396946,-37.45038167938932,-13.251908396946565,0.0
12.110000848770142,-9.406818322753905,0.8116343627929687,1.3646949462890625,9.465648854961833,7.343511450381679,-9.450381679389313,-8.494627490234375,1.4508862060546874,1.0127473022460938,22.763358778625953,-44.19847328244275,-18.38167938931298,0.0
12.120000839233398,-9.10993731689453,1.6017209106445311,1.5682020874023437,10.977099236641221,8.335877862595419,-10.061068702290076,-7.922413293457031,1.9656395629882812,0.9744400756835937,3.099236641221374,-41.12977099236641,-17.64885496183206,0.0
12.130000591278076,-9.380482104492186,2.370259643554687,2.1068974609374997,7.358778625954199,7.083969465648855,-10.977099236641221,-9.009380847167968,0.4860229370117187,1.5777788940429687,-4.198473282442748,-38.38167938931298,-12.80916030534351,0.0
12.140000581741333,-9.588777648925781,2.2074539306640624,2.3367408203125,7.114503816793893,4.870229007633588,-10.274809160305344,-8.777143286132812,-0.20829554443359374,0.9816226806640624,-0.8244274809160306,-42.732824427480914,-14.13740458015267,0.0
12.15000033378601,-9.5001921875,1.5442600708007812,2.370259643554687,9.587786259541986,2.33587786259542,-7.9541984732824424,-8.67658681640625,0.12210428466796874,1.3718775512695311,-2.122137404580153,-42.50381679389313,-16.85496183206107,0.0
12.160000562667847,-9.244012609863281,1.3048399047851562,2.379836450195312,12.106870229007633,0.8702290076335878,-6.656488549618321,-8.087613208007811,1.0749965454101562,1.0989385620117187,-11.877862595419847,-42.656488549618324,-19.328244274809162,0.0
12.170000314712524,-9.112331518554686,1.68551796875,2.528276953125,12.961832061068701,-0.8244274809160306,-6.442748091603053,-7.917624890136718,0.6847416748046875,0.5195417602539062,-23.938931297709924,-38.18320610687023,-18.076335877862597,0.0
12.18000054359436,-9.081206896972656,1.675941162109375,2.8945898071289062,12.564885496183207,-2.9160305343511452,-7.404580152671755,-10.12507882080078,-0.0526724365234375,0.488417138671875,-18.38167938931298,-33.69465648854962,-15.83206106870229,0.0
12.190000295639038,-9.533711010742186,1.5945383056640625,3.4668040039062498,13.908396946564885,-7.145038167938932,-7.923664122137405,-9.622296472167967,-1.3287819213867187,1.1635820068359375,-11.664122137404581,-35.06870229007634,-16.366412213740457,0.0
12.200000524520874,-9.447519750976562,0.9983820922851562,3.778050219726562,19.64885496183206,-9.709923664122137,-6.748091603053435,-10.611101757812499,-4.572925170898437,3.411737365722656,-2.3053435114503817,-34.18320610687023,-15.32824427480916,0.0
12.21000051498413,-9.430760339355468,2.683900061035156,4.429273071289062,22.396946564885496,-14.01526717557252,-8.641221374045802,-8.078036401367187,-0.5099649536132812,0.9600748657226562,10.580152671755725,-46.732824427480914,-22.38167938931298,0.0
12.220000267028809,-11.398794104003905,5.1140147460937495,5.45877978515625,8.122137404580153,-23.099236641221374,-10.82442748091603,-7.934384301757812,0.25139117431640623,1.3239935180664062,-2.427480916030534,-39.55725190839695,-24.595419847328245,0.0
12.230000495910645,-10.462661254882812,4.417302062988281,5.832275244140624,-10.900763358778626,-38.87022900763359,-9.465648854961833,-8.947131604003905,0.603338818359375,0.8283937744140625,-6.6106870229007635,-36.961832061068705,-23.282442748091604,0.0
12.240000486373901,-9.423577734375,1.9895815795898437,5.849034655761718,-17.374045801526716,-50.76335877862596,-9.755725190839694,-10.206481677246094,-0.9313444458007812,0.8762778076171874,-9.206106870229007,-30.717557251908396,-21.022900763358777,0.0
12.250000476837158,-8.853757739257812,-0.1005564697265625,5.6191912963867185,-11.19083969465649,-58.68702290076336,-11.16030534351145,-9.94072529296875,-2.4660277099609376,1.6927005737304686,9.236641221374045,-36.732824427480914,-21.374045801526716,0.0
12.260000467300415,-8.619125976562499,-1.3215993164062498,4.508281726074219,6.793893129770993,-63.725190839694655,-12.687022900763358,-9.062053283691405,-1.8315642700195311,1.675941162109375,23.51145038167939,-41.64885496183206,-25.938931297709924,0.0
12.270000696182251,-8.068459594726562,-1.2904746948242187,3.1411925781249996,22.564885496183205,-67.00763358778626,-14.549618320610687,-7.620743884277343,-0.09576806640624999,1.1875240234375,21.0381679389313,-42.732824427480914,-30.137404580152673,0.0
12.280000686645508,-7.074865905761718,0.19632453613281248,1.944091748046875,28.412213740458014,-67.8473282442748,-16.793893129770993,-7.098807922363281,0.277727392578125,0.9720458740234375,12.732824427480915,-37.51145038167939,-30.442748091603054,0.0
12.290000677108765,-6.782773303222656,1.438915197753906,0.6751648681640625,29.87786259541985,-67.6793893129771,-16.82442748091603,-8.549694128417968,-1.16837041015625,1.2761094848632812,18.106870229007633,-32.54961832061068,-28.442748091603054,0.0
12.3000009059906,-7.0102224609374995,2.463633508300781,0.7015010864257812,38.50381679389313,-60.99236641221374,-17.374045801526716,-8.98304462890625,-1.714248388671875,1.2401964599609374,37.343511450381676,-36.33587786259542,-27.51145038167939,0.0
12.310000658035278,-6.9719152343749995,3.4069489624023435,0.4908113403320312,47.31297709923664,-57.87786259541985,-13.450381679389313,-7.206546997070312,-0.18435352783203124,0.7972691528320313,44.94656488549618,-41.343511450381676,-29.923664122137403,0.0
12.320000886917114,-7.0269818725585935,4.158728283691406,0.36152445068359373,53.954198473282446,-48.44274809160305,-4.793893129770993,-6.89530078125,0.1292868896484375,0.28490999755859375,33.80152671755725,-37.083969465648856,-29.251908396946565,0.0
12.330000400543213,-8.190563879394531,6.694187841796874,0.5458779785156249,47.48091603053435,-40.83969465648855,4.396946564885496,-8.288726147460936,-1.2210428466796874,1.2401964599609374,31.923664122137403,-32.62595419847328,-25.755725190839694,0.0
12.340000629425049,-8.221688500976562,6.045359191894531,1.1252747802734375,31.480916030534353,-34.47328244274809,11.038167938931299,-8.913612780761719,-0.8259995727539062,1.1635820068359375,42.38167938931298,-34.961832061068705,-25.83206106870229,0.0
12.350000381469727,-7.953537915039062,4.678270043945313,1.6232687255859375,30.702290076335878,-26.53435114503817,16.977099236641223,-8.238447912597655,-0.3136404174804687,1.13006318359375,41.465648854961835,-34.35114503816794,-27.64885496183206,0.0
12.360000371932983,-9.756371765136718,7.055712292480468,3.421314172363281,15.633587786259541,-22.65648854961832,18.595419847328245,-9.334992272949219,0.18914193115234373,1.0917559570312498,32.51908396946565,-28.091603053435115,-26.0,0.0
12.37000036239624,-8.267178332519531,4.639962817382812,3.3542765258789062,7.7251908396946565,-21.435114503816795,25.908396946564885,-8.355763793945313,1.6543933471679686,1.2401964599609374,13.145038167938932,-22.702290076335878,-24.99236641221374,0.0
12.380000352859497,-8.99501563720703,3.8762124877929685,3.23696064453125,-10.473282442748092,-20.977099236641223,23.46564885496183,-10.83376251220703,0.181959326171875,1.5035586425781249,11.572519083969466,-22.091603053435115,-20.671755725190838,0.0
12.390000581741333,-9.33978067626953,1.5921441040039062,3.7014357666015623,-19.083969465648856,-21.908396946564885,18.717557251908396,-10.347739575195313,0.9026140258789062,1.8531120849609375,8.580152671755725,-19.755725190839694,-22.519083969465647,0.0
12.40000057220459,-7.869740856933594,-1.5011644409179687,3.6942531616210936,-9.938931297709924,-20.885496183206108,14.961832061068701,-9.41639512939453,1.6543933471679686,1.7381904052734374,-0.5343511450381679,-20.427480916030536,-23.34351145038168,0.0
12.410000562667847,-7.821856823730468,-1.4317325927734375,3.6272155151367187,0.13740458015267176,-18.18320610687023,8.732824427480915,-10.1131078125,1.1947066284179686,1.675941162109375,-9.740458015267176,-19.404580152671755,-22.870229007633586,0.0
12.420000553131104,-7.625532287597656,-1.0702081420898437,2.578555187988281,9.969465648854962,-15.725190839694656,0.7480916030534351,-9.6151138671875,1.1947066284179686,2.0566192260742184,-20.198473282442748,-17.19083969465649,-22.625954198473284,0.0
12.43000078201294,-7.5537062377929685,-0.6272808349609375,2.6001030029296874,14.045801526717558,-13.633587786259541,-5.038167938931298,-8.796296899414061,1.24498486328125,2.2194249389648437,-26.15267175572519,-17.022900763358777,-21.374045801526716,0.0
12.440000534057617,-8.008604553222655,1.4963760375976562,2.530671154785156,16.045801526717558,-10.549618320610687,-9.312977099236642,-8.262389929199218,0.86191259765625,1.944091748046875,-31.954198473282442,-15.908396946564885,-19.068702290076335,0.0
12.450000762939453,-9.02135185546875,4.1563340820312495,2.6001030029296874,8.488549618320612,-8.122137404580153,-9.374045801526718,-7.682993127441406,0.11013327636718749,1.8531120849609375,-34.67175572519084,-12.442748091603054,-16.229007633587788,0.0
12.46000051498413,-9.203311181640624,4.75009609375,2.7629087158203123,-8.244274809160306,-6.595419847328245,-7.755725190839694,-6.713341455078124,-0.4740519287109375,1.5107412475585937,-32.76335877862596,-8.50381679389313,-14.427480916030534,0.0
12.470000982284546,-10.16338604736328,4.936843823242187,3.5122938354492184,-26.045801526717558,-5.6183206106870225,-7.083969465648855,-7.697358337402343,-1.8938135131835936,1.0414777221679687,-21.923664122137403,-2.33587786259542,-12.045801526717558,0.0
12.480000495910645,-9.114725720214842,1.599326708984375,3.438073583984375,-30.53435114503817,-5.068702290076335,-3.801526717557252,-8.334215979003906,-1.9967641845703124,1.218648645019531,-12.473282442748092,3.7557251908396947,-12.763358778625955,0.0
12.49000072479248,-7.625532287597656,0.023942016601562498,3.0526071166992184,-22.610687022900763,1.282442748091603,-4.458015267175573,-8.889670764160156,-0.5578489868164063,1.6232687255859375,-8.992366412213741,9.48091603053435,-14.50381679389313,0.0
12.500000476837158,-8.95670841064453,0.9935936889648437,2.760514514160156,-16.412213740458014,5.297709923664122,-7.572519083969466,-8.942343200683593,-1.5514426757812498,2.9664158569335934,-8.01526717557252,19.0381679389313,-7.450381679389313,0.0
12.510000944137573,-8.360552197265624,0.8810662109374999,3.2537200561523436,-11.618320610687023,8.793893129770993,-9.541984732824428,-8.741230261230468,-0.296881005859375,1.9704279663085937,-0.5648854961832062,17.938931297709924,-0.15267175572519084,0.0
12.520000696182251,-8.10197841796875,1.0223241088867188,3.6272155151367187,-5.343511450381679,11.694656488549619,-12.15267175572519,-9.246406811523437,1.8435352783203125,1.2880804931640624,-5.038167938931298,23.923664122137403,1.9541984732824427,0.0
12.530000686645508,-9.006986645507812,1.7549498168945312,4.211400720214844,-4.625954198473282,11.297709923664122,-15.801526717557252,-9.926360083007811,3.306392492675781,2.138022082519531,-25.87786259541985,33.29770992366412,-0.0,0.0
12.540001153945923,-8.418013037109375,1.668758557128906,4.122815258789062,-1.9236641221374047,9.206106870229007,-17.908396946564885,-12.878410729980468,-1.4867992309570313,4.185064501953125,-43.98473282442748,41.64885496183206,4.6106870229007635,0.0
12.550000667572021,-9.303867651367186,2.422932080078125,4.458003491210937,-1.8473282442748091,7.297709923664122,-21.34351145038168,-14.990096594238281,-5.190629199218749,5.082890124511718,-29.755725190839694,30.65648854961832,2.8702290076335877,0.0
12.560000896453857,-9.610325463867188,2.1811177124023438,4.651933825683593,-2.183206106870229,3.1908396946564888,-22.900763358778626,-14.915876342773437,-3.2130186279296873,4.510675927734375,-20.68702290076336,22.732824427480917,-6.519083969465649,0.0
12.570000648498535,-10.141838232421874,2.085349645996094,4.853046765136718,-2.3206106870229006,-1.4045801526717556,-25.19083969465649,-15.86398020019531,-5.643133312988281,3.938461730957031,-18.549618320610687,18.12213740458015,-13.17557251908397,0.0
12.580000877380371,-11.314997045898437,1.848323681640625,5.209782812499999,-6.732824427480916,-9.34351145038168,-28.290076335877863,-17.681179260253906,-6.983886242675781,3.392583752441406,7.587786259541985,9.740458015267176,-16.33587786259542,0.0
12.59000039100647,-12.828132495117186,1.180341418457031,6.969521032714844,-0.9618320610687023,-13.954198473282442,-28.412213740458014,-12.394781994628906,-1.0630255371093749,1.5442600708007812,22.18320610687023,-1.9389312977099236,-20.229007633587788,0.0
12.600000858306885,-14.46097802734375,2.454056701660156,8.283937744140625,8.50381679389313,-22.35114503816794,-23.419847328244273,-10.062829577636718,0.6775590698242188,0.5865794067382812,10.183206106870228,4.9465648854961835,-15.923664122137405,0.0
12.610000848770142,-15.397110876464843,2.1906945190429687,8.916006982421875,8.458015267175572,-38.900763358778626,-16.83969465648855,-8.884882360839843,1.9871873779296874,-0.6679822631835937,3.0381679389312977,2.900763358778626,-8.229007633587786,0.0
12.62000060081482,-14.618995336914061,-3.39018955078125,5.913678100585937,27.786259541984734,-56.76335877862596,-7.236641221374046,-5.367800122070312,4.240131140136718,-0.9361328491210937,-15.954198473282442,10.030534351145038,-4.977099236641221,0.0
12.630000591278076,-13.374010473632811,-2.43250888671875,7.682993127441406,56.274809160305345,-52.29007633587786,-7.572519083969466,-6.045359191894531,2.5737667846679684,-1.149216796875,-38.213740458015266,25.96946564885496,0.8549618320610687,0.0
12.640000343322754,-13.409923498535155,1.3263877197265623,8.157045056152343,40.2442748091603,-70.8854961832061,-12.687022900763358,-7.000645654296875,0.05985504150390625,-1.1276689819335937,-48.06106870229008,37.69465648854962,1.1755725190839694,0.0
12.65000057220459,-14.51125626220703,1.6136919189453125,7.52737001953125,22.625954198473284,-86.12213740458016,-12.274809160305344,-10.31661495361328,-5.336675500488281,-0.3016694091796875,-44.045801526717554,49.14503816793893,7.236641221374046,0.0
12.660000562667847,-11.935095275878906,-1.1707646118164061,5.1882349975585935,18.870229007633586,-98.79389312977099,-9.17557251908397,-10.378864196777343,-5.430049365234375,-0.7757213378906249,-13.099236641221374,43.57251908396947,5.083969465648855,0.0
12.670000553131104,-10.137049829101562,-2.6886884643554687,3.248931652832031,28.610687022900763,-103.20610687022901,-12.259541984732824,-10.09395419921875,-5.228936425781249,-0.7876923461914062,4.106870229007634,48.76335877862596,4.412213740458015,0.0
12.68000054359436,-9.991003527832031,-2.7940333374023436,2.157175695800781,29.17557251908397,-104.27480916030534,-16.83969465648855,-11.643002673339844,-5.832275244140624,-0.5889736083984375,27.938931297709924,43.93893129770992,6.213740458015267,0.0
12.690000295639038,-8.856151940917968,-3.0238766967773434,0.7445967163085937,35.98473282442748,-101.05343511450381,-21.572519083969464,-9.435548742675781,-3.294421484375,-0.612915625,44.83969465648855,37.61832061068702,2.4885496183206106,0.0
12.700000524520874,-7.730877160644531,-1.4915876342773438,-0.3687070556640625,43.11450381679389,-92.74809160305344,-25.282442748091604,-8.815450512695312,-1.3431471313476562,-1.158793603515625,38.152671755725194,36.87022900763359,0.04580152671755725,0.0
12.71000075340271,-7.666233715820312,0.8499415893554687,-1.0295067138671874,33.908396946564885,-83.0381679389313,-28.68702290076336,-9.603142858886718,-0.2561795776367187,-0.6512228515624999,23.022900763358777,39.57251908396947,2.33587786259542,0.0
12.720000267028809,-7.714117749023437,1.3096283081054687,-1.0486603271484374,22.549618320610687,-71.89312977099236,-27.96946564885496,-10.13226142578125,-2.0302830078125,0.354341845703125,10.091603053435115,39.29770992366412,5.083969465648855,0.0
12.730000495910645,-8.061276989746093,0.9217676391601562,-0.4836287353515625,16.9618320610687,-60.274809160305345,-25.0381679389313,-11.915941662597655,-3.3327287109375,0.21787235107421873,12.488549618320612,37.541984732824424,5.709923664122138,0.0
12.740000486373901,-7.807491613769531,-0.20350714111328125,-0.4165910888671875,25.66412213740458,-44.83969465648855,-19.84732824427481,-11.602301245117188,-4.975151049804687,0.5027823486328125,18.229007633587788,31.587786259541986,5.083969465648855,0.0
12.750000476837158,-7.673416320800781,-0.4261678955078125,-0.316034619140625,33.16030534351145,-28.076335877862597,-16.99236641221374,-9.68454571533203,-2.901772412109375,-0.047884033203124995,22.519083969465647,25.358778625954198,1.1908396946564885,0.0
12.760000467300415,-9.313444458007812,0.7948749511718749,-0.16041151123046873,30.47328244274809,-16.137404580152673,-18.045801526717558,-9.72285294189453,-2.798821740722656,-0.05027823486328125,18.610687022900763,25.740458015267176,2.045801526717557,0.0
12.770000457763672,-8.295908752441406,1.467645617675781,-0.36631285400390623,25.267175572519083,-3.6030534351145036,-15.297709923664122,-9.253589416503905,-2.5139117431640625,0.12210428466796874,17.755725190839694,23.129770992366414,3.282442748091603,0.0
12.780000686645508,-8.640673791503906,3.6008792968749996,-0.12210428466796874,6.809160305343512,3.5572519083969465,-15.770992366412214,-9.193734375,-2.379836450195312,0.16998831787109375,17.541984732824428,22.870229007633586,2.931297709923664,0.0
12.790000438690186,-8.52335791015625,4.13718046875,0.16759411621093748,-18.50381679389313,6.854961832061068,-13.007633587786259,-8.997409838867187,-1.254561669921875,-0.19393033447265623,14.305343511450381,22.625954198473284,1.9389312977099236,0.0
12.8000009059906,-7.644685900878906,3.9312791259765625,0.46208092041015625,-40.534351145038165,11.877862595419847,-8.717557251908397,-9.579200842285156,-1.8124106567382812,0.24181436767578124,5.175572519083969,29.480916030534353,3.312977099236641,0.0
12.810000658035278,-7.034164477539062,2.27927998046875,0.3711012573242187,-55.603053435114504,15.32824427480916,-3.984732824427481,-10.742782849121093,-2.123656872558594,0.6464344482421874,4.198473282442748,31.46564885496183,2.9770992366412212,0.0
12.820000886917114,-7.292738256835937,2.157175695800781,1.0223241088867188,-63.19083969465649,21.557251908396946,-4.213740458015267,-10.43871923828125,-1.8004396484374998,0.7852981445312499,0.6412213740458015,31.87786259541985,3.786259541984733,0.0
12.830000638961792,-6.945579016113281,0.8475473876953125,0.8690952026367187,-70.80916030534351,23.389312977099237,-3.6793893129770994,-9.9981861328125,-0.9959878906249999,0.6440402465820312,-0.7938931297709924,26.045801526717558,3.5114503816793894,0.0
12.840001106262207,-6.191405493164062,-0.0526724365234375,0.7900865478515624,-68.18320610687023,30.106870229007633,-0.732824427480916,-8.616731774902343,0.27293898925781246,0.4644751220703125,-7.9541984732824424,22.03053435114504,4.152671755725191,0.0
12.850000619888306,-5.303156677246093,-1.8411410766601561,0.07900865478515624,-61.14503816793893,36.0,1.2213740458015268,-9.648632690429688,-0.062249243164062495,0.699106884765625,-14.091603053435115,24.076335877862597,7.206106870229007,0.0
12.860000610351562,-3.8953661010742184,-2.703053674316406,-0.3806780639648437,-43.86259541984733,47.587786259541986,1.5572519083969465,-10.601524951171875,-0.3232172241210937,0.28012159423828126,-20.53435114503817,26.977099236641223,8.51908396946565,0.0
12.87000060081482,-5.394136340332031,-2.080561242675781,0.28969840087890625,-41.6793893129771,57.87786259541985,-4.320610687022901,-10.702081420898438,-1.5634136840820312,-0.5578489868164063,-17.541984732824428,22.625954198473284,9.145038167938932,0.0
12.880000591278076,-5.0948611328124995,-3.246537451171875,0.7278373046875,-32.79389312977099,67.08396946564885,-7.236641221374046,-11.003750830078124,-3.641580725097656,-0.22026655273437498,-8.351145038167939,21.374045801526716,9.755725190839694,0.0
12.890000581741333,-6.6271501953125,-2.920926025390625,1.467645617675781,-20.412213740458014,75.41984732824427,-10.366412213740459,-9.737218151855469,-2.5665841796874997,-0.603338818359375,2.595419847328244,15.145038167938932,5.816793893129771,0.0
12.900000810623169,-8.269572534179687,-1.388636962890625,2.920926025390625,-10.595419847328245,82.03053435114504,-13.419847328244275,-9.883264453125,-2.1811177124023438,-0.82360537109375,5.312977099236641,14.778625954198473,5.526717557251908,0.0
12.910000562667847,-9.045293872070312,0.5099649536132812,4.4819455078125,-11.557251908396946,81.57251908396947,-14.427480916030534,-9.521740002441407,-1.4532804077148436,-0.469263525390625,7.816793893129771,14.0,6.473282442748092,0.0
12.920000791549683,-9.97903251953125,1.2401964599609374,5.882553479003906,-14.427480916030534,76.3969465648855,-11.83206106870229,-9.540893615722656,-1.2737152832031249,-0.40940848388671874,8.534351145038167,13.877862595419847,7.068702290076335,0.0
12.93000078201294,-10.053252770996092,0.3591302490234375,6.4643444824218745,-10.091603053435115,70.7175572519084,-6.534351145038168,-9.6151138671875,-1.3192051147460937,-0.0718260498046875,7.511450381679389,13.618320610687023,6.534351145038168,0.0
12.940000295639038,-10.134655627441406,-0.2753331909179687,7.055712292480468,-3.648854961832061,65.06870229007633,-4.183206106870229,-10.105925207519531,-1.429338391113281,0.0,5.938931297709924,13.98473282442748,7.099236641221374,0.0
12.950000762939453,-10.608707556152343,-0.086191259765625,7.668627917480468,1.7099236641221374,58.06106870229008,-3.053435114503817,-10.244788903808594,-1.697488977050781,-0.3591302490234375,3.633587786259542,13.389312977099237,7.66412213740458,0.0
12.96000051498413,-10.620678564453124,0.40940848388671874,6.866570361328125,12.51908396946565,51.83206106870229,0.916030534351145,-10.556035119628906,-1.8459294799804686,-0.47644613037109373,2.6259541984732824,12.427480916030534,9.099236641221374,0.0
12.970000743865967,-10.694898815917968,0.70868369140625,6.758831286621094,23.572519083969464,48.88549618320611,4.030534351145038,-10.386046801757812,-1.7166425903320313,-0.6488286499023437,1.5267175572519085,11.526717557251908,10.15267175572519,0.0
12.980000734329224,-12.27746611328125,1.3958195678710936,8.513781103515624,29.297709923664122,43.66412213740458,6.396946564885496,-10.046070166015625,-1.8698714965820311,-0.8164227661132812,-0.8244274809160306,11.404580152671755,11.221374045801527,0.0
12.990000486373901,-14.640543151855468,2.2385785522460937,9.370905297851563,36.58015267175573,35.48091603053435,14.381679389312977,-9.967061511230469,-2.47081611328125,-1.1013327636718748,-2.8091603053435112,11.709923664122137,11.618320610687023,0.0
13.000000476837158,-13.338097448730467,2.6599580444335937,6.756437084960937,35.43511450381679,21.6793893129771,23.49618320610687,-10.254365710449218,-2.7437551025390623,-1.2042834350585936,-2.900763358778626,11.465648854961833,11.572519083969466,0.0
13.010000705718994,-14.724340209960937,5.046977099609375,6.449979272460937,19.69465648854962,13.603053435114504,26.27480916030534,-9.91438907470703,-2.4516625,-1.0917559570312498,-2.3206106870229006,10.305343511450381,11.404580152671755,0.0
13.020000696182251,-12.138602416992187,0.8283937744140625,4.896142395019531,12.412213740458014,3.2519083969465647,31.603053435114504,-9.519345800781249,-1.7022773803710936,-0.8547299926757812,-3.236641221374046,10.091603053435115,11.725190839694656,0.0
13.030000686645508,-11.295843432617186,-0.06464344482421874,5.250484240722656,24.778625954198475,6.061068702290076,32.80916030534351,-9.485826977539062,-1.2210428466796874,-0.3854664672851562,-6.641221374045801,11.17557251908397,12.229007633587786,0.0
13.040000915527344,-10.290278735351562,0.9074024291992187,4.726154077148437,23.16030534351145,2.8702290076335877,28.366412213740457,-9.526528405761718,-0.6943184814453125,0.12449848632812499,-9.251908396946565,11.969465648854962,13.053435114503817,0.0
13.050000667572021,-9.852139831542969,3.864241479492187,4.328716601562499,-2.3053435114503817,-2.7786259541984735,22.977099236641223,-9.313444458007812,-0.0526724365234375,-0.00718260498046875,-14.961832061068701,12.625954198473282,13.893129770992367,0.0
13.060001134872437,-8.212111694335936,4.61602080078125,2.942473840332031,-30.763358778625953,-13.511450381679388,22.702290076335878,-8.839392529296875,-0.21068974609375,0.028730419921875,-17.770992366412212,11.816793893129772,14.244274809160306,0.0
13.070000648498535,-6.48589229736328,2.8898014038085935,2.27927998046875,-55.20610687022901,-15.98473282442748,24.366412213740457,-10.773907470703124,-0.9983820922851562,-0.12449848632812499,-20.137404580152673,16.015267175572518,16.076335877862597,0.0
13.080000877380371,-5.7149593627929685,-0.5578489868164063,2.741360900878906,-67.69465648854961,-9.83206106870229,26.793893129770993,-9.770736975097655,-0.2442085693359375,-0.28012159423828126,-18.885496183206108,12.610687022900763,15.083969465648854,0.0
13.090000629425049,-4.580107775878906,-2.288856787109375,2.7844565307617186,-59.12977099236641,0.32061068702290074,28.83969465648855,-10.129867224121092,-1.5514426757812498,0.08140285644531249,-25.46564885496183,17.389312977099237,18.076335877862597,0.0
13.100000381469727,-7.71890615234375,-0.93852705078125,2.916137622070312,-57.49618320610687,7.984732824427481,25.221374045801525,-10.031704956054687,-1.3575123413085937,-0.13407529296874998,-18.27480916030534,10.992366412213741,18.732824427480917,0.0
13.110000610351562,-7.958326318359375,-0.3854664672851562,2.5067291381835934,-51.083969465648856,13.358778625954198,22.396946564885496,-9.255983618164063,-0.430956298828125,-0.6751648681640625,-21.114503816793892,9.572519083969466,17.251908396946565,0.0
13.12000036239624,-6.842628344726562,-1.6639701538085936,1.1755530151367186,-44.56488549618321,16.946564885496183,21.34351145038168,-9.773131176757811,-0.8475473876953125,-0.33039982910156246,-31.96946564885496,14.213740458015268,18.763358778625953,0.0
13.130000591278076,-9.062053283691405,0.8978256225585937,1.675941162109375,-48.06106870229008,22.38167938931298,17.358778625954198,-9.162609753417968,-0.9888052856445312,0.05027823486328125,-36.534351145038165,12.763358778625955,19.603053435114504,0.0
13.140000581741333,-9.746794958496093,0.3902548706054687,1.369483349609375,-49.267175572519086,22.061068702290076,18.442748091603054,-10.271125122070313,-2.2457611572265623,0.16998831787109375,-28.519083969465647,10.580152671755725,21.221374045801525,0.0
13.15000057220459,-8.645462194824217,-2.023100402832031,0.8762778076171874,-27.404580152671755,27.87786259541985,25.099236641221374,-9.215282189941405,-1.6735469604492186,0.14604630126953125,-28.33587786259542,7.6183206106870225,19.72519083969466,0.0
13.160000562667847,-9.023746057128905,-1.1851298217773436,2.013523596191406,-4.442748091603053,37.69465648854962,25.49618320610687,-9.840168823242188,-2.133233679199219,0.5458779785156249,-27.587786259541986,8.549618320610687,20.595419847328245,0.0
13.170000553131104,-10.627861169433594,0.06943184814453125,2.806004345703125,9.236641221374045,41.12977099236641,23.755725190839694,-9.97903251953125,-2.0446482177734375,0.8092401611328125,-25.786259541984734,8.763358778625955,20.763358778625953,0.0
13.18000054359436,-11.049240661621093,1.697488977050781,3.258508459472656,8.580152671755725,39.69465648854962,22.48854961832061,-10.216058483886718,-2.27927998046875,0.9600748657226562,-22.625954198473284,7.526717557251908,21.31297709923664,0.0
13.190001010894775,-11.97100830078125,2.73896669921875,3.246537451171875,-2.2900763358778624,34.29007633587786,21.83206106870229,-10.36210478515625,-2.0877438476562498,0.9193734375,-20.091603053435115,4.366412213740458,21.46564885496183,0.0
13.200000286102295,-9.100360510253905,1.4820108276367188,2.123656872558594,-8.900763358778626,27.81679389312977,24.137404580152673,-10.050858569335936,-1.8938135131835936,0.9792284790039062,-18.99236641221374,2.5343511450381677,21.19083969465649,0.0
13.21000075340271,-8.267178332519531,0.316034619140625,1.3479355346679687,-11.938931297709924,28.48854961832061,24.65648854961832,-9.923965881347655,-1.4101847778320311,1.0582371337890624,-18.671755725190838,1.1603053435114503,20.30534351145038,0.0
13.220000505447388,-7.498639599609374,-0.6751648681640625,1.1731588134765625,-10.82442748091603,29.114503816793892,24.427480916030536,-9.935936889648437,-1.2737152832031249,1.180341418457031,-18.48854961832061,0.183206106870229,19.31297709923664,0.0
13.230000495910645,-8.844180932617187,-0.3711012573242187,2.29843359375,-7.404580152671755,33.89312977099237,22.38167938931298,-9.821015209960937,-1.0606313354492187,1.2952630981445312,-18.977099236641223,-1.5419847328244274,18.65648854961832,0.0
13.240000486373901,-7.924807495117187,-1.1468225952148436,1.8028338500976562,-5.038167938931298,28.396946564885496,21.72519083969466,-10.27830772705078,-1.218648645019531,1.3551181396484375,-18.80916030534351,-2.3969465648854964,18.045801526717558,0.0
13.250000238418579,-9.320627062988281,-1.149216796875,2.214636535644531,2.351145038167939,33.343511450381676,18.885496183206108,-10.467449658203124,-1.2737152832031249,1.438915197753906,-19.022900763358777,-5.32824427480916,16.519083969465647,0.0
13.260000467300415,-8.602366564941406,-0.40222587890625,1.8698714965820311,7.282442748091603,35.12977099236641,15.923664122137405,-10.817003100585938,-1.235408056640625,1.5155296508789062,-17.709923664122137,-7.022900763358779,14.488549618320612,0.0
13.270000457763672,-8.245630517578125,1.2114660400390624,1.8555062866210936,4.580152671755725,33.603053435114504,11.358778625954198,-10.503362683105468,-0.70868369140625,1.68551796875,-18.15267175572519,-10.183206106870228,12.366412213740459,0.0
13.280000448226929,-8.504204296874999,1.886630908203125,1.6400281372070311,-4.778625954198473,29.83206106870229,10.870229007633588,-10.587159741210938,-0.9193734375,1.6998831787109374,-19.87786259541985,-12.351145038167939,10.854961832061068,0.0
13.290000677108765,-9.483432775878907,2.2673089721679687,1.7645266235351562,-8.0,30.458015267175572,11.511450381679388,-9.97903251953125,-0.7422025146484375,1.5610194824218748,-19.64885496183206,-16.65648854961832,10.381679389312977,0.0
13.3000009059906,-10.419565624999999,2.7820623291015623,1.8195932617187498,-12.381679389312977,31.6793893129771,11.419847328244275,-9.677363110351562,-0.8643067993164062,1.3934253662109375,-20.015267175572518,-19.251908396946565,10.229007633587786,0.0
13.3100004196167,-10.575188732910156,2.7940333374023436,2.1116858642578125,-14.50381679389313,32.06106870229008,12.534351145038167,-10.532093103027343,-2.482787121582031,1.5658078857421873,-12.106870229007633,-21.81679389312977,11.450381679389313,0.0
13.320001125335693,-9.473855969238281,2.39420166015625,1.426944189453125,-11.740458015267176,31.068702290076335,12.931297709923664,-10.230423693847655,-1.4700398193359374,0.15322890625,-4.0,-30.396946564885496,8.030534351145038,0.0
13.330000638961792,-9.70369932861328,2.0829554443359375,2.128445275878906,-9.404580152671755,31.068702290076335,12.0,-8.856151940917968,-1.0965443603515623,1.2497732666015624,-8.931297709923664,-28.35114503816794,6.061068702290076,0.0
13.340000867843628,-10.577582934570312,2.7198130859375,2.0973206542968748,-13.49618320610687,28.65648854961832,9.969465648854962,-10.831368310546875,-1.3335703247070312,0.45489831542968745,-10.51908396946565,-30.015267175572518,5.022900763358779,0.0
13.350000619888306,-8.884882360839843,1.5394716674804687,1.9728221679687499,-17.81679389312977,23.740458015267176,8.977099236641221,-11.015721838378905,-2.8203695556640622,1.0797849487304687,-1.5114503816793894,-37.38931297709924,2.549618320610687,0.0
13.360000610351562,-10.347739575195313,2.501940734863281,2.243366955566406,-19.480916030534353,21.419847328244273,7.1603053435114505,-11.844115612792969,-3.6296097167968746,1.180341418457031,21.740458015267176,-45.6793893129771,-1.0229007633587786,0.0
13.37000060081482,-9.581595043945311,1.199495031738281,1.5346832641601562,-24.061068702290076,13.526717557251908,7.038167938931298,-10.91037696533203,0.32082302246093747,-0.3591302490234375,37.98473282442748,-57.725190839694655,-7.6183206106870225,0.0
13.380000591278076,-10.062829577636718,2.2481553588867187,1.5682020874023437,-18.091603053435115,13.938931297709924,7.450381679389313,-10.376469995117187,0.8906430175781249,-0.4644751220703125,27.053435114503817,-49.66412213740458,-7.0534351145038165,0.0
13.390000581741333,-8.894459167480468,1.5586252807617187,1.0821791503906248,-12.534351145038167,14.641221374045802,8.961832061068701,-11.085153686523437,0.14604630126953125,-0.679953271484375,39.038167938931295,-52.274809160305345,-5.511450381679389,0.0
13.40000057220459,-10.1131078125,3.373430139160156,0.9121908325195311,-13.34351145038168,14.595419847328245,5.755725190839694,-9.363722692871093,2.9640216552734375,-0.8212111694335937,33.38931297709924,-52.778625954198475,-8.396946564885496,0.0
13.410000562667847,-9.892841259765625,3.394977954101562,0.7398083129882812,-19.801526717557252,12.595419847328245,5.740458015267175,-10.019733947753906,1.2832920898437499,-0.076614453125,20.870229007633586,-42.595419847328245,-6.061068702290076,0.0
13.420000553131104,-9.991003527832031,3.306392492675781,0.7493851196289062,-26.12213740458015,11.129770992366412,5.480916030534351,-10.479420666503906,0.8020575561523438,-0.3758896606445312,23.099236641221374,-44.152671755725194,-6.519083969465649,0.0
13.43000078201294,-9.387664709472656,1.43652099609375,0.6871358764648438,-19.435114503816795,11.816793893129772,7.938931297709924,-9.804255798339844,1.867477294921875,0.06943184814453125,16.931297709923665,-40.274809160305345,-8.67175572519084,0.0
13.440000295639038,-9.595960253906249,2.090138049316406,1.1827356201171875,-13.282442748091603,13.34351145038168,7.8320610687022905,-8.78432589111328,1.8842367065429686,0.37828386230468747,1.816793893129771,-37.45038167938932,-8.213740458015268,0.0
13.450000762939453,-9.414000927734374,1.7597382202148437,1.2497732666015624,-12.488549618320612,11.526717557251908,7.190839694656488,-10.216058483886718,-0.2346317626953125,1.8148048583984373,-1.8931297709923665,-31.053435114503817,-5.236641221374046,0.0
13.46000051498413,-9.227253198242186,0.852335791015625,1.5753846923828123,-5.1603053435114505,10.687022900763358,4.977099236641221,-10.381258398437499,-0.70868369140625,1.2832920898437499,4.183206106870229,-35.29770992366412,-8.01526717557252,0.0
13.470000743865967,-10.283096130371094,1.5466542724609373,2.205059729003906,-2.8244274809160306,7.877862595419847,3.3282442748091605,-10.723629235839843,-1.7717092285156248,2.731784094238281,14.335877862595419,-37.14503816793893,-10.305343511450381,0.0
13.480000495910645,-9.643844287109374,1.16837041015625,2.152387292480469,5.190839694656488,5.435114503816794,3.9083969465648853,-9.670180505371093,-0.3016694091796875,1.7501614135742187,18.03053435114504,-45.02290076335878,-13.618320610687023,0.0
13.49000072479248,-9.586383447265625,1.4772224243164063,2.408566870117187,10.687022900763358,4.564885496183206,3.66412213740458,-8.231265307617187,1.9105729248046874,1.3000515014648437,6.519083969465649,-44.70229007633588,-15.221374045801527,0.0
13.500000715255737,-9.504980590820312,2.099714855957031,2.291250988769531,10.122137404580153,2.2900763358778624,2.183206106870229,-9.028534460449219,1.13006318359375,2.300827795410156,-6.213740458015267,-37.70992366412214,-11.83206106870229,0.0
13.510000705718994,-9.696516723632811,2.1068974609374997,2.252943762207031,5.557251908396947,-0.6259541984732825,-0.6259541984732825,-10.184933862304687,0.06943184814453125,2.039859814453125,-8.045801526717558,-37.282442748091604,-9.83206106870229,0.0
13.520000457763672,-9.327809667968749,1.2880804931640624,1.9752163696289062,6.641221374045801,-3.7557251908396947,-2.2595419847328246,-10.321403356933594,-1.6424223388671875,2.6599580444335937,2.0,-41.83206106870229,-10.16793893129771,0.0
13.530000686645508,-9.294290844726563,0.9840168823242187,1.8914193115234375,11.86259541984733,-5.297709923664122,-1.83206106870229,-8.74601866455078,-1.1707646118164061,2.7557261108398436,12.442748091603054,-54.93129770992366,-15.49618320610687,0.0
13.540000915527344,-8.647856396484375,0.5722141967773438,2.2577321655273437,20.65648854961832,-4.305343511450381,-2.519083969465649,-7.338228088378906,1.3000515014648437,1.4820108276367188,0.9312977099236641,-55.847328244274806,-20.702290076335878,0.0
13.550000667572021,-8.499415893554687,1.0606313354492187,3.1962592163085937,23.770992366412212,-3.816793893129771,-4.473282442748092,-7.639897497558593,0.24181436767578124,1.6807295654296874,-13.740458015267176,-49.847328244274806,-17.297709923664122,0.0
13.560000896453857,-8.896853369140624,1.5251064575195312,3.7924154296875,19.053435114503817,-7.374045801526718,-7.984732824427481,-9.361328491210937,-0.7972691528320313,2.2960393920898436,-9.465648854961833,-49.69465648854962,-14.51908396946565,0.0
13.570000410079956,-9.153032946777342,1.0342951171875,4.077325427246094,18.47328244274809,-12.580152671755725,-11.236641221374045,-8.779537487792968,-0.11013327636718749,1.426944189453125,0.42748091603053434,-55.74045801526717,-17.801526717557252,0.0
13.580000638961792,-8.52335791015625,1.0654197387695312,4.675875842285156,23.374045801526716,-16.30534351145038,-13.83206106870229,-7.163451367187499,1.5011644409179687,0.8930372192382812,-4.717557251908397,-53.66412213740458,-21.64885496183206,0.0
13.590000629425049,-8.334215979003906,3.1459809814453124,5.758054992675781,10.549618320610687,-28.229007633587788,-17.450381679389313,-7.79552060546875,1.2306196533203124,0.7876923461914062,-21.053435114503817,-44.01526717557252,-19.96946564885496,0.0
13.600000858306885,-9.91438907470703,4.395754248046875,6.301538769531249,-5.145038167938932,-39.29770992366412,-17.389312977099237,-7.671022119140624,0.28490999755859375,1.0510545288085937,-26.595419847328245,-44.396946564885496,-17.49618320610687,0.0
13.610000371932983,-9.023746057128905,2.8730419921875,5.693411547851563,-12.122137404580153,-52.213740458015266,-15.206106870229007,-9.018957653808593,0.24181436767578124,1.5275006591796874,-24.30534351145038,-35.29770992366412,-17.740458015267176,0.0
13.620000839233398,-8.698134631347656,2.221819140625,5.252878442382812,-8.13740458015267,-59.9236641221374,-13.557251908396946,-7.4579381713867186,-0.22026655273437498,0.9744400756835937,-20.870229007633586,-41.221374045801525,-20.9618320610687,0.0
13.630000352859497,-7.156268762207031,1.448492004394531,5.463568188476562,-9.49618320610687,-67.95419847328245,-12.870229007633588,-8.530540515136718,-1.678335363769531,1.649604943847656,-8.82442748091603,-42.152671755725194,-20.290076335877863,0.0
13.640000581741333,-7.484274389648437,2.9448680419921875,2.7365724975585937,-6.122137404580153,-74.29007633587786,-12.564885496183207,-7.548917834472656,-1.0462661254882812,1.3838485595703125,0.5190839694656488,-46.412213740458014,-22.977099236641223,0.0
13.65000057220459,-6.698976245117187,3.392583752441406,-0.4525041137695312,-15.48091603053435,-77.52671755725191,-12.442748091603054,-5.463568188476562,1.2114660400390624,0.5746083984375,-4.732824427480916,-44.42748091603053,-25.221374045801525,0.0
13.660000324249268,-7.115567333984375,4.378994836425781,-0.59376201171875,-20.671755725190838,-74.12213740458016,-11.83206106870229,-6.325480786132812,1.5538368774414062,0.5003881469726562,-14.916030534351146,-34.67175572519084,-22.244274809160306,0.0
13.670000553131104,-7.378929516601562,3.787627026367187,0.2537853759765625,-25.938931297709924,-70.0,-7.66412213740458,-6.83783994140625,-0.3758896606445312,1.388636962890625,-14.122137404580153,-32.44274809160305,-18.290076335877863,0.0
13.68000054359436,-6.351817004394531,-0.09816226806640624,0.16759411621093748,-12.992366412213741,-61.19083969465649,-0.7022900763358778,-8.717288244628906,-1.9704279663085937,1.608903515625,-0.030534351145038167,-31.221374045801525,-15.755725190839694,0.0
13.690000772476196,-7.082048510742187,-0.45968671875,0.37828386230468747,12.488549618320612,-48.229007633587784,1.3435114503816794,-7.802703210449218,-1.8363526733398436,1.3862427612304686,15.83206106870229,-36.33587786259542,-18.702290076335878,0.0
13.700000524520874,-9.018957653808593,2.480392919921875,2.0183119995117185,27.053435114503817,-38.3206106870229,1.5267175572519085,-6.5409589355468745,-0.4213794921875,0.9696516723632812,18.519083969465647,-33.83206106870229,-21.14503816793893,0.0
13.71000075340271,-10.647014782714843,5.111620544433594,2.906560815429687,25.81679389312977,-31.984732824427482,4.656488549618321,-7.702146740722656,-0.2154781494140625,1.2761094848632812,11.587786259541986,-22.259541984732824,-17.69465648854962,0.0
13.720000505447388,-9.332598071289063,3.385401147460937,2.834734765625,14.916030534351146,-30.12213740458015,5.9541984732824424,-8.291120349121094,-0.028730419921875,1.216254443359375,3.801526717557252,-13.236641221374045,-14.183206106870228,0.0
13.730000495910645,-9.72285294189453,2.29843359375,3.404554760742187,6.748091603053435,-26.18320610687023,0.1984732824427481,-9.548076220703125,-0.4381389038085937,1.4939818359375,5.343511450381679,-6.458015267175573,-13.053435114503817,0.0
13.740000486373901,-9.909600671386718,0.63206923828125,3.2130186279296873,3.6946564885496183,-26.50381679389313,-6.8396946564885495,-11.372457885742186,-2.0159177978515626,2.4396914916992185,14.427480916030534,-2.213740458015267,-13.358778625954198,0.0
13.750000476837158,-8.693346228027343,-0.6560112548828124,2.825157958984375,11.83206106870229,-24.38167938931298,-11.694656488549619,-10.970232006835937,-1.675941162109375,2.683900061035156,22.778625954198475,-0.7022900763358778,-16.80916030534351,0.0
13.760000705718994,-6.8569935546875,-0.8978256225585937,1.3431471313476562,26.33587786259542,-20.259541984732824,-15.282442748091603,-8.942343200683593,0.8499415893554687,2.1691467041015624,21.587786259541986,2.351145038167939,-20.137404580152673,0.0
13.770000696182251,-7.711723547363281,2.583343591308594,1.2737152832031249,33.83206106870229,-15.251908396946565,-19.633587786259543,-10.330980163574218,0.17956512451171874,2.252943762207031,17.862595419847327,7.511450381679389,-15.923664122137405,0.0
13.780000686645508,-9.440337145996093,5.147533569335937,2.3247698120117186,31.587786259541986,-12.534351145038167,-19.022900763358777,-11.384428894042967,-0.3806780639648437,2.422932080078125,23.64885496183206,8.16793893129771,-11.206106870229007,0.0
13.790000677108765,-9.576806640625,4.927267016601562,2.6001030029296874,28.85496183206107,-10.351145038167939,-14.763358778625955,-10.05564697265625,1.149216796875,3.303998291015625,17.908396946564885,11.587786259541986,-12.900763358778626,0.0
13.8000009059906,-10.539275708007812,5.983109948730468,2.9927520751953125,19.053435114503817,-5.603053435114504,-13.358778625954198,-10.16338604736328,0.24660277099609373,3.4739866088867184,10.458015267175572,13.587786259541986,-12.51908396946565,0.0
13.810000658035278,-11.274295617675781,6.926425402832031,3.88818349609375,1.297709923664122,-4.442748091603053,-11.49618320610687,-9.572018237304688,-0.9720458740234375,3.2920272827148436,6.2748091603053435,16.900763358778626,-10.274809160305344,0.0
13.820001125335693,-11.018116040039061,6.313509777832031,3.9049429077148434,-17.14503816793893,-4.0458015267175576,-9.770992366412214,-11.034875451660156,-1.4987702392578124,3.871424084472656,6.351145038167939,23.129770992366414,-9.068702290076336,0.0
13.830000638961792,-9.926360083007811,3.1483751831054687,4.082113830566406,-30.03053435114504,-5.450381679389313,-8.885496183206106,-12.588712329101561,0.3112462158203125,3.4524387939453125,4.473282442748092,26.885496183206108,-14.488549618320612,0.0
13.840000867843628,-9.433154541015625,-0.5291185668945312,4.745307690429687,-15.908396946564885,2.9160305343511452,-10.244274809160306,-12.23915888671875,1.5107412475585937,4.446032482910156,-3.5114503816793894,29.801526717557252,-19.603053435114504,0.0
13.850000381469727,-8.595183959960938,-0.28730419921875,4.376600634765625,-2.2900763358778624,8.198473282442748,-15.236641221374045,-11.669338891601562,1.7549498168945312,5.295974072265625,-20.33587786259542,34.67175572519084,-17.587786259541986,0.0
13.860000610351562,-9.758765966796874,0.8355763793945312,5.068524914550781,3.3893129770992365,6.137404580152672,-17.786259541984734,-13.278242407226562,-0.20829554443359374,5.147533569335937,-24.076335877862597,34.13740458015267,-9.374045801526718,0.0
13.87000060081482,-10.273519323730468,0.07900865478515624,5.853823059082031,14.427480916030534,3.984732824427481,-19.0381679389313,-13.220781567382812,0.09816226806640624,4.46279189453125,-17.587786259541986,26.47328244274809,-8.183206106870228,0.0
13.880000591278076,-11.422736120605467,-0.02633621826171875,6.842628344726562,25.908396946564885,-1.465648854961832,-19.96946564885496,-11.386823095703125,-0.5195417602539062,3.3590649291992185,-26.229007633587788,30.580152671755727,-10.854961832061068,0.0
13.890000343322754,-13.429077111816406,1.4125789794921875,8.70771143798828,40.18320610687023,-9.145038167938932,-18.763358778625953,-12.55758770751953,-2.8898014038085935,1.9728221679687499,-17.52671755725191,27.328244274809162,-5.312977099236641,0.0
13.90000033378601,-15.193603735351562,3.201047619628906,10.235212097167969,43.14503816793893,-25.984732824427482,-15.389312977099237,-10.204087475585936,-1.3000515014648437,0.7326257080078125,-3.3740458015267176,17.17557251908397,-3.8625954198473282,0.0
13.910000324249268,-15.648502050781248,4.707000463867187,11.054029064941405,28.748091603053435,-48.30534351145038,-12.549618320610687,-7.697358337402343,0.3447650390625,-0.6727706665039062,-5.343511450381679,17.31297709923664,-4.641221374045801,0.0
13.920000553131104,-13.5224509765625,1.3455413330078123,10.876858142089842,23.52671755725191,-66.85496183206106,-7.0534351145038165,-7.41244833984375,-0.143652099609375,-1.0438719238281249,-17.64885496183206,29.358778625954198,-2.854961832061069,0.0
13.93000078201294,-12.387599389648436,-2.300827795410156,9.337386474609374,34.80916030534351,-80.80916030534351,-6.473282442748092,-9.617508068847656,-2.710236279296875,-1.0438719238281249,-14.061068702290076,35.23664122137404,-0.6259541984732825,0.0
13.940000772476196,-13.453019128417967,-1.9776105712890624,8.95670841064453,29.068702290076335,-98.41221374045801,-17.267175572519083,-9.811438403320311,-3.423708374023437,-0.70868369140625,3.633587786259542,33.9236641221374,-5.068702290076335,0.0
13.950000524520874,-13.36203946533203,-2.1787235107421874,7.766790185546874,24.641221374045802,-114.76335877862596,-24.213740458015266,-8.501810095214843,-1.5370774658203123,-1.3814543579101561,13.49618320610687,35.89312977099237,-8.992366412213741,0.0
13.96000051498413,-12.248735693359373,-1.7334020019531249,5.664681127929687,23.19083969465649,-126.18320610687023,-30.106870229007633,-8.350975390624999,-0.7302315063476562,-1.6136919189453125,6.99236641221374,44.19847328244275,-7.099236641221374,0.0
13.970000505447388,-11.669338891601562,-1.3766659545898436,3.881000891113281,18.931297709923665,-136.19847328244273,-35.38931297709924,-10.551246716308594,-2.5234885498046875,-0.7134720947265625,12.305343511450381,47.81679389312977,-0.1984732824427481,0.0
13.980000495910645,-10.965443603515624,-1.6831237670898436,2.272097375488281,20.229007633587788,-139.40458015267177,-37.80152671755725,-10.649408984374999,-3.0454245117187497,-0.4165910888671875,28.9618320610687,46.091603053435115,0.5801526717557252,0.0
13.990000486373901,-9.53131680908203,-2.233790148925781,1.158793603515625,34.38167938931298,-137.08396946564886,-36.88549618320611,-8.827421520996094,-2.2577321655273437,-0.9433154541015625,38.85496183206107,39.7557251908397,-1.3282442748091603,0.0
14.000000476837158,-9.512163195800781,-1.0582371337890624,0.7541735229492187,44.274809160305345,-128.3206106870229,-36.10687022900763,-8.832209924316405,-1.2306196533203124,-0.7637503295898437,41.465648854961835,37.38931297709924,-1.083969465648855,0.0
14.010000705718994,-8.434772448730468,-0.06943184814453125,0.316034619140625,44.213740458015266,-120.91603053435115,-33.603053435114504,-8.573636145019531,-0.36631285400390623,0.1388636962890625,33.083969465648856,40.68702290076336,0.8091603053435115,0.0
14.020000696182251,-9.239224206542968,1.3383587280273437,0.603338818359375,45.87786259541985,-108.45801526717557,-29.908396946564885,-9.172186560058593,0.46686932373046874,-0.00718260498046875,19.862595419847327,45.25190839694657,3.877862595419847,0.0
14.030000448226929,-7.9272016967773435,1.3958195678710936,-0.19871873779296872,38.10687022900763,-100.62595419847328,-25.87786259541985,-11.4538607421875,-2.597708801269531,1.1348515869140625,15.312977099236642,49.404580152671755,10.458015267175572,0.0
14.040001153945923,-7.898471276855468,0.9935936889648437,-0.7326257080078125,26.610687022900763,-90.27480916030534,-24.671755725190838,-9.753977563476562,-3.1771056030273437,0.9193734375,26.30534351145038,37.786259541984734,7.938931297709924,0.0
14.050000667572021,-7.369352709960937,-0.5698199951171875,-0.6440402465820312,31.14503816793893,-76.1526717557252,-23.129770992366414,-9.390058911132812,-2.8850130004882812,0.603338818359375,30.732824427480917,34.396946564885496,3.7709923664122136,0.0
14.060000896453857,-8.480262280273436,1.3742717529296875,0.040701428222656245,30.16793893129771,-60.56488549618321,-21.541984732824428,-10.589553942871094,-3.8857892944335934,1.3287819213867187,31.251908396946565,32.74809160305343,4.687022900763359,0.0
14.070000410079956,-8.480262280273436,2.1906945190429687,0.02154781494140625,19.022900763358777,-51.89312977099237,-18.061068702290076,-10.007762939453125,-2.3630770385742186,1.5346832641601562,31.022900763358777,26.48854961832061,3.267175572519084,0.0
14.080000638961792,-8.403647827148436,2.9281086303710935,-0.4165910888671875,12.564885496183207,-40.01526717557252,-11.16030534351145,-10.01015714111328,-2.288856787109375,2.085349645996094,23.0381679389313,24.946564885496183,2.2442748091603053,0.0
14.090000629425049,-7.7763669921875,3.1866824096679687,-0.7733271362304687,1.450381679389313,-29.69465648854962,-4.412213740458015,-10.13226142578125,-2.3774422485351563,2.250549560546875,15.755725190839694,22.610687022900763,1.2671755725190839,0.0
14.100000619888306,-7.81467421875,3.5601778686523438,-0.8188169677734375,-9.49618320610687,-18.519083969465647,-0.22900763358778625,-9.885658654785155,-2.185906115722656,2.185906115722656,9.007633587786259,19.893129770992367,-0.030534351145038167,0.0
14.110000848770142,-7.003039855957031,3.0334535034179684,-0.9648632690429687,-20.732824427480917,-7.969465648854962,3.954198473282443,-9.866505041503906,-2.6431986328124997,1.93451494140625,3.9083969465648853,18.33587786259542,-0.6106870229007634,0.0
14.120000839233398,-5.717353564453124,1.5131354492187499,-1.649604943847656,-28.916030534351144,2.6717557251908395,8.900763358778626,-9.739612353515625,-2.7748797241210936,1.3934253662109375,1.2671755725190839,16.885496183206108,-0.42748091603053434,0.0
14.130000591278076,-4.594472985839843,0.5386953735351562,-1.66636435546875,-35.00763358778626,15.374045801526718,11.221374045801527,-9.648632690429688,-2.6695348510742187,1.0773907470703123,1.2366412213740459,14.778625954198473,-0.5190839694656488,0.0
14.140000581741333,-4.972756848144531,0.9002198242187499,-0.9504980590820312,-40.091603053435115,30.870229007633586,11.389312977099237,-9.2320416015625,-2.2960393920898436,0.7637503295898437,0.13740458015267176,14.549618320610687,-0.3053435114503817,0.0
14.15000057220459,-4.7955859252929685,0.9361328491210937,-0.7972691528320313,-52.13740458015267,41.282442748091604,8.580152671755725,-9.701305126953125,-2.370259643554687,0.46208092041015625,1.618320610687023,14.778625954198473,1.2213740458015268,0.0
14.160000324249268,-6.449979272460937,4.580107775878906,0.9457096557617187,-65.66412213740458,58.6412213740458,3.6793893129770994,-9.476250170898437,-1.7214309936523438,0.3112462158203125,4.259541984732825,14.045801526717558,1.2213740458015268,0.0
14.170000553131104,-7.539341027832031,3.210624426269531,0.852335791015625,-103.89312977099236,52.94656488549618,0.916030534351145,-9.737218151855469,-1.656787548828125,0.4381389038085937,6.977099236641221,13.603053435114504,3.2519083969465647,0.0
14.18000054359436,-3.660734338378906,-3.6631285400390623,1.0654197387695312,-81.02290076335878,69.16030534351145,13.419847328244275,-9.07163009033203,-1.0606313354492187,0.18435352783203124,7.480916030534351,12.549618320610687,4.809160305343512,0.0
14.190000772476196,-3.227383837890625,-4.915296008300781,2.370259643554687,-49.7557251908397,87.49618320610686,10.870229007633588,-9.200916979980468,-1.4772224243164063,0.45489831542968745,8.702290076335878,15.007633587786259,5.374045801526718,0.0
14.200000286102295,-3.883395092773437,-5.116408947753906,3.5577836669921874,-27.129770992366414,99.37404580152672,5.32824427480916,-9.253589416503905,-1.4437036010742186,0.5578489868164063,11.221374045801527,14.641221374045802,5.709923664122138,0.0
14.21000051498413,-4.7931917236328125,-4.376600634765625,4.180276098632812,0.9770992366412213,110.73282442748092,1.2366412213740459,-9.4618849609375,-1.7310078002929687,0.44532150878906246,13.282442748091603,14.778625954198473,6.8396946564885495,0.0
14.220000505447388,-5.983109948730468,-2.829946362304687,4.204218115234375,21.81679389312977,118.80916030534351,-2.3053435114503817,-9.785102185058593,-1.656787548828125,0.2753331909179687,14.870229007633588,13.007633587786259,7.6183206106870225,0.0
14.230000495910645,-7.8338278320312495,-0.1484405029296875,5.161898779296875,30.870229007633586,123.63358778625954,-4.595419847328245,-10.070012182617187,-1.4437036010742186,0.21068974609375,14.916030534351146,11.816793893129772,8.213740458015268,0.0
14.24000072479248,-8.908824377441405,0.4381389038085937,6.172251879882812,34.99236641221374,125.06870229007633,-3.4656488549618323,-10.024522351074218,-1.1731588134765625,0.18914193115234373,13.053435114503817,10.244274809160306,8.091603053435115,0.0
14.250000476837158,-9.552864624023437,1.1659762084960936,6.864176159667968,34.06106870229008,121.34351145038168,-1.3129770992366412,-10.388441003417968,-1.2473790649414063,0.40940848388671874,10.80916030534351,8.854961832061068,9.16030534351145,0.0
14.260000467300415,-10.263942517089843,1.20667763671875,7.615955480957031,31.740458015267176,116.44274809160305,0.366412213740458,-9.883264453125,-0.33758243408203126,0.24660277099609373,7.083969465648855,6.870229007633588,8.351145038167939,0.0
14.270000457763672,-10.43871923828125,1.2042834350585936,7.201758593749999,25.740458015267176,107.5114503816794,0.13740458015267176,-10.788272680664061,-0.411802685546875,0.35673604736328124,-0.9618320610687023,11.587786259541986,10.793893129770993,0.0
14.280000686645508,-10.742782849121093,0.5793968017578125,6.399701037597656,13.282442748091603,96.1526717557252,-1.6030534351145038,-9.583989245605467,-1.0678139404296874,0.8355763793945312,-4.030534351145038,11.755725190839694,11.511450381679388,0.0
14.290000438690186,-9.94072529296875,-2.3822306518554686,5.487510205078125,17.740458015267176,87.61832061068702,-1.0229007633587786,-9.449913952636718,-1.608903515625,0.11252747802734374,-3.9083969465648853,9.740458015267176,11.664122137404581,0.0
14.3000009059906,-11.947066284179687,-1.0366893188476562,6.320692382812499,26.106870229007633,87.40458015267176,-5.267175572519084,-9.713276135253906,-2.511517541503906,-0.105344873046875,-4.244274809160306,11.038167938931299,11.770992366412214,0.0
14.310000896453857,-12.064382165527343,-0.076614453125,5.439626171875,18.50381679389313,78.65648854961832,-7.022900763358779,-10.560823522949217,-3.2632968627929686,-0.5315127685546874,-2.3053435114503817,11.435114503816793,12.778625954198473,0.0
14.320000648498535,-12.571952917480468,0.14125789794921875,5.422866760253906,10.961832061068701,73.2824427480916,-7.938931297709924,-10.012551342773437,-2.844311572265625,-0.8283937744140625,1.984732824427481,10.885496183206106,12.198473282442748,0.0
14.330000638961792,-11.949460485839843,-0.584185205078125,5.894524487304687,15.312977099236642,65.86259541984732,-5.312977099236641,-9.418789331054686,-2.6599580444335937,-0.6679822631835937,4.595419847328245,13.511450381679388,12.381679389312977,0.0
14.340000629425049,-13.965378283691406,-0.2346317626953125,7.915230688476562,27.34351145038168,63.541984732824424,-2.1374045801526718,-8.432378247070313,-1.3407529296874998,-1.0031704956054688,3.9236641221374047,14.916030534351146,11.114503816793894,0.0
14.350000619888306,-14.578293908691405,3.229778039550781,8.085219006347655,34.030534351145036,53.38931297709924,5.236641221374046,-9.157821350097656,-1.2856862915039062,-0.842758984375,-8.778625954198473,26.610687022900763,12.900763358778626,0.0
14.360000610351562,-14.930241552734374,5.183446594238281,7.431601953125,19.87786259541985,40.87022900763359,14.946564885496183,-8.547299926757812,-1.2042834350585936,-1.0582371337890624,-13.801526717557252,22.931297709923665,12.931297709923664,0.0
14.370000839233398,-13.455413330078125,3.239354846191406,7.1778165771484375,3.9236641221374047,29.267175572519083,23.480916030534353,-9.552864624023437,-1.4030021728515625,-0.8020575561523438,-21.84732824427481,27.770992366412212,13.32824427480916,0.0
14.380000829696655,-12.717999218749998,0.6009446166992187,6.438008264160156,-8.793893129770993,18.229007633587788,23.450381679389313,-10.78348427734375,-2.990357873535156,0.11252747802734374,-23.17557251908397,31.251908396946565,15.98473282442748,0.0
14.390000581741333,-10.77630167236328,-1.3431471313476562,5.3007624755859375,-12.946564885496183,7.740458015267175,22.580152671755727,-10.496180078124999,-3.5146880371093747,0.24899697265624998,-18.106870229007633,24.671755725190838,15.816793893129772,0.0
14.400000810623169,-9.452308154296874,-1.1827356201171875,3.976768957519531,-9.068702290076336,4.091603053435114,20.748091603053435,-9.91438907470703,-2.729389892578125,0.9337386474609375,-4.5038167938931295,17.61832061068702,14.13740458015267,0.0
14.410000562667847,-7.8170684204101555,0.14604630126953125,2.825157958984375,-2.717557251908397,5.114503816793893,17.480916030534353,-9.885658654785155,-2.384624853515625,1.1252747802734375,1.282442748091603,14.259541984732824,13.893129770992367,0.0
14.420000553131104,-6.8402341430664055,1.2665326782226562,2.059013427734375,-7.282442748091603,6.213740458015267,15.786259541984732,-8.904035974121093,-0.38307226562499996,1.1133037719726562,5.251908396946565,8.83969465648855,12.900763358778626,0.0
14.430000305175781,-6.406883642578125,1.7717092285156248,1.7860744384765623,-14.916030534351146,9.49618320610687,13.725190839694656,-10.199299072265624,-0.737414111328125,0.7924807495117187,-1.9541984732824427,9.099236641221374,16.076335877862597,0.0
14.440000295639038,-6.366182214355469,1.3455413330078123,1.6136919189453125,-26.106870229007633,12.687022900763358,13.282442748091603,-10.058041174316406,-0.062249243164062495,0.7541735229492187,-4.534351145038168,5.145038167938932,16.244274809160306,0.0
14.450000762939453,-6.6893994384765625,0.8738836059570312,1.3766659545898436,-31.17557251908397,15.511450381679388,12.900763358778626,-9.89523546142578,0.01915361328125,0.5578489868164063,-11.038167938931299,4.183206106870229,15.725190839694656,0.0
14.46000051498413,-8.013392956542969,1.0917559570312498,1.714248388671875,-34.045801526717554,18.18320610687023,13.908396946564885,-10.024522351074218,0.105344873046875,0.5698199951171875,-17.49618320610687,3.236641221374046,15.86259541984733,0.0
14.470000743865967,-8.128314636230469,0.814028564453125,1.6831237670898436,-33.80152671755725,20.65648854961832,17.435114503816795,-9.591171850585937,0.43574470214843747,0.24660277099609373,-24.458015267175572,2.030534351145038,15.34351145038168,0.0
14.480000257492065,-8.549694128417968,0.7302315063476562,1.7190367919921874,-31.0381679389313,23.328244274809162,18.9618320610687,-9.643844287109374,0.07900865478515624,0.13407529296874998,-31.69465648854962,2.687022900763359,15.84732824427481,0.0
14.490000486373901,-6.718129858398437,-2.664746447753906,1.5035586425781249,-11.389312977099237,29.251908396946565,21.84732824427481,-9.320627062988281,-0.45968671875,0.143652099609375,-36.99236641221374,3.7099236641221376,15.893129770992367,0.0
14.500000476837158,-8.492233288574218,-1.9584569580078124,2.7653029174804686,10.366412213740459,39.20610687022901,17.801526717557252,-9.423577734375,-1.218648645019531,0.201112939453125,-37.74045801526717,3.877862595419847,16.076335877862597,0.0
14.510000944137573,-10.046070166015625,-0.023942016601562498,3.1555577880859373,16.045801526717558,39.770992366412216,14.610687022900763,-10.04846436767578,-2.023100402832031,0.24660277099609373,-32.97709923664122,3.9389312977099236,16.68702290076336,0.0
14.520000457763672,-10.876858142089842,1.2976572998046874,2.935291235351562,16.427480916030536,38.56488549618321,14.16793893129771,-9.495403784179686,-1.6927005737304686,0.23702596435546874,-28.68702290076336,1.816793893129771,15.618320610687023,0.0
14.530000448226929,-10.658985791015624,2.5474305664062498,2.7461493041992187,6.427480916030534,34.656488549618324,13.694656488549619,-10.0748005859375,-1.917755529785156,0.25139117431640623,-21.282442748091604,1.7557251908396947,17.14503816793893,0.0
14.540000915527344,-10.510545288085936,2.3774422485351563,2.2649147705078123,-2.015267175572519,30.702290076335878,13.893129770992367,-9.610325463867188,-1.2378022583007813,0.24660277099609373,-17.267175572519083,0.6870229007633588,17.358778625954198,0.0
14.550000667572021,-11.415553515625,2.6192566162109374,2.2577321655273437,-12.610687022900763,27.053435114503817,12.793893129770993,-9.907206469726562,-1.2210428466796874,0.25139117431640623,-13.633587786259541,1.5267175572519085,18.3206106870229,0.0
14.560000658035278,-10.395623608398436,1.9728221679687499,1.9225439331054686,-28.38167938931298,19.66412213740458,12.259541984732824,-10.151415039062499,-1.2138602416992186,0.35673604736328124,-9.389312977099237,2.16793893129771,19.083969465648856,0.0
14.570000648498535,-10.819397302246093,2.712630480957031,2.3343466186523436,-28.442748091603054,20.412213740458014,12.916030534351146,-9.787496386718749,-0.7589619262695312,0.28012159423828126,-7.633587786259542,1.984732824427481,18.83969465648855,0.0
14.58000111579895,-9.603142858886718,1.917755529785156,1.6472107421875,-30.625954198473284,17.435114503816795,14.51908396946565,-9.732429748535155,-0.8475473876953125,0.4381389038085937,-5.4961832061068705,2.4122137404580153,18.732824427480917,0.0
14.590000629425049,-10.31661495361328,4.278438366699218,2.233790148925781,-35.099236641221374,18.717557251908396,15.206106870229007,-10.388441003417968,-1.3670891479492187,0.9002198242187499,-2.183206106870229,3.618320610687023,17.908396946564885,0.0
14.600000381469727,-8.973467822265624,2.013523596191406,1.0845733520507812,-40.0,14.106870229007633,18.244274809160306,-10.038887561035155,-0.7972691528320313,1.2234370483398436,0.5801526717557252,1.618320610687023,16.106870229007633,0.0
14.610000610351562,-7.9272016967773435,-0.4285620971679687,0.8307879760742187,-26.396946564885496,21.480916030534353,19.84732824427481,-10.230423693847655,-0.4477157104492187,1.4772224243164063,0.8396946564885496,-1.7404580152671756,15.587786259541986,0.0
14.62000036239624,-9.129090930175781,0.3854664672851562,0.9744400756835937,-17.862595419847327,26.30534351145038,14.946564885496183,-10.651803186035156,0.05985504150390625,1.8435352783203125,0.4122137404580153,-3.6030534351145036,14.50381679389313,0.0
14.630000591278076,-8.743624462890624,1.2401964599609374,1.695094775390625,-17.435114503816795,27.709923664122137,11.877862595419847,-10.512939489746094,0.33518823242187495,2.094926452636719,-4.229007633587786,-5.022900763358779,13.541984732824428,0.0
14.640000820159912,-8.657433203124999,-0.16041151123046873,1.4915876342773438,-14.15267175572519,26.106870229007633,11.938931297709924,-10.69968721923828,0.21787235107421873,2.0781670410156248,-9.98473282442748,-7.526717557251908,11.526717557251908,0.0
14.65000033378601,-8.968679418945312,-0.26336218261718747,1.917755529785156,-4.9465648854961835,31.267175572519083,9.877862595419847,-11.183315954589844,-0.6392518432617187,2.43250888671875,-14.83969465648855,-10.366412213740459,9.526717557251908,0.0
14.660000324249268,-8.425195642089843,0.13407529296874998,1.6903063720703124,2.549618320610687,30.366412213740457,7.267175572519084,-12.112266198730469,-1.5035586425781249,2.2601263671875,-9.038167938931299,-18.717557251908396,7.541984732824427,0.0
14.670000553131104,-9.81862100830078,1.0103531005859374,1.6256629272460936,5.6183206106870225,27.16030534351145,4.091603053435114,-11.939883679199218,-1.2761094848632812,2.176329309082031,-12.01526717557252,-25.72519083969466,3.1603053435114505,0.0
14.68000078201294,-8.923189587402343,1.5035586425781249,1.8004396484374998,5.541984732824427,24.702290076335878,1.8931297709923665,-9.725247143554688,-1.0749965454101562,2.1906945190429687,-15.358778625954198,-38.396946564885496,-2.0763358778625953,0.0
14.690000772476196,-10.297461340332031,2.2266075439453124,2.319981408691406,7.694656488549619,23.770992366412212,-0.4122137404580153,-11.14022032470703,-1.37906015625,2.549824768066406,-16.290076335877863,-39.404580152671755,-2.9160305343511452,0.0
14.700000524520874,-10.398017810058594,1.9656395629882812,1.946485949707031,3.5267175572519083,16.53435114503817,0.3969465648854962,-11.93270107421875,-2.6048914062499997,2.2936451904296873,4.748091603053435,-49.43511450381679,-3.1603053435114505,0.0
14.71000075340271,-11.276689819335937,4.319139794921875,2.2361843505859373,-0.22900763358778625,12.641221374045802,-0.0916030534351145,-10.180145458984374,-0.8906430175781249,0.9002198242187499,23.251908396946565,-64.77862595419847,-7.343511450381679,0.0
14.720000743865967,-10.802637890625,4.472368701171875,1.8004396484374998,-10.335877862595419,7.435114503816794,2.0610687022900764,-8.939948999023438,0.689530078125,-0.033518823242187495,16.641221374045802,-61.969465648854964,-10.67175572519084,0.0
14.730000495910645,-9.830592016601562,3.3494881225585935,1.6519991455078125,-13.954198473282442,6.717557251908397,3.5114503816793894,-10.81460889892578,-1.0941501586914062,-0.9074024291992187,23.31297709923664,-62.87022900763359,-10.229007633587786,0.0
14.740000486373901,-9.447519750976562,2.8610709838867185,1.656787548828125,-19.083969465648856,3.9236641221374047,2.931297709923664,-8.877699755859375,1.936909143066406,-1.5658078857421873,18.671755725190838,-60.44274809160305,-15.877862595419847,0.0
14.750000715255737,-9.81862100830078,2.5857377929687497,1.678335363769531,-21.557251908396946,2.015267175572519,3.801526717557252,-10.084377392578125,-0.5770026000976562,-1.0342951171875,6.5038167938931295,-43.603053435114504,-13.786259541984732,0.0
14.760000467300415,-10.129867224121092,2.8706477905273435,1.5705962890624998,-21.282442748091604,1.0687022900763359,6.213740458015267,-9.447519750976562,1.8267758666992187,-2.3056161987304686,12.625954198473282,-43.89312977099237,-14.564885496183207,0.0
14.770000696182251,-8.939948999023438,2.123656872558594,0.7829039428710937,-14.595419847328245,1.618320610687023,9.007633587786259,-7.271190441894531,2.980781066894531,-1.848323681640625,-5.221374045801527,-29.221374045801525,-15.709923664122137,0.0
14.780000686645508,-9.275137231445312,2.346317626953125,0.8068459594726562,-12.931297709923664,3.145038167938931,9.877862595419847,-10.280701928710936,-1.0079588989257813,-0.16280571289062498,-7.816793893129771,-18.0,-9.49618320610687,0.0
14.790000915527344,-9.296685046386719,2.272097375488281,0.7398083129882812,-12.061068702290076,2.6412213740458017,9.84732824427481,-8.298302954101562,0.7254431030273437,-0.22266075439453123,-4.122137404580153,-21.374045801526716,-13.969465648854962,0.0
14.80000114440918,-9.315838659667968,1.407790576171875,0.6775590698242188,-8.717557251908397,2.2290076335877864,8.641221374045802,-9.708487731933593,-0.8786720092773437,0.679953271484375,-2.1374045801526718,-14.946564885496183,-14.229007633587786,0.0
14.810000896453857,-8.916006982421875,0.5339069702148437,1.0079588989257813,0.7938931297709924,3.801526717557252,7.908396946564886,-8.89924757080078,-0.22026655273437498,1.4987702392578124,-0.7022900763358778,-15.84732824427481,-16.442748091603054,0.0
14.820000886917114,-10.730811840820312,2.492363928222656,1.7717092285156248,5.709923664122138,5.801526717557252,5.526717557251908,-9.234435803222656,-0.12210428466796874,2.1547814941406247,0.3511450381679389,-15.770992366412214,-16.793893129770993,0.0
14.830000400543213,-9.698910925292969,1.7238251953125,1.936909143066406,5.419847328244275,2.763358778625954,5.877862595419847,-8.635885388183594,0.6967126831054687,2.616862414550781,-0.04580152671755725,-17.450381679389313,-16.580152671755727,0.0
14.840000867843628,-9.89523546142578,2.051830822753906,2.4516625,3.5572519083969465,0.549618320610687,5.862595419847328,-8.947131604003905,0.679953271484375,2.7724855224609373,-1.9083969465648856,-17.83206106870229,-15.664122137404581,0.0
14.850000619888306,-9.507374792480467,1.3215993164062498,2.6431986328124997,2.3969465648854964,-5.435114503816794,4.396946564885496,-9.397241516113281,0.05985504150390625,2.8203695556640622,-4.152671755725191,-17.984732824427482,-14.458015267175572,0.0
14.860000610351562,-9.828197814941406,1.4173673828125,2.9640216552734375,3.6946564885496183,-7.938931297709924,2.427480916030534,-8.89924757080078,0.06943184814453125,3.4093431640625,-7.648854961832061,-16.702290076335878,-15.450381679389313,0.0
14.87000060081482,-9.289502441406249,0.6440402465820312,2.9568390502929685,9.572519083969466,-10.717557251908397,0.9312977099236641,-8.054094384765625,0.603338818359375,2.789244934082031,-11.83206106870229,-21.923664122137403,-16.99236641221374,0.0
14.880000591278076,-9.229647399902344,0.7038952880859375,3.0741549316406247,15.145038167938932,-14.213740458015268,-0.21374045801526717,-8.904035974121093,-0.3232172241210937,2.8107927490234372,-16.99236641221374,-20.641221374045802,-16.18320610687023,0.0
14.890000581741333,-9.203311181640624,0.9600748657226562,3.071760729980469,19.786259541984734,-16.763358778625953,-1.5114503816793894,-9.253589416503905,-2.0566192260742184,3.4572271972656248,-13.526717557251908,-22.625954198473284,-15.648854961832061,0.0
14.90000057220459,-9.672574707031249,1.7238251953125,3.5506010620117183,22.48854961832061,-19.709923664122137,-2.8244274809160306,-8.13310303955078,-1.3646949462890625,3.2609026611328122,-2.030534351145038,-32.595419847328245,-18.290076335877863,0.0
14.910000324249268,-9.504980590820312,2.6886884643554687,3.797203833007812,22.610687022900763,-23.84732824427481,-3.236641221374046,-7.378929516601562,-0.8714894042968749,2.9089550170898435,-8.564885496183207,-30.519083969465647,-19.435114503816795,0.0
14.920000553131104,-8.197746484375,2.0757728393554684,3.763685009765625,10.458015267175572,-33.80152671755725,-2.9618320610687023,-7.433996154785156,-0.36152445068359373,2.0350714111328125,-5.7251908396946565,-37.81679389312977,-18.763358778625953,0.0
14.930001020431519,-8.927977990722656,2.4013842651367185,4.534617944335937,1.5267175572519085,-38.79389312977099,-4.534351145038168,-8.068459594726562,-1.2689268798828124,2.308010400390625,-5.572519083969466,-35.49618320610687,-17.49618320610687,0.0
14.940000772476196,-8.109161022949218,1.9847931762695312,4.036623999023437,-5.633587786259542,-49.52671755725191,-5.557251908396947,-6.732495068359374,0.1580173095703125,1.9776105712890624,-6.580152671755725,-36.48854961832061,-20.763358778625953,0.0
14.950001001358032,-8.386888415527343,1.7310078002929687,3.6655227416992187,-5.877862595419847,-54.778625954198475,-6.519083969465649,-8.36294639892578,-1.467645617675781,1.9776105712890624,-6.595419847328245,-33.74045801526717,-20.48854961832061,0.0
14.96000051498413,-7.733271362304687,0.2609679809570312,3.402160559082031,-9.114503816793894,-58.33587786259542,-7.862595419847328,-7.896077075195312,-0.9409212524414062,1.8938135131835936,-2.6259541984732824,-33.38931297709924,-22.748091603053435,0.0
14.970000982284546,-7.709329345703124,-0.04548983154296875,3.612850305175781,-4.076335877862595,-58.36641221374046,-10.458015267175572,-7.939172705078125,-1.1228805786132812,1.6927005737304686,1.816793893129771,-32.68702290076336,-23.66412213740458,0.0
14.980000495910645,-7.970297326660156,0.3687070556640625,3.536235852050781,7.145038167938932,-61.83206106870229,-14.67175572519084,-8.980650427246093,-2.480392919921875,2.1811177124023438,10.702290076335878,-31.114503816793892,-21.709923664122137,0.0
14.990000247955322,-8.027758166503906,0.6488286499023437,3.134009973144531,17.053435114503817,-63.587786259541986,-15.709923664122137,-8.262389929199218,-1.484405029296875,0.9528922607421875,26.412213740458014,-40.458015267175576,-23.053435114503817,0.0
15.000000476837158,-7.841010437011718,-0.0430956298828125,2.346317626953125,30.748091603053435,-65.86259541984732,-14.198473282442748,-8.633491186523438,-1.7645266235351562,1.350329736328125,37.221374045801525,-39.66412213740458,-22.732824427480917,0.0
15.010000705718994,-8.609549169921875,2.1404162841796874,2.224213342285156,36.87022900763359,-64.90076335877863,-13.450381679389313,-8.542511523437499,-1.2617442749023438,0.7781155395507812,52.82442748091603,-44.80916030534351,-23.374045801526716,0.0
15.020000696182251,-8.343792785644531,3.2321722412109373,1.6639701538085936,33.908396946564885,-67.16030534351145,-11.099236641221374,-6.4667386840820305,2.6408044311523438,-0.44053310546874996,47.7557251908397,-40.54961832061068,-25.954198473282442,0.0
15.030000686645508,-7.75721337890625,3.727771984863281,1.1611878051757811,31.083969465648856,-66.3206106870229,-7.099236641221374,-7.201758593749999,1.9991583862304687,0.13407529296874998,28.244274809160306,-24.045801526717558,-21.557251908396946,0.0
15.040000915527344,-7.161057165527343,4.431667272949219,1.0175357055664063,21.72519083969466,-62.6412213740458,-4.33587786259542,-6.828263134765624,2.212242333984375,-0.07422025146484375,11.206106870229007,-13.267175572519085,-16.80916030534351,0.0
15.050000429153442,-7.898471276855468,3.4572271972656248,0.7613561279296874,12.778625954198473,-61.465648854961835,-1.9694656488549618,-9.414000927734374,-1.4700398193359374,0.8690952026367187,11.648854961832061,-4.458015267175573,-9.740458015267176,0.0
15.060000896453857,-6.818686328125,0.36391865234375,0.13407529296874998,21.450381679389313,-54.62595419847328,1.465648854961832,-8.283937744140625,-0.8690952026367187,1.149216796875,25.099236641221374,-5.038167938931298,-10.16793893129771,0.0
15.070000648498535,-6.5505357421875,0.430956298828125,-0.17477672119140625,38.58015267175573,-44.13740458015267,0.8091603053435115,-8.856151940917968,-1.6639701538085936,1.5203180541992187,33.908396946564885,-1.618320610687023,-9.572519083969466,0.0
15.08000111579895,-9.337386474609374,3.0214824951171875,1.2689268798828124,45.66412213740458,-34.961832061068705,-1.2671755725190839,-8.662221606445312,-0.8810662109374999,1.5586252807617187,39.6793893129771,-1.450381679389313,-9.526717557251908,0.0
15.090000867843628,-8.580818749999999,3.5960908935546874,1.944091748046875,42.717557251908396,-30.9618320610687,1.5419847328244274,-9.337386474609374,-0.3806780639648437,1.467645617675781,40.412213740458014,-0.2595419847328244,-8.885496183206106,0.0
15.100000381469727,-9.631873278808593,4.915296008300781,2.664746447753906,32.412213740458014,-25.61832061068702,1.9083969465648856,-8.815450512695312,0.842758984375,1.7453730102539062,32.85496183206107,4.152671755725191,-9.007633587786259,0.0
15.110000848770142,-9.34696328125,3.6463691284179687,3.1699229980468746,27.81679389312977,-20.549618320610687,1.9236641221374047,-9.603142858886718,0.016759411621093748,2.6192566162109374,26.259541984732824,9.694656488549619,-6.366412213740458,0.0
15.12000036239624,-9.866505041503906,4.000710974121094,3.9743747558593747,18.519083969465647,-17.84732824427481,-1.1297709923664123,-11.434707128906249,-1.3407529296874998,2.588131994628906,29.022900763358777,11.114503816793894,-4.2748091603053435,0.0
15.130000591278076,-9.60793126220703,2.85388837890625,3.3590649291992185,9.770992366412214,-15.740458015267176,-3.0381679389312977,-10.694898815917968,-0.5770026000976562,2.7748797241210936,29.16030534351145,12.381679389312977,-6.122137404580153,0.0
15.140000581741333,-9.220070593261719,2.693476867675781,2.6288334228515624,1.3435114503816794,-12.702290076335878,-7.6183206106870225,-12.8329208984375,-1.8195932617187498,3.0071172851562498,27.19083969465649,17.16030534351145,-5.847328244274809,0.0
15.150000810623169,-9.323021264648437,2.85388837890625,2.9089550170898435,-2.519083969465649,-9.358778625954198,-10.931297709923664,-11.585541833496093,0.3902548706054687,3.1555577880859373,23.587786259541986,14.351145038167939,-11.740458015267176,0.0
15.160000562667847,-10.17056865234375,4.778826513671874,3.517082238769531,-9.679389312977099,-4.2748091603053435,-13.618320610687023,-11.743559143066406,0.51714755859375,2.2577321655273437,8.65648854961832,17.81679389312977,-10.335877862595419,0.0
15.170000553131104,-10.27830772705078,5.2433016357421875,3.3542765258789062,-19.114503816793892,-2.1068702290076335,-13.435114503816793,-10.611101757812499,1.1133037719726562,2.020706201171875,-3.2977099236641223,18.763358778625953,-8.610687022900763,0.0
15.18000054359436,-9.358934289550781,4.189852905273438,3.2249896362304686,-26.12213740458015,-1.1450381679389312,-11.557251908396946,-10.046070166015625,3.0334535034179684,1.446097802734375,-27.419847328244273,26.763358778625953,-11.297709923664122,0.0
15.190000772476196,-7.939172705078125,0.7445967163085937,3.7804444213867185,-23.61832061068702,0.22900763358778625,-9.770992366412214,-11.961431494140625,1.3168109130859373,2.798821740722656,-51.83206106870229,40.36641221374046,-11.068702290076336,0.0
15.200000524520874,-8.990227233886719,0.033518823242187495,4.924872814941406,-8.748091603053435,8.076335877862595,-12.091603053435115,-13.979743493652343,-1.5634136840820312,3.9839515624999997,-47.9236641221374,38.50381679389313,-9.450381679389313,0.0
15.21000075340271,-10.172962854003906,1.0749965454101562,5.607220288085937,3.312977099236641,8.412213740458014,-16.259541984732824,-13.213598962402344,-1.6711527587890624,3.306392492675781,-37.45038167938932,29.6793893129771,-14.030534351145038,0.0
15.220000505447388,-10.374075793457031,1.2497732666015624,6.268019946289062,13.618320610687023,4.412213740458015,-15.694656488549619,-12.679691992187498,-2.3870190551757813,3.816357446289062,-38.13740458015267,33.267175572519086,-15.145038167938932,0.0
15.230000495910645,-12.061987963867187,1.85790048828125,7.788338000488281,18.68702290076336,0.5954198473282443,-16.35114503816794,-13.915100048828124,-2.0661960327148434,3.303998291015625,-21.282442748091604,28.900763358778626,-7.862595419847328,0.0
15.240000486373901,-13.87918702392578,2.442085693359375,9.572018237304688,20.580152671755727,-10.412213740458014,-15.709923664122137,-11.573570825195311,1.0079588989257813,1.917755529785156,-3.786259541984733,18.580152671755727,-3.435114503816794,0.0
15.250000476837158,-13.697227697753906,0.11731588134765625,10.534487304687499,30.702290076335878,-25.603053435114504,-10.16793893129771,-8.705317236328124,3.507505432128906,0.5267243652343749,-10.595419847328245,19.435114503816795,2.0,0.0
15.260000705718994,-13.326126440429686,0.22026655273437498,10.292672937011718,35.29770992366412,-41.02290076335878,-7.9541984732824424,-7.771578588867187,3.0526071166992184,-0.34715924072265625,-31.236641221374047,28.427480916030536,9.068702290076336,0.0
15.270000696182251,-14.15452021484375,0.4165910888671875,9.91438907470703,27.83206106870229,-57.05343511450382,-11.648854961832061,-8.947131604003905,-0.062249243164062495,-0.469263525390625,-37.23664122137404,29.17557251908397,14.625954198473282,0.0
15.280000686645508,-13.467384338378906,-0.3136404174804687,8.169016064453125,24.778625954198475,-75.93893129770993,-14.732824427480915,-9.5384994140625,-2.1835119140624997,-0.8020575561523438,-28.83969465648855,32.0,11.923664122137405,0.0
15.290000677108765,-9.502586389160156,-5.154716174316406,7.498639599609374,48.70229007633588,-77.70992366412214,-15.435114503816793,-8.396465222167969,-2.8467057739257813,-2.042254016113281,-23.84732824427481,34.30534351145038,7.3893129770992365,0.0
15.30000114440918,-10.608707556152343,-1.3575123413085937,5.767631799316406,52.47328244274809,-84.56488549618321,-26.106870229007633,-10.352527978515624,-5.252878442382812,-1.1851298217773436,-17.389312977099237,39.343511450381676,9.053435114503817,0.0
15.3100004196167,-11.413159313964844,0.3399766357421875,3.3494881225585935,21.34351145038168,-103.32824427480917,-36.916030534351144,-11.540052001953125,-5.1690813842773435,-1.13006318359375,6.33587786259542,38.44274809160305,6.809160305343512,0.0
15.320000886917114,-10.651803186035156,-0.296881005859375,0.8882488159179687,18.229007633587788,-107.55725190839695,-36.656488549618324,-9.497797985839844,-4.6255976074218745,-1.467645617675781,23.786259541984734,31.908396946564885,1.083969465648855,0.0
15.330000638961792,-9.957484704589843,0.1005564697265625,-0.4261678955078125,20.519083969465647,-104.99236641221374,-36.56488549618321,-8.075642199707032,-2.825157958984375,-1.5586252807617187,25.389312977099237,33.55725190839695,-3.480916030534351,0.0
15.340000867843628,-9.497797985839844,1.6136919189453125,-0.8810662109374999,16.9618320610687,-99.05343511450381,-35.00763358778626,-8.949525805664061,-2.9568390502929685,-0.9744400756835937,20.33587786259542,35.98473282442748,-1.9083969465648856,0.0
15.350000858306885,-8.645462194824217,1.9584569580078124,-0.9696516723632812,10.702290076335878,-92.59541984732824,-30.12213740458015,-9.674968908691406,-3.0597897216796874,-0.2705447875976562,21.14503816793893,35.9236641221374,-0.24427480916030533,0.0
15.360000610351562,-9.330203869628905,1.5969325073242187,-0.8068459594726562,8.549618320610687,-81.29770992366412,-23.435114503816795,-10.120290417480469,-2.2840683837890623,0.00239420166015625,21.129770992366414,35.099236641221374,-0.7175572519083969,0.0
15.37000060081482,-8.712499841308594,1.1252747802734375,-0.5674257934570313,16.412213740458014,-66.0,-13.083969465648854,-10.421959826660157,-2.4301146850585935,0.1771709228515625,13.221374045801527,36.62595419847328,1.3282442748091603,0.0
15.380000591278076,-8.647856396484375,1.4508862060546874,-0.3950432739257812,19.954198473282442,-50.229007633587784,-5.969465648854962,-10.848127722167968,-1.6903063720703124,0.8068459594726562,7.908396946564886,39.6793893129771,3.648854961832061,0.0
15.390000581741333,-8.197746484375,2.4396914916992185,0.16280571289062498,8.274809160305344,-38.274809160305345,-4.137404580152672,-10.632649572753905,-1.9871873779296874,1.0007762939453124,-2.9923664122137406,42.29007633587786,5.770992366412214,0.0
15.40000033378601,-9.217676391601563,3.383006945800781,-0.34237083740234375,-7.038167938931298,-31.83206106870229,0.5801526717557252,-11.1474029296875,-4.369418029785156,1.3646949462890625,0.6870229007633588,39.725190839694655,9.48091603053435,0.0
15.410000562667847,-8.2743609375,1.3024457031249999,-0.5817910034179687,-3.2061068702290076,-13.053435114503817,6.3816793893129775,-9.629479077148437,-5.023035083007812,1.3718775512695311,15.877862595419847,31.16030534351145,7.083969465648855,0.0
15.420000553131104,-7.819462622070312,2.3487118286132813,-0.4429273071289062,-14.65648854961832,-5.083969465648855,4.931297709923665,-8.573636145019531,-3.6679169433593746,1.2928688964843749,24.946564885496183,27.17557251908397,2.3053435114503817,0.0
15.430001020431519,-8.492233288574218,3.210624426269531,0.32561142578124996,-34.19847328244275,3.312977099236641,5.740458015267175,-9.5384994140625,-2.7724855224609373,0.55545478515625,29.19083969465649,19.96946564885496,2.7938931297709924,0.0
15.440000534057617,-6.586448767089843,1.180341418457031,-0.08379705810546874,-47.847328244274806,10.061068702290076,7.770992366412214,-8.911218579101561,-0.7134720947265625,0.3016694091796875,22.564885496183205,16.35114503816794,0.9007633587786259,0.0
15.450000762939453,-6.035782385253906,1.0271125122070313,0.07900865478515624,-55.603053435114504,19.72519083969466,8.778625954198473,-9.593566052246093,-0.373495458984375,0.430956298828125,11.312977099236642,16.35114503816794,1.297709923664122,0.0
15.46000051498413,-5.269637854003906,0.6631938598632812,0.3687070556640625,-54.97709923664122,31.480916030534353,8.427480916030534,-9.624690673828125,-0.22505495605468748,0.6009446166992187,0.732824427480916,15.679389312977099,0.7938931297709924,0.0
15.470000743865967,-7.6470801025390625,2.43250888671875,1.2976572998046874,-79.55725190839695,32.62595419847328,3.6946564885496183,-10.587159741210938,-0.8786720092773437,0.59376201171875,-6.213740458015267,14.50381679389313,1.618320610687023,0.0
15.480000495910645,-5.923254907226562,-1.1372457885742187,1.0678139404296874,-79.48091603053435,37.25190839694657,10.305343511450381,-9.871293444824218,-0.9409212524414062,0.3136404174804687,-12.320610687022901,11.48091603053435,1.099236641221374,0.0
15.490000486373901,-4.508281726074219,-3.356670727539062,0.6871358764648438,-56.94656488549618,47.52671755725191,14.763358778625955,-10.000580334472655,-1.4796166259765624,0.21787235107421873,-15.34351145038168,11.129770992366412,1.984732824427481,0.0
15.500000238418579,-5.468356591796875,-3.2632968627929686,2.0350714111328125,-41.49618320610687,60.412213740458014,11.770992366412214,-9.562441430664062,-1.5394716674804687,0.20829554443359374,-13.435114503816793,10.076335877862595,2.0610687022900764,0.0
15.510000705718994,-5.662286926269531,-4.61602080078125,3.1004911499023438,-22.27480916030534,70.58015267175573,8.961832061068701,-9.53131680908203,-2.020706201171875,0.201112939453125,-10.13740458015267,9.022900763358779,2.9770992366412212,0.0
15.520000696182251,-6.081272216796875,-4.199429711914062,4.182670300292968,-0.6870229007633588,79.41984732824427,4.778625954198473,-9.251195214843749,-1.8291700683593748,0.15083470458984374,-6.67175572519084,8.687022900763358,2.732824427480916,0.0
15.530000686645508,-7.687781530761718,-1.9680337646484374,5.65031591796875,10.641221374045802,82.82442748091603,-1.083969465648855,-9.497797985839844,-1.8315642700195311,-0.1005564697265625,-3.0076335877862594,8.564885496183207,2.213740458015267,0.0
15.540000915527344,-9.555258825683593,0.9121908325195311,7.230489013671875,9.297709923664122,79.6793893129771,-5.755725190839694,-9.572018237304688,-1.6232687255859375,-0.3064578125,0.24427480916030533,8.564885496183207,2.564885496183206,0.0
15.550000429153442,-7.192181787109375,-3.67749375,5.2816088623046875,8.793893129770993,68.33587786259542,-2.763358778625954,-9.720458740234374,-1.5514426757812498,-0.39983167724609375,2.198473282442748,9.282442748091603,3.7557251908396947,0.0
15.560000896453857,-7.46272657470703,-2.0733786376953125,6.351817004394531,30.229007633587788,73.16030534351145,-5.511450381679389,-9.344569079589844,-1.3096283081054687,-0.3591302490234375,1.9083969465648856,9.587786259541986,3.618320610687023,0.0
15.570000648498535,-8.865728747558594,0.296881005859375,6.677428430175781,22.641221374045802,64.80916030534351,-12.992366412213741,-9.409212524414063,-0.603338818359375,-0.5865794067382812,2.3053435114503817,10.122137404580153,4.595419847328245,0.0
15.580000877380371,-8.0828248046875,0.47165772705078124,5.719747766113281,16.610687022900763,55.61832061068702,-14.335877862595419,-9.794678991699218,-0.9026140258789062,-0.4955997436523437,-0.8091603053435115,11.038167938931299,6.99236641221374,0.0
15.59000039100647,-7.845798840332031,0.47644613037109373,4.936843823242187,18.564885496183205,51.37404580152672,-12.290076335877863,-8.717288244628906,-1.2330138549804688,0.8906430175781249,-2.122137404580153,11.022900763358779,8.427480916030534,0.0
15.600000619888306,-8.394071020507813,0.9792284790039062,4.939238024902344,23.49618320610687,51.954198473282446,-9.19083969465649,-10.151415039062499,-1.419761584472656,0.38307226562499996,-2.0,11.49618320610687,8.900763358778626,0.0
15.610000371932983,-8.109161022949218,1.1085153686523437,4.7764323120117185,25.14503816793893,50.58015267175573,-4.2748091603053435,-10.27830772705078,-1.47482822265625,0.5147533569335937,-1.786259541984733,12.488549618320612,8.961832061068701,0.0
15.62000036239624,-8.78432589111328,1.3215993164062498,4.331110803222656,30.80916030534351,52.87022900763359,-1.0687022900763359,-9.89523546142578,-1.5514426757812498,0.689530078125,-2.2442748091603053,11.465648854961833,9.465648854961833,0.0
15.630000591278076,-7.934384301757812,2.085349645996094,3.9647979492187497,31.770992366412212,52.82442748091603,1.1145038167938932,-9.926360083007811,-1.898601916503906,0.7565677246093749,-1.0076335877862594,9.908396946564885,9.98473282442748,0.0
15.640000343322754,-8.621520178222656,2.7557261108398436,3.8690298828125,25.72519083969466,52.396946564885496,3.6946564885496183,-9.94072529296875,-1.9009961181640624,0.6081272216796875,-1.083969465648855,8.961832061068701,9.633587786259541,0.0
15.650000810623169,-9.5384994140625,4.048595007324218,4.3622354248046875,18.0,52.58015267175573,7.129770992366412,-9.665392102050781,-1.8938135131835936,0.031124621582031248,-2.0610687022900764,8.335877862595419,9.893129770992367,0.0
15.660000562667847,-9.433154541015625,3.7517140014648436,3.5338416503906247,8.595419847328245,49.83206106870229,14.564885496183207,-8.32463917236328,-0.5817910034179687,-0.7422025146484375,-11.114503816793894,7.938931297709924,9.17557251908397,0.0
15.670000553131104,-8.578424548339843,2.731784094238281,2.5234885498046875,2.16793893129771,53.05343511450382,23.786259541984734,-9.004592443847656,-0.055066638183593745,-0.7254431030273437,-23.31297709923664,14.67175572519084,10.961832061068701,0.0
15.68000078201294,-9.871293444824218,3.227383837890625,3.0526071166992184,-9.221374045801527,54.97709923664122,25.16030534351145,-8.449137658691406,-0.086191259765625,-0.833182177734375,-39.038167938931295,21.221374045801525,11.603053435114504,0.0
15.690001010894775,-9.706093530273437,1.7549498168945312,3.3494881225585935,-21.00763358778626,51.541984732824424,24.580152671755727,-9.730035546875,-3.0741549316406247,-0.6919242797851562,-41.7557251908397,25.083969465648856,14.366412213740459,0.0
15.700000524520874,-10.443507641601562,0.18914193115234373,4.072537023925781,-31.053435114503817,49.786259541984734,18.870229007633586,-9.813832604980469,-4.290409374999999,0.03591302490234375,-26.396946564885496,21.34351145038168,14.01526717557252,0.0
15.71000075340271,-10.134655627441406,-2.626439221191406,4.525041137695312,-28.213740458015266,44.47328244274809,14.687022900763358,-11.080365283203124,-4.144363073730468,-0.17956512451171874,-11.969465648854962,18.68702290076336,11.908396946564885,0.0
15.720000743865967,-12.648567370605468,-2.2577321655273437,6.770802294921874,-16.65648854961832,45.20610687022901,11.84732824427481,-10.43153663330078,-3.1364041748046874,-0.1292868896484375,-6.748091603053435,16.610687022900763,11.282442748091603,0.0
15.730000495910645,-15.116989282226562,1.0031704956054688,7.170633972167968,-11.038167938931299,37.23664122137404,18.0,-8.564059338378906,-0.718260498046875,-0.7230489013671875,-8.366412213740459,11.770992366412214,10.366412213740459,0.0
15.740000486373901,-16.486472631835937,4.898536596679687,6.449979272460937,-19.61832061068702,30.412213740458014,24.412213740458014,-9.349357482910156,-0.5985504150390625,-0.6440402465820312,-12.442748091603054,10.763358778625955,13.511450381679388,0.0
15.750000715255737,-15.90947003173828,3.69664736328125,4.800374328613281,-44.97709923664122,12.687022900763358,27.83206106870229,-8.836998327636719,-0.22505495605468748,-0.21787235107421873,-18.900763358778626,10.335877862595419,14.992366412213741,0.0
15.760000467300415,-13.153743920898437,-0.5051765502929687,2.932897033691406,-34.58015267175573,8.396946564885496,29.557251908396946,-10.951078393554686,-1.0893617553710937,0.062249243164062495,-25.236641221374047,15.435114503816793,19.328244274809162,0.0
15.77000093460083,-11.468225952148437,-0.9169792358398436,2.094926452636719,-28.396946564885496,5.633587786259542,22.27480916030534,-10.740388647460938,-2.0350714111328125,-0.031124621582031248,-24.091603053435115,13.740458015267176,20.15267175572519,0.0
15.780000448226929,-9.756371765136718,-0.6919242797851562,1.7022773803710936,-26.091603053435115,3.2061068702290076,14.458015267175572,-10.594342346191405,-2.427720483398437,-0.16759411621093748,-14.580152671755725,10.335877862595419,19.87786259541985,0.0
15.790000677108765,-7.960720520019531,-0.9983820922851562,1.4820108276367188,-22.458015267175572,4.8396946564885495,11.236641221374045,-9.490615380859374,-1.5921441040039062,-0.11013327636718749,-13.694656488549619,9.312977099236642,17.46564885496183,0.0
15.8000009059906,-6.8402341430664055,-1.7860744384765623,1.2138602416992186,-15.664122137404581,7.603053435114504,10.931297709923664,-9.572018237304688,-0.4740519287109375,-0.46686932373046874,-12.900763358778626,6.6106870229007635,17.419847328244273,0.0
15.810000658035278,-6.950367419433594,-1.216254443359375,1.618480322265625,-8.412213740458014,11.526717557251908,8.885496183206106,-10.149020837402343,-0.5147533569335937,-0.4525041137695312,-12.82442748091603,6.931297709923665,20.213740458015266,0.0
15.820000648498535,-7.094019519042968,-0.16519991455078123,1.5610194824218748,-3.3587786259541983,16.38167938931298,9.221374045801527,-9.696516723632811,-0.239420166015625,-0.24660277099609373,-11.740458015267176,3.480916030534351,20.549618320610687,0.0
15.830000638961792,-7.6614453125,1.24498486328125,1.2306196533203124,-2.687022900763359,19.786259541984734,11.49618320610687,-9.557653027343749,0.8954314208984374,-0.5770026000976562,-11.954198473282442,0.07633587786259542,19.083969465648856,0.0
15.840000867843628,-8.027758166503906,2.77727392578125,0.8499415893554687,-7.038167938931298,23.221374045801525,12.335877862595419,-8.997409838867187,1.0582371337890624,-0.01915361328125,-26.83969465648855,3.3740458015267176,19.114503816793892,0.0
15.850000381469727,-8.927977990722656,3.907337109375,0.41419688720703124,-21.740458015267176,23.14503816793893,12.13740458015267,-9.751583361816406,0.2753331909179687,0.076614453125,-28.244274809160306,3.7251908396946565,20.091603053435115,0.0
15.860000371932983,-9.30147344970703,4.173093493652344,0.27293898925781246,-33.61832061068702,23.81679389312977,12.320610687022901,-9.323021264648437,0.16519991455078123,-0.028730419921875,-32.656488549618324,3.145038167938931,20.03053435114504,0.0
15.87000060081482,-9.928754284667969,4.201823913574218,0.5889736083984375,-44.79389312977099,23.236641221374047,13.541984732824428,-9.957484704589843,-0.8810662109374999,0.229843359375,-31.893129770992367,4.595419847328245,20.47328244274809,0.0
15.880000591278076,-10.398017810058594,3.5434184570312497,1.2593500732421874,-50.44274809160305,22.65648854961832,15.633587786259541,-9.823409411621093,-1.6448165405273436,0.5458779785156249,-27.435114503816795,3.404580152671756,20.259541984732824,0.0
15.890000581741333,-10.83376251220703,2.77727392578125,2.085349645996094,-52.916030534351144,19.984732824427482,19.435114503816795,-9.696516723632811,-2.0638018310546875,0.5458779785156249,-14.900763358778626,-2.4580152671755724,19.51145038167939,0.0
15.90000057220459,-11.058817468261719,2.138022082519531,2.8107927490234372,-48.274809160305345,19.87786259541985,22.106870229007633,-10.907982763671875,-1.898601916503906,0.8762778076171874,-6.717557251908397,-2.549618320610687,19.0381679389313,0.0
15.910000562667847,-10.903194360351561,1.659181750488281,3.0789433349609374,-45.282442748091604,17.129770992366414,23.84732824427481,-9.418789331054686,-1.9847931762695312,0.7445967163085937,-0.5801526717557252,-11.145038167938932,17.022900763358777,0.0
15.920000553131104,-10.266336718749999,0.6727706665039062,2.6886884643554687,-39.770992366412216,14.564885496183207,22.83969465648855,-10.230423693847655,-1.458068811035156,0.6536170532226562,8.931297709923664,-14.259541984732824,16.778625954198475,0.0
15.93000078201294,-10.211270080566406,0.8355763793945312,2.5641899780273434,-37.06870229007634,12.290076335877863,20.045801526717558,-9.76116016845703,0.23702596435546874,0.6847416748046875,8.366412213740459,-15.053435114503817,15.022900763358779,0.0
15.940000295639038,-9.294290844726563,0.47884033203125,1.908178723144531,-30.396946564885496,10.320610687022901,19.17557251908397,-8.90643017578125,2.0350714111328125,-0.5961562133789062,-5.450381679389313,-16.229007633587788,11.740458015267176,0.0
15.950000762939453,-9.289502441406249,1.6041151123046875,1.5346832641601562,-26.53435114503817,11.587786259541986,17.862595419847327,-10.137049829101562,0.7206546997070312,0.13168109130859373,-18.198473282442748,-5.572519083969466,15.648854961832061,0.0
15.96000051498413,-10.345345373535155,3.3016040893554686,1.7022773803710936,-35.221374045801525,8.320610687022901,14.748091603053435,-10.096348400878906,0.258573779296875,0.2920926025390625,-16.580152671755727,-5.343511450381679,14.83969465648855,0.0
15.970000505447388,-9.528922607421874,2.0733786376953125,1.2689268798828124,-34.44274809160305,6.534351145038168,15.755725190839694,-10.007762939453125,-0.10773907470703124,0.19393033447265623,-16.33587786259542,-6.641221374045801,12.931297709923664,0.0
15.980000495910645,-9.088389501953124,0.411802685546875,1.1276689819335937,-26.53435114503817,7.099236641221374,15.816793893129772,-10.026916552734374,-0.143652099609375,0.23223756103515625,-14.625954198473282,-7.893129770992366,11.541984732824428,0.0
15.990000247955322,-8.295908752441406,-1.7764976318359373,0.7206546997070312,-6.916030534351145,10.061068702290076,14.076335877862595,-11.264718811035156,-1.2306196533203124,0.45968671875,-4.793893129770993,-8.931297709923664,12.458015267175572,0.0
16.000000715255737,-8.954314208984375,-0.373495458984375,1.2306196533203124,7.66412213740458,14.16793893129771,8.320610687022901,-10.486603271484375,0.354341845703125,-0.055066638183593745,-5.450381679389313,-14.198473282442748,8.244274809160306,0.0
16.010000705718994,-10.474632263183594,1.944091748046875,1.5346832641601562,4.488549618320611,12.0,4.656488549618321,-9.95987890625,0.4070142822265625,0.6919242797851562,-14.793893129770993,-12.091603053435115,8.67175572519084,0.0
16.02000117301941,-10.189722265624999,1.7645266235351562,1.3742717529296875,5.66412213740458,10.442748091603054,4.99236641221374,-9.591171850585937,1.158793603515625,0.6871358764648438,-11.923664122137405,-17.19083969465649,8.702290076335878,0.0
16.03000044822693,-10.091559997558592,1.9656395629882812,1.0319009155273438,8.83969465648855,10.16793893129771,4.0458015267175576,-9.490615380859374,1.4939818359375,0.603338818359375,-14.946564885496183,-17.0381679389313,8.244274809160306,0.0
16.040000915527344,-10.146626635742187,2.492363928222656,1.0103531005859374,9.83206106870229,10.244274809160306,3.4198473282442747,-11.326968054199218,-0.5458779785156249,1.1180921752929687,-6.763358778625954,-16.80916030534351,8.80916030534351,0.0
16.05000066757202,-9.938331091308592,2.5905261962890624,1.0486603271484374,10.320610687022901,9.282442748091603,2.5801526717557253,-10.702081420898438,-1.0390835205078124,0.5051765502929687,5.893129770992366,-25.801526717557252,6.763358778625954,0.0
16.06000065803528,-9.710881933593749,2.480392919921875,1.13006318359375,10.916030534351146,8.595419847328245,3.1603053435114505,-10.050858569335936,0.70868369140625,-0.15322890625,9.969465648854962,-29.0381679389313,3.5572519083969465,0.0
16.070000886917114,-9.45470235595703,2.786850732421875,1.1348515869140625,10.900763358778626,9.557251908396946,3.969465648854962,-8.276755139160155,2.35589443359375,-1.0414777221679687,-2.2290076335877864,-27.206106870229007,2.1374045801526718,0.0
16.080000638961792,-9.354145886230468,3.6463691284179687,0.8786720092773437,4.6106870229007635,10.259541984732824,4.351145038167939,-9.176974963378905,2.2266075439453124,-1.2210428466796874,-20.564885496183205,-12.854961832061068,5.038167938931298,0.0
16.09000062942505,-9.279925634765624,3.189076611328125,0.507570751953125,-2.900763358778626,9.648854961832061,4.473282442748092,-10.103531005859374,-0.2657563842773437,-0.8212111694335937,-19.740458015267176,-6.916030534351145,6.076335877862595,0.0
16.100000619888306,-9.303867651367186,2.2074539306640624,0.5051765502929687,-5.083969465648855,11.068702290076336,2.7022900763358777,-10.723629235839843,-1.6735469604492186,-0.5985504150390625,-8.977099236641221,-5.847328244274809,3.0839694656488548,0.0
16.110000610351562,-9.97903251953125,2.916137622070312,0.8906430175781249,-11.954198473282442,10.442748091603054,0.44274809160305345,-10.383652600097655,-1.5346832641601562,0.12210428466796874,0.9007633587786259,-8.198473282442748,-0.6106870229007634,0.0
16.1200008392334,-9.344569079589844,1.4245499877929686,1.0295067138671874,-9.129770992366412,12.122137404580153,0.9312977099236641,-10.237606298828124,-0.5817910034179687,0.8068459594726562,6.412213740458015,-9.618320610687023,-2.4885496183206106,0.0
16.130000591278076,-10.019733947753906,2.3319524169921872,1.4772224243164063,-13.404580152671755,11.358778625954198,-1.3587786259541985,-10.12507882080078,-0.02154781494140625,1.2737152832031249,8.320610687022901,-11.007633587786259,-3.7709923664122136,0.0
16.140000581741333,-9.572018237304688,1.6041151123046875,1.3479355346679687,-12.687022900763358,9.618320610687023,-2.0763358778625953,-10.24000050048828,0.19632453613281248,1.4053963745117186,8.641221374045802,-11.98473282442748,-4.6106870229007635,0.0
16.15000057220459,-9.588777648925781,1.0965443603515623,1.8243816650390623,-9.526717557251908,9.19083969465649,-4.229007633587786,-10.637437976074217,-1.3431471313476562,2.2936451904296873,12.320610687022901,-13.19083969465649,-4.320610687022901,0.0
16.160000562667847,-9.327809667968749,0.3399766357421875,2.1164742675781247,-3.404580152671756,7.526717557251908,-5.923664122137405,-10.105925207519531,-0.4070142822265625,2.5474305664062498,17.022900763358777,-18.27480916030534,-7.816793893129771,0.0
16.170000553131104,-9.631873278808593,0.5027823486328125,2.2481553588867187,4.122137404580153,6.824427480916031,-8.748091603053435,-11.604695446777344,-1.39821376953125,2.032677209472656,20.137404580152673,-22.076335877862597,-8.549618320610687,0.0
16.18000030517578,-9.634267480468749,0.5003881469726562,2.370259643554687,12.549618320610687,5.358778625954199,-11.099236641221374,-11.67652149658203,-2.157175695800781,2.8036101440429686,29.709923664122137,-28.916030534351144,-10.564885496183207,0.0
16.190000772476196,-9.871293444824218,1.0989385620117187,2.3774422485351563,19.64885496183206,3.053435114503817,-12.580152671755725,-10.070012182617187,-0.6919242797851562,2.142810485839844,39.29770992366412,-42.274809160305345,-15.083969465648854,0.0
16.200000286102295,-9.342174877929686,1.8770541015625,2.269703173828125,26.717557251908396,3.3587786259541983,-12.427480916030534,-8.166621862792969,1.8028338500976562,1.6543933471679686,27.587786259541986,-46.51908396946565,-18.916030534351144,0.0
16.21000075340271,-9.325415466308593,3.0238766967773434,2.195482922363281,25.557251908396946,2.366412213740458,-11.419847328244275,-9.1554271484375,1.1228805786132812,1.7956512451171873,12.625954198473282,-40.0,-14.946564885496183,0.0
16.22000026702881,-9.60793126220703,3.5194764404296874,2.27927998046875,19.267175572519083,0.061068702290076333,-10.458015267175572,-10.153809240722655,-0.40222587890625,1.7884686401367187,11.32824427480916,-40.18320610687023,-12.916030534351146,0.0
16.230000495910645,-9.37808790283203,3.181894006347656,2.1906945190429687,18.35114503816794,-2.2290076335877864,-7.175572519083969,-8.564059338378906,-0.12449848632812499,1.4532804077148436,13.740458015267176,-46.83969465648855,-15.893129770992367,0.0
16.2400004863739,-8.91840118408203,2.93050283203125,2.3391350219726563,19.221374045801525,-2.7786259541984735,-4.1679389312977095,-7.8912886718749995,1.1420341918945311,0.9337386474609375,6.442748091603053,-45.49618320610687,-19.236641221374047,0.0
16.250000476837158,-8.678981018066406,3.404554760742187,2.6862942626953124,15.709923664122137,-3.5877862595419847,-3.0229007633587788,-8.583212951660157,1.3862427612304686,0.6488286499023437,-9.694656488549619,-37.969465648854964,-18.82442748091603,0.0
16.260000467300415,-8.655039001464843,3.5003228271484375,3.4572271972656248,7.465648854961832,-7.022900763358779,-3.068702290076336,-8.755595471191405,-0.13168109130859373,1.1827356201171875,-20.427480916030536,-31.31297709923664,-16.16793893129771,0.0
16.270000457763672,-8.719682446289061,2.408566870117187,4.120421057128906,-0.33587786259541985,-12.717557251908397,-3.480916030534351,-8.329427575683594,-0.4381389038085937,1.0630255371093749,-12.778625954198473,-33.541984732824424,-17.14503816793893,0.0
16.280000686645508,-8.602366564941406,1.0366893188476562,4.484339709472656,3.3740458015267176,-17.358778625954198,-4.015267175572519,-8.365340600585936,-1.8555062866210936,1.5921441040039062,-3.145038167938931,-34.79389312977099,-18.106870229007633,0.0
16.290000677108765,-9.030928662109375,0.6464344482421874,4.759672900390624,11.465648854961833,-20.916030534351144,-4.244274809160306,-8.549694128417968,-2.375048046875,0.8475473876953125,10.15267175572519,-42.13740458015267,-20.229007633587788,0.0
16.3000009059906,-7.967903124999999,0.41898529052734373,4.513070129394531,27.740458015267176,-22.396946564885496,-1.6793893129770991,-7.311891870117187,-1.0917559570312498,0.8978256225585937,18.549618320610687,-45.099236641221374,-23.0381679389313,0.0
16.31000065803528,-8.264784130859374,1.838746875,4.9416322265625,34.25954198473283,-24.641221374045802,-1.633587786259542,-6.6702458251953125,0.8403647827148437,1.1611878051757811,17.480916030534353,-45.69465648854962,-25.404580152671755,0.0
16.320001125335693,-8.418013037109375,2.50912333984375,5.061342309570312,35.29770992366412,-28.366412213740457,0.2900763358778626,-7.141903552246093,2.061407629394531,0.1388636962890625,6.366412213740458,-42.25954198473283,-26.366412213740457,0.0
16.330000638961792,-9.852139831542969,5.679046337890624,4.881777185058594,13.251908396946565,-39.23664122137404,-2.7022900763358777,-7.639897497558593,2.308010400390625,-0.6057330200195312,-0.549618320610687,-37.465648854961835,-25.099236641221374,0.0
16.340000867843628,-8.987833032226561,5.288791467285156,4.189852905273438,-12.244274809160306,-53.038167938931295,-3.7404580152671754,-8.264784130859374,1.2018892333984375,1.5275006591796874,-6.259541984732825,-32.396946564885496,-25.84732824427481,0.0
16.350000381469727,-8.075642199707032,3.071760729980469,3.1651345947265623,-22.27480916030534,-61.86259541984733,-3.969465648854962,-8.319850769042969,1.2689268798828124,0.8259995727539062,-12.641221374045802,-32.33587786259542,-25.755725190839694,0.0
16.360000610351562,-7.335833886718749,0.9074024291992187,3.229778039550781,-19.984732824427482,-65.87786259541984,-5.358778625954199,-8.650250598144531,0.6368576416015624,1.1372457885742187,-18.27480916030534,-28.244274809160306,-24.38167938931298,0.0
16.37000060081482,-7.417236743164062,0.18914193115234373,2.858676782226562,-12.717557251908397,-67.95419847328245,-9.17557251908397,-8.834604125976561,-0.12689268798828124,1.5131354492187499,-16.641221374045802,-28.229007633587788,-23.114503816793892,0.0
16.380000352859497,-6.72291826171875,-0.6631938598632812,1.4939818359375,-6.442748091603053,-68.56488549618321,-12.625954198473282,-8.63109698486328,-0.9241618408203125,2.35589443359375,-3.801526717557252,-33.7557251908397,-23.419847328244273,0.0
16.390000581741333,-7.1203557373046875,-0.5291185668945312,0.2059013427734375,6.549618320610687,-65.72519083969466,-16.27480916030534,-8.90643017578125,-1.5203180541992187,2.1116858642578125,10.427480916030534,-37.7557251908397,-23.893129770992367,0.0
16.40000057220459,-7.206546997070312,-0.20829554443359374,-0.2657563842773437,17.480916030534353,-60.458015267175576,-17.206106870229007,-8.432378247070313,-1.5921441040039062,2.1068974609374997,27.251908396946565,-45.847328244274806,-25.938931297709924,0.0
16.410000562667847,-8.044517578125,1.9225439331054686,0.055066638183593745,27.69465648854962,-53.038167938931295,-16.0,-6.236895324707031,0.5770026000976562,1.7573440185546874,24.885496183206108,-47.89312977099237,-29.099236641221374,0.0
16.420000553131104,-9.2320416015625,5.039794494628906,0.7637503295898437,22.900763358778626,-48.152671755725194,-11.129770992366412,-7.671022119140624,-1.1827356201171875,2.2481553588867187,16.99236641221374,-40.47328244274809,-24.061068702290076,0.0
16.43000078201294,-10.062829577636718,5.224148022460938,0.842758984375,12.213740458015268,-42.961832061068705,-6.9465648854961835,-9.124302526855468,-1.7693150268554687,2.3223756103515623,28.244274809160306,-44.534351145038165,-20.35114503816794,0.0
16.440000534057617,-10.412383020019531,3.0645781249999997,1.1252747802734375,4.091603053435114,-38.0763358778626,-5.374045801526718,-7.936778503417968,0.3806780639648437,1.7908628417968748,30.564885496183205,-45.02290076335878,-23.87786259541985,0.0
16.450000762939453,-9.909600671386718,2.549824768066406,1.9776105712890624,3.801526717557252,-31.557251908396946,-5.6183206106870225,-7.994239343261718,-0.5267243652343749,2.588131994628906,18.610687022900763,-35.23664122137404,-22.83969465648855,0.0
16.46000051498413,-9.121908325195312,2.6240450195312497,2.887407202148437,3.8473282442748094,-24.641221374045802,-7.374045801526718,-9.97903251953125,-1.8124106567382812,2.7341782958984373,21.954198473282442,-32.152671755725194,-19.450381679389313,0.0
16.470000743865967,-9.991003527832031,2.50912333984375,3.394977954101562,9.816793893129772,-18.549618320610687,-8.961832061068701,-10.019733947753906,-1.4532804077148436,2.032677209472656,32.70229007633588,-30.0,-20.15267175572519,0.0
16.480000495910645,-8.470685473632813,1.3096283081054687,3.3303345092773435,17.022900763358777,-16.50381679389313,-9.282442748091603,-8.954314208984375,-0.37828386230468747,1.8602946899414061,36.030534351145036,-25.34351145038168,-22.18320610687023,0.0
16.4900004863739,-8.48505068359375,2.3511060302734372,3.459621398925781,13.007633587786259,-15.374045801526718,-13.603053435114504,-8.999804040527343,0.14604630126953125,1.177947216796875,36.47328244274809,-18.045801526717558,-20.091603053435115,0.0
16.500000476837158,-8.161833459472655,2.50912333984375,3.42849677734375,5.755725190839694,-15.48091603053435,-15.923664122137405,-7.41244833984375,1.6735469604492186,-0.8954314208984374,30.366412213740457,-13.908396946564885,-20.3206106870229,0.0
16.510000705718994,-8.755595471191405,2.722207287597656,3.7421371948242186,1.251908396946565,-14.16793893129771,-17.81679389312977,-11.391611499023437,-0.09816226806640624,1.0797849487304687,28.85496183206107,2.2748091603053435,-14.412213740458014,0.0
16.52000069618225,-9.397241516113281,2.6719290527343746,3.6463691284179687,-1.4198473282442747,-15.251908396946565,-18.549618320610687,-11.781866369628906,-1.197100830078125,2.4516625,37.63358778625954,5.251908396946565,-12.290076335877863,0.0
16.530000686645508,-9.471461767578125,2.35589443359375,3.7229835815429686,0.13740458015267176,-14.106870229007633,-19.251908396946565,-9.181763366699219,0.5051765502929687,2.7820623291015623,35.603053435114504,7.343511450381679,-12.213740458015268,0.0
16.540001153945923,-10.551246716308594,3.057395520019531,4.316745593261719,-0.5648854961832062,-13.86259541984733,-21.206106870229007,-9.861716638183593,1.9967641845703124,0.86191259765625,33.61832061068702,8.488549618320612,-8.885496183206106,0.0
16.55000066757202,-11.226411584472656,3.555389465332031,4.946420629882812,-5.541984732824427,-15.801526717557252,-22.549618320610687,-8.559270935058594,4.1946413085937495,0.3064578125,24.85496183206107,12.351145038167939,-8.061068702290076,0.0
16.560000896453857,-10.855310327148437,3.296815686035156,5.65031591796875,-9.603053435114504,-19.480916030534353,-22.15267175572519,-9.651026892089844,5.4515971801757805,0.1197100830078125,-7.511450381679389,31.954198473282442,-10.458015267175572,0.0
16.570000648498535,-9.507374792480467,1.388636962890625,5.7891796142578125,-7.648854961832061,-22.580152671755727,-18.564885496183205,-11.937489477539062,0.5746083984375,2.020706201171875,-31.709923664122137,39.52671755725191,-10.244274809160306,0.0
16.58000087738037,-9.459490759277344,0.6392518432617187,5.9376201171875,-6.290076335877862,-25.572519083969464,-19.954198473282442,-14.506467858886717,-3.2441432495117186,3.840299462890625,-39.57251908396947,44.12213740458015,-10.82442748091603,0.0
16.59000039100647,-10.127473022460936,0.13646949462890623,6.222530114746093,-1.083969465648855,-29.068702290076335,-22.045801526717558,-13.05558165283203,-2.29843359375,5.990292553710937,-43.70992366412214,56.213740458015266,-18.137404580152673,0.0
16.600000619888306,-12.026074938964843,-0.37828386230468747,7.070077502441406,10.931297709923664,-35.23664122137404,-23.328244274809162,-15.248670373535155,-1.458068811035156,2.3343466186523436,-36.67175572519084,45.083969465648856,-16.33587786259542,0.0
16.610000610351562,-13.481749548339844,-1.446097802734375,8.020575561523437,31.923664122137403,-40.35114503816794,-22.641221374045802,-14.439430212402343,-0.5961562133789062,1.1755530151367186,-22.137404580152673,40.76335877862596,-6.595419847328245,0.0
16.62000036239624,-14.650119958496093,-3.0933085449218747,8.695740429687499,57.3587786259542,-47.954198473282446,-21.267175572519083,-11.350910070800781,0.09576806640624999,-0.9744400756835937,-12.458015267175572,29.66412213740458,-1.4351145038167938,0.0
16.630000591278076,-13.70680450439453,-5.027823486328125,8.525752111816406,92.76335877862596,-52.717557251908396,-20.106870229007633,-6.816292126464844,2.9640216552734375,-2.712630480957031,-22.38167938931298,28.778625954198475,-3.5877862595419847,0.0
16.640000820159912,-14.686032983398437,-2.674323254394531,7.953537915039062,111.69465648854961,-57.083969465648856,-23.236641221374047,-8.176198669433592,-1.189918225097656,-1.7741034301757812,-38.10687022900763,40.0763358778626,4.366412213740458,0.0
16.65000057220459,-15.152902307128905,0.5434837768554687,7.881711865234375,113.63358778625954,-64.2442748091603,-26.30534351145038,-8.870517150878905,-4.132392065429687,-1.8746598999023436,-22.68702290076336,36.79389312977099,7.862595419847328,0.0
16.660000562667847,-15.770606335449218,2.118868469238281,7.493851196289062,89.00763358778626,-77.23664122137404,-25.81679389312977,-7.884106066894531,-4.637568615722656,-1.5107412475585937,-7.480916030534351,39.541984732824424,2.519083969465649,0.0
16.67000102996826,-13.304578625488281,2.7844565307617186,4.563348364257812,78.79389312977099,-88.1526717557252,-16.106870229007633,-9.720458740234374,-7.225700610351562,-0.6057330200195312,3.4198473282442747,48.62595419847328,6.061068702290076,0.0
16.68000030517578,-14.130578198242187,4.989516259765625,3.9719805541992184,41.17557251908397,-100.13740458015268,-14.351145038167939,-11.693280908203125,-6.667851623535156,-0.4165910888671875,34.656488549618324,43.221374045801525,6.137404580152672,0.0
16.690000772476196,-12.794613671875,3.7995980346679685,2.7341782958984373,20.732824427480917,-109.90839694656489,-7.755725190839694,-8.777143286132812,-4.357447021484375,-0.30885201416015623,52.961832061068705,38.213740458015266,0.6564885496183206,0.0
16.700000524520874,-10.340556970214843,2.1499930908203124,1.0726023437499999,11.19083969465649,-111.98473282442748,0.13740458015267176,-9.0021982421875,-1.438915197753906,-0.2825157958984375,51.70992366412214,41.3587786259542,-1.5419847328244274,0.0
16.71000075340271,-8.846575134277343,1.22583125,0.9337386474609375,2.7938931297709924,-109.09923664122137,3.1755725190839694,-10.12507882080078,0.30885201416015623,-0.9720458740234375,35.25190839694657,43.70992366412214,0.7786259541984732,0.0
16.720000505447388,-7.773972790527344,0.814028564453125,0.4261678955078125,-0.8702290076335878,-103.64885496183206,6.183206106870229,-9.65342109375,0.8068459594726562,0.679953271484375,18.290076335877863,47.49618320610687,3.7404580152671754,0.0
16.730000495910645,-6.610390783691406,-0.5291185668945312,-0.0383072265625,-2.4122137404580153,-95.7557251908397,7.801526717557252,-11.14022032470703,-1.1109095703125,1.3575123413085937,6.961832061068702,49.20610687022901,7.190839694656488,0.0
16.74000072479248,-5.753266589355468,-2.437297290039062,-0.3447650390625,6.259541984732825,-81.1145038167939,8.65648854961832,-10.256759912109374,-2.3726538452148436,1.0271125122070313,10.687022900763358,38.152671755725194,6.137404580152672,0.0
16.750000476837158,-6.004657763671875,-1.9584569580078124,-0.10773907470703124,14.83969465648855,-65.77099236641222,6.396946564885496,-11.336544860839844,-4.185064501953125,1.446097802734375,16.549618320610687,32.85496183206107,3.9389312977099236,0.0
16.760000944137573,-5.9974751586914055,-1.3120225097656248,0.031124621582031248,12.50381679389313,-54.732824427480914,4.320610687022901,-10.046070166015625,-2.664746447753906,0.9648632690429687,18.015267175572518,25.954198473282442,-0.3969465648854962,0.0
16.77000069618225,-6.117185241699218,0.5698199951171875,0.4477157104492187,9.038167938931299,-39.20610687022901,2.549618320610687,-10.213664282226562,-2.4349030883789062,0.9074024291992187,16.625954198473284,22.47328244274809,0.549618320610687,0.0
16.780000686645508,-5.597643481445312,1.4149731811523436,-0.09576806640624999,0.3511450381679389,-29.96946564885496,2.045801526717557,-9.648632690429688,-1.4006079711914061,0.9983820922851562,14.854961832061068,20.80916030534351,0.9618320610687023,0.0
16.790000915527344,-6.035782385253906,1.8435352783203125,-0.17238251953125,-9.221374045801527,-18.580152671755727,0.8854961832061069,-9.344569079589844,-1.2928688964843749,1.1133037719726562,11.19083969465649,19.435114503816795,1.2213740458015268,0.0
16.8000009059906,-5.930437512207031,2.5067291381835934,-0.1388636962890625,-28.9618320610687,-11.740458015267176,-0.7786259541984732,-9.057264880371093,-1.0271125122070313,0.928950244140625,7.450381679389313,18.519083969465647,0.9312977099236641,0.0
16.81000065803528,-3.84987626953125,-0.22266075439453123,-1.2401964599609374,-28.99236641221374,-0.22900763358778625,3.7251908396946565,-9.18655177001953,-1.35990654296875,0.7876923461914062,3.5114503816793894,17.83206106870229,0.4580152671755725,0.0
16.820000886917114,-5.463568188476562,1.9967641845703124,-0.40462008056640625,-41.66412213740458,10.931297709923664,-1.5114503816793894,-9.287108239746093,-1.656787548828125,0.6943184814453125,1.0534351145038168,17.49618320610687,-0.4732824427480916,0.0
16.830000400543213,-5.829881042480468,1.936909143066406,-0.4165910888671875,-55.099236641221374,16.931297709923665,-2.931297709923664,-9.593566052246093,-2.0757728393554684,0.622492431640625,0.7022900763358778,16.47328244274809,-0.8702290076335878,0.0
16.84000062942505,-4.627991809082031,-0.38786066894531246,-0.8188169677734375,-56.74809160305343,26.366412213740457,-0.6412213740458015,-9.720458740234374,-2.3726538452148436,0.3280056274414062,1.0076335877862594,15.297709923664122,-2.6564885496183206,0.0
16.850000381469727,-5.329492895507812,0.70868369140625,-0.28730419921875,-57.52671755725191,37.25190839694657,-3.267175572519084,-10.225635290527343,-2.3726538452148436,0.2561795776367187,2.900763358778626,15.145038167938932,-2.9618320610687023,0.0
16.860000610351562,-6.4739212890625,0.6727706665039062,0.6057330200195312,-81.14503816793894,40.01526717557252,-8.259541984732824,-10.17056865234375,-1.62805712890625,0.12689268798828124,5.511450381679389,13.709923664122137,-2.3206106870229006,0.0
16.8700008392334,-3.746925598144531,-4.129997863769531,0.4525041137695312,-64.10687022900764,49.6793893129771,-1.8625954198473282,-9.976638317871092,-1.484405029296875,0.16759411621093748,5.206106870229007,13.17557251908397,-0.732824427480916,0.0
16.880000591278076,-4.254496350097656,-4.115632653808594,0.7398083129882812,-33.83206106870229,68.59541984732824,-2.183206106870229,-9.560047229003906,-1.2282254516601563,0.4836287353515625,4.625954198473282,13.740458015267176,0.16793893129770993,0.0
16.890000581741333,-5.511452221679687,-2.4349030883789062,2.0183119995117185,-19.16030534351145,80.99236641221374,-6.595419847328245,-9.962273107910155,-1.5275006591796874,0.5434837768554687,5.1603053435114505,14.641221374045802,1.7099236641221374,0.0
16.90000057220459,-6.9910688476562495,-2.176329309082031,3.4428619873046875,-0.9465648854961832,92.30534351145039,-7.206106870229007,-9.624690673828125,-1.7022773803710936,0.6775590698242188,6.595419847328245,14.396946564885496,2.519083969465649,0.0
16.910001039505005,-7.115567333984375,-1.7621324218749999,4.410119458007812,21.862595419847327,101.7557251908397,-4.595419847328245,-9.737218151855469,-1.879448303222656,0.7158662963867187,9.938931297709924,14.15267175572519,3.7557251908396947,0.0
16.920000553131104,-7.7596075805664055,-0.411802685546875,5.418078356933593,37.38931297709924,107.25190839694656,-2.8396946564885495,-9.026140258789061,-0.8882488159179687,0.4165910888671875,8.961832061068701,13.16030534351145,3.7557251908396947,0.0
16.93000078201294,-8.238447912597655,0.8212111694335937,5.856217260742187,42.961832061068705,108.74809160305344,-1.7709923664122138,-9.366116894531249,-1.149216796875,0.10295067138671875,7.984732824427481,12.854961832061068,5.633587786259542,0.0
16.940000534057617,-8.987833032226561,1.8938135131835936,6.931213806152344,41.57251908396947,107.98473282442748,-0.6259541984732825,-9.981426721191406,-0.9528922607421875,0.6272808349609375,13.404580152671755,12.488549618320612,5.251908396946565,0.0
16.950000524520874,-9.928754284667969,3.071760729980469,7.340622290039062,37.267175572519086,104.70229007633588,1.3587786259541985,-10.675745202636719,-0.4165910888671875,-0.25139117431640623,-0.3816793893129771,17.64885496183206,6.793893129770993,0.0
16.96000051498413,-10.307038146972655,3.9456443359374997,7.187393383789062,19.083969465648856,96.61068702290076,2.015267175572519,-9.543287817382812,-0.3495534423828125,0.19393033447265623,-5.6183206106870225,15.282442748091603,8.076335877862595,0.0
16.970000505447388,-9.775525378417969,1.9871873779296874,5.760449194335937,0.10687022900763359,86.38167938931298,2.6717557251908395,-8.583212951660157,0.5865794067382812,-0.7948749511718749,-16.290076335877863,17.755725190839694,7.66412213740458,0.0
16.980000495910645,-9.91438907470703,0.26815058593749996,6.011840368652344,4.091603053435114,91.22137404580153,0.916030534351145,-10.43871923828125,-1.0462661254882812,-0.967257470703125,-25.358778625954198,24.213740458015266,10.473282442748092,0.0
16.9900004863739,-9.847351428222655,0.30406361083984373,5.97592734375,0.732824427480916,84.30534351145039,-3.0381679389312977,-10.752359655761719,-1.7693150268554687,-0.8259995727539062,-34.44274809160305,31.740458015267176,12.381679389312977,0.0
17.000000476837158,-10.771513269042968,0.023942016601562498,6.131550451660156,-4.122137404580153,75.16030534351145,-3.5114503816793894,-10.831368310546875,-3.9600095458984375,-0.4429273071289062,-20.137404580152673,28.27480916030534,12.961832061068701,0.0
17.010000705718994,-11.142614526367186,0.5458779785156249,5.355829113769531,4.030534351145038,69.26717557251908,1.3129770992366412,-9.916783276367187,-3.1124621582031247,-0.9241618408203125,-11.145038167938932,26.0,10.65648854961832,0.0
17.02000117301941,-11.959037292480469,1.7812860351562498,5.195417602539062,12.229007633587786,67.06870229007633,9.557251908396946,-8.384494213867187,-1.8028338500976562,-1.1276689819335937,-10.106870229007633,21.862595419847327,8.381679389312977,0.0
17.030000686645508,-12.610260144042968,2.5905261962890624,6.203376501464843,9.49618320610687,61.98473282442748,13.877862595419847,-9.603142858886718,-2.6815058593749996,-0.6919242797851562,-11.84732824427481,25.49618320610687,10.595419847328245,0.0
17.040000915527344,-13.01727442626953,2.0542250244140625,7.345410693359375,-0.5190839694656488,47.954198473282446,16.595419847328245,-10.450690246582031,-3.852270471191406,0.2561795776367187,1.6030534351145038,24.9618320610687,12.641221374045802,0.0
17.05000066757202,-13.290213415527344,0.9241618408203125,8.099584216308592,-2.549618320610687,33.81679389312977,19.755725190839694,-8.997409838867187,-2.1691467041015624,-0.3447650390625,7.022900763358779,21.61832061068702,9.022900763358779,0.0
17.06000065803528,-13.773842150878906,2.1212626708984375,7.829039428710937,-2.7938931297709924,19.053435114503817,26.442748091603054,-11.087547888183593,-2.901772412109375,-0.28012159423828126,11.877862595419847,22.47328244274809,11.145038167938932,0.0
17.070000648498535,-12.8329208984375,3.2225954345703123,7.098807922363281,-9.404580152671755,9.48091603053435,35.12977099236641,-8.901641772460938,-3.0909143432617188,-0.24181436767578124,14.351145038167939,15.618320610687023,9.32824427480916,0.0
17.08000087738037,-12.811373083496093,1.3024457031249999,6.2584431396484375,-5.816793893129771,5.572519083969466,43.48091603053435,-10.019733947753906,-2.5617957763671875,0.16280571289062498,18.290076335877863,15.938931297709924,9.603053435114504,0.0
17.09000039100647,-11.279084020996093,0.37828386230468747,4.7572786987304685,-0.22900763358778625,1.4351145038167938,44.12213740458015,-10.366893188476562,-1.7501614135742187,0.12449848632812499,19.450381679389313,12.213740458015268,10.534351145038167,0.0
17.100000619888306,-10.328585961914062,1.2689268798828124,3.5290532470703124,-5.66412213740458,-2.183206106870229,40.36641221374046,-10.496180078124999,-0.8403647827148437,0.3687070556640625,16.244274809160306,9.557251908396946,11.419847328244275,0.0
17.110000610351562,-8.410830432128906,1.1348515869140625,2.427720483398437,-15.007633587786259,-4.152671755725191,36.06106870229008,-10.280701928710936,-0.05027823486328125,0.6488286499023437,10.549618320610687,6.8396946564885495,11.145038167938932,0.0
17.1200008392334,-7.1586629638671875,0.7134720947265625,2.2026655273437497,-25.96946564885496,-3.267175572519084,30.198473282442748,-9.82580361328125,0.6655880615234374,0.5291185668945312,2.717557251908397,3.572519083969466,11.694656488549619,0.0
17.130000352859497,-6.208164904785156,-0.38786066894531246,1.7022773803710936,-31.755725190839694,0.9312977099236641,25.96946564885496,-9.74200655517578,0.6296750366210937,0.44053310546874996,-6.1679389312977095,1.4351145038167938,12.595419847328245,0.0
17.140000820159912,-6.0884548217773435,-1.0295067138671874,1.1516109985351561,-37.038167938931295,5.129770992366412,22.427480916030536,-9.497797985839844,0.8762778076171874,0.2561795776367187,-15.419847328244275,-0.8549618320610687,12.549618320610687,0.0
17.15000057220459,-6.205770703124999,-0.8259995727539062,0.47644613037109373,-37.541984732824424,12.15267175572519,19.16030534351145,-9.782707983398437,0.6823474731445313,0.26336218261718747,-25.984732824427482,-1.3893129770992367,12.931297709923664,0.0
17.160000562667847,-7.153874560546875,0.7278373046875,0.45489831542968745,-40.152671755725194,19.480916030534353,16.671755725190838,-9.406818322753905,1.2234370483398436,-0.07900865478515624,-35.770992366412216,-4.015267175572519,11.86259541984733,0.0
17.170000553131104,-7.560888842773437,0.7709329345703124,0.20350714111328125,-44.68702290076336,25.068702290076335,16.229007633587788,-9.038111267089842,0.9935936889648437,0.10295067138671875,-52.534351145038165,-0.015267175572519083,12.290076335877863,0.0
17.18000030517578,-6.4356140625,-1.9704279663085937,-0.5339069702148437,-32.85496183206107,32.656488549618324,17.984732824427482,-9.775525378417969,-0.1771709228515625,-0.076614453125,-52.18320610687023,-2.0916030534351147,14.732824427480915,0.0
17.190000772476196,-7.536946826171874,-1.4772224243164063,-0.1580173095703125,-14.01526717557252,42.916030534351144,14.305343511450381,-9.758765966796874,-0.488417138671875,-0.20350714111328125,-54.80916030534351,-1.8778625954198473,14.992366412213741,0.0
17.200000524520874,-9.730035546875,0.08379705810546874,0.5626373901367188,-1.1603053435114503,52.25954198473283,10.51908396946565,-9.17458076171875,-0.6823474731445313,-0.37828386230468747,-56.01526717557252,-3.5877862595419847,15.099236641221374,0.0
17.21000075340271,-10.687716210937499,2.3343466186523436,1.1468225952148436,-1.3587786259541985,57.38931297709924,8.01526717557252,-10.079588989257813,-1.7022773803710936,-0.4955997436523437,-54.0763358778626,-2.687022900763359,18.061068702290076,0.0
17.220000505447388,-11.116278308105468,3.423708374023437,1.455674609375,-9.709923664122137,57.64885496183206,9.603053435114504,-10.12507882080078,-1.7788918334960937,-0.229843359375,-49.541984732824424,-3.2519083969465647,18.916030534351144,0.0
17.230000495910645,-11.415553515625,4.141968872070312,1.9656395629882812,-21.908396946564885,54.045801526717554,10.305343511450381,-10.17056865234375,-1.5801730957031248,-0.2753331909179687,-43.69465648854962,-4.580152671755725,18.83969465648855,0.0
17.240000247955322,-11.808202587890625,4.390965844726562,2.3726538452148436,-40.44274809160305,47.969465648854964,11.053435114503817,-10.388441003417968,-1.7166425903320313,-0.316034619140625,-38.54961832061068,-3.8473282442748094,19.557251908396946,0.0
17.25000023841858,-11.872846032714843,4.036623999023437,2.300827795410156,-59.29770992366412,40.35114503816794,12.213740458015268,-9.753977563476562,-0.8044517578125,-0.43574470214843747,-33.847328244274806,-5.038167938931298,18.732824427480917,0.0
17.260000705718994,-9.591171850585937,2.104503259277344,1.4437036010742186,-74.83969465648855,29.221374045801525,13.969465648854962,-9.368511096191405,-0.13168109130859373,-0.8714894042968749,-33.038167938931295,-4.2748091603053435,18.519083969465647,0.0
17.27000069618225,-10.991779821777342,3.086125939941406,2.2649147705078123,-83.40458015267176,24.091603053435115,12.961832061068701,-10.194510668945313,-0.603338818359375,-0.3495534423828125,-31.480916030534353,-0.32061068702290074,19.908396946564885,0.0
17.28000044822693,-8.604760766601562,-0.40940848388671874,1.120486376953125,-74.25954198473282,21.297709923664122,16.641221374045802,-9.294290844726563,0.7876923461914062,-0.7781155395507812,-31.0381679389313,-1.9236641221374047,18.3206106870229,0.0
17.290000677108765,-8.971073620605468,0.1005564697265625,1.5586252807617187,-60.50381679389313,22.366412213740457,16.015267175572518,-9.83777462158203,0.16280571289062498,-0.5626373901367188,-32.51908396946565,1.633587786259542,20.061068702290076,0.0
17.3000009059906,-8.954314208984375,-0.29448680419921874,1.7310078002929687,-46.045801526717554,23.221374045801525,15.725190839694656,-11.123460913085937,-1.1348515869140625,0.06943184814453125,-22.564885496183205,1.3587786259541985,21.00763358778626,0.0
17.310000896453857,-8.250418920898436,-1.024718310546875,1.4508862060546874,-31.801526717557252,20.641221374045802,15.19083969465649,-10.647014782714843,0.1292868896484375,-0.29927520751953124,-20.85496183206107,-2.7480916030534353,18.916030534351144,0.0
17.320000886917114,-8.767566479492187,-0.8882488159179687,1.6065093139648436,-20.061068702290076,20.519083969465647,13.664122137404581,-9.916783276367187,0.8667010009765624,0.24660277099609373,-28.290076335877863,-1.6030534351145038,19.419847328244273,0.0
17.330000400543213,-9.730035546875,-0.4525041137695312,1.8028338500976562,-9.053435114503817,18.900763358778626,9.98473282442748,-10.326191760253906,0.8714894042968749,0.1580173095703125,-24.99236641221374,-5.893129770992366,19.587786259541986,0.0
17.340000867843628,-9.514557397460937,-0.08379705810546874,2.0925322509765625,2.0,18.900763358778626,7.877862595419847,-9.528922607421874,1.2689268798828124,0.4908113403320312,-33.23664122137404,-5.603053435114504,18.793893129770993,0.0
17.350000619888306,-10.141838232421874,0.9217676391601562,1.7262193969726563,7.145038167938932,17.328244274809162,6.488549618320611,-10.36210478515625,-0.5051765502929687,1.1252747802734375,-31.862595419847327,-4.763358778625954,20.290076335877863,0.0
17.360000371932983,-9.89523546142578,1.1875240234375,0.8762778076171874,12.442748091603054,15.694656488549619,5.282442748091603,-8.980650427246093,0.6703764648437499,0.5123591552734374,-26.916030534351144,-11.16030534351145,17.114503816793892,0.0
17.37000060081482,-10.184933862304687,2.9185318237304685,0.01915361328125,14.335877862595419,15.954198473282442,3.9083969465648853,-10.304643945312499,-0.28012159423828126,-0.55545478515625,-22.061068702290076,-10.15267175572519,18.549618320610687,0.0
17.380000591278076,-10.407594616699217,4.44363828125,-0.12210428466796874,8.15267175572519,17.0381679389313,3.404580152671756,-10.268730920410155,-0.565031591796875,-1.1611878051757811,-18.38167938931298,-11.007633587786259,16.48854961832061,0.0
17.390000581741333,-10.330980163574218,4.762067102050781,-0.07900865478515624,0.549618320610687,17.129770992366414,4.061068702290076,-10.271125122070313,-2.384624853515625,-0.7757213378906249,-7.00763358778626,-13.969465648854962,15.251908396946565,0.0
17.40000081062317,-9.91438907470703,4.266467358398438,0.2059013427734375,-8.244274809160306,16.763358778625953,5.32824427480916,-11.77228956298828,-2.808398547363281,-0.3016694091796875,9.114503816793894,-15.358778625954198,13.49618320610687,0.0
17.410000562667847,-9.777919580078125,3.737348791503906,0.5626373901367188,-14.488549618320612,16.931297709923665,5.526717557251908,-10.733206042480468,-0.7565677246093749,-0.7278373046875,19.72519083969466,-21.49618320610687,7.511450381679389,0.0
17.420000553131104,-9.421183532714844,3.0813375366210938,0.86191259765625,-17.72519083969466,17.740458015267176,5.435114503816794,-9.821015209960937,2.3319524169921872,-2.1835119140624997,7.572519083969466,-17.83206106870229,3.236641221374046,0.0
17.43000078201294,-9.399635717773437,2.7198130859375,1.1731588134765625,-21.709923664122137,18.091603053435115,3.9083969465648853,-9.74200655517578,2.47081611328125,-1.3144167114257812,-9.908396946564885,-9.801526717557252,2.595419847328244,0.0
17.440000534057617,-9.85692823486328,2.5809493896484375,1.3742717529296875,-25.0381679389313,16.900763358778626,1.1755725190839694,-11.616666455078125,0.0430956298828125,-0.44053310546874996,-17.19083969465649,-1.282442748091603,3.3435114503816794,0.0
17.450000762939453,-9.871293444824218,1.7549498168945312,1.5035586425781249,-23.801526717557252,14.366412213740459,0.030534351145038167,-11.671733093261718,-0.6392518432617187,0.2537853759765625,-16.931297709923665,-2.213740458015267,-1.8931297709923665,0.0
17.46000027656555,-9.70369932861328,1.3072341064453123,1.448492004394531,-14.961832061068701,12.259541984732824,0.732824427480916,-11.482591162109374,-0.9935936889648437,1.1109095703125,-15.129770992366412,-5.786259541984733,-5.755725190839694,0.0
17.470000505447388,-9.811438403320311,1.8315642700195311,1.448492004394531,-5.603053435114504,12.290076335877863,2.1068702290076335,-10.824185705566405,-0.51714755859375,1.6112977172851561,-13.664122137404581,-10.870229007633588,-8.198473282442748,0.0
17.480000495910645,-9.842563024902343,2.5570073730468748,1.2401964599609374,0.3511450381679389,11.465648854961833,3.282442748091603,-10.781090075683593,-0.6296750366210937,1.9321207397460936,-12.244274809160306,-13.633587786259541,-9.267175572519085,0.0
17.4900004863739,-9.6151138671875,2.528276953125,0.8954314208984374,1.618320610687023,10.198473282442748,3.49618320610687,-10.43153663330078,-1.0486603271484374,2.250549560546875,-9.374045801526718,-15.450381679389313,-10.534351145038167,0.0
17.500000476837158,-9.545682019042967,2.1499930908203124,0.5698199951171875,0.3969465648854962,8.977099236641221,2.854961832061069,-10.038887561035155,-1.43652099609375,1.695094775390625,4.152671755725191,-26.442748091603054,-13.801526717557252,0.0
17.510000467300415,-9.208099584960937,1.43652099609375,0.565031591796875,1.3587786259541985,9.679389312977099,0.6870229007633588,-11.180921752929686,-1.9512743530273435,1.5442600708007812,10.885496183206106,-25.16030534351145,-14.122137404580153,0.0
17.52000069618225,-9.172186560058593,0.8667010009765624,0.74699091796875,3.0381679389312977,9.877862595419847,-1.4045801526717556,-11.386823095703125,-2.300827795410156,1.7190367919921874,24.076335877862597,-31.251908396946565,-15.618320610687023,0.0
17.530000925064087,-9.380482104492186,0.699106884765625,1.1276689819335937,7.786259541984733,9.618320610687023,-3.2061068702290076,-9.730035546875,0.26336218261718747,1.13006318359375,32.44274809160305,-41.80152671755725,-22.793893129770993,0.0
17.540000438690186,-9.291896643066405,1.177947216796875,1.5107412475585937,14.396946564885496,10.702290076335878,-3.0381679389312977,-8.415618835449218,2.3582886352539063,0.8188169677734375,14.992366412213741,-37.37404580152672,-26.366412213740457,0.0
17.55000066757202,-9.560047229003906,1.9488801513671874,1.7645266235351562,14.854961832061068,10.030534351145038,-2.9160305343511452,-8.63109698486328,-0.0526724365234375,2.147598889160156,1.6946564885496183,-29.083969465648856,-20.610687022900763,0.0
17.560000896453857,-9.483432775878907,1.8914193115234375,1.7884686401367187,14.931297709923664,8.702290076335878,-3.312977099236641,-8.602366564941406,-1.0726023437499999,2.176329309082031,5.709923664122138,-34.70229007633588,-20.916030534351144,0.0
17.570000648498535,-10.290278735351562,2.4756045166015626,2.1164742675781247,17.61832061068702,8.50381679389313,-5.175572519083969,-9.102754711914063,-1.8291700683593748,2.252943762207031,15.740458015267176,-36.0,-22.045801526717558,0.0
17.58000087738037,-9.967061511230469,2.166752502441406,1.9871873779296874,12.01526717557252,3.5114503816793894,-5.221374045801527,-9.042899670410156,-2.0374656127929685,1.9823989746093749,24.793893129770993,-40.58015267175573,-24.35114503816794,0.0
17.59000062942505,-9.380482104492186,1.0869675537109373,2.068590234375,16.045801526717558,1.4045801526717556,-4.564885496183206,-6.830657336425781,0.9409212524414062,0.7158662963867187,16.549618320610687,-43.32824427480916,-28.0,0.0
17.600000381469727,-9.60793126220703,1.867477294921875,2.9951462768554684,15.633587786259541,1.0381679389312977,-5.770992366412214,-7.773972790527344,0.5913678100585937,1.6735469604492186,1.2213740458015268,-30.80916030534351,-24.15267175572519,0.0
17.610000610351562,-9.89523546142578,2.023100402832031,3.5673604736328124,10.213740458015268,-3.435114503816794,-5.66412213740458,-10.000580334472655,-0.852335791015625,1.9201497314453124,4.229007633587786,-27.786259541984734,-19.267175572519083,0.0
17.62000060081482,-9.945513696289062,1.5729904907226562,3.73495458984375,13.297709923664122,-8.793893129770993,-3.49618320610687,-9.105148913574219,-1.7334020019531249,1.9871873779296874,14.65648854961832,-34.778625954198475,-19.46564885496183,0.0
17.630000591278076,-9.660603698730467,1.0869675537109373,3.6918589599609373,20.519083969465647,-11.297709923664122,-1.633587786259542,-9.651026892089844,-2.2026655273437497,1.6352397338867186,26.885496183206108,-41.16030534351145,-20.793893129770993,0.0
17.640000343322754,-9.253589416503905,1.4317325927734375,3.6367923217773437,27.893129770992367,-13.34351145038168,-1.297709923664122,-8.226476904296874,-0.15562310791015624,1.4125789794921875,30.33587786259542,-47.45038167938932,-23.49618320610687,0.0
17.65000057220459,-9.337386474609374,3.134009973144531,4.067748620605468,25.083969465648856,-16.977099236641223,-2.427480916030534,-7.350199096679687,1.39821376953125,0.9528922607421875,16.977099236641223,-46.16793893129771,-24.778625954198475,0.0
17.660000324249268,-9.265560424804686,3.797203833007812,4.879382983398437,12.396946564885496,-21.893129770992367,-3.2061068702290076,-9.612719665527344,0.6631938598632812,1.465251416015625,3.1908396946564888,-38.33587786259542,-20.106870229007633,0.0
17.67000102996826,-9.121908325195312,3.763685009765625,5.798756420898437,-9.801526717557252,-32.19847328244275,-5.038167938931298,-8.949525805664061,-0.062249243164062495,1.8339584716796873,3.9389312977099236,-41.465648854961835,-20.198473282442748,0.0
17.68000054359436,-9.093177905273437,1.956062756347656,5.913678100585937,-6.99236641221374,-41.38931297709924,-2.351145038167939,-9.81862100830078,-1.4413093994140624,2.319981408691406,12.946564885496183,-44.6412213740458,-20.045801526717558,0.0
17.690000772476196,-8.437166650390624,1.5394716674804687,5.992686755371094,3.5114503816793894,-47.43511450381679,-0.9465648854961832,-9.536105212402344,-0.51714755859375,1.467645617675781,19.14503816793893,-49.06870229007634,-23.72519083969466,0.0
17.700000524520874,-7.630320690917968,2.3295582153320313,5.2816088623046875,8.793893129770993,-56.045801526717554,0.7480916030534351,-8.238447912597655,1.120486376953125,1.0845733520507812,14.030534351145038,-47.770992366412216,-24.30534351145038,0.0
17.71000051498413,-8.0062103515625,4.129997863769531,4.290409374999999,7.038167938931298,-61.770992366412216,1.0687022900763359,-8.24802471923828,0.7900865478515624,0.9337386474609375,5.6183206106870225,-44.76335877862596,-20.564885496183205,0.0
17.720000505447388,-7.864952453613281,3.9983167724609374,2.8107927490234372,-4.198473282442748,-67.52671755725191,2.9923664122137406,-6.057330200195312,2.3678654418945313,1.209071838378906,-4.519083969465649,-40.44274809160305,-20.80916030534351,0.0
17.730000257492065,-6.658274816894531,2.205059729003906,1.3000515014648437,-8.442748091603054,-70.76335877862596,4.259541984732825,-8.808267907714843,-0.24181436767578124,1.120486376953125,-7.038167938931298,-34.33587786259542,-16.671755725190838,0.0
17.740000247955322,-6.7803791015625,1.1755530151367186,0.24181436767578124,-7.557251908396947,-67.23664122137404,3.068702290076336,-7.053318090820312,1.0989385620117187,0.9409212524414062,-10.16793893129771,-32.30534351145038,-19.84732824427481,0.0
17.750000476837158,-7.323862878417969,0.814028564453125,-0.6919242797851562,-7.435114503816794,-62.6412213740458,1.3435114503816794,-7.864952453613281,-0.062249243164062495,1.158793603515625,-12.580152671755725,-27.893129770992367,-18.16793893129771,0.0
17.760000467300415,-6.323086584472656,0.36391865234375,-1.419761584472656,-6.9465648854961835,-56.274809160305345,-1.83206106870229,-7.704540942382812,-0.07900865478515624,1.1468225952148436,-9.694656488549619,-27.19083969465649,-17.862595419847327,0.0
17.770000457763672,-7.50821640625,0.5770026000976562,-0.9888052856445312,1.3435114503816794,-46.152671755725194,-6.2748091603053435,-9.088389501953124,-1.649604943847656,1.180341418457031,2.564885496183206,-25.954198473282442,-16.03053435114504,0.0
17.78000044822693,-7.501033801269531,0.8667010009765624,-0.01915361328125,12.625954198473282,-37.847328244274806,-6.67175572519084,-8.497021691894531,-2.023100402832031,1.4796166259765624,19.374045801526716,-29.46564885496183,-16.33587786259542,0.0
17.790000915527344,-10.043675964355469,1.8411410766601561,1.7525556152343749,25.083969465648856,-26.946564885496183,-6.427480916030534,-8.82981572265625,-2.4684219116210935,0.8643067993164062,38.33587786259542,-33.29770992366412,-16.198473282442748,0.0
17.8000009059906,-9.727641345214844,1.235408056640625,2.722207287597656,35.038167938931295,-21.16030534351145,-5.6183206106870225,-7.199364392089843,-0.01915361328125,0.09576806640624999,41.45038167938932,-31.00763358778626,-18.412213740458014,0.0
17.810000896453857,-10.778695874023438,3.1507693847656246,3.8953661010742184,27.389312977099237,-20.85496183206107,-10.335877862595419,-7.903259680175781,0.20829554443359374,0.26815058593749996,33.74045801526717,-21.541984732824428,-17.251908396946565,0.0
17.820000886917114,-10.647014782714843,3.6487633300781246,4.094084838867187,16.35114503816794,-22.931297709923665,-12.82442748091603,-7.101202124023437,1.5035586425781249,1.5346832641601562,24.366412213740457,-8.259541984732824,-15.908396946564885,0.0
17.830000400543213,-10.311826550292968,3.859453076171875,3.69664736328125,7.404580152671755,-26.27480916030534,-17.083969465648856,-9.9981861328125,-0.34715924072265625,1.4796166259765624,21.053435114503817,-4.564885496183206,-13.16030534351145,0.0
17.840000867843628,-10.139444030761718,4.273649963378906,3.277662072753906,-7.312977099236641,-34.213740458015266,-20.977099236641223,-10.378864196777343,-0.36152445068359373,1.944091748046875,23.49618320610687,-1.5572519083969465,-14.183206106870228,0.0
17.850000619888306,-7.845798840332031,1.6543933471679686,1.6711527587890624,-7.862595419847328,-39.81679389312977,-18.12213740458015,-9.957484704589843,-0.8164227661132812,2.7748797241210936,17.786259541984734,3.648854961832061,-14.335877862595419,0.0
17.860000610351562,-8.135497241210937,1.7357962036132812,1.1947066284179686,-2.900763358778626,-37.63358778625954,-19.49618320610687,-10.474632263183594,-1.0007762939453124,2.231395947265625,25.0381679389313,-0.9465648854961832,-11.938931297709924,0.0
17.87000060081482,-7.75721337890625,2.5378537597656248,1.3766659545898436,4.0458015267175576,-36.229007633587784,-18.27480916030534,-9.409212524414063,0.32082302246093747,2.1068974609374997,24.48854961832061,0.7175572519083969,-13.664122137404581,0.0
17.880000352859497,-6.811503723144531,2.272097375488281,1.455674609375,16.549618320610687,-29.46564885496183,-14.473282442748092,-10.199299072265624,-0.7972691528320313,2.612074011230469,20.83969465648855,5.877862595419847,-15.19083969465649,0.0
17.890000581741333,-8.212111694335936,2.3487118286132813,2.473210314941406,29.770992366412212,-18.99236641221374,-11.694656488549619,-8.700528833007812,-1.189918225097656,1.9416975463867185,17.923664122137403,7.465648854961832,-14.641221374045802,0.0
17.90000057220459,-10.216058483886718,6.224924316406249,3.801992236328125,21.740458015267176,-14.274809160305344,-12.641221374045802,-9.200916979980468,-1.4867992309570313,0.8978256225585937,14.83969465648855,14.65648854961832,-11.603053435114504,0.0
17.910000562667847,-11.180921752929686,7.134720947265625,4.6064439941406246,2.9923664122137406,-15.86259541984733,-11.435114503816793,-10.28549033203125,-0.0526724365234375,1.197100830078125,9.19083969465649,22.259541984732824,-14.80916030534351,0.0
17.920000553131104,-11.959037292480469,6.196193896484375,5.216965417480468,-25.480916030534353,-21.51145038167939,-10.778625954198473,-13.740323327636718,-0.5363011718749999,2.9041666137695312,3.8931297709923665,27.709923664122137,-17.572519083969464,0.0
17.93000078201294,-10.402806213378906,2.01112939453125,6.1076084350585935,-35.11450381679389,-26.580152671755727,-10.13740458015267,-12.739547033691405,0.8906430175781249,3.6343981201171873,0.21374045801526717,23.64885496183206,-21.114503816793892,0.0
17.940000534057617,-9.4618849609375,-0.2346317626953125,6.533776330566406,-26.931297709923665,-31.450381679389313,-13.84732824427481,-12.172121240234373,3.967192150878906,-0.19393033447265623,-7.801526717557252,14.15267175572519,-25.16030534351145,0.0
17.950001001358032,-9.746794958496093,-0.6368576416015624,7.793126403808594,-10.65648854961832,-36.61068702290076,-18.412213740458014,-16.03157431640625,-1.5538368774414062,2.5522189697265625,-29.022900763358777,31.17557251908397,-22.106870229007633,0.0
17.96000027656555,-10.335768566894531,-2.6958710693359373,8.767566479492187,14.732824427480915,-47.55725190839695,-18.396946564885496,-15.088258862304686,-2.31758720703125,2.760514514160156,-17.221374045801525,22.366412213740457,-19.862595419847327,0.0
17.970000982284546,-12.00213292236328,-1.9225439331054686,9.943119494628906,49.31297709923664,-54.74809160305343,-16.763358778625953,-11.834538806152343,-0.40222587890625,2.319981408691406,-12.83969465648855,22.045801526717558,-15.511450381679388,0.0
17.980000495910645,-14.81053146972656,0.584185205078125,11.257536206054686,68.47328244274809,-67.12977099236642,-15.541984732824428,-11.219228979492186,-0.1771709228515625,0.086191259765625,-4.488549618320611,14.473282442748092,-7.343511450381679,0.0
17.990000247955322,-14.238317272949217,-2.492363928222656,9.854534033203125,90.61068702290076,-82.09160305343511,-8.80916030534351,-8.355763793945313,0.967257470703125,-1.0175357055664063,2.2442748091603053,8.061068702290076,-7.541984732824427,0.0
18.000000476837158,-17.080234643554686,2.4061726684570313,10.077194787597655,95.37404580152672,-93.52671755725191,-12.641221374045802,-8.202534887695313,0.9648632690429687,-1.9991583862304687,-1.618320610687023,15.114503816793894,-5.923664122137405,0.0
18.010000705718994,-18.523938244628905,3.6152445068359373,9.406818322753905,66.10687022900764,-112.45801526717557,-15.450381679389313,-6.617573388671874,1.7884686401367187,-3.009511486816406,-15.618320610687023,21.022900763358777,-6.931297709923665,0.0
18.02000069618225,-14.403517187499999,2.6910826660156246,6.294356164550781,56.83969465648855,-127.02290076335878,-10.458015267175572,-9.923965881347655,-3.5003228271484375,-1.7525556152343749,-26.442748091603054,37.29770992366412,-0.5190839694656488,0.0
18.030000686645508,-15.002067602539062,4.070142822265625,4.781220715332031,20.748091603053435,-142.94656488549617,-14.442748091603054,-10.644620581054687,-5.080495922851562,-1.3287819213867187,-4.427480916030534,35.12977099236641,0.8702290076335878,0.0
18.040000915527344,-13.079523669433593,1.3742717529296875,1.9512743530273435,10.549618320610687,-149.08396946564886,-9.19083969465649,-9.718064538574218,-3.2154128295898436,-1.7693150268554687,8.65648854961832,37.7557251908397,-3.648854961832061,0.0
18.05000066757202,-10.548852514648438,-0.5817910034179687,0.6607996582031249,20.33587786259542,-141.9236641221374,-3.7404580152671754,-10.716446630859375,-4.146757275390625,-0.7924807495117187,11.725190839694656,44.19847328244275,-1.5114503816793894,0.0
18.060000896453857,-10.682927807617187,-0.4381389038085937,0.24899697265624998,25.14503816793893,-130.9618320610687,-3.66412213740458,-11.700463513183593,-4.2329485351562495,-0.3902548706054687,28.625954198473284,42.76335877862596,0.7480916030534351,0.0
18.070000410079956,-9.79946739501953,-0.22505495605468748,0.36391865234375,15.694656488549619,-124.3969465648855,-5.251908396946565,-10.098742602539062,-2.5330653564453125,-1.216254443359375,41.267175572519086,35.49618320610687,-1.4351145038167938,0.0
18.080000638961792,-7.611167077636718,-1.9823989746093749,-0.70868369140625,35.11450381679389,-105.93893129770993,3.1908396946564888,-9.610325463867188,-1.8626888916015625,-0.4477157104492187,32.6412213740458,38.778625954198475,-1.1145038167938932,0.0
18.090000867843628,-7.189787585449218,-0.1005564697265625,-0.7206546997070312,39.465648854961835,-87.70992366412214,3.2519083969465647,-8.980650427246093,-0.469263525390625,-0.3854664672851562,24.9618320610687,35.603053435114504,0.7175572519083969,0.0
18.100000858306885,-7.220912207031249,0.6943184814453125,-0.1149216796875,34.3206106870229,-72.35114503816794,3.4198473282442747,-8.425195642089843,-0.023942016601562498,-0.19871873779296872,13.98473282442748,36.900763358778626,2.9770992366412212,0.0
18.110000610351562,-7.220912207031249,0.6703764648437499,0.3064578125,26.564885496183205,-59.25190839694657,6.366412213740458,-9.423577734375,0.009576806640625,-1.0366893188476562,2.030534351145038,40.68702290076336,6.8396946564885495,0.0
18.12000060081482,-7.6087728759765625,1.5514426757812498,0.679953271484375,14.83969465648855,-46.213740458015266,7.129770992366412,-9.516951599121093,-0.9648632690429687,-0.612915625,-6.427480916030534,45.541984732824424,11.145038167938932,0.0
18.130000591278076,-7.388506323242187,1.0917559570312498,0.7757213378906249,3.3893129770992365,-37.17557251908397,6.870229007633588,-10.421959826660157,-3.5889082885742187,-0.411802685546875,-0.3969465648854962,46.16793893129771,14.01526717557252,0.0
18.140000343322754,-8.183381274414062,2.032677209472656,0.8188169677734375,-12.82442748091603,-30.549618320610687,2.7480916030534353,-8.793902697753905,-3.6200329101562496,0.1292868896484375,14.01526717557252,42.16793893129771,13.297709923664122,0.0
18.15000057220459,-4.197035510253906,-1.1731588134765625,-0.033518823242187495,-10.916030534351146,-24.091603053435115,4.106870229007634,-9.035717065429687,-3.105279553222656,-0.33039982910156246,25.480916030534353,35.64885496183206,12.0,0.0
18.160064220428467,-6.598419775390624,1.467645617675781,0.24660277099609373,-19.66412213740458,-8.702290076335878,-4.305343511450381,-8.394071020507813,-1.6927005737304686,-0.09576806640624999,23.206106870229007,35.038167938931295,9.98473282442748,0.0
18.170000553131104,-5.006275671386718,1.3407529296874998,0.04548983154296875,-38.6412213740458,-6.488549618320611,-5.923664122137405,-9.425971936035156,-0.5482721801757812,-0.040701428222656245,16.85496183206107,33.83206106870229,9.007633587786259,0.0
18.18000030517578,-6.0333881835937495,1.3958195678710936,0.51714755859375,-46.961832061068705,6.442748091603053,-7.694656488549619,-11.142614526367186,-0.612915625,0.6464344482421874,1.3435114503816794,37.587786259541986,10.274809160305344,0.0
18.190000772476196,-6.691793640136718,1.4101847778320311,0.39264907226562495,-54.656488549618324,13.786259541984732,-10.122137404580153,-11.865663427734374,-1.43652099609375,1.1276689819335937,-6.870229007633588,33.55725190839695,10.687022900763358,0.0
18.200000524520874,-4.80755693359375,-1.149216796875,-0.5339069702148437,-48.06106870229008,24.549618320610687,-9.32824427480916,-10.943895788574219,-0.7134720947265625,1.2425906616210938,-15.206106870229007,28.045801526717558,7.847328244274809,0.0
18.21000075340271,-4.860229370117187,0.3687070556640625,-0.3950432739257812,-44.213740458015266,36.87022900763359,-12.274809160305344,-11.18571015625,-1.4317325927734375,1.1276689819335937,-26.38167938931298,27.923664122137403,6.687022900763359,0.0
18.220000505447388,-4.1946413085937495,-0.9145850341796874,-0.9983820922851562,-53.29770992366412,44.045801526717554,-15.236641221374045,-10.730811840820312,-1.656787548828125,1.1276689819335937,-27.49618320610687,20.549618320610687,4.885496183206107,0.0
18.230000734329224,-8.449137658691406,3.1196447631835937,0.4213794921875,-74.79389312977099,51.02290076335878,-23.236641221374047,-11.085153686523437,-2.9185318237304685,1.4820108276367188,-30.9618320610687,22.061068702290076,5.511450381679389,0.0
18.2400004863739,-5.293579870605469,-1.4149731811523436,-0.0430956298828125,-84.79389312977099,52.06106870229008,-17.64885496183206,-9.648632690429688,-2.3630770385742186,1.1085153686523437,-24.99236641221374,13.938931297709924,3.618320610687023,0.0
18.250000476837158,-3.73495458984375,-4.410119458007812,0.016759411621093748,-56.030534351145036,72.99236641221374,-14.610687022900763,-9.732429748535155,-2.5546131713867184,0.5219359619140624,-23.358778625954198,11.84732824427481,2.9770992366412212,0.0
18.260000705718994,-5.0206408813476555,-3.6750995483398436,0.5722141967773438,-38.30534351145038,89.00763358778626,-18.47328244274809,-8.889670764160156,-1.9823989746093749,0.3016694091796875,-23.16030534351145,10.335877862595419,2.687022900763359,0.0
18.27000069618225,-6.0333881835937495,-3.919308117675781,1.8100164550781248,-27.603053435114504,99.83206106870229,-22.16793893129771,-9.65342109375,-2.760514514160156,0.3184288208007812,-19.6793893129771,11.221374045801527,4.2748091603053435,0.0
18.280000686645508,-6.907271789550781,-4.11802685546875,3.3494881225585935,-10.290076335877863,109.41984732824427,-25.328244274809162,-9.509768994140625,-2.935291235351562,0.22026655273437498,-12.763358778625955,10.183206106870228,4.152671755725191,0.0
18.290000438690186,-7.716511950683593,-3.1555577880859373,4.601655590820312,8.778625954198473,114.62595419847328,-27.740458015267176,-9.6917283203125,-3.105279553222656,0.20829554443359374,-7.404580152671755,10.15267175572519,3.9236641221374047,0.0
18.3000009059906,-8.743624462890624,-1.1875240234375,5.664681127929687,24.38167938931298,117.83206106870229,-28.3206106870229,-10.041281762695311,-2.971204260253906,0.26336218261718747,-1.1755725190839694,10.610687022900763,3.8931297709923665,0.0
18.31000065803528,-9.763554370117188,1.656787548828125,6.289567761230469,35.29770992366412,118.79389312977099,-25.19083969465649,-9.943119494628906,-2.4492682983398435,0.33518823242187495,3.0076335877862594,10.458015267175572,4.488549618320611,0.0
18.320001125335693,-10.441113439941406,4.357447021484375,6.335057592773437,37.32824427480916,116.4885496183206,-17.84732824427481,-10.17056865234375,-2.2936451904296873,0.5339069702148437,5.9541984732824424,11.221374045801527,5.877862595419847,0.0
18.330000638961792,-10.797849487304687,5.2624552490234375,6.782773303222656,33.969465648854964,112.93129770992367,-8.625954198473282,-10.371681591796875,-2.7269956909179687,0.7302315063476562,7.847328244274809,10.992366412213741,8.061068702290076,0.0
18.34000062942505,-10.903194360351561,4.6064439941406246,7.105990527343749,25.14503816793893,109.48091603053435,-0.2900763358778626,-10.180145458984374,-2.272097375488281,0.4477157104492187,9.709923664122137,8.67175572519084,8.65648854961832,0.0
18.350000619888306,-11.707646118164062,4.695029455566406,7.800309008789062,6.122137404580153,102.10687022900764,2.854961832061069,-10.259154113769531,-1.9608511596679685,0.17956512451171874,9.099236641221374,7.145038167938932,9.32824427480916,0.0
18.36000084877014,-11.482591162109374,2.310404602050781,7.802703210449218,-7.190839694656488,91.26717557251908,7.908396946564886,-10.034099157714843,-1.687912170410156,-0.0526724365234375,6.473282442748092,5.801526717557252,9.86259541984733,0.0
18.3700008392334,-11.25514200439453,0.02154781494140625,7.48906279296875,0.13740458015267176,88.21374045801527,14.580152671755725,-9.358934289550781,-0.8834604125976562,-0.7541735229492187,-1.7099236641221374,6.091603053435114,8.625954198473282,0.0
18.380000352859497,-12.12423720703125,1.2018892333984375,6.452373474121093,-1.297709923664122,80.87022900763358,15.770992366412214,-10.951078393554686,-1.1324573852539062,-1.2808978881835937,-11.740458015267176,7.908396946564886,9.969465648854962,0.0
18.390000581741333,-11.85608662109375,-0.6679822631835937,6.148309863281249,-3.49618320610687,73.05343511450381,18.091603053435115,-9.18655177001953,-2.2840683837890623,-0.47884033203125,-15.16030534351145,11.022900763358779,11.16030534351145,0.0
18.40000057220459,-12.727576025390624,-1.9680337646484374,7.350199096679687,1.6946564885496183,67.06870229007633,16.9618320610687,-8.767566479492187,-2.741360900878906,-0.0383072265625,-10.335877862595419,10.213740458015268,9.633587786259541,0.0
18.410000562667847,-12.689268798828124,-2.1930887207031247,8.027758166503906,11.236641221374045,56.50381679389313,12.442748091603054,-7.905653881835937,-1.5394716674804687,-1.0582371337890624,-3.9236641221374047,4.3816793893129775,6.977099236641221,0.0
18.420000553131104,-13.934253662109374,-1.3192051147460937,9.160215551757812,16.15267175572519,46.62595419847328,8.16793893129771,-9.030928662109375,-2.3511060302734372,-0.40222587890625,-7.877862595419847,14.0,8.763358778625955,0.0
18.43000030517578,-14.53040987548828,1.2378022583007813,9.928754284667969,10.198473282442748,31.251908396946565,8.16793893129771,-8.863334545898438,-2.2026655273437497,-0.430956298828125,-5.66412213740458,14.702290076335878,10.030534351145038,0.0
18.440000295639038,-12.818555688476561,2.9759926635742184,8.204929089355469,-3.9236641221374047,12.16793893129771,12.717557251908397,-9.79946739501953,-3.0023288818359375,-0.55545478515625,-1.6946564885496183,13.954198473282442,11.801526717557252,0.0
18.450000762939453,-10.199299072265624,1.2952630981445312,5.403713146972656,-10.51908396946565,4.396946564885496,20.259541984732824,-9.773131176757811,-2.288856787109375,-0.584185205078125,2.4885496183206106,12.335877862595419,11.083969465648854,0.0
18.46000051498413,-9.639055883789062,2.243366955566406,4.065354418945312,-12.687022900763358,3.49618320610687,21.083969465648856,-8.626308581542968,-0.9696516723632812,-0.7398083129882812,-3.4198473282442747,13.618320610687023,10.961832061068701,0.0
18.470000505447388,-7.8338278320312495,-0.3232172241210937,2.24097275390625,-19.00763358778626,0.48854961832061067,22.091603053435115,-9.710881933593749,-1.8219874633789062,0.02154781494140625,-4.8396946564885495,15.511450381679388,14.16793893129771,0.0
18.480000495910645,-8.619125976562499,0.718260498046875,2.221819140625,-21.19083969465649,4.213740458015267,17.389312977099237,-10.364498986816406,-1.8435352783203125,-0.4070142822265625,4.213740458015267,8.977099236641221,15.465648854961833,0.0
18.4900004863739,-7.996633544921875,0.9409212524414062,0.9935936889648437,-24.137404580152673,4.564885496183206,13.877862595419847,-9.10993731689453,-0.45489831542968745,-0.6153098266601562,1.7557251908396947,6.793893129770993,13.267175572519085,0.0
18.500000476837158,-7.524975817871093,2.176329309082031,0.19153613281249998,-29.755725190839694,8.13740458015267,15.068702290076336,-9.45470235595703,-0.11731588134765625,-0.7015010864257812,-5.145038167938932,6.076335877862595,15.541984732824428,0.0
18.510000467300415,-7.232883215332031,2.3439234252929686,0.016759411621093748,-34.2442748091603,13.236641221374045,17.908396946564885,-9.435548742675781,0.16280571289062498,-0.6248866333007812,-11.893129770992367,6.030534351145038,16.946564885496183,0.0
18.520000457763672,-7.058106494140625,1.6424223388671875,0.4165910888671875,-36.900763358778626,18.366412213740457,21.954198473282442,-9.758765966796874,-0.143652099609375,-0.47165772705078124,-16.82442748091603,5.557251908396947,18.442748091603054,0.0
18.530000686645508,-6.330269189453125,-0.9983820922851562,0.4908113403320312,-30.412213740458014,24.076335877862597,27.00763358778626,-9.9215716796875,-0.26815058593749996,-0.4836287353515625,-21.34351145038168,4.656488549618321,18.977099236641223,0.0
18.540000915527344,-6.785167504882812,-1.37906015625,1.1156979736328125,-13.694656488549619,36.213740458015266,28.213740458015266,-9.74200655517578,-0.15322890625,-0.37828386230468747,-26.0,3.114503816793893,18.916030534351144,0.0
18.550000429153442,-7.029376074218749,-2.0350714111328125,1.3623007446289062,-0.13740458015267176,43.89312977099237,27.633587786259543,-10.17056865234375,-0.3280056274414062,-0.028730419921875,-27.603053435114504,4.473282442748092,19.129770992366414,0.0
18.560000896453857,-8.896853369140624,-0.8403647827148437,1.5298948608398437,7.816793893129771,50.51908396946565,23.251908396946565,-9.6151138671875,-0.19393033447265623,0.09576806640624999,-30.18320610687023,2.549618320610687,18.82442748091603,0.0
18.570000410079956,-9.907206469726562,0.32082302246093747,1.4341267944335936,3.572519083969466,53.32824427480916,15.435114503816793,-9.8449572265625,-0.3184288208007812,0.14604630126953125,-31.755725190839694,1.4961832061068703,19.114503816793892,0.0
18.58000087738037,-10.321403356933594,0.7637503295898437,1.3311761230468748,-7.786259541984733,51.404580152671755,9.267175572519085,-10.450690246582031,-0.469263525390625,0.3136404174804687,-33.465648854961835,1.5114503816793894,19.099236641221374,0.0
18.59000062942505,-10.702081420898438,0.5722141967773438,1.4341267944335936,-15.099236641221374,50.900763358778626,6.351145038167939,-10.544064111328124,-0.28969840087890625,0.4165910888671875,-36.06106870229008,0.0916030534351145,19.099236641221374,0.0
18.600000619888306,-11.166556542968749,1.5801730957031248,2.020706201171875,-19.96946564885496,50.2442748091603,3.8473282442748094,-10.453084448242187,-0.28012159423828126,0.8858546142578124,-39.23664122137404,-1.5877862595419847,18.83969465648855,0.0
18.610000610351562,-11.288660827636718,2.5139117431640625,1.8124106567382812,-29.114503816793892,44.94656488549618,3.099236641221374,-10.802637890625,-0.22026655273437498,0.8092401611328125,-40.091603053435115,-1.633587786259542,20.763358778625953,0.0
18.62000036239624,-10.884040747070312,2.5617957763671875,1.599326708984375,-39.83206106870229,37.43511450381679,4.0,-9.631873278808593,0.9744400756835937,0.6416460449218749,-45.19083969465649,-6.0458015267175576,20.580152671755727,0.0
18.630000591278076,-11.647791076660155,3.1268273681640624,2.001552587890625,-44.3206106870229,36.42748091603053,5.312977099236641,-9.91438907470703,0.507570751953125,0.7302315063476562,-51.7557251908397,-5.129770992366412,21.83206106870229,0.0
18.640000581741333,-11.556811413574218,4.151545678710937,2.0159177978515626,-51.06870229007634,30.83969465648855,6.106870229007634,-10.40041201171875,-0.29448680419921874,1.1037269653320312,-55.29770992366412,-4.702290076335878,22.946564885496183,0.0
18.65000057220459,-10.467449658203124,3.5434184570312497,2.0829554443359375,-55.02290076335878,26.717557251908396,8.900763358778626,-9.957484704589843,-0.4860229370117187,0.9504980590820312,-56.42748091603053,-7.099236641221374,22.9618320610687,0.0
18.660000801086426,-8.978256225585938,1.5538368774414062,1.4413093994140624,-58.06106870229008,19.786259541984734,13.389312977099237,-10.869675537109375,-2.114080065917969,1.0726023437499999,-48.396946564885496,-9.83206106870229,24.015267175572518,0.0
18.670000553131104,-9.074024291992187,0.6847416748046875,1.8650830932617186,-51.7557251908397,18.99236641221374,15.740458015267176,-11.214440576171874,-1.8722656982421875,0.49799394531249996,-38.85496183206107,-14.427480916030534,23.633587786259543,0.0
18.68000030517578,-8.731653454589843,-0.05027823486328125,2.4564509033203126,-39.343511450381676,19.96946564885496,17.435114503816795,-8.276755139160155,-0.06703764648437499,0.430956298828125,-38.2442748091603,-23.129770992366414,19.236641221374047,0.0
18.690000772476196,-8.992621435546875,-0.5626373901367188,2.817975354003906,-29.541984732824428,18.106870229007633,16.519083969465647,-8.755595471191405,-0.055066638183593745,0.07900865478515624,-35.87786259541985,-25.557251908396946,20.106870229007633,0.0
18.700000524520874,-9.399635717773437,-0.6344634399414062,3.0813375366210938,-18.671755725190838,14.916030534351146,14.80916030534351,-8.33182177734375,-1.465251416015625,0.584185205078125,-29.954198473282442,-23.587786259541986,21.31297709923664,0.0
18.71000075340271,-9.610325463867188,-0.9433154541015625,3.1794998046874996,-6.900763358778626,12.717557251908397,13.969465648854962,-9.732429748535155,-3.4859576171874997,0.8164227661132812,-10.885496183206106,-29.801526717557252,21.099236641221374,0.0
18.72000026702881,-9.191340173339842,-0.7829039428710937,2.844311572265625,9.633587786259541,10.290076335877863,12.076335877862595,-10.189722265624999,-2.3918074584960936,0.033518823242187495,12.045801526717558,-36.961832061068705,17.66412213740458,0.0
18.730000495910645,-9.665392102050781,0.9744400756835937,2.786850732421875,19.282442748091604,8.946564885496183,9.297709923664122,-8.870517150878905,0.7924807495117187,-0.7661445312499999,13.526717557251908,-42.18320610687023,10.595419847328245,0.0
18.7400004863739,-10.05564697265625,3.191470812988281,2.70065947265625,17.6793893129771,5.206106870229007,8.625954198473282,-9.660603698730467,1.1755530151367186,-0.24660277099609373,2.183206106870229,-32.916030534351144,11.786259541984732,0.0
18.750000476837158,-9.490615380859374,3.5338416503906247,1.9823989746093749,10.748091603053435,-0.22900763358778625,10.870229007633588,-10.639832177734375,-0.5913678100585937,-0.7589619262695312,3.7404580152671754,-29.419847328244273,13.83206106870229,0.0
18.760000944137573,-9.083601098632812,3.785232824707031,1.4149731811523436,5.847328244274809,-3.1297709923664123,11.541984732824428,-9.677363110351562,-0.3136404174804687,-1.1085153686523437,12.702290076335878,-34.47328244274809,9.923664122137405,0.0
18.77000069618225,-9.883264453125,4.7884033203125,1.407790576171875,1.8778625954198473,-2.5801526717557253,12.122137404580153,-9.030928662109375,2.77727392578125,-2.2768857788085937,7.175572519083969,-28.412213740458014,6.442748091603053,0.0
18.780000686645508,-10.378864196777343,4.841075756835937,0.833182177734375,-7.404580152671755,-6.259541984732825,15.541984732824428,-8.259995727539062,3.7397429931640622,-2.319981408691406,-14.122137404580153,-17.435114503816795,5.603053435114504,0.0
18.790000677108765,-9.406818322753905,4.826710546875,0.4070142822265625,-16.82442748091603,-8.870229007633588,17.404580152671755,-9.859322436523437,1.3168109130859373,-1.8028338500976562,-21.984732824427482,-8.732824427480915,9.114503816793894,0.0
18.8000009059906,-8.978256225585938,3.7995980346679685,0.622492431640625,-23.938931297709924,-6.534351145038168,17.068702290076335,-10.371681591796875,0.7900865478515624,-2.0661960327148434,-19.801526717557252,-2.9770992366412212,7.969465648854962,0.0
18.81000065803528,-9.595960253906249,2.4947581298828125,0.42377369384765623,-23.435114503816795,-4.213740458015267,16.916030534351144,-10.608707556152343,-0.33758243408203126,-1.8100164550781248,-18.366412213740457,2.045801526717557,3.2213740458015265,0.0
18.820000886917114,-8.80347950439453,1.5394716674804687,0.18914193115234373,-11.374045801526718,2.5801526717557253,15.251908396946565,-10.809820495605468,-0.9169792358398436,-0.9433154541015625,-14.763358778625955,1.6641221374045803,-0.9923664122137404,0.0
18.830000400543213,-8.406042028808594,1.3048399047851562,-0.354341845703125,-11.17557251908397,4.900763358778626,12.83969465648855,-11.654973681640625,-0.86191259765625,0.34237083740234375,-11.648854961832061,-0.48854961832061067,-5.221374045801527,0.0
18.840000867843628,-9.050082275390624,2.1787235107421874,-0.05985504150390625,-6.625954198473282,12.335877862595419,9.083969465648854,-12.112266198730469,-0.689530078125,1.6328455322265625,-10.83969465648855,-4.824427480916031,-8.992366412213741,0.0
18.850000619888306,-9.861716638183593,3.3351229125976563,0.1005564697265625,-19.19083969465649,12.534351145038167,5.175572519083969,-12.071564770507813,-0.1149216796875,2.549824768066406,-10.351145038167939,-12.229007633587786,-11.98473282442748,0.0
18.860000610351562,-9.809044201660155,2.518700146484375,-0.0718260498046875,-19.389312977099237,15.49618320610687,5.66412213740458,-11.686098303222655,0.1149216796875,3.0454245117187497,-10.51908396946565,-19.068702290076335,-11.603053435114504,0.0
18.87000060081482,-11.449072338867186,4.843469958496094,0.41898529052734373,-23.251908396946565,20.106870229007633,2.564885496183206,-11.066000073242186,0.59376201171875,3.0358477050781247,-9.099236641221374,-24.33587786259542,-9.893129770992367,0.0
18.880000591278076,-12.095506787109374,5.066130712890625,0.19393033447265623,-33.74045801526717,17.770992366412212,1.6030534351145038,-11.690886706542969,-0.11013327636718749,2.5043349365234375,-0.4732824427480916,-28.595419847328245,-8.564885496183207,0.0
18.890000581741333,-10.570400329589843,2.789244934082031,0.4644751220703125,-40.76335877862596,14.80916030534351,2.183206106870229,-10.182539660644531,-0.689530078125,3.0789433349609374,3.6030534351145036,-33.19083969465649,-10.549618320610687,0.0
18.90000057220459,-9.83777462158203,1.1851298217773436,0.5434837768554687,-35.16030534351145,14.916030534351146,3.236641221374046,-11.156979736328124,-1.35990654296875,2.463633508300781,10.030534351145038,-37.11450381679389,-13.465648854961833,0.0
18.910000562667847,-9.811438403320311,0.8044517578125,0.86191259765625,-28.427480916030536,15.83206106870229,2.2748091603053435,-9.955090502929687,0.59376201171875,2.166752502441406,13.34351145038168,-46.091603053435115,-18.68702290076336,0.0
18.920000553131104,-9.33978067626953,0.7876923461914062,1.0534487304687499,-21.17557251908397,16.259541984732824,1.1145038167938932,-8.20971749267578,3.1675287963867187,1.199495031738281,-7.786259541984733,-44.50381679389313,-23.022900763358777,0.0
18.93000078201294,-9.3086560546875,1.0749965454101562,1.388636962890625,-18.9618320610687,16.549618320610687,-0.3816793893129771,-10.079588989257813,0.9959878906249999,1.7573440185546874,-26.244274809160306,-35.282442748091604,-18.702290076335878,0.0
18.940000295639038,-9.208099584960937,-0.06943184814453125,1.4891934326171874,-16.47328244274809,14.946564885496183,-2.198473282442748,-10.36210478515625,-0.3447650390625,2.094926452636719,-23.51145038167939,-36.74809160305343,-17.282442748091604,0.0
18.950000762939453,-9.603142858886718,-0.6560112548828124,1.5131354492187499,5.0534351145038165,18.931297709923665,-3.8625954198473282,-9.813832604980469,-1.149216796875,1.7334020019531249,-18.35114503816794,-42.091603053435115,-21.17557251908397,0.0
18.96000051498413,-8.259995727539062,0.10773907470703124,1.3551181396484375,15.099236641221374,18.50381679389313,-5.343511450381679,-8.858546142578124,-0.7805097412109374,1.4796166259765624,-14.778625954198473,-43.465648854961835,-24.47328244274809,0.0
18.970000505447388,-11.25514200439453,3.1028853515624997,2.231395947265625,10.900763358778626,19.61832061068702,-9.099236641221374,-8.621520178222656,-0.1580173095703125,1.3527239379882812,-17.46564885496183,-41.64885496183206,-25.099236641221374,0.0
18.980000257492065,-10.998962426757812,3.787627026367187,2.1883003173828124,3.66412213740458,14.0,-8.198473282442748,-8.02536396484375,0.28012159423828126,0.9816226806640624,-24.045801526717558,-37.83206106870229,-24.549618320610687,0.0
18.9900004863739,-10.9175595703125,3.890577697753906,2.2266075439453124,-0.732824427480916,11.419847328244275,-6.015267175572519,-8.549694128417968,0.3806780639648437,0.15083470458984374,-18.061068702290076,-37.29770992366412,-24.519083969465647,0.0
19.000000476837158,-9.794678991699218,2.147598889160156,2.1547814941406247,0.9923664122137404,9.541984732824428,-4.213740458015267,-9.119514123535156,-1.01514150390625,0.9792284790039062,-12.946564885496183,-33.12977099236641,-22.137404580152673,0.0
19.010000705718994,-9.069235888671875,0.9265560424804687,1.946485949707031,0.42748091603053434,5.587786259541985,-3.3740458015267176,-8.712499841308594,-2.2361843505859373,1.0989385620117187,-6.595419847328245,-34.0,-21.480916030534353,0.0
19.02000069618225,-9.97184991455078,2.703053674316406,2.829946362304687,-2.7938931297709924,3.2977099236641223,-5.450381679389313,-9.17458076171875,-1.8411410766601561,1.216254443359375,9.251908396946565,-37.69465648854962,-23.46564885496183,0.0
19.030000686645508,-9.521740002441407,1.4820108276367188,2.5354595581054684,-6.076335877862595,-2.33587786259542,-5.0534351145038165,-10.268730920410155,-2.616862414550781,0.016759411621093748,21.801526717557252,-37.786259541984734,-21.69465648854962,0.0
19.040000915527344,-9.112331518554686,1.1923124267578125,3.1172505615234374,-0.2748091603053435,-3.236641221374046,-5.251908396946565,-7.436390356445312,0.24899697265624998,0.5793968017578125,19.923664122137403,-38.213740458015266,-27.099236641221374,0.0
19.05000066757202,-9.205705383300781,1.5083470458984374,3.555389465332031,5.3893129770992365,-4.106870229007634,-5.419847328244275,-9.246406811523437,-0.3854664672851562,0.7110778930664062,13.312977099236642,-30.564885496183205,-23.862595419847327,0.0
19.06000065803528,-9.402029919433593,1.7908628417968748,4.261678955078125,4.8396946564885495,-7.7251908396946565,-5.6183206106870225,-8.588001354980468,0.70868369140625,0.6775590698242188,14.290076335877863,-30.38167938931298,-22.641221374045802,0.0
19.070000648498535,-9.9981861328125,1.8459294799804686,3.9647979492187497,6.793893129770993,-13.511450381679388,-3.5877862595419847,-9.945513696289062,-0.70868369140625,1.2832920898437499,12.885496183206106,-22.580152671755727,-20.442748091603054,0.0
19.08000087738037,-9.354145886230468,1.197100830078125,3.6176387084960937,11.572519083969466,-16.83969465648855,-3.0076335877862594,-9.835380419921874,-1.177947216796875,1.6615759521484375,18.045801526717558,-23.404580152671755,-20.549618320610687,0.0
19.09000062942505,-9.13627353515625,1.0175357055664063,3.31357509765625,16.931297709923665,-20.076335877862597,-4.259541984732825,-7.764395983886718,-0.5363011718749999,1.9105729248046874,21.374045801526716,-27.52671755725191,-23.099236641221374,0.0
19.100000619888306,-8.916006982421875,0.4525041137695312,3.2609026611328122,23.17557251908397,-22.68702290076336,-4.702290076335878,-9.916783276367187,-0.8858546142578124,1.85790048828125,23.938931297709924,-24.137404580152673,-22.412213740458014,0.0
19.110000371932983,-8.75320126953125,1.6519991455078125,4.331110803222656,27.328244274809162,-23.72519083969466,-6.793893129770993,-7.8553756469726554,0.0718260498046875,1.5634136840820312,22.3206106870229,-25.740458015267176,-25.083969465648856,0.0
19.12000060081482,-7.924807495117187,2.2194249389648437,3.4524387939453125,31.52671755725191,-28.778625954198475,-8.80916030534351,-8.741230261230468,-0.2561795776367187,1.7118541870117185,21.923664122137403,-23.022900763358777,-24.641221374045802,0.0
19.130000591278076,-7.876923461914062,2.2601263671875,3.4069489624023435,29.954198473282442,-31.862595419847327,-11.114503816793894,-9.289502441406249,-0.181959326171875,1.6711527587890624,12.900763358778626,-19.419847328244273,-23.053435114503817,0.0
19.140000581741333,-8.429984045410155,2.5354595581054684,3.246537451171875,30.290076335877863,-35.98473282442748,-11.709923664122137,-9.124302526855468,-0.3280056274414062,1.9584569580078124,15.34351145038168,-18.870229007633586,-22.47328244274809,0.0
19.15000057220459,-9.512163195800781,3.754108203125,3.4428619873046875,17.068702290076335,-44.79389312977099,-12.427480916030534,-9.380482104492186,-0.9744400756835937,2.269703173828125,18.870229007633586,-18.15267175572519,-22.641221374045802,0.0
19.160000562667847,-8.40843623046875,2.291250988769531,2.7581203125,11.099236641221374,-50.29007633587786,-9.557251908396946,-7.266402038574219,1.2976572998046874,1.455674609375,18.076335877862597,-21.404580152671755,-25.083969465648856,0.0
19.170000553131104,-8.621520178222656,3.4859576171874997,1.5969325073242187,7.312977099236641,-53.083969465648856,-8.580152671755725,-8.334215979003906,-0.3184288208007812,1.2904746948242187,12.595419847328245,-14.793893129770993,-21.129770992366414,0.0
19.18000078201294,-8.214505895996094,2.9089550170898435,1.1635820068359375,-3.8473282442748094,-56.900763358778626,-9.267175572519085,-7.764395983886718,0.34237083740234375,1.209071838378906,13.84732824427481,-14.687022900763358,-20.229007633587788,0.0
19.190001010894775,-8.683769421386717,1.0654197387695312,1.1133037719726562,0.4580152671755725,-56.35114503816794,-9.404580152671755,-7.675810522460937,0.076614453125,1.0917559570312498,12.885496183206106,-12.13740458015267,-19.236641221374047,0.0
19.200000524520874,-8.939948999023438,0.11252747802734374,1.2713210815429687,9.267175572519085,-51.55725190839695,-9.648854961832061,-7.934384301757812,-0.3280056274414062,1.3263877197265623,13.49618320610687,-9.938931297709924,-17.64885496183206,0.0
19.21000051498413,-9.457096557617186,0.17956512451171874,1.43652099609375,18.259541984732824,-46.229007633587784,-11.694656488549619,-8.058882788085937,-0.430956298828125,1.5418658691406248,15.053435114503817,-8.763358778625955,-16.748091603053435,0.0
19.220000505447388,-9.4618849609375,0.38307226562499996,1.4173673828125,25.450381679389313,-43.19083969465649,-13.801526717557252,-8.403647827148436,-0.14125789794921875,1.7405846069335937,17.633587786259543,-7.679389312977099,-16.412213740458014,0.0
19.230000495910645,-9.138667736816405,1.1013327636718748,1.4101847778320311,29.206106870229007,-35.86259541984733,-17.099236641221374,-8.51617530517578,-0.062249243164062495,1.7286135986328124,17.954198473282442,-6.8396946564885495,-15.114503816793894,0.0
19.240000247955322,-9.871293444824218,2.4253262817382812,0.8259995727539062,29.740458015267176,-32.900763358778626,-20.244274809160306,-8.40843623046875,0.20829554443359374,1.7477672119140624,16.9618320610687,-5.083969465648855,-14.580152671755725,0.0
19.250000476837158,-10.046070166015625,3.4835634155273434,1.2114660400390624,27.770992366412212,-31.358778625954198,-21.404580152671755,-8.628702783203124,0.15562310791015624,1.7812860351562498,15.511450381679388,-3.236641221374046,-13.679389312977099,0.0
19.260000705718994,-9.485826977539062,3.6200329101562496,1.7884686401367187,26.27480916030534,-31.251908396946565,-18.916030534351144,-8.815450512695312,0.12689268798828124,1.7094599853515624,12.83969465648855,-0.732824427480916,-13.312977099236642,0.0
19.27000069618225,-9.861716638183593,3.912125512695312,2.6695348510742187,27.709923664122137,-28.82442748091603,-16.641221374045802,-8.602366564941406,0.031124621582031248,1.8650830932617186,9.374045801526718,1.099236641221374,-13.145038167938932,0.0
19.28000044822693,-10.565611926269531,4.453215087890625,3.1962592163085937,26.15267175572519,-28.259541984732824,-15.007633587786259,-8.959102612304687,-0.46208092041015625,1.7932570434570312,9.770992366412214,2.549618320610687,-11.709923664122137,0.0
19.290000677108765,-8.56166513671875,3.7517140014648436,1.7788918334960937,18.748091603053435,-34.70229007633588,-10.305343511450381,-8.528146313476562,-0.70868369140625,1.4772224243164063,10.946564885496183,5.251908396946565,-10.961832061068701,0.0
19.3000009059906,-8.966285217285156,3.821145849609375,1.6232687255859375,8.0,-35.37404580152672,-9.541984732824428,-8.588001354980468,-0.7733271362304687,1.1755530151367186,13.34351145038168,7.450381679389313,-9.755725190839694,0.0
19.31000065803528,-8.489839086914062,2.2960393920898436,1.5155296508789062,4.732824427480916,-34.274809160305345,-9.022900763358779,-7.7979148071289055,-0.2154781494140625,1.1947066284179686,13.786259541984732,8.732824427480915,-9.48091603053435,0.0
19.320000886917114,-9.179369165039063,2.0254946044921875,2.588131994628906,8.51908396946565,-29.114503816793892,-9.893129770992367,-9.449913952636718,-1.4867992309570313,1.5346832641601562,18.763358778625953,11.16030534351145,-7.572519083969466,0.0
19.330000638961792,-9.313444458007812,2.4349030883789062,3.754108203125,11.83206106870229,-25.61832061068702,-11.49618320610687,-9.993397729492187,-1.4724340209960938,2.549824768066406,21.954198473282442,12.778625954198473,-10.65648854961832,0.0
19.340001106262207,-10.618284362792968,2.9281086303710935,5.070919116210937,17.022900763358777,-24.442748091603054,-12.458015267175572,-10.292672937011718,-2.1883003173828124,2.1452046874999997,25.755725190839694,13.19083969465649,-11.145038167938932,0.0
19.350000381469727,-9.210493786621093,1.3215993164062498,6.102820031738281,28.519083969465647,-24.50381679389313,-11.267175572519085,-9.651026892089844,-0.8690952026367187,1.4700398193359374,28.137404580152673,13.129770992366412,-11.877862595419847,0.0
19.360000371932983,-11.092336291503905,3.4165257690429685,7.8338278320312495,19.022900763358777,-30.35114503816794,-15.17557251908397,-10.230423693847655,1.446097802734375,2.6575638427734374,14.900763358778626,20.15267175572519,-16.625954198473284,0.0
19.37000060081482,-11.180921752929686,2.2768857788085937,8.482656481933594,16.259541984732824,-39.221374045801525,-13.465648854961833,-12.899958544921875,0.7876923461914062,3.4931402221679684,-2.717557251908397,21.740458015267176,-18.671755725190838,0.0
19.380000352859497,-10.888829150390624,0.4908113403320312,9.009380847167968,18.091603053435115,-47.74045801526717,-13.84732824427481,-14.76025323486328,-0.8068459594726562,4.218583325195312,-11.770992366412214,20.396946564885496,-20.9618320610687,0.0
19.390000581741333,-10.881646545410156,1.8938135131835936,9.3086560546875,21.740458015267176,-56.97709923664122,-19.00763358778626,-15.179238525390623,-0.8451531860351562,3.7301661865234372,-19.587786259541986,19.282442748091604,-28.564885496183205,0.0
19.40000081062317,-13.642161059570311,3.3973721557617185,8.63109698486328,5.4961832061068705,-72.93129770992367,-26.396946564885496,-17.688361865234373,-5.363011718749999,3.928884924316406,-23.84732824427481,24.763358778625953,-31.786259541984734,0.0
19.410000562667847,-13.876792822265624,1.5418658691406248,7.4579381713867186,-2.0,-90.30534351145039,-25.984732824427482,-16.223110449218748,-3.9839515624999997,2.559401574707031,6.137404580152672,8.351145038167939,-28.641221374045802,0.0
19.420000791549683,-13.61103643798828,-1.2737152832031249,6.229712719726562,9.465648854961833,-100.73282442748092,-25.49618320610687,-12.287042919921875,1.5801730957031248,-0.11013327636718749,13.908396946564885,1.1450381679389312,-23.66412213740458,0.0
19.43000078201294,-14.101847778320312,-1.2832920898437499,5.616797094726562,21.389312977099237,-106.45801526717557,-26.061068702290076,-8.858546142578124,3.754108203125,-1.6615759521484375,-4.900763358778626,4.229007633587786,-17.251908396946565,0.0
19.440000295639038,-15.435418103027343,1.0295067138671874,5.8226984375,28.47328244274809,-110.45801526717557,-27.099236641221374,-8.32463917236328,3.028665100097656,-1.898601916503906,-17.435114503816795,11.740458015267176,-7.129770992366412,0.0
19.450000762939453,-14.53040987548828,0.5985504150390625,4.426878869628906,28.778625954198475,-116.06106870229007,-22.885496183206108,-7.939172705078125,-0.6416460449218749,-0.9050082275390624,-15.450381679389313,18.870229007633586,-1.0076335877862594,0.0
19.46000051498413,-13.874398620605469,0.1580173095703125,3.5194764404296874,32.85496183206107,-114.91603053435115,-20.427480916030536,-8.40125362548828,-3.766079211425781,-1.20667763671875,-9.297709923664122,24.366412213740457,-2.16793893129771,0.0
19.470000743865967,-13.541604589843748,0.4333505004882812,2.7078420776367187,31.72519083969466,-114.99236641221374,-20.33587786259542,-10.115502014160155,-6.270414147949219,-0.7829039428710937,5.633587786259542,30.18320610687023,-3.3435114503816794,0.0
19.480000495910645,-12.591106530761717,1.3000515014648437,1.7357962036132812,29.17557251908397,-111.55725190839695,-18.47328244274809,-8.863334545898438,-4.69263525390625,-0.9241618408203125,26.396946564885496,30.85496183206107,-4.809160305343512,0.0
19.4900004863739,-11.128249316406249,0.7350199096679687,0.5889736083984375,27.740458015267176,-108.19847328244275,-15.541984732824428,-10.409988818359375,-4.050989208984375,-0.3902548706054687,38.94656488549618,38.13740458015267,-2.3206106870229006,0.0
19.50000023841858,-9.789890588378906,1.2785036865234374,0.0047884033203125,28.229007633587788,-100.3206106870229,-12.564885496183207,-9.318232861328125,-1.218648645019531,-1.4820108276367188,42.01526717557252,39.31297709923664,-2.015267175572519,0.0
19.510000467300415,-7.697358337402343,0.16519991455078123,-0.9265560424804687,28.885496183206108,-94.0,-8.335877862595419,-8.645462194824217,0.296881005859375,-0.9911994873046874,30.702290076335878,50.47328244274809,1.1908396946564885,0.0
19.520000457763672,-7.4699091796875,-0.023942016601562498,-1.2425906616210938,31.87786259541985,-80.56488549618321,-4.717557251908397,-10.754753857421875,-1.9895815795898437,-0.10295067138671875,27.16030534351145,56.961832061068705,8.473282442748092,0.0
19.530000686645508,-6.9719152343749995,-1.1947066284179686,-1.5035586425781249,26.83969465648855,-71.06870229007633,-6.091603053435114,-10.881646545410156,-3.114856359863281,0.30885201416015623,37.603053435114504,50.80916030534351,10.50381679389313,0.0
19.540001153945923,-7.414842541503906,-1.5514426757812498,-0.34237083740234375,34.51908396946565,-58.045801526717554,-5.190839694656488,-9.215282189941405,-2.35589443359375,0.8762778076171874,42.229007633587784,44.94656488549618,8.80916030534351,0.0
19.55000066757202,-7.685387329101562,-0.2920926025390625,0.5219359619140624,39.74045801526717,-44.30534351145038,-1.7099236641221374,-9.112331518554686,-1.4149731811523436,0.2609679809570312,38.396946564885496,39.541984732824424,10.259541984732824,0.0
19.560000896453857,-7.168239770507812,0.7709329345703124,0.4955997436523437,38.38167938931298,-31.51145038167939,1.1145038167938932,-9.85692823486328,-0.6847416748046875,-0.03591302490234375,32.732824427480914,33.587786259541986,11.374045801526718,0.0
19.570000648498535,-7.036558679199218,1.8507178833007811,0.47165772705078124,23.862595419847327,-22.793893129770993,-1.0687022900763359,-8.571241943359375,-0.928950244140625,0.46686932373046874,19.328244274809162,34.30534351145038,10.778625954198473,0.0
19.58000087738037,-5.588066674804687,1.4053963745117186,-0.06703764648437499,11.099236641221374,-13.786259541984732,-1.2061068702290076,-9.943119494628906,-0.7972691528320313,0.6655880615234374,11.557251908396946,37.465648854961835,12.534351145038167,0.0
19.59000062942505,-5.7508723876953125,1.3239935180664062,0.0383072265625,-2.7938931297709924,-3.4198473282442747,-4.320610687022901,-9.5384994140625,-1.4700398193359374,1.0366893188476562,2.0916030534351147,37.770992366412216,13.099236641221374,0.0
19.600000381469727,-6.1267620483398435,1.5131354492187499,0.033518823242187495,-21.297709923664122,1.2366412213740459,-7.511450381679389,-9.516951599121093,-1.8818425048828125,0.5123591552734374,1.083969465648855,32.35114503816794,12.244274809160306,0.0
19.610000610351562,-6.335057592773437,1.1947066284179686,0.2920926025390625,-29.404580152671755,12.061068702290076,-8.610687022900763,-10.268730920410155,-3.284844677734375,1.1324573852539062,7.770992366412214,29.358778625954198,11.022900763358779,0.0
19.62000060081482,-6.023811376953125,1.4628572143554686,0.21308394775390624,-44.47328244274809,15.603053435114504,-11.267175572519085,-8.839392529296875,-1.3407529296874998,0.6536170532226562,6.3816793893129775,23.541984732824428,4.931297709923665,0.0
19.630000591278076,-6.066907006835937,1.5897499023437498,0.3806780639648437,-50.85496183206107,23.786259541984734,-8.80916030534351,-9.74200655517578,-1.8602946899414061,0.86191259765625,-3.6030534351145036,23.00763358778626,4.305343511450381,0.0
19.640000343322754,-5.439626171875,0.86191259765625,0.679953271484375,-62.3206106870229,32.030534351145036,-7.175572519083969,-9.612719665527344,-1.608903515625,0.9337386474609375,-9.251908396946565,19.755725190839694,3.068702290076336,0.0
19.65000057220459,-4.771643908691406,-0.8858546142578124,0.928950244140625,-66.9618320610687,39.465648854961835,-6.366412213740458,-10.09395419921875,-2.1356278808593747,0.7541735229492187,-11.48091603053435,18.18320610687023,1.9389312977099236,0.0
19.660000324249268,-4.76924970703125,-2.839523168945312,1.3766659545898436,-53.86259541984733,53.37404580152672,-4.9465648854961835,-10.129867224121092,-2.3726538452148436,0.7924807495117187,-9.908396946564885,17.00763358778626,1.465648854961832,0.0
19.670000314712524,-4.493916516113281,-3.0023288818359375,2.3151930053710936,-38.85496183206107,65.29770992366412,-9.557251908396946,-10.08677159423828,-2.5426421630859375,0.679953271484375,-5.862595419847328,15.526717557251908,1.4198473282442747,0.0
19.68000054359436,-5.499481213378906,-3.191470812988281,3.4835634155273434,-30.748091603053435,73.25190839694656,-14.076335877862595,-9.548076220703125,-2.5426421630859375,0.6368576416015624,-2.2900763358778624,14.687022900763358,1.7251908396946565,0.0
19.690001010894775,-6.418854650878906,-3.229778039550781,4.680664245605469,-15.007633587786259,80.01526717557252,-15.358778625954198,-9.643844287109374,-2.5905261962890624,0.5243301635742187,2.2595419847328246,13.618320610687023,2.900763358778626,0.0
19.700000524520874,-7.331045483398437,-2.499546533203125,5.209782812499999,6.061068702290076,86.12213740458016,-15.86259541984733,-9.670180505371093,-2.327164013671875,0.39264907226562495,6.122137404580153,12.687022900763358,3.282442748091603,0.0
19.71000075340271,-8.044517578125,-1.20667763671875,5.384559533691406,18.793893129770993,89.25190839694656,-16.519083969465647,-9.354145886230468,-1.426944189453125,0.19153613281249998,6.152671755725191,11.511450381679388,4.458015267175573,0.0
19.720000743865967,-8.844180932617187,0.076614453125,5.394136340332031,27.206106870229007,90.41221374045801,-14.748091603053435,-9.80665,-1.886630908203125,0.469263525390625,5.9541984732824424,11.86259541984733,5.6183206106870225,0.0
19.730000257492065,-9.14824454345703,1.9297265380859374,5.623979699707031,32.412213740458014,90.73282442748092,-10.396946564885496,-9.162609753417968,-1.0654197387695312,0.08140285644531249,6.198473282442748,10.213740458015268,4.717557251908397,0.0
19.7400004863739,-9.72285294189453,3.859453076171875,5.844246252441406,33.00763358778626,90.1526717557252,-3.6030534351145036,-9.698910925292969,-1.209071838378906,-0.239420166015625,1.633587786259542,10.870229007633588,5.221374045801527,0.0
19.750000476837158,-10.019733947753906,4.388571643066406,5.628768103027343,25.587786259541986,86.50381679389314,2.2595419847328246,-9.490615380859374,-1.6903063720703124,0.08858546142578125,0.5801526717557252,11.389312977099237,6.442748091603053,0.0
19.760000705718994,-10.330980163574218,3.766079211425781,5.626373901367187,16.244274809160306,83.57251908396947,5.3893129770992365,-9.023746057128905,-0.7230489013671875,-0.4070142822265625,0.6564885496183206,9.709923664122137,5.358778625954199,0.0
19.770000457763672,-10.558429321289061,2.96881005859375,5.578489868164062,4.137404580152672,78.82442748091603,7.7251908396946565,-8.817844714355468,-1.2928688964843749,-0.16280571289062498,-5.755725190839694,13.34351145038168,6.427480916030534,0.0
19.780000686645508,-10.302249743652343,1.697488977050781,5.082890124511718,-5.526717557251908,73.74045801526718,10.244274809160306,-9.418789331054686,-0.02633621826171875,-0.5195417602539062,-13.816793893129772,16.931297709923665,6.290076335877862,0.0
19.790000677108765,-9.770736975097655,1.3072341064453123,4.656722229003906,-12.076335877862595,70.62595419847328,11.618320610687023,-8.576030346679687,-0.6823474731445313,-0.2442085693359375,-26.702290076335878,19.938931297709924,7.00763358778626,0.0
19.8000009059906,-10.038887561035155,0.229843359375,4.1946413085937495,-16.870229007633586,67.00763358778626,13.587786259541986,-9.138667736816405,-1.6903063720703124,-0.13407529296874998,-27.633587786259543,21.083969465648856,8.977099236641221,0.0
19.81000065803528,-10.232817895507813,-0.4908113403320312,4.848258361816406,-14.549618320610687,64.18320610687023,14.244274809160306,-10.079588989257813,-3.1316157714843746,0.32561142578124996,-22.48854961832061,22.9618320610687,11.32824427480916,0.0
19.820000886917114,-10.965443603515624,-0.19393033447265623,4.872200378417968,-6.732824427480916,61.16030534351145,17.17557251908397,-10.465055456542968,-7.788338000488281,2.712630480957031,-12.732824427480915,22.65648854961832,13.068702290076336,0.0
19.830000638961792,-10.242394702148436,-1.0941501586914062,3.7014357666015623,0.6564885496183206,57.38931297709924,21.129770992366414,-8.17141026611328,-2.9185318237304685,-0.00718260498046875,11.923664122137405,7.1603053435114505,6.732824427480916,0.0
19.840000867843628,-9.421183532714844,-2.152387292480469,2.9855694702148434,8.290076335877863,55.11450381679389,21.709923664122137,-10.000580334472655,-2.959233251953125,0.06464344482421874,11.740458015267176,10.931297709923664,7.923664122137405,0.0
19.850000619888306,-11.724405529785155,-1.3024457031249999,5.327098693847656,5.847328244274809,55.31297709923664,17.862595419847327,-9.375693701171874,-1.2904746948242187,0.02154781494140625,12.931297709923664,8.870229007633588,8.50381679389313,0.0
19.860000610351562,-13.441048120117186,0.8643067993164062,7.163451367187499,3.068702290076336,45.786259541984734,17.450381679389313,-7.915230688476562,-0.45010991210937495,-0.1005564697265625,0.1984732824427481,12.351145038167939,8.473282442748092,0.0
19.8700008392334,-13.000515014648437,1.1516109985351561,6.380547424316406,-7.236641221374046,31.66412213740458,21.72519083969466,-9.629479077148437,-1.714248388671875,0.16519991455078123,-4.549618320610687,16.076335877862597,11.908396946564885,0.0
19.880000591278076,-12.097900988769531,0.5770026000976562,5.858611462402344,-13.49618320610687,25.83206106870229,23.81679389312977,-9.526528405761718,-1.024718310546875,-0.9026140258789062,-12.625954198473282,16.748091603053435,10.870229007633588,0.0
19.890000343322754,-12.536039892578124,1.01514150390625,5.078101721191406,-25.908396946564885,14.473282442748092,22.80916030534351,-9.65342109375,-2.0566192260742184,-0.20829554443359374,-19.64885496183206,21.72519083969466,12.732824427480915,0.0
19.90000057220459,-10.663774194335938,-1.8411410766601561,3.4835634155273434,-22.0,7.877862595419847,22.80916030534351,-9.265560424804686,-2.0925322509765625,-0.9816226806640624,-14.091603053435115,18.061068702290076,13.511450381679388,0.0
19.910000324249268,-9.476250170898437,-2.9281086303710935,3.0214824951171875,-6.854961832061068,8.564885496183207,17.6793893129771,-11.554417211914062,-5.341463903808593,0.201112939453125,-4.534351145038168,21.31297709923664,17.083969465648856,0.0
19.920000553131104,-9.330203869628905,-2.152387292480469,2.901772412109375,0.3816793893129771,6.854961832061068,9.16030534351145,-9.763554370117188,-2.664746447753906,-0.28969840087890625,4.183206106870229,14.213740458015268,12.427480916030534,0.0
19.93000030517578,-8.585607153320312,-1.6136919189453125,2.6719290527343746,11.114503816793894,7.251908396946565,6.152671755725191,-9.260772021484375,-1.8124106567382812,-0.7613561279296874,6.106870229007634,10.580152671755725,12.305343511450381,0.0
19.940000534057617,-8.444349255371094,-0.6655880615234374,2.499546533203125,14.15267175572519,7.1603053435114505,3.450381679389313,-9.478644372558593,-0.852335791015625,-0.6416460449218749,5.541984732824427,9.893129770992367,13.099236641221374,0.0
19.950000762939453,-8.051700183105469,-0.39983167724609375,2.1260510742187497,17.328244274809162,8.732824427480915,3.1603053435114505,-9.6917283203125,-0.5051765502929687,-0.46208092041015625,3.4656488549618323,10.305343511450381,14.01526717557252,0.0
19.96000051498413,-8.528146313476562,0.5243301635742187,1.9393033447265624,17.251908396946565,10.83969465648855,4.519083969465649,-9.715670336914062,-0.39983167724609375,-0.29927520751953124,-0.6412213740458015,9.938931297709924,14.763358778625955,0.0
19.970000505447388,-8.022969763183593,0.48123453369140623,1.4987702392578124,18.015267175572518,13.572519083969466,7.129770992366412,-9.801861596679688,-0.47884033203125,-0.18435352783203124,-2.885496183206107,9.923664122137405,14.961832061068701,0.0
19.980000495910645,-6.191405493164062,-1.7549498168945312,0.6200982299804687,30.916030534351144,19.17557251908397,10.717557251908397,-9.490615380859374,-0.411802685546875,-0.2705447875976562,-6.244274809160306,9.816793893129772,14.305343511450381,0.0
19.9900004863739,-7.649474304199218,-0.622492431640625,1.0510545288085937,42.06106870229008,30.3206106870229,7.511450381679389,-9.696516723632811,-0.7757213378906249,-0.3591302490234375,-8.01526717557252,10.366412213740459,14.335877862595419,0.0
20.000000476837158,-8.568847741699217,1.5682020874023437,1.3742717529296875,34.961832061068705,32.51908396946565,3.3587786259541983,-9.686939916992188,-1.0127473022460938,-0.26336218261718747,-9.022900763358779,10.045801526717558,15.267175572519085,0.0
20.010000705718994,-8.650250598144531,1.5107412475585937,1.7645266235351562,26.27480916030534,31.236641221374047,3.5877862595419847,-9.873687646484374,-2.308010400390625,-0.2753331909179687,-0.8549618320610687,4.091603053435114,16.33587786259542,0.0
20.02000117301941,-8.628702783203124,1.8650830932617186,2.4301146850585935,29.114503816793892,35.51145038167939,4.091603053435114,-8.307879760742187,0.4381389038085937,-0.584185205078125,1.2213740458015268,1.1145038167938932,13.083969465648854,0.0
20.030000686645508,-9.567229833984374,3.1292215698242187,2.6431986328124997,21.068702290076335,35.969465648854964,3.9236641221374047,-10.084377392578125,-1.0175357055664063,0.0143652099609375,-9.038167938931299,8.65648854961832,17.64885496183206,0.0
20.040000438690186,-10.263942517089843,3.564966271972656,2.980781066894531,8.290076335877863,34.10687022900763,6.396946564885496,-10.038887561035155,-0.35194764404296874,0.023942016601562498,-6.244274809160306,5.022900763358779,18.0,0.0
20.05000066757202,-11.176133349609374,3.8091748413085935,3.0693665283203124,-2.6259541984732824,32.18320610687023,8.381679389312977,-10.529698901367187,-1.005564697265625,0.22505495605468748,-7.404580152671755,6.580152671755725,18.68702290076336,0.0
20.060001134872437,-8.892064965820312,2.710236279296875,2.300827795410156,-12.0,25.51145038167939,12.702290076335878,-9.981426721191406,-0.6967126831054687,0.38307226562499996,-8.412213740458014,4.8396946564885495,18.33587786259542,0.0
20.070000648498535,-10.405200415039062,4.292803576660156,2.8898014038085935,-24.442748091603054,24.870229007633586,13.16030534351145,-10.168174450683592,-0.45968671875,0.3711012573242187,-9.48091603053435,4.137404580152672,18.519083969465647,0.0
20.08000111579895,-10.534487304687499,4.151545678710937,2.1452046874999997,-45.969465648854964,16.65648854961832,13.557251908396946,-10.175357055664062,-0.29927520751953124,0.3232172241210937,-11.053435114503817,3.8473282442748094,18.68702290076336,0.0
20.09000062942505,-9.466673364257812,2.3965958618164063,1.458068811035156,-55.16030534351145,14.16793893129771,15.389312977099237,-10.414777221679687,-0.5674257934570313,0.3136404174804687,-11.954198473282442,3.8931297709923665,19.435114503816795,0.0
20.100000619888306,-8.901641772460938,1.678335363769531,1.350329736328125,-55.02290076335878,16.03053435114504,15.618320610687023,-10.340556970214843,-0.5027823486328125,0.41898529052734373,-13.938931297709924,2.8396946564885495,18.702290076335878,0.0
20.110000610351562,-9.052476477050782,1.5442600708007812,1.5466542724609373,-56.97709923664122,17.221374045801525,14.580152671755725,-10.608707556152343,-0.6416460449218749,0.5386953735351562,-14.549618320610687,1.8778625954198473,17.908396946564885,0.0
20.12000060081482,-7.6279264892578125,-1.2665326782226562,1.20667763671875,-46.88549618320611,18.427480916030536,15.755725190839694,-10.532093103027343,-0.622492431640625,0.6081272216796875,-15.877862595419847,0.2748091603053435,15.84732824427481,0.0
20.130000591278076,-8.585607153320312,-1.0486603271484374,1.6735469604492186,-37.587786259541986,19.923664122137403,13.282442748091603,-10.711658227539061,-0.5003881469726562,0.6392518432617187,-17.053435114503817,-0.916030534351145,14.106870229007633,0.0
20.140000581741333,-9.923965881347655,0.6464344482421874,2.6384102294921874,-33.98473282442748,20.16793893129771,10.427480916030534,-10.386046801757812,-0.565031591796875,0.6631938598632812,-17.923664122137403,-3.404580152671756,13.114503816793894,0.0
20.15000057220459,-8.789114294433594,-0.9145850341796874,2.262520568847656,-16.717557251908396,20.27480916030534,12.732824427480915,-10.084377392578125,-0.29448680419921874,0.4333505004882812,-17.81679389312977,-6.366412213740458,12.83969465648855,0.0
20.160000801086426,-9.390058911132812,0.4525041137695312,2.2649147705078123,-9.022900763358779,17.81679389312977,11.221374045801527,-9.885658654785155,-0.17956512451171874,0.35673604736328124,-19.557251908396946,-8.396946564885496,12.427480916030534,0.0
20.17000102996826,-9.79946739501953,0.49799394531249996,2.2601263671875,-1.8778625954198473,14.335877862595419,11.038167938931299,-9.801861596679688,-0.8738836059570312,0.6727706665039062,-20.259541984732824,-8.427480916030534,12.83969465648855,0.0
20.18000054359436,-9.373299499511718,-0.42377369384765623,1.8171990600585937,14.106870229007633,12.83969465648855,12.50381679389313,-8.968679418945312,-1.1851298217773436,0.20350714111328125,-10.351145038167939,-17.022900763358777,10.732824427480915,0.0
20.190000772476196,-10.989385620117186,2.39420166015625,2.511517541503906,27.19083969465649,15.16030534351145,9.282442748091603,-9.495403784179686,-1.7932570434570312,0.6248866333007812,-3.3587786259541983,-16.549618320610687,9.297709923664122,0.0
20.200000524520874,-10.694898815917968,3.0214824951171875,1.9488801513671874,18.03053435114504,6.198473282442748,10.564885496183207,-9.964667309570311,-3.268085266113281,0.14604630126953125,10.045801526717558,-22.671755725190838,8.106870229007633,0.0
20.21000075340271,-10.302249743652343,2.5354595581054684,1.675941162109375,20.229007633587788,3.6946564885496183,13.557251908396946,-10.371681591796875,-4.240131140136718,0.430956298828125,28.977099236641223,-28.885496183206108,6.793893129770993,0.0
20.220000505447388,-9.483432775878907,2.3391350219726563,1.4125789794921875,24.396946564885496,3.8473282442748094,15.618320610687023,-9.600748657226562,-1.2665326782226562,-0.16998831787109375,45.05343511450382,-35.267175572519086,1.3282442748091603,0.0
20.230000495910645,-9.883264453125,3.632003918457031,1.22583125,19.282442748091604,3.0229007633587788,15.099236641221374,-9.33978067626953,1.7597382202148437,-0.9720458740234375,31.709923664122137,-29.068702290076335,-2.0916030534351147,0.0
20.2400004863739,-9.746794958496093,3.8762124877929685,1.0199299072265624,4.961832061068702,0.2900763358778626,13.32824427480916,-8.36294639892578,1.3072341064453123,-0.12689268798828124,18.53435114503817,-23.893129770992367,-1.1450381679389312,0.0
20.250000476837158,-11.762712756347655,5.322310290527343,1.7429788085937499,-17.068702290076335,-3.801526717557252,10.229007633587786,-9.708487731933593,0.1005564697265625,0.2561795776367187,21.84732824427481,-20.580152671755727,0.8549618320610687,0.0
20.260000705718994,-11.343727465820312,3.727771984863281,0.9816226806640624,-29.51145038167939,-9.541984732824428,11.908396946564885,-11.487379565429686,-0.737414111328125,-0.4740519287109375,26.610687022900763,-15.893129770992367,2.2748091603053435,0.0
20.27000093460083,-8.52335791015625,1.2689268798828124,0.2920926025390625,-25.587786259541986,-7.175572519083969,13.923664122137405,-9.995791931152343,-0.2825157958984375,0.14604630126953125,36.2442748091603,-20.870229007633586,0.5343511450381679,0.0
20.28000044822693,-9.622296472167967,1.0534487304687499,0.34715924072265625,-23.603053435114504,-3.633587786259542,11.374045801526718,-8.702923034667968,0.8020575561523438,-0.39743747558593745,38.0763358778626,-21.236641221374047,0.5038167938931297,0.0
20.290000677108765,-9.516951599121093,1.3072341064453123,0.3806780639648437,-17.251908396946565,0.2900763358778626,9.358778625954198,-7.173028173828125,3.5314474487304683,-1.4413093994140624,27.267175572519083,-23.31297709923664,-0.9465648854961832,0.0
20.3000009059906,-9.184157568359375,1.3096283081054687,0.5291185668945312,-9.007633587786259,6.259541984732825,7.068702290076335,-9.861716638183593,2.4947581298828125,-1.216254443359375,18.137404580152673,-11.633587786259541,4.259541984732825,0.0
20.31000065803528,-8.51617530517578,-0.105344873046875,0.36152445068359373,-1.465648854961832,9.893129770992367,5.435114503816794,-9.90241806640625,2.0566192260742184,-0.689530078125,7.206106870229007,-4.870229007633588,4.931297709923665,0.0
20.320001125335693,-9.437942944335937,1.618480322265625,1.6041151123046875,6.488549618320611,15.572519083969466,0.183206106870229,-10.321403356933594,1.2282254516601563,-0.3902548706054687,3.5419847328244276,-4.1679389312977095,3.5267175572519083,0.0
20.330000400543213,-10.441113439941406,2.3343466186523436,1.898601916503906,8.091603053435115,15.48091603053435,-3.0076335877862594,-10.395623608398436,0.9744400756835937,0.07422025146484375,-1.0534351145038168,-4.687022900763359,1.6793893129770991,0.0
20.340000867843628,-9.70369932861328,2.1164742675781247,1.448492004394531,7.190839694656488,11.404580152671755,-3.404580152671756,-10.663774194335938,0.7445967163085937,0.5410895751953124,-6.809160305343512,-5.877862595419847,-0.24427480916030533,0.0
20.350000619888306,-9.473855969238281,2.269703173828125,1.3383587280273437,9.282442748091603,10.488549618320612,-4.152671755725191,-10.455478649902343,0.5865794067382812,0.7541735229492187,-13.86259541984733,-7.145038167938932,-1.9083969465648856,0.0
20.360000371932983,-9.414000927734374,2.4492682983398435,1.2880804931640624,11.435114503816793,10.564885496183207,-5.419847328244275,-10.716446630859375,0.23702596435546874,1.0199299072265624,-19.31297709923664,-8.564885496183207,-3.7709923664122136,0.0
20.37000060081482,-9.648632690429688,3.0502129150390624,1.350329736328125,12.51908396946565,10.732824427480915,-4.8396946564885495,-10.474632263183594,-0.24899697265624998,1.4317325927734375,-21.587786259541986,-11.389312977099237,-5.358778625954199,0.0
20.380000591278076,-8.920795385742187,2.0087351928710935,0.8092401611328125,16.549618320610687,10.427480916030534,-2.8702290076335877,-11.360486877441405,-1.1635820068359375,1.2306196533203124,-14.106870229007633,-16.68702290076336,-4.99236641221374,0.0
20.390000581741333,-10.022128149414062,4.101267443847656,1.1372457885742187,15.114503816793894,13.206106870229007,-4.396946564885496,-9.34696328125,-0.8307879760742187,1.9512743530273435,-8.534351145038167,-25.374045801526716,-9.022900763358779,0.0
20.40000081062317,-9.133879333496093,3.0813375366210938,1.1444283935546875,12.244274809160306,14.229007633587786,-3.435114503816794,-11.219228979492186,-2.157175695800781,1.4221557861328125,-3.8931297709923665,-26.50381679389313,-9.17557251908397,0.0
20.410000562667847,-9.682151513671874,3.5003228271484375,1.5418658691406248,-0.32061068702290074,11.618320610687023,-3.9083969465648853,-11.176133349609374,-1.867477294921875,1.5921441040039062,8.564885496183207,-35.69465648854962,-11.389312977099237,0.0
20.420000553131104,-9.246406811523437,2.2457611572265623,1.5131354492187499,-3.114503816793893,9.19083969465649,-1.7251908396946565,-10.1131078125,-0.8810662109374999,1.7310078002929687,15.358778625954198,-42.67175572519084,-15.34351145038168,0.0
20.43000102043152,-9.303867651367186,2.8562825805664063,2.0183119995117185,-0.366412213740458,12.122137404580153,-1.3282442748091603,-8.066065393066406,1.8363526733398436,1.0558429321289062,4.473282442748092,-46.6412213740458,-18.748091603053435,0.0
20.440000534057617,-9.375693701171874,2.978386865234375,2.1595698974609374,-6.763358778625954,9.648854961832061,0.5190839694656488,-8.44674345703125,0.612915625,1.889025109863281,-11.083969465648854,-36.50381679389313,-14.213740458015268,0.0
20.450000524520874,-9.763554370117188,3.375824340820312,2.7246014892578123,-11.511450381679388,7.038167938931298,1.297709923664122,-9.469067565917967,-0.5051765502929687,1.7118541870117185,-9.099236641221374,-39.23664122137404,-11.34351145038168,0.0
20.46000027656555,-9.667786303710937,2.6791116577148437,2.8467057739257813,-9.709923664122137,3.5114503816793894,3.877862595419847,-9.181763366699219,-0.7445967163085937,1.429338391113281,-2.564885496183206,-45.57251908396947,-13.786259541984732,0.0
20.470000743865967,-9.648632690429688,2.3535002319335936,3.0597897216796874,-3.2213740458015265,1.9694656488549618,7.679389312977099,-8.015787158203125,0.18914193115234373,1.6352397338867186,-4.473282442748092,-49.74045801526717,-16.931297709923665,0.0
20.480000495910645,-9.380482104492186,2.4013842651367185,3.5314474487304683,0.13740458015267176,1.1450381679389312,11.435114503816793,-7.675810522460937,0.86191259765625,1.7573440185546874,-19.862595419847327,-45.3587786259542,-16.3206106870229,0.0
20.490000247955322,-9.866505041503906,2.882618798828125,4.582501977539062,-7.3893129770992365,-3.816793893129771,9.557251908396946,-7.8170684204101555,0.031124621582031248,1.5969325073242187,-25.908396946564885,-46.0,-14.65648854961832,0.0
20.500000476837158,-9.018957653808593,2.8036101440429686,4.393360046386719,-10.885496183206106,-11.465648854961833,8.65648854961832,-8.71489404296875,-1.6304513305664061,1.43652099609375,-18.85496183206107,-45.57251908396947,-14.198473282442748,0.0
20.510000944137573,-11.06360587158203,5.197811804199218,4.44363828125,-19.51145038167939,-19.66412213740458,7.282442748091603,-9.433154541015625,-1.139639990234375,1.1707646118164061,-9.48091603053435,-50.68702290076336,-16.641221374045802,0.0
20.520000457763672,-10.137049829101562,4.448426684570312,4.019864587402344,-32.3206106870229,-31.374045801526716,11.465648854961833,-7.503428002929687,0.028730419921875,0.6200982299804687,-15.709923664122137,-51.29770992366412,-19.740458015267176,0.0
20.53000044822693,-9.842563024902343,3.2609026611328122,3.8139632446289062,-43.31297709923664,-37.63358778625954,14.549618320610687,-7.714117749023437,0.6655880615234374,0.15562310791015624,-18.50381679389313,-52.80916030534351,-18.80916030534351,0.0
20.540000915527344,-8.681375219726561,1.4532804077148436,3.5386300537109374,-51.083969465648856,-44.48854961832061,12.885496183206106,-8.75320126953125,-0.28730419921875,0.9792284790039062,-23.374045801526716,-43.603053435114504,-17.129770992366414,0.0
20.5500009059906,-8.2743609375,-0.6081272216796875,3.4907460205078125,-47.908396946564885,-50.412213740458014,8.83969465648855,-9.3852705078125,-1.5227122558593749,1.120486376953125,-10.625954198473282,-46.25954198473283,-15.770992366412214,0.0
20.560000896453857,-7.431601953125,-1.7956512451171873,3.840299462890625,-25.87786259541985,-52.93129770992366,5.312977099236641,-7.900865478515625,-0.7565677246093749,1.2952630981445312,-2.4580152671755724,-49.083969465648856,-18.65648854961832,0.0
20.570000648498535,-7.790732202148437,-0.7900865478515624,3.6583401367187496,-6.564885496183206,-51.465648854961835,1.6793893129770991,-6.770802294921874,1.0007762939453124,0.737414111328125,-7.740458015267175,-40.88549618320611,-20.03053435114504,0.0
20.58000111579895,-8.451531860351562,0.9265560424804687,3.6463691284179687,-1.099236641221374,-51.7557251908397,-2.7938931297709924,-8.750807067871094,-0.612915625,0.9864110839843749,-13.969465648854962,-30.458015267175572,-15.007633587786259,0.0
20.59000039100647,-8.93755479736328,1.5227122558593749,3.5984850952148437,-0.07633587786259542,-54.01526717557252,-4.2748091603053435,-8.391676818847655,-1.1755530151367186,1.3096283081054687,-1.465648854961832,-30.68702290076336,-13.389312977099237,0.0
20.600000381469727,-8.712499841308594,1.1133037719726562,2.8945898071289062,3.8625954198473282,-53.74045801526717,-3.954198473282443,-8.008604553222655,-1.5729904907226562,1.1156979736328125,13.770992366412214,-32.76335877862596,-14.610687022900763,0.0
20.610000610351562,-8.678981018066406,1.1228805786132812,2.090138049316406,6.656488549618321,-51.93893129770992,-5.633587786259542,-7.0269818725585935,-0.9002198242187499,1.2042834350585936,17.450381679389313,-30.53435114503817,-16.80916030534351,0.0
20.62000036239624,-7.750030773925781,1.388636962890625,1.68551796875,10.290076335877863,-51.52671755725191,-6.442748091603053,-6.955155822753905,-0.13646949462890623,0.8762778076171874,16.229007633587788,-28.0,-16.244274809160306,0.0
20.630000829696655,-7.848193041992187,2.501940734863281,1.3048399047851562,9.374045801526718,-49.221374045801525,-7.221374045801527,-7.596801867675781,0.06703764648437499,0.5195417602539062,2.9160305343511452,-19.00763358778626,-13.938931297709924,0.0
20.640000820159912,-8.245630517578125,3.0980969482421874,1.889025109863281,5.908396946564886,-47.57251908396947,-7.572519083969466,-7.807491613769531,0.7062894897460937,0.8954314208984374,4.076335877862595,-14.82442748091603,-11.32824427480916,0.0
20.65000081062317,-8.300697155761718,2.844311572265625,2.43250888671875,7.8320610687022905,-46.6412213740458,-7.267175572519084,-8.590395556640624,-0.3232172241210937,1.6160861206054686,1.9541984732824427,-7.816793893129771,-9.86259541984733,0.0
20.660000562667847,-8.061276989746093,1.5849614990234373,3.478775012207031,15.816793893129772,-43.282442748091604,-6.33587786259542,-8.535328918457031,-0.7230489013671875,2.090138049316406,3.648854961832061,-6.396946564885496,-10.122137404580153,0.0
20.67000102996826,-8.020575561523437,1.2737152832031249,3.8187516479492185,24.12213740458015,-43.083969465648856,-6.442748091603053,-8.528146313476562,-0.814028564453125,2.1212626708984375,5.893129770992366,-5.419847328244275,-10.15267175572519,0.0
20.68000054359436,-7.513004809570312,1.465251416015625,2.1356278808593747,22.717557251908396,-43.770992366412216,-7.709923664122138,-8.583212951660157,-0.9145850341796874,2.01112939453125,10.870229007633588,-3.572519083969466,-10.595419847328245,0.0
20.690000772476196,-8.91840118408203,1.8698714965820311,2.2361843505859373,17.053435114503817,-43.221374045801525,-11.435114503816793,-8.360552197265624,-1.0869675537109373,1.6615759521484375,15.725190839694656,-1.7099236641221374,-10.076335877862595,0.0
20.700000524520874,-9.093177905273437,2.501940734863281,2.224213342285156,17.740458015267176,-41.603053435114504,-11.969465648854962,-8.671798413085938,-1.1085153686523437,1.3742717529296875,19.786259541984734,0.33587786259541985,-8.931297709923664,0.0
20.71000075340271,-8.027758166503906,1.7621324218749999,1.936909143066406,19.083969465648856,-38.045801526717554,-12.244274809160306,-8.20971749267578,-0.41419688720703124,0.8858546142578124,21.557251908396946,2.351145038167939,-7.7251908396946565,0.0
20.720000505447388,-8.43956085205078,2.2577321655273437,2.7437551025390623,22.229007633587788,-30.793893129770993,-15.297709923664122,-9.725247143554688,-0.6392518432617187,1.0223241088867188,22.244274809160306,6.748091603053435,-7.358778625954199,0.0
20.730000257492065,-8.145074047851562,1.8698714965820311,2.7940333374023436,27.267175572519083,-26.35114503816794,-16.50381679389313,-8.204929089355469,1.2018892333984375,1.209071838378906,14.473282442748092,12.244274809160306,-13.98473282442748,0.0
20.74000072479248,-9.188945971679686,5.049371301269531,3.0310593017578125,24.259541984732824,-20.65648854961832,-19.69465648854962,-10.390835205078124,-1.6424223388671875,1.3910311645507811,5.572519083969466,23.740458015267176,-9.572519083969466,0.0
20.750000476837158,-9.792284790039062,6.816292126464844,3.878606689453125,5.847328244274809,-19.954198473282442,-20.366412213740457,-10.036493359375,-0.6703764648437499,1.3024457031249999,9.740458015267176,23.633587786259543,-8.259541984732824,0.0
20.760000705718994,-10.857704528808593,7.46272657470703,4.1754876953124995,-10.335877862595419,-21.96946564885496,-17.00763358778626,-11.135431921386719,0.22744915771484372,2.4851813232421875,0.5801526717557252,33.14503816793893,-10.13740458015267,0.0
20.770000457763672,-9.756371765136718,4.786009118652344,4.7931917236328125,-21.984732824427482,-23.908396946564885,-12.045801526717558,-10.345345373535155,3.347093920898437,3.2728736694335936,-20.137404580152673,39.74045801526717,-14.01526717557252,0.0
20.780000686645508,-10.072406384277343,4.53940634765625,5.501875415039062,-30.916030534351144,-25.480916030534353,-12.793893129770993,-16.146495996093748,-1.695094775390625,4.103661645507812,-33.83206106870229,48.99236641221374,-7.9541984732824424,0.0
20.790000915527344,-8.877699755859375,1.1061211669921875,4.695029455566406,-28.931297709923665,-28.12213740458015,-10.610687022900763,-16.421829187011717,-2.5905261962890624,3.1579519897460937,-24.061068702290076,39.70992366412214,-16.53435114503817,0.0
20.8000009059906,-8.858546142578124,-1.608903515625,4.8650177734375,-10.763358778625955,-25.34351145038168,-13.419847328244275,-19.225439331054687,-7.137115148925781,3.744531396484375,-4.977099236641221,42.01526717557252,-16.625954198473284,0.0
20.8100004196167,-10.302249743652343,-1.7214309936523438,6.2201359130859375,12.229007633587786,-24.366412213740457,-18.198473282442748,-15.095441467285156,-0.9792284790039062,1.0103531005859374,25.908396946564885,21.801526717557252,-15.49618320610687,0.0
20.820000886917114,-13.043610644531249,0.19632453613281248,7.762001782226562,36.48854961832061,-26.732824427480917,-19.267175572519083,-12.789825268554686,2.1715409057617188,-0.10295067138671875,21.64885496183206,25.435114503816795,-6.137404580152672,0.0
20.830000638961792,-13.393164086914062,0.7852981445312499,8.652644799804687,51.31297709923664,-36.50381679389313,-15.450381679389313,-9.641450085449218,4.062960217285156,-0.3591302490234375,17.740458015267176,18.82442748091603,-1.0381679389312977,0.0
20.840000867843628,-16.079458349609375,2.882618798828125,9.694122521972655,63.31297709923664,-45.404580152671755,-12.15267175572519,-6.1626750732421876,7.558494641113281,-0.7517793212890624,-7.740458015267175,25.221374045801525,2.6564885496183206,0.0
20.850000619888306,-14.211981054687499,0.22744915771484372,8.56166513671875,68.25954198473282,-59.221374045801525,-2.885496183206107,-7.218518005371093,3.7158009765625,-0.4285620971679687,-41.221374045801525,39.45038167938932,12.732824427480915,0.0
20.860000610351562,-15.011644409179686,1.2641384765625,8.674192614746094,63.49618320610687,-68.93129770992367,-1.9083969465648856,-8.951920007324219,-1.2641384765625,-0.622492431640625,-39.63358778625954,38.656488549618324,17.14503816793893,0.0
20.87000036239624,-15.346832641601562,2.5330653564453125,7.704540942382812,36.97709923664122,-90.93129770992367,-6.99236641221374,-8.74601866455078,-3.6822821533203123,-0.9097966308593749,-25.374045801526716,43.45038167938932,12.13740458015267,0.0
20.880000591278076,-12.808978881835937,-0.28490999755859375,4.939238024902344,23.786259541984734,-108.29007633587786,-6.687022900763359,-10.244788903808594,-6.265625744628906,-1.0749965454101562,-13.664122137404581,48.25954198473283,15.083969465648854,0.0
20.890000581741333,-12.12423720703125,-0.5817910034179687,4.278438366699218,14.870229007633588,-112.04580152671755,-12.687022900763358,-11.604695446777344,-6.392518432617187,-1.4030021728515625,16.458015267175572,44.82442748091603,15.282442748091603,0.0
20.90000057220459,-11.69567510986328,-0.6200982299804687,2.4588451049804685,5.7251908396946565,-119.6030534351145,-19.83206106870229,-9.947907897949218,-4.072537023925781,-1.1180921752929687,41.969465648854964,41.7557251908397,9.068702290076336,0.0
20.910001039505005,-9.323021264648437,-1.6160861206054686,0.5722141967773438,12.106870229007633,-120.73282442748092,-19.389312977099237,-7.912836486816405,-1.4030021728515625,-1.1563994018554686,34.35114503816794,39.89312977099237,5.435114503816794,0.0
20.920000553131104,-7.48906279296875,-2.4516625,-0.3016694091796875,26.610687022900763,-111.72519083969466,-16.27480916030534,-8.79150849609375,-0.05985504150390625,0.047884033203124995,12.396946564885496,45.29770992366412,6.427480916030534,0.0
20.93000030517578,-8.137891442871092,0.4333505004882812,-0.7996633544921875,30.519083969465647,-99.78625954198473,-18.564885496183205,-11.159373937988281,-2.0661960327148434,1.1444283935546875,0.1984732824427481,48.778625954198475,6.687022900763359,0.0
20.940000534057617,-8.14028564453125,1.0678139404296874,-1.0869675537109373,17.87786259541985,-96.82442748091603,-18.427480916030536,-10.122684619140625,-3.9552211425781247,2.4899697265625,2.8244274809160306,39.786259541984734,2.6259541984732824,0.0
20.950000762939453,-7.242460021972656,-0.4213794921875,-0.8906430175781249,33.29770992366412,-80.38167938931298,-9.98473282442748,-11.173739147949219,-5.444414575195312,1.8148048583984373,10.870229007633588,29.786259541984734,-0.22900763358778625,0.0
20.96000051498413,-7.5345526245117185,1.3479355346679687,0.15322890625,40.10687022900763,-63.63358778625954,-6.595419847328245,-10.115502014160155,-4.515464331054687,1.0630255371093749,14.65648854961832,21.572519083969464,-2.9618320610687023,0.0
20.970000743865967,-7.580042456054687,2.9496564453125,0.8475473876953125,30.427480916030536,-52.80916030534351,-2.549618320610687,-9.423577734375,-4.422090466308593,0.9888052856445312,17.923664122137403,20.15267175572519,-2.5343511450381677,0.0
20.980000495910645,-8.374917407226562,3.095702746582031,1.0438719238281249,10.80916030534351,-46.29007633587786,0.07633587786259542,-9.473855969238281,-3.0502129150390624,0.29927520751953124,25.053435114503817,16.0,-3.572519083969466,0.0
20.9900004863739,-7.735665563964844,1.8626888916015625,0.32082302246093747,1.1145038167938932,-39.52671755725191,0.04580152671755725,-9.832986218261718,-2.408566870117187,-0.33039982910156246,26.702290076335878,13.34351145038168,-1.7404580152671756,0.0
21.000000476837158,-7.433996154785156,2.1404162841796874,0.47644613037109373,-9.618320610687023,-28.732824427480917,-1.8473282442748091,-9.169792358398437,-1.8124106567382812,-0.565031591796875,24.290076335877863,13.34351145038168,-1.3129770992366412,0.0
21.010000467300415,-7.8362220336914055,2.3439234252929686,1.0797849487304687,-23.450381679389313,-17.96946564885496,-2.763358778625954,-9.10993731689453,-1.62805712890625,-0.8259995727539062,22.580152671755727,15.48091603053435,-2.1374045801526718,0.0
21.02000069618225,-6.890512377929687,1.139639990234375,0.5386953735351562,-33.725190839694655,-10.51908396946565,-1.816793893129771,-9.0021982421875,-1.6448165405273436,-0.8882488159179687,20.82442748091603,16.442748091603054,-2.6259541984732824,0.0
21.030000686645508,-5.592855078125,0.32561142578124996,0.354341845703125,-39.541984732824424,1.1297709923664123,-1.9541984732824427,-9.5001921875,-1.6112977172851561,-0.7996633544921875,21.221374045801525,17.16030534351145,-1.3435114503816794,0.0
21.040000915527344,-5.609614489746093,0.24660277099609373,-0.15322890625,-48.396946564885496,8.396946564885496,-5.435114503816794,-9.627084875488281,-0.9864110839843749,-0.7829039428710937,20.18320610687023,16.47328244274809,-0.6259541984732825,0.0
21.05000066757202,-4.881777185058594,-0.948103857421875,-0.411802685546875,-49.9236641221374,19.358778625954198,-4.778625954198473,-10.352527978515624,-0.8188169677734375,-0.6607996582031249,17.31297709923664,16.427480916030536,1.2213740458015268,0.0
21.06000065803528,-6.110002636718749,1.3407529296874998,1.0965443603515623,-49.87786259541985,35.86259541984733,-11.374045801526718,-10.022128149414062,-0.13646949462890623,-0.4429273071289062,10.396946564885496,16.259541984732824,0.6412213740458015,0.0
21.070000648498535,-6.009446166992187,0.30885201416015623,0.97683427734375,-70.61068702290076,34.595419847328245,-16.106870229007633,-10.587159741210938,0.047884033203124995,-0.4381389038085937,4.763358778625954,15.251908396946565,1.9236641221374047,0.0
21.08000087738037,-3.6104561035156246,-3.6822821533203123,0.33039982910156246,-59.725190839694655,43.83206106870229,-12.83969465648855,-10.084377392578125,-0.0383072265625,-0.28969840087890625,-3.1297709923664123,15.297709923664122,2.7786259541984735,0.0
21.090000867843628,-4.163516687011718,-3.797203833007812,0.8259995727539062,-38.48854961832061,62.091603053435115,-14.992366412213741,-10.091559997558592,-0.7661445312499999,-0.2346317626953125,-8.564885496183207,16.48854961832061,4.3816793893129775,0.0
21.100000619888306,-4.929661218261718,-3.2441432495117186,1.5370774658203123,-19.022900763358777,77.29770992366412,-18.53435114503817,-9.550470422363281,-1.22583125,-0.20350714111328125,-9.725190839694656,15.893129770992367,5.786259541984733,0.0
21.110000610351562,-5.530605834960937,-2.9185318237304685,3.0885201416015624,-4.732824427480916,88.13740458015268,-21.450381679389313,-9.507374792480467,-1.7980454467773437,-0.13168109130859373,-7.541984732824427,15.633587786259541,7.511450381679389,0.0
21.1200008392334,-6.011840368652344,-3.0454245117187497,4.3622354248046875,14.076335877862595,98.10687022900764,-23.129770992366414,-9.203311181640624,-1.917755529785156,-0.05746083984375,-5.435114503816794,14.977099236641221,8.305343511450381,0.0
21.130000591278076,-7.249642626953125,-1.6519991455078125,5.453991381835937,30.290076335877863,103.08396946564885,-26.793893129770993,-9.593566052246093,-2.001552587890625,0.11252747802734374,-2.9160305343511452,15.053435114503817,8.610687022900763,0.0
21.140000343322754,-7.438784558105469,-0.047884033203124995,5.8226984375,38.67175572519084,105.40458015267176,-26.82442748091603,-9.49300958251953,-1.637633935546875,0.086191259765625,-1.3893129770992367,14.488549618320612,8.366412213740459,0.0
21.15000057220459,-8.212111694335936,1.6543933471679686,6.461950280761719,42.51908396946565,106.3206106870229,-24.38167938931298,-9.516951599121093,-1.0534487304687499,0.08379705810546874,-3.3740458015267176,14.610687022900763,8.67175572519084,0.0
21.160000801086426,-8.78432589111328,3.0837317382812497,7.122749938964843,41.7557251908397,103.98473282442748,-19.755725190839694,-9.22485899658203,-2.418143676757812,1.0749965454101562,-2.549618320610687,13.297709923664122,10.15267175572519,0.0
21.170000553131104,-9.409212524414063,3.5529952636718747,7.5153990112304685,39.31297709923664,98.68702290076335,-13.98473282442748,-10.46984385986328,-2.540247961425781,-0.19153613281249998,-0.2595419847328244,11.404580152671755,10.854961832061068,0.0
21.18000078201294,-10.17056865234375,4.955997436523437,7.766790185546874,33.52671755725191,92.80916030534351,-7.297709923664122,-10.539275708007812,-2.375048046875,-0.009576806640625,3.3435114503816794,13.19083969465649,10.183206106870228,0.0
21.190000772476196,-9.758765966796874,4.898536596679687,6.404489440917969,18.85496183206107,83.17557251908397,0.8091603053435115,-9.866505041503906,-1.889025109863281,-0.028730419921875,4.396946564885496,11.938931297709924,9.17557251908397,0.0
21.200000524520874,-9.04050546875,4.077325427246094,4.513070129394531,16.213740458015266,81.23664122137404,8.778625954198473,-9.655815295410155,-0.70868369140625,-0.21308394775390624,0.13740458015267176,11.511450381679388,8.320610687022901,0.0
21.21000075340271,-9.435548742675781,4.690241052246093,3.5625720703124997,-4.8396946564885495,76.59541984732824,9.32824427480916,-10.307038146972655,-0.42377369384765623,0.11013327636718749,-11.358778625954198,18.259541984732824,10.900763358778626,0.0
21.220000505447388,-9.866505041503906,3.907337109375,1.3670891479492187,-20.458015267175572,74.62595419847328,16.213740458015266,-8.327033374023436,-0.17477672119140625,-0.3016694091796875,-20.900763358778626,14.274809160305344,11.923664122137405,0.0
21.230000257492065,-11.027692846679686,3.7995980346679685,1.2521674682617188,-15.816793893129772,75.74045801526718,25.908396946564885,-10.089165795898436,-0.5147533569335937,-0.6344634399414062,-28.396946564885496,20.396946564885496,15.32824427480916,0.0
21.24000072479248,-12.847286108398437,3.066972326660156,3.902548706054687,-7.541984732824427,82.12213740458016,40.0,-9.212887988281249,-0.3399766357421875,-1.5059528442382812,-40.25954198473283,19.404580152671755,15.694656488549619,0.0
21.250000476837158,-14.640543151855468,2.5330653564453125,7.709329345703124,5.770992366412214,84.68702290076335,52.717557251908396,-10.187328063964843,-3.258508459472656,-0.7589619262695312,-50.67175572519084,24.47328244274809,18.15267175572519,0.0
21.260000467300415,-17.504008337402343,3.4907460205078125,10.345345373535155,6.1679389312977095,76.0,56.213740458015266,-11.281478222656249,-3.3327287109375,-0.6560112548828124,-37.31297709923664,20.900763358778626,18.366412213740457,0.0
21.270000457763672,-18.72505118408203,3.861847277832031,9.8449572265625,-15.83206106870229,51.725190839694655,49.587786259541986,-11.020510241699219,-4.8698061767578125,1.1037269653320312,-22.458015267175572,21.053435114503817,18.198473282442748,0.0
21.280000686645508,-17.214309936523435,1.1635820068359375,9.100360510253905,-53.3587786259542,25.801526717557252,38.229007633587784,-10.105925207519531,-2.43250888671875,0.08379705810546874,-7.541984732824427,7.236641221374046,14.992366412213741,0.0
21.290000438690186,-13.283030810546874,-3.4452561889648434,7.144297753906249,-76.50381679389314,5.343511450381679,25.541984732824428,-9.945513696289062,-0.7038952880859375,0.12449848632812499,-8.916030534351146,6.702290076335878,13.908396946564885,0.0
21.300000429153442,-8.757989672851561,-7.6470801025390625,4.764461303710937,-67.32824427480917,-2.564885496183206,14.381679389312977,-9.775525378417969,0.36391865234375,0.18914193115234373,-13.48091603053435,4.793893129770993,15.16030534351145,0.0
21.31000065803528,-6.48589229736328,-7.453149768066406,3.248931652832031,-44.274809160305345,2.717557251908397,-0.366412213740458,-9.605537060546874,0.8810662109374999,0.143652099609375,-18.366412213740457,4.076335877862595,15.801526717557252,0.0
21.320000886917114,-5.504269616699219,-6.543353137207031,1.3168109130859373,-12.610687022900763,12.183206106870228,-7.129770992366412,-9.414000927734374,0.9145850341796874,0.023942016601562498,-25.099236641221374,3.068702290076336,17.297709923664122,0.0
21.33000087738037,-6.610390783691406,-1.13006318359375,0.9935936889648437,7.190839694656488,23.770992366412212,-12.51908396946565,-9.469067565917967,0.3064578125,-0.13407529296874998,-31.221374045801525,2.351145038167939,18.091603053435115,0.0
21.340000867843628,-8.55448253173828,4.465186096191406,0.4429273071289062,-9.450381679389313,23.297709923664122,-12.564885496183207,-9.361328491210937,-0.09576806640624999,-0.41898529052734373,-35.69465648854962,1.5572519083969465,18.47328244274809,0.0
21.350000619888306,-7.431601953125,3.775656018066406,-0.8667010009765624,-17.633587786259543,24.793893129770993,-4.198473282442748,-9.622296472167967,-0.7829039428710937,-0.6057330200195312,-38.778625954198475,1.816793893129771,18.106870229007633,0.0
21.360000610351562,-7.156268762207031,2.128445275878906,-1.1348515869140625,-4.33587786259542,37.52671755725191,4.0,-9.749189160156249,-1.5897499023437498,-0.5770026000976562,-35.45038167938932,0.6870229007633588,17.00763358778626,0.0
21.3700008392334,-6.773196496582031,2.1595698974609374,-1.0606313354492187,11.19083969465649,49.221374045801525,7.648854961832061,-10.632649572753905,-3.399766357421875,-0.19153613281249998,-22.442748091603054,-4.290076335877862,17.00763358778626,0.0
21.38049578666687,-7.594407666015624,3.3399113159179685,-0.07422025146484375,15.221374045801527,58.42748091603053,8.305343511450381,-7.630320690917968,-0.3112462158203125,-0.8762778076171874,-16.12213740458015,-11.526717557251908,13.358778625954198,0.0
21.390000820159912,-8.655039001464843,3.4835634155273434,0.5099649536132812,7.633587786259542,61.93893129770992,10.870229007633588,-8.348581188964843,0.7038952880859375,-0.9433154541015625,-22.259541984732824,-7.4961832061068705,14.793893129770993,0.0
21.40000033378601,-10.395623608398436,3.6727053466796873,1.5442600708007812,1.2213740458015268,66.70229007633588,11.633587786259541,-9.016563452148437,-0.09337386474609374,-0.4572925170898437,-30.229007633587788,-2.2595419847328246,18.0,0.0
21.410000562667847,-10.27830772705078,3.5146880371093747,1.9919757812499999,-13.312977099236642,63.969465648854964,10.15267175572519,-9.995791931152343,-0.8978256225585937,-0.36152445068359373,-25.435114503816795,-2.1374045801526718,18.85496183206107,0.0
21.420000553131104,-10.89122335205078,2.1116858642578125,1.7214309936523438,-26.671755725190838,58.44274809160305,9.267175572519085,-9.85692823486328,-0.9074024291992187,-0.3950432739257812,-24.519083969465647,-3.3740458015267176,16.9618320610687,0.0
21.43000078201294,-10.91037696533203,0.9935936889648437,2.370259643554687,-30.625954198473284,55.06870229007634,8.564885496183207,-9.909600671386718,-0.74699091796875,-0.4644751220703125,-23.114503816793892,-5.32824427480916,14.198473282442748,0.0
21.440000534057617,-11.276689819335937,1.2665326782226562,2.971204260253906,-34.99236641221374,48.94656488549618,4.931297709923665,-10.512939489746094,-0.296881005859375,-0.47644613037109373,-22.610687022900763,-5.145038167938932,12.717557251908397,0.0
21.450000762939453,-10.620678564453124,1.9584569580078124,3.2609026611328122,-37.725190839694655,41.17557251908397,2.2442748091603053,-10.326191760253906,0.28490999755859375,-0.5003881469726562,-24.366412213740457,-4.656488549618321,11.068702290076336,0.0
21.46000075340271,-10.481814868164061,2.020706201171875,3.2249896362304686,-38.67175572519084,33.49618320610687,1.6793893129770991,-10.225635290527343,0.6464344482421874,-0.44053310546874996,-24.35114503816794,-3.404580152671756,10.946564885496183,0.0
21.470000743865967,-9.191340173339842,2.6958710693359373,2.2649147705078123,-40.47328244274809,25.282442748091604,1.8015267175572518,-11.137826123046874,0.05746083984375,-0.48123453369140623,-18.229007633587788,-3.1908396946564888,12.82442748091603,0.0
21.480000734329224,-11.228805786132812,5.288791467285156,2.844311572265625,-50.16793893129771,22.732824427480917,0.13740458015267176,-9.617508068847656,0.4740519287109375,0.05985504150390625,-20.68702290076336,-2.0,10.854961832061068,0.0
21.4900004863739,-10.187328063964843,3.883395092773437,1.5059528442382812,-68.0,7.984732824427481,4.549618320610687,-9.720458740234374,0.5051765502929687,-0.6368576416015624,-13.297709923664122,-7.175572519083969,9.893129770992367,0.0
21.500000476837158,-8.963891015625,1.35990654296875,1.0845733520507812,-49.48091603053435,10.82442748091603,11.49618320610687,-9.303867651367186,0.8379705810546875,-0.63206923828125,-14.076335877862595,-7.404580152671755,8.427480916030534,0.0
21.510000705718994,-8.916006982421875,1.5586252807617187,1.2114660400390624,-33.343511450381676,13.404580152671755,15.068702290076336,-10.335768566894531,-0.239420166015625,-0.7613561279296874,-5.557251908396947,-8.351145038167939,9.297709923664122,0.0
21.52000069618225,-9.82580361328125,2.3295582153320313,1.5466542724609373,-26.580152671755727,11.923664122137405,17.572519083969464,-10.326191760253906,-0.7924807495117187,0.7230489013671875,2.946564885496183,-5.709923664122138,11.038167938931299,0.0
21.530000686645508,-9.093177905273437,1.1516109985351561,1.2761094848632812,-17.114503816793892,10.641221374045802,21.480916030534353,-9.923965881347655,-0.5027823486328125,-0.229843359375,14.946564885496183,-14.13740458015267,9.312977099236642,0.0
21.540000438690186,-9.050082275390624,0.8020575561523438,1.1228805786132812,-9.404580152671755,12.351145038167939,20.580152671755727,-8.966285217285156,1.0414777221679687,-0.411802685546875,18.0,-17.282442748091604,8.183206106870228,0.0
21.550000429153442,-9.849745629882811,1.2856862915039062,1.2617442749023438,-10.534351145038167,10.793893129770993,16.625954198473284,-10.649408984374999,1.927332336425781,-0.9026140258789062,10.412213740458014,-9.404580152671755,9.893129770992367,0.0
21.560000896453857,-9.813832604980469,0.7757213378906249,1.3479355346679687,-13.221374045801527,8.427480916030534,13.145038167938932,-9.433154541015625,2.3822306518554686,-0.6248866333007812,-3.49618320610687,-5.358778625954199,11.465648854961833,0.0
21.570000648498535,-11.511321582031249,2.2266075439453124,1.8411410766601561,-20.977099236641223,4.702290076335878,8.488549618320612,-10.381258398437499,1.2497732666015624,-0.7254431030273437,-2.030534351145038,-2.549618320610687,14.83969465648855,0.0
21.58000087738037,-10.206481677246094,0.33039982910156246,1.2665326782226562,-13.877862595419847,3.099236641221374,8.244274809160306,-9.900023864746093,0.8786720092773437,-0.59376201171875,-3.7099236641221376,-0.5648854961832062,14.427480916030534,0.0
21.59000062942505,-9.70369932861328,0.011971008300781249,0.5602431884765625,-7.938931297709924,0.3053435114503817,8.01526717557252,-9.80665,0.5985504150390625,-0.49320554199218747,-4.33587786259542,0.0916030534351145,13.923664122137405,0.0
21.600000619888306,-8.980650427246093,0.047884033203124995,0.2561795776367187,11.038167938931299,5.648854961832061,7.206106870229007,-9.514557397460937,0.6344634399414062,-0.3016694091796875,-5.435114503816794,1.1145038167938932,13.694656488549619,0.0
21.61000084877014,-9.794678991699218,2.7437551025390623,0.40940848388671874,11.648854961832061,7.175572519083969,3.480916030534351,-9.519345800781249,0.5865794067382812,-0.3711012573242187,-5.923664122137405,1.465648854961832,13.740458015267176,0.0
21.62000060081482,-9.581595043945311,3.0047230834960934,0.07900865478515624,5.648854961832061,5.8320610687022905,3.6946564885496183,-9.45470235595703,0.4285620971679687,-0.3711012573242187,-6.473282442748092,1.7404580152671756,13.419847328244275,0.0
21.630000591278076,-9.131485131835937,2.7653029174804686,0.01915361328125,2.5801526717557253,7.755725190839694,5.358778625954199,-9.883264453125,-0.3902548706054687,-0.181959326171875,-5.938931297709924,1.5419847328244274,12.0,0.0
21.640000581741333,-8.963891015625,2.887407202148437,-0.047884033203124995,2.6259541984732824,10.16793893129771,6.229007633587786,-9.995791931152343,-0.354341845703125,0.07900865478515624,-4.534351145038168,0.12213740458015267,8.351145038167939,0.0
21.65000057220459,-9.030928662109375,2.8562825805664063,-0.13168109130859373,-2.7786259541984735,11.038167938931299,6.259541984732825,-9.830592016601562,0.36152445068359373,0.4740519287109375,-3.7251908396946565,-3.4656488549618323,4.977099236641221,0.0
21.660000324249268,-8.916006982421875,2.1906945190429687,-0.24899697265624998,-7.297709923664122,13.053435114503817,5.541984732824427,-9.617508068847656,1.1420341918945311,0.3064578125,-5.190839694656488,-6.320610687022901,4.534351145038168,0.0
21.670000553131104,-9.083601098632812,1.6112977172851561,-0.3232172241210937,-6.885496183206107,15.84732824427481,3.2213740458015265,-9.05965908203125,1.5682020874023437,-0.3495534423828125,-9.877862595419847,-7.419847328244275,4.152671755725191,0.0
21.68000030517578,-11.40837091064453,3.268085266113281,0.17238251953125,-13.114503816793894,18.748091603053435,0.10687022900763359,-9.126696728515624,1.695094775390625,-0.8643067993164062,-13.099236641221374,-6.748091603053435,4.580152671755725,0.0
21.690000772476196,-10.014945544433592,2.0278888061523435,-0.05027823486328125,-20.870229007633586,15.404580152671755,0.916030534351145,-9.172186560058593,1.3192051147460937,-0.9959878906249999,-17.908396946564885,-5.969465648854962,4.3816793893129775,0.0
21.700000524520874,-10.587159741210938,2.5354595581054684,0.3591302490234375,-19.404580152671755,17.52671755725191,0.732824427480916,-10.134655627441406,0.11013327636718749,-0.8164227661132812,-20.885496183206108,-5.4961832061068705,2.732824427480916,0.0
21.71000051498413,-10.498574279785156,2.6288334228515624,0.7613561279296874,-23.236641221374047,16.702290076335878,0.6717557251908397,-10.189722265624999,-0.316034619140625,-0.4429273071289062,-21.16030534351145,-6.6106870229007635,-0.16793893129770993,0.0
21.720000505447388,-9.947907897949218,2.059013427734375,0.6488286499023437,-24.68702290076336,16.091603053435115,0.8702290076335878,-10.524910498046875,-0.6655880615234374,0.2657563842773437,-21.129770992366414,-7.312977099236641,-2.7786259541984735,0.0
21.730000257492065,-9.634267480468749,1.6328455322265625,0.4955997436523437,-26.763358778625953,15.465648854961833,-1.786259541984733,-12.289437121582031,-1.8363526733398436,0.8188169677734375,-10.534351145038167,-10.229007633587786,-4.1679389312977095,0.0
21.740000247955322,-9.382876306152344,1.3455413330078123,0.7661445312499999,-25.954198473282442,15.083969465648854,-4.015267175572519,-9.91438907470703,-0.02154781494140625,0.59376201171875,-9.786259541984732,-21.114503816793892,-10.702290076335878,0.0
21.75000023841858,-9.440337145996093,1.2042834350585936,1.0366893188476562,-22.610687022900763,14.702290076335878,-4.916030534351145,-9.047688073730468,0.5865794067382812,1.235408056640625,-15.84732824427481,-23.16030534351145,-13.908396946564885,0.0
21.760000705718994,-9.730035546875,1.6615759521484375,1.24498486328125,-19.206106870229007,14.381679389312977,-4.99236641221374,-10.292672937011718,-1.0510545288085937,2.887407202148437,-19.099236641221374,-21.862595419847327,-13.16030534351145,0.0
21.77000069618225,-10.117896215820313,2.0470424194335934,1.4125789794921875,-17.16030534351145,13.099236641221374,-5.267175572519084,-10.658985791015624,-1.35990654296875,2.1356278808593747,-12.778625954198473,-31.572519083969464,-15.648854961832061,0.0
21.780000686645508,-9.871293444824218,1.3192051147460937,1.4101847778320311,-12.198473282442748,11.374045801526718,-4.854961832061068,-11.03248125,-1.2856862915039062,2.3391350219726563,-1.8625954198473282,-39.12977099236641,-17.404580152671755,0.0
21.790000677108765,-9.34696328125,1.0534487304687499,1.4939818359375,-5.175572519083969,10.427480916030534,-4.564885496183206,-9.655815295410155,0.38786066894531246,1.7621324218749999,0.6564885496183206,-49.038167938931295,-22.671755725190838,0.0
21.8000009059906,-9.481038574218749,1.4820108276367188,1.637633935546875,1.3129770992366412,10.01526717557252,-3.6030534351145036,-8.609549169921875,1.5322890624999999,1.7118541870117185,-12.977099236641221,-47.55725190839695,-24.18320610687023,0.0
21.81000065803528,-9.464279162597656,1.7836802368164062,1.6711527587890624,1.6488549618320612,8.442748091603054,-3.099236641221374,-9.770736975097655,-1.01514150390625,2.346317626953125,-17.099236641221374,-44.58015267175573,-20.793893129770993,0.0
21.820000886917114,-9.485826977539062,1.2330138549804688,2.0254946044921875,1.2366412213740459,5.648854961832061,-4.33587786259542,-10.568006127929687,-1.6543933471679686,2.212242333984375,-4.5038167938931295,-50.0763358778626,-20.702290076335878,0.0
21.830000638961792,-9.562441430664062,0.7876923461914062,2.346317626953125,6.244274809160306,2.595419847328244,-5.206106870229007,-8.116343627929687,0.28012159423828126,1.4030021728515625,-3.4198473282442747,-57.587786259541986,-27.572519083969464,0.0
21.840000867843628,-9.7683427734375,1.2928688964843749,2.8227637573242186,14.977099236641221,1.5114503816793894,-3.633587786259542,-7.5345526245117185,-0.22026655273437498,1.3287819213867187,-20.778625954198475,-49.05343511450382,-27.083969465648856,0.0
21.850000619888306,-10.24000050048828,2.5737667846679684,2.7940333374023436,17.87786259541985,-1.3740458015267176,0.8396946564885496,-9.85692823486328,-2.6384102294921874,2.4301146850585935,-15.572519083969466,-47.45038167938932,-23.862595419847327,0.0
21.860000610351562,-10.043675964355469,2.5426421630859375,2.8467057739257813,14.381679389312977,-6.1679389312977095,1.1908396946564885,-9.291896643066405,-1.5586252807617187,1.4221557861328125,2.1068702290076335,-58.717557251908396,-27.19083969465649,0.0
21.87000060081482,-9.162609753417968,1.6232687255859375,3.1962592163085937,13.603053435114504,-11.099236641221374,0.21374045801526717,-8.269572534179687,0.1005564697265625,0.8858546142578124,3.786259541984733,-58.82442748091603,-32.01526717557252,0.0
21.880000591278076,-8.497021691894531,1.2785036865234374,3.1842882080078123,14.229007633587786,-14.198473282442748,-2.2442748091603053,-8.202534887695313,-0.2920926025390625,1.1875240234375,-3.7557251908396947,-53.16030534351145,-31.87786259541985,0.0
21.890000820159912,-9.054870678710937,2.2481553588867187,3.6080619018554687,10.977099236641221,-18.30534351145038,-4.977099236641221,-9.330203869628905,-1.4532804077148436,1.4221557861328125,5.267175572519084,-55.69465648854962,-29.69465648854962,0.0
21.90000057220459,-9.011775048828124,2.2840683837890623,3.948038537597656,9.664122137404581,-22.48854961832061,-4.977099236641221,-8.504204296874999,0.4261678955078125,0.411802685546875,12.961832061068701,-57.221374045801525,-31.81679389312977,0.0
21.910001039505005,-8.458714465332031,3.0071172851562498,4.441244079589843,-2.381679389312977,-32.18320610687023,-4.458015267175573,-7.201758593749999,1.5634136840820312,0.679953271484375,2.595419847328244,-50.56488549618321,-32.67175572519084,0.0
21.920000314712524,-9.744400756835937,3.871424084472656,5.295974072265625,-17.17557251908397,-41.29770992366412,-4.2748091603053435,-7.991845141601562,1.5275006591796874,0.055066638183593745,-4.9465648854961835,-47.29770992366412,-28.33587786259542,0.0
21.93000102043152,-9.208099584960937,3.0933085449218747,5.303156677246093,-23.69465648854962,-50.01526717557252,-2.0763358778625953,-7.752424975585937,1.9847931762695312,0.469263525390625,-13.022900763358779,-39.038167938931295,-26.9618320610687,0.0
21.940000534057617,-7.955932116699218,1.0295067138671874,4.920084411621094,-17.862595419847327,-56.58015267175573,-0.2748091603053435,-9.49300958251953,-0.1005564697265625,1.0773907470703123,-11.358778625954198,-33.89312977099237,-23.49618320610687,0.0
21.950000762939453,-7.864952453613281,0.07422025146484375,4.479551306152343,-4.99236641221374,-61.083969465648856,-3.282442748091603,-8.374917407226562,-0.8571241943359375,1.695094775390625,-1.4351145038167938,-37.81679389312977,-23.954198473282442,0.0
21.96000051498413,-7.893682873535155,0.5051765502929687,3.821145849609375,3.0839694656488548,-65.00763358778626,-6.152671755725191,-8.700528833007812,-0.7230489013671875,1.3072341064453123,9.16030534351145,-40.0,-25.00763358778626,0.0
21.970000743865967,-8.422801440429687,0.74699091796875,3.3351229125976563,5.206106870229007,-68.36641221374046,-8.320610687022901,-8.595183959960938,-0.28969840087890625,1.6543933471679686,9.038167938931299,-37.05343511450382,-26.366412213740457,0.0
21.980000495910645,-7.678204724121093,0.15083470458984374,1.956062756347656,3.3587786259541983,-70.42748091603053,-7.679389312977099,-8.532934716796875,-0.4908113403320312,1.9536685546875,8.778625954198473,-32.70229007633588,-25.61832061068702,0.0
21.99000072479248,-7.594407666015624,1.3000515014648437,0.8667010009765624,4.854961832061068,-65.54198473282443,-8.83969465648855,-6.924031201171875,1.4963760375976562,0.8547299926757812,-7.557251908396947,-26.30534351145038,-25.14503816793893,0.0
22.00000023841858,-7.5345526245117185,3.2824504760742186,-0.8451531860351562,-3.450381679389313,-63.87786259541985,-9.404580152671755,-8.013392956542969,-0.8188169677734375,1.149216796875,-3.3740458015267176,-22.33587786259542,-17.893129770992367,0.0
22.010000705718994,-7.137115148925781,1.7094599853515624,-2.042254016113281,-2.549618320610687,-56.85496183206107,-7.251908396946565,-7.237671618652343,-0.49320554199218747,1.0654197387695312,3.648854961832061,-20.580152671755727,-18.091603053435115,0.0
22.02000069618225,-7.40526573486328,0.814028564453125,-1.2569558715820313,6.778625954198473,-44.56488549618321,-6.1679389312977095,-7.287949853515625,-1.120486376953125,1.199495031738281,9.282442748091603,-17.52671755725191,-17.389312977099237,0.0
22.030000686645508,-9.789890588378906,1.5562310791015623,0.7062894897460937,14.274809160305344,-33.099236641221374,-8.625954198473282,-7.869740856933594,-1.2234370483398436,1.2521674682617188,16.33587786259542,-15.557251908396946,-15.312977099236642,0.0
22.040000438690186,-9.674968908691406,2.109291662597656,1.5969325073242187,22.900763358778626,-24.259541984732824,-8.0,-8.348581188964843,-1.0941501586914062,1.388636962890625,22.946564885496183,-12.717557251908397,-12.961832061068701,0.0
22.050000429153442,-11.245565197753905,4.319139794921875,2.3367408203125,13.557251908396946,-21.0381679389313,-12.13740458015267,-8.927977990722656,-1.199495031738281,1.656787548828125,30.290076335877863,-9.541984732824428,-11.282442748091603,0.0
22.060000896453857,-11.188104357910156,3.411737365722656,2.7940333374023436,-0.24427480916030533,-22.076335877862597,-12.580152671755725,-9.567229833984374,-1.16837041015625,1.8435352783203125,35.51145038167939,-7.32824427480916,-9.435114503816793,0.0
22.070000886917114,-10.177751257324218,1.7310078002929687,2.920926025390625,-4.656488549618321,-20.946564885496183,-13.694656488549619,-9.93354268798828,-0.814028564453125,2.114080065917969,37.267175572519086,-4.717557251908397,-8.564885496183207,0.0
22.08000087738037,-9.883264453125,1.8195932617187498,3.284844677734375,-1.3435114503816794,-18.366412213740457,-18.27480916030534,-9.91438907470703,-0.23702596435546874,2.0254946044921875,35.55725190839695,-2.519083969465649,-8.564885496183207,0.0
22.09000062942505,-10.32379755859375,3.574543078613281,3.9839515624999997,-6.061068702290076,-20.290076335877863,-23.00763358778626,-11.283872424316405,-0.3950432739257812,2.616862414550781,33.3587786259542,1.0229007633587786,-8.992366412213741,0.0
22.100000619888306,-9.880870251464843,3.42849677734375,4.4196962646484375,-4.885496183206107,-23.69465648854962,-22.870229007633586,-11.274295617675781,0.47165772705078124,2.683900061035156,26.519083969465647,2.6717557251908395,-13.618320610687023,0.0
22.110000371932983,-8.863334545898438,2.4133552734375,4.197035510253906,-4.595419847328245,-25.87786259541985,-22.35114503816794,-10.723629235839843,-0.06464344482421874,2.463633508300781,14.854961832061068,8.732824427480915,-12.961832061068701,0.0
22.12000036239624,-8.386888415527343,1.7884686401367187,4.367023828124999,-4.458015267175573,-27.96946564885496,-24.366412213740457,-9.926360083007811,1.3192051147460937,1.455674609375,0.5038167938931297,14.229007633587786,-14.091603053435115,0.0
22.130000591278076,-9.090783703613281,2.147598889160156,4.8506525634765625,-1.9236641221374047,-30.641221374045802,-25.755725190839694,-10.749965454101561,0.201112939453125,1.1037269653320312,-16.0,22.702290076335878,-16.106870229007633,0.0
22.140000581741333,-9.593566052246093,1.936909143066406,4.965574243164062,-0.8091603053435115,-34.83969465648855,-25.557251908396946,-10.658985791015624,0.6584054565429687,2.760514514160156,-20.564885496183205,24.18320610687023,-21.923664122137403,0.0
22.15000057220459,-9.93354268798828,1.446097802734375,5.374982727050781,4.870229007633588,-40.030534351145036,-25.938931297709924,-12.208034265136718,-0.05027823486328125,2.231395947265625,-19.557251908396946,26.229007633587788,-25.053435114503817,0.0
22.160000562667847,-10.723629235839843,2.013523596191406,6.552929943847656,13.725190839694656,-45.80152671755725,-27.557251908396946,-14.144943408203124,-2.262520568847656,1.599326708984375,-17.46564885496183,26.076335877862597,-27.801526717557252,0.0
22.170000553131104,-12.052411157226562,1.9919757812499999,8.106766821289062,23.893129770992367,-54.93129770992366,-25.374045801526716,-13.014880224609374,-4.053383410644531,1.8411410766601561,-21.14503816793893,32.93129770992366,-27.221374045801525,0.0
22.18000054359436,-12.80658468017578,-0.4525041137695312,9.258377819824219,37.43511450381679,-65.23664122137404,-20.458015267175572,-13.702016101074218,0.01915361328125,1.3168109130859373,0.7938931297709924,23.69465648854962,-23.221374045801525,0.0
22.190000295639038,-13.996502905273436,-2.039859814453125,10.007762939453125,57.17557251908397,-76.61068702290076,-20.0,-12.624625354003905,1.438915197753906,0.507570751953125,4.473282442748092,30.900763358778626,-13.022900763358779,0.0
22.200000524520874,-15.682020874023436,-0.565031591796875,10.268730920410155,63.83206106870229,-94.59541984732824,-21.633587786259543,-11.001356628417968,0.6775590698242188,-0.5770026000976562,17.81679389312977,23.862595419847327,-7.755725190839694,0.0
22.21000075340271,-17.243040356445313,0.9433154541015625,9.586383447265625,56.62595419847328,-115.08396946564885,-23.46564885496183,-7.982268334960937,3.6727053466796873,-1.7405846069335937,14.82442748091603,24.244274809160306,-7.633587786259542,0.0
22.220000505447388,-15.796942553710936,0.181959326171875,7.663839514160156,49.083969465648856,-134.51908396946564,-22.885496183206108,-8.434772448730468,0.7876923461914062,-1.5825672973632812,-2.3206106870229006,33.9236641221374,-0.2748091603053435,0.0
22.230000495910645,-15.447389111328125,0.612915625,6.4092778442382805,35.38931297709924,-150.24427480916032,-26.18320610687023,-9.988609326171874,-1.7956512451171873,-2.114080065917969,5.374045801526718,34.13740458015267,4.0,0.0
22.2400004863739,-13.6756798828125,-0.4644751220703125,3.4261025756835934,30.244274809160306,-164.2290076335878,-27.022900763358777,-8.360552197265624,-1.5322890624999999,-2.252943762207031,15.17557251908397,34.01526717557252,-0.061068702290076333,0.0
22.25000023841858,-12.53843409423828,-0.5123591552734374,1.8770541015625,36.717557251908396,-164.10687022900763,-23.862595419847327,-9.272743029785156,-2.152387292480469,-2.080561242675781,13.557251908396946,43.12977099236641,1.3893129770992367,0.0
22.260000467300415,-11.654973681640625,0.14604630126953125,0.39743747558593745,35.12977099236641,-162.7175572519084,-22.38167938931298,-11.0707884765625,-4.235342736816406,-1.6519991455078125,22.259541984732824,45.541984732824424,5.816793893129771,0.0
22.27000093460083,-11.494562170410155,-0.5793968017578125,-0.5458779785156249,38.656488549618324,-156.01526717557252,-20.045801526717558,-11.123460913085937,-3.632003918457031,-2.272097375488281,40.030534351145036,41.603053435114504,3.66412213740458,0.0
22.280000686645508,-9.56962403564453,-0.928950244140625,-1.2928688964843749,53.11450381679389,-142.4732824427481,-15.206106870229007,-10.51533369140625,-2.901772412109375,-1.9776105712890624,47.847328244274806,43.57251908396947,1.7404580152671756,0.0
22.290000677108765,-7.302315063476562,-0.36152445068359373,-1.20667763671875,62.229007633587784,-122.97709923664122,-12.0,-10.062829577636718,-1.1755530151367186,-1.0558429321289062,38.79389312977099,47.954198473282446,3.3740458015267176,0.0
22.30000114440918,-6.9336080078124995,0.967257470703125,-1.1156979736328125,53.17557251908397,-107.8473282442748,-12.305343511450381,-9.217676391601563,0.7852981445312499,-1.637633935546875,22.458015267175572,46.045801526717554,5.129770992366412,0.0
22.3100004196167,-5.884947680664062,0.7398083129882812,-0.6464344482421874,46.19847328244275,-92.06106870229007,-9.450381679389313,-8.91840118408203,1.3646949462890625,-1.2593500732421874,0.3969465648854962,51.770992366412216,8.045801526717558,0.0
22.320000886917114,-5.91846650390625,0.28012159423828126,-0.4955997436523437,45.770992366412216,-69.86259541984732,-3.3282442748091605,-11.374852087402344,-2.7844565307617186,0.02154781494140625,-11.404580152671755,56.38167938931298,15.450381679389313,0.0
22.330000638961792,-5.700594152832031,0.27293898925781246,-0.3687070556640625,43.465648854961835,-52.458015267175576,-0.8244274809160306,-11.137826123046874,-4.860229370117187,0.9888052856445312,2.2900763358778624,48.458015267175576,16.015267175572518,0.0
22.340000867843628,-5.324704492187499,0.26336218261718747,-1.0749965454101562,40.35114503816794,-37.770992366412216,0.44274809160305345,-9.868899243164062,-3.5960908935546874,0.7565677246093749,12.213740458015268,41.725190839694655,11.419847328244275,0.0
22.350000381469727,-5.190629199218749,1.0630255371093749,-0.74699091796875,36.74809160305343,-19.709923664122137,3.099236641221374,-9.10993731689453,-2.5043349365234375,0.40222587890625,5.083969465648855,38.3206106870229,8.458015267175572,0.0
22.360000610351562,-6.1818286865234375,3.162740393066406,-0.3711012573242187,16.641221374045802,-4.8396946564885495,1.3893129770992367,-10.888829150390624,-3.4859576171874997,0.8786720092773437,0.5343511450381679,38.25954198473283,10.320610687022901,0.0
22.37000060081482,-6.598419775390624,3.9624037475585934,-0.16519991455078123,-14.488549618320612,-1.1450381679389312,0.2595419847328244,-12.073958972167969,-4.632780212402343,1.6543933471679686,11.34351145038168,31.954198473282442,9.740458015267176,0.0
22.380000591278076,-6.49307490234375,3.5218706420898434,-0.239420166015625,-35.89312977099237,4.366412213740458,1.4961832061068703,-10.232817895507813,-3.1100679565429687,1.5658078857421873,14.15267175572519,22.870229007633586,3.4198473282442747,0.0
22.390000581741333,-5.334281298828125,2.128445275878906,-0.7709329345703124,-49.06870229007634,11.770992366412214,5.221374045801527,-8.86094034423828,-0.8379705810546875,1.429338391113281,6.717557251908397,14.51908396946565,-1.633587786259542,0.0
22.40000057220459,-5.066130712890625,2.578555187988281,-0.6416460449218749,-60.900763358778626,21.282442748091604,5.9541984732824424,-9.366116894531249,0.21308394775390624,0.9888052856445312,-10.305343511450381,11.755725190839694,-1.7404580152671756,0.0
22.410000324249268,-4.580107775878906,2.310404602050781,-0.7493851196289062,-76.22900763358778,28.900763358778626,6.564885496183206,-10.120290417480469,-0.5291185668945312,0.814028564453125,-23.297709923664122,12.412213740458014,-1.3587786259541985,0.0
22.420000553131104,-4.965574243164062,2.6288334228515624,-0.6847416748046875,-94.67175572519083,37.57251908396947,6.900763358778626,-9.897629663085937,-0.8044517578125,0.6009446166992187,-31.72519083969466,9.312977099236642,-1.8015267175572518,0.0
22.43000078201294,-5.140350964355468,1.5969325073242187,-0.7733271362304687,-110.35114503816794,44.33587786259542,9.19083969465649,-10.402806213378906,-2.664746447753906,0.6607996582031249,-30.870229007633586,7.740458015267175,-0.6717557251908397,0.0
22.440000534057617,-2.094926452636719,-3.6056677001953124,-1.5155296508789062,-102.44274809160305,54.396946564885496,17.068702290076335,-10.070012182617187,-2.674323254394531,0.82360537109375,-26.18320610687023,6.259541984732825,-2.2595419847328246,0.0
22.450000762939453,-3.124433166503906,-4.728548278808593,-0.33758243408203126,-77.37404580152672,76.13740458015268,15.358778625954198,-11.152191333007812,-2.5163059448242184,-0.062249243164062495,-20.85496183206107,4.641221374045801,-4.152671755725191,0.0
22.46000051498413,-3.687070556640625,-5.870582470703124,1.2737152832031249,-62.44274809160305,91.2824427480916,8.320610687022901,-10.378864196777343,-1.4796166259765624,-0.3447650390625,-17.603053435114504,2.6564885496183206,-4.0458015267175576,0.0
22.470000743865967,-5.003881469726562,-6.148309863281249,3.2417490478515623,-50.33587786259542,99.6793893129771,-0.1984732824427481,-9.105148913574219,-0.41898529052734373,-0.24660277099609373,-20.83969465648855,3.3587786259541983,-1.6641221374045803,0.0
22.480000495910645,-6.335057592773437,-5.157110375976562,4.695029455566406,-23.84732824427481,107.31297709923665,-3.7557251908396947,-9.79946739501953,-1.1013327636718748,-0.009576806640625,-17.129770992366414,3.5572519083969465,3.7404580152671754,0.0
22.4900004863739,-7.242460021972656,-3.3207577026367185,5.0757075195312495,-3.3893129770992365,112.41221374045801,-4.732824427480916,-9.957484704589843,-1.20667763671875,0.16041151123046873,-14.977099236641221,4.33587786259542,4.961832061068702,0.0
22.50000023841858,-7.955932116699218,-1.1061211669921875,5.686228942871093,15.526717557251908,116.45801526717557,-3.2213740458015265,-9.674968908691406,-1.350329736328125,0.033518823242187495,-17.206106870229007,5.1603053435114505,5.190839694656488,0.0
22.510000705718994,-8.978256225585938,1.5705962890624998,6.241683728027343,23.389312977099237,117.17557251908397,-1.3893129770992367,-10.134655627441406,-1.6208745239257811,-0.14604630126953125,-18.68702290076336,5.297709923664122,6.137404580152672,0.0
22.52000069618225,-9.062053283691405,2.482787121582031,6.098031628417968,21.068702290076335,114.33587786259542,2.030534351145038,-10.426748229980468,-1.946485949707031,-0.1771709228515625,-20.16793893129771,5.633587786259542,8.320610687022901,0.0
22.53000044822693,-9.713276135253906,2.1835119140624997,5.980715747070312,15.19083969465649,111.1145038167939,4.5038167938931295,-9.986215124511718,-1.697488977050781,-0.47884033203125,-19.17557251908397,3.7557251908396947,10.122137404580153,0.0
22.540000915527344,-9.897629663085937,1.68551796875,5.973533142089844,4.412213740458015,104.62595419847328,6.137404580152672,-9.974244116210937,-1.838746875,-0.612915625,-18.85496183206107,3.2977099236641223,12.442748091603054,0.0
22.55000066757202,-10.405200415039062,-0.74699091796875,5.671863732910156,11.664122137404581,109.92366412213741,9.709923664122137,-9.698910925292969,-1.8339584716796873,-0.8188169677734375,-20.091603053435115,2.946564885496183,12.870229007633588,0.0
22.56000065803528,-11.202469567871093,-0.4070142822265625,5.116408947753906,9.221374045801527,104.18320610687023,6.625954198473282,-10.211270080566406,-2.0446482177734375,-0.737414111328125,-20.610687022900763,4.061068702290076,12.259541984732824,0.0
22.570000648498535,-11.233594189453123,-0.00718260498046875,4.977545251464844,8.15267175572519,100.56488549618321,6.732824427480916,-9.94072529296875,-2.2840683837890623,-0.5889736083984375,-22.80916030534351,4.8396946564885495,12.534351145038167,0.0
22.58000087738037,-11.79862578125,-1.8267758666992187,5.1331683593749995,9.923664122137405,94.36641221374046,10.763358778625955,-9.160215551757812,-2.4564509033203126,-0.8571241943359375,-22.0,5.206106870229007,12.732824427480915,0.0
22.59000062942505,-15.167267517089844,-0.062249243164062495,6.806715319824218,35.80152671755725,91.61832061068702,22.015267175572518,-9.715670336914062,-4.153939880371094,-1.2018892333984375,-21.52671755725191,8.748091603053435,14.030534351145038,0.0
22.600000619888306,-17.451335900878906,1.6472107421875,7.536946826171874,50.50381679389313,89.41984732824427,37.6793893129771,-10.618284362792968,-4.752490295410156,-0.8954314208984374,-14.885496183206106,9.251908396946565,12.977099236641221,0.0
22.61000084877014,-19.83117235107422,3.699041564941406,9.320627062988281,48.6412213740458,80.91603053435115,45.52671755725191,-9.859322436523437,-3.8570588745117185,-0.55545478515625,-7.8320610687022905,7.786259541984733,11.129770992366412,0.0
22.62000060081482,-20.221427221679686,5.370194323730469,11.049240661621093,24.442748091603054,59.48091603053435,45.099236641221374,-9.404424121093749,-2.3870190551757813,-0.5458779785156249,-6.625954198473282,7.343511450381679,10.396946564885496,0.0
22.630000591278076,-17.013196997070313,2.6431986328124997,10.838550915527343,-12.625954198473282,26.610687022900763,39.23664122137404,-9.203311181640624,-1.197100830078125,-0.2609679809570312,-11.068702290076336,8.381679389312977,11.419847328244275,0.0
22.640000581741333,-12.502521069335936,-1.484405029296875,8.667010009765624,-27.96946564885496,6.458015267175573,30.564885496183205,-9.241618408203124,-0.9265560424804687,0.2705447875976562,-16.35114503816794,10.534351145038167,12.442748091603054,0.0
22.65000057220459,-9.816226806640625,-1.7597382202148437,6.763619689941406,-33.12977099236641,-2.2595419847328246,16.900763358778626,-9.576806640625,-1.1947066284179686,0.3758896606445312,-17.068702290076335,11.32824427480916,13.725190839694656,0.0
22.660000562667847,-7.168239770507812,-1.7453730102539062,4.522646936035156,-54.85496183206107,-14.259541984732824,4.0,-9.95987890625,-1.3814543579101561,0.3806780639648437,-14.091603053435115,9.572519083969466,14.900763358778626,0.0
22.670000553131104,-6.335057592773437,-1.2210428466796874,2.8107927490234372,-60.19847328244275,-10.473282442748092,-2.183206106870229,-9.792284790039062,-1.1875240234375,0.13168109130859373,-12.01526717557252,6.412213740458015,16.53435114503817,0.0
22.68000054359436,-5.779602807617187,0.44532150878906246,0.03591302490234375,-58.97709923664122,-6.595419847328245,-3.633587786259542,-9.830592016601562,-0.7398083129882812,-0.17956512451171874,-12.488549618320612,3.3740458015267176,17.14503816793893,0.0
22.690000772476196,-4.4005426513671875,0.5099649536132812,-1.5658078857421873,-46.717557251908396,7.7251908396946565,0.6259541984732825,-9.634267480468749,-0.32082302246093747,-0.28012159423828126,-15.770992366412214,0.9007633587786259,17.022900763358777,0.0
22.700000286102295,-5.664681127929687,2.4588451049804685,-1.1731588134765625,-46.29007633587786,21.786259541984734,4.564885496183206,-9.651026892089844,-0.33039982910156246,-0.086191259765625,-18.625954198473284,0.13740458015267176,16.625954198473284,0.0
22.71000075340271,-6.967126831054687,3.593696691894531,-0.6296750366210937,-66.73282442748092,25.221374045801525,7.343511450381679,-9.358934289550781,0.3232172241210937,-0.24181436767578124,-24.076335877862597,-1.6641221374045803,15.267175572519085,0.0
22.720000505447388,-6.919242797851562,1.3934253662109375,0.4955997436523437,-63.06870229007634,29.64885496183206,15.419847328244275,-9.217676391601563,0.2705447875976562,-0.354341845703125,-30.99236641221374,-1.9389312977099236,14.916030534351146,0.0
22.730000734329224,-7.503428002929687,-0.26815058593749996,1.0223241088867188,-34.83969465648855,43.3587786259542,22.83969465648855,-8.939948999023438,0.3806780639648437,-0.35194764404296874,-37.25190839694657,-1.1450381679389312,14.900763358778626,0.0
22.740000247955322,-6.873752966308594,-1.9967641845703124,0.8882488159179687,-2.33587786259542,51.81679389312977,25.87786259541985,-9.414000927734374,-0.488417138671875,0.009576806640625,-39.25190839694657,1.816793893129771,16.12213740458015,0.0
22.750000476837158,-9.03332286376953,-0.201112939453125,2.1978771240234374,20.47328244274809,63.00763358778626,23.022900763358777,-9.449913952636718,-1.1348515869140625,-0.016759411621093748,-36.47328244274809,1.7557251908396947,17.358778625954198,0.0
22.760000705718994,-10.876858142089842,1.8315642700195311,2.6479870361328124,23.66412213740458,62.778625954198475,21.206106870229007,-9.466673364257812,-1.3814543579101561,-0.011971008300781249,-32.33587786259542,1.0076335877862594,17.389312977099237,0.0
22.77000069618225,-11.252747802734374,1.7501614135742187,3.227383837890625,12.67175572519084,57.48091603053435,19.755725190839694,-10.007762939453125,-2.578555187988281,0.411802685546875,-25.236641221374047,1.6641221374045803,18.82442748091603,0.0
22.780000686645508,-11.3389390625,1.8555062866210936,3.88818349609375,5.068702290076335,51.43511450381679,17.801526717557252,-8.59278975830078,-0.8978256225585937,-0.00718260498046875,-17.053435114503817,-4.900763358778626,15.053435114503817,0.0
22.790000677108765,-12.234370483398436,1.7190367919921874,3.6152445068359373,-3.7099236641221376,43.64885496183206,14.351145038167939,-9.105148913574219,-0.9121908325195311,-0.055066638183593745,-14.488549618320612,-4.0458015267175576,14.900763358778626,0.0
22.80000114440918,-11.729193933105469,1.9943699829101562,3.821145849609375,-13.17557251908397,35.89312977099237,12.15267175572519,-10.579977136230468,-2.592920397949219,1.3814543579101561,-0.07633587786259542,-2.6564885496183206,18.106870229007633,0.0
22.81000065803528,-12.076353173828124,2.1547814941406247,3.5098996337890624,-20.396946564885496,27.31297709923664,10.885496183206106,-11.006145031738281,-2.370259643554687,0.9313444458007812,14.183206106870228,-10.13740458015267,17.801526717557252,0.0
22.820000886917114,-10.16338604736328,1.9416975463867185,3.21780703125,-32.33587786259542,16.061068702290076,10.793893129770993,-10.024522351074218,-0.622492431640625,0.24181436767578124,20.15267175572519,-14.580152671755725,13.709923664122137,0.0
22.830000400543213,-9.81862100830078,2.5378537597656248,2.748543505859375,-35.587786259541986,11.297709923664122,11.83206106870229,-9.05965908203125,1.8052280517578123,0.47165772705078124,9.816793893129772,-12.854961832061068,11.86259541984733,0.0
22.840000867843628,-8.690952026367187,1.6831237670898436,1.6998831787109374,-34.229007633587784,9.221374045801527,12.198473282442748,-9.220070593261719,2.70065947265625,0.17477672119140625,-11.419847328244275,-4.076335877862595,13.038167938931299,0.0
22.850000619888306,-8.595183959960938,2.6910826660156246,1.2665326782226562,-38.85496183206107,7.267175572519084,11.251908396946565,-10.299855541992187,1.3670891479492187,0.10295067138671875,-15.16030534351145,3.0839694656488548,18.625954198473284,0.0
22.860000610351562,-8.858546142578124,2.8945898071289062,0.9409212524414062,-40.656488549618324,6.366412213740458,13.007633587786259,-9.94072529296875,0.7972691528320313,0.0,-13.16030534351145,3.7557251908396947,19.61832061068702,0.0
22.87000060081482,-8.719682446289061,2.032677209472656,0.7206546997070312,-35.908396946564885,7.312977099236641,18.412213740458014,-9.617508068847656,0.11252747802734374,-0.07900865478515624,-11.038167938931299,3.2519083969465647,19.984732824427482,0.0
22.880000352859497,-9.435548742675781,2.5258827514648434,0.8259995727539062,-32.3206106870229,10.183206106870228,22.80916030534351,-9.665392102050781,-0.07900865478515624,-0.19871873779296872,-7.1603053435114505,4.152671755725191,21.083969465648856,0.0
22.890000343322754,-10.560823522949217,4.290409374999999,1.8243816650390623,-40.76335877862596,8.717557251908397,24.885496183206108,-9.430760339355468,-0.11252747802734374,-0.32561142578124996,-5.068702290076335,5.3893129770992365,21.022900763358777,0.0
22.90000033378601,-10.651803186035156,2.1260510742187497,1.697488977050781,-43.25190839694657,5.893129770992366,29.480916030534353,-9.442731347656249,0.033518823242187495,-0.47884033203125,-2.8702290076335877,6.595419847328245,20.916030534351144,0.0
22.910000562667847,-10.206481677246094,1.2569558715820313,1.8842367065429686,-26.137404580152673,10.687022900763358,30.48854961832061,-9.76116016845703,-0.28012159423828126,-0.1771709228515625,-0.7786259541984732,7.526717557251908,20.412213740458014,0.0
22.920000553131104,-10.488997473144531,1.350329736328125,2.1164742675781247,-23.52671755725191,9.923664122137405,27.404580152671755,-9.890447058105469,-0.2442085693359375,-0.05027823486328125,2.030534351145038,8.687022900763358,19.66412213740458,0.0
22.93000030517578,-9.361328491210937,-1.6998831787109374,1.4173673828125,-13.312977099236642,8.641221374045802,27.770992366412212,-10.103531005859374,-0.2537853759765625,0.36391865234375,3.114503816793893,9.312977099236642,19.083969465648856,0.0
22.940000295639038,-9.952696301269532,-0.9409212524414062,1.66636435546875,1.6793893129770991,11.664122137404581,23.96946564885496,-10.381258398437499,-0.0526724365234375,0.13168109130859373,4.961832061068702,8.580152671755725,18.38167938931298,0.0
22.950000762939453,-9.9215716796875,0.12449848632812499,1.5418658691406248,6.641221374045801,10.16793893129771,17.908396946564885,-10.338162768554687,0.047884033203124995,0.23702596435546874,4.916030534351145,8.580152671755725,16.80916030534351,0.0
22.96000051498413,-9.928754284667969,0.9217676391601562,1.2234370483398436,10.366412213740459,9.694656488549619,14.946564885496183,-10.603919152832031,0.05027823486328125,0.35194764404296874,3.8625954198473282,7.557251908396947,16.442748091603054,0.0
22.970000743865967,-9.926360083007811,1.9800047729492187,1.35990654296875,11.32824427480916,8.83969465648855,12.427480916030534,-10.903194360351561,0.1149216796875,0.3591302490234375,2.381679389312977,6.5038167938931295,15.587786259541986,0.0
22.980000734329224,-9.672574707031249,2.3774422485351563,1.3814543579101561,11.877862595419847,8.427480916030534,11.770992366412214,-10.541669909667968,0.023942016601562498,0.3854664672851562,0.9923664122137404,4.717557251908397,15.770992366412214,0.0
22.99000072479248,-9.30147344970703,2.597708801269531,1.3551181396484375,10.366412213740459,8.0,11.694656488549619,-10.91037696533203,-0.488417138671875,0.603338818359375,-0.22900763358778625,3.618320610687023,13.511450381679388,0.0
23.00000023841858,-9.076418493652342,2.767697119140625,1.2880804931640624,7.8320610687022905,7.603053435114504,11.526717557251908,-11.085153686523437,-0.4955997436523437,0.3327940307617187,-0.24427480916030533,2.015267175572519,10.427480916030534,0.0
23.010000705718994,-9.835380419921874,3.9983167724609374,1.4891934326171874,2.1374045801526718,7.450381679389313,10.82442748091603,-11.137826123046874,-0.33518823242187495,0.7134720947265625,-0.7786259541984732,-0.366412213740458,7.038167938931298,0.0
23.02000117301941,-9.528922607421874,2.978386865234375,0.9002198242187499,-6.824427480916031,4.152671755725191,12.213740458015268,-10.529698901367187,0.6512228515624999,0.33758243408203126,-3.9236641221374047,-3.450381679389313,4.687022900763359,0.0
23.030000686645508,-8.94473740234375,1.446097802734375,0.8044517578125,0.549618320610687,8.106870229007633,12.992366412213741,-11.322179650878905,-0.22744915771484372,0.63206923828125,-1.3893129770992367,-3.4656488549618323,8.030534351145038,0.0
23.040000438690186,-10.302249743652343,2.789244934082031,1.0319009155273438,-1.8625954198473282,9.84732824427481,9.282442748091603,-10.005368737792969,0.8762778076171874,0.6823474731445313,-0.6870229007633588,-8.091603053435115,6.549618320610687,0.0
23.05000066757202,-10.568006127929687,2.767697119140625,0.603338818359375,-5.450381679389313,9.770992366412214,9.648854961832061,-9.311050256347656,0.9624690673828125,0.5770026000976562,-4.442748091603053,-10.702290076335878,6.0458015267175576,0.0
23.06000065803528,-9.315838659667968,1.1085153686523437,-0.0909796630859375,-2.717557251908397,12.351145038167939,10.244274809160306,-9.210493786621093,1.1851298217773436,0.181959326171875,-6.641221374045801,-11.297709923664122,6.488549618320611,0.0
23.070000648498535,-10.601524951171875,3.071760729980469,0.2705447875976562,-2.717557251908397,16.061068702290076,5.374045801526718,-9.34696328125,0.9457096557617187,-0.49799394531249996,-8.045801526717558,-10.15267175572519,6.366412213740458,0.0
23.08000087738037,-10.900800158691405,3.6391865234374996,0.6703764648437499,-10.259541984732824,16.076335877862597,1.8473282442748091,-9.157821350097656,0.9241618408203125,-0.8954314208984374,-9.98473282442748,-8.625954198473282,5.557251908396947,0.0
23.09000062942505,-10.002974536132811,2.3056161987304686,0.6057330200195312,-16.412213740458014,15.557251908396946,2.2748091603053435,-9.72285294189453,0.055066638183593745,-0.948103857421875,-10.870229007633588,-6.717557251908397,3.3740458015267176,0.0
23.100000619888306,-9.011775048828124,1.1109095703125,0.3399766357421875,-13.816793893129772,16.595419847328245,3.068702290076336,-10.067617980957031,-0.5410895751953124,-0.9528922607421875,-9.587786259541986,-7.847328244274809,-0.33587786259541985,0.0
23.110000371932983,-9.222464794921875,0.6392518432617187,0.3064578125,4.152671755725191,24.427480916030536,1.3282442748091603,-10.412383020019531,-1.0319009155273438,-0.19153613281249998,-7.374045801526718,-8.458015267175572,-3.282442748091603,0.0
23.12000060081482,-8.17141026611328,1.2330138549804688,0.3136404174804687,12.229007633587786,26.03053435114504,-1.1908396946564885,-10.31661495361328,-0.5817910034179687,0.49799394531249996,-4.793893129770993,-12.198473282442748,-6.687022900763359,0.0
23.130000591278076,-9.085995300292968,1.7717092285156248,0.565031591796875,11.221374045801527,24.366412213740457,-3.404580152671756,-11.6070896484375,-1.2306196533203124,1.0342951171875,1.0534351145038168,-13.938931297709924,-7.480916030534351,0.0
23.140000581741333,-10.618284362792968,1.8555062866210936,1.4101847778320311,11.114503816793894,24.610687022900763,-5.740458015267175,-11.75313594970703,-0.6919242797851562,1.0175357055664063,4.778625954198473,-22.3206106870229,-11.465648854961833,0.0
23.15000057220459,-9.349357482910156,1.4987702392578124,1.4245499877929686,15.17557251908397,19.572519083969464,-5.6183206106870225,-9.53131680908203,-0.7781155395507812,1.8770541015625,3.282442748091603,-27.81679389312977,-14.793893129770993,0.0
23.160000324249268,-10.146626635742187,1.848323681640625,1.668758557128906,12.580152671755725,15.48091603053435,-5.145038167938932,-10.71884083251953,-1.4413093994140624,1.9680337646484374,8.0,-31.49618320610687,-15.526717557251908,0.0
23.170000553131104,-10.953472595214842,3.5984850952148437,1.886630908203125,13.404580152671755,13.32824427480916,-4.519083969465649,-10.845733520507812,-1.5035586425781249,2.212242333984375,17.908396946564885,-37.37404580152672,-16.27480916030534,0.0
23.18000054359436,-9.617508068847656,2.1452046874999997,1.1061211669921875,14.396946564885496,8.687022900763358,-0.2900763358778626,-8.90643017578125,1.3000515014648437,1.0414777221679687,16.931297709923665,-46.961832061068705,-21.862595419847327,0.0
23.190000772476196,-9.782707983398437,2.6599580444335937,0.7852981445312499,19.053435114503817,10.01526717557252,0.21374045801526717,-8.288726147460936,1.8124106567382812,1.197100830078125,-0.2595419847328244,-44.30534351145038,-22.763358778625953,0.0
23.200000524520874,-9.552864624023437,2.4588451049804685,0.9744400756835937,13.84732824427481,8.793893129770993,-1.6793893129770991,-8.90643017578125,0.430956298828125,1.1659762084960936,-4.534351145038168,-40.99236641221374,-21.114503816793892,0.0
23.21000075340271,-9.809044201660155,1.8339584716796873,1.2593500732421874,9.267175572519085,5.526717557251908,-3.5419847328244276,-9.794678991699218,-1.189918225097656,1.7381904052734374,2.427480916030534,-43.14503816793893,-21.251908396946565,0.0
23.220000505447388,-9.634267480468749,1.2856862915039062,1.5251064575195312,11.358778625954198,3.480916030534351,-3.5572519083969465,-9.931148486328125,-0.6512228515624999,0.9241618408203125,9.801526717557252,-48.51908396946565,-25.31297709923664,0.0
23.230000257492065,-9.605537060546874,1.6927005737304686,1.9919757812499999,16.213740458015266,3.7557251908396947,-4.259541984732825,-7.378929516601562,1.1133037719726562,0.28730419921875,0.32061068702290074,-49.61832061068702,-29.557251908396946,0.0
23.2400004863739,-9.60793126220703,2.138022082519531,2.346317626953125,18.68702290076336,2.4580152671755724,-3.633587786259542,-9.248801013183593,-0.6392518432617187,0.814028564453125,-8.274809160305344,-40.25954198473283,-26.0,0.0
23.25000023841858,-9.30147344970703,2.142810485839844,2.5354595581054684,17.114503816793892,-0.32061068702290074,-3.786259541984733,-10.481814868164061,-2.070984436035156,1.3670891479492187,6.290076335877862,-44.44274809160305,-25.17557251908397,0.0
23.260000705718994,-8.980650427246093,1.2665326782226562,2.370259643554687,17.69465648854962,-3.7709923664122136,-4.885496183206107,-9.830592016601562,-1.177947216796875,1.1516109985351561,20.18320610687023,-50.045801526717554,-28.580152671755727,0.0
23.27000069618225,-8.896853369140624,1.4125789794921875,2.5953145996093747,20.610687022900763,-5.908396946564886,-6.809160305343512,-7.520187414550781,1.0534487304687499,0.373495458984375,16.35114503816794,-53.83206106870229,-34.16793893129771,0.0
23.280000686645508,-9.74200655517578,3.6272155151367187,3.5601778686523438,16.610687022900763,-7.740458015267175,-10.427480916030534,-8.963891015625,-0.5578489868164063,1.0606313354492187,6.244274809160306,-43.64885496183206,-29.984732824427482,0.0
23.290000677108765,-10.532093103027343,4.039018200683594,3.725377783203125,0.6106870229007634,-15.114503816793894,-10.091603053435115,-7.951143713378905,0.4070142822265625,1.3670891479492187,8.885496183206106,-42.99236641221374,-29.282442748091604,0.0
23.300000429153442,-9.387664709472656,2.518700146484375,3.294421484375,-4.519083969465649,-23.236641221374047,-7.236641221374046,-8.001421948242188,0.3854664672851562,0.20350714111328125,15.053435114503817,-45.37404580152672,-27.87786259541985,0.0
23.31000065803528,-8.786720092773438,0.9217676391601562,3.095702746582031,-4.99236641221374,-27.282442748091604,-7.511450381679389,-8.185775476074218,-0.4525041137695312,0.5602431884765625,15.893129770992367,-41.343511450381676,-27.34351145038168,0.0
23.320001125335693,-7.972691528320312,-0.23702596435546874,2.9640216552734375,2.6717557251908395,-28.27480916030534,-9.419847328244275,-6.414066247558593,1.2976572998046874,0.82360537109375,14.442748091603054,-40.51908396946565,-28.213740458015266,0.0
23.330000400543213,-8.585607153320312,0.6512228515624999,3.0813375366210938,10.473282442748092,-29.72519083969466,-13.725190839694656,-6.445190869140625,0.8044517578125,0.9648632690429687,-0.549618320610687,-30.03053435114504,-26.80916030534351,0.0
23.340000867843628,-10.338162768554687,1.6735469604492186,3.6200329101562496,12.0,-28.977099236641223,-16.748091603053435,-9.986215124511718,-0.8499415893554687,1.3479355346679687,8.65648854961832,-26.946564885496183,-23.389312977099237,0.0
23.350000381469727,-9.038111267089842,0.3950432739257812,2.4492682983398435,17.938931297709924,-34.93129770992366,-16.564885496183205,-9.37808790283203,-1.5011644409179687,1.13006318359375,22.137404580152673,-31.450381679389313,-24.793893129770993,0.0
23.360000610351562,-7.666233715820312,0.9217676391601562,2.4013842651367185,26.290076335877863,-34.54961832061068,-18.213740458015266,-9.45470235595703,-1.369483349609375,0.679953271484375,37.06870229007634,-35.00763358778626,-27.206106870229007,0.0
23.37000060081482,-9.323021264648437,2.712630480957031,2.9376854370117185,24.885496183206108,-34.47328244274809,-21.083969465648856,-8.482656481933594,0.8786720092773437,0.1149216796875,35.541984732824424,-34.48854961832061,-30.259541984732824,0.0
23.380000352859497,-8.475473876953124,3.6439749267578123,4.13718046875,19.938931297709924,-36.152671755725194,-20.65648854961832,-6.794744311523437,1.448492004394531,-0.031124621582031248,18.50381679389313,-26.33587786259542,-29.786259541984734,0.0
23.390000581741333,-8.508992700195313,4.723759875488281,3.5146880371093747,16.396946564885496,-41.16030534351145,-18.580152671755727,-7.824251025390624,1.6017209106445311,-0.0143652099609375,13.022900763358779,-21.72519083969466,-26.412213740458014,0.0
23.40000057220459,-8.40125362548828,4.460397692871093,2.7557261108398436,8.534351145038167,-47.23664122137404,-16.061068702290076,-9.2320416015625,-0.8379705810546875,0.8307879760742187,13.48091603053435,-13.114503816793894,-22.12213740458015,0.0
23.410001039505005,-7.601590270996093,2.3535002319335936,2.118868469238281,9.358778625954198,-49.14503816793893,-11.938931297709924,-10.046070166015625,-1.5035586425781249,1.3551181396484375,29.49618320610687,-14.290076335877863,-20.717557251908396,0.0
23.420000553131104,-7.723694555664062,2.252943762207031,1.6017209106445311,16.259541984732824,-46.87022900763359,-10.534351145038167,-8.712499841308594,-1.6232687255859375,1.3479355346679687,40.3206106870229,-18.748091603053435,-22.549618320610687,0.0
23.43000030517578,-8.465897070312499,3.076549133300781,0.9002198242187499,11.465648854961833,-46.38167938931298,-10.931297709923664,-8.437166650390624,-0.16280571289062498,0.8978256225585937,48.961832061068705,-20.366412213740457,-23.022900763358777,0.0
23.440000295639038,-8.118737829589843,2.482787121582031,0.9696516723632812,13.49618320610687,-43.770992366412216,-9.221374045801527,-8.097190014648437,0.33758243408203126,0.9002198242187499,43.83206106870229,-16.290076335877863,-21.862595419847327,0.0
23.450000762939453,-7.592013464355468,3.0406361083984375,1.3383587280273437,16.625954198473284,-38.13740458015267,-6.9465648854961835,-6.835445739746094,1.6424223388671875,1.254561669921875,39.51145038167939,-14.595419847328245,-20.68702290076336,0.0
23.46000051498413,-8.214505895996094,3.3638533325195312,1.5658078857421873,17.61832061068702,-35.86259541984733,-5.572519083969466,-8.659827404785156,0.6607996582031249,1.3383587280273437,32.274809160305345,-5.969465648854962,-16.290076335877863,0.0
23.470000743865967,-9.4618849609375,3.5697546752929687,2.480392919921875,16.015267175572518,-28.412213740458014,-4.641221374045801,-8.05648858642578,0.2442085693359375,1.4915876342773438,26.50381679389313,-4.870229007633588,-13.572519083969466,0.0
23.480000495910645,-9.945513696289062,4.048595007324218,2.8945898071289062,16.625954198473284,-23.14503816793893,-4.473282442748092,-9.062053283691405,0.3447650390625,1.6519991455078125,28.229007633587788,-1.7404580152671756,-12.396946564885496,0.0
23.4900004863739,-9.528922607421874,3.5984850952148437,3.057395520019531,7.541984732824427,-23.328244274809162,-6.0458015267175576,-8.350975390624999,0.6296750366210937,1.6998831787109374,23.267175572519083,2.4580152671755724,-12.67175572519084,0.0
23.500000476837158,-8.810662109374999,2.2673089721679687,3.797203833007812,-2.4122137404580153,-26.82442748091603,-5.129770992366412,-8.741230261230468,0.239420166015625,1.8052280517578123,23.129770992366414,2.3053435114503817,-12.16793893129771,0.0
23.510000705718994,-8.67658681640625,0.6177040283203125,4.553771557617187,-4.549618320610687,-30.625954198473284,-6.061068702290076,-10.967837805175781,-0.36152445068359373,1.407790576171875,20.870229007633586,9.053435114503817,-11.221374045801527,0.0
23.52000069618225,-9.349357482910156,1.426944189453125,5.418078356933593,6.0,-28.290076335877863,-9.664122137404581,-10.711658227539061,-0.06464344482421874,2.042254016113281,23.236641221374047,6.396946564885496,-12.13740458015267,0.0
23.530000686645508,-9.457096557617186,1.426944189453125,5.65031591796875,5.114503816793893,-35.86259541984733,-13.114503816793894,-10.321403356933594,0.9169792358398436,2.7150246826171873,13.007633587786259,13.633587786259541,-13.786259541984732,0.0
23.540001153945923,-9.562441430664062,1.3072341064453123,6.586448767089843,15.083969465648854,-38.19847328244275,-13.572519083969466,-9.33978067626953,0.7230489013671875,1.484405029296875,1.465648854961832,11.83206106870229,-11.068702290076336,0.0
23.55000066757202,-9.65342109375,1.8124106567382812,6.976703637695312,8.366412213740459,-48.74809160305343,-15.389312977099237,-9.217676391601563,1.2521674682617188,1.3910311645507811,-7.755725190839694,18.53435114503817,-8.244274809160306,0.0
23.560000896453857,-9.509768994140625,1.5562310791015623,7.592013464355468,4.824427480916031,-59.14503816793893,-16.717557251908396,-8.91840118408203,3.574543078613281,1.149216796875,-22.564885496183205,24.244274809160306,-9.48091603053435,0.0
23.570000648498535,-11.429918725585937,3.1459809814453124,8.200140686035155,-1.8931297709923665,-69.72519083969466,-19.46564885496183,-9.749189160156249,3.6822821533203123,1.350329736328125,-41.37404580152672,29.251908396946565,-12.030534351145038,0.0
23.58000111579895,-11.796231579589843,2.8036101440429686,8.757989672851561,-8.885496183206106,-82.97709923664122,-18.778625954198475,-11.372457885742186,0.8810662109374999,2.712630480957031,-54.67175572519084,34.87022900763359,-5.251908396946565,0.0
23.59000062942505,-11.628637463378906,2.1499930908203124,7.934384301757812,-10.076335877862595,-95.14503816793894,-18.80916030534351,-13.589488623046874,-2.877830395507812,2.9855694702148434,-54.458015267175576,36.0763358778626,-7.8320610687022905,0.0
23.600000619888306,-13.287819213867186,0.8595183959960937,7.319074475097656,-10.992366412213741,-106.99236641221374,-22.12213740458015,-17.19276212158203,-7.838616235351562,3.1124621582031247,-27.923664122137403,32.152671755725194,-15.007633587786259,0.0
23.610000610351562,-12.952630981445312,-1.3072341064453123,6.756437084960937,1.3129770992366412,-116.27480916030534,-22.748091603053435,-15.313313818359374,-4.836287353515624,2.118868469238281,6.687022900763359,19.236641221374047,-22.076335877862597,0.0
23.62000060081482,-13.314155432128905,-0.7709329345703124,6.909665991210937,17.862595419847327,-120.9618320610687,-22.412213740458014,-13.263877197265625,-2.3151930053710936,0.20350714111328125,17.893129770992367,14.396946564885496,-16.137404580152673,0.0
23.630000591278076,-14.018050720214843,-0.12210428466796874,6.004657763671875,25.954198473282442,-126.79389312977099,-21.64885496183206,-11.81059678955078,-1.0630255371093749,-1.599326708984375,22.946564885496183,9.099236641221374,-9.86259541984733,0.0
23.640000581741333,-13.153743920898437,-0.7326257080078125,4.548983154296875,33.14503816793893,-132.61068702290078,-21.435114503816795,-9.497797985839844,1.3646949462890625,-1.9488801513671874,25.64885496183206,5.435114503816794,-8.122137404580153,0.0
23.65000057220459,-12.593500732421875,-0.07422025146484375,3.6200329101562496,41.61832061068702,-132.01526717557252,-21.480916030534353,-8.916006982421875,1.5107412475585937,-0.9193734375,11.435114503816793,18.198473282442748,-3.5267175572519083,0.0
23.660000562667847,-12.63420216064453,1.3383587280273437,1.7166425903320313,35.16030534351145,-131.31297709923663,-22.412213740458014,-7.785943798828124,-0.45968671875,-1.1276689819335937,3.969465648854962,18.793893129770993,-0.13740458015267176,0.0
23.670000553131104,-11.317391247558593,1.8100164550781248,-0.36631285400390623,20.641221374045802,-131.1908396946565,-21.51145038167939,-8.434772448730468,-1.1659762084960936,-1.2952630981445312,1.816793893129771,23.87786259541985,1.5114503816793894,0.0
23.68000030517578,-9.868899243164062,0.948103857421875,-1.6256629272460936,15.511450381679388,-122.74809160305344,-17.206106870229007,-8.104372619628906,-1.3359645263671873,-1.446097802734375,-7.099236641221374,35.48091603053435,1.4961832061068703,0.0
23.690000772476196,-8.774749084472656,0.023942016601562498,-1.8626888916015625,16.16793893129771,-110.30534351145039,-15.068702290076336,-11.362881079101562,-4.860229370117187,-0.15322890625,0.3053435114503817,40.82442748091603,7.1603053435114505,0.0
23.700000524520874,-8.259995727539062,-1.649604943847656,-2.0087351928710935,18.48854961832061,-97.45038167938931,-14.717557251908397,-11.240776794433593,-4.944026428222656,-0.45010991210937495,23.49618320610687,35.83206106870229,5.6183206106870225,0.0
23.71000075340271,-8.030152368164062,-3.0334535034179684,-1.5658078857421873,34.80916030534351,-77.48091603053435,-12.549618320610687,-8.877699755859375,-3.806780639648437,-0.9744400756835937,35.725190839694655,30.65648854961832,-0.3816793893129771,0.0
23.72000026702881,-8.520963708496094,-2.080561242675781,-0.6272808349609375,48.10687022900763,-58.79389312977099,-10.870229007633588,-9.172186560058593,-2.104503259277344,-1.1659762084960936,38.44274809160305,29.068702290076335,-0.42748091603053434,0.0
23.730000495910645,-8.039729174804688,-1.0271125122070313,-0.10295067138671875,58.88549618320611,-42.50381679389313,-7.343511450381679,-8.463502868652343,-0.82360537109375,-0.488417138671875,28.259541984732824,31.572519083969464,1.6793893129770991,0.0
23.7400004863739,-7.723694555664062,0.47165772705078124,0.13407529296874998,60.213740458015266,-25.96946564885496,-4.900763358778626,-8.920795385742187,-0.46208092041015625,-0.38786066894531246,12.717557251908397,33.02290076335878,3.9389312977099236,0.0
23.750000476837158,-8.55448253173828,3.394977954101562,0.15322890625,52.68702290076336,-15.114503816793894,-3.954198473282443,-9.842563024902343,-2.5450363647460934,0.5458779785156249,5.969465648854962,35.404580152671755,7.435114503816794,0.0
23.760000705718994,-7.60398447265625,2.568978381347656,-0.430956298828125,40.916030534351144,-9.129770992366412,-1.6030534351145038,-10.82179150390625,-3.859453076171875,0.2346317626953125,16.137404580152673,30.53435114503817,9.557251908396946,0.0
23.77000069618225,-7.101202124023437,3.6487633300781246,0.06943184814453125,26.106870229007633,0.32061068702290074,0.549618320610687,-9.485826977539062,-2.920926025390625,0.2154781494140625,21.61832061068702,25.709923664122137,6.458015267175573,0.0
23.780000686645508,-7.0461354858398435,3.9911341674804683,0.22744915771484372,3.0229007633587788,3.9083969465648853,1.3129770992366412,-9.885658654785155,-2.7916391357421872,-0.011971008300781249,24.564885496183205,22.427480916030536,6.183206106870229,0.0
23.790000438690186,-6.746860278320312,3.7804444213867185,0.5051765502929687,-22.610687022900763,7.633587786259542,2.7938931297709924,-9.698910925292969,-1.9608511596679685,0.03591302490234375,22.778625954198475,20.68702290076336,6.2748091603053435,0.0
23.80000114440918,-5.238513232421875,1.0342951171875,0.0909796630859375,-37.05343511450382,13.297709923664122,5.877862595419847,-9.909600671386718,-1.5777788940429687,0.19632453613281248,20.290076335877863,20.137404580152673,5.526717557251908,0.0
23.81000065803528,-5.681440539550781,1.446097802734375,0.6823474731445313,-47.786259541984734,23.328244274809162,4.1679389312977095,-9.603142858886718,-1.0223241088867188,0.35673604736328124,15.587786259541986,18.931297709923665,4.8396946564885495,0.0
23.820000886917114,-5.011064074707031,-0.05985504150390625,0.6081272216796875,-51.52671755725191,32.2442748091603,4.793893129770993,-9.753977563476562,-0.9121908325195311,0.21308394775390624,10.610687022900763,18.53435114503817,4.320610687022901,0.0
23.830000638961792,-5.652710119628906,1.426944189453125,2.205059729003906,-73.57251908396947,35.083969465648856,0.916030534351145,-9.552864624023437,-0.7948749511718749,-0.01915361328125,6.244274809160306,17.755725190839694,3.2977099236641223,0.0
23.840001106262207,-5.968744738769531,0.8020575561523438,2.389413256835937,-88.3206106870229,38.62595419847328,1.9389312977099236,-9.840168823242188,-0.7852981445312499,-0.1197100830078125,2.33587786259542,18.198473282442748,4.351145038167939,0.0
23.850000381469727,-5.820304235839844,-0.9648632690429687,2.4756045166015626,-88.53435114503817,44.06106870229008,4.351145038167939,-9.744400756835937,-0.7661445312499999,0.00239420166015625,-0.5038167938931297,17.954198473282442,5.32824427480916,0.0
23.860000610351562,-4.393360046386719,-4.201823913574218,2.2457611572265623,-62.274809160305345,57.17557251908397,8.106870229007633,-9.787496386718749,-1.005564697265625,0.1580173095703125,-2.6412213740458017,17.480916030534353,6.778625954198473,0.0
23.87000060081482,-5.317521887207031,-4.65432802734375,3.1411925781249996,-36.42748091603053,71.22137404580153,4.641221374045801,-9.725247143554688,-1.0797849487304687,0.4955997436523437,-3.3740458015267176,16.85496183206107,7.603053435114504,0.0
23.880000591278076,-5.370194323730469,-3.9695863525390624,3.8283284545898435,-21.96946564885496,78.85496183206106,-2.5343511450381677,-9.93354268798828,-1.4772224243164063,0.5746083984375,-2.427480916030534,16.549618320610687,8.732824427480915,0.0
23.890000581741333,-6.050147595214844,-3.2130186279296873,4.438849877929687,-1.465648854961832,85.78625954198473,-5.6183206106870225,-9.878476049804688,-1.7573440185546874,0.7326257080078125,-1.1450381679389312,15.49618320610687,10.0,0.0
23.90000057220459,-7.031770275878906,-0.6512228515624999,5.430049365234375,17.358778625954198,92.73282442748092,-6.152671755725191,-9.93354268798828,-2.3247698120117186,0.8475473876953125,1.0229007633587786,14.381679389312977,11.83206106870229,0.0
23.910001039505005,-7.407659936523437,0.6679822631835937,6.112396838378906,30.16793893129771,95.12977099236642,-3.9389312977099236,-9.859322436523437,-2.403778466796875,0.7422025146484375,3.9083969465648853,12.610687022900763,12.320610687022901,0.0
23.920000791549683,-8.0828248046875,1.8650830932617186,6.9168485961914055,37.343511450381676,95.72519083969466,0.0916030534351145,-9.574412438964844,-1.5251064575195312,0.44053310546874996,6.290076335877862,10.870229007633588,11.679389312977099,0.0
23.93000078201294,-9.069235888671875,2.626439221191406,7.127538342285156,37.69465648854962,93.17557251908397,4.33587786259542,-8.798691101074219,-2.6144682128906247,1.4963760375976562,4.824427480916031,10.061068702290076,12.80916030534351,0.0
23.940000534057617,-10.022128149414062,2.463633508300781,6.938396411132812,28.9618320610687,88.29007633587786,5.374045801526718,-10.785878479003905,-1.2737152832031249,0.7613561279296874,9.251908396946565,10.763358778625955,12.305343511450381,0.0
23.950000762939453,-10.098742602539062,1.9656395629882812,6.5505357421875,19.34351145038168,80.90076335877863,4.793893129770993,-9.631873278808593,-0.4740519287109375,0.16280571289062498,-6.412213740458015,12.82442748091603,11.022900763358779,0.0
23.96000051498413,-10.249577307128906,1.7908628417968748,6.148309863281249,9.282442748091603,74.80916030534351,5.297709923664122,-10.20887587890625,-0.6200982299804687,0.7015010864257812,-16.793893129770993,18.595419847328245,11.389312977099237,0.0
23.970000743865967,-9.792284790039062,1.5107412475585937,5.6024318847656245,4.259541984732825,68.03053435114504,6.8396946564885495,-9.816226806640625,0.6607996582031249,0.4213794921875,-31.053435114503817,19.893129770992367,9.419847328244275,0.0
23.980000495910645,-8.777143286132812,1.6639701538085936,4.6447512207031245,2.931297709923664,64.27480916030534,9.282442748091603,-9.9981861328125,-0.16519991455078123,0.34237083740234375,-36.93129770992366,20.83969465648855,11.083969465648854,0.0
23.9900004863739,-7.977479931640625,1.4053963745117186,3.1555577880859373,2.6564885496183206,62.61068702290076,9.068702290076336,-9.504980590820312,-2.9831752685546875,0.9816226806640624,-41.083969465648856,23.770992366412212,13.19083969465649,0.0
24.000000476837158,-7.474697583007812,0.10773907470703124,1.6017209106445311,-0.9465648854961832,62.595419847328245,6.99236641221374,-9.710881933593749,-2.923320227050781,0.3064578125,-22.9618320610687,16.53435114503817,11.618320610687023,0.0
24.010000944137573,-6.710947253417968,-0.6775590698242188,-0.04548983154296875,5.1603053435114505,67.1145038167939,4.870229007633588,-10.740388647460938,-7.067683300781249,2.6767174560546874,-12.534351145038167,18.68702290076336,13.770992366412214,0.0
24.02000069618225,-7.824251025390624,-2.1930887207031247,2.379836450195312,3.786259541984733,76.04580152671755,2.4732824427480917,-9.363722692871093,-2.971204260253906,0.928950244140625,6.137404580152672,6.778625954198473,9.740458015267176,0.0
24.030000686645508,-11.590330236816406,-2.492363928222656,8.044517578125,17.374045801526716,78.38167938931298,2.381679389312977,-9.595960253906249,-0.9050082275390624,0.3902548706054687,4.519083969465649,5.938931297709924,10.061068702290076,0.0
24.040000438690186,-14.870386511230468,-0.086191259765625,11.722011328125,35.343511450381676,72.12213740458016,9.98473282442748,-9.361328491210937,0.8738836059570312,0.3327940307617187,-10.748091603053435,12.061068702290076,11.679389312977099,0.0
24.050000429153442,-18.669984545898437,5.980715747070312,11.954248889160155,29.603053435114504,54.030534351145036,15.786259541984732,-8.214505895996094,1.5251064575195312,-0.08140285644531249,-28.9618320610687,14.473282442748092,13.84732824427481,0.0
24.060001134872437,-16.661249353027344,2.849099975585937,9.09796630859375,29.236641221374047,26.519083969465647,28.702290076335878,-10.445901843261717,-1.8938135131835936,-0.031124621582031248,-33.282442748091604,18.900763358778626,18.885496183206108,0.0
24.070000648498535,-18.466477404785156,4.393360046386719,8.698134631347656,20.229007633587788,17.51145038167939,27.221374045801525,-9.861716638183593,-4.311957189941406,-0.047884033203124995,-28.137404580152673,15.98473282442748,18.106870229007633,0.0
24.08000087738037,-16.115371374511717,4.070142822265625,5.7843912109375,-3.572519083969466,-7.3893129770992365,25.52671755725191,-10.189722265624999,-4.089296435546875,-0.24181436767578124,-15.98473282442748,11.725190839694656,18.33587786259542,0.0
24.09000039100647,-12.342109558105468,2.233790148925781,3.258508459472656,-0.2595419847328244,-14.0,25.587786259541986,-10.824185705566405,-3.3590649291992185,-1.0438719238281249,-4.885496183206107,7.755725190839694,19.541984732824428,0.0
24.100000619888306,-8.154650854492187,1.1420341918945311,0.9361328491210937,-2.8091603053435112,-17.83206106870229,21.83206106870229,-9.507374792480467,-2.0661960327148434,-1.0702081420898437,-2.2290076335877864,5.938931297709924,18.870229007633586,0.0
24.11000084877014,-6.967126831054687,1.1372457885742187,0.009576806640625,-15.84732824427481,-17.770992366412212,20.35114503816794,-9.751583361816406,-1.2808978881835937,-1.0869675537109373,1.282442748091603,5.8320610687022905,18.48854961832061,0.0
24.12000036239624,-4.714183068847656,-1.848323681640625,-0.6847416748046875,-16.82442748091603,-9.954198473282442,21.786259541984734,-9.813832604980469,-0.7805097412109374,-0.8499415893554687,3.1755725190839694,4.534351145038168,18.793893129770993,0.0
24.130000829696655,-4.7764323120117185,-2.5378537597656248,0.11731588134765625,-8.595419847328245,4.244274809160306,19.00763358778626,-9.720458740234374,0.33039982910156246,-0.6943184814453125,0.8091603053435115,3.633587786259542,17.908396946564885,0.0
24.140000581741333,-5.042188696289062,-2.3391350219726563,0.26336218261718747,-2.33587786259542,12.213740458015268,12.946564885496183,-9.476250170898437,0.9337386474609375,-0.5889736083984375,-3.5419847328244276,2.2748091603053435,16.610687022900763,0.0
24.15000057220459,-7.055712292480468,0.7110778930664062,1.1156979736328125,-9.282442748091603,18.931297709923665,7.526717557251908,-9.56962403564453,1.350329736328125,-0.44532150878906246,-12.259541984732824,-0.33587786259541985,16.3206106870229,0.0
24.160000324249268,-5.72693037109375,-1.5083470458984374,0.33518823242187495,-3.4198473282442747,23.358778625954198,10.305343511450381,-9.289502441406249,1.7597382202148437,-0.6440402465820312,-21.908396946564885,-2.2900763358778624,15.648854961832061,0.0
24.170000314712524,-7.414842541503906,-1.455674609375,0.5099649536132812,15.511450381679388,37.465648854961835,9.49618320610687,-9.255983618164063,1.3359645263671873,-0.5386953735351562,-32.732824427480914,-2.5343511450381677,15.541984732824428,0.0
24.18000054359436,-9.133879333496093,0.08379705810546874,-0.02633621826171875,25.64885496183206,45.00763358778626,4.595419847328245,-9.545682019042967,0.967257470703125,-0.39743747558593745,-38.13740458015267,-1.6793893129770991,15.511450381679388,0.0
24.190000772476196,-9.689334118652344,2.224213342285156,0.05746083984375,30.793893129770993,49.69465648854962,2.2900763358778624,-9.564835632324218,0.5243301635742187,-0.5434837768554687,-42.48854961832061,-2.0916030534351147,17.34351145038168,0.0
24.200000286102295,-10.292672937011718,2.6862942626953124,-0.031124621582031248,29.19083969465649,51.05343511450382,3.068702290076336,-9.900023864746093,-0.0909796630859375,-0.5051765502929687,-42.94656488549618,-1.450381679389313,18.702290076335878,0.0
24.21000099182129,-11.566388220214844,4.649539624023437,1.0295067138671874,22.80916030534351,53.86259541984733,3.5267175572519083,-9.485826977539062,-0.36391865234375,-0.7972691528320313,-41.38931297709924,-1.5725190839694656,19.69465648854962,0.0
24.220000743865967,-12.164938635253906,5.623979699707031,1.687912170410156,3.3282442748091605,49.05343511450382,5.083969465648855,-9.832986218261718,-0.8906430175781249,-0.8714894042968749,-37.29770992366412,-0.24427480916030533,20.15267175572519,0.0
24.230000495910645,-10.946289990234375,5.679046337890624,2.233790148925781,-14.641221374045802,40.54961832061068,9.022900763358779,-9.97184991455078,-1.3168109130859373,-0.8810662109374999,-31.6793893129771,-0.21374045801526717,19.114503816793892,0.0
24.2400004863739,-11.44667813720703,5.03740029296875,2.530671154785156,-28.458015267175572,32.33587786259542,11.450381679389313,-10.759542260742187,-1.446097802734375,-0.6272808349609375,-23.419847328244273,-0.10687022900763359,18.16793893129771,0.0
24.250000476837158,-10.326191760253906,4.410119458007812,1.9009961181640624,-44.01526717557252,22.045801526717558,12.595419847328245,-11.089942089843749,-2.767697119140625,-0.41898529052734373,-12.961832061068701,-0.5954198473282443,17.099236641221374,0.0
24.260000944137573,-10.589553942871094,3.9743747558593747,2.104503259277344,-61.70992366412214,13.129770992366412,12.274809160305344,-10.74517705078125,-2.0781670410156248,0.023942016601562498,1.3740458015267176,-5.9541984732824424,13.053435114503817,0.0
24.27000093460083,-8.578424548339843,-0.11731588134765625,1.1755530151367186,-55.14503816793893,9.038167938931299,15.007633587786259,-10.462661254882812,0.028730419921875,-0.06703764648437499,7.557251908396947,-9.206106870229007,8.290076335877863,0.0
24.280000686645508,-8.532934716796875,-0.33039982910156246,1.3670891479492187,-38.93129770992366,11.84732824427481,14.106870229007633,-10.347739575195313,1.467645617675781,-0.5363011718749999,7.374045801526718,-9.740458015267176,7.038167938931298,0.0
24.290000677108765,-9.188945971679686,0.45968671875,1.4628572143554686,-29.69465648854962,11.770992366412214,11.908396946564885,-10.587159741210938,0.718260498046875,0.033518823242187495,9.053435114503817,-5.236641221374046,10.427480916030534,0.0
24.3000009059906,-9.210493786621093,0.5674257934570313,1.2401964599609374,-22.564885496183205,10.870229007633588,11.48091603053435,-9.30147344970703,2.674323254394531,-0.3854664672851562,10.13740458015267,-9.068702290076336,8.702290076335878,0.0
24.3100004196167,-9.038111267089842,0.488417138671875,1.0319009155273438,-11.816793893129772,10.717557251908397,10.442748091603054,-9.550470422363281,2.0350714111328125,-0.45010991210937495,1.8931297709923665,-6.473282442748092,11.007633587786259,0.0
24.320001125335693,-9.370905297851563,0.6967126831054687,1.0390835205078124,-4.778625954198473,11.618320610687023,9.358778625954198,-9.797073193359374,0.7015010864257812,-0.32561142578124996,2.045801526717557,-4.198473282442748,13.297709923664122,0.0
24.330000638961792,-9.260772021484375,0.6488286499023437,0.9935936889648437,3.3282442748091605,11.511450381679388,7.847328244274809,-8.875305554199219,1.9201497314453124,-1.3910311645507811,0.6259541984732825,-5.4961832061068705,10.82442748091603,0.0
24.340000867843628,-9.660603698730467,1.3048399047851562,1.0726023437499999,9.816793893129772,12.427480916030534,6.351145038167939,-10.47702646484375,-0.239420166015625,-1.3407529296874998,-1.5877862595419847,0.5038167938931297,11.34351145038168,0.0
24.350000619888306,-9.404424121093749,1.3551181396484375,0.8810662109374999,12.83969465648855,13.48091603053435,5.66412213740458,-10.589553942871094,-0.5147533569335937,-0.8164227661132812,1.6793893129770991,0.3511450381679389,7.694656488549619,0.0
24.360000610351562,-9.72285294189453,1.6304513305664061,0.814028564453125,16.580152671755727,13.49618320610687,4.137404580152672,-10.89122335205078,-0.584185205078125,-0.44053310546874996,5.282442748091603,-1.0381679389312977,4.229007633587786,0.0
24.37000060081482,-9.9215716796875,1.7573440185546874,0.9265560424804687,29.740458015267176,20.931297709923665,2.0916030534351147,-10.714052429199219,-0.3064578125,0.35673604736328124,6.732824427480916,-3.877862595419847,1.5267175572519085,0.0
24.380000591278076,-11.518504187011718,4.292803576660156,1.0702081420898437,24.47328244274809,20.244274809160306,-1.8473282442748091,-11.37006368408203,-1.37906015625,1.5514426757812498,9.145038167938932,-5.083969465648855,0.9465648854961832,0.0
24.390000581741333,-11.556811413574218,5.303156677246093,1.2689268798828124,7.8320610687022905,16.3206106870229,-3.954198473282443,-10.802637890625,-0.7038952880859375,2.252943762207031,14.580152671755725,-13.954198473282442,-2.8091603053435112,0.0
24.40000057220459,-11.020510241699219,4.915296008300781,1.5586252807617187,3.572519083969466,17.358778625954198,-2.7022900763358777,-11.906364855957031,-1.2282254516601563,1.66636435546875,14.091603053435115,-18.763358778625953,-4.0458015267175576,0.0
24.410000562667847,-10.685322009277343,4.4196962646484375,1.5035586425781249,-14.366412213740459,10.366412213740459,-0.8396946564885496,-12.46900224609375,-1.8028338500976562,2.233790148925781,22.595419847328245,-25.72519083969466,-5.816793893129771,0.0
24.420000553131104,-10.493785876464843,3.1675287963867187,1.218648645019531,-14.610687022900763,10.076335877862595,2.2748091603053435,-10.64222637939453,0.19393033447265623,1.62805712890625,26.763358778625953,-36.51908396946565,-10.351145038167939,0.0
24.43000078201294,-9.425971936035156,2.932897033691406,0.7445967163085937,-12.229007633587786,12.564885496183207,4.9465648854961835,-8.113949426269532,2.602497204589844,0.9121908325195311,10.351145038167939,-40.48854961832061,-15.450381679389313,0.0
24.440000295639038,-9.938331091308592,3.361459130859375,1.1659762084960936,-24.732824427480917,12.702290076335878,3.0076335877862594,-9.8449572265625,2.528276953125,0.7445967163085937,-10.793893129770993,-32.458015267175576,-11.954198473282442,0.0
24.450000762939453,-9.540893615722656,3.1268273681640624,0.9265560424804687,-33.83206106870229,11.282442748091603,0.13740458015267176,-9.730035546875,0.5530605834960938,1.0223241088867188,-16.427480916030536,-36.68702290076336,-10.580152671755725,0.0
24.46000075340271,-9.6917283203125,2.559401574707031,0.5817910034179687,-39.70992366412214,9.34351145038168,-1.984732824427481,-11.233594189453123,-1.4221557861328125,1.458068811035156,-11.969465648854962,-35.404580152671755,-10.51908396946565,0.0
24.470000743865967,-9.311050256347656,1.5945383056640625,1.0438719238281249,-37.770992366412216,9.740458015267176,-1.465648854961832,-10.268730920410155,-0.9193734375,1.2569558715820313,-0.4122137404580153,-45.89312977099237,-14.442748091603054,0.0
24.480000734329224,-9.275137231445312,0.34715924072265625,1.350329736328125,-31.083969465648856,11.17557251908397,-0.4580152671755725,-9.038111267089842,0.9504980590820312,1.1755530151367186,-3.83206106870229,-50.36641221374046,-19.19083969465649,0.0
24.490000247955322,-9.306261853027344,0.3327940307617187,1.70467158203125,-25.404580152671755,11.908396946564885,-2.732824427480916,-8.8872765625,0.6919242797851562,1.1348515869140625,-17.129770992366414,-46.0763358778626,-16.778625954198475,0.0
24.50000023841858,-10.024522351074218,0.6512228515624999,1.8004396484374998,-22.519083969465647,10.290076335877863,-5.816793893129771,-10.572794531249999,0.2705447875976562,1.3862427612304686,-12.931297709923664,-45.93893129770992,-13.221374045801527,0.0
24.510000705718994,-10.007762939453125,0.047884033203124995,1.8842367065429686,-14.595419847328245,7.984732824427481,-8.213740458015268,-9.557653027343749,0.20829554443359374,0.9792284790039062,-5.847328244274809,-53.37404580152672,-15.618320610687023,0.0
24.52000069618225,-9.251195214843749,-0.316034619140625,2.142810485839844,-3.7557251908396947,6.396946564885496,-9.969465648854962,-8.315062365722655,1.8746598999023436,0.18435352783203124,-14.595419847328245,-54.778625954198475,-20.03053435114504,0.0
24.530000925064087,-9.433154541015625,0.9433154541015625,2.597708801269531,3.572519083969466,5.603053435114504,-13.389312977099237,-9.686939916992188,0.3711012573242187,0.6560112548828124,-28.15267175572519,-45.786259541984734,-17.053435114503817,0.0
24.540000915527344,-9.878476049804688,2.2553379638671873,2.7916391357421872,4.99236641221374,0.9618320610687023,-15.725190839694656,-10.244788903808594,-0.8379705810546875,1.0486603271484374,-19.709923664122137,-49.14503816793893,-15.893129770992367,0.0
24.55000066757202,-10.09395419921875,1.9847931762695312,2.3032219970703123,5.419847328244275,-5.801526717557252,-14.473282442748092,-10.110713610839843,-0.05985504150390625,0.3184288208007812,-11.419847328244275,-49.23664122137404,-19.14503816793893,0.0
24.560000896453857,-9.294290844726563,1.3263877197265623,2.3415292236328122,16.564885496183205,-7.236641221374046,-9.679389312977099,-8.197746484375,0.6967126831054687,0.28012159423828126,-16.244274809160306,-46.900763358778626,-21.51145038167939,0.0
24.570000886917114,-9.038111267089842,1.599326708984375,2.152387292480469,23.00763358778626,-8.198473282442748,-8.732824427480915,-9.490615380859374,-1.3168109130859373,0.5961562133789062,-17.87786259541985,-41.49618320610687,-16.763358778625953,0.0
24.58000087738037,-9.042899670410156,1.956062756347656,2.0877438476562498,22.595419847328245,-10.458015267175572,-9.053435114503817,-10.177751257324218,-1.867477294921875,0.8571241943359375,-2.3206106870229006,-43.25190839694657,-14.580152671755725,0.0
24.590000867843628,-9.018957653808593,1.7477672119140624,1.6735469604492186,24.442748091603054,-13.068702290076336,-9.099236641221374,-9.758765966796874,-1.2042834350585936,1.2521674682617188,14.778625954198473,-43.038167938931295,-16.717557251908396,0.0
24.600000858306885,-9.888052856445311,4.189852905273438,2.319981408691406,19.633587786259543,-13.84732824427481,-11.083969465648854,-8.473079675292968,-0.08858546142578125,0.9457096557617187,14.091603053435115,-44.045801526717554,-19.267175572519083,0.0
24.610000610351562,-11.228805786132812,5.123591552734375,2.418143676757812,2.16793893129771,-20.68702290076336,-11.312977099236642,-9.205705383300781,0.16998831787109375,0.5267243652343749,4.1679389312977095,-39.17557251908397,-16.793893129770993,0.0
24.62000060081482,-11.489773767089844,3.1579519897460937,2.31758720703125,-9.786259541984732,-24.061068702290076,-8.610687022900763,-7.838616235351562,0.6248866333007812,1.0941501586914062,4.6106870229007635,-39.31297709923664,-16.458015267175572,0.0
24.630000591278076,-9.93354268798828,1.5538368774414062,2.789244934082031,-8.82442748091603,-28.549618320610687,-8.305343511450381,-9.255983618164063,-1.1252747802734375,2.0733786376953125,11.419847328244275,-33.725190839694655,-14.580152671755725,0.0
24.640000581741333,-8.29351455078125,0.7062894897460937,2.085349645996094,4.351145038167939,-28.229007633587788,-9.129770992366412,-9.081206896972656,-1.3575123413085937,1.5514426757812498,26.671755725190838,-39.70992366412214,-15.32824427480916,0.0
24.65000057220459,-8.358157995605469,-1.22583125,1.8746598999023436,8.0,-29.19083969465649,-10.366412213740459,-9.418789331054686,-0.9169792358398436,1.3718775512695311,36.33587786259542,-42.10687022900763,-15.938931297709924,0.0
24.660000562667847,-8.738836059570312,0.4740519287109375,2.3726538452148436,15.679389312977099,-25.49618320610687,-10.900763358778626,-7.335833886718749,1.8291700683593748,0.622492431640625,30.015267175572518,-44.70229007633588,-20.290076335877863,0.0
24.670000314712524,-7.182604980468749,0.4644751220703125,1.5729904907226562,17.984732824427482,-28.106870229007633,-10.732824427480915,-8.413224633789062,1.4628572143554686,0.8930372192382812,11.49618320610687,-32.152671755725194,-18.931297709923665,0.0
24.68000054359436,-9.366116894531249,2.2960393920898436,2.327164013671875,17.984732824427482,-23.022900763358777,-14.50381679389313,-8.578424548339843,-0.0526724365234375,1.6017209106445311,8.854961832061068,-32.091603053435115,-15.923664122137405,0.0
24.690000295639038,-8.0062103515625,1.2952630981445312,1.66636435546875,16.9618320610687,-27.893129770992367,-14.763358778625955,-9.217676391601563,-1.0103531005859374,1.66636435546875,14.564885496183207,-31.068702290076335,-15.389312977099237,0.0
24.700000524520874,-7.644685900878906,0.5506663818359374,1.9225439331054686,21.099236641221374,-27.282442748091604,-14.106870229007633,-8.576030346679687,-0.4572925170898437,1.5251064575195312,19.083969465648856,-34.35114503816794,-17.6793893129771,0.0
24.71000075340271,-7.3549875,0.07422025146484375,2.4588451049804685,25.374045801526716,-27.099236641221374,-14.045801526717558,-7.754819177246094,0.38307226562499996,1.20667763671875,13.786259541984732,-31.709923664122137,-19.770992366412212,0.0
24.720000505447388,-8.698134631347656,2.5809493896484375,4.153939880371094,23.297709923664122,-26.3206106870229,-15.679389312977099,-7.062894897460937,1.467645617675781,1.1875240234375,1.8778625954198473,-23.938931297709924,-19.740458015267176,0.0
24.730000495910645,-10.47702646484375,3.8762124877929685,4.1563340820312495,11.679389312977099,-34.36641221374046,-15.755725190839694,-7.321468676757812,1.6448165405273436,1.4125789794921875,-5.465648854961832,-19.587786259541986,-18.0,0.0
24.7400004863739,-10.43871923828125,3.660734338378906,3.6487633300781246,3.9389312977099236,-40.80916030534351,-15.419847328244275,-8.492233288574218,0.469263525390625,0.4908113403320312,-11.969465648854962,-15.374045801526718,-15.32824427480916,0.0
24.75000023841858,-9.217676391601563,1.2018892333984375,2.703053674316406,-0.6259541984732825,-47.32824427480916,-14.305343511450381,-8.453926062011718,-0.1771709228515625,1.0103531005859374,-13.435114503816793,-9.038167938931299,-14.534351145038167,0.0
24.760000705718994,-8.930372192382812,0.3806780639648437,2.252943762207031,4.961832061068702,-46.61068702290076,-13.32824427480916,-8.346186987304687,-0.2059013427734375,1.0007762939453124,-11.068702290076336,-8.442748091603054,-14.351145038167939,0.0
24.77000093460083,-7.975085729980468,0.603338818359375,1.5370774658203123,9.786259541984732,-46.38167938931298,-14.702290076335878,-8.434772448730468,-0.4477157104492187,1.149216796875,-7.877862595419847,-6.229007633587786,-14.885496183206106,0.0
24.780000686645508,-7.819462622070312,1.8004396484374998,2.5713725830078125,18.30534351145038,-44.16793893129771,-15.786259541984732,-8.346186987304687,-0.5817910034179687,1.3263877197265623,-5.267175572519084,-2.9160305343511452,-14.961832061068701,0.0
24.790000677108765,-8.0062103515625,2.360682836914062,2.6910826660156246,21.419847328244273,-46.48854961832061,-14.916030534351146,-8.334215979003906,-0.7996633544921875,1.3335703247070312,-0.8091603053435115,-0.6259541984732825,-14.290076335877863,0.0
24.8000009059906,-7.524975817871093,1.47482822265625,2.5426421630859375,24.65648854961832,-46.16793893129771,-12.213740458015268,-8.358157995605469,-1.0654197387695312,1.2569558715820313,5.603053435114504,0.732824427480916,-12.351145038167939,0.0
24.8100004196167,-7.45075556640625,1.8028338500976562,1.7860744384765623,24.396946564885496,-46.656488549618324,-13.969465648854962,-8.281543542480469,-1.1827356201171875,1.2425906616210938,13.068702290076336,1.9389312977099236,-12.030534351145038,0.0
24.820000886917114,-8.659827404785156,2.5665841796874997,2.288856787109375,22.15267175572519,-47.25190839694657,-13.236641221374045,-7.9272016967773435,-1.1611878051757811,1.3311761230468748,19.923664122137403,3.2213740458015265,-12.458015267175572,0.0
24.830000638961792,-9.291896643066405,2.2553379638671873,2.3127988037109373,19.404580152671755,-48.0763358778626,-10.610687022900763,-8.042123376464843,-1.0917559570312498,1.3910311645507811,26.229007633587788,4.473282442748092,-12.061068702290076,0.0
24.84000062942505,-9.41639512939453,1.5083470458984374,1.429338391113281,18.458015267175572,-46.51908396946565,-7.9541984732824424,-7.769184387207031,-0.8355763793945312,1.4963760375976562,30.091603053435115,5.709923664122138,-12.320610687022901,0.0
24.850000619888306,-9.464279162597656,1.0749965454101562,0.6536170532226562,18.916030534351144,-42.47328244274809,-9.694656488549619,-7.977479931640625,-0.7613561279296874,1.5490484741210937,33.267175572519086,8.854961832061068,-12.15267175572519,0.0
24.860000610351562,-10.17056865234375,1.7908628417968748,1.426944189453125,19.87786259541985,-38.10687022900763,-11.725190839694656,-8.044517578125,-0.38307226562499996,1.4820108276367188,34.54961832061068,11.282442748091603,-11.419847328244275,0.0
24.87000060081482,-9.811438403320311,1.6735469604492186,2.252943762207031,23.31297709923664,-35.17557251908397,-11.557251908396946,-8.67658681640625,-0.5099649536132812,1.4341267944335936,36.80916030534351,13.709923664122137,-8.900763358778626,0.0
24.880000591278076,-8.84178673095703,1.4604630126953124,3.296815686035156,32.48854961832061,-26.702290076335878,-11.86259541984733,-8.489839086914062,0.009576806640625,1.4437036010742186,36.900763358778626,16.35114503816794,-6.885496183206107,0.0
24.890000581741333,-8.82263311767578,2.262520568847656,3.9049429077148434,40.229007633587784,-24.931297709923665,-10.931297709923664,-9.327809667968749,-1.005564697265625,1.7908628417968748,38.50381679389313,21.129770992366414,-4.809160305343512,0.0
24.90000057220459,-8.623914379882812,2.5067291381835934,4.220977526855468,42.51908396946565,-18.748091603053435,-10.732824427480915,-8.288726147460936,0.7637503295898437,1.2114660400390624,36.30534351145038,21.389312977099237,-6.793893129770993,0.0
24.910000562667847,-9.78031378173828,4.7764323120117185,4.393360046386719,27.862595419847327,-18.076335877862597,-15.954198473282442,-10.58476553955078,-0.316034619140625,0.4955997436523437,29.46564885496183,33.267175572519086,-4.824427480916031,0.0
24.920000553131104,-9.428366137695312,4.165910888671875,3.8187516479492185,10.335877862595419,-20.748091603053435,-16.0,-11.59990704345703,-0.3495534423828125,0.16280571289062498,26.732824427480917,38.68702290076336,-8.290076335877863,0.0
24.93000078201294,-9.64623848876953,3.4668040039062498,4.187458703613281,-0.9770992366412213,-19.114503816793892,-17.17557251908397,-12.39238779296875,0.9121908325195311,1.3215993164062498,19.251908396946565,43.465648854961835,-12.625954198473282,0.0
24.940000295639038,-9.100360510253905,2.980781066894531,3.845087866210937,-7.709923664122138,-15.938931297709924,-17.72519083969466,-11.722011328125,2.5737667846679684,3.356670727539062,-7.572519083969466,47.74045801526717,-13.068702290076336,0.0
24.950000762939453,-9.476250170898437,4.204218115234375,3.976768957519531,-16.641221374045802,-13.526717557251908,-19.14503816793893,-14.092270971679687,-2.7461493041992187,5.310339282226562,-21.404580152671755,46.6412213740458,-9.099236641221374,0.0
24.96000051498413,-9.567229833984374,3.81156904296875,4.479551306152343,-23.893129770992367,-14.580152671755725,-18.885496183206108,-12.868833923339842,-1.1875240234375,5.363011718749999,-11.740458015267176,29.786259541984734,-12.305343511450381,0.0
24.970000743865967,-8.470685473632813,1.47482822265625,4.7117888671875,-17.099236641221374,-13.358778625954198,-15.572519083969466,-12.133814013671874,-0.2561795776367187,5.717353564453124,-22.53435114503817,28.427480916030536,-10.900763358778626,0.0
24.980000495910645,-8.552088330078124,0.9241618408203125,6.153098266601562,-11.679389312977099,-10.80916030534351,-15.557251908396946,-12.536039892578124,-1.8339584716796873,6.121973645019531,-17.66412213740458,15.923664122137405,-6.99236641221374,0.0
24.9900004863739,-10.160991845703125,1.5203180541992187,7.8338278320312495,1.0229007633587786,-13.954198473282442,-15.587786259541986,-10.711658227539061,0.00718260498046875,4.7117888671875,-9.572519083969466,0.3511450381679389,-9.587786259541986,0.0
25.000000476837158,-11.391611499023437,2.636016027832031,10.445901843261717,12.778625954198473,-20.198473282442748,-9.633587786259541,-9.481038574218749,1.649604943847656,3.5242648437499997,-11.770992366412214,-6.396946564885496,-11.282442748091603,0.0
25.010000705718994,-13.213598962402344,3.5506010620117183,11.741164941406248,13.19083969465649,-33.64885496183206,-2.0,-7.819462622070312,2.5809493896484375,2.389413256835937,-25.96946564885496,-6.3816793893129775,-8.793893129770993,0.0
25.02000069618225,-13.405135095214844,3.1794998046874996,12.035651745605469,7.877862595419847,-51.31297709923664,3.83206106870229,-8.391676818847655,2.5905261962890624,0.8762778076171874,-41.48091603053435,0.2595419847328244,-2.2900763358778624,0.0
25.030000686645508,-12.397176196289061,-0.9313444458007812,10.766724865722656,12.076335877862595,-70.91603053435115,7.877862595419847,-10.412383020019531,-1.9129671264648436,0.8643067993164062,-42.42748091603053,5.129770992366412,0.15267175572519084,0.0
25.040000915527344,-13.927071057128906,0.03591302490234375,9.854534033203125,22.870229007633586,-86.50381679389314,6.625954198473282,-10.441113439941406,-5.054159704589844,0.13407529296874998,-21.129770992366414,2.9618320610687023,-5.4961832061068705,0.0
25.050000429153442,-14.851232897949219,2.3295582153320313,8.044517578125,15.053435114503817,-108.53435114503817,3.404580152671756,-11.765106958007811,-6.277596752929687,-0.3280056274414062,1.0381679389312977,4.0,-9.32824427480916,0.0
25.060000896453857,-11.860875024414062,-0.2753331909179687,4.96078583984375,8.305343511450381,-129.74045801526717,7.480916030534351,-9.828197814941406,-3.0454245117187497,-1.9033903198242186,13.49618320610687,-1.4809160305343512,-14.16793893129771,0.0
25.070000648498535,-13.792995764160155,0.6847416748046875,2.4157494750976563,16.229007633587788,-130.68702290076337,6.33587786259542,-10.357316381835936,-3.277662072753906,-2.3678654418945313,13.251908396946565,7.1603053435114505,-13.618320610687023,0.0
25.080000638961792,-11.458649145507811,1.3742717529296875,0.6847416748046875,2.763358778625954,-141.8320610687023,2.549618320610687,-9.291896643066405,-2.0159177978515626,-2.808398547363281,17.66412213740458,12.580152671755725,-14.732824427480915,0.0
25.09000062942505,-9.126696728515624,-0.82360537109375,-0.9002198242187499,8.0,-140.27480916030535,5.4961832061068705,-9.311050256347656,-2.703053674316406,-2.1452046874999997,17.6793893129771,19.81679389312977,-14.427480916030534,0.0
25.100000619888306,-12.53843409423828,4.455609289550781,-0.36391865234375,-0.9465648854961832,-130.03053435114504,1.5877862595419847,-10.041281762695311,-3.3638533325195312,-1.180341418457031,23.068702290076335,24.549618320610687,-13.419847328244275,0.0
25.11000084877014,-10.340556970214843,1.915361328125,-1.637633935546875,-13.206106870229007,-127.12977099236642,7.816793893129771,-10.105925207519531,-2.5570073730468748,-0.7805097412109374,29.053435114503817,24.50381679389313,-11.954198473282442,0.0
25.12000036239624,-7.802703210449218,-0.03591302490234375,-1.9632453613281249,3.83206106870229,-106.93129770992367,17.862595419847327,-9.282319836425781,-1.9321207397460936,0.11252747802734374,28.015267175572518,30.015267175572518,-10.381679389312977,0.0
25.130000591278076,-7.721300354003906,-0.59376201171875,-0.7302315063476562,17.297709923664122,-80.94656488549619,22.931297709923665,-10.474632263183594,-1.3575123413085937,0.05027823486328125,32.82442748091603,24.732824427480917,-8.641221374045802,0.0
25.140000581741333,-6.734889270019531,-1.467645617675781,-0.28730419921875,26.106870229007633,-57.23664122137404,23.923664122137403,-10.89122335205078,0.13407529296874998,0.22026655273437498,28.259541984732824,26.793893129770993,-4.076335877862595,0.0
25.15000057220459,-5.95677373046875,-0.948103857421875,-0.05985504150390625,31.17557251908397,-36.152671755725194,22.30534351145038,-10.266336718749999,0.5386953735351562,-0.2657563842773437,17.328244274809162,28.80916030534351,1.1450381679389312,0.0
25.160000562667847,-5.6407391113281244,-1.6615759521484375,0.15562310791015624,30.442748091603054,-17.404580152671755,19.389312977099237,-10.517727893066406,-1.9416975463867185,0.1484405029296875,15.908396946564885,26.82442748091603,6.152671755725191,0.0
25.17000102996826,-7.510610607910156,1.7477672119140624,1.848323681640625,17.587786259541986,-2.8702290076335877,11.98473282442748,-10.101136804199218,-2.3439234252929686,0.45968671875,28.564885496183205,19.0381679389313,6.244274809160306,0.0
25.18000030517578,-7.237671618652343,0.8667010009765624,1.20667763671875,-10.290076335877863,-4.900763358778626,7.587786259541985,-9.4618849609375,-1.3934253662109375,0.03591302490234375,31.923664122137403,15.251908396946565,4.091603053435114,0.0
25.190000772476196,-6.4475850708007805,0.105344873046875,1.3192051147460937,-12.0,7.190839694656488,9.038167938931299,-8.935160595703124,-0.3495534423828125,-0.27293898925781246,21.66412213740458,16.27480916030534,3.83206106870229,0.0
25.200000762939453,-5.7149593627929685,0.09576806640624999,1.13006318359375,-17.984732824427482,13.465648854961833,5.4961832061068705,-9.133879333496093,0.05746083984375,-0.21787235107421873,10.15267175572519,18.778625954198475,4.106870229007634,0.0
25.21000075340271,-5.396530541992187,0.5865794067382812,1.2904746948242187,-32.44274809160305,16.229007633587788,2.519083969465649,-9.440337145996093,-0.13407529296874998,-0.143652099609375,-0.5343511450381679,20.48854961832061,4.916030534351145,0.0
25.22000026702881,-5.980715747070312,0.699106884765625,1.5753846923828123,-41.89312977099237,23.87786259541985,-0.32061068702290074,-9.935936889648437,-0.7110778930664062,0.24899697265624998,-8.80916030534351,23.0381679389313,5.603053435114504,0.0
25.230000495910645,-5.849034655761718,0.5985504150390625,1.7908628417968748,-50.82442748091603,28.16793893129771,-2.8702290076335877,-9.579200842285156,-0.74699091796875,0.45968671875,-15.84732824427481,23.83206106870229,6.519083969465649,0.0
25.240000247955322,-5.8083332275390624,0.277727392578125,2.221819140625,-57.05343511450382,33.25190839694657,-3.5877862595419847,-9.497797985839844,-0.9313444458007812,0.7900865478515624,-19.64885496183206,24.16793893129771,7.709923664122138,0.0
25.250000476837158,-6.0716954101562495,0.17238251953125,2.932897033691406,-62.48854961832061,38.01526717557252,-5.099236641221374,-9.311050256347656,-1.4628572143554686,0.8212111694335937,-22.091603053435115,24.946564885496183,8.335877862595419,0.0
25.260000467300415,-4.402936853027343,-2.8754361938476563,2.327164013671875,-55.51145038167939,42.717557251908396,-2.122137404580153,-9.595960253906249,-2.607285607910156,0.9744400756835937,-20.045801526717558,24.35114503816794,9.221374045801527,0.0
25.27000069618225,-3.727771984863281,-3.1483751831054687,2.779668127441406,-39.587786259541986,56.82442748091603,-2.9160305343511452,-9.083601098632812,-3.143586779785156,1.0462661254882812,-15.633587786259541,23.083969465648856,8.50381679389313,0.0
25.280001163482666,-4.371812231445312,-2.463633508300781,3.210624426269531,-33.66412213740458,64.77862595419847,-7.4961832061068705,-9.986215124511718,-4.972756848144531,1.5011644409179687,-5.450381679389313,22.18320610687023,8.061068702290076,0.0
25.290000677108765,-5.592855078125,-3.268085266113281,3.5960908935546874,-27.84732824427481,72.99236641221374,-10.977099236641221,-11.410765112304686,-5.295974072265625,1.618480322265625,9.099236641221374,23.16030534351145,7.816793893129771,0.0
25.3000009059906,-5.853823059082031,-3.210624426269531,3.706224169921875,-11.465648854961833,79.37404580152672,-14.366412213740459,-10.12507882080078,-4.474762902832031,1.917755529785156,22.625954198473284,15.267175572519085,6.885496183206107,0.0
25.3100004196167,-6.344634399414062,-2.4947581298828125,3.5122938354492184,8.885496183206106,85.90839694656489,-16.549618320610687,-9.787496386718749,-3.0980969482421874,1.9800047729492187,28.717557251908396,10.83969465648855,5.435114503816794,0.0
25.320000886917114,-7.184999182128906,-1.2785036865234374,3.430890979003906,21.480916030534353,91.87786259541984,-17.0381679389313,-9.974244116210937,-2.1835119140624997,1.8459294799804686,26.9618320610687,9.511450381679388,5.267175572519084,0.0
25.330000638961792,-7.869740856933594,-0.9097966308593749,3.299209887695312,31.31297709923664,96.70229007633588,-13.267175572519085,-9.773131176757811,-1.199495031738281,1.5131354492187499,22.137404580152673,7.8320610687022905,5.648854961832061,0.0
25.340000867843628,-8.398859423828124,1.0414777221679687,3.4548329956054684,40.900763358778626,101.29770992366412,-9.48091603053435,-8.298302954101562,1.1252747802734375,0.6416460449218749,8.412213740458014,8.442748091603054,5.526717557251908,0.0
25.350000619888306,-9.478644372558593,2.942473840332031,3.1771056030273437,43.81679389312977,105.49618320610686,-3.572519083969466,-8.702923034667968,0.12449848632812499,1.2617442749023438,-7.435114503816794,13.923664122137405,9.404580152671755,0.0
25.360000610351562,-9.746794958496093,4.096479040527344,2.9185318237304685,36.70229007633588,106.4885496183206,2.6717557251908395,-9.593566052246093,0.04548983154296875,0.51714755859375,-21.450381679389313,16.15267175572519,11.404580152671755,0.0
25.37000060081482,-9.739612353515625,4.469974499511719,2.310404602050781,27.740458015267176,107.98473282442748,7.038167938931298,-9.255983618164063,0.26815058593749996,0.36391865234375,-34.50381679389313,20.396946564885496,12.67175572519084,0.0
25.380000352859497,-9.93354268798828,3.775656018066406,2.403778466796875,8.335877862595419,107.48091603053435,11.419847328244275,-10.280701928710936,-1.668758557128906,0.229843359375,-46.2442748091603,28.564885496183205,16.33587786259542,0.0
25.390000581741333,-10.807426293945312,2.0925322509765625,4.173093493652344,2.213740458015267,107.96946564885496,17.129770992366414,-10.321403356933594,-3.706224169921875,-0.16041151123046873,-43.38931297709924,26.85496183206107,18.625954198473284,0.0
25.40000057220459,-10.998962426757812,0.7158662963867187,5.295974072265625,-1.297709923664122,106.41221374045801,20.27480916030534,-9.418789331054686,-3.8666356811523435,-0.5746083984375,-32.3206106870229,22.519083969465647,17.34351145038168,0.0
25.410000562667847,-12.344503759765624,0.2657563842773437,6.354211206054687,-6.106870229007634,102.68702290076335,17.801526717557252,-7.750030773925781,-4.338293408203125,-0.30885201416015623,-7.190839694656488,11.877862595419847,16.213740458015266,0.0
25.420000553131104,-14.156914416503906,1.5011644409179687,8.504204296874999,-13.969465648854962,93.52671755725191,15.145038167938932,-8.94473740234375,-2.4253262817382812,-1.6998831787109374,3.1908396946564888,13.312977099236642,14.0,0.0
25.43000078201294,-12.923900561523437,-0.8858546142578124,9.49300958251953,1.7251908396946565,88.30534351145039,22.244274809160306,-7.931990100097655,-1.2617442749023438,-1.9321207397460936,-5.984732824427481,18.35114503816794,14.778625954198473,0.0
25.440000534057617,-14.33887374267578,0.3950432739257812,10.17056865234375,-0.7938931297709924,74.27480916030534,20.931297709923665,-9.093177905273437,0.3327940307617187,-1.695094775390625,-17.572519083969464,29.19083969465649,16.366412213740457,0.0
25.450000524520874,-15.105018273925781,0.5434837768554687,10.070012182617187,-17.31297709923664,52.656488549618324,14.67175572519084,-9.81862100830078,-1.6807295654296874,-1.2234370483398436,-23.709923664122137,36.29007633587786,19.00763358778626,0.0
25.46000051498413,-13.397952490234374,-1.20667763671875,8.647856396484375,-23.14503816793893,33.69465648854962,11.022900763358779,-10.09395419921875,-3.5003228271484375,-0.2059013427734375,-12.15267175572519,34.51908396946565,18.53435114503817,0.0
25.470000743865967,-12.090718383789062,-1.5897499023437498,7.474697583007812,-20.076335877862597,20.3206106870229,6.717557251908397,-10.292672937011718,-2.499546533203125,-0.5578489868164063,-1.083969465648855,32.01526717557252,16.33587786259542,0.0
25.480000495910645,-10.967837805175781,-1.484405029296875,5.585672473144531,-19.954198473282442,7.221374045801527,3.816793893129771,-8.379705810546875,-0.7278373046875,-0.5003881469726562,-0.5801526717557252,27.14503816793893,14.442748091603054,0.0
25.4900004863739,-9.411606726074218,-1.4006079711914061,4.560954162597656,1.083969465648855,8.16793893129771,5.251908396946565,-9.674968908691406,0.2825157958984375,-0.8595183959960937,-8.763358778625955,30.916030534351144,16.458015267175572,0.0
25.500000476837158,-8.650250598144531,1.1755530151367186,3.4644098022460934,10.900763358778626,6.916030534351145,5.816793893129771,-10.503362683105468,-0.9050082275390624,0.17956512451171874,-15.648854961832061,34.091603053435115,20.38167938931298,0.0
25.510000705718994,-8.750807067871094,3.239354846191406,2.308010400390625,8.580152671755725,5.633587786259542,9.511450381679388,-10.556035119628906,-1.7621324218749999,0.6584054565429687,-6.961832061068702,26.717557251908396,21.64885496183206,0.0
25.52000069618225,-7.563283044433593,2.3343466186523436,0.8212111694335937,7.4961832061068705,5.419847328244275,13.32824427480916,-9.89523546142578,-3.4955344238281247,1.9704279663085937,3.1603053435114505,23.267175572519083,23.404580152671755,0.0
25.53000044822693,-4.69263525390625,-0.20350714111328125,-0.5195417602539062,17.114503816793892,11.099236641221374,17.0381679389313,-9.311050256347656,-1.0271125122070313,0.8044517578125,13.587786259541986,9.34351145038168,19.297709923664122,0.0
25.540000915527344,-4.979939453125,-0.48123453369140623,-0.20350714111328125,28.27480916030534,22.900763358778626,14.488549618320612,-9.878476049804688,0.055066638183593745,0.46686932373046874,8.931297709923664,8.061068702290076,18.68702290076336,0.0
25.55000066757202,-6.418854650878906,0.2537853759765625,0.3806780639648437,32.30534351145038,30.519083969465647,12.625954198473282,-9.935936889648437,0.6177040283203125,0.4070142822265625,1.282442748091603,6.305343511450381,18.82442748091603,0.0
25.560000896453857,-8.157045056152343,1.47482822265625,1.2737152832031249,32.67175572519084,36.35114503816794,12.122137404580153,-10.031704956054687,0.48123453369140623,0.21068974609375,-4.900763358778626,4.763358778625954,19.282442748091604,0.0
25.570000648498535,-9.536105212402344,2.099714855957031,1.4532804077148436,27.374045801526716,38.045801526717554,13.083969465648854,-9.926360083007811,0.5793968017578125,0.16759411621093748,-10.763358778625955,2.2595419847328246,17.480916030534353,0.0
25.58000087738037,-10.168174450683592,2.013523596191406,1.8004396484374998,22.885496183206108,39.25190839694657,14.01526717557252,-10.101136804199218,0.15322890625,0.40222587890625,-17.435114503816795,2.427480916030534,16.50381679389313,0.0
25.59000062942505,-10.27830772705078,2.461239306640625,1.388636962890625,15.648854961832061,37.9236641221374,12.763358778625955,-9.595960253906249,0.5363011718749999,0.36152445068359373,-21.740458015267176,0.32061068702290074,14.702290076335878,0.0
25.600000619888306,-10.639832177734375,2.4660277099609376,1.0462661254882812,8.335877862595419,36.961832061068705,9.603053435114504,-9.775525378417969,0.12210428466796874,0.3232172241210937,-27.129770992366414,-0.2900763358778626,15.251908396946565,0.0
25.610000610351562,-11.212046374511718,2.43250888671875,1.0989385620117187,-1.099236641221374,35.63358778625954,6.99236641221374,-9.907206469726562,-0.09816226806640624,0.12449848632812499,-30.625954198473284,-1.8625954198473282,15.32824427480916,0.0
25.62000060081482,-10.881646545410156,3.0430303100585934,1.5921441040039062,-10.381679389312977,30.870229007633586,5.312977099236641,-10.213664282226562,-0.21787235107421873,0.11013327636718749,-31.587786259541986,-2.366412213740458,15.587786259541986,0.0
25.630000591278076,-10.165780249023436,3.038241906738281,1.3455413330078123,-21.236641221374047,27.541984732824428,5.740458015267175,-9.97184991455078,-0.12210428466796874,0.1484405029296875,-33.603053435114504,-3.0229007633587788,15.374045801526718,0.0
25.640000581741333,-10.905588562011719,3.0406361083984375,0.9169792358398436,-32.79389312977099,24.18320610687023,4.396946564885496,-10.359710583496094,-0.35194764404296874,0.12689268798828124,-33.404580152671755,-3.6793893129770994,14.732824427480915,0.0
25.65000081062317,-8.645462194824217,2.0638018310546875,0.5003881469726562,-38.396946564885496,22.0,4.458015267175573,-10.304643945312499,-0.22744915771484372,-0.06703764648437499,-31.557251908396946,-3.877862595419847,14.885496183206106,0.0
25.660000562667847,-8.212111694335936,1.3144167114257812,0.08858546142578125,-44.94656488549618,20.015267175572518,5.00763358778626,-10.206481677246094,-0.5363011718749999,-0.0047884033203125,-29.374045801526716,-4.137404580152672,13.98473282442748,0.0
25.670000314712524,-7.982268334960937,0.9720458740234375,-0.35673604736328124,-45.32824427480916,20.564885496183205,6.641221374045801,-10.007762939453125,-0.5482721801757812,-0.2657563842773437,-26.931297709923665,-4.519083969465649,13.557251908396946,0.0
25.68000054359436,-8.817844714355468,1.2306196533203124,-0.258573779296875,-44.68702290076336,21.068702290076335,7.648854961832061,-10.220846887207031,-0.7900865478515624,-0.4908113403320312,-21.69465648854962,-4.854961832061068,12.381679389312977,0.0
25.690000772476196,-8.585607153320312,0.5027823486328125,-0.3232172241210937,-36.412213740458014,23.6793893129771,8.366412213740459,-9.878476049804688,-0.13168109130859373,-0.5817910034179687,-18.137404580152673,-6.67175572519084,10.732824427480915,0.0
25.700000524520874,-8.8489693359375,0.23223756103515625,0.05985504150390625,-31.083969465648856,23.81679389312977,8.229007633587786,-10.287884533691406,-0.411802685546875,-0.43574470214843747,-14.259541984732824,-5.709923664122138,10.687022900763358,0.0
25.71000075340271,-8.667010009765624,0.258573779296875,0.5195417602539062,-25.740458015267176,23.984732824427482,6.366412213740458,-10.338162768554687,-1.5275006591796874,0.00718260498046875,-5.022900763358779,-5.450381679389313,10.442748091603054,0.0
25.720000505447388,-8.346186987304687,-0.37828386230468747,0.718260498046875,-21.603053435114504,21.61832061068702,4.900763358778626,-10.266336718749999,-0.6392518432617187,-0.13407529296874998,2.122137404580153,-7.816793893129771,7.190839694656488,0.0
25.730000257492065,-8.990227233886719,-0.14604630126953125,0.7876923461914062,-14.13740458015267,20.53435114503817,3.6793893129770994,-9.70369932861328,-0.33518823242187495,-0.612915625,-1.5114503816793894,-7.251908396946565,4.748091603053435,0.0
25.7400004863739,-10.587159741210938,2.4013842651367185,1.6232687255859375,-12.564885496183207,19.740458015267176,1.2213740458015268,-9.495403784179686,0.7733271362304687,-0.8858546142578124,-1.6793893129770991,-8.50381679389313,2.16793893129771,0.0
25.750000476837158,-10.204087475585936,2.0566192260742184,1.5155296508789062,-13.572519083969466,14.916030534351146,2.4885496183206106,-10.338162768554687,0.12210428466796874,-0.6488286499023437,-3.3740458015267176,-5.877862595419847,3.5572519083969465,0.0
25.760000705718994,-9.832986218261718,1.8243816650390623,1.5203180541992187,-7.206106870229007,13.114503816793894,4.366412213740458,-9.809044201660155,0.6392518432617187,-0.6177040283203125,-7.022900763358779,-6.091603053435114,0.9618320610687023,0.0
25.77000093460083,-9.74200655517578,1.8267758666992187,1.2737152832031249,-0.04580152671755725,12.778625954198473,5.068702290076335,-10.077194787597655,-0.373495458984375,0.08379705810546874,-7.00763358778626,-6.33587786259542,0.5648854961832062,0.0
25.780000686645508,-10.196904870605469,2.6527754394531247,1.0654197387695312,2.1526717557251906,11.83206106870229,4.519083969465649,-11.350910070800781,-2.6599580444335937,1.6998831787109374,2.687022900763359,-6.290076335877862,1.7557251908396947,0.0
25.790000677108765,-9.507374792480467,2.1691467041015624,0.737414111328125,3.572519083969466,10.473282442748092,5.816793893129771,-10.735600244140624,-1.2737152832031249,1.0390835205078124,14.641221374045802,-19.6793893129771,-2.763358778625954,0.0
25.800000429153442,-9.519345800781249,2.0159177978515626,0.5099649536132812,5.038167938931298,10.992366412213741,6.152671755725191,-10.979808813476561,-2.6527754394531247,2.1547814941406247,24.580152671755727,-24.702290076335878,-4.3816793893129775,0.0
25.810000896453857,-9.217676391601563,1.22583125,0.36152445068359373,7.099236641221374,12.16793893129771,5.480916030534351,-11.228805786132812,-1.3048399047851562,1.7190367919921874,37.66412213740458,-33.37404580152672,-7.282442748091603,0.0
25.820000886917114,-9.969455712890625,3.0166940917968748,1.2378022583007813,5.374045801526718,15.358778625954198,0.9465648854961832,-9.564835632324218,2.4349030883789062,0.7613561279296874,31.16030534351145,-41.267175572519086,-13.557251908396946,0.0
25.830000638961792,-9.785102185058593,2.389413256835937,1.1133037719726562,-7.877862595419847,9.725190839694656,1.3435114503816794,-9.437942944335937,1.6160861206054686,1.707065783691406,9.572519083969466,-36.62595419847328,-13.114503816793894,0.0
25.840000867843628,-10.579977136230468,2.5474305664062498,1.4939818359375,-11.435114503816793,10.183206106870228,1.1297709923664123,-10.496180078124999,-0.00239420166015625,2.2170307373046874,4.091603053435114,-35.38931297709924,-8.931297709923664,0.0
25.850000619888306,-9.82580361328125,1.6711527587890624,1.1468225952148436,-9.801526717557252,9.251908396946565,1.8931297709923665,-10.453084448242187,-0.4429273071289062,1.5969325073242187,10.01526717557252,-42.229007633587784,-11.251908396946565,0.0
25.860000610351562,-10.060435375976562,2.0925322509765625,0.852335791015625,-10.244274809160306,8.687022900763358,2.33587786259542,-8.84178673095703,0.9624690673828125,1.005564697265625,6.6106870229007635,-47.3587786259542,-15.389312977099237,0.0
25.87000060081482,-9.7683427734375,2.5258827514648434,0.7829039428710937,-9.145038167938932,9.938931297709924,3.282442748091603,-8.250418920898436,1.3311761230468748,1.3646949462890625,-9.251908396946565,-42.29007633587786,-13.709923664122137,0.0
25.880000352859497,-9.560047229003906,2.461239306640625,0.6153098266601562,-16.366412213740457,8.931297709923664,2.8091603053435112,-9.504980590820312,-0.6775590698242188,1.4532804077148436,-10.0,-43.41984732824427,-11.053435114503817,0.0
25.890000581741333,-9.76116016845703,2.085349645996094,0.5913678100585937,-21.954198473282442,7.419847328244275,1.282442748091603,-10.50815108642578,-1.2042834350585936,1.350329736328125,0.5190839694656488,-46.76335877862596,-12.748091603053435,0.0
25.90000057220459,-9.581595043945311,1.24498486328125,0.8714894042968749,-20.53435114503817,7.557251908396947,1.0687022900763359,-8.70771143798828,0.05746083984375,0.9744400756835937,3.282442748091603,-51.69465648854962,-17.64885496183206,0.0
25.910000562667847,-9.17458076171875,1.3934253662109375,1.149216796875,-13.923664122137405,9.725190839694656,2.885496183206107,-8.499415893554687,0.8092401611328125,0.74699091796875,-10.183206106870228,-44.97709923664122,-16.65648854961832,0.0
25.920000553131104,-9.588777648925781,2.1308394775390624,1.1635820068359375,-10.80916030534351,10.412213740458014,4.259541984732825,-10.007762939453125,-1.4030021728515625,1.350329736328125,-10.305343511450381,-42.99236641221374,-11.954198473282442,0.0
25.93000078201294,-9.406818322753905,1.3239935180664062,0.699106884765625,-8.916030534351146,10.229007633587786,5.603053435114504,-10.321403356933594,-1.177947216796875,1.0845733520507812,1.618320610687023,-49.25190839694657,-13.297709923664122,0.0
25.940000534057617,-9.275137231445312,0.5410895751953124,0.9361328491210937,-5.129770992366412,11.49618320610687,4.0458015267175576,-8.221688500976562,0.19393033447265623,1.218648645019531,1.3282442748091603,-50.70229007633588,-17.206106870229007,0.0
25.950000762939453,-9.85692823486328,1.0869675537109373,1.714248388671875,-7.4961832061068705,11.725190839694656,0.732824427480916,-8.10197841796875,0.7158662963867187,0.9313444458007812,-11.86259541984733,-46.152671755725194,-15.48091603053435,0.0
25.96000051498413,-9.330203869628905,-0.32561142578124996,1.8842367065429686,-4.015267175572519,8.67175572519084,0.7786259541984732,-8.226476904296874,-0.20829554443359374,0.9840168823242187,-16.03053435114504,-46.412213740458014,-11.786259541984732,0.0
25.970000743865967,-10.182539660644531,0.9888052856445312,3.2058360229492187,-2.4732824427480917,8.290076335877863,-1.4045801526717556,-9.65342109375,-1.1947066284179686,1.678335363769531,-10.854961832061068,-46.25954198473283,-9.633587786259541,0.0
25.980000734329224,-10.077194787597655,0.4381389038085937,3.9408559326171875,-0.183206106870229,3.4656488549618323,-1.3587786259541985,-7.673416320800781,0.023942016601562498,1.0678139404296874,-6.931297709923665,-55.23664122137404,-14.961832061068701,0.0
25.990000247955322,-9.797073193359374,-0.09816226806640624,4.57771357421875,11.83206106870229,0.04580152671755725,-1.3587786259541985,-7.52737001953125,1.1540052001953125,0.833182177734375,-18.977099236641223,-47.83206106870229,-17.221374045801525,0.0
26.000000476837158,-9.430760339355468,0.36631285400390623,4.733336682128906,18.045801526717558,-5.099236641221374,-2.717557251908397,-9.485826977539062,-0.3687070556640625,1.369483349609375,-28.229007633587788,-41.19083969465649,-15.374045801526718,0.0
26.010000705718994,-9.674968908691406,1.1540052001953125,4.347870214843749,18.045801526717558,-13.618320610687023,-6.732824427480916,-10.639832177734375,-1.7429788085937499,1.6543933471679686,-18.35114503816794,-45.55725190839695,-16.244274809160306,0.0
26.02000069618225,-9.562441430664062,1.6543933471679686,4.489128112792969,19.267175572519083,-20.671755725190838,-10.396946564885496,-10.587159741210938,-1.5705962890624998,1.3431471313476562,-5.267175572519084,-49.52671755725191,-19.984732824427482,0.0
26.03000044822693,-7.790732202148437,0.6296750366210937,3.670311145019531,13.404580152671755,-32.36641221374046,-10.045801526717558,-7.958326318359375,0.296881005859375,1.0893617553710937,-5.801526717557252,-51.25190839694657,-26.015267175572518,0.0
26.040001153945923,-7.934384301757812,0.9145850341796874,5.260061047363281,25.00763358778626,-33.603053435114504,-9.282442748091603,-8.750807067871094,-0.24181436767578124,1.7741034301757812,-16.198473282442748,-40.97709923664122,-23.572519083969464,0.0
26.05000066757202,-10.311826550292968,6.713341455078124,6.2392895263671875,9.16030534351145,-45.404580152671755,-13.801526717557252,-9.473855969238281,-1.4628572143554686,1.4101847778320311,-11.221374045801527,-43.74045801526717,-20.732824427480917,0.0
26.06000065803528,-10.268730920410155,6.057330200195312,5.269637854003906,-10.702290076335878,-62.58015267175573,-8.977099236641221,-9.315838659667968,-1.3431471313476562,0.8906430175781249,0.4122137404580153,-44.36641221374046,-22.870229007633586,0.0
26.070000648498535,-8.55448253173828,4.089296435546875,3.1316157714843746,-9.358778625954198,-72.54961832061069,-3.5572519083969465,-8.310273962402343,0.16041151123046873,0.63206923828125,5.633587786259542,-45.343511450381676,-26.076335877862597,0.0
26.08000087738037,-7.127538342285156,1.7645266235351562,1.7884686401367187,-8.83969465648855,-76.7175572519084,-2.9770992366412212,-7.189787585449218,0.9959878906249999,1.149216796875,-0.9312977099236641,-37.16030534351145,-26.65648854961832,0.0
26.09000062942505,-6.248866333007812,1.2018892333984375,0.9888052856445312,-0.4732824427480916,-72.85496183206106,-5.969465648854962,-8.535328918457031,0.5410895751953124,0.45968671875,-9.770992366412214,-28.366412213740457,-22.671755725190838,0.0
26.100000619888306,-8.497021691894531,3.385401147460937,0.05985504150390625,-25.068702290076335,-77.89312977099236,-12.641221374045802,-9.583989245605467,-0.4572925170898437,1.4508862060546874,-13.572519083969466,-17.984732824427482,-20.38167938931298,0.0
26.110000610351562,-6.167463476562499,-1.4053963745117186,-1.1468225952148436,-15.358778625954198,-75.66412213740458,-8.641221374045802,-7.663839514160156,0.4955997436523437,0.8092401611328125,-8.67175572519084,-22.229007633587788,-22.290076335877863,0.0
26.12000060081482,-7.043741284179687,-1.2306196533203124,-0.7565677246093749,6.641221374045801,-63.93893129770992,-11.19083969465649,-7.678204724121093,-0.45968671875,1.235408056640625,-5.938931297709924,-16.68702290076336,-22.18320610687023,0.0
26.130000591278076,-7.321468676757812,0.20829554443359374,-0.8044517578125,18.091603053435115,-55.465648854961835,-12.82442748091603,-7.410054138183593,-0.5434837768554687,1.388636962890625,-0.8854961832061069,-14.13740458015267,-22.015267175572518,0.0
26.140000581741333,-7.9104422851562495,1.177947216796875,-0.6416460449218749,25.221374045801525,-48.12213740458015,-13.068702290076336,-7.45075556640625,-0.5913678100585937,1.1133037719726562,3.282442748091603,-13.19083969465649,-21.801526717557252,0.0
26.15000057220459,-7.637503295898437,0.8379705810546875,-0.5386953735351562,34.97709923664122,-40.97709923664122,-10.900763358778626,-7.529764221191406,-0.6081272216796875,1.199495031738281,8.106870229007633,-10.198473282442748,-21.51145038167939,0.0
26.160000562667847,-8.382100012207031,3.210624426269531,-0.20350714111328125,40.50381679389313,-28.85496183206107,-10.610687022900763,-8.28633194580078,-1.9943699829101562,1.8722656982421875,15.969465648854962,-7.923664122137405,-19.358778625954198,0.0
26.170000553131104,-10.759542260742187,6.871358764648437,0.7326257080078125,28.732824427480917,-23.221374045801525,-9.526717557251908,-8.657433203124999,-1.7860744384765623,2.4061726684570313,32.47328244274809,-11.129770992366412,-18.27480916030534,0.0
26.18000054359436,-11.860875024414062,6.624755993652343,1.8219874633789062,13.893129770992367,-23.984732824427482,-3.648854961832061,-9.749189160156249,-2.2002713256835937,1.8722656982421875,39.41984732824427,-10.732824427480915,-16.85496183206107,0.0
26.190000295639038,-9.9981861328125,4.611232397460937,2.511517541503906,3.49618320610687,-25.251908396946565,0.5190839694656488,-10.031704956054687,-2.578555187988281,2.346317626953125,50.091603053435115,-13.648854961832061,-15.312977099236642,0.0
26.200000286102295,-10.845733520507812,4.2497079467773435,4.228160131835938,-8.229007633587786,-24.259541984732824,-0.732824427480916,-10.053252770996092,-0.5434837768554687,1.8004396484374998,58.595419847328245,-16.412213740458014,-16.916030534351144,0.0
26.21000051498413,-9.133879333496093,2.6862942626953124,4.458003491210937,-13.740458015267176,-28.748091603053435,-1.1297709923664123,-9.255983618164063,1.1851298217773436,1.4532804077148436,46.94656488549618,-9.587786259541986,-18.748091603053435,0.0
26.220000505447388,-9.421183532714844,2.612074011230469,5.295974072265625,-22.85496183206107,-33.3587786259542,-5.236641221374046,-9.710881933593749,1.4173673828125,1.7812860351562498,34.01526717557252,-0.7480916030534351,-16.641221374045802,0.0
26.230000734329224,-8.851363537597656,0.70868369140625,4.256890551757812,-25.374045801526716,-37.603053435114504,-8.16793893129771,-10.70686982421875,0.8403647827148437,0.9433154541015625,21.068702290076335,5.221374045801527,-12.549618320610687,0.0
26.2400004863739,-7.568071447753906,-0.09576806640624999,2.942473840332031,-19.587786259541986,-37.786259541984734,-12.900763358778626,-9.655815295410155,0.8786720092773437,1.956062756347656,15.770992366412214,13.374045801526718,-11.083969465648854,0.0
26.250000476837158,-8.212111694335936,0.7541735229492187,2.185906115722656,-11.48091603053435,-35.541984732824424,-16.68702290076336,-9.220070593261719,0.2753331909179687,2.04943662109375,11.618320610687023,19.46564885496183,-9.374045801526718,0.0
26.260000705718994,-8.628702783203124,2.142810485839844,1.9847931762695312,-1.5572519083969465,-28.82442748091603,-17.251908396946565,-9.191340173339842,0.8355763793945312,1.1851298217773436,7.00763358778626,22.38167938931298,-8.259541984732824,0.0
26.27000069618225,-10.457872851562499,4.469974499511719,1.8746598999023436,2.6564885496183206,-23.34351145038168,-15.374045801526718,-8.33182177734375,0.4860229370117187,1.3311761230468748,0.04580152671755725,28.137404580152673,-8.16793893129771,0.0
26.280000686645508,-9.368511096191405,4.417302062988281,2.1811177124023438,4.67175572519084,-15.709923664122137,-10.992366412213741,-8.322244970703125,1.7501614135742187,1.4724340209960938,-11.648854961832061,36.68702290076336,-8.580152671755725,0.0
26.290000677108765,-9.641450085449218,6.205770703124999,2.4396914916992185,-8.51908396946565,-10.82442748091603,-9.007633587786259,-8.71489404296875,0.2059013427734375,2.5234885498046875,-31.633587786259543,44.152671755725194,-3.068702290076336,0.0
26.3000009059906,-10.855310327148437,7.970297326660156,3.1675287963867187,-31.450381679389313,-8.106870229007633,-6.549618320610687,-11.317391247558593,-1.7262193969726563,3.450044592285156,-32.0763358778626,41.404580152671755,1.8931297709923665,0.0
26.31000065803528,-10.690110412597656,7.086836914062499,3.775656018066406,-49.465648854961835,-7.404580152671755,-0.8244274809160306,-10.395623608398436,0.3950432739257812,3.948038537597656,-34.152671755725194,41.38931297709924,-4.0,0.0
26.320001125335693,-9.662997900390625,3.8379052612304685,4.88417138671875,-62.01526717557252,-6.748091603053435,4.305343511450381,-13.218387365722656,-2.789244934082031,5.456385583496093,-39.404580152671755,46.18320610687023,-0.732824427480916,0.0
26.330000638961792,-9.545682019042967,-0.09576806640624999,5.298368273925781,-51.98473282442748,-1.3740458015267176,6.1679389312977095,-12.816161486816405,-0.967257470703125,5.032611889648437,-25.603053435114504,27.81679389312977,-3.2519083969465647,0.0
26.340000867843628,-8.686163623046875,-2.1619640991210938,6.028599780273437,-32.10687022900763,1.282442748091603,2.213740458015267,-12.559981909179687,-0.9241618408203125,5.513846423339843,-35.29770992366412,28.977099236641223,-5.984732824427481,0.0
26.350000619888306,-9.648632690429688,-2.5737667846679684,7.831433630371094,-13.86259541984733,-3.3435114503816794,-3.145038167938931,-14.62617794189453,-2.5450363647460934,5.367800122070312,-28.045801526717558,17.404580152671755,-3.0839694656488548,0.0
26.360000610351562,-11.034875451660156,-2.2385785522460937,9.588777648925781,9.358778625954198,-8.564885496183207,-7.175572519083969,-12.310984936523436,1.180341418457031,3.909731311035156,-26.763358778625953,5.435114503816794,-5.862595419847328,0.0
26.37000060081482,-12.330138549804687,-0.9026140258789062,10.606313354492187,22.50381679389313,-22.748091603053435,-10.091603053435115,-11.152191333007812,1.3527239379882812,2.834734765625,-43.43511450381679,6.122137404580153,-5.0534351145038165,0.0
26.380000829696655,-13.395558288574218,0.46686932373046874,11.844115612792969,31.770992366412212,-39.099236641221374,-11.694656488549619,-12.61504854736328,-2.114080065917969,1.388636962890625,-48.6412213740458,3.984732824427481,-2.595419847328244,0.0
26.390000343322754,-14.025233325195313,-0.9792284790039062,10.326191760253906,30.27480916030534,-68.2442748091603,-12.061068702290076,-10.527304699707031,-3.038241906738281,0.7637503295898437,-37.41984732824427,-2.1374045801526718,-5.694656488549619,0.0
26.40000057220459,-14.698003991699219,-1.5562310791015623,8.935160595703124,43.099236641221374,-83.3587786259542,-13.557251908396946,-9.370905297851563,-3.5625720703124997,-0.7398083129882812,-23.374045801526716,-6.763358778625954,-7.3893129770992365,0.0
26.410000562667847,-13.776236352539062,-0.3064578125,7.151480358886718,30.9618320610687,-106.12213740458016,-20.38167938931298,-8.482656481933594,-3.7995980346679685,-1.1109095703125,-13.038167938931299,-1.618320610687023,-7.740458015267175,0.0
26.420000553131104,-14.556746093749998,1.2593500732421874,5.832275244140624,18.35114503816794,-122.1526717557252,-23.358778625954198,-8.0062103515625,-2.8107927490234372,-1.7357962036132812,-5.648854961832061,3.5267175572519083,-8.442748091603054,0.0
26.43000078201294,-13.99410870361328,1.4317325927734375,4.005499377441406,6.412213740458015,-135.75572519083968,-22.717557251908396,-8.683769421386717,-2.6001030029296874,-1.908178723144531,-6.717557251908397,17.954198473282442,-10.748091603053435,0.0
26.440000534057617,-12.619836950683593,0.9193734375,2.1619640991210938,0.4732824427480916,-144.0,-19.633587786259543,-8.391676818847655,-2.5905261962890624,-2.3391350219726563,-5.6183206106870225,30.106870229007633,-11.32824427480916,0.0
26.450000762939453,-11.544840405273437,-0.26815058593749996,0.21787235107421873,0.8091603053435115,-144.41221374045801,-16.229007633587788,-7.654262707519531,-1.39821376953125,-2.6958710693359373,-6.305343511450381,38.2442748091603,-10.80916030534351,0.0
26.46000051498413,-10.417171423339843,-0.9193734375,-0.4860229370117187,8.13740458015267,-140.90076335877862,-13.022900763358779,-11.133037719726563,-4.752490295410156,-1.2401964599609374,1.8015267175572518,49.969465648854964,-2.8244274809160306,0.0
26.470000505447388,-8.389282617187499,-3.0406361083984375,-2.2577321655273437,27.862595419847327,-129.4351145038168,-7.282442748091603,-11.039663854980468,-5.066130712890625,-0.40462008056640625,28.38167938931298,44.83969465648855,-2.519083969465649,0.0
26.480000495910645,-7.843404638671874,-3.0693665283203124,-2.4396914916992185,54.82442748091603,-110.36641221374046,-5.114503816793893,-10.180145458984374,-3.651157531738281,-0.488417138671875,46.54961832061068,42.656488549618324,-5.038167938931298,0.0
26.4900004863739,-8.2360537109375,-0.6464344482421874,-1.656787548828125,70.85496183206106,-88.93129770992367,-3.5419847328244276,-10.524910498046875,-2.0374656127929685,-0.5315127685546874,49.02290076335878,41.587786259541986,-2.366412213740458,0.0
26.500000476837158,-8.422801440429687,1.4604630126953124,-1.024718310546875,68.30534351145039,-72.33587786259542,0.0916030534351145,-11.702857714843748,-2.528276953125,-0.55545478515625,49.05343511450382,41.63358778625954,4.351145038167939,0.0
26.510000944137573,-8.566453540039062,2.214636535644531,-0.5817910034179687,59.45038167938932,-55.49618320610687,2.7938931297709924,-12.160150231933594,-3.399766357421875,0.5434837768554687,61.31297709923664,38.0763358778626,8.290076335877863,0.0
26.520000457763672,-7.939172705078125,2.5570073730468748,-0.41898529052734373,46.94656488549618,-40.30534351145038,4.030534351145038,-10.151415039062499,-1.4317325927734375,-0.277727392578125,69.43511450381679,27.66412213740458,5.465648854961832,0.0
26.530000925064087,-6.854599353027344,2.6862942626953124,-0.201112939453125,29.908396946564885,-27.893129770992367,4.0,-10.038887561035155,-0.6464344482421874,-0.21787235107421873,60.916030534351144,27.770992366412212,7.0534351145038165,0.0
26.540000915527344,-8.602366564941406,3.8043864379882812,0.4572925170898437,2.6717557251908395,-17.908396946564885,2.946564885496183,-9.7683427734375,0.5051765502929687,-0.201112939453125,49.541984732824424,25.87786259541985,9.709923664122137,0.0
26.55000066757202,-7.726088757324218,3.0047230834960934,0.19393033447265623,-20.793893129770993,-12.381679389312977,2.8244274809160306,-9.284714038085937,1.7381904052734374,-0.5243301635742187,34.13740458015267,26.0,10.030534351145038,0.0
26.56000065803528,-7.098807922363281,1.8555062866210936,0.009576806640625,-35.969465648854964,-4.748091603053435,3.66412213740458,-10.493785876464843,0.6344634399414062,-0.24899697265624998,12.351145038167939,31.587786259541986,10.83969465648855,0.0
26.570000648498535,-6.002263562011718,0.6009446166992187,-0.22026655273437498,-39.74045801526717,6.534351145038168,3.6030534351145036,-9.481038574218749,0.7781155395507812,-0.20350714111328125,-6.396946564885496,28.732824427480917,8.50381679389313,0.0
26.58000087738037,-6.301538769531249,0.239420166015625,0.23223756103515625,-38.48854961832061,21.954198473282442,-0.33587786259541985,-9.117119921875,0.05985504150390625,0.9026140258789062,-21.34351145038168,31.66412213740458,7.480916030534351,0.0
26.59000062942505,-4.874594580078124,-0.8116343627929687,-0.5315127685546874,-43.32824427480916,27.099236641221374,-3.068702290076336,-9.023746057128905,-0.201112939453125,0.35673604736328124,-38.74809160305343,32.900763358778626,7.099236641221374,0.0
26.600000381469727,-7.721300354003906,3.0238766967773434,0.29927520751953124,-56.25954198473283,37.11450381679389,-8.412213740458014,-9.725247143554688,-1.199495031738281,0.47884033203125,-51.603053435114504,36.045801526717554,8.595419847328245,0.0
26.610000610351562,-6.701370446777343,2.090138049316406,1.0630255371093749,-85.89312977099236,35.66412213740458,-10.045801526717558,-10.115502014160155,-4.297591979980469,1.1731588134765625,-49.48091603053435,32.30534351145038,9.908396946564885,0.0
26.62000036239624,-5.839457849121094,-0.9026140258789062,1.2042834350585936,-87.86259541984732,40.030534351145036,-5.801526717557252,-9.87608184814453,-5.6574985229492185,1.9823989746093749,-30.53435114503817,24.793893129770993,6.458015267175573,0.0
26.630000352859497,-5.566518859863281,-3.3973721557617185,1.7812860351562498,-61.038167938931295,54.74809160305343,-1.8015267175572518,-9.619902270507811,-4.951209033203125,1.7238251953125,-14.473282442748092,15.633587786259541,0.2595419847328244,0.0
26.640000343322754,-5.025429284667968,-3.816357446289062,2.8514941772460936,-40.595419847328245,65.63358778625954,-5.7251908396946565,-9.387664709472656,-3.9240965209960934,1.7717092285156248,-9.297709923664122,11.679389312977099,-1.5877862595419847,0.0
26.65000057220459,-5.537788439941406,-3.864241479492187,3.5769372802734374,-29.389312977099237,73.45038167938931,-9.816793893129772,-9.993397729492187,-3.6343981201171873,1.9680337646484374,-2.3053435114503817,9.358778625954198,-0.13740458015267176,0.0
26.660000562667847,-6.356605407714843,-3.105279553222656,3.976768957519531,-18.671755725190838,79.3587786259542,-13.541984732824428,-9.873687646484374,-3.763685009765625,2.0877438476562498,6.778625954198473,5.0534351145038165,0.5648854961832062,0.0
26.670000314712524,-7.101202124023437,-2.5067291381835934,3.782838623046875,-7.557251908396947,84.16793893129771,-14.51908396946565,-9.751583361816406,-2.6336218261718747,1.5083470458984374,17.66412213740458,-3.7557251908396947,-1.2366412213740459,0.0
26.68000078201294,-7.879317663574218,-1.458068811035156,4.024652990722656,8.900763358778626,90.56488549618321,-14.122137404580153,-10.225635290527343,-1.5107412475585937,0.9433154541015625,16.47328244274809,-5.267175572519084,-1.633587786259542,0.0
26.690000772476196,-8.262389929199218,0.08379705810546874,4.575319372558593,20.076335877862597,94.21374045801527,-11.49618320610687,-9.402029919433593,-0.24181436767578124,0.8834604125976562,1.3282442748091603,-0.5801526717557252,-0.6717557251908397,0.0
26.700000286102295,-8.94473740234375,1.0821791503906248,4.963180041503906,30.50381679389313,95.7557251908397,-5.847328244274809,-10.129867224121092,-1.1228805786132812,0.45010991210937495,-4.900763358778626,-1.4961832061068703,2.0,0.0
26.71000051498413,-8.99501563720703,1.0366893188476562,4.649539624023437,40.274809160305345,95.92366412213741,-0.8091603053435115,-10.237606298828124,-1.608903515625,0.40940848388671874,-8.854961832061068,-0.916030534351145,2.885496183206107,0.0
26.720000505447388,-9.471461767578125,1.3455413330078123,4.240131140136718,47.038167938931295,96.35114503816794,1.984732824427481,-10.072406384277343,-1.898601916503906,0.5027823486328125,-10.946564885496183,-0.5648854961832062,3.8931297709923665,0.0
26.730000495910645,-10.405200415039062,2.6982652709960937,4.522646936035156,34.58015267175573,91.54198473282443,0.9465648854961832,-9.897629663085937,-1.6304513305664061,0.39983167724609375,-12.351145038167939,-0.7633587786259542,4.961832061068702,0.0
26.7400004863739,-9.437942944335937,0.10295067138671875,3.9935283691406247,24.35114503816794,87.61832061068702,3.236641221374046,-9.334992272949219,-1.649604943847656,0.07422025146484375,-15.572519083969466,-0.07633587786259542,5.541984732824427,0.0
26.750000476837158,-8.86094034423828,-1.3455413330078123,3.833116857910156,28.396946564885496,87.93893129770993,2.2442748091603053,-9.562441430664062,-2.3056161987304686,-0.22505495605468748,-16.564885496183205,1.7251908396946565,6.1679389312977095,0.0
26.760000705718994,-10.977414611816405,-0.16998831787109375,5.1331683593749995,23.893129770992367,86.47328244274809,-3.2061068702290076,-9.392453112792968,-2.442085693359375,-0.7254431030273437,-14.106870229007633,3.7251908396946565,6.519083969465649,0.0
26.77000069618225,-10.919953771972656,-0.05027823486328125,5.295974072265625,22.427480916030536,80.22900763358778,-1.2061068702290076,-9.550470422363281,-3.076549133300781,-0.9265560424804687,-10.15267175572519,6.091603053435114,7.526717557251908,0.0
26.78000044822693,-11.080365283203124,0.5961562133789062,4.994304663085937,25.72519083969466,78.65648854961832,2.1374045801526718,-9.011775048828124,-3.0933085449218747,-0.8379705810546875,-8.625954198473282,9.282442748091603,8.458015267175572,0.0
26.790000677108765,-12.447454431152343,1.6328455322265625,5.346252307128906,18.229007633587788,72.16793893129771,2.519083969465649,-8.616731774902343,-3.6296097167968746,-0.08140285644531249,-1.2213740458015268,9.587786259541986,9.099236641221374,0.0
26.8000009059906,-13.002909216308593,1.5945383056640625,6.461950280761719,17.81679389312977,64.3206106870229,5.786259541984733,-9.34696328125,-3.105279553222656,-0.5961562133789062,7.6183206106870225,10.488549618320612,9.893129770992367,0.0
26.81000065803528,-12.713210815429687,1.3623007446289062,7.096413720703125,19.46564885496183,55.16030534351145,10.641221374045802,-9.296685046386719,-2.722207287597656,-0.5267243652343749,11.114503816793894,12.305343511450381,9.32824427480916,0.0
26.820000886917114,-13.029245434570312,1.6041151123046875,7.596801867675781,18.564885496183205,48.13740458015267,14.50381679389313,-9.153032946777342,-1.8531120849609375,-0.5626373901367188,11.786259541984732,14.320610687022901,8.412213740458014,0.0
26.83000087738037,-13.66849727783203,2.0087351928710935,7.7596075805664055,9.664122137404581,37.282442748091604,17.34351145038168,-9.662997900390625,-2.1595698974609374,-0.2753331909179687,6.458015267175573,22.519083969465647,10.992366412213741,0.0
26.84000062942505,-13.168109130859374,3.0837317382812497,7.52737001953125,1.3587786259541985,28.549618320610687,20.33587786259542,-10.881646545410156,-2.7054478759765623,-0.814028564453125,10.335877862595419,22.366412213740457,13.389312977099237,0.0
26.850000619888306,-12.773065856933593,3.4069489624023435,6.260837341308593,-7.114503816793893,19.16030534351145,21.984732824427482,-10.802637890625,-2.980781066894531,-0.1292868896484375,14.885496183206106,22.946564885496183,14.641221374045802,0.0
26.860000610351562,-11.133037719726563,2.6408044311523438,4.261678955078125,-21.00763358778626,7.297709923664122,22.18320610687023,-9.643844287109374,-1.20667763671875,-0.51714755859375,21.328244274809162,15.98473282442748,13.114503816793894,0.0
26.8700008392334,-9.488221179199218,1.4413093994140624,3.284844677734375,-22.82442748091603,3.7404580152671754,23.389312977099237,-10.263942517089843,-1.8602946899414061,-0.04548983154296875,17.893129770992367,19.16030534351145,16.0,0.0
26.880000591278076,-7.953537915039062,-0.0383072265625,2.109291662597656,-21.66412213740458,4.442748091603053,23.129770992366414,-9.64623848876953,-0.4477157104492187,-0.22505495605468748,21.129770992366414,12.351145038167939,15.648854961832061,0.0
26.890000581741333,-7.486668591308593,-0.02633621826171875,1.4867992309570313,-16.763358778625953,8.259541984732824,19.893129770992367,-9.890447058105469,-0.48123453369140623,-0.10773907470703124,14.977099236641221,14.244274809160306,16.610687022900763,0.0
26.90000081062317,-7.259219433593749,-0.03591302490234375,1.2689268798828124,-21.221374045801525,11.17557251908397,16.3206106870229,-9.552864624023437,-0.19632453613281248,0.055066638183593745,11.068702290076336,12.412213740458014,17.206106870229007,0.0
26.910000562667847,-7.299920861816406,-0.1580173095703125,1.0414777221679687,-20.99236641221374,14.65648854961832,14.01526717557252,-10.005368737792969,-0.18914193115234373,0.028730419921875,5.4961832061068705,10.992366412213741,17.328244274809162,0.0
26.920000553131104,-7.829039428710937,0.16998831787109375,1.0079588989257813,-19.84732824427481,17.893129770992367,13.358778625954198,-9.81862100830078,0.1197100830078125,0.1149216796875,-1.2061068702290076,10.595419847328245,17.603053435114504,0.0
26.93000078201294,-6.665457421875,-1.4891934326171874,0.3016694091796875,-7.816793893129771,22.9618320610687,15.786259541984732,-9.842563024902343,0.0430956298828125,0.2561795776367187,-7.312977099236641,9.374045801526718,17.740458015267176,0.0
26.940000534057617,-6.622361791992187,-1.7860744384765623,0.6727706665039062,10.885496183206106,32.74809160305343,16.015267175572518,-9.634267480468749,-0.13407529296874998,0.411802685546875,-14.16793893129771,8.595419847328245,18.15267175572519,0.0
26.950000524520874,-8.104372619628906,-0.5961562133789062,1.1085153686523437,19.81679389312977,39.14503816793893,13.465648854961833,-9.885658654785155,-0.679953271484375,0.5913678100585937,-17.541984732824428,8.717557251908397,18.580152671755727,0.0
26.96000027656555,-10.326191760253906,1.3551181396484375,1.6711527587890624,18.977099236641223,42.87022900763359,9.358778625954198,-9.504980590820312,-0.9720458740234375,0.43574470214843747,-20.793893129770993,7.648854961832061,17.81679389312977,0.0
26.970000743865967,-10.220846887207031,1.867477294921875,1.7884686401367187,12.396946564885496,40.412213740458014,7.465648854961832,-9.85692823486328,-1.3072341064453123,0.296881005859375,-20.610687022900763,6.870229007633588,18.18320610687023,0.0
26.980000495910645,-11.008539233398437,2.8203695556640622,2.2577321655273437,4.366412213740458,39.49618320610687,6.595419847328245,-9.8449572265625,-1.3742717529296875,0.33518823242187495,-19.893129770992367,5.435114503816794,18.12213740458015,0.0
26.9900004863739,-10.730811840820312,2.906560815429687,1.8291700683593748,-5.557251908396947,34.10687022900763,9.206106870229007,-9.859322436523437,-0.9935936889648437,0.21787235107421873,-19.404580152671755,4.6106870229007635,17.46564885496183,0.0
27.000000476837158,-11.116278308105468,3.375824340820312,1.7812860351562498,-16.671755725190838,30.18320610687023,11.022900763358779,-8.892064965820312,-0.28969840087890625,0.19393033447265623,-26.18320610687023,5.709923664122138,17.114503816793892,0.0
27.010000467300415,-9.95987890625,3.191470812988281,1.6472107421875,-31.862595419847327,23.770992366412212,12.427480916030534,-10.666168395996094,-1.6831237670898436,0.39264907226562495,-18.229007633587788,6.99236641221374,20.65648854961832,0.0
27.02000069618225,-10.156203442382813,2.9472622436523435,1.467645617675781,-49.19083969465649,16.85496183206107,12.259541984732824,-9.909600671386718,-0.9648632690429687,0.229843359375,-12.80916030534351,4.122137404580153,19.14503816793893,0.0
27.030000686645508,-10.065223779296874,1.2042834350585936,1.139639990234375,-47.55725190839695,16.3206106870229,14.748091603053435,-10.137049829101562,-0.9409212524414062,0.21308394775390624,-10.732824427480915,5.1603053435114505,19.419847328244273,0.0
27.040000915527344,-9.5384994140625,0.8451531860351562,1.0726023437499999,-41.908396946564885,18.0,15.633587786259541,-9.789890588378906,-0.3399766357421875,0.1292868896484375,-9.114503816793894,3.954198473282443,18.442748091603054,0.0
27.05000066757202,-9.469067565917967,1.1348515869140625,1.218648645019531,-40.0763358778626,17.603053435114504,15.007633587786259,-10.067617980957031,-0.35194764404296874,0.17956512451171874,-7.877862595419847,5.374045801526718,18.732824427480917,0.0
27.060000896453857,-9.526528405761718,0.9265560424804687,1.2521674682617188,-40.30534351145038,16.748091603053435,13.49618320610687,-10.187328063964843,-0.7445967163085937,0.181959326171875,-5.984732824427481,5.6183206106870225,18.68702290076336,0.0
27.070000648498535,-9.351751684570312,0.469263525390625,0.9696516723632812,-37.6793893129771,17.14503816793893,12.51908396946565,-9.947907897949218,-0.6967126831054687,0.0526724365234375,-2.6259541984732824,4.2748091603053435,18.732824427480917,0.0
27.08000087738037,-8.973467822265624,0.0143652099609375,0.8571241943359375,-31.954198473282442,18.610687022900763,10.351145038167939,-9.715670336914062,0.00239420166015625,-0.2059013427734375,-1.786259541984733,3.4656488549618323,18.015267175572518,0.0
27.090000867843628,-8.856151940917968,-0.6200982299804687,0.9696516723632812,-24.793893129770993,20.015267175572518,8.061068702290076,-9.888052856445311,0.34715924072265625,-0.3447650390625,-2.7786259541984735,4.778625954198473,18.076335877862597,0.0
27.100000619888306,-9.888052856445311,0.1580173095703125,1.448492004394531,-18.80916030534351,20.137404580152673,5.129770992366412,-10.335768566894531,0.35673604736328124,-0.4740519287109375,-4.580152671755725,5.435114503816794,17.6793893129771,0.0
27.110000610351562,-9.859322436523437,-0.13646949462890623,1.458068811035156,-9.053435114503817,19.328244274809162,3.4656488549618323,-10.383652600097655,0.6607996582031249,-0.6823474731445313,-5.847328244274809,5.648854961832061,17.0381679389313,0.0
27.1200008392334,-9.80665,0.5243301635742187,1.5442600708007812,3.6946564885496183,18.27480916030534,2.5801526717557253,-10.096348400878906,0.8643067993164062,-0.6584054565429687,-8.931297709923664,7.251908396946565,17.358778625954198,0.0
27.130000829696655,-10.560823522949217,1.9393033447265624,1.905784521484375,9.618320610687023,17.0381679389313,2.015267175572519,-10.024522351074218,0.33518823242187495,-0.6775590698242188,-9.86259541984733,8.916030534351146,18.80916030534351,0.0
27.140000820159912,-10.005368737792969,1.5849614990234373,1.6304513305664061,17.267175572519083,14.320610687022901,3.66412213740458,-9.56962403564453,0.488417138671875,-0.7350199096679687,-11.19083969465649,8.13740458015267,20.0,0.0
27.15000057220459,-10.656591589355468,2.887407202148437,1.7788918334960937,21.49618320610687,11.954198473282442,3.83206106870229,-9.591171850585937,-0.033518823242187495,-0.7709329345703124,-11.16030534351145,8.961832061068701,21.633587786259543,0.0
27.160000324249268,-10.105925207519531,2.901772412109375,1.6735469604492186,24.47328244274809,8.977099236641221,7.0534351145038165,-9.483432775878907,-0.17238251953125,-0.8954314208984374,-9.34351145038168,8.366412213740459,20.946564885496183,0.0
27.170000553131104,-10.065223779296874,3.5984850952148437,1.369483349609375,24.83969465648855,7.694656488549619,10.198473282442748,-9.907206469726562,-0.8595183959960937,-0.5195417602539062,-6.793893129770993,9.49618320610687,19.587786259541986,0.0
27.18000054359436,-9.320627062988281,3.660734338378906,1.0678139404296874,22.82442748091603,6.1679389312977095,12.793893129770993,-10.062829577636718,-0.8882488159179687,-0.46208092041015625,-2.595419847328244,9.572519083969466,16.091603053435115,0.0
27.190000772476196,-9.026140258789061,3.3399113159179685,0.7733271362304687,16.290076335877863,5.572519083969466,12.610687022900763,-10.481814868164061,-1.1611878051757811,0.16280571289062498,0.6870229007633588,7.847328244274809,12.320610687022901,0.0
27.200000524520874,-9.172186560058593,3.0430303100585934,0.6847416748046875,9.648854961832061,5.587786259541985,10.916030534351146,-10.97502041015625,-0.46208092041015625,0.373495458984375,2.854961832061069,5.206106870229007,8.702290076335878,0.0
27.21000075340271,-9.275137231445312,2.806004345703125,0.26815058593749996,4.99236641221374,6.290076335877862,10.01526717557252,-11.03248125,0.2920926025390625,0.9026140258789062,2.4580152671755724,1.3740458015267176,6.931297709923665,0.0
27.22000026702881,-9.260772021484375,2.7150246826171873,-0.0047884033203125,1.2061068702290076,7.0534351145038165,9.251908396946565,-10.66856259765625,0.6655880615234374,1.2018892333984375,-0.366412213740458,-3.1908396946564888,6.030534351145038,0.0
27.230000495910645,-9.641450085449218,2.8730419921875,-0.016759411621093748,-3.435114503816794,8.229007633587786,7.480916030534351,-10.62307276611328,-0.06464344482421874,1.7334020019531249,-2.0916030534351147,-8.702290076335878,6.076335877862595,0.0
27.2400004863739,-10.726023437499999,3.162740393066406,-0.05027823486328125,-17.374045801526716,4.595419847328245,5.816793893129771,-10.364498986816406,-1.4939818359375,2.1212626708984375,6.641221374045801,-20.045801526717558,5.145038167938932,0.0
27.250000476837158,-10.443507641601562,2.5234885498046875,0.3184288208007812,-17.16030534351145,8.305343511450381,5.022900763358779,-10.66137999267578,-0.36152445068359373,1.2785036865234374,8.80916030534351,-25.114503816793892,2.213740458015267,0.0
27.260000467300415,-9.062053283691405,0.9528922607421875,-0.02633621826171875,-12.351145038167939,10.83969465648855,4.580152671755725,-10.165780249023436,1.2737152832031249,0.679953271484375,0.916030534351145,-30.53435114503817,-0.6412213740458015,0.0
27.270000457763672,-9.188945971679686,0.4572925170898437,-0.1149216796875,-12.549618320610687,12.030534351145038,1.4045801526717556,-11.204863769531249,1.0941501586914062,0.6512228515624999,-9.572519083969466,-23.893129770992367,1.633587786259542,0.0
27.280001163482666,-9.425971936035156,0.8667010009765624,0.46208092041015625,-7.6183206106870225,17.022900763358777,-2.595419847328244,-8.99501563720703,0.5434837768554687,0.7565677246093749,-16.870229007633586,-29.17557251908397,-0.4580152671755725,0.0
27.290000677108765,-9.624690673828125,0.833182177734375,0.5410895751953124,-9.740458015267176,15.48091603053435,-5.374045801526718,-10.534487304687499,-0.7589619262695312,0.6368576416015624,-12.305343511450381,-29.633587786259543,-1.083969465648855,0.0
27.3000009059906,-9.641450085449218,0.30406361083984373,0.47165772705078124,-4.320610687022901,15.374045801526718,-6.99236641221374,-10.611101757812499,-2.300827795410156,1.8052280517578123,-2.8091603053435112,-34.732824427480914,-3.49618320610687,0.0
27.31000065803528,-9.502586389160156,0.8044517578125,0.6584054565429687,3.2519083969465647,17.358778625954198,-8.67175572519084,-9.90241806640625,-0.5051765502929687,0.7637503295898437,4.656488549618321,-40.717557251908396,-8.992366412213741,0.0
27.320000886917114,-9.521740002441407,2.1691467041015624,0.9696516723632812,1.633587786259542,15.526717557251908,-9.84732824427481,-8.609549169921875,1.956062756347656,0.14604630126953125,-5.083969465648855,-38.458015267175576,-11.618320610687023,0.0
27.330000638961792,-9.026140258789061,1.5658078857421873,0.8451531860351562,1.9083969465648856,14.427480916030534,-6.748091603053435,-8.63109698486328,0.076614453125,1.189918225097656,-17.221374045801525,-32.6412213740458,-8.83969465648855,0.0
27.340000867843628,-9.418789331054686,2.6815058593749996,1.1348515869140625,1.1908396946564885,14.045801526717558,-6.519083969465649,-9.923965881347655,-1.0534487304687499,0.6344634399414062,-15.068702290076336,-32.62595419847328,-8.564885496183207,0.0
27.350000619888306,-10.156203442382813,2.408566870117187,1.2425906616210938,-1.6030534351145038,10.946564885496183,-6.33587786259542,-10.000580334472655,-1.438915197753906,1.5011644409179687,-4.885496183206107,-35.55725190839695,-11.618320610687023,0.0
27.360000610351562,-9.481038574218749,1.675941162109375,1.407790576171875,4.549618320610687,9.908396946564885,-4.778625954198473,-9.617508068847656,-1.419761584472656,1.1611878051757811,-1.9389312977099236,-36.79389312977099,-14.290076335877863,0.0
27.37000036239624,-9.581595043945311,2.250549560546875,1.85790048828125,6.732824427480916,8.885496183206106,-4.5038167938931295,-8.267178332519531,1.189918225097656,0.5434837768554687,-6.458015267175573,-38.13740458015267,-17.0381679389313,0.0
27.380000591278076,-9.952696301269532,3.105279553222656,2.319981408691406,6.809160305343512,7.312977099236641,-4.2748091603053435,-8.980650427246093,0.9169792358398436,-0.009576806640625,-19.801526717557252,-31.862595419847327,-15.114503816793894,0.0
27.390000581741333,-10.505756884765624,3.507505432128906,2.6958710693359373,1.8625954198473282,3.3740458015267176,-3.053435114503817,-9.85692823486328,-1.1037269653320312,1.149216796875,-22.717557251908396,-24.916030534351144,-12.534351145038167,0.0
27.40000033378601,-10.407594616699217,2.7365724975585937,2.31758720703125,3.099236641221374,-0.7175572519083969,1.3893129770992367,-10.500968481445312,-2.9568390502929685,1.908178723144531,-10.106870229007633,-25.6793893129771,-12.717557251908397,0.0
27.410000562667847,-10.038887561035155,1.9895815795898437,1.7094599853515624,8.16793893129771,-3.6793893129770994,4.122137404580153,-10.340556970214843,-4.00310517578125,1.9512743530273435,11.145038167938932,-34.19847328244275,-14.625954198473282,0.0
27.420000553131104,-10.27830772705078,2.5163059448242184,1.6304513305664061,4.6106870229007635,-6.854961832061068,3.969465648854962,-9.629479077148437,-3.086125939941406,1.4173673828125,33.69465648854962,-48.534351145038165,-19.450381679389313,0.0
27.43000078201294,-10.268730920410155,0.9504980590820312,2.2002713256835937,10.992366412213741,-2.4580152671755724,2.549618320610687,-7.649474304199218,0.7757213378906249,0.5985504150390625,31.801526717557252,-51.52671755725191,-25.16030534351145,0.0
27.440000534057617,-8.657433203124999,1.9632453613281249,2.3056161987304686,14.564885496183207,-5.175572519083969,-0.9007633587786259,-8.839392529296875,0.17477672119140625,0.7781155395507812,18.50381679389313,-41.38931297709924,-23.84732824427481,0.0
27.450000762939453,-10.510545288085936,2.925714428710937,2.8467057739257813,-5.435114503816794,-12.625954198473282,-4.5038167938931295,-10.54645831298828,-0.6607996582031249,1.3431471313476562,25.6793893129771,-41.11450381679389,-20.977099236641223,0.0
27.46000051498413,-9.660603698730467,1.649604943847656,3.0621839233398433,-1.3740458015267176,-18.671755725190838,-2.16793893129771,-8.252813122558594,1.0295067138671874,0.6464344482421874,28.045801526717558,-49.49618320610687,-24.244274809160306,0.0
27.470000743865967,-8.851363537597656,3.0334535034179684,3.7229835815429686,-14.961832061068701,-29.66412213740458,-0.9007633587786259,-7.905653881835937,1.9704279663085937,0.41419688720703124,11.083969465648854,-39.038167938931295,-25.450381679389313,0.0
27.480000495910645,-9.751583361816406,1.455674609375,3.727771984863281,-11.86259541984733,-34.47328244274809,2.687022900763359,-8.267178332519531,0.4644751220703125,1.7741034301757812,-0.2748091603053435,-36.19847328244275,-21.404580152671755,0.0
27.4900004863739,-9.512163195800781,0.9576806640625,3.7517140014648436,-3.648854961832061,-37.52671755725191,0.7175572519083969,-9.203311181640624,0.967257470703125,0.316034619140625,-7.648854961832061,-29.358778625954198,-19.862595419847327,0.0
27.500000476837158,-9.050082275390624,0.2753331909179687,4.096479040527344,2.0916030534351147,-41.541984732824424,-2.045801526717557,-9.821015209960937,-0.9121908325195311,1.5035586425781249,-1.1450381679389312,-28.16793893129771,-18.50381679389313,0.0
27.510000705718994,-9.057264880371093,0.411802685546875,4.240131140136718,11.068702290076336,-45.63358778625954,-5.190839694656488,-9.993397729492187,-1.5801730957031248,1.5131354492187499,10.50381679389313,-33.87786259541985,-20.427480916030536,0.0
27.520000457763672,-8.312668164062499,0.7278373046875,4.520252734375,16.519083969465647,-50.42748091603053,-6.870229007633588,-8.75320126953125,0.1292868896484375,0.8571241943359375,11.312977099236642,-35.25190839694657,-25.251908396946565,0.0
27.530018091201782,-9.035717065429687,1.7764976318359373,5.291185668945312,15.648854961832061,-55.70992366412214,-9.526717557251908,-7.75721337890625,0.45010991210937495,0.8451531860351562,-0.5801526717557252,-27.114503816793892,-26.076335877862597,0.0
27.540000915527344,-8.674192614746094,3.399766357421875,6.816292126464844,8.793893129770993,-62.25954198473283,-11.49618320610687,-9.555258825683593,-0.737414111328125,1.20667763671875,-3.2977099236641223,-18.671755725190838,-21.740458015267176,0.0
27.55000066757202,-8.59278975830078,2.731784094238281,5.698199951171874,8.595419847328245,-71.70992366412214,-10.381679389312977,-9.248801013183593,-1.218648645019531,0.2537853759765625,7.66412213740458,-23.786259541984734,-20.12213740458015,0.0
27.560001134872437,-8.173804467773436,1.608903515625,4.067748620605468,12.625954198473282,-76.56488549618321,-10.091603053435115,-8.968679418945312,-2.2673089721679687,1.189918225097656,23.00763358778626,-26.671755725190838,-19.923664122137403,0.0
27.570000648498535,-7.687781530761718,1.4006079711914061,2.327164013671875,18.091603053435115,-78.53435114503817,-10.458015267175572,-8.52335791015625,-1.4867992309570313,1.1755530151367186,33.221374045801525,-29.19083969465649,-23.435114503816795,0.0
27.58000087738037,-6.964732629394531,2.2002713256835937,0.63206923828125,13.679389312977099,-79.8473282442748,-11.86259541984733,-7.187393383789062,0.009576806640625,0.9744400756835937,30.9618320610687,-30.595419847328245,-27.34351145038168,0.0
27.59000062942505,-5.827486840820312,1.4820108276367188,-0.82360537109375,9.603053435114504,-73.37404580152672,-11.541984732824428,-8.09479581298828,0.814028564453125,1.0989385620117187,18.885496183206108,-18.99236641221374,-25.52671755725191,0.0
27.600000619888306,-6.797138513183594,2.655169641113281,-0.6488286499023437,3.068702290076336,-63.66412213740458,-13.908396946564885,-6.981492041015625,2.205059729003906,0.9026140258789062,7.435114503816794,-14.83969465648855,-23.435114503816795,0.0
27.61000084877014,-6.8569935546875,2.427720483398437,0.1867477294921875,2.6259541984732824,-58.35114503816794,-13.526717557251908,-7.943961108398437,0.6584054565429687,1.2114660400390624,2.183206106870229,-10.091603053435115,-17.49618320610687,0.0
27.6200008392334,-7.824251025390624,0.8762778076171874,1.4317325927734375,13.969465648854962,-47.38931297709924,-8.931297709923664,-7.773972790527344,0.3591302490234375,1.2425906616210938,2.9618320610687023,-7.862595419847328,-14.900763358778626,0.0
27.630000591278076,-8.884882360839843,1.5203180541992187,2.327164013671875,24.564885496183205,-37.37404580152672,-6.732824427480916,-8.02536396484375,-0.3327940307617187,1.37906015625,4.0,-6.229007633587786,-13.526717557251908,0.0
27.640000581741333,-9.746794958496093,2.7916391357421872,1.8818425048828125,23.419847328244273,-35.25190839694657,-6.183206106870229,-7.7979148071289055,-0.316034619140625,1.678335363769531,5.816793893129771,-5.221374045801527,-12.351145038167939,0.0
27.65000081062317,-8.949525805664061,1.9536685546875,2.3367408203125,13.908396946564885,-32.3206106870229,-6.702290076335878,-8.537723120117187,-0.584185205078125,1.7645266235351562,7.099236641221374,-3.648854961832061,-11.679389312977099,0.0
27.660000801086426,-8.219294299316406,0.08379705810546874,2.308010400390625,12.061068702290076,-28.290076335877863,-8.274809160305344,-8.90643017578125,-0.6344634399414062,1.867477294921875,8.122137404580153,-2.6106870229007635,-10.67175572519084,0.0
27.670000314712524,-8.109161022949218,-0.1771709228515625,2.1787235107421874,11.450381679389313,-27.66412213740458,-12.16793893129771,-9.248801013183593,-0.7158662963867187,1.9297265380859374,7.770992366412214,-1.1450381679389312,-10.0,0.0
27.68000054359436,-9.586383447265625,2.051830822753906,2.7365724975585937,14.580152671755725,-22.778625954198475,-15.755725190839694,-9.330203869628905,-0.3711012573242187,1.9608511596679685,6.977099236641221,0.030534351145038167,-9.694656488549619,0.0
27.690000295639038,-9.02135185546875,1.7717092285156248,2.27927998046875,18.977099236641223,-20.427480916030536,-16.931297709923665,-11.834538806152343,-1.9800047729492187,2.384624853515625,9.694656488549619,3.49618320610687,-8.381679389312977,0.0
27.700000524520874,-9.351751684570312,3.907337109375,2.8754361938476563,16.091603053435115,-17.46564885496183,-20.015267175572518,-11.267113012695312,-1.1755530151367186,3.066972326660156,9.374045801526718,4.900763358778626,-11.083969465648854,0.0
27.71000075340271,-8.875305554199219,2.9089550170898435,2.9281086303710935,6.793893129770993,-22.045801526717558,-18.65648854961832,-10.91037696533203,-0.9361328491210937,2.3343466186523436,8.80916030534351,2.4885496183206106,-10.580152671755725,0.0
27.720000505447388,-9.550470422363281,3.6942531616210936,4.125209460449218,7.3893129770992365,-16.396946564885496,-19.17557251908397,-11.252747802734374,-1.1013327636718748,1.9105729248046874,5.4961832061068705,5.175572519083969,-8.82442748091603,0.0
27.730000495910645,-9.868899243164062,4.44363828125,4.429273071289062,0.9618320610687023,-17.633587786259543,-19.770992366412212,-10.66856259765625,1.9776105712890624,1.5011644409179687,0.9618320610687023,6.5038167938931295,-12.213740458015268,0.0
27.74000072479248,-9.782707983398437,4.508281726074219,4.513070129394531,-7.038167938931298,-21.938931297709924,-17.00763358778626,-11.281478222656249,1.6998831787109374,2.7820623291015623,-20.18320610687023,21.00763358778626,-10.427480916030534,0.0
27.750000476837158,-9.255983618164063,3.6559459350585937,4.771643908691406,-15.297709923664122,-24.30534351145038,-14.595419847328245,-12.275071911621094,0.009576806640625,2.5163059448242184,-25.251908396946565,20.091603053435115,-6.305343511450381,0.0
27.760000944137573,-9.777919580078125,2.798821740722656,5.501875415039062,-18.366412213740457,-28.48854961832061,-14.595419847328245,-11.961431494140625,-0.7996633544921875,3.114856359863281,-24.290076335877863,19.00763358778626,-5.816793893129771,0.0
27.77000069618225,-9.945513696289062,1.4173673828125,6.945579016113281,-12.610687022900763,-34.10687022900763,-12.183206106870228,-10.43153663330078,-0.0909796630859375,2.9281086303710935,-23.83206106870229,18.53435114503817,-7.312977099236641,0.0
27.780000686645508,-11.056423266601563,1.659181750488281,8.947131604003905,-2.6259541984732824,-41.083969465648856,-8.458015267175572,-10.405200415039062,-0.8810662109374999,3.306392492675781,-28.595419847328245,24.717557251908396,-2.687022900763359,0.0
27.790000438690186,-11.947066284179687,1.5155296508789062,9.880870251464843,4.030534351145038,-50.25954198473283,-4.900763358778626,-11.930306872558592,-1.5921441040039062,2.6575638427734374,-12.778625954198473,17.16030534351145,1.633587786259542,0.0
27.8000009059906,-12.342109558105468,-0.06703764648437499,9.897629663085937,12.229007633587786,-62.33587786259542,-4.3816793893129775,-11.549628808593749,-1.1635820068359375,1.7094599853515624,-1.618320610687023,16.85496183206107,-4.564885496183206,0.0
27.81000065803528,-10.855310327148437,-3.227383837890625,9.141061938476563,34.396946564885496,-71.78625954198473,-4.33587786259542,-11.317391247558593,-2.250549560546875,0.5506663818359374,-1.1603053435114503,25.328244274809162,-6.641221374045801,0.0
27.820000886917114,-11.262324609375,-2.806004345703125,8.078036401367187,48.412213740458014,-78.06106870229007,-10.80916030534351,-12.866439721679686,-4.010287780761718,-0.2537853759765625,14.045801526717558,22.610687022900763,-2.3053435114503817,0.0
27.830000638961792,-12.299013928222655,-0.27293898925781246,6.87614716796875,38.229007633587784,-93.80152671755725,-21.908396946564885,-9.665392102050781,-0.2346317626953125,-1.8770541015625,23.297709923664122,16.717557251908396,-6.0458015267175576,0.0
27.840000867843628,-13.565546606445311,0.28012159423828126,5.9400143188476555,25.389312977099237,-107.52671755725191,-27.114503816793892,-9.397241516113281,0.24181436767578124,-2.1691467041015624,8.67175572519084,29.633587786259543,-5.221374045801527,0.0
27.850000619888306,-11.781866369628906,-0.7733271362304687,3.9240965209960934,27.81679389312977,-112.13740458015268,-25.770992366412212,-10.378864196777343,-1.2761094848632812,-1.695094775390625,2.564885496183206,30.702290076335878,-1.6488549618320612,0.0
27.860000371932983,-12.014103930664062,-1.139639990234375,2.288856787109375,34.97709923664122,-111.81679389312977,-27.557251908396946,-8.350975390624999,-0.40940848388671874,-1.5945383056640625,-1.2366412213740459,29.129770992366414,-4.99236641221374,0.0
27.87000060081482,-11.051634863281249,-0.8044517578125,0.7781155395507812,40.87022900763359,-107.89312977099236,-26.82442748091603,-8.827421520996094,-1.0103531005859374,-0.7158662963867187,-16.38167938931298,39.64885496183206,-5.145038167938932,0.0
27.880000829696655,-10.848127722167968,0.1197100830078125,-0.17956512451171874,45.80152671755725,-98.54961832061069,-24.27480916030534,-10.805032092285156,-4.266467358398438,0.5674257934570313,-13.893129770992367,37.69465648854962,-0.3511450381679389,0.0
27.890000581741333,-12.227187878417968,1.8076222534179687,-0.03591302490234375,31.6793893129771,-93.58778625954199,-24.9618320610687,-9.97184991455078,-3.928884924316406,-0.062249243164062495,3.5267175572519083,29.14503816793893,-3.0229007633587788,0.0
27.90000057220459,-9.847351428222655,0.9026140258789062,-1.2138602416992186,41.06870229007634,-80.47328244274809,-15.450381679389313,-10.46984385986328,-4.8506525634765625,-0.06464344482421874,17.083969465648856,26.16793893129771,-3.2519083969465647,0.0
27.910000324249268,-8.461108666992187,0.5315127685546874,-2.0446482177734375,37.83206106870229,-65.3587786259542,-11.404580152671755,-9.945513696289062,-3.308786694335937,-0.35194764404296874,22.625954198473284,24.18320610687023,-2.5343511450381677,0.0
27.920000791549683,-9.062053283691405,1.838746875,-1.209071838378906,24.900763358778626,-50.656488549618324,-10.80916030534351,-10.299855541992187,-3.4763808105468748,-0.0143652099609375,22.061068702290076,26.03053435114504,0.5343511450381679,0.0
27.93000102043152,-8.456320263671875,0.8451531860351562,-0.46686932373046874,18.03053435114504,-38.916030534351144,-5.450381679389313,-10.340556970214843,-3.239354846191406,-0.1149216796875,28.53435114503817,20.53435114503817,1.7251908396946565,0.0
27.940000772476196,-8.640673791503906,1.3215993164062498,-0.13168109130859373,20.732824427480917,-24.259541984732824,1.3282442748091603,-9.789890588378906,-3.189076611328125,0.19393033447265623,27.46564885496183,20.870229007633586,1.3740458015267176,0.0
27.950000762939453,-9.0021982421875,1.2737152832031249,0.06703764648437499,17.328244274809162,-11.694656488549619,5.816793893129771,-9.567229833984374,-2.6240450195312497,0.0909796630859375,24.885496183206108,19.52671755725191,1.5267175572519085,0.0
27.96000051498413,-7.524975817871093,1.3407529296874998,-0.47165772705078124,11.221374045801527,-2.4580152671755724,8.992366412213741,-9.246406811523437,-2.3343466186523436,-0.07900865478515624,19.206106870229007,20.061068702290076,0.9007633587786259,0.0
27.970000982284546,-8.295908752441406,3.318363500976562,0.12210428466796874,-8.51908396946565,6.076335877862595,7.679389312977099,-9.277531433105468,-2.3056161987304686,-0.07900865478515624,14.83969465648855,21.099236641221374,0.4732824427480916,0.0
27.980000495910645,-7.1203557373046875,2.8898014038085935,-0.40222587890625,-26.35114503816794,10.702290076335878,9.511450381679388,-9.3086560546875,-2.482787121582031,0.17477672119140625,10.931297709923664,21.17557251908397,-0.1984732824427481,0.0
27.99000072479248,-7.062894897460937,2.750937707519531,-0.42377369384765623,-42.458015267175576,19.099236641221374,10.564885496183207,-9.528922607421874,-2.0302830078125,0.5267243652343749,9.877862595419847,21.16030534351145,-0.030534351145038167,0.0
28.00000023841858,-5.6311623046875,1.4341267944335936,-1.0510545288085937,-54.6412213740458,28.091603053435115,11.648854961832061,-9.485826977539062,-1.4891934326171874,0.8116343627929687,8.290076335877863,20.85496183206107,0.5954198473282443,0.0
28.010000944137573,-7.149086157226562,3.404554760742187,0.2561795776367187,-83.12977099236642,34.732824427480914,7.358778625954199,-9.679757312011718,-1.197100830078125,0.9097966308593749,7.7251908396946565,19.49618320610687,1.2366412213740459,0.0
28.02000069618225,-6.021417175292968,1.3335703247070312,-0.2346317626953125,-99.48091603053435,36.76335877862596,11.541984732824428,-9.890447058105469,-0.699106884765625,0.9121908325195311,4.213740458015267,18.442748091603054,2.595419847328244,0.0
28.03000044822693,-4.944026428222656,-1.448492004394531,0.15083470458984374,-86.53435114503817,53.69465648854962,16.198473282442748,-10.067617980957031,-0.5722141967773438,0.9313444458007812,2.183206106870229,17.572519083969464,3.5267175572519083,0.0
28.040000438690186,-4.165910888671875,-2.5330653564453125,0.21068974609375,-75.16030534351145,64.07633587786259,13.969465648854962,-10.101136804199218,-0.5099649536132812,0.8451531860351562,0.48854961832061067,16.564885496183205,5.190839694656488,0.0
28.050000429153442,-3.842693664550781,-4.484339709472656,0.8643067993164062,-64.1526717557252,76.80916030534351,10.580152671755725,-10.012551342773437,-0.9026140258789062,0.7278373046875,-0.10687022900763359,15.068702290076336,7.206106870229007,0.0
28.060001134872437,-4.836287353515624,-4.867411975097656,2.231395947265625,-49.89312977099237,89.80152671755725,4.0458015267175576,-9.643844287109374,-1.1755530151367186,0.5722141967773438,-0.366412213740458,14.0,8.15267175572519,0.0
28.070000648498535,-5.892130285644531,-4.7931917236328125,3.6104561035156246,-34.97709923664122,98.91603053435115,-0.6259541984732825,-9.72285294189453,-1.6041151123046875,0.3711012573242187,1.1908396946564885,12.854961832061068,8.549618320610687,0.0
28.08000087738037,-6.5577183471679685,-3.912125512695312,4.742913488769531,-20.549618320610687,104.41221374045801,-6.366412213740458,-9.528922607421874,-1.8818425048828125,0.39983167724609375,1.5877862595419847,12.244274809160306,8.0,0.0
28.09000062942505,-7.237671618652343,-2.7150246826171873,5.533000036621093,-7.66412213740458,105.17557251908397,-12.229007633587786,-9.79946739501953,-2.0278888061523435,0.28969840087890625,2.50381679389313,11.221374045801527,7.343511450381679,0.0
28.100000619888306,-7.81467421875,-1.5179238525390624,5.8610056640625,8.030534351145038,106.41221374045801,-14.870229007633588,-9.457096557617186,-1.3862427612304686,0.28490999755859375,-0.183206106870229,11.526717557251908,6.442748091603053,0.0
28.110000371932983,-8.48505068359375,-0.22266075439453123,6.313509777832031,25.17557251908397,106.80916030534351,-12.442748091603054,-9.947907897949218,-2.085349645996094,0.8499415893554687,-4.870229007633588,12.793893129770993,7.709923664122138,0.0
28.12000060081482,-8.67658681640625,0.59376201171875,6.548141540527343,38.44274809160305,105.70992366412214,-7.465648854961832,-9.09796630859375,-0.9911994873046874,-0.4213794921875,-6.99236641221374,9.007633587786259,6.763358778625954,0.0
28.130000591278076,-9.651026892089844,0.6440402465820312,6.787561706542968,50.79389312977099,102.90076335877863,-2.6412213740458017,-10.390835205078124,-2.1356278808593747,0.2537853759765625,-3.66412213740458,11.740458015267176,7.984732824427481,0.0
28.140000581741333,-10.675745202636719,1.5035586425781249,7.6470801025390625,54.961832061068705,98.53435114503817,-0.8549618320610687,-9.785102185058593,-2.0087351928710935,-0.03591302490234375,-2.3053435114503817,10.412213740458014,7.908396946564886,0.0
28.15000057220459,-11.722011328125,1.180341418457031,7.137115148925781,40.51908396946565,83.90839694656489,-0.8549618320610687,-8.195352282714843,-0.3232172241210937,-0.488417138671875,-9.740458015267176,10.961832061068701,6.656488549618321,0.0
28.160000562667847,-10.283096130371094,0.4213794921875,6.943184814453125,48.2442748091603,76.44274809160305,1.4809160305343512,-9.452308154296874,-0.8451531860351562,-0.8786720092773437,-22.48854961832061,19.00763358778626,10.244274809160306,0.0
28.170000314712524,-11.295843432617186,2.47081611328125,7.532158422851562,38.51908396946565,65.38931297709924,-1.5419847328244274,-9.442731347656249,-0.8930372192382812,-0.3280056274414062,-22.366412213740457,22.27480916030534,11.297709923664122,0.0
28.18000054359436,-12.172121240234373,3.768473413085937,6.059724401855468,26.259541984732824,50.87022900763359,2.9618320610687023,-10.180145458984374,-4.043806604003906,-0.086191259765625,-21.34351145038168,28.793893129770993,15.526717557251908,0.0
28.190000772476196,-10.733206042480468,3.0238766967773434,3.967192150878906,28.03053435114504,43.7557251908397,12.687022900763358,-9.222464794921875,-3.5122938354492184,-1.0630255371093749,-2.183206106870229,20.091603053435115,11.664122137404581,0.0
28.200000524520874,-11.142614526367186,3.4524387939453125,3.4524387939453125,28.30534351145038,40.50381679389313,17.786259541984734,-9.160215551757812,-5.530605834960937,0.584185205078125,11.114503816793894,20.53435114503817,11.206106870229007,0.0
28.21000075340271,-9.457096557617186,2.530671154785156,3.5482068603515624,16.82442748091603,33.099236641221374,20.65648854961832,-8.458714465332031,-2.693476867675781,-0.16519991455078123,24.48854961832061,18.442748091603054,9.938931297709924,0.0
28.220000505447388,-10.39322940673828,1.695094775390625,5.2624552490234375,-1.6030534351145038,24.412213740458014,21.419847328244273,-9.200916979980468,-1.9105729248046874,-0.1484405029296875,29.053435114503817,19.923664122137403,10.442748091603054,0.0
28.230000495910645,-13.273454003906249,2.300827795410156,7.56567724609375,-12.091603053435115,20.27480916030534,22.045801526717558,-9.617508068847656,-1.1635820068359375,-0.00718260498046875,29.374045801526716,20.35114503816794,12.549618320610687,0.0
28.240000247955322,-14.468160632324217,2.001552587890625,6.801926916503906,-19.480916030534353,9.17557251908397,27.328244274809162,-10.144232434082031,-0.7398083129882812,-0.15562310791015624,26.625954198473284,19.435114503816795,14.198473282442748,0.0
28.25000023841858,-14.571111303710937,1.6232687255859375,5.5832782714843745,-13.526717557251908,8.198473282442748,34.091603053435115,-10.457872851562499,0.00239420166015625,-0.15562310791015624,9.969465648854962,24.717557251908396,15.49618320610687,0.0
28.260000705718994,-13.943830468749999,1.4125789794921875,4.376600634765625,-22.549618320610687,3.480916030534351,32.61068702290076,-9.516951599121093,1.1755530151367186,-0.7134720947265625,-8.961832061068701,26.610687022900763,15.389312977099237,0.0
28.27000069618225,-12.931083166503905,0.9313444458007812,3.277662072753906,-31.404580152671755,-0.7022900763358778,26.671755725190838,-9.773131176757811,-0.2442085693359375,-0.14125789794921875,-27.72519083969466,32.80916030534351,19.709923664122137,0.0
28.280000686645508,-11.190498559570312,-0.3495534423828125,1.9225439331054686,-40.213740458015266,-5.633587786259542,17.66412213740458,-10.524910498046875,-2.123656872558594,-0.011971008300781249,-22.671755725190838,28.38167938931298,21.61832061068702,0.0
28.290000677108765,-9.0021982421875,-2.090138049316406,0.8738836059570312,-34.74809160305343,-5.343511450381679,11.114503816793894,-12.950236779785156,-4.587290380859375,0.2561795776367187,-13.98473282442748,30.12213740458015,23.51145038167939,0.0
28.300000429153442,-7.472303381347656,-2.8419173706054686,0.6081272216796875,-25.14503816793893,-1.618320610687023,6.564885496183206,-10.345345373535155,-2.6599580444335937,0.17477672119140625,3.5572519083969465,14.580152671755725,18.671755725190838,0.0
28.31000065803528,-6.5026517089843745,-2.6048914062499997,0.737414111328125,-10.549618320610687,4.259541984732825,3.3435114503816794,-9.574412438964844,-0.9624690673828125,-0.296881005859375,2.900763358778626,9.358778625954198,17.31297709923664,0.0
28.320000886917114,-6.947973217773437,-1.139639990234375,1.1228805786132812,-2.687022900763359,10.381679389312977,2.0610687022900764,-9.279925634765624,0.3711012573242187,-0.40222587890625,-1.8625954198473282,7.0534351145038165,17.633587786259543,0.0
28.330000638961792,-6.866570361328125,-0.2657563842773437,1.1707646118164061,1.633587786259542,15.587786259541986,3.1755725190839694,-9.655815295410155,0.6464344482421874,-0.2825157958984375,-9.358778625954198,6.961832061068702,17.954198473282442,0.0
28.34000062942505,-6.636727001953124,-0.8020575561523438,0.5482721801757812,8.595419847328245,20.641221374045802,6.0458015267175576,-9.356540087890625,0.7733271362304687,-0.13407529296874998,-17.81679389312977,6.702290076335878,17.31297709923664,0.0
28.350000381469727,-6.358999609374999,-0.11731588134765625,0.5195417602539062,16.763358778625953,27.51145038167939,6.305343511450381,-9.457096557617186,0.277727392578125,-0.22744915771484372,-24.99236641221374,5.770992366412214,16.885496183206108,0.0
28.36000084877014,-8.494627490234375,0.97683427734375,0.4165910888671875,14.793893129770993,31.66412213740458,3.786259541984733,-9.18655177001953,-0.26815058593749996,-0.38786066894531246,-30.35114503816794,5.236641221374046,16.229007633587788,0.0
28.37000060081482,-7.934384301757812,0.09816226806640624,-0.24899697265624998,16.35114503816794,35.221374045801525,3.7404580152671754,-9.380482104492186,-0.8068459594726562,-0.4477157104492187,-32.38167938931298,5.374045801526718,15.282442748091603,0.0
28.380000591278076,-9.0021982421875,0.9600748657226562,-0.17477672119140625,23.66412213740458,45.31297709923664,1.786259541984733,-8.755595471191405,-0.24181436767578124,-0.82360537109375,-34.79389312977099,3.267175572519084,13.206106870229007,0.0
28.390000581741333,-9.380482104492186,2.0350714111328125,0.16998831787109375,19.61832061068702,48.717557251908396,0.33587786259541985,-10.115502014160155,-1.3096283081054687,-0.7134720947265625,-34.18320610687023,7.022900763358779,15.022900763358779,0.0
28.40000057220459,-10.8409451171875,3.143586779785156,0.5722141967773438,13.770992366412214,51.86259541984733,1.816793893129771,-9.823409411621093,-0.9097966308593749,-0.316034619140625,-35.45038167938932,8.473282442748092,15.19083969465649,0.0
28.410000324249268,-10.958260998535156,4.0222587890625,0.928950244140625,6.67175572519084,50.38167938931298,4.473282442748092,-10.876858142089842,-1.1133037719726562,-0.6823474731445313,-32.595419847328245,7.587786259541985,16.671755725190838,0.0
28.420000791549683,-11.458649145507811,5.6311623046875,1.3407529296874998,-10.076335877862595,47.725190839694655,6.213740458015267,-9.507374792480467,-0.031124621582031248,-1.180341418457031,-33.7557251908397,6.198473282442748,15.648854961832061,0.0
28.43000078201294,-10.690110412597656,5.391742138671875,1.1228805786132812,-33.267175572519086,40.47328244274809,7.7251908396946565,-8.832209924316405,-0.6464344482421874,-0.4261678955078125,-30.396946564885496,4.977099236641221,16.442748091603054,0.0
28.440000772476196,-11.441889733886718,4.503493322753906,1.0965443603515623,-56.87022900763359,33.63358778625954,7.740458015267175,-10.081983190917969,-1.4245499877929686,-0.09337386474609374,-18.16793893129771,3.954198473282443,18.198473282442748,0.0
28.450001001358032,-10.01015714111328,3.785232824707031,1.005564697265625,-70.76335877862596,28.625954198473284,8.580152671755725,-9.801861596679688,-0.5386953735351562,-0.29927520751953124,-14.580152671755725,1.251908396946565,17.099236641221374,0.0
28.46000051498413,-8.67658681640625,1.3934253662109375,0.5051765502929687,-73.06870229007633,24.80916030534351,13.19083969465649,-9.701305126953125,-0.296881005859375,-0.1388636962890625,-14.595419847328245,1.3435114503816794,16.427480916030536,0.0
28.470000743865967,-8.89924757080078,0.18914193115234373,0.7924807495117187,-70.29007633587786,23.083969465648856,14.305343511450381,-9.981426721191406,0.12449848632812499,-0.17477672119140625,-13.038167938931299,0.6259541984732825,15.770992366412214,0.0
28.480000495910645,-9.775525378417969,0.7302315063476562,1.5370774658203123,-67.25190839694656,22.137404580152673,12.320610687022901,-9.78031378173828,0.3495534423828125,-0.19153613281249998,-14.259541984732824,0.1984732824427481,15.099236641221374,0.0
28.4900004863739,-9.342174877929686,-0.9624690673828125,1.4053963745117186,-61.89312977099237,18.412213740458014,12.732824427480915,-10.05564697265625,0.38307226562499996,-0.2561795776367187,-13.908396946564885,0.3969465648854962,14.65648854961832,0.0
28.50000023841858,-9.18655177001953,-1.8722656982421875,1.5897499023437498,-44.412213740458014,18.35114503816794,12.549618320610687,-10.029310754394531,0.28490999755859375,-0.181959326171875,-15.251908396946565,-0.3053435114503817,14.091603053435115,0.0
28.510000944137573,-9.313444458007812,-1.7621324218749999,1.5442600708007812,-27.374045801526716,18.99236641221374,11.251908396946565,-10.177751257324218,0.3016694091796875,-0.12449848632812499,-15.297709923664122,0.3053435114503817,13.038167938931299,0.0
28.520000457763672,-8.415618835449218,-3.6152445068359373,0.7326257080078125,-4.305343511450381,19.282442748091604,10.82442748091603,-9.900023864746093,0.3854664672851562,-0.3399766357421875,-16.18320610687023,-0.16793893129770993,12.50381679389313,0.0
28.530000925064087,-8.657433203124999,-1.180341418457031,1.4030021728515625,23.083969465648856,26.564885496183205,5.893129770992366,-10.424354028320312,-0.29927520751953124,-0.2346317626953125,-14.473282442748092,1.282442748091603,13.16030534351145,0.0
28.540000915527344,-11.164162341308593,1.3862427612304686,1.5203180541992187,27.6793893129771,24.68702290076336,1.7709923664122138,-10.448296044921875,-0.9888052856445312,0.1197100830078125,-7.786259541984733,-0.48854961832061067,12.702290076335878,0.0
28.550000429153442,-9.03332286376953,2.0638018310546875,0.8403647827148437,27.49618320610687,19.69465648854962,2.33587786259542,-9.854534033203125,-0.00718260498046875,-0.36152445068359373,-2.4885496183206106,-5.9541984732824424,10.15267175572519,0.0
28.56000065803528,-10.053252770996092,3.73495458984375,1.0797849487304687,25.49618320610687,20.65648854961832,2.1068702290076335,-10.453084448242187,-0.4525041137695312,-0.26815058593749996,-6.244274809160306,-2.3053435114503817,8.213740458015268,0.0
28.570000648498535,-10.500968481445312,4.441244079589843,1.24498486328125,18.900763358778626,19.81679389312977,1.5267175572519085,-10.826579907226561,-0.9935936889648437,0.5913678100585937,-1.0229007633587786,-2.8091603053435112,7.267175572519084,0.0
28.58000111579895,-9.89523546142578,3.8857892944335934,0.7206546997070312,11.923664122137405,14.396946564885496,4.564885496183206,-11.774683764648437,-1.0295067138671874,-0.2346317626953125,12.83969465648855,-9.587786259541986,6.259541984732825,0.0
28.59000039100647,-11.343727465820312,5.932831713867187,1.3718775512695311,-0.7633587786259542,9.98473282442748,6.0458015267175576,-9.828197814941406,-0.5099649536132812,-0.11252747802734374,17.480916030534353,-15.34351145038168,3.114503816793893,0.0
28.600000858306885,-9.677363110351562,2.6791116577148437,0.5339069702148437,-2.1068702290076335,7.374045801526718,11.541984732824428,-10.524910498046875,-0.6560112548828124,-0.13646949462890623,26.732824427480917,-16.50381679389313,3.4656488549618323,0.0
28.61000084877014,-10.153809240722655,1.9680337646484374,0.6200982299804687,-2.763358778625954,7.480916030534351,9.572519083969466,-10.929530578613281,-1.1731588134765625,0.584185205078125,38.916030534351144,-23.389312977099237,3.4656488549618323,0.0
28.62000060081482,-9.603142858886718,1.2904746948242187,0.5865794067382812,0.6106870229007634,9.129770992366412,6.931297709923665,-9.583989245605467,1.879448303222656,-0.5482721801757812,39.48091603053435,-29.786259541984734,-0.6106870229007634,0.0
28.630000591278076,-9.567229833984374,1.68551796875,0.5267243652343749,-2.4427480916030535,9.282442748091603,2.366412213740458,-8.619125976562499,3.1555577880859373,-0.49799394531249996,16.12213740458015,-25.404580152671755,-1.5572519083969465,0.0
28.640000581741333,-9.504980590820312,1.6232687255859375,0.7110778930664062,-7.221374045801527,8.061068702290076,-0.5801526717557252,-9.957484704589843,2.990357873535156,-1.0510545288085937,-2.4427480916030535,-15.450381679389313,1.3740458015267176,0.0
28.65000057220459,-10.079588989257813,2.7653029174804686,1.35990654296875,-9.648854961832061,8.427480916030534,-1.9541984732824427,-9.804255798339844,2.7054478759765623,-1.3215993164062498,-9.801526717557252,-11.419847328244275,2.427480916030534,0.0
28.660000324249268,-9.548076220703125,2.518700146484375,0.7015010864257812,-15.053435114503817,2.183206106870229,1.7251908396946565,-10.223241088867187,1.4867992309570313,-1.4101847778320311,-16.458015267175572,-6.290076335877862,2.045801526717557,0.0
28.670000314712524,-9.507374792480467,2.683900061035156,0.7733271362304687,-7.679389312977099,5.526717557251908,3.7099236641221376,-10.40041201171875,-0.0143652099609375,-0.7900865478515624,-16.045801526717558,-5.32824427480916,0.6564885496183206,0.0
28.68000030517578,-9.057264880371093,1.8650830932617186,0.105344873046875,-7.816793893129771,2.900763358778626,5.022900763358779,-10.558429321289061,-1.8411410766601561,0.5339069702148437,-8.717557251908397,-5.984732824427481,0.1984732824427481,0.0
28.690000772476196,-9.430760339355468,2.427720483398437,0.2609679809570312,-3.3282442748091605,5.862595419847328,3.053435114503817,-10.903194360351561,-1.2689268798828124,1.0630255371093749,6.106870229007634,-12.732824427480915,-3.068702290076336,0.0
28.700000762939453,-8.609549169921875,0.9744400756835937,-0.36391865234375,0.48854961832061067,5.297709923664122,2.549618320610687,-10.465055456542968,-1.2832920898437499,1.1755530151367186,14.290076335877863,-21.801526717557252,-5.709923664122138,0.0
28.71000075340271,-8.576030346679687,0.7110778930664062,0.1005564697265625,10.870229007633588,9.648854961832061,0.8549618320610687,-10.433930834960936,-1.1659762084960936,1.6807295654296874,21.72519083969466,-29.6793893129771,-9.98473282442748,0.0
28.72000026702881,-9.406818322753905,2.2266075439453124,0.6153098266601562,11.618320610687023,10.351145038167939,-1.0534351145038168,-9.502586389160156,1.0199299072265624,1.1133037719726562,14.13740458015267,-32.54961832061068,-14.15267175572519,0.0
28.730000257492065,-9.756371765136718,2.7269956909179687,0.9552864624023437,10.381679389312977,10.595419847328245,0.5801526717557252,-10.228029492187499,2.128445275878906,0.5961562133789062,-4.9465648854961835,-31.358778625954198,-13.740458015267176,0.0
28.7400004863739,-9.789890588378906,2.8323405639648436,0.9624690673828125,6.473282442748092,9.801526717557252,2.5801526717557253,-9.861716638183593,0.7326257080078125,1.22583125,-14.351145038167939,-28.50381679389313,-12.335877862595419,0.0
28.750000476837158,-9.732429748535155,2.1883003173828124,0.6919242797851562,2.2442748091603053,8.625954198473282,1.8015267175572518,-10.117896215820313,-0.354341845703125,2.308010400390625,-7.923664122137405,-32.595419847328245,-12.473282442748092,0.0
28.760000705718994,-9.560047229003906,1.3958195678710936,0.5985504150390625,0.48854961832061067,7.129770992366412,-0.10687022900763359,-10.036493359375,-2.1906945190429687,2.636016027832031,0.5801526717557252,-40.412213740458014,-14.366412213740459,0.0
28.77000069618225,-9.382876306152344,1.0390835205078124,0.7206546997070312,0.5648854961832062,7.145038167938932,-2.6717557251908395,-9.835380419921874,-0.5913678100585937,1.465251416015625,6.763358778625954,-48.916030534351144,-18.412213740458014,0.0
28.780000686645508,-9.191340173339842,1.4221557861328125,1.177947216796875,1.5419847328244274,7.312977099236641,-4.2748091603053435,-8.267178332519531,1.3120225097656248,1.0510545288085937,-5.00763358778626,-47.86259541984733,-21.328244274809162,0.0
28.790000677108765,-9.6917283203125,1.8459294799804686,2.013523596191406,-2.6717557251908395,6.33587786259542,-6.183206106870229,-9.727641345214844,0.1771709228515625,0.9744400756835937,-13.770992366412214,-40.06106870229008,-17.938931297709924,0.0
28.800000429153442,-9.988609326171874,1.659181750488281,2.906560815429687,-3.0381679389312977,3.236641221374046,-6.793893129770993,-10.71884083251953,-1.8770541015625,0.9911994873046874,-5.083969465648855,-42.01526717557252,-16.366412213740457,0.0
28.810000896453857,-10.421959826660157,2.023100402832031,3.337517114257812,6.106870229007634,0.13740458015267176,-2.7938931297709924,-9.45470235595703,-1.5322890624999999,1.177947216796875,9.679389312977099,-49.87786259541985,-19.862595419847327,0.0
28.820000648498535,-9.986215124511718,2.5809493896484375,3.1651345947265623,17.801526717557252,-2.1068702290076335,3.618320610687023,-7.8170684204101555,0.201112939453125,0.3854664672851562,4.809160305343512,-52.38167938931298,-24.30534351145038,0.0
28.830000638961792,-9.842563024902343,3.5434184570312497,3.143586779785156,19.541984732824428,-4.2748091603053435,7.114503816793893,-8.322244970703125,0.22266075439453123,1.0845733520507812,-4.564885496183206,-44.961832061068705,-21.450381679389313,0.0
28.840000867843628,-9.74200655517578,3.4955344238281247,3.095702746582031,12.259541984732824,-9.038167938931299,7.8320610687022905,-9.945513696289062,-1.5825672973632812,1.5203180541992187,0.4122137404580153,-42.94656488549618,-18.885496183206108,0.0
28.850000619888306,-9.672574707031249,3.2513258544921873,3.2034418212890623,8.106870229007633,-14.01526717557252,8.030534351145038,-8.856151940917968,-1.1061211669921875,1.714248388671875,13.022900763358779,-51.69465648854962,-20.732824427480917,0.0
28.86000084877014,-10.01015714111328,4.572925170898437,3.450044592285156,-7.648854961832061,-24.076335877862597,7.893129770992366,-8.535328918457031,0.5339069702148437,1.1923124267578125,8.442748091603054,-51.38931297709924,-22.732824427480917,0.0
28.87000060081482,-10.256759912109374,4.395754248046875,5.154716174316406,-23.404580152671755,-32.47328244274809,8.82442748091603,-8.111555224609374,1.3718775512695311,1.3239935180664062,-7.938931297709924,-46.396946564885496,-20.625954198473284,0.0
28.880000829696655,-9.289502441406249,2.2768857788085937,5.461173986816406,-28.15267175572519,-43.14503816793893,10.534351145038167,-9.054870678710937,0.13168109130859373,1.1444283935546875,-17.541984732824428,-44.76335877862596,-17.603053435114504,0.0
28.890000581741333,-8.832209924316405,0.062249243164062495,4.951209033203125,-18.442748091603054,-48.85496183206107,10.885496183206106,-10.01733974609375,-0.8858546142578124,1.6472107421875,-10.946564885496183,-45.11450381679389,-17.541984732824428,0.0
28.90000057220459,-8.130708837890625,-0.12210428466796874,5.006275671386718,-16.3206106870229,-55.81679389312977,9.221374045801527,-9.562441430664062,-1.8004396484374998,2.1811177124023438,0.9465648854961832,-50.732824427480914,-21.572519083969464,0.0
28.910001039505005,-8.24802471923828,1.2737152832031249,4.6255976074218745,-14.366412213740459,-62.88549618320611,6.641221374045801,-8.528146313476562,-0.3112462158203125,1.3646949462890625,2.351145038167939,-55.48091603053435,-27.129770992366414,0.0
28.920000314712524,-7.5345526245117185,1.3455413330078123,4.352658618164062,-11.099236641221374,-67.74045801526718,5.083969465648855,-8.051700183105469,0.28490999755859375,1.1156979736328125,-8.213740458015268,-47.63358778625954,-27.801526717557252,0.0
28.93000102043152,-7.721300354003906,1.8004396484374998,3.7708676147460936,-12.580152671755725,-69.80152671755725,2.885496183206107,-8.839392529296875,0.6775590698242188,1.139639990234375,-3.114503816793893,-46.778625954198475,-25.954198473282442,0.0
28.940000534057617,-7.237671618652343,1.7405846069335937,2.4396914916992185,-10.488549618320612,-73.14503816793894,1.3740458015267176,-8.789114294433594,0.36631285400390623,1.0630255371093749,0.10687022900763359,-41.87786259541985,-23.908396946564885,0.0
28.950001001358032,-7.539341027832031,1.4891934326171874,1.5658078857421873,-1.9236641221374047,-68.9618320610687,1.7709923664122138,-10.939107385253905,-0.9816226806640624,1.1468225952148436,7.7251908396946565,-35.80152671755725,-19.297709923664122,0.0
28.96000051498413,-6.785167504882812,1.7214309936523438,0.40222587890625,-0.5190839694656488,-66.74809160305344,1.9389312977099236,-6.9527616210937495,1.2976572998046874,0.4261678955078125,9.86259541984733,-42.36641221374046,-22.885496183206108,0.0
28.970000743865967,-7.259219433593749,2.5546131713867184,-0.24660277099609373,-0.183206106870229,-60.74809160305343,1.6030534351145038,-6.315903979492187,0.9265560424804687,1.216254443359375,-5.0534351145038165,-30.30534351145038,-19.603053435114504,0.0
28.980000257492065,-6.9910688476562495,2.760514514160156,-0.37828386230468747,-6.8396946564885495,-52.58015267175573,1.816793893129771,-6.720524060058593,0.38307226562499996,1.5658078857421873,-16.9618320610687,-18.68702290076336,-15.648854961832061,0.0
28.9900004863739,-8.288726147460936,3.7708676147460936,-0.49799394531249996,-15.282442748091603,-45.404580152671755,0.732824427480916,-6.79953271484375,0.4740519287109375,0.7637503295898437,-8.900763358778626,-24.244274809160306,-14.335877862595419,0.0
29.00000023841858,-9.234435803222656,2.6048914062499997,-0.1867477294921875,-17.954198473282442,-40.2442748091603,2.50381679389313,-7.848193041992187,-1.2210428466796874,1.3311761230468748,-6.473282442748092,-17.328244274809162,-11.618320610687023,0.0
29.010000944137573,-10.09395419921875,1.7860744384765623,1.3527239379882812,-13.511450381679388,-29.801526717557252,4.748091603053435,-7.769184387207031,-1.0103531005859374,1.5059528442382812,-3.1603053435114505,-16.99236641221374,-11.297709923664122,0.0
29.02000069618225,-10.366893188476562,2.212242333984375,2.1308394775390624,-10.564885496183207,-23.633587786259543,3.954198473282443,-8.245630517578125,-0.6775590698242188,1.43652099609375,-1.7404580152671756,-15.404580152671755,-11.206106870229007,0.0
29.030000686645508,-10.510545288085936,2.8993782104492185,2.6910826660156246,-6.1679389312977095,-18.916030534351144,0.9312977099236641,-8.82981572265625,-0.48123453369140623,1.7238251953125,-0.9618320610687023,-11.587786259541986,-10.305343511450381,0.0
29.040000915527344,-9.430760339355468,1.5849614990234373,3.411737365722656,-16.580152671755727,-23.69465648854962,-2.4427480916030535,-9.612719665527344,-0.7278373046875,1.917755529785156,-0.2748091603053435,-8.778625954198473,-10.366412213740459,0.0
29.05000066757202,-9.696516723632811,1.4628572143554686,4.1754876953124995,-18.641221374045802,-25.893129770992367,-6.488549618320611,-9.969455712890625,-0.8547299926757812,2.1116858642578125,1.3129770992366412,-6.030534351145038,-9.923664122137405,0.0
29.060000896453857,-9.248801013183593,1.216254443359375,3.967192150878906,-12.290076335877863,-28.48854961832061,-10.595419847328245,-9.629479077148437,-1.350329736328125,2.142810485839844,4.534351145038168,-3.053435114503817,-10.259541984732824,0.0
29.070000886917114,-7.908048083496094,0.9552864624023437,2.480392919921875,-5.374045801526718,-30.53435114503817,-12.01526717557252,-9.720458740234374,-1.927332336425781,1.9536685546875,10.458015267175572,-0.5038167938931297,-10.51908396946565,0.0
29.08000087738037,-7.4603323730468745,0.5793968017578125,1.0893617553710937,-3.3893129770992365,-32.35114503816794,-16.0,-10.575188732910156,-1.889025109863281,2.3774422485351563,17.00763358778626,1.5572519083969465,-11.450381679389313,0.0
29.09000039100647,-7.903259680175781,1.6256629272460936,0.8930372192382812,0.9312977099236641,-29.52671755725191,-17.64885496183206,-9.955090502929687,-1.20667763671875,2.7365724975585937,18.198473282442748,1.0229007633587786,-11.938931297709924,0.0
29.100000619888306,-8.916006982421875,2.6001030029296874,2.2840683837890623,3.4656488549618323,-24.68702290076336,-16.702290076335878,-9.655815295410155,-1.158793603515625,2.2768857788085937,17.00763358778626,1.5419847328244274,-8.717557251908397,0.0
29.11000084877014,-10.778695874023438,5.070919116210937,3.1794998046874996,-1.251908396946565,-20.38167938931298,-16.778625954198475,-7.843404638671874,1.4125789794921875,0.5363011718749999,8.290076335877863,6.076335877862595,-8.641221374045802,0.0
29.12000060081482,-10.426748229980468,4.2688615600585935,3.2154128295898436,-4.977099236641221,-16.580152671755727,-14.045801526717558,-8.339004382324218,2.195482922363281,0.0,-4.580152671755725,17.0381679389313,-8.274809160305344,0.0
29.130000591278076,-10.565611926269531,4.627991809082031,3.892971899414062,-20.48854961832061,-18.061068702290076,-13.908396946564885,-7.970297326660156,2.4061726684570313,0.59376201171875,-17.862595419847327,24.458015267175572,-10.992366412213741,0.0
29.140000581741333,-10.603919152832031,3.2704794677734372,4.209006518554688,-29.572519083969464,-20.48854961832061,-13.358778625954198,-11.439495532226562,-0.8259995727539062,2.1404162841796874,-24.68702290076336,30.259541984732824,-9.541984732824428,0.0
29.15000057220459,-10.08677159423828,1.656787548828125,5.506663818359375,-27.587786259541986,-22.045801526717558,-12.01526717557252,-11.156979736328124,-1.4101847778320311,3.4356793823242184,-29.64885496183206,28.412213740458014,-11.267175572519085,0.0
29.160000324249268,-10.08677159423828,1.1659762084960936,6.60799658203125,-23.282442748091604,-26.47328244274809,-12.229007633587786,-6.636727001953124,0.30885201416015623,6.402095239257812,-37.05343511450382,35.41984732824427,-14.732824427480915,0.0
29.170000553131104,-11.118672509765624,0.2442085693359375,7.848193041992187,-15.740458015267176,-34.47328244274809,-13.49618320610687,-13.623007446289062,-1.0678139404296874,4.441244079589843,-37.05343511450382,26.85496183206107,-10.595419847328245,0.0
29.18000054359436,-11.520898388671874,-1.7022773803710936,8.853757739257812,-3.480916030534351,-43.63358778625954,-14.870229007633588,-14.250288281249999,0.63206923828125,4.11802685546875,-33.23664122137404,25.19083969465649,-9.954198473282442,0.0
29.190000772476196,-11.930306872558592,-4.3239281982421875,9.605537060546874,20.610687022900763,-53.7557251908397,-17.893129770992367,-15.303737011718749,-3.0693665283203124,2.7748797241210936,-23.72519083969466,17.69465648854962,-8.580152671755725,0.0
29.200000524520874,-12.11705460205078,-5.674257934570313,9.318232861328125,54.82442748091603,-64.51908396946565,-24.625954198473284,-14.877569116210937,-4.915296008300781,1.2497732666015624,-4.961832061068702,9.450381679389313,-11.34351145038168,0.0
29.21000075340271,-12.246341491699217,-4.836287353515624,9.081206896972656,88.90076335877863,-72.29007633587786,-31.419847328244273,-10.670956799316405,-2.789244934082031,-0.7589619262695312,9.312977099236642,-3.3435114503816794,-15.068702290076336,0.0
29.220000743865967,-15.018827014160156,1.2234370483398436,9.169792358398437,84.73282442748092,-87.66412213740458,-41.00763358778626,-9.955090502929687,-2.798821740722656,-1.1085153686523437,11.404580152671755,-1.6641221374045803,-11.068702290076336,0.0
29.230000495910645,-14.958971972656249,2.6910826660156246,7.656656909179687,58.412213740458014,-113.25190839694656,-42.412213740458014,-8.413224633789062,0.06943184814453125,-1.905784521484375,14.396946564885496,-3.5877862595419847,-9.49618320610687,0.0
29.2400004863739,-14.930241552734374,3.383006945800781,6.222530114746093,40.38167938931298,-127.70992366412214,-39.404580152671755,-6.770802294921874,0.9313444458007812,-2.5450363647460934,-5.66412213740458,9.19083969465649,-9.816793893129772,0.0
29.250000476837158,-14.073117358398436,3.066972326660156,4.7572786987304685,20.290076335877863,-139.4351145038168,-37.267175572519086,-6.289567761230469,0.6057330200195312,-2.3127988037109373,-25.450381679389313,26.702290076335878,-9.19083969465649,0.0
29.260000467300415,-13.43865391845703,2.300827795410156,3.0358477050781247,6.3816793893129775,-146.51908396946564,-32.06106870229008,-9.069235888671875,-3.5769372802734374,-1.2306196533203124,-28.427480916030536,40.16793893129771,-4.122137404580153,0.0
29.27000069618225,-11.604695446777344,-0.5626373901367188,1.2785036865234374,14.198473282442748,-144.01526717557252,-24.68702290076336,-9.459490759277344,-4.608838195800781,-0.7781155395507812,-5.114503816793893,39.6793893129771,-5.679389312977099,0.0
29.280000686645508,-9.495403784179686,-1.5897499023437498,-0.5099649536132812,33.31297709923664,-132.41221374045801,-20.763358778625953,-8.228871105957031,-3.1603461914062496,-1.714248388671875,4.213740458015267,42.79389312977099,-9.770992366412214,0.0
29.290000438690186,-8.372523205566406,-1.01514150390625,-1.1851298217773436,47.80152671755725,-115.29770992366412,-17.419847328244273,-10.129867224121092,-4.656722229003906,-0.9600748657226562,11.954198473282442,50.396946564885496,-3.6946564885496183,0.0
29.3000009059906,-7.75721337890625,-0.7541735229492187,-1.2282254516601563,49.70992366412214,-100.94656488549619,-16.259541984732824,-11.403582507324218,-4.220977526855468,-1.0414777221679687,35.099236641221374,45.32824427480916,-1.2061068702290076,0.0
29.310000896453857,-7.0269818725585935,-1.0773907470703123,-1.4820108276367188,56.42748091603053,-83.45038167938931,-14.473282442748092,-10.692504614257812,-2.817975354003906,-0.29927520751953124,49.43511450381679,43.43511450381679,-2.0,0.0
29.320001125335693,-7.419630944824219,0.7110778930664062,-0.6081272216796875,54.44274809160305,-65.7557251908397,-14.091603053435115,-9.792284790039062,-0.076614453125,-0.44053310546874996,44.88549618320611,42.2442748091603,0.0916030534351145,0.0
29.330000638961792,-6.710947253417968,0.737414111328125,-0.239420166015625,50.458015267175576,-51.770992366412216,-9.694656488549619,-10.788272680664061,0.48123453369140623,-0.4429273071289062,30.427480916030536,44.6412213740458,6.564885496183206,0.0
29.340000867843628,-7.3932947265625,1.4939818359375,0.21068974609375,42.13740458015267,-38.97709923664122,-6.396946564885496,-12.095506787109374,-1.917755529785156,0.63206923828125,31.908396946564885,41.41984732824427,12.366412213740459,0.0
29.350000619888306,-8.358157995605469,1.7405846069335937,0.9361328491210937,33.954198473282446,-24.85496183206107,-6.213740458015267,-10.819397302246093,-2.1595698974609374,0.32561142578124996,43.05343511450382,31.435114503816795,12.732824427480915,0.0
29.360000610351562,-8.212111694335936,2.626439221191406,0.74699091796875,30.198473282442748,-14.916030534351146,-5.00763358778626,-10.613495959472656,-2.2840683837890623,0.51714755859375,47.02290076335878,27.49618320610687,12.274809160305344,0.0
29.37000060081482,-7.096413720703125,1.9488801513671874,0.0430956298828125,13.007633587786259,-12.473282442748092,-5.984732824427481,-9.576806640625,-0.5626373901367188,0.2346317626953125,38.58015267175573,25.053435114503817,11.98473282442748,0.0
29.380000591278076,-5.348646508789062,0.3687070556640625,0.5363011718749999,8.793893129770993,-2.900763358778626,-4.33587786259542,-8.911218579101561,-0.5578489868164063,0.5267243652343749,26.18320610687023,24.702290076335878,12.488549618320612,0.0
29.390000343322754,-5.980715747070312,1.7597382202148437,-0.12210428466796874,-5.511450381679389,7.755725190839694,-8.992366412213741,-9.093177905273437,-0.5482721801757812,0.258573779296875,15.145038167938932,25.954198473282442,11.526717557251908,0.0
29.40000057220459,-6.687005236816406,2.987963671875,0.06943184814453125,-26.916030534351144,13.267175572519085,-11.282442748091603,-8.95670841064453,0.24181436767578124,-0.316034619140625,0.8702290076335878,24.442748091603054,8.15267175572519,0.0
29.410000562667847,-6.332663391113281,3.383006945800781,-0.16041151123046873,-44.778625954198475,19.786259541984734,-11.083969465648854,-8.975862023925782,-0.7757213378906249,-0.07422025146484375,-19.068702290076335,28.244274809160306,8.396946564885496,0.0
29.420000791549683,-5.932831713867187,3.4955344238281247,-0.28730419921875,-66.50381679389314,25.938931297709924,-8.870229007633588,-9.603142858886718,-0.5746083984375,0.3184288208007812,-29.6793893129771,31.923664122137403,8.0,0.0
29.43000078201294,-4.821922143554687,1.4437036010742186,-1.1875240234375,-67.19083969465649,37.70992366412214,-3.2061068702290076,-8.875305554199219,-1.7118541870117185,0.10773907470703124,-42.091603053435115,33.847328244274806,6.030534351145038,0.0
29.440000534057617,-5.439626171875,4.529829541015625,-1.5035586425781249,-95.95419847328245,37.9236641221374,-6.870229007633588,-10.16338604736328,-3.83072265625,0.86191259765625,-38.274809160305345,32.12213740458015,7.419847328244275,0.0
29.450000762939453,-5.121197351074218,-0.9816226806640624,-0.7637503295898437,-98.50381679389314,52.88549618320611,1.450381679389313,-11.176133349609374,-5.722141967773437,1.0366893188476562,-19.984732824427482,25.114503816793892,7.633587786259542,0.0
29.46000051498413,-4.955997436523437,-3.258508459472656,-0.8834604125976562,-78.3206106870229,69.29770992366412,3.435114503816794,-9.751583361816406,-3.9049429077148434,0.7302315063476562,-3.3740458015267176,16.48854961832061,3.1755725190839694,0.0
29.470000743865967,-4.965574243164062,-4.244919543457031,-0.16519991455078123,-61.603053435114504,84.79389312977099,0.32061068702290074,-9.682151513671874,-3.095702746582031,0.9313444458007812,-0.8091603053435115,15.709923664122137,2.8244274809160306,0.0
29.480000495910645,-5.971138940429687,-5.046977099609375,1.5275006591796874,-52.56488549618321,97.66412213740458,-3.572519083969466,-9.804255798339844,-2.214636535644531,0.9002198242187499,3.7557251908396947,11.923664122137405,4.763358778625954,0.0
29.4900004863739,-7.237671618652343,-5.070919116210937,3.019088293457031,-35.98473282442748,107.80152671755725,-8.244274809160306,-10.165780249023436,-1.9728221679687499,0.8954314208984374,7.343511450381679,10.595419847328245,5.435114503816794,0.0
29.500000476837158,-7.896077075195312,-4.237736938476562,3.718195178222656,-16.946564885496183,113.98473282442748,-10.458015267175572,-10.211270080566406,-1.879448303222656,1.0223241088867188,9.786259541984732,10.183206106870228,5.679389312977099,0.0
29.510000705718994,-8.712499841308594,-3.076549133300781,3.871424084472656,-0.9007633587786259,118.83969465648855,-12.67175572519084,-10.220846887207031,-1.6400281372070311,0.7350199096679687,9.221374045801527,8.961832061068701,6.595419847328245,0.0
29.52000069618225,-9.325415466308593,-1.1085153686523437,4.527435339355469,13.206106870229007,121.98473282442748,-13.221374045801527,-9.89523546142578,-1.429338391113281,0.3327940307617187,6.3816793893129775,9.053435114503817,7.66412213740458,0.0
29.530000686645508,-10.206481677246094,0.6751648681640625,4.979939453125,22.290076335877863,121.96946564885496,-11.435114503816793,-10.038887561035155,-1.6448165405273436,0.03591302490234375,2.8396946564885495,9.206106870229007,8.320610687022901,0.0
29.540000438690186,-10.134655627441406,1.9201497314453124,5.003881469726562,32.74809160305343,121.5114503816794,-5.633587786259542,-9.835380419921874,-1.6543933471679686,-0.1388636962890625,-0.015267175572519083,8.702290076335878,8.458015267175572,0.0
29.55000066757202,-10.563217724609375,2.0877438476562498,5.221753820800781,36.54961832061068,118.35114503816794,-1.5114503816793894,-10.04846436767578,-1.7525556152343749,-0.17238251953125,-1.3129770992366412,8.961832061068701,9.511450381679388,0.0
29.56000065803528,-11.176133349609374,2.5378537597656248,5.140350964355468,26.03053435114504,112.35114503816794,-0.9618320610687023,-9.655815295410155,-1.0606313354492187,-0.603338818359375,-5.00763358778626,9.358778625954198,10.091603053435115,0.0
29.570000648498535,-9.72285294189453,-2.195482922363281,5.178658190917968,40.58015267175573,114.04580152671755,3.801526717557252,-10.500968481445312,-1.5370774658203123,-1.0175357055664063,-7.66412213740458,13.816793893129772,12.625954198473282,0.0
29.58000087738037,-11.365275280761718,-0.7996633544921875,6.121973645019531,43.3587786259542,109.14503816793894,0.8854961832061069,-9.380482104492186,-2.446874096679687,0.05985504150390625,-6.793893129770993,14.83969465648855,13.740458015267176,0.0
29.59000062942505,-12.282254516601562,-0.26815058593749996,6.241683728027343,29.450381679389313,97.78625954198473,-2.564885496183206,-9.662997900390625,-2.5546131713867184,-0.8667010009765624,-0.732824427480916,12.595419847328245,13.49618320610687,0.0
29.600000619888306,-12.792219470214842,0.0430956298828125,5.310339282226562,16.03053435114504,85.25190839694656,-7.526717557251908,-9.514557397460937,-2.4947581298828125,-1.3934253662109375,2.7938931297709924,14.16793893129771,12.320610687022901,0.0
29.610000610351562,-12.603077539062499,-1.0486603271484374,5.746083984375,7.862595419847328,73.19083969465649,-10.320610687022901,-8.2360537109375,-1.2282254516601563,-1.5969325073242187,-1.5267175572519085,17.908396946564885,11.389312977099237,0.0
29.62000060081482,-13.081917871093749,-0.47884033203125,7.218518005371093,13.19083969465649,64.27480916030534,-8.259541984732824,-8.544905725097657,-1.898601916503906,-1.2425906616210938,0.42748091603053434,20.427480916030536,12.82442748091603,0.0
29.630000352859497,-13.306972827148437,-0.17956512451171874,6.890512377929687,22.076335877862597,54.961832061068705,-4.229007633587786,-9.246406811523437,-2.6527754394531247,-0.9840168823242187,6.33587786259542,22.0,13.404580152671755,0.0
29.640000581741333,-13.366827868652344,0.6200982299804687,6.696582043457031,28.106870229007633,47.770992366412216,-1.3435114503816794,-10.077194787597655,-3.7995980346679685,-0.4908113403320312,12.687022900763358,24.213740458015266,13.17557251908397,0.0
29.65000057220459,-13.70680450439453,1.1707646118164061,6.636727001953124,29.053435114503817,37.43511450381679,1.5267175572519085,-8.506598498535157,-1.7501614135742187,-0.5985504150390625,16.27480916030534,21.389312977099237,10.259541984732824,0.0
29.660000562667847,-14.444218615722656,2.2601263671875,7.182604980468749,26.442748091603054,30.763358778625953,3.9083969465648853,-10.297461340332031,-3.303998291015625,-0.047884033203124995,20.763358778625953,21.19083969465649,13.389312977099237,0.0
29.670000553131104,-14.688427185058593,4.13718046875,7.082048510742187,6.1679389312977095,13.86259541984733,5.3893129770992365,-9.916783276367187,-1.5490484741210937,-0.22744915771484372,26.732824427480917,15.465648854961833,11.114503816793894,0.0
29.68000054359436,-11.264718811035156,1.0582371337890624,4.838681555175781,-4.152671755725191,-0.0,11.053435114503817,-10.223241088867187,-0.9528922607421875,-0.062249243164062495,23.083969465648856,14.122137404580153,11.465648854961833,0.0
29.690000772476196,-9.157821350097656,0.33518823242187495,3.7158009765625,9.938931297709924,2.0916030534351147,14.732824427480915,-10.043675964355469,-0.46208092041015625,0.06464344482421874,18.580152671755727,11.938931297709924,12.778625954198473,0.0
29.700000524520874,-8.494627490234375,1.1923124267578125,3.421314172363281,9.725190839694656,0.9770992366412213,13.099236641221374,-9.749189160156249,0.2753331909179687,-0.08858546142578125,14.198473282442748,9.221374045801527,12.51908396946565,0.0
29.71000075340271,-7.802703210449218,1.3383587280273437,2.8107927490234372,9.893129770992367,-0.1984732824427481,14.595419847328245,-10.091559997558592,-0.009576806640625,-0.09337386474609374,9.007633587786259,8.687022900763358,14.290076335877863,0.0
29.720000505447388,-7.862558251953125,2.262520568847656,2.281674182128906,9.34351145038168,-0.21374045801526717,16.12213740458015,-9.406818322753905,0.46686932373046874,-0.2154781494140625,2.7022900763358777,6.320610687022901,14.106870229007633,0.0
29.730000495910645,-7.730877160644531,2.9568390502929685,1.7764976318359373,6.244274809160306,1.083969465648855,19.374045801526716,-9.342174877929686,0.36152445068359373,-0.4429273071289062,-2.732824427480916,5.465648854961832,14.763358778625955,0.0
29.7400004863739,-7.860164050292968,3.4835634155273434,1.7094599853515624,-1.1755725190839694,1.9389312977099236,22.82442748091603,-9.557653027343749,-0.05985504150390625,-0.24899697265624998,-7.190839694656488,5.6183206106870225,14.931297709923664,0.0
29.75000023841858,-8.039729174804688,2.9041666137695312,1.3814543579101561,-9.419847328244275,1.4198473282442747,26.625954198473284,-9.272743029785156,0.3495534423828125,-0.4070142822265625,-11.435114503816793,4.961832061068702,14.122137404580153,0.0
29.760000705718994,-8.288726147460936,2.308010400390625,1.6472107421875,-3.633587786259542,9.145038167938932,32.33587786259542,-9.53131680908203,0.3232172241210937,-0.4572925170898437,-15.83206106870229,4.900763358778626,13.84732824427481,0.0
29.77010202407837,-8.506598498535157,2.0063409912109376,1.7238251953125,-8.290076335877863,10.290076335877863,32.213740458015266,-9.976638317871092,0.03591302490234375,-0.3112462158203125,-17.893129770992367,5.251908396946565,14.778625954198473,0.0
29.78000044822693,-8.932766394042968,1.5275006591796874,1.7334020019531249,-17.49618320610687,8.732824427480915,30.50381679389313,-9.272743029785156,0.12449848632812499,-0.37828386230468747,-21.099236641221374,3.7099236641221376,14.366412213740459,0.0
29.790000438690186,-9.17458076171875,0.7398083129882812,1.7812860351562498,-22.931297709923665,8.641221374045802,29.236641221374047,-9.689334118652344,-0.009576806640625,-0.5099649536132812,-22.15267175572519,3.984732824427481,14.82442748091603,0.0
29.8000009059906,-9.600748657226562,0.32082302246093747,1.5251064575195312,-25.435114503816795,10.16793893129771,25.328244274809162,-9.900023864746093,-0.28969840087890625,-0.3711012573242187,-23.740458015267176,3.435114503816794,15.114503816793894,0.0
29.81000065803528,-9.682151513671874,0.39264907226562495,1.216254443359375,-26.702290076335878,11.267175572519085,20.946564885496183,-9.916783276367187,-0.38307226562499996,-0.3447650390625,-23.69465648854962,3.8931297709923665,15.877862595419847,0.0
29.820000648498535,-10.022128149414062,0.8068459594726562,1.0989385620117187,-27.435114503816795,11.664122137404581,17.908396946564885,-10.172962854003906,-0.6536170532226562,-0.12449848632812499,-22.229007633587788,3.7404580152671754,16.870229007633586,0.0
29.830000400543213,-10.345345373535155,1.2330138549804688,1.1611878051757811,-26.076335877862597,12.0,17.541984732824428,-10.467449658203124,-0.7565677246093749,-0.086191259765625,-21.709923664122137,4.2748091603053435,17.51145038167939,0.0
29.840000867843628,-10.005368737792969,1.649604943847656,0.9696516723632812,-24.946564885496183,12.030534351145038,17.954198473282442,-10.046070166015625,-0.82360537109375,-0.028730419921875,-21.099236641221374,3.5419847328244276,17.022900763358777,0.0
29.850000619888306,-9.97184991455078,2.059013427734375,0.7661445312499999,-26.458015267175572,10.580152671755725,17.84732824427481,-10.242394702148436,-0.842758984375,-0.19153613281249998,-18.244274809160306,4.030534351145038,17.34351145038168,0.0
29.860000371932983,-9.495403784179686,1.924938134765625,0.948103857421875,-28.213740458015266,10.076335877862595,18.564885496183205,-10.026916552734374,-0.9433154541015625,-0.24181436767578124,-15.664122137404581,3.7709923664122136,17.022900763358777,0.0
29.87000060081482,-9.402029919433593,1.7190367919921874,1.1755530151367186,-29.022900763358777,9.877862595419847,19.389312977099237,-10.101136804199218,-0.689530078125,-0.1484405029296875,-12.82442748091603,4.076335877862595,17.14503816793893,0.0
29.880000591278076,-9.504980590820312,1.8171990600585937,0.9097966308593749,-29.053435114503817,9.572519083969466,20.580152671755727,-9.950302099609374,-0.36631285400390623,-0.2346317626953125,-9.725190839694656,4.488549618320611,16.916030534351144,0.0
29.890000581741333,-9.366116894531249,1.5155296508789062,0.5458779785156249,-28.213740458015266,9.969465648854962,21.068702290076335,-9.785102185058593,-0.3950432739257812,-0.19153613281249998,-7.603053435114504,5.129770992366412,17.6793893129771,0.0
29.90000057220459,-9.270348828125,1.1851298217773436,0.565031591796875,-26.778625954198475,11.648854961832061,21.587786259541986,-9.526528405761718,-0.24181436767578124,-0.229843359375,-5.740458015267175,4.534351145038168,17.6793893129771,0.0
29.910000324249268,-9.540893615722656,0.9911994873046874,0.603338818359375,-25.404580152671755,12.335877862595419,20.778625954198475,-9.785102185058593,-0.27293898925781246,-0.239420166015625,-4.076335877862595,5.221374045801527,17.69465648854962,0.0
29.920000553131104,-9.210493786621093,0.14604630126953125,0.7805097412109374,-20.717557251908396,13.954198473282442,19.954198473282442,-9.550470422363281,-0.11013327636718749,-0.4333505004882812,-3.633587786259542,5.32824427480916,17.81679389312977,0.0
29.93000102043152,-9.481038574218749,-0.2825157958984375,0.9217676391601562,-16.625954198473284,14.80916030534351,17.587786259541986,-9.823409411621093,-0.17238251953125,-0.30885201416015623,-2.7022900763358777,5.862595419847328,18.091603053435115,0.0
29.940000534057617,-9.533711010742186,-0.2442085693359375,1.2856862915039062,-11.053435114503817,15.526717557251908,16.18320610687023,-9.878476049804688,-0.08140285644531249,-0.22505495605468748,-2.519083969465649,5.32824427480916,17.633587786259543,0.0
29.950000524520874,-9.823409411621093,0.15322890625,1.254561669921875,-6.488549618320611,16.03053435114504,15.83206106870229,-10.079588989257813,-0.258573779296875,-0.0047884033203125,-2.366412213740458,5.374045801526718,17.572519083969464,0.0
29.96000051498413,-9.6917283203125,0.7422025146484375,1.1875240234375,-2.7022900763358777,16.717557251908396,14.702290076335878,-9.991003527832031,-0.47884033203125,0.29448680419921874,-4.091603053435114,3.954198473282443,16.458015267175572,0.0
29.970000743865967,-9.832986218261718,1.407790576171875,1.0749965454101562,-3.572519083969466,16.641221374045802,12.763358778625955,-9.900023864746093,-0.3280056274414062,0.24660277099609373,-4.977099236641221,2.564885496183206,16.045801526717558,0.0
29.980000495910645,-9.516951599121093,1.7166425903320313,1.0630255371093749,-6.824427480916031,16.458015267175572,10.427480916030534,-9.756371765136718,-0.4070142822265625,0.55545478515625,-6.900763358778626,0.0916030534351145,14.916030534351146,0.0
29.9900004863739,-9.627084875488281,1.9943699829101562,0.9935936889648437,-10.67175572519084,16.16793893129771,8.290076335877863,-10.280701928710936,-0.5913678100585937,0.6368576416015624,-9.114503816793894,-2.045801526717557,13.068702290076336,0.0
30.000000476837158,-10.002974536132811,2.427720483398437,1.1755530151367186,-15.389312977099237,14.977099236641221,6.656488549618321,-10.678139404296875,-0.622492431640625,1.0773907470703123,-11.86259541984733,-6.015267175572519,10.748091603053435,0.0
30.010000705718994,-10.09395419921875,2.6527754394531247,1.1923124267578125,-16.671755725190838,14.16793893129771,6.5038167938931295,-10.596736547851561,-1.9393033447265624,2.0638018310546875,-12.366412213740459,-8.366412213740459,9.17557251908397,0.0
30.02000069618225,-9.890447058105469,2.4660277099609376,1.0486603271484374,-17.419847328244273,13.282442748091603,8.366412213740459,-11.374852087402344,-1.6400281372070311,1.2665326782226562,-0.5038167938931297,-16.33587786259542,5.099236641221374,0.0
30.030000686645508,-10.110713610839843,2.693476867675781,0.9648632690429687,-16.229007633587788,13.083969465648854,9.19083969465649,-9.746794958496093,0.26336218261718747,0.6919242797851562,1.3740458015267176,-24.396946564885496,1.0381679389312977,0.0
30.040000915527344,-9.318232861328125,2.3439234252929686,0.8738836059570312,-14.229007633587786,14.702290076335878,10.13740458015267,-8.935160595703124,1.20667763671875,0.6296750366210937,-9.007633587786259,-24.106870229007633,-0.9465648854961832,0.0
30.050000429153442,-9.497797985839844,2.3918074584960936,0.7422025146484375,-17.64885496183206,14.549618320610687,8.442748091603054,-10.845733520507812,0.6751648681640625,-0.6416460449218749,-16.85496183206107,-23.755725190839694,0.33587786259541985,0.0
30.06000065803528,-9.519345800781249,2.195482922363281,0.9409212524414062,-20.27480916030534,14.320610687022901,6.702290076335878,-11.034875451660156,0.14125789794921875,-0.7445967163085937,-20.671755725190838,-21.84732824427481,-0.7022900763358778,0.0
30.070000648498535,-9.557653027343749,1.7525556152343749,1.13006318359375,-18.85496183206107,13.32824427480916,5.0534351145038165,-10.958260998535156,-1.656787548828125,-0.3591302490234375,-11.786259541984732,-26.12213740458015,-1.8931297709923665,0.0
30.08000087738037,-9.943119494628906,1.4149731811523436,1.2210428466796874,-15.32824427480916,12.946564885496183,4.061068702290076,-12.715605017089842,-2.901772412109375,0.0383072265625,3.877862595419847,-26.47328244274809,-3.66412213740458,0.0
30.09000039100647,-9.64623848876953,1.3742717529296875,1.5442600708007812,-8.183206106870228,12.916030534351146,3.877862595419847,-11.154585534667968,-1.946485949707031,-0.239420166015625,22.564885496183205,-37.770992366412216,-8.381679389312977,0.0
30.100000619888306,-9.519345800781249,1.4915876342773438,1.5873557006835937,-2.885496183206107,12.82442748091603,3.1908396946564888,-9.631873278808593,1.7693150268554687,-0.7948749511718749,23.633587786259543,-39.61832061068702,-12.82442748091603,0.0
30.110000610351562,-9.45470235595703,1.419761584472656,1.5729904907226562,1.1603053435114503,12.50381679389313,1.8931297709923665,-9.713276135253906,2.1212626708984375,-0.82360537109375,11.389312977099237,-31.267175572519083,-11.16030534351145,0.0
30.12000060081482,-9.74200655517578,1.9776105712890624,1.66636435546875,5.465648854961832,13.053435114503817,0.8244274809160306,-9.8449572265625,0.7398083129882812,0.3399766357421875,10.992366412213741,-27.801526717557252,-9.740458015267176,0.0
30.130000352859497,-10.053252770996092,2.829946362304687,1.3192051147460937,3.450381679389313,10.50381679389313,1.816793893129771,-9.56962403564453,-0.011971008300781249,-0.11252747802734374,15.358778625954198,-31.083969465648856,-12.274809160305344,0.0
30.140000820159912,-9.880870251464843,2.7437551025390623,0.8020575561523438,5.755725190839694,10.229007633587786,2.885496183206107,-9.89523546142578,-0.2442085693359375,0.47884033203125,16.076335877862597,-32.534351145038165,-15.816793893129772,0.0
30.15000081062317,-9.07163009033203,2.3223756103515623,0.59376201171875,4.519083969465649,10.259541984732824,2.9770992366412212,-9.342174877929686,1.697488977050781,-0.22505495605468748,4.916030534351145,-29.022900763358777,-19.053435114503817,0.0
30.160000562667847,-8.93755479736328,1.915361328125,0.7254431030273437,1.6946564885496183,10.564885496183207,0.5343511450381679,-8.741230261230468,2.8898014038085935,-0.229843359375,-9.282442748091603,-28.213740458015266,-18.290076335877863,0.0
30.170000314712524,-9.382876306152344,1.8722656982421875,0.97683427734375,-2.122137404580153,10.351145038167939,-2.2290076335877864,-10.005368737792969,1.2976572998046874,0.9169792358398436,-22.931297709923665,-18.99236641221374,-14.732824427480915,0.0
30.18000078201294,-10.213664282226562,1.9656395629882812,1.6256629272460936,-5.66412213740458,8.748091603053435,-4.5038167938931295,-9.888052856445311,1.1516109985351561,1.0726023437499999,-24.564885496183205,-20.229007633587788,-16.27480916030534,0.0
30.190001010894775,-10.225635290527343,1.5155296508789062,1.8531120849609375,-1.7099236641221374,7.068702290076335,-4.931297709923665,-9.79946739501953,-0.41898529052734373,1.8243816650390623,-26.061068702290076,-19.267175572519083,-16.198473282442748,0.0
30.200000524520874,-9.859322436523437,1.3096283081054687,1.6615759521484375,2.3053435114503817,5.099236641221374,-5.541984732824427,-9.593566052246093,-1.2856862915039062,1.707065783691406,-16.259541984732824,-28.198473282442748,-17.480916030534353,0.0
30.21000075340271,-10.28549033203125,2.1404162841796874,1.6160861206054686,5.175572519083969,4.0458015267175576,-6.0458015267175576,-10.184933862304687,-1.7166425903320313,1.6065093139648436,-7.038167938931298,-30.18320610687023,-19.083969465648856,0.0
30.220000505447388,-9.662997900390625,1.5921441040039062,1.5586252807617187,9.770992366412214,3.6793893129770994,-5.511450381679389,-10.510545288085936,-2.1068974609374997,1.7908628417968748,4.656488549618321,-36.717557251908396,-20.549618320610687,0.0
30.230000495910645,-9.442731347656249,1.5179238525390624,1.5610194824218748,11.389312977099237,2.5801526717557253,-6.977099236641221,-9.713276135253906,-0.19871873779296872,0.9864110839843749,13.98473282442748,-46.12213740458015,-24.85496183206107,0.0
30.2400004863739,-9.10993731689453,1.5610194824218748,1.867477294921875,15.877862595419847,2.732824427480916,-7.3893129770992365,-8.147468249511718,1.3958195678710936,1.0079588989257813,2.0,-44.76335877862596,-27.022900763358777,0.0
30.25000023841858,-9.485826977539062,2.760514514160156,2.205059729003906,15.435114503816793,2.9923664122137406,-7.022900763358779,-9.054870678710937,0.4381389038085937,1.0342951171875,-6.931297709923665,-40.48854961832061,-22.885496183206108,0.0
30.260000705718994,-9.153032946777342,2.7150246826171873,2.157175695800781,12.793893129770993,1.7709923664122138,-5.465648854961832,-10.378864196777343,-0.488417138671875,1.254561669921875,-0.2748091603053435,-41.29770992366412,-20.35114503816794,0.0
30.27000069618225,-8.839392529296875,2.090138049316406,2.1930887207031247,12.122137404580153,-1.3435114503816794,-4.427480916030534,-8.092401611328125,0.2537853759765625,0.93852705078125,1.4351145038167938,-47.61832061068702,-24.3206106870229,0.0
30.280000686645508,-8.863334545898438,2.2098481323242187,2.6599580444335937,11.801526717557252,-3.0381679389312977,-4.488549618320611,-7.129932543945312,1.1707646118164061,1.2210428466796874,-10.732824427480915,-42.30534351145038,-24.47328244274809,0.0
30.290000677108765,-9.184157568359375,2.518700146484375,3.0071172851562498,9.19083969465649,-5.32824427480916,-4.564885496183206,-8.966285217285156,0.5674257934570313,0.8451531860351562,-21.14503816793893,-37.12977099236641,-20.091603053435115,0.0
30.3000009059906,-9.387664709472656,2.858676782226562,3.0071172851562498,3.6030534351145036,-9.419847328244275,-4.549618320610687,-9.756371765136718,-1.0510545288085937,1.6448165405273436,-19.358778625954198,-32.42748091603053,-16.870229007633586,0.0
30.3100004196167,-9.658209497070311,2.375048046875,3.134009973144531,0.549618320610687,-13.404580152671755,-2.6106870229007635,-9.035717065429687,-2.3391350219726563,2.1212626708984375,-3.49618320610687,-37.770992366412216,-17.51145038167939,0.0
30.320000648498535,-9.6917283203125,2.1811177124023438,3.227383837890625,4.290076335877862,-16.33587786259542,-0.15267175572519084,-8.678981018066406,-2.2936451904296873,1.4317325927734375,12.595419847328245,-45.38931297709924,-19.893129770992367,0.0
30.330000638961792,-10.984597216796875,5.140350964355468,3.9336733276367184,-3.3435114503816794,-19.938931297709924,-0.8854961832061069,-7.022193469238281,-0.6344634399414062,1.1324573852539062,15.770992366412214,-48.94656488549618,-24.732824427480917,0.0
30.340000867843628,-9.239224206542968,5.533000036621093,3.7205893798828122,-20.625954198473284,-29.938931297709924,0.4580152671755725,-6.37815322265625,0.7230489013671875,1.2114660400390624,1.984732824427481,-40.68702290076336,-25.34351145038168,0.0
30.350000619888306,-9.191340173339842,4.359841223144531,4.029441394042968,-34.54961832061068,-35.70992366412214,1.3587786259541985,-7.905653881835937,1.5562310791015623,-0.10773907470703124,-2.4732824427480917,-36.29007633587786,-23.114503816793892,0.0
30.360000610351562,-8.015787158203125,1.695094775390625,4.8889597900390624,-35.6793893129771,-43.57251908396947,1.465648854961832,-8.966285217285156,0.9074024291992187,1.2425906616210938,-15.84732824427481,-21.34351145038168,-22.15267175572519,0.0
30.37000060081482,-7.5153990112304685,0.21787235107421873,5.758054992675781,-22.625954198473284,-48.06106870229008,0.3816793893129771,-9.74200655517578,-1.2976572998046874,1.8124106567382812,-8.183206106870228,-21.374045801526716,-19.541984732824428,0.0
30.380000591278076,-6.825868933105468,-0.8499415893554687,6.057330200195312,-3.1755725190839694,-54.213740458015266,-0.5801526717557252,-8.2360537109375,0.0143652099609375,1.6543933471679686,-0.33587786259541985,-23.389312977099237,-21.83206106870229,0.0
30.390000820159912,-7.213729602050781,-0.086191259765625,4.912901806640625,14.488549618320612,-57.587786259541986,-1.6488549618320612,-8.700528833007812,-1.2593500732421874,2.104503259277344,1.7709923664122138,-17.46564885496183,-19.96946564885496,0.0
30.40000081062317,-7.517793212890624,0.9074024291992187,3.4955344238281247,18.931297709923665,-60.99236641221374,-1.984732824427481,-8.104372619628906,-0.9026140258789062,2.104503259277344,10.854961832061068,-19.81679389312977,-19.72519083969466,0.0
30.410000562667847,-7.189787585449218,1.4053963745117186,1.149216796875,21.587786259541986,-62.62595419847328,-2.931297709923664,-7.606378674316406,-0.689530078125,1.9129671264648436,15.312977099236642,-19.435114503816795,-19.938931297709924,0.0
30.420000314712524,-7.5153990112304685,2.70065947265625,-0.40222587890625,14.045801526717558,-59.64885496183206,-6.809160305343512,-7.548917834472656,-0.7493851196289062,1.7453730102539062,16.702290076335878,-20.396946564885496,-20.061068702290076,0.0
30.43000030517578,-7.723694555664062,1.6304513305664061,-1.66636435546875,3.114503816793893,-56.10687022900763,-9.786259541984732,-7.486668591308593,-0.3950432739257812,1.8626888916015625,16.564885496183205,-20.900763358778626,-19.068702290076335,0.0
30.440000534057617,-8.923189587402343,2.01112939453125,-0.38786066894531246,2.6564885496183206,-45.51145038167939,-11.86259541984733,-7.539341027832031,0.0047884033203125,1.9991583862304687,12.732824427480915,-20.198473282442748,-17.450381679389313,0.0
30.450000762939453,-9.402029919433593,2.403778466796875,0.7062894897460937,14.854961832061068,-34.045801526717554,-9.694656488549619,-7.410054138183593,0.507570751953125,1.85790048828125,7.679389312977099,-19.984732824427482,-15.923664122137405,0.0
30.46000051498413,-8.700528833007812,2.3319524169921872,0.4213794921875,22.916030534351144,-23.31297709923664,-8.51908396946565,-7.8721350585937495,0.2346317626953125,1.8459294799804686,2.0916030534351147,-17.389312977099237,-14.259541984732824,0.0
30.470000982284546,-9.241618408203124,3.8043864379882812,1.3479355346679687,14.366412213740459,-19.541984732824428,-11.633587786259541,-8.188169677734374,-0.12449848632812499,1.7645266235351562,0.5190839694656488,-14.580152671755725,-13.618320610687023,0.0
30.480000495910645,-9.315838659667968,3.2609026611328122,2.0302830078125,4.213740458015267,-18.916030534351144,-10.15267175572519,-8.473079675292968,-0.7876923461914062,1.467645617675781,2.3969465648854964,-11.48091603053435,-12.061068702290076,0.0
30.4900004863739,-9.239224206542968,2.3678654418945313,2.6815058593749996,2.7786259541984735,-17.114503816793892,-7.190839694656488,-8.647856396484375,-1.0797849487304687,1.1085153686523437,5.755725190839694,-8.80916030534351,-10.106870229007633,0.0
30.500000476837158,-9.344569079589844,1.9033903198242186,3.440467785644531,5.603053435114504,-16.16793893129771,-6.091603053435114,-8.571241943359375,-1.0654197387695312,0.8882488159179687,10.198473282442748,-5.572519083969466,-8.702290076335878,0.0
30.510000705718994,-9.579200842285156,2.039859814453125,3.7301661865234372,9.19083969465649,-16.50381679389313,-6.625954198473282,-9.074024291992187,-1.3359645263671873,0.8547299926757812,15.206106870229007,-2.1374045801526718,-7.099236641221374,0.0
30.52000069618225,-9.718064538574218,2.4947581298828125,4.4819455078125,8.213740458015268,-18.564885496183205,-8.564885496183207,-9.30147344970703,-1.6519991455078125,0.5626373901367188,21.221374045801525,1.0534351145038168,-5.450381679389313,0.0
30.530000686645508,-9.916783276367187,2.8012159423828122,5.468356591796875,8.412213740458014,-22.290076335877863,-10.793893129770993,-10.405200415039062,-1.7118541870117185,1.637633935546875,25.66412213740458,3.618320610687023,-6.6106870229007635,0.0
30.540000915527344,-9.414000927734374,2.3247698120117186,5.97592734375,11.541984732824428,-27.00763358778626,-10.580152671755725,-10.1131078125,-1.3958195678710936,2.5522189697265625,27.541984732824428,3.435114503816794,-9.755725190839694,0.0
30.55000066757202,-8.89924757080078,1.3096283081054687,5.334281298828125,8.793893129770993,-32.458015267175576,-12.076335877862595,-8.590395556640624,0.1197100830078125,1.5035586425781249,21.923664122137403,3.5877862595419847,-12.106870229007633,0.0
30.560000896453857,-8.961496813964843,1.0726023437499999,4.958391638183594,7.938931297709924,-35.98473282442748,-16.83969465648855,-9.907206469726562,0.4955997436523437,1.1180921752929687,8.900763358778626,15.526717557251908,-8.625954198473282,0.0
30.570000648498535,-9.3852705078125,1.6041151123046875,5.006275671386718,8.381679389312977,-39.61832061068702,-20.564885496183205,-11.563994018554688,1.1037269653320312,1.5107412475585937,2.1374045801526718,20.885496183206108,-8.427480916030534,0.0
30.58000087738037,-9.981426721191406,1.4173673828125,6.155492468261718,12.580152671755725,-43.83206106870229,-22.3206106870229,-10.759542260742187,1.6041151123046875,1.7621324218749999,-10.16793893129771,23.923664122137403,-13.84732824427481,0.0
30.59000062942505,-10.64222637939453,1.2330138549804688,6.8569935546875,20.366412213740457,-49.86259541984733,-21.374045801526716,-11.77947216796875,0.5219359619140624,1.9632453613281249,-19.221374045801525,25.31297709923664,-14.442748091603054,0.0
30.600000619888306,-10.888829150390624,0.699106884765625,7.659051110839843,27.0381679389313,-57.267175572519086,-22.33587786259542,-7.752424975585937,0.9337386474609375,4.786009118652344,-31.251908396946565,30.458015267175572,-17.389312977099237,0.0
30.610000610351562,-14.135366601562499,3.6008792968749996,9.117119921875,21.923664122137403,-67.19083969465649,-26.83969465648855,-14.353238952636717,-3.754108203125,4.082113830566406,-27.46564885496183,25.19083969465649,-12.977099236641221,0.0
30.62000060081482,-13.469778540039062,2.051830822753906,9.10993731689453,14.931297709923664,-88.9618320610687,-26.47328244274809,-13.469778540039062,-0.7709329345703124,3.641580725097656,-13.022900763358779,10.870229007633588,-18.076335877862597,0.0
30.630000591278076,-14.35802735595703,1.4101847778320311,9.481038574218749,19.404580152671755,-101.34351145038168,-25.297709923664122,-14.37718096923828,-2.3582886352539063,3.2513258544921873,-19.328244274809162,16.916030534351144,-18.625954198473284,0.0
30.640000581741333,-14.86320390625,-0.6703764648437499,8.0062103515625,22.0,-114.85496183206106,-25.358778625954198,-15.08586466064453,-3.6176387084960937,1.6519991455078125,-5.022900763358779,8.717557251908397,-14.534351145038167,0.0
30.65000081062317,-15.318102221679686,-1.6903063720703124,6.789955908203124,22.35114503816794,-130.5801526717557,-30.793893129770993,-13.766659545898436,-2.9735984619140625,-0.45010991210937495,9.053435114503817,4.259541984732825,-15.022900763358779,0.0
30.660000324249268,-14.788983654785156,-2.4133552734375,5.140350964355468,33.7557251908397,-141.8320610687023,-31.587786259541986,-9.13627353515625,-0.15083470458984374,-3.3686417358398435,7.847328244274809,0.12213740458015267,-18.870229007633586,0.0
30.670000553131104,-14.10903038330078,-0.8092401611328125,2.8227637573242186,44.595419847328245,-144.3969465648855,-31.755725190839694,-6.787561706542968,0.8355763793945312,-3.976768957519531,-13.068702290076336,12.366412213740459,-17.083969465648856,0.0
30.68000030517578,-13.907917443847655,2.2481553588867187,1.1180921752929687,29.96946564885496,-146.793893129771,-35.32824427480916,-8.310273962402343,-2.89219560546875,-2.7820623291015623,-19.435114503816795,27.17557251908397,-7.480916030534351,0.0
30.690000295639038,-14.994884997558593,2.5665841796874997,-0.3232172241210937,20.47328244274809,-145.3740458015267,-30.900763358778626,-9.303867651367186,-6.449979272460937,-2.0925322509765625,2.717557251908397,28.68702290076336,-7.358778625954199,0.0
30.700000524520874,-11.8369330078125,-0.23223756103515625,-1.637633935546875,32.88549618320611,-138.03053435114504,-21.51145038167939,-9.088389501953124,-6.797138513183594,-1.1611878051757811,27.251908396946565,31.14503816793893,-12.076335877862595,0.0
30.71000051498413,-10.019733947753906,-0.74699091796875,-1.9656395629882812,52.25954198473283,-117.77099236641222,-14.65648854961832,-9.085995300292968,-5.480327600097656,-0.9050082275390624,44.091603053435115,33.05343511450382,-14.244274809160306,0.0
30.720000505447388,-9.588777648925781,0.430956298828125,-1.659181750488281,54.2442748091603,-101.5114503816794,-13.648854961832061,-10.47702646484375,-2.6312276245117188,-1.3311761230468748,59.267175572519086,31.099236641221374,-12.427480916030534,0.0
30.730000495910645,-9.047688073730468,1.3742717529296875,-1.3527239379882812,46.38167938931298,-87.40458015267176,-12.229007633587786,-10.881646545410156,0.0430956298828125,-1.5921441040039062,55.49618320610687,38.213740458015266,-8.748091603053435,0.0
30.740000247955322,-7.876923461914062,1.0103531005859374,-1.0486603271484374,47.02290076335878,-69.09923664122137,-3.877862595419847,-10.453084448242187,1.7788918334960937,-1.2832920898437499,42.80916030534351,42.18320610687023,-2.717557251908397,0.0
30.750000715255737,-7.137115148925781,1.3024457031249999,-0.7781155395507812,43.908396946564885,-51.83206106870229,1.6488549618320612,-11.106701501464842,0.6631938598632812,-0.24899697265624998,29.267175572519083,46.33587786259542,4.412213740458015,0.0
30.760000705718994,-7.333439685058593,1.3311761230468748,-0.928950244140625,37.83206106870229,-37.00763358778626,3.954198473282443,-11.164162341308593,-1.4939818359375,0.469263525390625,29.14503816793893,42.732824427480914,9.007633587786259,0.0
30.77000093460083,-5.932831713867187,0.9337386474609375,-0.7948749511718749,29.129770992366414,-20.80916030534351,4.580152671755725,-11.44667813720703,-1.3359645263671873,-0.08379705810546874,34.091603053435115,35.969465648854964,9.038167938931299,0.0
30.780000686645508,-5.485116003417969,1.5203180541992187,-0.967257470703125,9.709923664122137,-13.877862595419847,3.145038167938931,-10.01015714111328,-0.7422025146484375,-0.5291185668945312,27.00763358778626,30.519083969465647,8.610687022900763,0.0
30.790000677108765,-6.234501123046875,2.6982652709960937,-0.22266075439453123,-10.458015267175572,-3.3893129770992365,1.3587786259541985,-9.85692823486328,-0.181959326171875,-0.7517793212890624,19.053435114503817,25.96946564885496,8.564885496183207,0.0
30.800000429153442,-4.450820886230469,1.4987702392578124,-1.0223241088867188,-26.076335877862597,2.213740458015267,1.450381679389313,-9.265560424804686,0.4261678955078125,-1.2856862915039062,4.778625954198473,26.198473282442748,9.618320610687023,0.0
30.8100004196167,-4.716577270507813,1.4796166259765624,-1.0031704956054688,-39.89312977099237,15.236641221374045,-0.6106870229007634,-8.832209924316405,0.6344634399414062,-1.197100830078125,-8.687022900763358,25.954198473282442,10.16793893129771,0.0
30.820001125335693,-5.346252307128906,2.4660277099609376,-0.7206546997070312,-56.2442748091603,23.83206106870229,-2.687022900763359,-9.70369932861328,-1.0223241088867188,0.5530605834960938,-23.374045801526716,33.969465648854964,12.335877862595419,0.0
30.830000638961792,-5.655104321289063,1.848323681640625,-0.6272808349609375,-72.83969465648855,28.793893129770993,-2.717557251908397,-10.39322940673828,-2.6216508178710938,1.2737152832031249,-26.671755725190838,32.458015267175576,12.351145038167939,0.0
30.840000867843628,-4.948814831542968,-0.5291185668945312,-1.1252747802734375,-70.9618320610687,40.3206106870229,1.1908396946564885,-9.411606726074218,-1.7741034301757812,0.6847416748046875,-24.12213740458015,23.267175572519083,7.786259541984733,0.0
30.850000858306885,-4.920084411621094,-0.2920926025390625,-1.0223241088867188,-71.34351145038168,49.52671755725191,0.21374045801526717,-9.7683427734375,-2.0638018310546875,0.6153098266601562,-28.564885496183205,22.977099236641223,6.763358778625954,0.0
30.860000610351562,-6.79953271484375,1.5251064575195312,0.6296750366210937,-94.13740458015268,55.20610687022901,-3.648854961832061,-9.552864624023437,-1.4963760375976562,0.7422025146484375,-29.31297709923664,20.47328244274809,7.1603053435114505,0.0
30.87000060081482,-5.549759448242187,-2.4109610717773435,1.0773907470703123,-97.81679389312977,58.900763358778626,0.6564885496183206,-9.81862100830078,-2.2170307373046874,0.8595183959960937,-28.35114503816794,18.778625954198475,8.931297709923664,0.0
30.880000591278076,-3.7804444213867185,-5.1882349975585935,1.8219874633789062,-68.85496183206106,73.55725190839695,4.1679389312977095,-9.313444458007812,-2.882618798828125,1.2928688964843749,-24.12213740458015,19.068702290076335,8.0,0.0
30.890000581741333,-4.824316345214844,-5.597643481445312,2.568978381347656,-47.00763358778626,85.7557251908397,-1.5877862595419847,-10.319009155273436,-3.39018955078125,1.2808978881835937,-14.977099236641221,17.6793893129771,7.480916030534351,0.0
30.90000033378601,-5.7149593627929685,-5.832275244140624,3.0334535034179684,-21.801526717557252,95.08396946564885,-8.549618320610687,-10.256759912109374,-3.6559459350585937,0.9337386474609375,-7.786259541984733,13.221374045801527,7.480916030534351,0.0
30.910000562667847,-6.517016918945312,-4.180276098632812,3.5098996337890624,6.152671755725191,104.35114503816794,-12.030534351145038,-10.180145458984374,-3.574543078613281,0.718260498046875,-2.519083969465649,11.358778625954198,7.816793893129771,0.0
30.920000553131104,-7.592013464355468,-1.7741034301757812,4.101267443847656,25.251908396946565,111.29770992366412,-13.83206106870229,-9.928754284667969,-3.1555577880859373,0.7637503295898437,2.33587786259542,8.854961832061068,7.709923664122138,0.0
30.93000078201294,-9.03332286376953,0.2705447875976562,4.800374328613281,41.770992366412216,116.83969465648855,-11.099236641221374,-10.115502014160155,-2.7653029174804686,0.8355763793945312,5.0534351145038165,7.236641221374046,8.15267175572519,0.0
30.940000534057617,-9.720458740234374,1.5538368774414062,5.513846423339843,50.42748091603053,117.78625954198473,-6.793893129770993,-10.12507882080078,-2.2194249389648437,0.8020575561523438,4.33587786259542,6.0458015267175576,8.50381679389313,0.0
30.950000762939453,-10.647014782714843,1.956062756347656,5.961562133789062,49.17557251908397,114.44274809160305,-3.8625954198473282,-10.302249743652343,-1.7908628417968748,0.852335791015625,0.7175572519083969,4.824427480916031,8.488549618320612,0.0
30.96000051498413,-11.221623181152344,2.408566870117187,5.932831713867187,42.656488549618324,109.32824427480917,-2.549618320610687,-10.20169327392578,-1.1372457885742187,0.8068459594726562,-4.305343511450381,4.3816793893129775,8.0,0.0
30.970000743865967,-12.028469140624999,2.978386865234375,5.542576843261719,28.427480916030536,102.22900763358778,-2.2900763358778624,-10.275913525390624,-1.0917559570312498,0.6440402465820312,-9.893129770992367,4.549618320610687,9.145038167938932,0.0
30.980000495910645,-12.306196533203124,1.3958195678710936,4.7572786987304685,13.022900763358779,93.29770992366412,0.07633587786259542,-9.6917283203125,-1.2401964599609374,0.19871873779296872,-16.427480916030536,4.595419847328245,9.938931297709924,0.0
30.990000247955322,-10.319009155273436,-0.5674257934570313,4.534617944335937,17.236641221374047,92.56488549618321,2.213740458015267,-9.56962403564453,-1.8339584716796873,-0.09337386474609374,-20.259541984732824,6.137404580152672,11.419847328244275,0.0
31.000000476837158,-12.150573425292968,1.7238251953125,4.946420629882812,10.702290076335878,86.12213740458016,-1.1755725190839694,-9.80665,-2.683900061035156,-0.3232172241210937,-20.076335877862597,8.427480916030534,12.16793893129771,0.0
31.010000705718994,-12.773065856933593,2.592920397949219,4.8650177734375,8.67175572519084,79.55725190839695,3.6946564885496183,-9.696516723632811,-3.5913024902343746,-1.005564697265625,-17.0381679389313,10.732824427480915,12.50381679389313,0.0
31.02000069618225,-12.842497705078124,1.8914193115234375,4.352658618164062,10.732824427480915,76.76335877862596,14.106870229007633,-9.380482104492186,-3.83072265625,-1.3814543579101561,-16.061068702290076,13.32824427480916,12.061068702290076,0.0
31.030000925064087,-13.065158459472656,1.6543933471679686,4.608838195800781,9.740458015267176,72.18320610687023,18.30534351145038,-9.184157568359375,-3.4165257690429685,-1.2952630981445312,-6.366412213740458,14.641221374045802,11.114503816793894,0.0
31.040000915527344,-13.503297363281249,1.1875240234375,5.346252307128906,7.00763358778626,68.30534351145039,18.916030534351144,-9.636661682128906,-3.883395092773437,-1.0031704956054688,4.854961832061068,14.366412213740459,11.282442748091603,0.0
31.05000066757202,-13.206416357421874,1.5873557006835937,5.899312890625,-7.877862595419847,57.06870229007634,14.946564885496183,-8.528146313476562,-2.7078420776367187,-1.3335703247070312,12.076335877862595,13.511450381679388,10.244274809160306,0.0
31.060000896453857,-11.8369330078125,0.11013327636718749,5.999869360351562,-21.52671755725191,45.770992366412216,11.618320610687023,-9.710881933593749,-3.0214824951171875,-0.5219359619140624,20.12213740458015,16.198473282442748,11.236641221374045,0.0
31.070000648498535,-11.17852755126953,-1.5825672973632812,6.452373474121093,-28.33587786259542,39.587786259541986,8.229007633587786,-8.547299926757812,-0.7613561279296874,-0.51714755859375,21.267175572519083,15.389312977099237,8.687022900763358,0.0
31.08000087738037,-10.747571252441405,-2.3822306518554686,6.380547424316406,-30.977099236641223,35.038167938931295,3.877862595419847,-9.564835632324218,-0.7517793212890624,-0.36391865234375,19.893129770992367,15.786259541984732,11.938931297709924,0.0
31.09000062942505,-8.312668164062499,-2.4588451049804685,5.267243652343749,-33.51145038167939,25.755725190839694,2.183206106870229,-9.6151138671875,-0.24181436767578124,-0.32561142578124996,16.442748091603054,14.702290076335878,14.213740458015268,0.0
31.100000619888306,-7.917624890136718,-2.578555187988281,3.5577836669921874,-37.541984732824424,20.47328244274809,0.6106870229007634,-9.842563024902343,-0.32561142578124996,-0.2442085693359375,12.213740458015268,13.969465648854962,15.603053435114504,0.0
31.110000371932983,-7.905653881835937,-1.6208745239257811,2.2385785522460937,-27.587786259541986,24.366412213740457,-0.061068702290076333,-9.809044201660155,-0.4261678955078125,-0.2154781494140625,5.923664122137405,13.145038167938932,15.908396946564885,0.0
31.12000036239624,-8.489839086914062,-0.2609679809570312,1.1444283935546875,-24.977099236641223,26.045801526717558,-1.8778625954198473,-9.935936889648437,-0.5147533569335937,-0.17956512451171874,0.9618320610687023,11.618320610687023,16.412213740458014,0.0
31.130000591278076,-7.831433630371094,0.06943184814453125,0.33758243408203126,-19.740458015267176,30.47328244274809,-2.030534351145038,-9.926360083007811,-0.689530078125,-0.12689268798828124,-4.748091603053435,10.106870229007633,17.083969465648856,0.0
31.140000581741333,-8.901641772460938,1.177947216796875,-0.17238251953125,-12.977099236641221,39.45038167938932,-1.465648854961832,-9.610325463867188,-0.6153098266601562,-0.10773907470703124,-11.83206106870229,9.145038167938932,16.702290076335878,0.0
31.15000033378601,-7.656656909179687,0.2561795776367187,-0.488417138671875,-2.33587786259542,45.31297709923664,2.4732824427480917,-9.536105212402344,-0.7565677246093749,-0.17477672119140625,-17.328244274809162,7.587786259541985,16.717557251908396,0.0
31.160000562667847,-7.881711865234375,0.59376201171875,-0.15322890625,7.755725190839694,54.10687022900763,3.6946564885496183,-9.488221179199218,-0.8882488159179687,-0.1580173095703125,-23.17557251908397,6.9465648854961835,16.15267175572519,0.0
31.170000553131104,-8.927977990722656,0.9792284790039062,0.47644613037109373,7.877862595419847,59.20610687022901,3.0076335877862594,-9.907206469726562,-1.1061211669921875,-0.086191259765625,-25.84732824427481,6.656488549618321,15.206106870229007,0.0
31.18000054359436,-10.175357055664062,1.5346832641601562,1.6136919189453125,0.22900763358778625,59.20610687022901,2.4732824427480917,-9.926360083007811,-1.0103531005859374,-0.08858546142578125,-28.0,5.099236641221374,15.022900763358779,0.0
31.190000772476196,-9.421183532714844,0.6703764648437499,2.370259643554687,-3.3740458015267176,57.06870229007634,3.5267175572519083,-10.053252770996092,-0.9720458740234375,-0.028730419921875,-28.27480916030534,4.076335877862595,14.687022900763358,0.0
31.200000286102295,-10.326191760253906,0.9911994873046874,3.105279553222656,-6.0,53.954198473282446,2.4885496183206106,-9.732429748535155,-1.0031704956054688,0.16759411621093748,-28.977099236641223,3.1603053435114505,15.038167938931299,0.0
31.21000051498413,-11.104307299804686,1.659181750488281,3.4165257690429685,-12.213740458015268,48.97709923664122,1.1603053435114503,-10.266336718749999,-1.4030021728515625,0.3112462158203125,-26.18320610687023,3.1755725190839694,16.717557251908396,0.0
31.220000505447388,-10.78348427734375,1.8698714965820311,3.277662072753906,-19.52671755725191,38.18320610687023,2.2290076335877864,-9.64623848876953,-0.948103857421875,0.1484405029296875,-24.80916030534351,1.4045801526717556,16.045801526717558,0.0
31.230000495910645,-11.034875451660156,0.9816226806640624,2.291250988769531,-24.50381679389313,28.80916030534351,4.213740458015267,-9.732429748535155,-0.7829039428710937,0.0718260498046875,-22.65648854961832,1.618320610687023,17.022900763358777,0.0
31.2400004863739,-10.955866796875,2.2481553588867187,2.8467057739257813,-23.709923664122137,26.931297709923665,4.33587786259542,-10.129867224121092,-1.0821791503906248,0.201112939453125,-20.137404580152673,3.068702290076336,17.83206106870229,0.0
31.250000476837158,-10.175357055664062,1.9105729248046874,2.157175695800781,-30.778625954198475,19.96946564885496,3.7251908396946565,-10.261548315429687,-0.8571241943359375,0.08379705810546874,-16.870229007633586,4.0458015267175576,17.114503816793892,0.0
31.260000467300415,-10.311826550292968,2.0829554443359375,1.5275006591796874,-43.23664122137404,10.305343511450381,3.877862595419847,-10.232817895507813,-0.8092401611328125,0.0430956298828125,-13.541984732824428,4.229007633587786,17.282442748091604,0.0
31.27000069618225,-9.842563024902343,1.2665326782226562,1.1037269653320312,-38.274809160305345,9.511450381679388,6.67175572519084,-10.429142431640624,-0.7661445312499999,-0.009576806640625,-9.282442748091603,5.984732824427481,18.091603053435115,0.0
31.280000686645508,-9.093177905273437,1.1037269653320312,0.7613561279296874,-29.068702290076335,10.213740458015268,9.526717557251908,-9.603142858886718,-0.277727392578125,-0.201112939453125,-6.732824427480916,4.473282442748092,17.893129770992367,0.0
31.290000677108765,-9.567229833984374,2.0446482177734375,0.49320554199218747,-26.47328244274809,10.748091603053435,10.992366412213741,-10.127473022460936,-0.3064578125,-0.29448680419921874,-4.290076335877862,4.748091603053435,19.358778625954198,0.0
31.3000009059906,-9.442731347656249,1.917755529785156,0.22026655273437498,-24.076335877862597,12.122137404580153,12.854961832061068,-9.991003527832031,-0.22266075439453123,-0.3447650390625,-2.7480916030534353,4.2748091603053435,19.61832061068702,0.0
31.31000065803528,-9.117119921875,1.2689268798828124,0.10773907470703124,-23.114503816793892,12.16793893129771,14.030534351145038,-9.947907897949218,-0.19632453613281248,-0.1292868896484375,-2.183206106870229,3.9236641221374047,19.46564885496183,0.0
31.320001125335693,-9.052476477050782,0.5458779785156249,0.1149216796875,-21.984732824427482,12.793893129770993,13.49618320610687,-10.09395419921875,-0.15562310791015624,0.040701428222656245,-2.16793893129771,3.114503816793893,19.31297709923664,0.0
31.330000400543213,-8.990227233886719,-0.6009446166992187,0.239420166015625,-16.519083969465647,14.50381679389313,12.122137404580153,-10.070012182617187,-0.2442085693359375,0.2561795776367187,-3.633587786259542,1.9389312977099236,18.9618320610687,0.0
31.340001106262207,-8.971073620605468,-1.0390835205078124,0.5195417602539062,-9.755725190839694,15.648854961832061,9.19083969465649,-9.849745629882811,0.13407529296874998,0.3112462158203125,-5.969465648854962,0.7786259541984732,17.603053435114504,0.0
31.350000619888306,-9.749189160156249,-0.7781155395507812,0.7110778930664062,-4.534351145038168,16.290076335877863,6.0,-9.988609326171874,0.04548983154296875,0.35673604736328124,-9.19083969465649,0.2900763358778626,17.022900763358777,0.0
31.360000610351562,-9.907206469726562,-0.3016694091796875,0.6105214233398437,1.450381679389313,16.53435114503817,3.1755725190839694,-9.823409411621093,0.39983167724609375,0.3854664672851562,-12.259541984732824,-1.083969465648855,16.16793893129771,0.0
31.37000036239624,-10.381258398437499,0.9409212524414062,0.5722141967773438,3.5419847328244276,15.282442748091603,0.44274809160305345,-10.002974536132811,-0.47165772705078124,0.7517793212890624,-14.793893129770993,-1.1450381679389312,16.0,0.0
31.380000591278076,-10.254365710449218,1.4508862060546874,0.45010991210937495,6.5038167938931295,15.022900763358779,0.5954198473282443,-9.555258825683593,-0.17956512451171874,0.19871873779296872,-9.099236641221374,-9.053435114503817,13.114503816793894,0.0
31.390000581741333,-10.867281335449219,2.7198130859375,0.37828386230468747,4.8396946564885495,13.969465648854962,0.6870229007633588,-9.809044201660155,0.43574470214843747,-0.21787235107421873,-10.427480916030534,-10.748091603053435,11.465648854961833,0.0
31.40000057220459,-10.172962854003906,3.095702746582031,0.22505495605468748,2.5801526717557253,14.091603053435115,2.564885496183206,-9.832986218261718,-0.21787235107421873,0.3806780639648437,-18.80916030534351,-7.374045801526718,11.49618320610687,0.0
31.410000324249268,-10.204087475585936,3.4620156005859375,0.143652099609375,-5.938931297709924,12.381679389312977,4.122137404580153,-9.370905297851563,1.0103531005859374,0.02154781494140625,-21.358778625954198,-10.045801526717558,9.801526717557252,0.0
31.420000314712524,-9.935936889648437,3.21780703125,0.07900865478515624,-10.65648854961832,11.801526717557252,5.511450381679389,-9.907206469726562,0.1149216796875,-0.00239420166015625,-26.519083969465647,-7.267175572519084,10.366412213740459,0.0
31.43000030517578,-9.821015209960937,2.592920397949219,-0.08379705810546874,-16.595419847328245,11.236641221374045,7.145038167938932,-10.098742602539062,-0.565031591796875,0.17238251953125,-24.3206106870229,-6.900763358778626,9.389312977099237,0.0
31.440000534057617,-9.773131176757811,1.7501614135742187,-0.26815058593749996,-16.12213740458015,10.961832061068701,7.770992366412214,-11.008539233398437,-2.530671154785156,0.48123453369140623,-14.65648854961832,-6.259541984732825,9.450381679389313,0.0
31.450000524520874,-9.519345800781249,1.209071838378906,-0.20350714111328125,-13.694656488549619,12.198473282442748,8.244274809160306,-10.620678564453124,-1.1635820068359375,-0.29448680419921874,-6.0,-9.786259541984732,5.694656488549619,0.0
31.46000051498413,-9.327809667968749,1.419761584472656,0.05027823486328125,-14.412213740458014,11.19083969465649,7.587786259541985,-10.864887133789061,-1.6807295654296874,-1.0845733520507812,1.5419847328244274,-13.007633587786259,3.572519083969466,0.0
31.470000743865967,-9.205705383300781,0.7972691528320313,0.08140285644531249,-14.427480916030534,11.114503816793894,6.854961832061068,-11.595118640136718,-2.001552587890625,0.3112462158203125,13.053435114503817,-11.16030534351145,2.0916030534351147,0.0
31.480000495910645,-9.519345800781249,0.7733271362304687,0.1484405029296875,-11.679389312977099,11.053435114503817,5.236641221374046,-10.663774194335938,-1.3048399047851562,-0.14125789794921875,23.480916030534353,-18.99236641221374,-2.3053435114503817,0.0
31.490000247955322,-9.488221179199218,0.4836287353515625,0.24660277099609373,-2.4885496183206106,13.526717557251908,3.83206106870229,-10.014945544433592,0.4644751220703125,0.19153613281249998,24.778625954198475,-22.244274809160306,-5.099236641221374,0.0
31.500000476837158,-9.926360083007811,1.9009961181640624,0.6607996582031249,-0.48854961832061067,13.770992366412214,2.0610687022900764,-9.411606726074218,2.059013427734375,-0.5219359619140624,14.442748091603054,-23.022900763358777,-5.847328244274809,0.0
31.510000705718994,-10.235212097167969,2.233790148925781,0.8403647827148437,-4.549618320610687,11.648854961832061,2.1374045801526718,-10.280701928710936,0.8212111694335937,0.6440402465820312,3.312977099236641,-14.732824427480915,-2.6106870229007635,0.0
31.52000069618225,-9.873687646484374,1.936909143066406,0.8954314208984374,-6.778625954198473,9.19083969465649,2.3206106870229006,-9.60793126220703,1.8818425048828125,0.38786066894531246,0.549618320610687,-17.893129770992367,-5.603053435114504,0.0
31.53000044822693,-9.789890588378906,1.5179238525390624,0.9265560424804687,-1.8473282442748091,7.8320610687022905,3.0076335877862594,-10.072406384277343,0.33518823242187495,0.74699091796875,-8.977099236641221,-12.16793893129771,-5.908396946564886,0.0
31.540000915527344,-9.823409411621093,1.2808978881835937,0.9911994873046874,2.7938931297709924,6.656488549618321,3.5114503816793894,-9.904812268066406,0.23223756103515625,1.0103531005859374,-10.13740458015267,-13.648854961832061,-6.916030534351145,0.0
31.55000066757202,-9.773131176757811,1.2042834350585936,0.9504980590820312,8.274809160305344,5.00763358778626,4.244274809160306,-9.916783276367187,-0.3758896606445312,1.1635820068359375,-10.778625954198473,-13.98473282442748,-7.374045801526718,0.0
31.560000896453857,-9.481038574218749,0.4908113403320312,0.6392518432617187,14.50381679389313,3.8931297709923665,4.213740458015267,-11.384428894042967,-1.3335703247070312,0.9911994873046874,-1.6488549618320612,-17.404580152671755,-7.251908396946565,0.0
31.570000648498535,-8.738836059570312,0.6967126831054687,0.7038952880859375,28.244274809160306,7.709923664122138,2.7480916030534353,-9.967061511230469,-0.8906430175781249,0.7493851196289062,2.1526717557251906,-23.358778625954198,-11.694656488549619,0.0
31.58000087738037,-8.851363537597656,0.6751648681640625,0.239420166015625,25.282442748091604,5.129770992366412,1.6793893129770991,-10.204087475585936,-1.917755529785156,1.7501614135742187,11.923664122137405,-26.763358778625953,-13.312977099236642,0.0
31.59000062942505,-9.756371765136718,1.7932570434570312,0.40940848388671874,21.435114503816795,4.442748091603053,0.015267175572519083,-9.969455712890625,-2.051830822753906,1.1707646118164061,24.549618320610687,-32.58015267175573,-15.786259541984732,0.0
31.600000619888306,-10.474632263183594,3.361459130859375,0.9265560424804687,18.076335877862597,7.099236641221374,-2.4885496183206106,-9.667786303710937,-0.7637503295898437,1.1540052001953125,31.72519083969466,-37.343511450381676,-19.64885496183206,0.0
31.610000610351562,-9.72285294189453,2.24097275390625,0.3327940307617187,3.8931297709923665,0.6717557251908397,-0.8549618320610687,-8.559270935058594,2.1739351074218747,0.2657563842773437,20.27480916030534,-36.67175572519084,-21.206106870229007,0.0
31.62000060081482,-9.900023864746093,2.2744915771484373,0.6967126831054687,5.770992366412214,3.6030534351145036,0.0916030534351145,-9.272743029785156,1.8411410766601561,0.2825157958984375,-2.3969465648854964,-28.16793893129771,-17.61832061068702,0.0
31.630000352859497,-10.005368737792969,2.3439234252929686,0.7541735229492187,-0.549618320610687,3.267175572519084,-0.549618320610687,-9.267954626464844,1.1133037719726562,0.9888052856445312,-16.30534351145038,-20.549618320610687,-15.587786259541986,0.0
31.640000581741333,-10.486603271484375,2.6096798095703124,0.7015010864257812,-7.038167938931298,-0.07633587786259542,0.6106870229007634,-9.521740002441407,-0.07422025146484375,1.1923124267578125,-14.183206106870228,-21.404580152671755,-15.17557251908397,0.0
31.65000057220459,-10.453084448242187,2.3918074584960936,0.8930372192382812,-5.00763358778626,-0.13740458015267176,2.885496183206107,-10.730811840820312,-1.838746875,1.8100164550781248,-15.007633587786259,-16.9618320610687,-13.694656488549619,0.0
31.660000562667847,-9.651026892089844,1.7022773803710936,1.350329736328125,-2.7938931297709924,-0.8244274809160306,6.076335877862595,-9.054870678710937,-0.2561795776367187,1.005564697265625,-12.610687022900763,-22.442748091603054,-15.725190839694656,0.0
31.670000553131104,-10.089165795898436,0.565031591796875,2.39420166015625,-0.5648854961832062,-1.6641221374045803,7.190839694656488,-9.2320416015625,-1.2042834350585936,1.2617442749023438,-11.389312977099237,-20.931297709923665,-15.114503816793894,0.0
31.68000054359436,-10.436325036621094,-0.6416460449218749,3.239354846191406,5.862595419847328,-4.717557251908397,6.412213740458015,-9.188945971679686,-2.4396914916992185,1.47482822265625,4.183206106870229,-29.267175572519083,-15.450381679389313,0.0
31.690000295639038,-10.484209069824217,-0.9840168823242187,3.5122938354492184,22.625954198473284,-9.206106870229007,4.412213740458015,-10.369287390136718,-3.1364041748046874,1.7357962036132812,18.061068702290076,-31.0381679389313,-16.091603053435115,0.0
31.700000286102295,-10.117896215820313,-0.7829039428710937,3.0980969482421874,38.916030534351144,-12.854961832061068,4.748091603053435,-9.409212524414063,-1.3958195678710936,0.6057330200195312,30.16793893129771,-41.16030534351145,-20.793893129770993,0.0
31.71000075340271,-10.268730920410155,0.3280056274414062,3.1747114013671873,53.3587786259542,-16.580152671755727,5.908396946564886,-8.317456567382813,-1.218648645019531,2.1260510742187497,32.534351145038165,-42.595419847328245,-21.862595419847327,0.0
31.720000505447388,-11.243170996093749,3.0238766967773434,4.108450048828125,53.81679389312977,-21.00763358778626,6.061068702290076,-8.032546569824218,0.5434837768554687,0.7924807495117187,25.786259541984734,-42.717557251908396,-22.061068702290076,0.0
31.730000495910645,-11.535263598632811,4.623203405761719,6.016628771972656,34.62595419847328,-36.42748091603053,8.0,-9.246406811523437,-0.45968671875,1.5490484741210937,19.068702290076335,-38.091603053435115,-18.870229007633586,0.0
31.7400004863739,-14.226346264648436,6.112396838378906,9.481038574218749,27.282442748091604,-49.11450381679389,11.679389312977099,-9.153032946777342,0.4429273071289062,0.8930372192382812,17.389312977099237,-40.10687022900763,-18.47328244274809,0.0
31.750000476837158,-12.081141577148436,6.198588098144531,8.226476904296874,24.885496183206108,-74.99236641221374,19.572519083969464,-7.716511950683593,1.6208745239257811,0.9648632690429687,3.66412213740458,-36.97709923664122,-20.091603053435115,0.0
31.760000705718994,-10.27830772705078,6.100425830078125,7.40526573486328,13.84732824427481,-94.12213740458016,23.96946564885496,-8.166621862792969,2.2673089721679687,0.6296750366210937,-6.549618320610687,-34.50381679389313,-18.259541984732824,0.0
31.770000457763672,-9.047688073730468,6.133944653320312,5.796362219238281,-7.145038167938932,-111.37404580152672,23.206106870229007,-8.461108666992187,-0.3687070556640625,1.3359645263671873,-23.557251908396946,-22.30534351145038,-13.236641221374045,0.0
31.780000686645508,-7.529764221191406,5.013458276367187,1.8195932617187498,-32.458015267175576,-125.22137404580153,24.259541984732824,-8.482656481933594,0.06943184814453125,1.2042834350585936,-10.549618320610687,-25.328244274809162,-13.954198473282442,0.0
31.790000677108765,-5.884947680664062,1.3551181396484375,-2.214636535644531,-45.70992366412214,-126.30534351145039,25.00763358778626,-8.712499841308594,-1.13006318359375,1.0893617553710937,-4.67175572519084,-21.801526717557252,-15.84732824427481,0.0
31.800000429153442,-3.143586779785156,-1.7597382202148437,-0.2059013427734375,-39.66412213740458,-118.62595419847328,21.66412213740458,-7.903259680175781,-0.7062894897460937,1.0654197387695312,3.3435114503816794,-22.870229007633586,-17.435114503816795,0.0
31.81000065803528,-2.8467057739257813,-3.2130186279296873,-3.5314474487304683,-28.717557251908396,-110.33587786259542,14.67175572519084,-7.532158422851562,0.01915361328125,0.7565677246093749,10.488549618320612,-22.931297709923665,-18.33587786259542,0.0
31.820000886917114,-2.806004345703125,-5.195417602539062,-4.422090466308593,-9.908396946564885,-93.87786259541984,5.877862595419847,-7.307103466796875,0.19153613281249998,0.7326257080078125,13.404580152671755,-20.900763358778626,-18.290076335877863,0.0
31.830000400543213,-4.094084838867187,-4.515464331054687,-3.5027170288085934,26.27480916030534,-71.55725190839695,2.0610687022900764,-7.230489013671875,0.0430956298828125,0.9600748657226562,17.480916030534353,-18.946564885496183,-17.557251908396946,0.0
31.840000867843628,-7.098807922363281,0.7230489013671875,-2.473210314941406,52.58015267175573,-50.54961832061068,-0.1984732824427481,-8.844180932617187,-1.2952630981445312,1.0271125122070313,27.221374045801525,-19.66412213740458,-14.030534351145038,0.0
31.850000619888306,-8.556876733398436,4.197035510253906,-1.3934253662109375,54.29007633587786,-36.091603053435115,1.5877862595419847,-6.902483386230468,-0.5722141967773438,1.209071838378906,34.717557251908396,-26.65648854961832,-14.442748091603054,0.0
31.860000371932983,-10.632649572753905,5.324704492187499,0.03591302490234375,42.656488549618324,-27.633587786259543,5.343511450381679,-7.934384301757812,-1.0965443603515623,1.4532804077148436,37.06870229007634,-26.091603053435115,-11.679389312977099,0.0
31.87000036239624,-12.203245861816406,5.882553479003906,2.090138049316406,26.99236641221374,-17.557251908396946,6.99236641221374,-8.947131604003905,-1.0917559570312498,1.697488977050781,40.76335877862596,-28.106870229007633,-10.610687022900763,0.0
31.880000591278076,-13.002909216308593,5.6574985229492185,3.8379052612304685,2.0610687022900764,-16.366412213740457,4.580152671755725,-7.364564306640625,1.2138602416992186,1.678335363769531,31.81679389312977,-27.49618320610687,-13.282442748091603,0.0
31.890000343322754,-13.376404675292967,5.6574985229492185,5.351040710449219,-19.72519083969466,-19.770992366412212,0.6870229007633588,-8.686163623046875,1.848323681640625,2.0781670410156248,11.358778625954198,-20.442748091603054,-12.458015267175572,0.0
31.90000057220459,-10.991779821777342,3.066972326660156,4.88417138671875,-37.87786259541985,-27.206106870229007,-1.099236641221374,-13.575123413085937,0.9576806640625,1.9847931762695312,-16.748091603053435,2.7938931297709924,-8.305343511450381,0.0
31.910000562667847,-8.389282617187499,0.2825157958984375,4.766855505371093,-41.05343511450382,-29.61832061068702,-4.595419847328245,-12.674903588867187,-0.5051765502929687,3.0406361083984375,-20.12213740458015,-3.480916030534351,-7.786259541984733,0.0
31.920000553131104,-8.501810095214843,-0.97683427734375,3.4907460205078125,-30.213740458015266,-33.31297709923664,-12.854961832061068,-11.719617126464843,-0.22744915771484372,2.8467057739257813,-14.427480916030534,-7.129770992366412,-11.709923664122137,0.0
31.93000078201294,-6.574477758789062,-0.4429273071289062,3.1794998046874996,-15.404580152671755,-34.83969465648855,-17.297709923664122,-11.204863769531249,-1.4413093994140624,2.925714428710937,-13.404580152671755,-4.809160305343512,-13.312977099236642,0.0
31.940000534057617,-8.21690009765625,2.6791116577148437,2.8012159423828122,-7.206106870229007,-36.74809160305343,-19.51145038167939,-10.730811840820312,-1.2952630981445312,2.133233679199219,-11.34351145038168,-7.694656488549619,-10.717557251908397,0.0
31.950000524520874,-9.014169250488282,3.248931652832031,3.239354846191406,-3.572519083969466,-34.396946564885496,-19.389312977099237,-9.715670336914062,-0.6057330200195312,1.1372457885742187,-13.786259541984732,-8.641221374045802,-9.114503816793894,0.0
31.96000051498413,-8.202534887695313,3.766079211425781,3.2920272827148436,-1.3587786259541985,-38.229007633587784,-17.61832061068702,-8.607154968261717,0.19393033447265623,0.411802685546875,-17.053435114503817,-5.236641221374046,-8.778625954198473,0.0
31.970000982284546,-10.505756884765624,4.671087438964843,4.1563340820312495,-9.282442748091603,-37.57251908396947,-14.01526717557252,-6.849810949707031,1.9129671264648436,-0.3184288208007812,-27.19083969465649,1.4961832061068703,-10.076335877862595,0.0
31.980000734329224,-9.87608184814453,4.216189123535156,4.371812231445312,-18.213740458015266,-36.97709923664122,-9.664122137404581,-9.552864624023437,0.8116343627929687,0.37828386230468747,-41.02290076335878,18.48854961832061,-6.564885496183206,0.0
31.990000247955322,-9.811438403320311,2.901772412109375,3.4931402221679684,-25.786259541984734,-39.908396946564885,-6.900763358778626,-10.58476553955078,0.46208092041015625,0.8044517578125,-42.3206106870229,22.870229007633586,-6.106870229007634,0.0
32.00000023841858,-8.94473740234375,1.2210428466796874,4.005499377441406,-19.603053435114504,-36.42748091603053,-6.854961832061068,-9.583989245605467,0.3447650390625,0.15322890625,-46.030534351145036,25.84732824427481,-9.587786259541986,0.0
32.010000705718994,-9.97903251953125,2.138022082519531,5.877765075683594,-10.213740458015268,-31.297709923664122,-10.229007633587786,-12.794613671875,-4.0222587890625,2.0470424194335934,-49.465648854961835,36.88549618320611,-6.198473282442748,0.0
32.02000069618225,-12.387599389648436,4.340687609863281,7.620743884277343,-17.755725190839694,-37.7557251908397,-11.877862595419847,-14.784195251464842,-4.295197778320312,2.123656872558594,-29.938931297709924,28.244274809160306,-12.183206106870228,0.0
32.03000068664551,-13.402740893554686,2.2266075439453124,8.769960681152343,-16.33587786259542,-49.49618320610687,-6.961832061068702,-14.69082138671875,-3.4668040039062498,2.798821740722656,-17.022900763358777,33.45038167938932,-13.679389312977099,0.0
32.040000438690186,-13.235146777343749,-1.3431471313476562,10.046070166015625,-0.6870229007633588,-57.81679389312977,-4.259541984732825,-13.153743920898437,0.5315127685546874,1.01514150390625,4.244274809160306,18.900763358778626,-10.534351145038167,0.0
32.05000042915344,-12.540828295898438,-4.477157104492187,10.058041174316406,33.70992366412214,-65.00763358778626,-3.145038167938931,-9.564835632324218,4.240131140136718,-0.7757213378906249,-10.16793893129771,20.977099236641223,-7.541984732824427,0.0
32.06000089645386,-12.722787622070312,-3.9887399658203124,9.397241516113281,63.3587786259542,-72.30534351145039,-5.9541984732824424,-10.589553942871094,0.8595183959960937,-0.4381389038085937,-28.65648854961832,29.419847328244273,0.7938931297709924,0.0
32.070000886917114,-14.219163659667968,-0.5746083984375,8.403647827148436,61.23664122137404,-88.65648854961832,-14.80916030534351,-10.819397302246093,-1.2761094848632812,-0.44053310546874996,-21.49618320610687,23.908396946564885,4.0,0.0
32.08000087738037,-15.638925244140625,1.6472107421875,7.9272016967773435,46.274809160305345,-106.42748091603053,-20.27480916030534,-8.961496813964843,-0.842758984375,-1.216254443359375,-15.19083969465649,20.793893129770993,0.4732824427480916,0.0
32.09000062942505,-14.666879370117186,2.4851813232421875,6.105214233398437,22.396946564885496,-124.99236641221374,-21.61832061068702,-9.004592443847656,-2.0278888061523435,-0.8714894042968749,-16.53435114503817,23.893129770992367,1.1755725190839694,0.0
32.100000619888306,-13.974955090332031,2.6288334228515624,3.4931402221679684,-1.984732824427481,-136.91603053435114,-22.290076335877863,-10.560823522949217,-3.2513258544921873,-1.1923124267578125,-10.687022900763358,25.96946564885496,5.541984732824427,0.0
32.11000061035156,-11.851298217773437,1.8148048583984373,0.9457096557617187,-18.946564885496183,-143.4198473282443,-22.3206106870229,-9.868899243164062,-4.120421057128906,-1.0342951171875,6.656488549618321,24.870229007633586,4.809160305343512,0.0
32.12000060081482,-11.087547888183593,0.5506663818359374,-0.9816226806640624,-16.916030534351144,-138.13740458015266,-19.297709923664122,-8.623914379882812,-2.834734765625,-1.9895815795898437,16.16793893129771,24.290076335877863,1.2366412213740459,0.0
32.130000591278076,-8.396465222167969,-1.3742717529296875,-2.5761609863281247,-2.885496183206107,-125.81679389312977,-13.32824427480916,-9.272743029785156,-2.877830395507812,-2.176329309082031,13.709923664122137,30.53435114503817,2.213740458015267,0.0
32.14000082015991,-7.003039855957031,-1.7717092285156248,-2.6001030029296874,9.938931297709924,-106.61068702290076,-10.122137404580153,-9.253589416503905,-2.8107927490234372,-1.8100164550781248,11.98473282442748,34.50381679389313,3.1297709923664123,0.0
32.15000057220459,-6.335057592773437,-1.467645617675781,-1.8626888916015625,16.412213740458014,-89.0381679389313,-10.65648854961832,-9.588777648925781,-3.5865140869140624,-1.0271125122070313,13.49618320610687,37.14503816793893,4.3816793893129775,0.0
32.160000801086426,-6.224924316406249,-0.9097966308593749,-1.0989385620117187,27.69465648854962,-67.6030534351145,-7.0534351145038165,-9.900023864746093,-3.4524387939453125,-0.6153098266601562,17.19083969465649,36.0763358778626,4.793893129770993,0.0
32.1700005531311,-6.53138212890625,0.7852981445312499,-0.5698199951171875,34.68702290076336,-47.20610687022901,-3.2213740458015265,-8.94473740234375,-2.858676782226562,0.39264907226562495,12.885496183206106,37.14503816793893,3.572519083969466,0.0
32.18000054359436,-6.153098266601562,1.3383587280273437,-0.41898529052734373,29.19083969465649,-32.091603053435115,-0.6106870229007634,-11.046846459960937,-2.492363928222656,0.5530605834960938,12.396946564885496,36.0,5.984732824427481,0.0
32.19000029563904,-5.892130285644531,1.3000515014648437,-0.26336218261718747,20.412213740458014,-16.549618320610687,0.7480916030534351,-10.079588989257813,-1.668758557128906,1.13006318359375,10.732824427480915,34.274809160305345,5.66412213740458,0.0
32.200000524520874,-6.076483813476562,1.7693150268554687,-0.5578489868164063,5.114503816793893,-8.045801526717558,-0.7633587786259542,-9.97184991455078,0.086191259765625,0.47644613037109373,0.9007633587786259,33.02290076335878,6.534351145038168,0.0
32.21000051498413,-7.079654309082031,3.411737365722656,0.15322890625,-18.564885496183205,-1.3893129770992367,-2.9160305343511452,-10.330980163574218,-1.2330138549804688,0.7445967163085937,-14.412213740458014,36.01526717557252,10.030534351145038,0.0
32.22000050544739,-7.235277416992187,2.9975404785156248,0.01915361328125,-44.6412213740458,1.9541984732824427,-1.7251908396946565,-10.333374365234375,-3.5960908935546874,1.6711527587890624,-9.770992366412214,28.778625954198475,10.83969465648855,0.0
32.230000495910645,-6.5601125488281244,1.3646949462890625,-0.39983167724609375,-57.43511450381679,8.778625954198473,0.9923664122137404,-10.235212097167969,-4.182670300292968,1.9680337646484374,-0.4580152671755725,24.290076335877863,7.358778625954199,0.0
32.2400004863739,-6.114791040039062,0.9097966308593749,-0.5746083984375,-60.778625954198475,17.480916030534353,2.8702290076335877,-9.02135185546875,-1.2617442749023438,1.0558429321289062,3.0839694656488548,13.84732824427481,1.7557251908396947,0.0
32.25000047683716,-5.786785412597656,0.9983820922851562,-0.6775590698242188,-65.19083969465649,26.564885496183205,3.633587786259542,-9.617508068847656,-0.1197100830078125,0.6200982299804687,-7.175572519083969,11.34351145038168,2.732824427480916,0.0
32.260000705718994,-4.979939453125,-0.2657563842773437,-0.8116343627929687,-73.77099236641222,37.31297709923664,4.076335877862595,-9.289502441406249,0.6607996582031249,0.7038952880859375,-21.297709923664122,11.068702290076336,4.305343511450381,0.0
32.27000069618225,-4.915296008300781,-1.4796166259765624,-0.7278373046875,-70.74809160305344,51.7557251908397,2.8702290076335877,-9.662997900390625,-0.14125789794921875,0.5889736083984375,-32.13740458015267,11.435114503816793,5.32824427480916,0.0
32.28000068664551,-4.987122058105468,-1.7717092285156248,0.22266075439453123,-67.02290076335878,63.16030534351145,0.2748091603053435,-9.406818322753905,-0.8690952026367187,0.2825157958984375,-37.17557251908397,10.65648854961832,5.083969465648855,0.0
32.290000677108765,-4.944026428222656,-2.2553379638671873,0.4860229370117187,-62.93129770992366,72.79389312977099,-1.8015267175572518,-9.813832604980469,-2.4588451049804685,-0.086191259765625,-37.7557251908397,11.068702290076336,6.412213740458015,0.0
32.3000009059906,-5.681440539550781,-3.545812658691406,1.197100830078125,-48.50381679389313,86.44274809160305,-0.6717557251908397,-10.742782849121093,-4.237736938476562,0.028730419921875,-25.740458015267176,10.0,7.862595419847328,0.0
32.31000065803528,-6.110002636718749,-3.909731311035156,2.2481553588867187,-37.908396946564885,95.49618320610686,-3.0229007633587788,-9.777919580078125,-3.890577697753906,0.201112939453125,-15.557251908396946,8.931297709923664,7.022900763358779,0.0
32.320000886917114,-7.204152795410156,-3.210624426269531,3.4261025756835934,-21.46564885496183,102.91603053435115,-4.030534351145038,-8.621520178222656,-1.879448303222656,-0.17477672119140625,-9.312977099236642,7.099236641221374,6.290076335877862,0.0
32.33000087738037,-8.295908752441406,-1.5442600708007812,4.192247106933594,-9.98473282442748,107.08396946564885,-4.2748091603053435,-9.548076220703125,-2.6001030029296874,-0.04548983154296875,-8.65648854961832,10.045801526717558,10.625954198473282,0.0
32.34000062942505,-8.475473876953124,-0.2442085693359375,3.9935283691406247,-6.519083969465649,108.35114503816794,-3.8473282442748094,-9.41639512939453,-2.4205378784179685,0.03591302490234375,-3.1908396946564888,9.603053435114504,10.946564885496183,0.0
32.350000619888306,-9.198522778320312,0.612915625,3.921702319335937,-1.2213740458015268,109.87786259541984,-2.122137404580153,-10.091559997558592,-2.9472622436523435,-0.033518823242187495,0.4580152671755725,10.091603053435115,11.312977099236642,0.0
32.36000037193298,-10.295067138671874,0.9696516723632812,4.673481640625,3.4656488549618323,111.52671755725191,2.1374045801526718,-10.058041174316406,-2.6815058593749996,-0.16759411621093748,2.8091603053435112,8.717557251908397,11.022900763358779,0.0
32.37000060081482,-11.434707128906249,1.1444283935546875,5.674257934570313,8.870229007633588,110.59541984732824,7.038167938931298,-10.196904870605469,-2.3032219970703123,-0.2442085693359375,3.7709923664122136,8.458015267175572,11.755725190839694,0.0
32.380000591278076,-12.188880651855468,0.5458779785156249,6.6702458251953125,13.770992366412214,108.07633587786259,12.717557251908397,-10.026916552734374,-1.7836802368164062,-0.35673604736328124,2.687022900763359,8.534351145038167,12.625954198473282,0.0
32.39000082015991,-12.289437121582031,0.5123591552734374,6.964732629394531,8.106870229007633,98.21374045801527,14.106870229007633,-10.065223779296874,-1.7118541870117185,-0.5027823486328125,0.9312977099236641,9.419847328244275,14.381679389312977,0.0
32.40000057220459,-7.879317663574218,-2.748543505859375,5.252878442382812,21.0381679389313,85.89312977099236,20.641221374045802,-9.95987890625,-1.4796166259765624,-0.7062894897460937,-1.297709923664122,10.534351145038167,15.679389312977099,0.0
32.41000056266785,-10.333374365234375,-0.9576806640625,6.3709706176757805,28.076335877862597,86.41221374045801,17.938931297709924,-9.430760339355468,-1.3024457031249999,-0.7781155395507812,-3.49618320610687,11.267175572519085,15.541984732824428,0.0
32.4200005531311,-11.88721124267578,0.411802685546875,6.687005236816406,27.755725190839694,79.25190839694656,16.80916030534351,-10.156203442382813,-2.5450363647460934,-0.7661445312499999,-5.587786259541985,15.938931297709924,17.755725190839694,0.0
32.43000030517578,-11.030087048339842,0.6871358764648438,5.928043310546875,24.427480916030536,69.02290076335878,18.793893129770993,-8.805873706054687,-2.7557261108398436,-0.7948749511718749,-2.595419847328244,12.50381679389313,16.015267175572518,0.0
32.44000053405762,-12.409147204589843,1.2138602416992186,6.275202551269531,18.99236641221374,60.94656488549618,18.48854961832061,-9.938331091308592,-3.2321722412109373,-0.6823474731445313,3.49618320610687,15.541984732824428,15.694656488549619,0.0
32.45000076293945,-11.10191309814453,-1.3096283081054687,6.58884296875,13.725190839694656,49.69465648854962,18.045801526717558,-9.600748657226562,-2.4779987182617185,-0.7900865478515624,8.687022900763358,13.954198473282442,14.458015267175572,0.0
32.46000027656555,-11.441889733886718,-2.5761609863281247,7.089231115722656,20.625954198473284,42.70229007633588,16.900763358778626,-9.229647399902344,-1.8770541015625,-0.5865794067382812,8.534351145038167,13.801526717557252,14.229007633587786,0.0
32.47000050544739,-13.51526837158203,-0.7038952880859375,7.292738256835937,20.68702290076336,34.01526717557252,12.13740458015267,-9.354145886230468,-1.5298948608398437,-0.2753331909179687,8.50381679389313,14.427480916030534,13.770992366412214,0.0
32.480000257492065,-13.306972827148437,1.8315642700195311,6.423643054199219,14.106870229007633,20.748091603053435,10.488549618320612,-9.955090502929687,-1.4508862060546874,-0.0718260498046875,7.343511450381679,13.618320610687023,14.030534351145038,0.0
32.4900004863739,-11.999738720703125,2.748543505859375,4.905719201660156,9.435114503816793,14.366412213740459,10.687022900763358,-9.969455712890625,-1.3168109130859373,0.062249243164062495,5.679389312977099,12.717557251908397,14.13740458015267,0.0
32.50000047683716,-9.928754284667969,2.3151930053710936,3.5769372802734374,6.366412213740458,10.793893129770993,10.305343511450381,-10.084377392578125,-0.9361328491210937,0.05746083984375,4.290076335877862,11.664122137404581,15.206106870229007,0.0
32.510000705718994,-9.131485131835937,2.549824768066406,2.9759926635742184,-0.5038167938931297,10.13740458015267,8.82442748091603,-10.220846887207031,-0.603338818359375,0.055066638183593745,2.8396946564885495,10.15267175572519,16.3206106870229,0.0
32.52000045776367,-8.59278975830078,2.882618798828125,2.473210314941406,-9.465648854961833,8.51908396946565,9.297709923664122,-10.144232434082031,-0.17477672119140625,0.040701428222656245,1.0381679389312977,8.091603053435115,17.17557251908397,0.0
32.53000068664551,-8.183381274414062,3.399766357421875,1.7573440185546874,-16.763358778625953,9.16030534351145,11.587786259541986,-9.830592016601562,0.10295067138671875,-0.055066638183593745,-2.5343511450381677,6.1679389312977095,18.290076335877863,0.0
32.540000915527344,-8.078036401367187,3.5673604736328124,1.235408056640625,-25.923664122137403,11.603053435114504,15.32824427480916,-9.560047229003906,0.42377369384765623,-0.08379705810546874,-6.6106870229007635,5.374045801526718,18.793893129770993,0.0
32.55000066757202,-7.275978845214843,2.138022082519531,1.01514150390625,-31.221374045801525,15.465648854961833,18.564885496183205,-9.655815295410155,0.5195417602539062,-0.15083470458984374,-11.282442748091603,4.137404580152672,18.916030534351144,0.0
32.56000065803528,-7.635109094238281,1.9512743530273435,1.3335703247070312,-34.36641221374046,20.061068702290076,20.458015267175572,-9.76116016845703,0.5889736083984375,-0.2561795776367187,-16.763358778625953,3.3740458015267176,18.99236641221374,0.0
32.570000648498535,-7.704540942382812,1.0654197387695312,1.2401964599609374,-37.61832061068702,21.83206106870229,20.85496183206107,-9.6917283203125,0.7110778930664062,-0.1580173095703125,-21.801526717557252,2.213740458015267,18.610687022900763,0.0
32.58000087738037,-7.56567724609375,-1.3431471313476562,0.70868369140625,-30.610687022900763,25.099236641221374,21.893129770992367,-9.516951599121093,0.6871358764648438,-0.1484405029296875,-27.61832061068702,1.8931297709923665,18.38167938931298,0.0
32.59000062942505,-7.017405065917968,-2.6288334228515624,0.8307879760742187,-7.511450381679389,35.786259541984734,20.946564885496183,-9.406818322753905,0.20829554443359374,0.023942016601562498,-31.938931297709924,2.4732824427480917,18.106870229007633,0.0
32.600000619888306,-9.466673364257812,-0.229843359375,1.005564697265625,6.870229007633588,44.88549618320611,14.290076335877863,-9.45470235595703,-0.22026655273437498,0.18435352783203124,-32.33587786259542,2.9160305343511452,17.0381679389313,0.0
32.61000084877014,-10.527304699707031,0.8571241943359375,1.0654197387695312,5.1603053435114505,46.152671755725194,10.366412213740459,-9.727641345214844,-0.6679822631835937,0.19632453613281248,-30.16793893129771,2.0,17.31297709923664,0.0
32.62000060081482,-10.383652600097655,1.1444283935546875,1.158793603515625,3.7709923664122136,47.05343511450382,7.709923664122138,-9.849745629882811,-0.8858546142578124,0.3806780639648437,-28.732824427480917,1.465648854961832,16.595419847328245,0.0
32.630000829696655,-10.93671318359375,1.7118541870117185,1.5777788940429687,-5.419847328244275,43.70992366412214,3.3740458015267176,-9.97184991455078,-0.7829039428710937,0.41419688720703124,-26.290076335877863,0.5801526717557252,16.229007633587788,0.0
32.640000343322754,-11.767501159667969,2.5809493896484375,2.4396914916992185,-12.183206106870228,40.900763358778626,0.7480916030534351,-10.115502014160155,-0.6488286499023437,0.44053310546874996,-25.282442748091604,-0.4732824427480916,15.633587786259541,0.0
32.65000033378601,-11.544840405273437,1.9680337646484374,2.4492682983398435,-16.641221374045802,34.56488549618321,1.618320610687023,-10.498574279785156,-0.6967126831054687,0.5243301635742187,-22.65648854961832,-1.0381679389312977,16.03053435114504,0.0
32.66000056266785,-10.603919152832031,1.7190367919921874,1.867477294921875,-17.587786259541986,29.419847328244273,2.3206106870229006,-10.050858569335936,-0.5602431884765625,0.5458779785156249,-22.793893129770993,-1.9541984732824427,14.549618320610687,0.0
32.6700005531311,-10.951078393554686,3.038241906738281,1.9823989746093749,-19.129770992366414,26.580152671755727,3.267175572519084,-10.299855541992187,-0.7254431030273437,0.5817910034179687,-20.519083969465647,-2.1374045801526718,14.793893129770993,0.0
32.68000054359436,-11.195286962890624,3.641580725097656,1.668758557128906,-21.34351145038168,22.702290076335878,4.412213740458015,-9.595960253906249,-0.28969840087890625,0.44532150878906246,-19.419847328244273,-2.7022900763358777,13.969465648854962,0.0
32.690001010894775,-10.931924780273437,4.259284753417968,1.70467158203125,-25.389312977099237,19.51145038167939,5.694656488549619,-9.852139831542969,-0.51714755859375,0.28730419921875,-16.641221374045802,-2.6717557251908395,13.786259541984732,0.0
32.70000076293945,-9.720458740234374,2.4061726684570313,1.0893617553710937,-36.458015267175576,10.717557251908397,8.977099236641221,-9.670180505371093,-0.38786066894531246,0.07422025146484375,-14.198473282442748,-2.763358778625954,13.419847328244275,0.0
32.71000075340271,-9.303867651367186,1.0031704956054688,1.1348515869140625,-30.68702290076336,10.13740458015267,11.908396946564885,-9.8449572265625,-0.51714755859375,-0.0047884033203125,-11.709923664122137,-1.7404580152671756,13.114503816793894,0.0
32.72000074386597,-9.246406811523437,0.852335791015625,1.3623007446289062,-21.52671755725191,10.748091603053435,11.969465648854962,-9.557653027343749,-0.2657563842773437,-0.2346317626953125,-9.19083969465649,-0.9007633587786259,11.053435114503817,0.0
32.730000495910645,-9.629479077148437,1.2569558715820313,1.5682020874023437,-16.68702290076336,9.19083969465649,11.282442748091603,-9.962273107910155,-0.5793968017578125,-0.06943184814453125,-5.3893129770992365,0.33587786259541985,10.320610687022901,0.0
32.74000024795532,-9.459490759277344,0.6392518432617187,1.7693150268554687,-11.145038167938932,7.862595419847328,11.374045801526718,-9.8449572265625,-0.2154781494140625,-0.10773907470703124,-1.2061068702290076,-0.183206106870229,9.17557251908397,0.0
32.75000071525574,-9.514557397460937,-0.11013327636718749,1.7884686401367187,-1.0229007633587786,7.709923664122138,11.083969465648854,-10.177751257324218,-0.39743747558593745,0.047884033203124995,1.9389312977099236,0.21374045801526717,8.748091603053435,0.0
32.760000467300415,-8.90643017578125,-0.5243301635742187,1.917755529785156,22.16793893129771,13.267175572519085,10.595419847328245,-10.13226142578125,-0.33039982910156246,0.14604630126953125,5.541984732824427,-0.6717557251908397,6.5038167938931295,0.0
32.77000045776367,-10.101136804199218,2.094926452636719,2.3726538452148436,27.64885496183206,13.648854961832061,6.519083969465649,-10.488997473144531,-0.603338818359375,0.47644613037109373,10.854961832061068,-1.3740458015267176,5.3893129770992365,0.0
32.78000044822693,-10.587159741210938,3.3111808959960936,2.0638018310546875,11.572519083969466,3.0381679389312977,6.427480916030534,-11.693280908203125,-1.4963760375976562,0.6177040283203125,23.6793893129771,-4.625954198473282,6.687022900763359,0.0
32.790000677108765,-9.555258825683593,1.946485949707031,1.3311761230468748,15.312977099236642,1.5419847328244274,9.816793893129772,-10.120290417480469,0.0383072265625,0.4860229370117187,24.595419847328245,-7.4961832061068705,4.99236641221374,0.0
32.8000009059906,-8.932766394042968,1.89620771484375,0.9074024291992187,24.3206106870229,4.015267175572519,10.13740458015267,-9.600748657226562,0.42377369384765623,0.39983167724609375,20.3206106870229,-8.442748091603054,4.183206106870229,0.0
32.81000089645386,-9.739612353515625,3.3446997192382812,0.7709329345703124,22.458015267175572,4.534351145038168,9.083969465648854,-9.076418493652342,1.649604943847656,0.011971008300781249,17.87786259541985,-11.98473282442748,1.6946564885496183,0.0
32.820000886917114,-9.739612353515625,3.469198205566406,0.20829554443359374,16.946564885496183,4.458015267175573,8.65648854961832,-10.560823522949217,0.4213794921875,-0.02633621826171875,13.770992366412214,-10.83969465648855,2.5343511450381677,0.0
32.83000063896179,-9.639055883789062,3.1962592163085937,0.28730419921875,8.977099236641221,4.854961832061068,8.717557251908397,-11.552023010253906,-1.1563994018554686,0.5123591552734374,16.091603053435115,-7.877862595419847,4.580152671755725,0.0
32.84000086784363,-9.337386474609374,2.612074011230469,0.2920926025390625,5.511450381679389,6.0,8.992366412213741,-9.471461767578125,-0.9959878906249999,-0.20829554443359374,25.893129770992367,-18.229007633587788,2.50381679389313,0.0
32.850000619888306,-9.56962403564453,2.5570073730468748,0.41898529052734373,0.9923664122137404,7.465648854961832,8.0,-10.601524951171875,-1.3192051147460937,-0.1388636962890625,39.25190839694657,-20.3206106870229,2.7022900763358777,0.0
32.86000061035156,-9.3086560546875,2.375048046875,0.5674257934570313,-0.183206106870229,10.15267175572519,6.67175572519084,-10.17056865234375,0.6392518432617187,-0.9074024291992187,40.87022900763359,-22.580152671755727,-1.099236641221374,0.0
32.87000036239624,-9.430760339355468,2.935291235351562,0.7876923461914062,-5.6183206106870225,11.679389312977099,5.603053435114504,-7.9463553100585935,2.4349030883789062,-1.2018892333984375,23.923664122137403,-19.786259541984734,-4.580152671755725,0.0
32.880000591278076,-9.667786303710937,3.27526787109375,0.8595183959960937,-13.129770992366412,12.50381679389313,4.198473282442748,-9.0788126953125,2.5474305664062498,-0.9552864624023437,7.572519083969466,-11.053435114503817,-2.595419847328244,0.0
32.89000058174133,-10.158597644042969,3.162740393066406,0.8762778076171874,-22.27480916030534,11.007633587786259,2.381679389312977,-11.303026037597656,0.7613561279296874,-0.16759411621093748,4.198473282442748,-7.236641221374046,-0.732824427480916,0.0
32.90000057220459,-9.835380419921874,2.1787235107421874,1.1133037719726562,-24.50381679389313,10.687022900763358,2.1374045801526718,-10.647014782714843,0.6440402465820312,0.7613561279296874,-1.7251908396946565,-8.610687022900763,-3.786259541984733,0.0
32.91000056266785,-9.591171850585937,1.5011644409179687,1.0845733520507812,-21.72519083969466,10.458015267175572,2.6106870229007635,-10.781090075683593,0.296881005859375,1.3072341064453123,-6.687022900763359,-11.465648854961833,-6.106870229007634,0.0
32.920000314712524,-9.5384994140625,1.388636962890625,1.2641384765625,-17.66412213740458,10.412213740458014,0.5648854961832062,-10.764330664062498,-0.3112462158203125,1.8842367065429686,-10.687022900763358,-13.618320610687023,-7.00763358778626,0.0
32.93000102043152,-9.595960253906249,0.7996633544921875,1.3311761230468748,-11.664122137404581,10.396946564885496,-0.04580152671755725,-11.8369330078125,-1.1324573852539062,1.6160861206054686,-3.5877862595419847,-21.893129770992367,-9.068702290076336,0.0
32.94000053405762,-9.600748657226562,0.8571241943359375,1.2713210815429687,-3.282442748091603,10.900763358778626,-0.6106870229007634,-11.803414184570311,-1.659181750488281,2.2481553588867187,4.442748091603053,-25.14503816793893,-9.633587786259541,0.0
32.95000076293945,-9.883264453125,1.7453730102539062,1.467645617675781,-3.1755725190839694,10.045801526717558,-0.8091603053435115,-11.133037719726563,-2.1068974609374997,2.212242333984375,15.541984732824428,-37.06870229007634,-13.145038167938932,0.0
32.96000027656555,-9.445125549316407,1.6112977172851561,0.9169792358398436,-2.6106870229007635,6.961832061068702,0.21374045801526717,-10.31661495361328,-0.5123591552734374,1.6041151123046875,21.068702290076335,-47.02290076335878,-17.66412213740458,0.0
32.97000074386597,-9.095572106933593,1.618480322265625,1.1372457885742187,2.6412213740458017,8.381679389312977,0.22900763358778625,-8.379705810546875,1.7214309936523438,1.438915197753906,5.343511450381679,-46.717557251908396,-21.419847328244273,0.0
32.980000495910645,-9.591171850585937,2.1787235107421874,0.9074024291992187,3.7404580152671754,8.091603053435115,1.0229007633587786,-9.433154541015625,0.19153613281249998,1.898601916503906,-5.541984732824427,-41.541984732824424,-16.82442748091603,0.0
32.9900004863739,-10.053252770996092,2.5737667846679684,1.2378022583007813,6.427480916030534,9.618320610687023,0.916030534351145,-10.283096130371094,-0.5099649536132812,1.9225439331054686,2.4580152671755724,-44.74809160305343,-16.198473282442748,0.0
33.00000047683716,-10.012551342773437,2.422932080078125,1.3048399047851562,1.8778625954198473,5.9541984732824424,1.297709923664122,-8.559270935058594,0.38786066894531246,0.9361328491210937,2.2290076335877864,-48.76335877862596,-20.458015267175572,0.0
33.010000467300415,-9.222464794921875,1.2976572998046874,1.5490484741210937,2.4122137404580153,4.488549618320611,2.4732824427480917,-7.132326745605468,0.9217676391601562,1.0678139404296874,-10.274809160305344,-45.81679389312977,-22.427480916030536,0.0
33.02000069618225,-9.356540087890625,1.0678139404296874,2.04943662109375,2.564885496183206,3.3282442748091605,0.32061068702290074,-9.366116894531249,-0.1388636962890625,1.2737152832031249,-22.458015267175572,-35.61832061068702,-18.229007633587788,0.0
33.03000068664551,-9.686939916992188,1.5179238525390624,2.588131994628906,2.3206106870229006,1.0076335877862594,-1.3893129770992367,-9.993397729492187,-0.852335791015625,1.180341418457031,-18.641221374045802,-34.88549618320611,-16.12213740458015,0.0
33.040000915527344,-9.765948571777344,1.5298948608398437,2.578555187988281,6.061068702290076,-1.9083969465648856,-0.5954198473282443,-9.035717065429687,-2.6479870361328124,1.9823989746093749,-8.396946564885496,-37.64885496183206,-16.900763358778626,0.0
33.05000066757202,-9.591171850585937,1.1252747802734375,2.3965958618164063,10.564885496183207,-4.152671755725191,-0.015267175572519083,-10.108319409179687,-2.942473840332031,1.6424223388671875,12.213740458015268,-43.083969465648856,-17.450381679389313,0.0
33.06000089645386,-9.193734375,1.2282254516601563,2.6408044311523438,16.015267175572518,-4.763358778625954,-0.22900763358778625,-7.8553756469726554,-1.2378022583007813,1.2114660400390624,20.748091603053435,-50.534351145038165,-22.549618320610687,0.0
33.070000648498535,-9.294290844726563,2.1356278808593747,2.9855694702148434,18.412213740458014,-5.00763358778626,-0.16793893129770993,-7.0844427124023435,0.8068459594726562,0.7015010864257812,10.01526717557252,-45.23664122137404,-25.17557251908397,0.0
33.08000087738037,-9.193734375,2.511517541503906,3.3111808959960936,14.977099236641221,-7.114503816793893,-0.15267175572519084,-8.585607153320312,0.181959326171875,1.668758557128906,-0.4732824427480916,-35.87786259541985,-20.48854961832061,0.0
33.09000062942505,-10.041281762695311,3.0238766967773434,3.9264907226562498,6.977099236641221,-12.091603053435115,-1.3129770992366412,-9.234435803222656,-0.38786066894531246,0.86191259765625,2.33587786259542,-39.587786259541986,-18.748091603053435,0.0
33.100000619888306,-9.583989245605467,1.8100164550781248,4.335899206542969,10.564885496183207,-15.48091603053435,0.8702290076335878,-9.469067565917967,-1.9009961181640624,1.6041151123046875,10.122137404580153,-37.89312977099237,-18.47328244274809,0.0
33.11000061035156,-9.258377819824219,0.9720458740234375,4.7117888671875,18.580152671755727,-19.66412213740458,3.4656488549618323,-8.573636145019531,-1.0295067138671874,1.898601916503906,17.740458015267176,-43.89312977099237,-20.519083969465647,0.0
33.12000060081482,-8.997409838867187,1.5586252807617187,5.109226342773437,25.297709923664122,-23.572519083969464,3.5114503816793894,-7.3932947265625,0.3806780639648437,0.8643067993164062,7.419847328244275,-40.61068702290076,-21.923664122137403,0.0
33.130000591278076,-10.309432348632813,4.278438366699218,5.985504150390625,8.641221374045802,-35.465648854961835,0.9923664122137404,-6.823474731445312,0.5482721801757812,1.1827356201171875,-4.106870229007634,-38.152671755725194,-20.18320610687023,0.0
33.14000058174133,-8.971073620605468,3.919308117675781,6.1076084350585935,-14.473282442748092,-50.47328244274809,0.1984732824427481,-6.167463476562499,1.446097802734375,1.927332336425781,-18.198473282442748,-27.572519083969464,-18.931297709923665,0.0
33.15000057220459,-8.78432589111328,1.4867992309570313,5.363011718749999,-25.72519083969466,-61.908396946564885,-1.6488549618320612,-7.491456994628906,1.3718775512695311,0.8930372192382812,-20.50381679389313,-31.282442748091604,-21.068702290076335,0.0
33.16000056266785,-7.81467421875,1.0486603271484374,5.023035083007812,-18.48854961832061,-71.25190839694656,-4.091603053435114,-8.40125362548828,-0.1867477294921875,1.1755530151367186,-25.709923664122137,-25.114503816793892,-22.595419847328245,0.0
33.170000314712524,-6.8976949829101555,-0.08379705810546874,3.2824504760742186,-7.587786259541985,-75.43511450381679,-3.8931297709923665,-8.547299926757812,-1.6615759521484375,1.24498486328125,-19.84732824427481,-24.061068702290076,-22.519083969465647,0.0
33.18000054359436,-6.373364819335937,-0.7972691528320313,1.2473790649414063,3.5419847328244276,-74.62595419847328,-6.564885496183206,-8.980650427246093,-2.9041666137695312,1.5849614990234373,-0.5954198473282443,-30.045801526717558,-23.068702290076335,0.0
33.190000772476196,-6.979097839355468,0.6727706665039062,0.6248866333007812,12.977099236641221,-70.3206106870229,-10.01526717557252,-9.560047229003906,-3.287238879394531,1.3120225097656248,20.045801526717558,-32.732824427480914,-24.442748091603054,0.0
33.200000286102295,-7.055712292480468,1.3168109130859373,0.6057330200195312,20.610687022900763,-65.29770992366412,-10.442748091603054,-9.320627062988281,-3.3710359375,1.16837041015625,43.19083969465649,-39.87786259541985,-25.69465648854962,0.0
33.21000099182129,-7.8529814453124995,3.095702746582031,0.39983167724609375,25.435114503816795,-57.725190839694655,-9.83206106870229,-7.692569934082031,-0.37828386230468747,0.4477157104492187,50.778625954198475,-43.64885496183206,-28.641221374045802,0.0
33.22000050544739,-8.365340600585936,4.6639048339843745,0.7302315063476562,20.625954198473284,-52.656488549618324,-6.442748091603053,-5.798756420898437,1.446097802734375,0.507570751953125,37.83206106870229,-34.76335877862596,-29.801526717557252,0.0
33.230000495910645,-9.94072529296875,5.858611462402344,1.6304513305664061,4.732824427480916,-50.61068702290076,-1.7709923664122138,-9.260772021484375,0.39983167724609375,1.2306196533203124,29.72519083969466,-24.259541984732824,-23.114503816793892,0.0
33.2400004863739,-9.064447485351561,3.5721488769531247,0.4165910888671875,-5.221374045801527,-47.74045801526717,2.50381679389313,-9.931148486328125,-0.23223756103515625,1.2976572998046874,28.50381679389313,-21.480916030534353,-19.908396946564885,0.0
33.25000047683716,-8.039729174804688,1.2425906616210938,0.05027823486328125,-0.8549618320610687,-42.458015267175576,1.9389312977099236,-8.090007409667969,0.43574470214843747,2.1164742675781247,29.84732824427481,-20.931297709923665,-20.396946564885496,0.0
33.260000705718994,-9.052476477050782,0.488417138671875,0.411802685546875,6.870229007633588,-34.534351145038165,-2.50381679389313,-9.344569079589844,-0.02154781494140625,2.157175695800781,25.435114503816795,-16.763358778625953,-18.946564885496183,0.0
33.27000093460083,-8.63827958984375,0.5339069702148437,0.9241618408203125,12.366412213740459,-29.709923664122137,-4.580152671755725,-9.595960253906249,0.16280571289062498,2.403778466796875,18.061068702290076,-13.17557251908397,-17.801526717557252,0.0
33.28000068664551,-9.516951599121093,1.8291700683593748,2.2026655273437497,13.022900763358779,-25.114503816793892,-8.80916030534351,-9.641450085449218,0.8283937744140625,2.8227637573242186,9.786259541984732,-5.557251908396947,-17.450381679389313,0.0
33.290000677108765,-8.825027319335938,0.5195417602539062,2.6192566162109374,23.46564885496183,-20.061068702290076,-11.099236641221374,-10.192116467285155,0.33758243408203126,2.1978771240234374,6.106870229007634,-4.412213740458015,-16.198473282442748,0.0
33.30000114440918,-9.265560424804686,2.291250988769531,2.588131994628906,25.49618320610687,-16.3206106870229,-15.86259541984733,-9.957484704589843,0.06943184814453125,1.9488801513671874,3.114503816793893,0.6412213740458015,-15.007633587786259,0.0
33.31000065803528,-10.122684619140625,3.632003918457031,2.5330653564453125,20.977099236641223,-17.099236641221374,-18.412213740458014,-10.86009873046875,-0.9265560424804687,1.879448303222656,7.419847328244275,2.885496183206107,-13.511450381679388,0.0
33.320000886917114,-10.146626635742187,3.5673604736328124,2.748543505859375,15.404580152671755,-17.404580152671755,-19.633587786259543,-11.434707128906249,-2.427720483398437,2.6575638427734374,8.198473282442748,8.717557251908397,-13.709923664122137,0.0
33.33000040054321,-10.050858569335936,3.584119885253906,3.775656018066406,9.740458015267176,-16.900763358778626,-20.80916030534351,-9.840168823242188,-2.6431986328124997,4.11802685546875,13.755725190839694,12.50381679389313,-12.916030534351146,0.0
33.34000086784363,-10.096348400878906,3.9983167724609374,5.106832141113281,5.358778625954199,-18.732824427480917,-21.221374045801525,-8.092401611328125,-0.47165772705078124,2.47081611328125,15.801526717557252,8.076335877862595,-14.885496183206106,0.0
33.350000619888306,-10.572794531249999,4.065354418945312,5.432443566894531,2.213740458015267,-21.328244274809162,-21.572519083969464,-9.105148913574219,0.59376201171875,1.3934253662109375,9.755725190839694,19.389312977099237,-12.488549618320612,0.0
33.36000061035156,-10.551246716308594,3.3973721557617185,5.221753820800781,-3.3587786259541983,-26.3206106870229,-19.984732824427482,-9.433154541015625,3.337517114257812,-0.07900865478515624,-0.3969465648854962,27.709923664122137,-11.282442748091603,0.0
33.37000060081482,-9.938331091308592,2.568978381347656,5.1140147460937495,-5.419847328244275,-29.81679389312977,-17.908396946564885,-9.809044201660155,3.2920272827148436,0.1197100830078125,-30.900763358778626,47.587786259541986,-7.450381679389313,0.0
33.3800003528595,-9.967061511230469,1.6160861206054686,5.097255334472656,-7.190839694656488,-32.93129770992366,-17.84732824427481,-12.76827745361328,1.0941501586914062,1.8339584716796873,-31.099236641221374,48.67175572519084,-0.42748091603053434,0.0
33.39000058174133,-10.151415039062499,0.9864110839843749,5.674257934570313,-0.8702290076335878,-36.56488549618321,-19.022900763358777,-12.227187878417968,-1.8004396484374998,3.7708676147460936,-28.580152671755727,51.404580152671755,2.885496183206107,0.0
33.40000033378601,-10.903194360351561,0.9361328491210937,6.864176159667968,9.053435114503817,-41.25190839694657,-18.427480916030536,-13.180080139160156,-2.3319524169921872,4.264073156738281,-9.419847328244275,39.282442748091604,4.091603053435114,0.0
33.41000056266785,-11.863269226074218,0.74699091796875,8.451531860351562,20.244274809160306,-47.14503816793893,-18.595419847328245,-12.528857287597656,-1.7453730102539062,3.785232824707031,-7.32824427480916,34.48854961832061,-1.8473282442748091,0.0
33.420000314712524,-12.720393420410156,-0.040701428222656245,9.418789331054686,34.38167938931298,-56.213740458015266,-17.893129770992367,-15.224728356933593,-5.774814404296874,3.2513258544921873,5.648854961832061,30.061068702290076,-3.6793893129770994,0.0
33.43000030517578,-13.63737265625,0.5363011718749999,9.775525378417969,40.30534351145038,-66.18320610687023,-20.244274809160306,-12.794613671875,-2.6144682128906247,1.2378022583007813,26.229007633587788,16.3206106870229,-8.15267175572519,0.0
33.44000053405762,-13.680468286132811,1.426944189453125,8.681375219726561,39.02290076335878,-83.80152671755725,-22.580152671755727,-10.70686982421875,0.3064578125,-1.1276689819335937,16.900763358778626,18.82442748091603,-7.068702290076335,0.0
33.45000076293945,-13.450624926757811,0.39264907226562495,7.714117749023437,32.70229007633588,-99.7557251908397,-22.564885496183205,-11.034875451660156,-0.258573779296875,-1.8914193115234375,6.916030534351145,21.633587786259543,-1.6946564885496183,0.0
33.46000051498413,-12.899958544921875,-0.622492431640625,6.37815322265625,31.72519083969466,-111.49618320610686,-24.625954198473284,-11.106701501464842,-0.5674257934570313,-1.8770541015625,7.877862595419847,23.16030534351145,-0.8396946564885496,0.0
33.47000074386597,-12.220005273437499,-1.5322890624999999,4.417302062988281,29.740458015267176,-120.94656488549619,-28.778625954198475,-8.264784130859374,-1.4628572143554686,-1.350329736328125,7.984732824427481,24.68702290076336,-4.824427480916031,0.0
33.480000257492065,-11.518504187011718,-1.8052280517578123,2.059013427734375,32.045801526717554,-124.2442748091603,-30.931297709923665,-7.920019091796875,-1.6927005737304686,-0.7900865478515624,8.061068702290076,27.786259541984734,-6.2748091603053435,0.0
33.4900004863739,-10.828974108886719,-1.4508862060546874,0.2154781494140625,31.022900763358777,-123.16030534351145,-32.93129770992366,-10.029310754394531,-1.7932570434570312,-0.8643067993164062,4.625954198473282,33.43511450381679,-4.488549618320611,0.0
33.50000047683716,-9.660603698730467,-0.6105214233398437,-0.7062894897460937,31.755725190839694,-116.18320610687023,-31.572519083969464,-8.916006982421875,-0.3950432739257812,-1.0510545288085937,-1.618320610687023,36.900763358778626,-4.183206106870229,0.0
33.510000705718994,-8.645462194824217,0.04548983154296875,-1.1516109985351561,31.251908396946565,-106.83969465648855,-29.206106870229007,-9.828197814941406,-1.944091748046875,-0.35673604736328124,-9.725190839694656,45.06870229007634,0.3053435114503817,0.0
33.52000117301941,-8.145074047851562,-0.1484405029296875,-1.7477672119140624,33.14503816793893,-91.90839694656489,-25.099236641221374,-11.252747802734374,-4.405331054687499,-0.43574470214843747,5.786259541984733,40.213740458015266,3.6030534351145036,0.0
33.53000092506409,-7.9272016967773435,-1.1037269653320312,-1.4317325927734375,38.229007633587784,-76.99236641221374,-23.358778625954198,-9.900023864746093,-5.099649536132812,0.16759411621093748,28.015267175572518,35.55725190839695,1.7251908396946565,0.0
33.540000915527344,-8.449137658691406,-0.7278373046875,-0.8762778076171874,52.56488549618321,-59.465648854961835,-19.51145038167939,-10.184933862304687,-4.611232397460937,-0.4572925170898437,46.93129770992366,28.702290076335878,0.8396946564885496,0.0
33.55000066757202,-7.6614453125,0.5817910034179687,-0.5099649536132812,57.11450381679389,-42.152671755725194,-17.114503816793892,-10.103531005859374,-3.404554760742187,-0.3447650390625,50.67175572519084,28.12213740458015,1.5419847328244274,0.0
33.56000089645386,-9.260772021484375,2.7150246826171873,-0.08379705810546874,46.0,-31.19083969465649,-16.198473282442748,-9.811438403320311,-2.0470424194335934,-0.29927520751953124,50.50381679389313,25.984732824427482,3.282442748091603,0.0
33.570000648498535,-7.127538342285156,2.5522189697265625,-0.4525041137695312,33.14503816793893,-24.50381679389313,-12.213740458015268,-8.552088330078124,0.5817910034179687,-0.9576806640625,37.37404580152672,25.206106870229007,2.0,0.0
33.58000087738037,-6.885723974609375,2.243366955566406,-0.7254431030273437,22.412213740458014,-12.488549618320612,-7.419847328244275,-9.323021264648437,0.13168109130859373,0.06464344482421874,18.717557251908396,33.52671755725191,5.114503816793893,0.0
33.59000062942505,-7.632714892578124,3.8283284545898435,0.30885201416015623,7.770992366412214,-1.099236641221374,-5.7251908396946565,-9.009380847167968,0.488417138671875,-0.0718260498046875,1.6030534351145038,36.44274809160305,5.801526717557252,0.0
33.600000619888306,-7.656656909179687,3.8379052612304685,0.6081272216796875,-17.61832061068702,0.3969465648854962,-6.748091603053435,-9.70369932861328,-1.3263877197265623,0.7062894897460937,-16.412213740458014,41.25190839694657,8.335877862595419,0.0
33.61000061035156,-7.7596075805664055,2.3415292236328122,0.6536170532226562,-35.98473282442748,5.267175572519084,-3.8473282442748094,-10.340556970214843,-3.706224169921875,0.8283937744140625,-14.213740458015268,37.9236641221374,8.50381679389313,0.0
33.62000060081482,-7.108384729003906,0.7996633544921875,0.612915625,-46.51908396946565,9.557251908396946,-4.0,-10.026916552734374,-4.7189714721679685,1.5322890624999999,-1.5114503816793894,32.717557251908396,4.778625954198473,0.0
33.6300003528595,-6.402095239257812,0.02154781494140625,0.6272808349609375,-47.48091603053435,17.52671755725191,-3.49618320610687,-9.80665,-3.967192150878906,1.1061211669921875,9.32824427480916,23.893129770992367,0.8396946564885496,0.0
33.64000058174133,-6.217741711425781,0.2825157958984375,0.7062894897460937,-52.412213740458014,25.450381679389313,-4.595419847328245,-9.270348828125,-2.3822306518554686,0.8403647827148437,12.717557251908397,18.702290076335878,-0.3053435114503817,0.0
33.65000057220459,-5.877765075683594,0.28969840087890625,0.9217676391601562,-59.55725190839695,32.83969465648855,-4.061068702290076,-9.411606726074218,-0.9816226806640624,0.7422025146484375,9.48091603053435,16.900763358778626,0.9618320610687023,0.0
33.66000056266785,-4.8506525634765625,-1.5921441040039062,0.4955997436523437,-59.770992366412216,40.25954198473283,-1.7404580152671756,-9.737218151855469,-0.7948749511718749,0.6871358764648438,4.1679389312977095,15.938931297709924,2.045801526717557,0.0
33.670000314712524,-3.9624037475585934,-2.4756045166015626,1.0462661254882812,-47.343511450381676,53.32824427480916,-0.0,-9.93354268798828,-1.3024457031249999,0.833182177734375,0.7633587786259542,15.465648854961833,2.549618320610687,0.0
33.68000054359436,-4.355052819824219,-2.731784094238281,1.3192051147460937,-38.25954198473283,66.61068702290076,-3.1908396946564888,-9.753977563476562,-1.5634136840820312,0.6464344482421874,-0.24427480916030533,14.82442748091603,1.9694656488549618,0.0
33.690001010894775,-5.307945080566406,-2.7533319091796873,1.8746598999023436,-26.213740458015266,78.16793893129771,-5.755725190839694,-9.813832604980469,-1.9488801513671874,0.33518823242187495,0.3816793893129771,14.870229007633588,2.3053435114503817,0.0
33.700000524520874,-5.95677373046875,-2.384624853515625,2.932897033691406,-19.083969465648856,85.54198473282443,-9.923664122137405,-9.442731347656249,-2.262520568847656,0.06943184814453125,2.198473282442748,14.625954198473282,2.6412213740458017,0.0
33.71000051498413,-7.371746911621093,-1.9009961181640624,3.687070556640625,-13.099236641221374,90.62595419847328,-14.65648854961832,-9.7683427734375,-2.6336218261718747,-0.016759411621093748,6.396946564885496,14.702290076335878,4.076335877862595,0.0
33.72000026702881,-8.161833459472655,-1.6112977172851561,4.886565588378906,3.633587786259542,93.98473282442748,-14.595419847328245,-9.677363110351562,-2.4109610717773435,-0.07422025146484375,9.893129770992367,13.374045801526718,5.267175572519084,0.0
33.730000495910645,-8.961496813964843,-0.25139117431640623,5.999869360351562,19.69465648854962,93.98473282442748,-11.099236641221374,-9.662997900390625,-2.5258827514648434,0.14604630126953125,15.664122137404581,13.007633587786259,6.748091603053435,0.0
33.74000024795532,-8.916006982421875,-0.24660277099609373,6.545747338867187,31.328244274809162,92.25954198473282,-6.687022900763359,-9.402029919433593,-1.5227122558593749,-0.15322890625,17.14503816793893,11.603053435114504,5.404580152671755,0.0
33.75000071525574,-9.10993731689453,0.13646949462890623,6.619967590332031,38.83969465648855,88.58015267175573,-5.206106870229007,-10.436325036621094,-1.2785036865234374,-0.5099649536132812,17.206106870229007,14.763358778625955,6.748091603053435,0.0
33.760000705718994,-9.141061938476563,0.7733271362304687,6.4834980957031245,41.55725190839695,83.31297709923665,-4.916030534351145,-10.302249743652343,-1.4101847778320311,0.4165910888671875,23.435114503816795,14.51908396946565,6.793893129770993,0.0
33.77000093460083,-9.739612353515625,1.8459294799804686,6.354211206054687,36.717557251908396,75.69465648854961,-5.633587786259542,-7.606378674316406,0.7038952880859375,-0.35194764404296874,13.34351145038168,12.488549618320612,4.198473282442748,0.0
33.78000068664551,-10.012551342773437,2.568978381347656,6.270414147949219,29.19083969465649,69.19083969465649,-4.396946564885496,-9.457096557617186,0.8667010009765624,-0.7996633544921875,-0.07633587786259542,20.48854961832061,8.335877862595419,0.0
33.790000677108765,-9.981426721191406,2.2266075439453124,5.896918688964844,15.648854961832061,61.52671755725191,-2.564885496183206,-9.93354268798828,-0.3399766357421875,0.02154781494140625,-14.091603053435115,27.17557251908397,11.969465648854962,0.0
33.8000009059906,-9.923965881347655,1.6711527587890624,5.604826086425781,6.091603053435114,54.3206106870229,-0.6412213740458015,-8.82981572265625,-0.40462008056640625,0.6631938598632812,-27.0381679389313,36.88549618320611,14.01526717557252,0.0
33.81000065803528,-10.465055456542968,0.7972691528320313,4.9823336547851556,5.893129770992366,50.18320610687023,2.3053435114503817,-9.847351428222655,-4.11802685546875,0.6871358764648438,-15.221374045801527,33.404580152671755,18.396946564885496,0.0
33.82000112533569,-11.022904443359375,0.0,4.218583325195312,11.19083969465649,49.43511450381679,6.549618320610687,-8.621520178222656,-3.071760729980469,-0.10295067138671875,-2.3053435114503817,26.946564885496183,14.274809160305344,0.0
33.83000063896179,-10.235212097167969,1.5035586425781249,3.641580725097656,23.6793893129771,50.045801526717554,13.98473282442748,-9.540893615722656,-3.0071172851562498,-0.8882488159179687,-0.9923664122137404,28.229007633587788,13.32824427480916,0.0
33.84000086784363,-12.555193505859375,4.742913488769531,4.838681555175781,27.541984732824428,54.732824427480914,23.72519083969466,-9.871293444824218,-3.806780639648437,-0.7422025146484375,-6.198473282442748,33.6793893129771,14.961832061068701,0.0
33.85000038146973,-13.946224670410155,5.511452221679687,5.214571215820312,16.732824427480917,51.32824427480916,36.10687022900763,-11.999738720703125,-4.666299035644531,0.27293898925781246,7.435114503816794,29.00763358778626,16.641221374045802,0.0
33.86000061035156,-14.267047692871094,3.7708676147460936,6.217741711425781,10.366412213740459,47.954198473282446,43.06870229007634,-11.434707128906249,-3.976768957519531,-0.181959326171875,12.870229007633588,29.00763358778626,15.786259541984732,0.0
33.87000060081482,-13.646949462890625,1.7788918334960937,7.505822204589843,-1.0381679389312977,36.29007633587786,44.10687022900763,-12.100295190429687,-3.7229835815429686,1.5227122558593749,23.96946564885496,22.396946564885496,13.893129770992367,0.0
33.880000591278076,-13.268665600585937,1.3407529296874998,8.686163623046875,-8.305343511450381,24.793893129770993,42.152671755725194,-9.605537060546874,-1.3479355346679687,1.4053963745117186,17.206106870229007,15.511450381679388,11.725190839694656,0.0
33.89000058174133,-11.81059678955078,0.5195417602539062,8.188169677734374,-17.129770992366414,10.916030534351146,41.786259541984734,-10.330980163574218,0.39264907226562495,0.6871358764648438,1.7709923664122138,13.114503816793894,11.465648854961833,0.0
33.90000057220459,-10.709264025878905,-0.258573779296875,7.1778165771484375,-30.38167938931298,-2.7786259541984735,39.29770992366412,-9.80665,1.2976572998046874,0.8858546142578124,-17.587786259541986,13.572519083969466,11.236641221374045,0.0
33.91000032424927,-8.394071020507813,-2.93050283203125,4.821922143554687,-25.419847328244273,-9.86259541984733,38.94656488549618,-10.611101757812499,-0.8786720092773437,1.1133037719726562,-26.9618320610687,15.007633587786259,14.67175572519084,0.0
33.920000314712524,-7.781155395507812,-2.6240450195312497,3.6200329101562496,-11.557251908396946,-7.66412213740458,32.3206106870229,-9.406818322753905,-0.928950244140625,0.28969840087890625,-23.419847328244273,10.549618320610687,12.366412213740459,0.0
33.93000078201294,-7.194575988769531,-3.246537451171875,2.262520568847656,-17.297709923664122,-13.038167938931299,19.31297709923664,-11.125855114746093,-3.347093920898437,0.9145850341796874,-6.259541984732825,8.229007633587786,12.396946564885496,0.0
33.94000053405762,-6.68461103515625,-3.2632968627929686,1.6065093139648436,-18.85496183206107,-12.687022900763358,9.099236641221374,-8.549694128417968,-0.6105214233398437,-0.28730419921875,-1.3435114503816794,-4.717557251908397,7.419847328244275,0.0
33.95000076293945,-6.58884296875,-2.4516625,0.8044517578125,-16.82442748091603,-8.80916030534351,1.0229007633587786,-9.023746057128905,-0.42377369384765623,-0.6200982299804687,-8.931297709923664,-2.8396946564885495,8.01526717557252,0.0
33.96000075340271,-7.156268762207031,-0.6512228515624999,0.6296750366210937,-11.648854961832061,-1.6641221374045803,-0.44274809160305345,-9.090783703613281,0.07422025146484375,-0.5386953735351562,-12.198473282442748,-2.50381679389313,9.236641221374045,0.0
33.97000074386597,-5.0182466796875,-1.7381904052734374,-1.37906015625,7.4961832061068705,6.687022900763359,5.877862595419847,-9.160215551757812,-0.11013327636718749,-0.603338818359375,-15.389312977099237,-1.5725190839694656,9.648854961832061,0.0
33.980000495910645,-6.217741711425781,-0.19393033447265623,-1.5873557006835937,36.091603053435115,25.17557251908397,8.473282442748092,-8.59278975830078,1.1085153686523437,-1.350329736328125,-21.572519083969464,-3.2519083969465647,8.595419847328245,0.0
33.9900004863739,-7.094019519042968,1.6903063720703124,-1.5442600708007812,45.954198473282446,37.41984732824427,10.01526717557252,-7.994239343261718,0.3016694091796875,-1.2497732666015624,-33.48091603053435,0.2748091603053435,9.297709923664122,0.0
34.00000047683716,-8.63827958984375,2.93050283203125,-0.4429273071289062,47.61832061068702,46.18320610687023,13.297709923664122,-9.794678991699218,-0.6344634399414062,-1.5322890624999999,-38.94656488549618,5.648854961832061,11.770992366412214,0.0
34.010000705718994,-9.813832604980469,3.5122938354492184,0.5195417602539062,44.0,50.045801526717554,17.450381679389313,-9.770736975097655,-1.2425906616210938,-1.5322890624999999,-39.93893129770992,11.038167938931299,13.557251908396946,0.0
34.02000069618225,-11.231199987792968,4.948814831542968,1.20667763671875,33.52671755725191,50.534351145038165,20.732824427480917,-9.756371765136718,-3.754108203125,-0.8762778076171874,-28.015267175572518,12.13740458015267,15.19083969465649,0.0
34.03000068664551,-11.3389390625,4.771643908691406,1.7190367919921874,19.31297709923664,44.916030534351144,21.61832061068702,-11.456254943847656,-5.5545478515625,-0.4213794921875,0.030534351145038167,9.709923664122137,16.748091603053435,0.0
34.040000915527344,-11.616666455078125,4.8698061767578125,2.2744915771484373,0.916030534351145,37.17557251908397,21.52671755725191,-9.974244116210937,-3.0909143432617188,-0.5698199951171875,19.14503816793893,1.4351145038167938,12.748091603053435,0.0
34.05000066757202,-11.568782421875,5.446808776855469,2.492363928222656,-20.47328244274809,28.045801526717558,22.53435114503817,-9.974244116210937,-0.8882488159179687,-0.565031591796875,21.282442748091604,0.549618320610687,11.129770992366412,0.0
34.06000089645386,-12.567164514160156,6.0525417968749995,2.9855694702148434,-49.61832061068702,18.9618320610687,22.366412213740457,-9.605537060546874,0.9145850341796874,-0.7589619262695312,16.564885496183205,-0.9007633587786259,12.335877862595419,0.0
34.070000648498535,-10.730811840820312,2.7629087158203123,1.8507178833007811,-67.23664122137404,9.664122137404581,24.564885496183205,-9.847351428222655,1.37906015625,-0.8595183959960937,12.80916030534351,1.083969465648855,14.412213740458014,0.0
34.08000087738037,-8.63109698486328,-0.9169792358398436,1.5346832641601562,-55.66412213740458,13.32824427480916,25.31297709923664,-9.65342109375,1.3215993164062498,-0.7254431030273437,7.572519083969466,3.1755725190839694,14.67175572519084,0.0
34.09000039100647,-8.836998327636719,-1.1755530151367186,1.4437036010742186,-49.847328244274806,14.15267175572519,19.770992366412212,-10.467449658203124,0.7900865478515624,-0.36631285400390623,4.6106870229007635,4.900763358778626,13.954198473282442,0.0
34.100000619888306,-8.904035974121093,-1.3623007446289062,1.3000515014648437,-41.19083969465649,14.946564885496183,15.801526717557252,-10.43871923828125,0.8020575561523438,-0.40222587890625,2.198473282442748,3.969465648854962,13.908396946564885,0.0
34.11000061035156,-8.82981572265625,-1.419761584472656,1.1635820068359375,-29.328244274809162,16.259541984732824,13.129770992366412,-10.216058483886718,0.9720458740234375,-0.603338818359375,0.21374045801526717,2.717557251908397,14.106870229007633,0.0
34.12000060081482,-8.671798413085938,-0.7565677246093749,1.254561669921875,-15.48091603053435,18.519083969465647,10.854961832061068,-10.072406384277343,0.9409212524414062,-0.679953271484375,-2.4580152671755724,1.4045801526717556,14.687022900763358,0.0
34.1300003528595,-9.270348828125,0.5243301635742187,1.446097802734375,-6.122137404580153,19.84732824427481,8.67175572519084,-10.213664282226562,1.1133037719726562,-0.8571241943359375,-4.351145038167939,1.6030534351145038,16.12213740458015,0.0
34.14000058174133,-9.277531433105468,0.7398083129882812,0.9433154541015625,-0.32061068702290074,19.099236641221374,8.83969465648855,-9.698910925292969,1.1156979736328125,-0.9433154541015625,-7.068702290076335,2.50381679389313,17.801526717557252,0.0
34.15000057220459,-8.020575561523437,-0.38786066894531246,0.4740519287109375,19.19083969465649,24.137404580152673,8.213740458015268,-9.787496386718749,0.5386953735351562,-0.6607996582031249,-9.801526717557252,3.267175572519084,19.419847328244273,0.0
34.16000056266785,-10.263942517089843,1.5442600708007812,1.1037269653320312,24.595419847328245,28.458015267175572,1.984732824427481,-9.842563024902343,0.24899697265624998,-0.33518823242187495,-12.274809160305344,3.068702290076336,19.236641221374047,0.0
34.17000102996826,-9.282319836425781,1.7357962036132812,0.21787235107421873,28.137404580152673,24.702290076335878,0.8244274809160306,-10.383652600097655,-0.0383072265625,-0.469263525390625,-13.98473282442748,1.9389312977099236,18.442748091603054,0.0
34.18000054359436,-10.733206042480468,3.6583401367187496,0.9720458740234375,24.3206106870229,25.740458015267176,-1.8931297709923665,-10.927136376953124,-0.5434837768554687,-0.603338818359375,-14.50381679389313,0.7175572519083969,17.61832061068702,0.0
34.19000029563904,-9.900023864746093,4.3454760131835934,0.5458779785156249,12.412213740458014,18.870229007633586,-0.7022900763358778,-10.685322009277343,-0.51714755859375,-0.8451531860351562,-13.923664122137405,-1.5877862595419847,15.740458015267176,0.0
34.200000524520874,-10.764330664062498,5.889736083984375,0.9864110839843749,0.2748091603053435,16.885496183206108,0.9618320610687023,-10.864887133789061,0.0,-1.2952630981445312,-14.50381679389313,-3.2519083969465647,13.022900763358779,0.0
34.21000075340271,-10.405200415039062,4.520252734375,0.6560112548828124,-8.900763358778626,13.297709923664122,4.931297709923665,-10.991779821777342,-0.28969840087890625,-1.1827356201171875,-14.488549618320612,-2.900763358778626,12.946564885496183,0.0
34.22000026702881,-9.744400756835937,2.85388837890625,0.6607996582031249,-4.854961832061068,14.381679389312977,6.305343511450381,-11.113884106445312,-1.7166425903320313,-0.6416460449218749,-9.755725190839694,-4.122137404580153,12.946564885496183,0.0
34.230000495910645,-9.9215716796875,2.379836450195312,0.9433154541015625,-4.641221374045801,13.603053435114504,5.190839694656488,-10.175357055664062,-0.8475473876953125,-0.2920926025390625,-5.862595419847328,-7.786259541984733,9.557251908396946,0.0
34.2400004863739,-9.727641345214844,1.8124106567382812,0.9265560424804687,-1.2061068702290076,12.687022900763358,4.5038167938931295,-9.291896643066405,-0.5003881469726562,-0.7254431030273437,0.366412213740458,-11.98473282442748,7.7251908396946565,0.0
34.25000047683716,-9.854534033203125,1.8411410766601561,1.1252747802734375,1.4198473282442747,12.854961832061068,2.9618320610687023,-9.560047229003906,1.1133037719726562,-1.180341418457031,-1.1908396946564885,-12.641221374045802,6.061068702290076,0.0
34.260000705718994,-9.533711010742186,1.3646949462890625,0.9193734375,5.572519083969466,13.389312977099237,2.2900763358778624,-10.970232006835937,-0.8116343627929687,-0.7924807495117187,4.763358778625954,-7.206106870229007,8.580152671755725,0.0
34.27000045776367,-9.648632690429688,1.6112977172851561,0.6560112548828124,8.13740458015267,13.679389312977099,0.7175572519083969,-11.705251916503906,-0.6081272216796875,-1.6927005737304686,15.17557251908397,-8.122137404580153,6.0,0.0
34.28000068664551,-9.473855969238281,1.8531120849609375,0.30406361083984373,10.320610687022901,13.099236641221374,0.061068702290076333,-10.149020837402343,-1.5466542724609373,-0.5291185668945312,24.48854961832061,-14.458015267175572,1.4045801526717556,0.0
34.290000438690186,-9.555258825683593,1.924938134765625,0.23223756103515625,10.977099236641221,14.030534351145038,-1.9236641221374047,-11.671733093261718,-1.9632453613281249,-0.03591302490234375,36.412213740458014,-17.6793893129771,-0.9007633587786259,0.0
34.3000009059906,-9.193734375,1.4939818359375,0.1580173095703125,11.511450381679388,14.458015267175572,-4.198473282442748,-10.934318981933593,-1.235408056640625,1.2761094848632812,45.48091603053435,-23.206106870229007,-4.580152671755725,0.0
34.31000065803528,-9.241618408203124,1.5394716674804687,0.3280056274414062,13.17557251908397,15.34351145038168,-6.076335877862595,-10.041281762695311,1.7549498168945312,0.16280571289062498,37.31297709923664,-27.221374045801525,-9.32824427480916,0.0
34.32000112533569,-9.72285294189453,2.27927998046875,0.6464344482421874,11.908396946564885,16.106870229007633,-8.045801526717558,-10.213664282226562,2.5354595581054684,0.0718260498046875,14.992366412213741,-25.00763358778626,-8.50381679389313,0.0
34.33000040054321,-9.91438907470703,2.5570073730468748,0.7422025146484375,8.396946564885496,16.106870229007633,-8.83969465648855,-10.405200415039062,0.2825157958984375,2.6575638427734374,6.33587786259542,-18.0,-4.366412213740458,0.0
34.34000062942505,-9.95987890625,2.6575638427734374,0.7350199096679687,6.015267175572519,14.641221374045802,-10.305343511450381,-10.225635290527343,-1.2114660400390624,2.442085693359375,10.213740458015268,-27.419847328244273,-5.740458015267175,0.0
34.350000619888306,-9.76116016845703,2.243366955566406,0.8834604125976562,7.083969465648855,13.465648854961833,-9.969465648854962,-10.359710583496094,-1.5514426757812498,1.944091748046875,18.427480916030536,-37.05343511450382,-9.954198473282442,0.0
34.36000061035156,-9.557653027343749,2.250549560546875,1.0175357055664063,8.916030534351146,14.351145038167939,-9.526717557251908,-9.519345800781249,1.1013327636718748,0.8307879760742187,13.511450381679388,-44.152671755725194,-15.038167938931299,0.0
34.37000036239624,-9.643844287109374,2.770091320800781,1.2521674682617188,6.870229007633588,13.389312977099237,-8.977099236641221,-9.588777648925781,0.7230489013671875,2.0278888061523435,-1.6030534351145038,-38.44274809160305,-12.900763358778626,0.0
34.380000591278076,-9.763554370117188,3.0693665283203124,1.5203180541992187,2.5801526717557253,11.923664122137405,-8.946564885496183,-11.291055029296874,-1.848323681640625,1.89620771484375,5.8320610687022905,-43.57251908396947,-11.389312977099237,0.0
34.39000058174133,-10.907982763671875,4.311957189941406,1.8626888916015625,-10.916030534351146,7.00763358778626,-9.19083969465649,-10.026916552734374,0.6536170532226562,1.0271125122070313,10.641221374045802,-52.88549618320611,-16.213740458015266,0.0
34.40000057220459,-8.726865051269531,2.365471240234375,1.2018892333984375,-11.816793893129772,2.0916030534351147,-2.9618320610687023,-8.350975390624999,0.4740519287109375,1.369483349609375,-6.732824427480916,-47.31297709923664,-17.923664122137403,0.0
34.41000056266785,-8.054094384765625,1.350329736328125,0.9983820922851562,-8.51908396946565,4.061068702290076,-0.8091603053435115,-10.87925234375,-1.8052280517578123,1.4628572143554686,-3.7099236641221376,-47.87786259541985,-14.01526717557252,0.0
34.4200005531311,-7.975085729980468,0.488417138671875,0.9457096557617187,-4.091603053435114,4.5038167938931295,-1.1908396946564885,-10.077194787597655,0.08379705810546874,0.9840168823242187,3.49618320610687,-55.41984732824427,-17.81679389312977,0.0
34.43000078201294,-9.279925634765624,2.636016027832031,1.6256629272460936,1.083969465648855,9.053435114503817,-3.786259541984733,-8.113949426269532,0.6464344482421874,1.2617442749023438,-10.717557251908397,-49.908396946564885,-20.366412213740457,0.0
34.44000053405762,-9.047688073730468,1.6807295654296874,1.4508862060546874,-3.633587786259542,6.320610687022901,-2.595419847328244,-10.70686982421875,-1.879448303222656,1.7214309936523438,-7.343511450381679,-46.6412213740458,-14.900763358778626,0.0
34.450000524520874,-9.047688073730468,1.7166425903320313,1.9800047729492187,3.282442748091603,8.82442748091603,-2.5801526717557253,-10.024522351074218,-1.1540052001953125,1.6711527587890624,4.641221374045801,-53.06870229007634,-16.229007633587788,0.0
34.46000051498413,-9.732429748535155,2.834734765625,2.3415292236328122,1.6793893129770991,7.511450381679389,-1.8473282442748091,-7.074865905761718,1.608903515625,0.7493851196289062,-2.045801526717557,-54.80916030534351,-21.770992366412212,0.0
34.47000074386597,-9.737218151855469,3.327940307617187,2.6216508178710938,-0.8244274809160306,6.793893129770993,0.3053435114503817,-8.901641772460938,-0.4261678955078125,1.3120225097656248,-12.885496183206106,-47.221374045801525,-16.946564885496183,0.0
34.480000257492065,-9.911994873046874,3.564966271972656,2.7748797241210936,-5.709923664122138,4.763358778625954,1.9083969465648856,-9.74200655517578,-1.8746598999023436,1.5897499023437498,-1.8931297709923665,-48.85496183206107,-14.106870229007633,0.0
34.49000024795532,-9.852139831542969,3.6296097167968746,2.5258827514648434,-7.862595419847328,1.8778625954198473,5.083969465648855,-8.542511523437499,0.5410895751953124,0.7110778930664062,4.793893129770993,-55.770992366412216,-19.81679389312977,0.0
34.50000047683716,-9.320627062988281,3.0310593017578125,2.6982652709960937,-6.8396946564885495,0.48854961832061067,8.65648854961832,-7.225700610351562,0.9744400756835937,1.2880804931640624,-11.053435114503817,-48.732824427480914,-21.46564885496183,0.0
34.510000705718994,-9.30147344970703,2.7844565307617186,3.4093431640625,-10.442748091603054,-2.2900763358778624,8.687022900763358,-9.131485131835937,-0.3327940307617187,0.8571241943359375,-22.015267175572518,-42.16793893129771,-16.580152671755727,0.0
34.52000069618225,-9.421183532714844,2.5761609863281247,3.5913024902343746,-14.305343511450381,-7.297709923664122,7.786259541984733,-8.722076647949219,-1.4963760375976562,1.8698714965820311,-15.450381679389313,-43.48091603053435,-15.801526717557252,0.0
34.53000068664551,-9.411606726074218,1.707065783691406,3.5960908935546874,-10.83969465648855,-12.732824427480915,8.076335877862595,-9.660603698730467,-2.233790148925781,1.7741034301757812,-1.3282442748091603,-46.19847328244275,-15.17557251908397,0.0
34.540000438690186,-9.720458740234374,2.73896669921875,4.472368701171875,-6.488549618320611,-15.923664122137405,7.694656488549619,-9.203311181640624,-1.7094599853515624,1.8507178833007811,13.053435114503817,-51.267175572519086,-16.702290076335878,0.0
34.55000042915344,-10.694898815917968,3.1962592163085937,4.8506525634765625,-6.687022900763359,-21.740458015267176,7.4961832061068705,-7.912836486816405,0.679953271484375,0.9050082275390624,10.473282442748092,-53.19083969465649,-19.923664122137403,0.0
34.56000089645386,-9.909600671386718,3.2824504760742186,4.575319372558593,-10.82442748091603,-33.9236641221374,8.748091603053435,-7.343016491699219,1.5203180541992187,0.4836287353515625,-5.755725190839694,-49.25190839694657,-19.69465648854962,0.0
34.570000648498535,-9.275137231445312,2.5474305664062498,4.525041137695312,-14.51908396946565,-43.48091603053435,9.358778625954198,-9.119514123535156,0.4333505004882812,0.9361328491210937,-11.633587786259541,-42.70229007633588,-16.30534351145038,0.0
34.58000087738037,-8.015787158203125,2.0159177978515626,4.580107775878906,-5.114503816793893,-49.19083969465649,8.381679389312977,-8.602366564941406,-0.5458779785156249,1.8124106567382812,-12.534351145038167,-41.02290076335878,-16.595419847328245,0.0
34.59000062942505,-9.813832604980469,3.153163586425781,5.499481213378906,-6.458015267175573,-55.9236641221374,5.755725190839694,-7.941566906738281,-0.737414111328125,1.6160861206054686,-5.740458015267175,-43.86259541984733,-18.244274809160306,0.0
34.600000619888306,-8.367734802246094,1.9967641845703124,4.529829541015625,-7.038167938931298,-69.40458015267176,6.809160305343512,-8.406042028808594,-0.5147533569335937,1.3120225097656248,-3.648854961832061,-42.79389312977099,-18.427480916030536,0.0
34.61000061035156,-7.108384729003906,0.44532150878906246,3.4261025756835934,2.427480916030534,-73.52671755725191,9.17557251908397,-8.398859423828124,0.699106884765625,0.2657563842773437,-4.305343511450381,-44.62595419847328,-20.0,0.0
34.62000060081482,-7.45075556640625,2.262520568847656,2.990357873535156,7.770992366412214,-75.22137404580153,6.473282442748092,-8.046911779785155,0.28490999755859375,0.7996633544921875,-21.053435114503817,-31.419847328244273,-19.16030534351145,0.0
34.630000591278076,-7.129932543945312,2.4564509033203126,2.408566870117187,-0.12213740458015267,-79.38931297709924,6.305343511450381,-8.528146313476562,-0.8020575561523438,1.5179238525390624,-20.442748091603054,-26.595419847328245,-18.198473282442748,0.0
34.64000058174133,-6.119579443359375,0.5147533569335937,0.8930372192382812,-0.8702290076335878,-78.91603053435115,6.015267175572519,-9.521740002441407,-1.7549498168945312,1.5155296508789062,-2.2442748091603053,-30.198473282442748,-18.229007633587788,0.0
34.65000081062317,-6.4834980957031245,0.3232172241210937,0.1388636962890625,5.557251908396947,-75.52671755725191,0.6259541984732825,-8.935160595703124,-2.980781066894531,1.697488977050781,18.015267175572518,-35.02290076335878,-19.633587786259543,0.0
34.66000056266785,-7.228094812011718,1.0989385620117187,0.28969840087890625,13.618320610687023,-71.40458015267176,-0.8244274809160306,-7.900865478515625,-1.7166425903320313,1.3934253662109375,32.70229007633588,-39.61832061068702,-21.984732824427482,0.0
34.6700005531311,-7.474697583007812,2.748543505859375,0.4429273071289062,18.458015267175572,-64.68702290076335,1.1145038167938932,-6.064512805175781,0.9337386474609375,0.8188169677734375,26.641221374045802,-35.908396946564885,-22.519083969465647,0.0
34.68000054359436,-8.212111694335936,4.187458703613281,0.8212111694335937,12.82442748091603,-58.25954198473283,3.145038167938931,-6.37815322265625,1.4413093994140624,-0.08858546142578125,13.145038167938932,-26.641221374045802,-19.541984732824428,0.0
34.690000772476196,-8.71489404296875,3.8690298828125,0.9816226806640624,6.717557251908397,-49.847328244274806,4.824427480916031,-7.175422375488281,0.622492431640625,0.6296750366210937,3.5572519083969465,-14.442748091603054,-14.549618320610687,0.0
34.700000524520874,-8.978256225585938,4.034229797363281,1.6927005737304686,-0.48854961832061067,-42.916030534351144,4.977099236641221,-7.977479931640625,-0.4860229370117187,1.0702081420898437,7.206106870229007,-9.267175572519085,-11.038167938931299,0.0
34.71000075340271,-9.26316622314453,1.8411410766601561,1.714248388671875,-0.6412213740458015,-36.88549618320611,5.6183206106870225,-8.710105639648438,-1.867477294921875,1.7908628417968748,15.206106870229007,-4.854961832061068,-8.427480916030534,0.0
34.72000050544739,-9.988609326171874,1.9488801513671874,3.0358477050781247,3.877862595419847,-26.9618320610687,2.213740458015267,-9.035717065429687,-1.8195932617187498,1.8148048583984373,25.69465648854962,-5.1603053435114505,-7.404580152671755,0.0
34.730000734329224,-10.026916552734374,2.3151930053710936,3.2058360229492187,8.885496183206106,-20.732824427480917,-0.9770992366412213,-8.978256225585938,-0.8355763793945312,1.8004396484374998,27.603053435114504,-3.5267175572519083,-8.854961832061068,0.0
34.7400004863739,-9.6917283203125,2.825157958984375,3.7205893798828122,3.9389312977099236,-19.52671755725191,-5.648854961832061,-9.988609326171874,-0.46208092041015625,1.9225439331054686,25.435114503816795,0.8549618320610687,-9.770992366412214,0.0
34.75000023841858,-9.289502441406249,1.9129671264648436,4.180276098632812,0.3511450381679389,-20.33587786259542,-9.511450381679388,-10.692504614257812,-0.5147533569335937,2.5761609863281247,17.17557251908397,10.564885496183207,-8.992366412213741,0.0
34.760000705718994,-8.43956085205078,1.68551796875,3.883395092773437,0.13740458015267176,-20.290076335877863,-12.83969465648855,-9.476250170898437,0.7972691528320313,2.27927998046875,12.488549618320612,10.610687022900763,-9.297709923664122,0.0
34.77000069618225,-8.334215979003906,1.7262193969726563,3.114856359863281,0.3511450381679389,-19.358778625954198,-16.580152671755727,-11.360486877441405,-0.7852981445312499,2.6503812377929687,7.7251908396946565,18.83969465648855,-5.068702290076335,0.0
34.78000044822693,-8.125920434570313,3.4835634155273434,2.281674182128906,-7.450381679389313,-22.290076335877863,-18.30534351145038,-10.984597216796875,-0.7110778930664062,2.01112939453125,10.15267175572519,16.916030534351144,-2.9160305343511452,0.0
34.790000677108765,-10.335768566894531,4.848258361816406,3.0430303100585934,-11.694656488549619,-20.106870229007633,-17.480916030534353,-11.314997045898437,-0.6560112548828124,1.9033903198242186,6.152671755725191,20.778625954198475,-3.1908396946564888,0.0
34.8000009059906,-8.99501563720703,4.7764323120117185,2.583343591308594,-13.923664122137405,-22.091603053435115,-13.099236641221374,-10.934318981933593,0.9911994873046874,1.8914193115234375,-3.8625954198473282,23.389312977099237,-6.519083969465649,0.0
34.81000065803528,-10.342951171874999,5.233724829101562,3.687070556640625,-16.15267175572519,-14.13740458015267,-10.748091603053435,-10.146626635742187,1.8100164550781248,2.882618798828125,-21.893129770992367,28.091603053435115,-4.717557251908397,0.0
34.820000886917114,-9.411606726074218,5.291185668945312,4.1563340820312495,-18.885496183206108,-8.412213740458014,-9.740458015267176,-10.54645831298828,2.080561242675781,2.971204260253906,-44.38167938931298,32.48854961832061,-4.488549618320611,0.0
34.83000063896179,-9.497797985839844,5.786785412597656,4.707000463867187,-31.81679389312977,-7.3893129770992365,-9.633587786259541,-11.540052001953125,-0.22505495605468748,4.685452648925781,-68.30534351145039,42.396946564885496,-4.2748091603053435,0.0
34.84000086784363,-10.488997473144531,6.457161877441406,5.9591679321289055,-50.091603053435115,-9.572519083969466,-8.870229007633588,-13.357251062011718,-1.4006079711914061,5.193023400878906,-64.41221374045801,36.778625954198475,-2.9160305343511452,0.0
34.850000619888306,-10.228029492187499,3.469198205566406,6.3709706176757805,-61.69465648854962,-15.648854961832061,-7.312977099236641,-11.961431494140625,-0.354341845703125,5.049371301269531,-65.5114503816794,31.49618320610687,-7.267175572519084,0.0
34.86000061035156,-10.062829577636718,0.2442085693359375,7.71890615234375,-58.74809160305343,-22.35114503816794,-9.282442748091603,-13.776236352539062,-3.1076737548828124,5.561730456542969,-57.20610687022901,23.541984732824428,-6.3816793893129775,0.0
34.87000060081482,-10.955866796875,-2.1978771240234374,9.100360510253905,-36.44274809160305,-30.366412213740457,-11.511450381679388,-12.528857287597656,-1.3431471313476562,4.465186096191406,-39.83206106870229,8.198473282442748,-8.442748091603054,0.0
34.880000591278076,-12.016498132324218,-3.787627026367187,9.701305126953125,-3.877862595419847,-39.038167938931295,-12.778625954198473,-10.864887133789061,1.7334020019531249,2.2457611572265623,-40.80916030534351,2.8244274809160306,-8.854961832061068,0.0
34.89000058174133,-12.842497705078124,-3.794809631347656,9.835380419921874,28.68702290076336,-48.82442748091603,-14.82442748091603,-10.934318981933593,0.6392518432617187,0.6679822631835937,-51.48091603053435,5.190839694656488,-6.3816793893129775,0.0
34.90000081062317,-14.008473913574218,-1.4628572143554686,9.548076220703125,52.67175572519084,-61.06870229007634,-19.61832061068702,-11.350910070800781,-2.4109610717773435,-0.009576806640625,-45.23664122137404,3.0839694656488548,-4.122137404580153,0.0
34.91000032424927,-15.969325073242187,2.104503259277344,9.215282189941405,46.56488549618321,-82.07633587786259,-25.236641221374047,-10.347739575195313,-3.8857892944335934,-1.6807295654296874,-26.80916030534351,-2.50381679389313,-4.152671755725191,0.0
34.9200005531311,-16.045939526367185,3.21780703125,7.766790185546874,27.709923664122137,-103.86259541984732,-24.931297709923665,-10.029310754394531,-4.335899206542969,-2.403778466796875,-16.27480916030534,0.2595419847328244,-2.931297709923664,0.0
34.93000030517578,-15.614983227539062,3.5625720703124997,5.719747766113281,2.1374045801526718,-123.48091603053435,-25.206106870229007,-9.368511096191405,-4.209006518554688,-2.3151930053710936,-5.801526717557252,5.801526717557252,-3.236641221374046,0.0
34.94000053405762,-14.183250634765624,2.858676782226562,3.478775012207031,-21.862595419847327,-141.58778625954199,-25.633587786259543,-8.59997236328125,-3.9336733276367184,-2.5139117431640625,4.977099236641221,14.641221374045802,-5.648854961832061,0.0
34.950000524520874,-13.000515014648437,1.4508862060546874,0.3591302490234375,-32.36641221374046,-148.24427480916032,-25.236641221374047,-8.532934716796875,-3.9887399658203124,-2.4516625,15.053435114503817,23.022900763358777,-8.030534351145038,0.0
34.96000051498413,-10.79545528564453,-0.0430956298828125,-1.4796166259765624,-27.114503816793892,-145.64885496183206,-21.49618320610687,-8.702923034667968,-3.725377783203125,-2.0925322509765625,24.53435114503817,30.137404580152673,-8.80916030534351,0.0
34.97000050544739,-8.671798413085938,-1.9704279663085937,-2.205059729003906,-4.5038167938931295,-131.75572519083968,-15.908396946564885,-8.911218579101561,-3.4763808105468748,-1.149216796875,31.480916030534353,35.45038167938932,-7.984732824427481,0.0
34.980000734329224,-8.276755139160155,-3.23696064453125,-2.4588451049804685,18.717557251908396,-112.45801526717557,-13.19083969465649,-9.811438403320311,-2.971204260253906,-0.36391865234375,39.19083969465649,37.48091603053435,-7.145038167938932,0.0
34.9900004863739,-7.738059765625,-2.9185318237304685,-2.5546131713867184,36.56488549618321,-93.0381679389313,-15.435114503816793,-10.644620581054687,-2.39420166015625,0.08140285644531249,43.45038167938932,37.87786259541985,-4.534351145038168,0.0
35.00000047683716,-7.1395093505859375,-1.7573440185546874,-1.7238251953125,54.6412213740458,-69.77099236641222,-14.01526717557252,-11.066000073242186,-1.4101847778320311,0.28730419921875,42.97709923664122,36.54961832061068,-2.198473282442748,0.0
35.010000705718994,-7.589619262695312,-0.023942016601562498,-1.2641384765625,68.8854961832061,-44.732824427480914,-9.969465648854962,-12.378022583007812,-2.2864625854492187,1.0366893188476562,36.56488549618321,40.091603053435115,2.8091603053435112,0.0
35.02000069618225,-7.6997525390625,2.152387292480469,-0.5817910034179687,61.29770992366412,-27.6793893129771,-10.412213740458014,-12.064382165527343,-2.959233251953125,1.5945383056640625,40.35114503816794,36.2442748091603,6.687022900763359,0.0
35.03000068664551,-8.125920434570313,3.076549133300781,-0.5003881469726562,46.29007633587786,-13.84732824427481,-10.67175572519084,-10.587159741210938,-2.176329309082031,1.180341418457031,47.43511450381679,27.709923664122137,7.435114503816794,0.0
35.040000915527344,-7.388506323242187,2.501940734863281,-0.7350199096679687,30.702290076335878,-3.2213740458015265,-9.32824427480916,-9.600748657226562,-1.4245499877929686,1.0678139404296874,43.14503816793893,24.99236641221374,8.0,0.0
35.05000066757202,-7.491456994628906,3.181894006347656,-0.5147533569335937,7.893129770992366,4.076335877862595,-8.854961832061068,-9.737218151855469,-0.9169792358398436,0.8882488159179687,35.465648854961835,22.106870229007633,8.473282442748092,0.0
35.06000089645386,-6.940790612792968,2.4875755249023435,-0.6871358764648438,-12.51908396946565,12.427480916030534,-8.0,-9.533711010742186,-0.5027823486328125,0.7230489013671875,24.015267175572518,21.603053435114504,8.213740458015268,0.0
35.070000648498535,-6.344634399414062,2.1404162841796874,-0.8571241943359375,-28.259541984732824,20.3206106870229,-7.343511450381679,-9.586383447265625,-0.3591302490234375,0.737414111328125,9.740458015267176,22.35114503816794,7.465648854961832,0.0
35.08000087738037,-6.272808349609375,2.0087351928710935,-0.7972691528320313,-41.80152671755725,28.137404580152673,-8.290076335877863,-9.085995300292968,-0.07422025146484375,0.7757213378906249,-3.3282442748091605,22.106870229007633,6.5038167938931295,0.0
35.09000039100647,-6.169857678222656,1.5897499023437498,-0.4285620971679687,-50.732824427480914,36.70229007633588,-8.549618320610687,-9.200916979980468,-0.26815058593749996,0.9504980590820312,-16.366412213740457,23.64885496183206,6.854961832061068,0.0
35.100000619888306,-6.505045910644531,1.8746598999023436,0.06943184814453125,-63.786259541984734,44.48854961832061,-9.358778625954198,-8.882488159179687,-0.5291185668945312,1.0199299072265624,-29.099236641221374,24.16793893129771,6.6106870229007635,0.0
35.11000061035156,-6.459556079101562,1.2138602416992186,0.967257470703125,-73.3587786259542,49.7557251908397,-7.770992366412214,-9.258377819824219,-1.5658078857421873,0.97683427734375,-36.70229007633588,25.419847328244273,7.083969465648855,0.0
35.12000060081482,-6.658274816894531,-0.2561795776367187,2.7269956909179687,-79.89312977099236,54.229007633587784,-7.236641221374046,-9.093177905273437,-2.1164742675781247,1.0534487304687499,-38.33587786259542,24.931297709923665,6.152671755725191,0.0
35.130000591278076,-4.809951135253906,-4.486733911132812,3.7421371948242186,-61.25190839694657,59.70992366412214,-4.076335877862595,-9.579200842285156,-3.39018955078125,1.0965443603515623,-34.42748091603053,24.259541984732824,6.091603053435114,0.0
35.14000058174133,-6.124367846679687,-4.690241052246093,4.75009609375,-40.0,68.70229007633588,-7.129770992366412,-9.495403784179686,-3.9145197143554684,1.3024457031249999,-25.541984732824428,21.87786259541985,5.129770992366412,0.0
35.15000033378601,-6.138733056640625,-4.666299035644531,4.848258361816406,-20.931297709923665,71.6030534351145,-10.412213740458014,-9.787496386718749,-4.7189714721679685,1.4796166259765624,-10.82442748091603,19.87786259541985,5.3893129770992365,0.0
35.16000056266785,-6.548141540527343,-3.5482068603515624,4.96078583984375,1.4961832061068703,79.02290076335878,-11.648854961832061,-9.667786303710937,-4.42448466796875,1.3048399047851562,4.198473282442748,16.580152671755727,5.3893129770992365,0.0
35.170000314712524,-6.83783994140625,-2.7078420776367187,4.197035510253906,17.557251908396946,83.23664122137404,-14.473282442748092,-10.029310754394531,-4.335899206542969,1.2593500732421874,16.625954198473284,14.366412213740459,6.290076335877862,0.0
35.18000054359436,-7.235277416992187,-1.24498486328125,4.211400720214844,26.53435114503817,86.77862595419847,-17.129770992366414,-10.144232434082031,-3.5625720703124997,1.2689268798828124,27.52671755725191,10.854961832061068,6.809160305343512,0.0
35.19000029563904,-8.463502868652343,0.47165772705078124,4.57771357421875,29.984732824427482,88.38167938931298,-19.52671755725191,-10.8409451171875,-3.1555577880859373,0.8978256225585937,37.12977099236641,7.32824427480916,6.2748091603053435,0.0
35.200000286102295,-9.126696728515624,1.4796166259765624,4.965574243164062,36.62595419847328,89.78625954198473,-16.244274809160306,-9.227253198242186,-0.8188169677734375,0.5961562133789062,30.3206106870229,8.290076335877863,4.412213740458015,0.0
35.21000099182129,-9.548076220703125,2.473210314941406,4.620809204101562,40.97709923664122,89.31297709923665,-11.572519083969466,-10.402806213378906,-0.9600748657226562,0.6607996582031249,23.96946564885496,9.923664122137405,7.862595419847328,0.0
35.22000050544739,-9.605537060546874,2.4875755249023435,4.357447021484375,41.51145038167939,88.29007633587786,-6.473282442748092,-9.9981861328125,-0.507570751953125,0.5506663818359374,18.18320610687023,9.755725190839694,8.305343511450381,0.0
35.230000495910645,-10.204087475585936,2.3247698120117186,4.970362646484375,41.3587786259542,85.45038167938931,-2.9618320610687023,-9.823409411621093,-1.139639990234375,0.6536170532226562,12.122137404580153,12.15267175572519,8.50381679389313,0.0
35.24000024795532,-11.25514200439453,2.5234885498046875,6.399701037597656,43.69465648854962,79.66412213740458,2.8396946564885495,-10.211270080566406,-2.0374656127929685,0.4572925170898437,9.938931297709924,13.221374045801527,9.618320610687023,0.0
35.25000047683716,-12.028469140624999,2.422932080078125,6.969521032714844,37.51145038167939,72.06106870229007,6.763358778625954,-10.311826550292968,-2.5713725830078125,0.2609679809570312,10.793893129770993,13.17557251908397,9.679389312977099,0.0
35.260000705718994,-12.579135522460938,2.233790148925781,7.108384729003906,26.12213740458015,61.57251908396947,7.526717557251908,-9.928754284667969,-2.7437551025390623,0.02633621826171875,14.778625954198473,13.17557251908397,8.870229007633588,0.0
35.27000093460083,-13.785813159179687,2.398990063476562,7.3861121215820305,19.923664122137403,50.30534351145038,9.877862595419847,-10.08677159423828,-3.1938650146484373,-0.062249243164062495,19.51145038167939,13.694656488549619,9.145038167938932,0.0
35.280001163482666,-14.45379542236328,2.626439221191406,8.169016064453125,18.580152671755727,41.52671755725191,14.549618320610687,-9.526528405761718,-2.961627453613281,0.03591302490234375,19.81679389312977,15.511450381679388,9.19083969465649,0.0
35.290000915527344,-12.974178796386719,2.0446482177734375,7.618349682617187,14.290076335877863,29.282442748091604,19.282442748091604,-9.299079248046874,-1.9776105712890624,0.023942016601562498,23.862595419847327,12.030534351145038,7.419847328244275,0.0
35.30000114440918,-11.896788049316406,2.2290017456054687,7.3669585083007805,9.404580152671755,19.328244274809162,20.16793893129771,-9.504980590820312,-2.1691467041015624,0.7733271362304687,24.35114503816794,14.305343511450381,7.0534351145038165,0.0
35.31000065803528,-10.460267053222656,1.9776105712890624,6.392518432617187,7.145038167938932,11.145038167938932,19.251908396946565,-9.445125549316407,-1.8124106567382812,0.9888052856445312,24.27480916030534,15.083969465648854,6.091603053435114,0.0
35.320000886917114,-8.975862023925782,2.308010400390625,5.03740029296875,0.6106870229007634,4.824427480916031,14.916030534351146,-9.425971936035156,-1.1156979736328125,0.9433154541015625,22.18320610687023,14.458015267175572,4.977099236641221,0.0
35.33000063896179,-8.511386901855468,1.7381904052734374,4.086902233886718,-16.778625954198475,-1.251908396946565,12.229007633587786,-9.883264453125,-0.6967126831054687,0.9026140258789062,18.80916030534351,13.98473282442748,5.603053435114504,0.0
35.34000110626221,-7.060500695800781,1.0319009155273438,3.7134067749023436,-17.801526717557252,2.7480916030534353,13.251908396946565,-9.361328491210937,-0.36631285400390623,1.01514150390625,15.84732824427481,11.374045801526718,6.091603053435114,0.0
35.350000619888306,-7.273584643554687,0.9409212524414062,3.0813375366210938,-24.748091603053435,6.702290076335878,15.801526717557252,-8.504204296874999,0.603338818359375,0.8643067993164062,9.633587786259541,10.625954198473282,4.763358778625954,0.0
35.36000061035156,-7.410054138183593,1.879448303222656,2.281674182128906,-26.229007633587788,11.022900763358779,16.15267175572519,-8.757989672851561,0.8714894042968749,0.2561795776367187,2.8702290076335877,7.221374045801527,6.687022900763359,0.0
35.37000036239624,-6.787561706542968,1.1013327636718748,1.2641384765625,-30.290076335877863,14.13740458015267,15.541984732824428,-9.349357482910156,-0.43574470214843747,0.9121908325195311,-3.145038167938931,10.793893129770993,9.755725190839694,0.0
35.380000591278076,-7.572859851074218,2.2194249389648437,1.5514426757812498,-32.35114503816794,19.83206106870229,12.687022900763358,-8.870517150878905,-0.15083470458984374,0.5482721801757812,-3.49618320610687,7.374045801526718,9.618320610687023,0.0
35.39000058174133,-9.026140258789061,1.47482822265625,1.898601916503906,-45.725190839694655,18.33587786259542,11.236641221374045,-8.626308581542968,-0.21308394775390624,0.49799394531249996,-7.190839694656488,8.67175572519084,11.038167938931299,0.0
35.40000057220459,-8.336610180664062,-2.2266075439453124,1.8698714965820311,-22.458015267175572,26.82442748091603,15.740458015267176,-9.349357482910156,-0.1484405029296875,-0.062249243164062495,-5.633587786259542,3.435114503816794,11.083969465648854,0.0
35.41000056266785,-7.690175732421874,-2.999934680175781,2.195482922363281,13.17557251908397,36.595419847328245,15.145038167938932,-8.892064965820312,0.181959326171875,-0.24899697265624998,-14.366412213740459,10.213740458015268,10.946564885496183,0.0
35.42000079154968,-9.94072529296875,0.39264907226562495,3.1100679565429687,32.68702290076336,43.49618320610687,11.374045801526718,-9.835380419921874,0.7805097412109374,-1.0989385620117187,-24.427480916030536,14.458015267175572,13.129770992366412,0.0
35.43000078201294,-7.362170104980469,-0.7613561279296874,1.9871873779296874,30.198473282442748,35.770992366412216,13.206106870229007,-8.528146313476562,0.6871358764648438,-0.7757213378906249,-37.465648854961835,19.053435114503817,14.381679389312977,0.0
35.440000772476196,-10.072406384277343,1.158793603515625,3.0933085449218747,36.47328244274809,42.091603053435115,8.946564885496183,-9.97184991455078,-1.2976572998046874,-0.19393033447265623,-39.49618320610687,23.603053435114504,17.603053435114504,0.0
35.45000100135803,-11.386823095703125,2.0638018310546875,3.308786694335937,22.519083969465647,36.12213740458015,4.6106870229007635,-9.753977563476562,-2.6958710693359373,0.6392518432617187,-26.3206106870229,19.14503816793893,16.259541984732824,0.0
35.46000051498413,-11.97100830078125,2.442085693359375,3.497928625488281,13.969465648854962,30.641221374045802,3.648854961832061,-9.605537060546874,-2.839523168945312,0.7326257080078125,-16.83969465648855,16.595419847328245,14.259541984732824,0.0
35.47000074386597,-10.443507641601562,1.714248388671875,2.7653029174804686,3.6030534351145036,21.786259541984734,5.847328244274809,-8.79150849609375,-0.74699091796875,-0.0718260498046875,-10.83969465648855,10.244274809160306,11.740458015267176,0.0
35.480000257492065,-10.218452685546874,2.243366955566406,3.0358477050781247,-0.13740458015267176,21.450381679389313,5.847328244274809,-8.683769421386717,-0.5099649536132812,-0.06464344482421874,-13.465648854961833,11.099236641221374,12.916030534351146,0.0
35.4900004863739,-9.923965881347655,2.4109610717773435,2.2960393920898436,0.21374045801526717,17.419847328244273,6.732824427480916,-8.506598498535157,-0.047884033203124995,0.13646949462890623,-12.335877862595419,10.488549618320612,12.778625954198473,0.0
35.50000023841858,-8.2743609375,2.3582886352539063,1.649604943847656,-4.763358778625954,13.541984732824428,7.816793893129771,-10.20169327392578,-0.3327940307617187,-0.143652099609375,-17.450381679389313,17.389312977099237,15.007633587786259,0.0
35.510000705718994,-8.092401611328125,3.0550013183593747,1.7741034301757812,-9.801526717557252,15.221374045801527,9.450381679389313,-9.586383447265625,-0.842758984375,0.6177040283203125,-23.16030534351145,19.862595419847327,15.83206106870229,0.0
35.52000069618225,-9.277531433105468,3.31357509765625,1.8100164550781248,-12.473282442748092,17.328244274809162,11.816793893129772,-10.213664282226562,-1.8267758666992187,1.0366893188476562,-16.763358778625953,19.66412213740458,17.404580152671755,0.0
35.53000068664551,-7.764395983886718,2.0446482177734375,0.9169792358398436,-14.854961832061068,14.030534351145038,14.961832061068701,-11.161768139648437,-3.7110125732421873,1.0654197387695312,3.5572519083969465,12.900763358778626,16.671755725190838,0.0
35.540000915527344,-8.55448253173828,2.1930887207031247,1.0941501586914062,-13.954198473282442,17.282442748091604,15.694656488549619,-9.351751684570312,-2.142810485839844,0.7445967163085937,17.572519083969464,5.465648854961832,11.740458015267176,0.0
35.55000066757202,-10.46984385986328,3.5434184570312497,2.272097375488281,-20.595419847328245,19.84732824427481,14.473282442748092,-9.260772021484375,-1.1444283935546875,0.3112462158203125,18.870229007633586,4.091603053435114,11.022900763358779,0.0
35.56000089645386,-10.627861169433594,2.6216508178710938,2.379836450195312,-26.0,16.900763358778626,16.18320610687023,-9.86411083984375,-0.13168109130859373,0.09816226806640624,16.85496183206107,2.9770992366412212,12.625954198473282,0.0
35.570000410079956,-9.18655177001953,0.718260498046875,2.370259643554687,-22.091603053435115,15.541984732824428,18.47328244274809,-9.567229833984374,-0.01915361328125,0.181959326171875,13.206106870229007,2.9618320610687023,12.396946564885496,0.0
35.58000063896179,-9.540893615722656,0.9169792358398436,2.592920397949219,-23.14503816793893,12.274809160305344,17.480916030534353,-9.782707983398437,-0.27293898925781246,0.5530605834960938,9.98473282442748,3.786259541984733,12.229007633587786,0.0
35.59000039100647,-9.380482104492186,-0.17238251953125,2.3127988037109373,-17.52671755725191,10.030534351145038,17.862595419847327,-9.662997900390625,0.488417138671875,0.36391865234375,4.3816793893129775,3.0381679389312977,10.763358778625955,0.0
35.600000619888306,-8.535328918457031,-1.9297265380859374,1.6328455322265625,-2.885496183206107,9.923664122137405,16.977099236641223,-10.912771166992187,-1.3144167114257812,0.9696516723632812,-4.015267175572519,8.51908396946565,12.351145038167939,0.0
35.61000061035156,-7.285555651855469,-2.7724855224609373,1.0366893188476562,28.198473282442748,17.6793893129771,15.297709923664122,-10.479420666503906,-0.9720458740234375,0.9145850341796874,2.2900763358778624,4.549618320610687,9.007633587786259,0.0
35.62000060081482,-9.220070593261719,-0.18435352783203124,1.6041151123046875,46.35114503816794,24.80916030534351,7.801526717557252,-10.263942517089843,-0.9241618408203125,0.9313444458007812,2.717557251908397,4.564885496183206,6.351145038167939,0.0
35.630000829696655,-9.102754711914063,1.3168109130859373,1.5203180541992187,47.66412213740458,22.870229007633586,5.267175572519084,-10.280701928710936,-0.7948749511718749,0.8906430175781249,-0.42748091603053434,3.404580152671756,4.961832061068702,0.0
35.640000343322754,-10.304643945312499,2.8467057739257813,1.944091748046875,44.30534351145038,23.908396946564885,2.9160305343511452,-11.456254943847656,-2.090138049316406,1.0295067138671874,-1.1755725190839694,3.1297709923664123,4.9465648854961835,0.0
35.65000057220459,-9.550470422363281,3.9264907226562498,1.6615759521484375,32.87022900763359,18.68702290076336,2.3206106870229006,-11.068394274902342,-1.0749965454101562,1.0079588989257813,3.3893129770992365,-3.435114503816794,0.6870229007633588,0.0
35.66000056266785,-8.626308581542968,3.1555577880859373,1.149216796875,20.03053435114504,13.34351145038168,2.1068702290076335,-11.046846459960937,-0.5315127685546874,1.0702081420898437,1.4045801526717556,-6.809160305343512,-1.1297709923664123,0.0
35.6700005531311,-8.82981572265625,3.4955344238281247,1.7166425903320313,11.068702290076336,14.717557251908397,1.618320610687023,-10.946289990234375,-0.28969840087890625,1.177947216796875,-1.8625954198473282,-10.229007633587786,-2.0,0.0
35.68000054359436,-9.512163195800781,3.5482068603515624,1.0175357055664063,-0.8549618320610687,10.961832061068701,2.3969465648854964,-10.338162768554687,0.13646949462890623,0.9911994873046874,-7.297709923664122,-14.51908396946565,-3.49618320610687,0.0
35.690000772476196,-9.411606726074218,3.134009973144531,0.7852981445312499,2.351145038167939,16.18320610687023,3.8473282442748094,-10.275913525390624,0.16519991455078123,0.51714755859375,-8.992366412213741,-14.290076335877863,-2.0916030534351147,0.0
35.70000076293945,-10.103531005859374,3.9552211425781247,0.5291185668945312,-9.969465648854962,14.931297709923664,2.5801526717557253,-9.555258825683593,-0.040701428222656245,0.46686932373046874,-8.473282442748092,-17.114503816793892,-2.183206106870229,0.0
35.71000075340271,-10.002974536132811,3.3303345092773435,0.5578489868164063,-13.511450381679388,17.557251908396946,2.8091603053435112,-9.60793126220703,-0.105344873046875,-0.047884033203124995,-2.5343511450381677,-22.85496183206107,-2.9923664122137406,0.0
35.72000050544739,-9.447519750976562,1.407790576171875,0.20829554443359374,-21.16030534351145,17.17557251908397,2.8702290076335877,-9.09796630859375,-0.48123453369140623,0.2561795776367187,2.366412213740458,-23.786259541984734,-4.198473282442748,0.0
35.730000495910645,-9.488221179199218,0.8978256225585937,0.36631285400390623,-15.038167938931299,20.916030534351144,0.9618320610687023,-10.596736547851561,-0.01915361328125,-0.8020575561523438,2.8091603053435112,-18.68702290076336,-3.7709923664122136,0.0
35.7400004863739,-8.640673791503906,0.7302315063476562,0.354341845703125,-14.65648854961832,21.541984732824428,-1.465648854961832,-9.79946739501953,0.967257470703125,-1.7405846069335937,2.366412213740458,-20.0,-4.183206106870229,0.0
35.75000047683716,-9.840168823242188,0.9576806640625,1.3742717529296875,-10.381679389312977,26.65648854961832,-5.374045801526718,-10.97502041015625,0.5363011718749999,-1.7286135986328124,2.5801526717557253,-16.671755725190838,-1.9694656488549618,0.0
35.760000467300415,-9.129090930175781,0.488417138671875,1.0869675537109373,-2.8091603053435112,25.083969465648856,-7.4961832061068705,-11.54244620361328,-1.0941501586914062,-0.430956298828125,1.984732824427481,-11.83206106870229,-0.9618320610687023,0.0
35.77000069618225,-10.256759912109374,0.9409212524414062,1.484405029296875,3.435114503816794,27.374045801526716,-10.82442748091603,-12.516886279296875,-1.8746598999023436,-0.08379705810546874,11.450381679389313,-13.816793893129772,-1.9236641221374047,0.0
35.780001163482666,-8.813056311035156,1.5490484741210937,1.5011644409179687,5.603053435114504,23.87786259541985,-12.961832061068701,-11.674127294921874,-2.1404162841796874,0.8810662109374999,21.419847328244273,-19.984732824427482,-5.908396946564886,0.0
35.790000438690186,-11.049240661621093,3.859453076171875,2.2649147705078123,2.4885496183206106,21.84732824427481,-15.98473282442748,-10.690110412597656,-1.8076222534179687,1.5753846923828123,28.30534351145038,-29.19083969465649,-9.969465648854962,0.0
35.8000009059906,-10.098742602539062,3.162740393066406,1.8746598999023436,-9.083969465648854,11.557251908396946,-12.51908396946565,-9.459490759277344,1.867477294921875,1.177947216796875,22.595419847328245,-34.274809160305345,-14.381679389312977,0.0
35.81000065803528,-9.485826977539062,2.4109610717773435,1.695094775390625,-2.213740458015267,12.0,-9.053435114503817,-9.447519750976562,1.3311761230468748,1.6615759521484375,-1.4351145038167938,-26.83969465648855,-12.091603053435115,0.0
35.820000648498535,-9.907206469726562,2.6791116577148437,1.8267758666992187,-0.0916030534351145,10.946564885496183,-7.541984732824427,-10.512939489746094,-1.4915876342773438,2.9185318237304685,-4.152671755725191,-29.297709923664122,-9.557251908396946,0.0
35.83000063896179,-10.721235034179687,3.0693665283203124,2.001552587890625,-2.0916030534351147,6.442748091603053,-5.847328244274809,-10.654197387695312,-1.6112977172851561,2.9640216552734375,4.900763358778626,-37.465648854961835,-10.030534351145038,0.0
35.84000062942505,-9.172186560058593,1.180341418457031,1.7381904052734374,4.595419847328245,5.022900763358779,-2.0916030534351147,-8.207323291015625,0.41419688720703124,2.6623522460937497,2.9923664122137406,-46.06106870229008,-13.938931297709924,0.0
35.85000038146973,-8.779537487792968,1.1085153686523437,1.8243816650390623,10.900763358778626,4.916030534351145,-1.2671755725190839,-7.967903124999999,1.0917559570312498,2.0350714111328125,-14.992366412213741,-43.41984732824427,-14.259541984732824,0.0
35.86000061035156,-9.334992272949219,2.408566870117187,2.133233679199219,7.847328244274809,3.4198473282442747,-2.595419847328244,-9.244012609863281,-0.3854664672851562,2.473210314941406,-21.251908396946565,-41.954198473282446,-10.763358778625955,0.0
35.87000060081482,-9.275137231445312,2.01112939453125,2.0470424194335934,3.1755725190839694,0.6870229007633588,-3.435114503816794,-10.053252770996092,-2.1978771240234374,2.923320227050781,-10.183206106870228,-47.465648854961835,-10.854961832061068,0.0
35.8800003528595,-8.966285217285156,1.3958195678710936,2.2002713256835937,4.870229007633588,-2.2595419847328246,-3.5572519083969465,-7.75721337890625,-1.0606313354492187,2.3295582153320313,-4.488549618320611,-57.45038167938932,-16.595419847328245,0.0
35.890000343322754,-9.909600671386718,2.6982652709960937,2.901772412109375,4.99236641221374,-2.900763358778626,-3.954198473282443,-7.702146740722656,-0.33758243408203126,1.944091748046875,-15.86259541984733,-53.343511450381676,-18.763358778625953,0.0
35.90000033378601,-11.853692419433592,5.224148022460938,3.842693664550781,-15.267175572519085,-11.419847328244275,-5.312977099236641,-8.858546142578124,-1.158793603515625,1.8938135131835936,-19.786259541984734,-52.12213740458015,-13.801526717557252,0.0
35.910001039505005,-10.036493359375,3.73495458984375,4.271255761718749,-27.129770992366414,-22.015267175572518,1.618320610687023,-9.557653027343749,-1.4724340209960938,2.0542250244140625,-10.351145038167939,-56.0,-12.992366412213741,0.0
35.9200005531311,-9.519345800781249,2.437297290039062,4.010287780761718,-22.748091603053435,-27.053435114503817,6.6106870229007635,-7.551312036132812,0.15322890625,1.3766659545898436,-3.816793893129771,-64.99236641221374,-17.328244274809162,0.0
35.93000102043152,-9.380482104492186,3.0741549316406247,4.070142822265625,-18.229007633587788,-29.236641221374047,7.0534351145038165,-6.363788012695312,1.22583125,0.7445967163085937,-19.557251908396946,-56.0763358778626,-18.396946564885496,0.0
35.940000772476196,-9.272743029785156,3.9719805541992184,3.6679169433593746,-25.31297709923664,-36.3206106870229,7.633587786259542,-8.734047656249999,-1.2808978881835937,1.7573440185546874,-23.0381679389313,-53.81679389312977,-13.450381679389313,0.0
35.95000076293945,-8.145074047851562,3.071760729980469,2.901772412109375,-30.885496183206108,-43.32824427480916,9.129770992366412,-7.826645227050781,-0.18435352783203124,1.3311761230468748,-14.50381679389313,-57.52671755725191,-15.801526717557252,0.0
35.96000027656555,-7.558494641113281,0.8164227661132812,3.0310593017578125,-26.16793893129771,-45.908396946564885,9.83206106870229,-6.959944226074218,0.09337386474609374,1.3359645263671873,-20.65648854961832,-50.48854961832061,-17.14503816793893,0.0
35.970000982284546,-6.993463049316406,0.4429273071289062,3.356670727539062,-20.061068702290076,-47.51145038167939,9.068702290076336,-6.679822631835937,1.0175357055664063,0.20350714111328125,-28.85496183206107,-46.25954198473283,-15.450381679389313,0.0
35.980000495910645,-7.943961108398437,1.8555062866210936,3.6487633300781246,-16.625954198473284,-49.404580152671755,7.893129770992366,-7.094019519042968,0.8092401611328125,-0.028730419921875,-32.38167938931298,-41.725190839694655,-12.641221374045802,0.0
35.99000072479248,-8.820238916015624,2.01112939453125,3.2034418212890623,-17.938931297709924,-52.12213740458015,7.893129770992366,-9.088389501953124,-1.0558429321289062,0.6823474731445313,-32.76335877862596,-30.595419847328245,-9.251908396946565,0.0
36.00000047683716,-7.326257080078125,0.2059013427734375,2.7054478759765623,-12.83969465648855,-53.98473282442748,10.702290076335878,-8.279149340820313,-0.7015010864257812,0.6392518432617187,-23.87786259541985,-31.435114503816795,-10.961832061068701,0.0
36.010000705718994,-7.42441934814453,3.2561142578125,2.3630770385742186,-2.427480916030534,-49.83206106870229,7.419847328244275,-7.4220251464843745,-0.19393033447265623,0.7062894897460937,-24.83969465648855,-26.213740458015266,-13.435114503816793,0.0
36.02000069618225,-10.304643945312499,5.698199951171874,2.1835119140624997,-18.916030534351144,-54.87022900763359,3.49618320610687,-8.961496813964843,-1.005564697265625,0.63206923828125,-19.129770992366414,-24.412213740458014,-11.877862595419847,0.0
36.03000092506409,-8.47786807861328,2.4205378784179685,2.0973206542968748,-25.587786259541986,-56.656488549618324,2.7786259541984735,-8.482656481933594,-0.373495458984375,0.5506663818359374,-14.381679389312977,-21.83206106870229,-13.022900763358779,0.0
36.040000915527344,-6.912060192871094,-0.6943184814453125,2.43250888671875,-14.748091603053435,-55.725190839694655,-0.4732824427480916,-8.884882360839843,-0.9696516723632812,0.8451531860351562,-8.885496183206106,-18.564885496183205,-13.267175572519085,0.0
36.05000066757202,-7.149086157226562,-0.0143652099609375,2.0566192260742184,-2.2900763358778624,-50.35114503816794,-5.633587786259542,-9.009380847167968,-2.003946789550781,1.4053963745117186,1.1603053435114503,-15.679389312977099,-12.65648854961832,0.0
36.06000113487244,-6.833051538085937,-0.28730419921875,0.63206923828125,3.7251908396946565,-49.41984732824427,-9.740458015267176,-8.05648858642578,-2.059013427734375,1.8148048583984373,17.786259541984734,-18.458015267175572,-14.16793893129771,0.0
36.070000410079956,-7.644685900878906,1.2425906616210938,0.74699091796875,16.076335877862597,-44.58015267175573,-12.51908396946565,-8.968679418945312,-2.7748797241210936,1.5921441040039062,34.38167938931298,-18.916030534351144,-13.557251908396946,0.0
36.08000087738037,-9.631873278808593,3.3255461059570313,2.808398547363281,21.893129770992367,-43.52671755725191,-10.763358778625955,-8.79150849609375,-3.1387983764648437,1.68551796875,52.16793893129771,-24.244274809160306,-12.82442748091603,0.0
36.09000062942505,-9.945513696289062,3.907337109375,3.88818349609375,27.16030534351145,-42.67175572519084,-4.137404580152672,-6.854599353027344,0.51714755859375,1.0175357055664063,54.38167938931298,-23.404580152671755,-14.885496183206106,0.0
36.100000619888306,-11.111489904785156,4.8698061767578125,2.602497204589844,19.572519083969464,-37.541984732824424,-4.076335877862595,-7.671022119140624,1.0941501586914062,0.296881005859375,43.55725190839695,-17.6793893129771,-12.900763358778626,0.0
36.11000061035156,-11.06360587158203,5.868188269042968,1.6136919189453125,-0.7938931297709924,-39.23664122137404,-5.938931297709924,-7.359775903320312,1.1659762084960936,0.9935936889648437,29.00763358778626,-7.7251908396946565,-10.366412213740459,0.0
36.1200008392334,-10.47702646484375,4.070142822265625,1.9321207397460936,-12.83969465648855,-37.25190839694657,-4.412213740458015,-8.628702783203124,0.3447650390625,1.5203180541992187,23.435114503816795,-0.916030534351145,-7.312977099236641,0.0
36.130000829696655,-9.107543115234375,0.7996633544921875,2.3151930053710936,-9.633587786259541,-32.48854961832061,-4.122137404580153,-9.090783703613281,0.30885201416015623,1.3910311645507811,16.0,6.412213740458015,-6.9465648854961835,0.0
36.14000058174133,-7.364564306640625,0.3854664672851562,2.3630770385742186,-1.5114503816793894,-28.9618320610687,-9.053435114503817,-11.077971081542968,0.16280571289062498,1.8650830932617186,12.610687022900763,14.183206106870228,-8.870229007633588,0.0
36.15000057220459,-7.371746911621093,-0.01915361328125,2.454056701660156,3.7709923664122136,-26.50381679389313,-11.83206106870229,-11.590330236816406,-0.05985504150390625,2.3918074584960936,10.0,19.87786259541985,-12.106870229007633,0.0
36.16000056266785,-8.48505068359375,0.9337386474609375,3.4356793823242184,9.16030534351145,-21.14503816793893,-16.061068702290076,-12.229582080078124,-0.5578489868164063,2.5809493896484375,8.564885496183207,24.3206106870229,-10.198473282442748,0.0
36.17000102996826,-8.298302954101562,1.1372457885742187,3.651157531738281,21.61832061068702,-18.442748091603054,-18.748091603053435,-12.19366905517578,-0.39264907226562495,1.6903063720703124,5.221374045801527,23.72519083969466,-8.458015267175572,0.0
36.18000054359436,-9.89523546142578,4.498704919433593,4.340687609863281,23.87786259541985,-17.297709923664122,-22.244274809160306,-11.1474029296875,0.19632453613281248,2.3223756103515623,4.290076335877862,18.0,-12.900763358778626,0.0
36.190000772476196,-10.472238061523436,5.236119030761718,3.651157531738281,9.770992366412214,-24.65648854961832,-19.480916030534353,-11.267113012695312,1.1659762084960936,3.3710359375,-6.549618320610687,25.419847328244273,-17.19083969465649,0.0
36.20000076293945,-10.046070166015625,5.329492895507812,3.6439749267578123,3.8625954198473282,-22.076335877862597,-16.244274809160306,-12.923900561523437,0.8595183959960937,3.5314474487304683,-18.366412213740457,25.954198473282442,-12.564885496183207,0.0
36.21000075340271,-9.121908325195312,4.331110803222656,3.5913024902343746,-7.526717557251908,-23.954198473282442,-14.13740458015267,-11.156979736328124,0.143652099609375,4.122815258789062,-38.13740458015267,29.801526717557252,-8.473282442748092,0.0
36.22000050544739,-10.723629235839843,5.336675500488281,4.778826513671874,-12.641221374045802,-20.3206106870229,-13.557251908396946,-13.907917443847655,-1.0414777221679687,4.297591979980469,-30.18320610687023,27.51145038167939,-5.038167938931298,0.0
36.230000495910645,-12.696451403808593,5.576095666503906,5.887341882324218,-23.923664122137403,-25.389312977099237,-11.969465648854962,-14.295778112792968,-2.422932080078125,4.1946413085937495,-28.458015267175572,32.412213740458014,-5.816793893129771,0.0
36.2400004863739,-14.101847778320312,3.787627026367187,7.278373046874999,-27.51145038167939,-32.85496183206107,-6.427480916030534,-15.351621044921874,-4.192247106933594,3.2154128295898436,-9.145038167938932,24.778625954198475,-4.534351145038168,0.0
36.25000047683716,-13.409923498535155,-0.16041151123046873,8.042123376464843,-15.572519083969466,-38.25954198473283,-3.2519083969465647,-11.7603185546875,-1.4437036010742186,1.5394716674804687,7.267175572519084,14.290076335877863,-6.259541984732825,0.0
36.260000705718994,-12.840103503417968,-1.898601916503906,8.973467822265624,10.259541984732824,-43.41984732824427,-2.50381679389313,-9.363722692871093,0.22026655273437498,-0.047884033203124995,1.465648854961832,15.251908396946565,-4.824427480916031,0.0
36.27000045776367,-12.186486450195313,-2.96881005859375,9.435548742675781,36.29007633587786,-46.717557251908396,-2.4885496183206106,-8.391676818847655,0.74699091796875,-1.0103531005859374,-11.572519083969466,21.633587786259543,-1.5725190839694656,0.0
36.28000044822693,-12.842497705078124,-3.1316157714843746,9.160215551757812,53.45038167938932,-53.83206106870229,-4.641221374045801,-8.769960681152343,-1.005564697265625,-0.7110778930664062,-17.267175572519083,27.587786259541986,1.1603053435114503,0.0
36.290000438690186,-12.555193505859375,-2.7581203125,8.106766821289062,66.33587786259542,-64.01526717557252,-10.458015267175572,-7.951143713378905,-0.1771709228515625,-1.2785036865234374,-16.259541984732824,28.85496183206107,-2.0763358778625953,0.0
36.3000009059906,-13.601459631347655,-0.229843359375,7.673416320800781,56.045801526717554,-75.41984732824427,-21.0381679389313,-8.032546569824218,-1.2832920898437499,-1.1109095703125,-31.404580152671755,44.88549618320611,-3.114503816793893,0.0
36.31000065803528,-13.527239379882811,1.0295067138671874,5.755660791015624,32.68702290076336,-93.86259541984732,-27.16030534351145,-10.608707556152343,-3.706224169921875,-0.5746083984375,-27.00763358778626,45.02290076335878,0.9770992366412213,0.0
36.320000886917114,-12.08592998046875,0.49320554199218747,3.670311145019531,20.610687022900763,-103.8473282442748,-29.587786259541986,-8.688557824707031,-2.346317626953125,-1.3407529296874998,-18.244274809160306,42.16793893129771,-3.572519083969466,0.0
36.33000063896179,-10.529698901367187,-0.16519991455078123,1.7741034301757812,14.67175572519084,-107.57251908396947,-31.267175572519083,-9.720458740234374,-4.599261389160156,-0.5698199951171875,-14.442748091603054,50.87022900763359,-1.8778625954198473,0.0
36.34000062942505,-9.581595043945311,-0.6631938598632812,0.5339069702148437,12.198473282442748,-105.7557251908397,-30.48854961832061,-10.915165368652342,-6.0525417968749995,-0.0143652099609375,8.702290076335878,43.89312977099237,0.1984732824427481,0.0
36.35000038146973,-7.9655089233398435,-1.9991583862304687,-0.34715924072265625,22.015267175572518,-98.42748091603053,-29.236641221374047,-10.419565624999999,-5.214571215820312,0.5315127685546874,31.572519083969464,40.50381679389313,-0.8091603053435115,0.0
36.36000061035156,-7.125144140624999,-1.5753846923828123,-0.7781155395507812,38.38167938931298,-83.8473282442748,-27.66412213740458,-9.765948571777344,-2.8730419921875,0.00239420166015625,42.74809160305343,33.786259541984734,-1.2213740458015268,0.0
36.37000060081482,-7.022193469238281,-0.6655880615234374,-0.8954314208984374,38.229007633587784,-72.38167938931298,-28.427480916030536,-9.53131680908203,-1.6615759521484375,0.2561795776367187,39.587786259541986,34.68702290076336,1.5419847328244274,0.0
36.380000591278076,-7.45075556640625,0.7733271362304687,-0.08379705810546874,36.85496183206107,-60.732824427480914,-27.0381679389313,-10.71884083251953,-1.8028338500976562,0.23702596435546874,42.10687022900763,29.740458015267176,6.0,0.0
36.39000058174133,-7.273584643554687,0.8307879760742187,-0.0143652099609375,39.93893129770992,-48.38167938931298,-22.763358778625953,-10.436325036621094,-1.8507178833007811,0.5195417602539062,39.81679389312977,29.603053435114504,6.183206106870229,0.0
36.40000057220459,-8.578424548339843,2.24097275390625,0.4860229370117187,34.2442748091603,-37.05343511450382,-20.427480916030536,-9.969455712890625,-1.6927005737304686,0.5602431884765625,35.20610687022901,26.625954198473284,6.916030534351145,0.0
36.41000056266785,-8.422801440429687,2.93050283203125,0.51714755859375,19.801526717557252,-32.6412213740458,-19.51145038167939,-8.449137658691406,0.55545478515625,-0.258573779296875,20.82442748091603,23.6793893129771,5.221374045801527,0.0
36.420000314712524,-8.499415893554687,3.1220389648437497,0.5123591552734374,6.717557251908397,-23.404580152671755,-16.702290076335878,-8.805873706054687,0.507570751953125,-0.031124621582031248,-2.4427480916030535,32.67175572519084,7.236641221374046,0.0
36.43000030517578,-7.034164477539062,2.655169641113281,0.5099649536132812,-7.847328244274809,-16.793893129770993,-14.427480916030534,-9.251195214843749,-1.0175357055664063,0.48123453369140623,-23.267175572519083,39.52671755725191,9.541984732824428,0.0
36.44000053405762,-7.8721350585937495,2.042254016113281,0.5410895751953124,-20.12213740458015,-10.50381679389313,-12.687022900763358,-10.204087475585936,-4.173093493652344,0.7805097412109374,-21.908396946564885,37.61832061068702,9.49618320610687,0.0
36.45000076293945,-7.975085729980468,1.0007762939453124,0.33518823242187495,-31.31297709923664,-5.068702290076335,-12.290076335877863,-11.226411584472656,-6.229712719726562,0.612915625,-7.297709923664122,34.396946564885496,5.1603053435114505,0.0
36.46000051498413,-7.44357296142578,0.46686932373046874,0.033518823242187495,-27.72519083969466,5.145038167938932,-11.32824427480916,-9.634267480468749,-4.608838195800781,-0.10773907470703124,6.183206106870229,25.541984732824428,-1.5725190839694656,0.0
36.47000074386597,-7.572859851074218,0.39983167724609375,-0.11252747802734374,-24.53435114503817,16.732824427480917,-10.854961832061068,-9.926360083007811,-3.1459809814453124,-0.3758896606445312,9.954198473282442,22.106870229007633,-2.0610687022900764,0.0
36.480000495910645,-6.133944653320312,0.689530078125,-0.51714755859375,-26.396946564885496,26.366412213740457,-9.145038167938932,-9.399635717773437,-1.2425906616210938,-0.18914193115234373,10.259541984732824,19.61832061068702,-1.7099236641221374,0.0
36.4900004863739,-9.236830004882812,3.8953661010742184,0.9097966308593749,-43.083969465648856,37.343511450381676,-12.366412213740459,-10.46984385986328,-1.3072341064453123,0.062249243164062495,10.564885496183207,19.755725190839694,1.83206106870229,0.0
36.50000023841858,-7.3669585083007805,2.2840683837890623,1.1635820068359375,-66.4885496183206,36.35114503816794,-11.358778625954198,-10.050858569335936,-0.6703764648437499,0.16998831787109375,8.549618320610687,18.671755725190838,3.1297709923664123,0.0
36.510000467300415,-4.709394665527343,-2.3151930053710936,0.7541735229492187,-58.85496183206107,44.13740458015267,-4.259541984732825,-10.117896215820313,-0.7326257080078125,0.01915361328125,4.488549618320611,18.427480916030536,5.3893129770992365,0.0
36.52000045776367,-4.477157104492187,-3.6104561035156246,1.7717092285156248,-38.51908396946565,60.0,-4.412213740458015,-10.007762939453125,-1.0007762939453124,-0.10773907470703124,0.8854961832061069,18.549618320610687,6.427480916030534,0.0
36.53000044822693,-5.063736511230468,-3.5194764404296874,2.5665841796874997,-19.557251908396946,70.82442748091603,-8.183206106870228,-9.991003527832031,-1.5514426757812498,-0.16519991455078123,0.2595419847328244,18.977099236641223,6.961832061068702,0.0
36.540000438690186,-6.0142345703124995,-3.2441432495117186,3.438073583984375,-8.290076335877863,77.19083969465649,-13.068702290076336,-9.847351428222655,-2.2864625854492187,-0.19153613281249998,1.984732824427481,18.290076335877863,7.114503816793893,0.0
36.55000066757202,-6.701370446777343,-3.1603461914062496,3.9264907226562498,8.580152671755725,84.74809160305344,-16.48854961832061,-9.476250170898437,-3.0047230834960934,-0.055066638183593745,6.3816793893129775,19.236641221374047,6.198473282442748,0.0
36.56000089645386,-7.529764221191406,-2.099714855957031,4.759672900390624,18.30534351145038,87.54198473282443,-20.717557251908396,-9.557653027343749,-2.817975354003906,0.0909796630859375,13.374045801526718,17.81679389312977,4.931297709923665,0.0
36.570000886917114,-8.027758166503906,-1.216254443359375,4.824316345214844,27.954198473282442,88.1526717557252,-22.931297709923665,-9.988609326171874,-2.1547814941406247,0.3327940307617187,17.938931297709924,16.259541984732824,5.435114503816794,0.0
36.58000087738037,-8.774749084472656,0.9074024291992187,4.977545251464844,33.41984732824427,88.65648854961832,-22.778625954198475,-9.809044201660155,-1.5921441040039062,0.5003881469726562,18.38167938931298,15.083969465648854,5.358778625954199,0.0
36.59000062942505,-9.088389501953124,1.905784521484375,4.824316345214844,34.534351145038165,87.77099236641222,-19.51145038167939,-10.158597644042969,-1.1133037719726562,0.4381389038085937,16.564885496183205,14.412213740458014,6.2748091603053435,0.0
36.600000619888306,-9.437942944335937,2.9185318237304685,4.920084411621094,35.099236641221374,87.34351145038168,-14.83969465648855,-9.555258825683593,-0.6560112548828124,0.22744915771484372,7.862595419847328,15.435114503816793,7.343511450381679,0.0
36.61000084877014,-9.356540087890625,2.2601263671875,4.446032482910156,32.48854961832061,83.78625954198473,-9.770992366412214,-10.005368737792969,-0.5434837768554687,0.00239420166015625,2.5801526717557253,14.67175572519084,7.404580152671755,0.0
36.62000060081482,-9.880870251464843,2.3965958618164063,4.3813890380859375,28.99236641221374,83.14503816793894,-7.938931297709924,-10.151415039062499,-0.852335791015625,0.20829554443359374,-0.22900763358778625,14.274809160305344,8.122137404580153,0.0
36.630000591278076,-10.319009155273436,2.319981408691406,4.280832568359375,20.458015267175572,78.12213740458016,-7.465648854961832,-9.955090502929687,-1.3431471313476562,-0.07422025146484375,-3.8931297709923665,12.793893129770993,8.931297709923664,0.0
36.64000058174133,-8.820238916015624,0.5195417602539062,3.124433166503906,22.076335877862597,72.06106870229007,-0.32061068702290074,-9.447519750976562,-1.5418658691406248,-0.3711012573242187,-6.244274809160306,11.16030534351145,9.49618320610687,0.0
36.65000081062317,-9.842563024902343,0.7326257080078125,4.149151477050781,31.221374045801525,76.91603053435115,4.015267175572519,-9.60793126220703,-1.4867992309570313,-0.5722141967773438,-9.694656488549619,11.022900763358779,9.98473282442748,0.0
36.66000056266785,-10.900800158691405,2.2936451904296873,4.405331054687499,34.18320610687023,75.6030534351145,8.366412213740459,-9.373299499511718,-1.4341267944335936,-0.3902548706054687,-15.389312977099237,13.84732824427481,11.145038167938932,0.0
36.6700005531311,-10.73799444580078,2.9568390502929685,4.417302062988281,23.572519083969464,71.17557251908397,9.709923664122137,-8.468291271972657,-0.9145850341796874,-0.3112462158203125,-18.732824427480917,16.48854961832061,12.15267175572519,0.0
36.68000054359436,-11.326968054199218,1.924938134765625,4.278438366699218,8.412213740458014,62.961832061068705,11.16030534351145,-10.043675964355469,-1.7334020019531249,-0.5027823486328125,-19.557251908396946,19.64885496183206,12.961832061068701,0.0
36.69000029563904,-11.566388220214844,0.86191259765625,5.439626171875,1.9236641221374047,56.38167938931298,12.732824427480915,-9.196128576660156,-1.2689268798828124,-1.3934253662109375,-25.17557251908397,21.450381679389313,11.557251908396946,0.0
36.700000524520874,-13.010091821289063,1.3575123413085937,6.6319385986328125,-1.297709923664122,47.02290076335878,15.053435114503817,-9.196128576660156,-2.4492682983398435,-0.86191259765625,-28.65648854961832,25.389312977099237,13.16030534351145,0.0
36.71000075340271,-13.249511987304686,1.0534487304687499,6.4667386840820305,-4.259541984732825,39.725190839694655,19.068702290076335,-9.89523546142578,-2.0781670410156248,-1.4173673828125,-25.893129770992367,24.366412213740457,13.465648854961833,0.0
36.72000050544739,-12.792219470214842,0.9433154541015625,5.530605834960937,-11.068702290076336,27.740458015267176,21.908396946564885,-10.658985791015624,-4.910507604980468,0.009576806640625,-15.923664122137405,22.99236641221374,15.526717557251908,0.0
36.730000495910645,-13.929465258789062,1.4820108276367188,5.748478186035156,-30.763358778625953,16.16793893129771,18.50381679389313,-9.794678991699218,-3.284844677734375,-0.10295067138671875,-0.7938931297709924,15.84732824427481,12.122137404580153,0.0
36.74000024795532,-10.843339318847656,-2.43250888671875,3.737348791503906,-23.893129770992367,7.770992366412214,20.625954198473284,-9.5384994140625,-2.482787121582031,-0.55545478515625,2.885496183206107,13.145038167938932,11.786259541984732,0.0
36.75000071525574,-9.775525378417969,-2.1978771240234374,3.8953661010742184,-5.66412213740458,11.34351145038168,18.061068702290076,-10.072406384277343,-1.3120225097656248,-0.6344634399414062,6.229007633587786,9.633587786259541,12.030534351145038,0.0
36.760000705718994,-8.920795385742187,-1.0941501586914062,3.440467785644531,-6.854961832061068,8.595419847328245,10.916030534351146,-9.765948571777344,-0.8954314208984374,-0.34237083740234375,2.8244274809160306,11.49618320610687,12.15267175572519,0.0
36.77000069618225,-8.343792785644531,-0.6057330200195312,3.1411925781249996,-6.625954198473282,8.916030534351146,6.0,-10.0748005859375,-0.5698199951171875,-0.45489831542968745,0.5190839694656488,10.931297709923664,12.870229007633588,0.0
36.78000068664551,-7.867346655273437,-0.7230489013671875,2.492363928222656,-7.221374045801527,9.236641221374045,2.931297709923664,-9.854534033203125,-0.5363011718749999,-0.3758896606445312,-3.801526717557252,10.13740458015267,13.34351145038168,0.0
36.790000677108765,-7.726088757324218,-0.4070142822265625,2.1452046874999997,-6.2748091603053435,11.435114503816793,1.3587786259541985,-9.76116016845703,-0.39264907226562495,-0.5482721801757812,-6.351145038167939,8.442748091603054,13.114503816793894,0.0
36.80000042915344,-7.692569934082031,0.229843359375,1.8052280517578123,-3.648854961832061,13.98473282442748,-0.04580152671755725,-9.643844287109374,-0.5243301635742187,-0.6488286499023437,-10.030534351145038,7.801526717557252,13.16030534351145,0.0
36.8100004196167,-7.625532287597656,0.5482721801757812,1.3120225097656248,-0.732824427480916,17.206106870229007,-0.732824427480916,-9.6151138671875,-0.8858546142578124,-0.7541735229492187,-13.251908396946565,7.877862595419847,13.053435114503817,0.0
36.820000886917114,-8.307879760742187,1.7884686401367187,1.5897499023437498,-5.114503816793893,17.755725190839694,-1.297709923664122,-9.402029919433593,-0.7278373046875,-0.6943184814453125,-15.725190839694656,7.282442748091603,12.931297709923664,0.0
36.83000063896179,-8.379705810546875,1.7166425903320313,1.7429788085937499,-6.5038167938931295,19.358778625954198,1.1450381679389312,-9.655815295410155,-0.7852981445312499,-0.59376201171875,-18.076335877862597,7.0534351145038165,13.450381679389313,0.0
36.84000086784363,-9.351751684570312,3.0597897216796874,2.262520568847656,-11.312977099236642,20.0,4.351145038167939,-9.603142858886718,-0.5339069702148437,-0.5985504150390625,-19.00763358778626,6.6106870229007635,13.465648854961833,0.0
36.850000619888306,-9.567229833984374,2.89219560546875,2.379836450195312,-12.793893129770993,19.84732824427481,9.053435114503817,-9.852139831542969,-1.0366893188476562,-0.2561795776367187,-19.81679389312977,7.679389312977099,14.366412213740459,0.0
36.86000061035156,-9.392453112792968,2.446874096679687,2.4349030883789062,-13.435114503816793,19.129770992366414,12.946564885496183,-10.824185705566405,-1.0462661254882812,-0.6057330200195312,-13.618320610687023,3.1908396946564888,14.198473282442748,0.0
36.87000036239624,-9.260772021484375,1.20667763671875,2.5809493896484375,-9.435114503816793,18.15267175572519,14.946564885496183,-10.536881506347656,-1.1372457885742187,-0.41898529052734373,-14.931297709923664,5.206106870229007,14.992366412213741,0.0
36.880000591278076,-9.208099584960937,1.13006318359375,2.8898014038085935,2.5801526717557253,24.015267175572518,16.458015267175572,-10.419565624999999,-1.1707646118164061,0.023942016601562498,-15.923664122137405,6.442748091603053,15.404580152671755,0.0
36.89000058174133,-9.102754711914063,1.1516109985351561,2.5857377929687497,1.6793893129770991,21.755725190839694,16.045801526717558,-9.457096557617186,-0.105344873046875,-0.16280571289062498,-18.53435114503817,4.2748091603053435,13.633587786259541,0.0
36.90000033378601,-9.629479077148437,1.4006079711914061,2.6815058593749996,-4.0,18.35114503816794,16.229007633587788,-10.314220751953124,-0.7565677246093749,-0.258573779296875,-19.786259541984734,4.5038167938931295,15.648854961832061,0.0
36.91000032424927,-11.262324609375,3.603273498535156,3.6463691284179687,-19.083969465648856,13.419847328244275,14.65648854961832,-10.213664282226562,-0.699106884765625,-0.10773907470703124,-18.717557251908396,3.435114503816794,15.557251908396946,0.0
36.9200005531311,-10.539275708007812,2.7461493041992187,2.655169641113281,-28.0,7.068702290076335,18.900763358778626,-10.067617980957031,-0.7398083129882812,-0.229843359375,-18.015267175572518,2.7022900763358777,15.16030534351145,0.0
36.93000078201294,-9.009380847167968,2.6886884643554687,2.2481553588867187,-24.900763358778626,7.862595419847328,22.198473282442748,-10.266336718749999,-0.9792284790039062,-0.201112939453125,-16.900763358778626,2.854961832061069,15.603053435114504,0.0
36.94000053405762,-9.53131680908203,2.2768857788085937,1.5777788940429687,-24.793893129770993,8.885496183206106,22.412213740458014,-9.916783276367187,-0.6703764648437499,-0.1149216796875,-15.587786259541986,2.595419847328244,14.366412213740459,0.0
36.950000524520874,-9.392453112792968,2.808398547363281,1.0749965454101562,-32.152671755725194,8.488549618320612,21.923664122137403,-10.237606298828124,-0.8116343627929687,0.0143652099609375,-14.412213740458014,2.030534351145038,14.412213740458014,0.0
36.96000051498413,-8.808267907714843,2.418143676757812,0.6919242797851562,-37.64885496183206,9.404580152671755,22.198473282442748,-10.395623608398436,-0.4381389038085937,0.16519991455078123,-13.511450381679388,1.0687022900763359,14.488549618320612,0.0
36.97000074386597,-8.489839086914062,1.848323681640625,0.7110778930664062,-41.49618320610687,10.748091603053435,21.51145038167939,-10.556035119628906,-0.3591302490234375,0.39743747558593745,-13.938931297709924,0.32061068702290074,14.793893129770993,0.0
36.980000257492065,-8.358157995605469,0.5913678100585937,0.9864110839843749,-40.76335877862596,12.763358778625955,22.213740458015266,-10.620678564453124,-0.22505495605468748,0.5003881469726562,-15.755725190839694,-1.6793893129770991,14.641221374045802,0.0
36.9900004863739,-8.643067993164061,-0.181959326171875,1.5849614990234373,-35.00763358778626,14.595419847328245,22.0,-10.594342346191405,-0.430956298828125,0.7038952880859375,-18.702290076335878,-3.114503816793893,14.427480916030534,0.0
37.00000071525574,-9.081206896972656,-0.5746083984375,2.0446482177734375,-25.984732824427482,16.702290076335878,21.801526717557252,-11.949460485839843,-1.6831237670898436,0.97683427734375,-12.992366412213741,-7.3893129770992365,14.65648854961832,0.0
37.010000467300415,-9.469067565917967,-0.6631938598632812,2.2098481323242187,-17.984732824427482,17.31297709923664,20.900763358778626,-11.001356628417968,-1.0199299072265624,0.6919242797851562,-13.007633587786259,-12.274809160305344,11.709923664122137,0.0
37.02000069618225,-9.82580361328125,-0.7613561279296874,2.051830822753906,-11.679389312977099,17.16030534351145,18.30534351145038,-10.242394702148436,-2.3151930053710936,1.369483349609375,-9.007633587786259,-19.16030534351145,9.49618320610687,0.0
37.03000068664551,-10.309432348632813,-0.4908113403320312,1.8531120849609375,-8.793893129770993,16.625954198473284,13.541984732824428,-10.594342346191405,-3.3782185424804685,1.6160861206054686,-3.0839694656488548,-24.931297709923665,6.0458015267175576,0.0
37.040000915527344,-10.220846887207031,-0.27293898925781246,1.6160861206054686,-6.656488549618321,15.404580152671755,9.770992366412214,-10.82179150390625,-2.693476867675781,1.9488801513671874,3.404580152671756,-32.97709923664122,-1.6793893129770991,0.0
37.05000066757202,-9.878476049804688,0.8930372192382812,1.3646949462890625,-2.900763358778626,15.19083969465649,6.396946564885496,-9.574412438964844,-0.928950244140625,1.7094599853515624,-12.83969465648855,-34.01526717557252,-8.045801526717558,0.0
37.06000089645386,-9.80665,1.7788918334960937,1.4317325927734375,-5.435114503816794,13.801526717557252,4.458015267175573,-9.775525378417969,-2.3127988037109373,2.2864625854492187,-24.412213740458014,-34.38167938931298,-7.679389312977099,0.0
37.070000410079956,-10.453084448242187,3.277662072753906,1.9321207397460936,-12.122137404580153,11.603053435114504,4.320610687022901,-10.433930834960936,-3.6104561035156246,2.8467057739257813,-12.595419847328245,-39.19083969465649,-5.572519083969466,0.0
37.08000087738037,-10.69968721923828,4.00310517578125,1.7334020019531249,-19.435114503816795,7.969465648854962,8.045801526717558,-9.327809667968749,-3.181894006347656,2.2577321655273437,9.206106870229007,-52.35114503816794,-9.572519083969466,0.0
37.09000062942505,-9.64623848876953,3.967192150878906,0.7158662963867187,-31.0381679389313,2.16793893129771,12.122137404580153,-7.283161450195312,0.1292868896484375,0.38786066894531246,12.030534351145038,-57.6793893129771,-13.770992366412214,0.0
37.100000619888306,-9.188945971679686,3.976768957519531,0.7158662963867187,-47.93893129770992,0.8091603053435115,13.725190839694656,-8.997409838867187,-1.369483349609375,0.430956298828125,9.129770992366412,-53.16030534351145,-10.320610687022901,0.0
37.11000061035156,-8.997409838867187,2.059013427734375,0.023942016601562498,-61.83206106870229,-2.015267175572519,14.030534351145038,-10.160991845703125,-0.9313444458007812,0.15083470458984374,24.870229007633586,-59.7557251908397,-9.694656488549619,0.0
37.1200008392334,-8.817844714355468,0.5363011718749999,0.40222587890625,-55.63358778625954,5.908396946564886,12.396946564885496,-7.788338000488281,1.1109095703125,-0.7996633544921875,21.450381679389313,-58.68702290076336,-12.51908396946565,0.0
37.130000591278076,-8.588001354980468,-0.45010991210937495,0.14125789794921875,-42.58015267175573,11.816793893129772,11.786259541984732,-10.651803186035156,-1.3814543579101561,-0.565031591796875,22.30534351145038,-50.38167938931298,-8.80916030534351,0.0
37.14000058174133,-9.026140258789061,0.34715924072265625,0.4525041137695312,-35.954198473282446,15.98473282442748,8.244274809160306,-9.610325463867188,0.852335791015625,-1.0414777221679687,33.14503816793893,-54.99236641221374,-9.557251908396946,0.0
37.15000033378601,-9.588777648925781,1.6543933471679686,0.8259995727539062,-32.67175572519084,18.99236641221374,4.687022900763359,-9.5001921875,2.8514941772460936,-1.5753846923828123,19.31297709923664,-42.80916030534351,-9.129770992366412,0.0
37.16000056266785,-9.746794958496093,1.675941162109375,0.9552864624023437,-38.06106870229008,17.236641221374047,2.564885496183206,-11.501744775390625,1.0462661254882812,-0.9145850341796874,13.48091603053435,-34.30534351145038,-4.6106870229007635,0.0
37.1700005531311,-8.908824377441405,-0.8212111694335937,0.6584054565429687,-30.610687022900763,18.106870229007633,1.9083969465648856,-11.365275280761718,0.9145850341796874,-0.1149216796875,16.595419847328245,-33.587786259541986,-4.473282442748092,0.0
37.18000078201294,-8.774749084472656,0.05027823486328125,1.3766659545898436,-15.816793893129772,22.106870229007633,-2.885496183206107,-11.575965026855467,0.181959326171875,1.0941501586914062,17.34351145038168,-33.93893129770992,-7.3893129770992365,0.0
37.19000029563904,-10.196904870605469,1.6903063720703124,1.5011644409179687,-14.67175572519084,19.17557251908397,-6.244274809160306,-10.000580334472655,2.5665841796874997,0.35673604736328124,4.320610687022901,-34.6412213740458,-11.618320610687023,0.0
37.200000524520874,-9.394847314453125,1.659181750488281,1.2473790649414063,-9.893129770992367,18.259541984732824,-6.091603053435114,-8.501810095214843,3.778050219726562,0.7302315063476562,-22.99236641221374,-28.641221374045802,-11.694656488549619,0.0
37.21000051498413,-9.018957653808593,1.1468225952148436,0.9696516723632812,-5.267175572519084,19.282442748091604,-6.030534351145038,-9.904812268066406,1.7549498168945312,1.0821791503906248,-43.61832061068702,-21.358778625954198,-6.824427480916031,0.0
37.22000050544739,-8.312668164062499,0.4070142822265625,0.6392518432617187,11.84732824427481,24.580152671755727,-6.396946564885496,-10.271125122070313,0.33518823242187495,1.484405029296875,-47.48091603053435,-20.625954198473284,-6.809160305343512,0.0
37.230000495910645,-9.215282189941405,1.9608511596679685,1.2401964599609374,19.87786259541985,28.778625954198475,-10.412213740458014,-11.077971081542968,-1.6903063720703124,2.1739351074218747,-38.97709923664122,-22.82442748091603,-6.229007633587786,0.0
37.2400004863739,-9.794678991699218,2.588131994628906,1.946485949707031,18.229007633587788,28.091603053435115,-10.229007633587786,-10.139444030761718,-1.5203180541992187,1.6711527587890624,-29.251908396946565,-29.34351145038168,-8.045801526717558,0.0
37.25000047683716,-10.498574279785156,3.4093431640625,2.7054478759765623,14.50381679389313,26.671755725190838,-10.748091603053435,-9.993397729492187,-2.128445275878906,2.1547814941406247,-17.87786259541985,-33.89312977099237,-9.679389312977099,0.0
37.260000705718994,-9.504980590820312,3.9911341674804683,2.89219560546875,1.6488549618320612,19.236641221374047,-10.335877862595419,-9.114725720214842,-2.4061726684570313,1.9680337646484374,-7.297709923664122,-39.11450381679389,-12.274809160305344,0.0
37.27000069618225,-9.928754284667969,2.300827795410156,3.411737365722656,-11.86259541984733,10.183206106870228,-8.183206106870228,-8.317456567382813,-1.0749965454101562,1.66636435546875,-1.0229007633587786,-44.79389312977099,-15.770992366412214,0.0
37.28000068664551,-10.108319409179687,2.319981408691406,3.9983167724609374,-13.32824427480916,4.687022900763359,-8.076335877862595,-6.373364819335937,0.9600748657226562,0.7565677246093749,-9.465648854961833,-42.48854961832061,-17.938931297709924,0.0
37.290000677108765,-9.74200655517578,0.9792284790039062,4.493916516113281,-7.206106870229007,0.183206106870229,-6.351145038167939,-6.382941625976562,1.0175357055664063,1.467645617675781,-24.977099236641223,-32.99236641221374,-15.312977099236642,0.0
37.30000042915344,-9.87608184814453,0.9265560424804687,5.291185668945312,1.3282442748091603,-5.435114503816794,-4.656488549618321,-8.185775476074218,0.277727392578125,1.2832920898437499,-29.587786259541986,-30.0,-11.526717557251908,0.0
37.31000065803528,-10.144232434082031,2.0925322509765625,6.143521459960938,6.748091603053435,-11.251908396946565,-4.106870229007634,-6.624755993652343,0.3280056274414062,1.7860744384765623,-34.88549618320611,-25.053435114503817,-11.282442748091603,0.0
37.32000112533569,-9.449913952636718,2.109291662597656,6.155492468261718,11.389312977099237,-19.938931297709924,-1.7404580152671756,-7.055712292480468,-0.8858546142578124,1.7645266235351562,-33.41984732824427,-24.641221374045802,-11.114503816793894,0.0
37.33000087738037,-10.168174450683592,4.527435339355469,6.710947253417968,-0.6412213740458015,-34.900763358778626,-1.251908396946565,-7.307103466796875,-1.4101847778320311,1.9393033447265624,-29.61832061068702,-25.46564885496183,-11.068702290076336,0.0
37.34000086784363,-9.715670336914062,4.149151477050781,6.739677673339843,-10.16793893129771,-46.152671755725194,3.5267175572519083,-7.675810522460937,-2.1978771240234374,2.142810485839844,-22.244274809160306,-26.366412213740457,-11.557251908396946,0.0
37.350000619888306,-8.813056311035156,3.737348791503906,6.399701037597656,-11.435114503816793,-56.213740458015266,8.13740458015267,-8.350975390624999,-3.8139632446289062,2.310404602050781,-0.9007633587786259,-36.99236641221374,-12.320610687022901,0.0
37.36000084877014,-8.556876733398436,2.4205378784179685,6.710947253417968,-17.46564885496183,-68.93129770992367,8.473282442748092,-9.672574707031249,-4.2880151733398435,3.2800562744140622,21.374045801526716,-41.83206106870229,-15.312977099236642,0.0
37.3700008392334,-8.17859287109375,1.3623007446289062,6.591237170410156,-13.083969465648854,-78.67175572519083,7.374045801526718,-8.322244970703125,-2.365471240234375,2.7269956909179687,37.69465648854962,-53.221374045801525,-22.53435114503817,0.0
37.3800003528595,-7.225700610351562,1.6041151123046875,6.076483813476562,-9.954198473282442,-87.40458015267176,6.366412213740458,-7.321468676757812,0.5243301635742187,2.7820623291015623,33.29770992366412,-53.43511450381679,-27.541984732824428,0.0
37.390000343322754,-6.964732629394531,2.7054478759765623,3.6583401367187496,-12.412213740458014,-95.83206106870229,4.198473282442748,-8.137891442871092,0.7948749511718749,3.009511486816406,17.740458015267176,-45.66412213740458,-25.709923664122137,0.0
37.40000081062317,-5.961562133789062,1.8722656982421875,1.1659762084960936,-24.137404580152673,-101.95419847328245,3.6030534351145036,-9.5384994140625,0.25139117431640623,2.8754361938476563,15.145038167938932,-44.30534351145038,-23.389312977099237,0.0
37.41000056266785,-5.499481213378906,0.5195417602539062,-0.7781155395507812,-23.16030534351145,-98.9618320610687,1.9389312977099236,-9.3086560546875,-0.01915361328125,2.849099975585937,20.641221374045802,-47.267175572519086,-24.076335877862597,0.0
37.42000079154968,-4.120421057128906,-1.9680337646484374,-2.422932080078125,-10.83969465648855,-91.90839694656489,-0.6412213740458015,-7.0844427124023435,1.218648645019531,2.3774422485351563,18.16793893129771,-45.64885496183206,-25.66412213740458,0.0
37.43000030517578,-4.735730883789063,-1.1228805786132812,-2.8012159423828122,5.557251908396947,-78.18320610687023,-4.778625954198473,-6.507440112304687,2.4660277099609376,0.7637503295898437,9.419847328244275,-41.48091603053435,-22.931297709923665,0.0
37.44000053405762,-5.949591125488281,1.618480322265625,-2.0350714111328125,22.015267175572518,-63.37404580152672,-3.3893129770992365,-4.905719201660156,2.5905261962890624,1.0199299072265624,-10.977099236641221,-32.48854961832061,-19.404580152671755,0.0
37.45000076293945,-7.115567333984375,3.81156904296875,-1.5514426757812498,32.030534351145036,-48.42748091603053,1.3129770992366412,-7.599196069335937,-0.016759411621093748,0.8595183959960937,-15.740458015267176,-25.297709923664122,-11.877862595419847,0.0
37.46000051498413,-10.785878479003905,5.257666845703125,0.3112462158203125,30.427480916030536,-34.56488549618321,3.801526717557252,-7.4603323730468745,-0.8068459594726562,1.2593500732421874,-12.931297709923664,-21.14503816793893,-10.793893129770993,0.0
37.47000074386597,-12.789825268554686,5.980715747070312,2.8131869506835936,25.893129770992367,-24.977099236641223,5.816793893129771,-8.0062103515625,-1.5562310791015623,1.4915876342773438,-9.16030534351145,-18.427480916030536,-9.86259541984733,0.0
37.480000495910645,-12.988544006347656,4.7189714721679685,3.782838623046875,7.1603053435114505,-24.48854961832061,5.175572519083969,-9.342174877929686,-1.9536685546875,1.5131354492187499,-3.053435114503817,-16.33587786259542,-9.557251908396946,0.0
37.4900004863739,-11.79144317626953,1.8914193115234375,4.3263223999023435,-5.190839694656488,-24.99236641221374,1.8931297709923665,-9.792284790039062,-1.5753846923828123,1.5514426757812498,2.2748091603053435,-13.877862595419847,-11.19083969465649,0.0
37.50000047683716,-10.340556970214843,-0.031124621582031248,4.017470385742187,-3.0229007633587788,-23.129770992366414,-3.786259541984733,-10.982203015136719,-2.104503259277344,2.2385785522460937,8.83969465648855,-7.358778625954199,-11.374045801526718,0.0
37.510000705718994,-9.138667736816405,-0.948103857421875,2.592920397949219,2.7786259541984735,-20.900763358778626,-10.259541984732824,-10.862492932128905,-1.4413093994140624,2.5067291381835934,14.67175572519084,-3.984732824427481,-12.595419847328245,0.0
37.52000069618225,-8.588001354980468,0.055066638183593745,1.89620771484375,8.870229007633588,-17.81679389312977,-18.061068702290076,-11.631031665039062,-0.7038952880859375,2.35589443359375,16.870229007633586,0.24427480916030533,-12.534351145038167,0.0
37.53000044822693,-9.361328491210937,2.5617957763671875,2.5330653564453125,14.412213740458014,-14.50381679389313,-21.84732824427481,-12.243947290039062,0.4644751220703125,3.1651345947265623,5.435114503816794,10.778625954198473,-13.358778625954198,0.0
37.540000915527344,-10.220846887207031,4.771643908691406,3.0023288818359375,12.51908396946565,-12.610687022900763,-21.099236641221374,-12.50730947265625,0.06943184814453125,3.0166940917968748,-6.259541984732825,13.83206106870229,-10.488549618320612,0.0
37.55000066757202,-10.551246716308594,5.61200869140625,3.5290532470703124,3.5572519083969465,-11.603053435114504,-18.732824427480917,-11.204863769531249,0.5386953735351562,2.6982652709960937,-8.992366412213741,11.022900763358779,-6.351145038167939,0.0
37.56000089645386,-10.66856259765625,5.6407391113281244,3.447650390625,-9.083969465648854,-12.290076335877863,-16.48854961832061,-10.532093103027343,1.5107412475585937,2.748543505859375,-15.206106870229007,18.061068702290076,-4.748091603053435,0.0
37.570000648498535,-10.369287390136718,5.099649536132812,4.862623571777344,-18.427480916030536,-13.83206106870229,-13.32824427480916,-11.681309899902343,1.8195932617187498,2.463633508300781,-22.12213740458015,22.85496183206107,-5.404580152671755,0.0
37.58000087738037,-10.151415039062499,4.446032482910156,5.635950708007812,-27.938931297709924,-15.572519083969466,-9.740458015267176,-11.504138977050781,0.12689268798828124,2.7174188842773437,-35.786259541984734,26.442748091603054,-7.00763358778626,0.0
37.59000062942505,-9.677363110351562,3.8474820678710935,6.2392895263671875,-35.29770992366412,-17.450381679389313,-7.557251908396947,-11.360486877441405,-1.9823989746093749,3.842693664550781,-42.76335877862596,31.16030534351145,-5.068702290076335,0.0
37.600000619888306,-10.75714805908203,3.5194764404296874,6.744466076660156,-40.18320610687023,-23.251908396946565,-7.603053435114504,-15.174450122070311,-5.4899044067382805,3.763685009765625,-32.38167938931298,34.396946564885496,-3.572519083969466,0.0
37.61000061035156,-11.425130322265625,0.040701428222656245,6.921636999511718,-35.083969465648856,-31.893129770992367,-6.396946564885496,-13.390769885253906,-3.0119056884765625,2.308010400390625,-5.4961832061068705,27.17557251908397,-12.15267175572519,0.0
37.62000060081482,-10.66856259765625,-3.749319799804687,7.280767248535156,1.8931297709923665,-31.16030534351145,-4.564885496183206,-12.739547033691405,-2.93050283203125,1.5777788940429687,6.717557251908397,33.587786259541986,-9.435114503816793,0.0
37.630000591278076,-12.332532751464843,-3.23696064453125,8.475473876953124,31.374045801526716,-31.0381679389313,-8.870229007633588,-11.429918725585937,-1.0366893188476562,0.14604630126953125,21.755725190839694,24.610687022900763,-2.5801526717557253,0.0
37.64000058174133,-14.911087939453123,-1.254561669921875,8.123526232910155,53.00763358778626,-39.786259541984734,-12.01526717557252,-7.6470801025390625,2.04943662109375,-1.5203180541992187,16.48854961832061,24.641221374045802,-3.969465648854962,0.0
37.65000057220459,-15.136142895507811,0.8738836059570312,8.12113203125,55.86259541984733,-51.06870229007634,-14.061068702290076,-8.166621862792969,2.0278888061523435,-1.0678139404296874,-3.2061068702290076,37.43511450381679,0.15267175572519084,0.0
37.66000056266785,-13.555969799804688,-1.9297265380859374,6.591237170410156,56.70229007633588,-61.541984732824424,-12.458015267175572,-9.471461767578125,0.6512228515624999,-0.4644751220703125,-11.007633587786259,38.85496183206107,4.3816793893129775,0.0
37.6700005531311,-12.112266198730469,-2.0374656127929685,6.105214233398437,65.92366412213741,-63.587786259541986,-15.725190839694656,-8.169016064453125,-0.00718260498046875,-0.6823474731445313,-16.549618320610687,40.595419847328245,1.1450381679389312,0.0
37.68000054359436,-13.807360974121092,1.5203180541992187,5.549759448242187,46.36641221374046,-77.74045801526718,-25.908396946564885,-9.928754284667969,-3.299209887695312,0.181959326171875,-21.129770992366414,50.36641221374046,2.8702290076335877,0.0
37.690001010894775,-12.998120812988281,1.218648645019531,3.6248213134765623,37.49618320610687,-87.38931297709924,-25.267175572519083,-12.090718383789062,-4.929661218261718,0.1867477294921875,-3.1755725190839694,45.80152671755725,6.67175572519084,0.0
37.70000076293945,-11.077971081542968,0.6919242797851562,1.4891934326171874,30.671755725190838,-90.06106870229007,-26.793893129770993,-9.753977563476562,-3.9719805541992184,0.09816226806640624,15.419847328244275,38.80916030534351,2.5343511450381677,0.0
37.71000051498413,-10.309432348632813,1.5945383056640625,0.5434837768554687,18.427480916030536,-92.53435114503817,-28.396946564885496,-9.016563452148437,-2.4396914916992185,-0.201112939453125,17.31297709923664,42.68702290076336,2.16793893129771,0.0
37.72000050544739,-9.557653027343749,1.4437036010742186,0.0143652099609375,13.34351145038168,-89.46564885496183,-24.778625954198475,-10.723629235839843,-3.3351229125976563,-0.2059013427734375,16.458015267175572,45.29770992366412,7.206106870229007,0.0
37.730000495910645,-8.259995727539062,-0.49799394531249996,-0.5363011718749999,17.770992366412212,-82.59541984732824,-20.045801526717558,-9.87608184814453,-4.398148449707031,0.5722141967773438,29.00763358778626,40.97709923664122,7.603053435114504,0.0
37.7400004863739,-7.809885815429687,-0.6919242797851562,-1.0965443603515623,18.27480916030534,-75.66412213740458,-19.099236641221374,-9.217676391601563,-2.8036101440429686,0.15562310791015624,42.42748091603053,35.954198473282446,2.9923664122137406,0.0
37.75000047683716,-7.788338000488281,-1.0510545288085937,-0.6272808349609375,18.702290076335878,-65.66412213740458,-17.87786259541985,-10.405200415039062,-4.321533996582031,0.7038952880859375,41.61832061068702,37.70992366412214,4.702290076335878,0.0
37.76000094413757,-6.852205151367187,-0.9074024291992187,-0.59376201171875,29.908396946564885,-52.61068702290076,-10.793893129770993,-9.658209497070311,-3.105279553222656,0.7206546997070312,46.80916030534351,31.374045801526716,3.572519083969466,0.0
37.77000069618225,-8.336610180664062,0.30885201416015623,-0.13407529296874998,32.274809160305345,-39.6793893129771,-10.213740458015268,-9.964667309570311,-2.5641899780273434,0.7757213378906249,46.10687022900763,29.587786259541986,1.1755725190839694,0.0
37.78000068664551,-8.013392956542969,0.7038952880859375,-0.15322890625,29.450381679389313,-28.38167938931298,-9.419847328244275,-9.390058911132812,-0.8044517578125,0.3591302490234375,38.152671755725194,26.198473282442748,1.3129770992366412,0.0
37.790000438690186,-7.331045483398437,1.7717092285156248,-0.040701428222656245,22.99236641221374,-17.908396946564885,-9.694656488549619,-10.666168395996094,-1.4963760375976562,0.296881005859375,27.358778625954198,28.16793893129771,4.229007633587786,0.0
37.8000009059906,-8.418013037109375,2.942473840332031,0.201112939453125,6.213740458015267,-10.51908396946565,-10.564885496183207,-8.884882360839843,-0.7900865478515624,0.2561795776367187,17.236641221374047,26.12213740458015,3.0076335877862594,0.0
37.81000065803528,-8.157045056152343,1.9033903198242186,-0.316034619140625,-7.00763358778626,-4.091603053435114,-8.061068702290076,-9.402029919433593,-0.737414111328125,1.0390835205078124,9.587786259541986,30.53435114503817,3.954198473282443,0.0
37.820000648498535,-7.254431030273437,1.93451494140625,0.2705447875976562,-23.52671755725191,1.251908396946565,-8.80916030534351,-8.221688500976562,0.39983167724609375,0.32082302246093747,-3.4656488549618323,30.732824427480917,3.7709923664122136,0.0
37.83000040054321,-7.762001782226562,2.24097275390625,0.7996633544921875,-33.41984732824427,8.106870229007633,-6.702290076335878,-10.263942517089843,-1.5298948608398437,0.6081272216796875,-11.618320610687023,35.19083969465649,8.702290076335878,0.0
37.84000086784363,-7.264007836914062,0.28969840087890625,0.5913678100585937,-45.86259541984733,11.16030534351145,-5.862595419847328,-10.302249743652343,-3.8235400512695312,1.4030021728515625,1.5267175572519085,28.47328244274809,8.763358778625955,0.0
37.850000619888306,-6.600813977050781,-1.13006318359375,0.33039982910156246,-38.35114503816794,18.885496183206108,-4.137404580152672,-9.536105212402344,-2.7557261108398436,0.3687070556640625,17.801526717557252,18.18320610687023,2.0,0.0
37.86000061035156,-6.7037646484375,0.4572925170898437,0.6847416748046875,-30.68702290076336,30.519083969465647,-4.091603053435114,-9.840168823242188,-2.6312276245117188,-0.05985504150390625,14.458015267175572,19.84732824427481,1.2061068702290076,0.0
37.87000036239624,-5.746083984375,0.9935936889648437,0.689530078125,-46.412213740458014,32.88549618320611,-3.572519083969466,-10.347739575195313,-1.6136919189453125,-0.40940848388671874,14.580152671755725,16.442748091603054,3.3893129770992365,0.0
37.880000591278076,-6.777984899902344,0.3399766357421875,1.8938135131835936,-50.56488549618321,40.16793893129771,-1.9236641221374047,-10.249577307128906,-0.97683427734375,-0.5913678100585937,12.122137404580153,16.47328244274809,3.8931297709923665,0.0
37.89000058174133,-5.183446594238281,-3.047818713378906,2.176329309082031,-32.778625954198475,48.67175572519084,2.9770992366412212,-10.386046801757812,-1.4053963745117186,-0.3591302490234375,11.664122137404581,17.801526717557252,5.251908396946565,0.0
37.90000057220459,-5.925649108886718,-3.31357509765625,2.597708801269531,-9.969465648854962,61.404580152671755,-0.183206106870229,-9.545682019042967,-0.9121908325195311,-0.1484405029296875,10.732824427480915,16.702290076335878,5.770992366412214,0.0
37.910001039505005,-6.555324145507812,-2.722207287597656,3.0502129150390624,-0.5801526717557252,67.69465648854961,-6.961832061068702,-9.7683427734375,-1.2473790649414063,-0.028730419921875,8.610687022900763,18.549618320610687,7.00763358778626,0.0
37.9200005531311,-6.605602380371093,-2.272097375488281,3.725377783203125,12.916030534351146,71.87786259541984,-9.954198473282442,-9.797073193359374,-1.9009961181640624,0.16519991455078123,10.366412213740459,17.954198473282442,7.9541984732824424,0.0
37.93000078201294,-7.345410693359375,-0.6871358764648438,4.209006518554688,27.72519083969466,76.8854961832061,-10.793893129770993,-9.557653027343749,-1.2713210815429687,-0.5267243652343749,14.732824427480915,13.32824427480916,5.267175572519084,0.0
37.94000053405762,-7.783549597167968,0.3711012573242187,3.986345764160156,40.94656488549618,80.85496183206106,-8.51908396946565,-10.165780249023436,-2.360682836914062,0.11252747802734374,9.053435114503817,21.022900763358777,7.450381679389313,0.0
37.95000076293945,-7.098807922363281,0.7972691528320313,3.7205893798828122,45.404580152671755,83.00763358778626,-5.083969465648855,-9.993397729492187,-1.7788918334960937,0.18914193115234373,14.335877862595419,17.297709923664122,8.732824427480915,0.0
37.96000051498413,-7.64229169921875,1.89620771484375,3.5865140869140624,50.61068702290076,85.54198473282443,-4.198473282442748,-10.0748005859375,-1.6232687255859375,0.2154781494140625,17.34351145038168,16.091603053435115,9.755725190839694,0.0
37.97000050544739,-7.297526660156249,1.9895815795898437,3.574543078613281,50.87022900763359,86.47328244274809,-2.427480916030534,-10.309432348632813,-1.4006079711914061,0.2825157958984375,19.221374045801525,14.870229007633588,10.106870229007633,0.0
37.980000257492065,-7.2903440551757805,1.9105729248046874,3.9791631591796874,48.67175572519084,86.50381679389314,-2.854961832061069,-10.441113439941406,-1.005564697265625,0.13168109130859373,17.51145038167939,13.664122137404581,10.244274809160306,0.0
37.99000024795532,-7.40526573486328,1.2761094848632812,4.082113830566406,38.83969465648855,84.74809160305344,-3.6030534351145036,-10.474632263183594,-0.6153098266601562,-0.033518823242187495,14.458015267175572,12.030534351145038,9.312977099236642,0.0
38.00000047683716,-9.038111267089842,2.224213342285156,4.951209033203125,21.221374045801525,82.77862595419847,-6.67175572519084,-10.407594616699217,-0.45968671875,0.0,9.068702290076336,12.427480916030534,8.274809160305344,0.0
38.010000467300415,-8.633491186523438,-0.086191259765625,4.917690209960937,13.114503816793894,78.53435114503817,-5.435114503816794,-9.643844287109374,-0.16519991455078123,-0.23702596435546874,1.0229007633587786,12.381679389312977,7.557251908396947,0.0
38.02000069618225,-8.40125362548828,0.30885201416015623,5.090072729492187,15.465648854961833,78.94656488549619,-7.145038167938932,-9.689334118652344,-1.7764976318359373,0.20829554443359374,-4.961832061068702,13.038167938931299,8.412213740458014,0.0
38.03000068664551,-9.670180505371093,1.388636962890625,4.802768530273437,-7.893129770992366,72.3206106870229,-16.732824427480917,-9.68454571533203,-2.384624853515625,-0.47644613037109373,-4.931297709923665,10.793893129770993,7.526717557251908,0.0
38.040000915527344,-9.801861596679688,0.8475473876953125,4.139574670410156,-23.358778625954198,64.91603053435115,-20.0,-8.932766394042968,-2.0757728393554684,-0.42377369384765623,-5.480916030534351,11.893129770992367,5.801526717557252,0.0
38.05000066757202,-10.16338604736328,-0.06464344482421874,3.878606689453125,-23.251908396946565,62.13740458015267,-18.38167938931298,-8.489839086914062,-1.2689268798828124,-0.8547299926757812,-10.854961832061068,13.618320610687023,3.633587786259542,0.0
38.06000089645386,-11.066000073242186,-0.2609679809570312,4.620809204101562,-15.83206106870229,64.33587786259542,-15.17557251908397,-9.370905297851563,-1.1755530151367186,-0.928950244140625,-16.732824427480917,14.625954198473282,3.83206106870229,0.0
38.070000648498535,-11.69567510986328,0.01915361328125,4.944026428222656,-16.870229007633586,60.76335877862596,-13.282442748091603,-9.277531433105468,-2.3032219970703123,0.4333505004882812,-18.870229007633586,19.72519083969466,5.8320610687022905,0.0
38.08000087738037,-14.073117358398436,1.0558429321289062,4.364629626464843,-9.267175572519085,59.80152671755725,-6.396946564885496,-10.137049829101562,-2.6001030029296874,0.30406361083984373,-16.977099236641223,22.076335877862597,7.7251908396946565,0.0
38.09000062942505,-15.928623645019531,3.2441432495117186,3.907337109375,0.32061068702290074,58.0763358778626,6.442748091603053,-10.115502014160155,-2.1356278808593747,-0.7422025146484375,-15.801526717557252,14.091603053435115,8.488549618320612,0.0
38.100000619888306,-16.838420275878907,4.237736938476562,4.924872814941406,-2.6564885496183206,55.61832061068702,14.778625954198473,-10.603919152832031,-1.1635820068359375,-0.7134720947265625,-23.099236641221374,16.519083969465647,10.580152671755725,0.0
38.11000061035156,-16.35000313720703,3.5434184570312497,5.425260961914062,-19.908396946564885,43.49618320610687,15.511450381679388,-11.666944689941406,-1.8124106567382812,-0.19632453613281248,-29.83206106870229,19.81679389312977,14.961832061068701,0.0
38.12000060081482,-13.84806240234375,1.5777788940429687,4.6998178588867185,-32.961832061068705,30.412213740458014,11.786259541984732,-10.177751257324218,-2.3367408203125,0.41419688720703124,-30.9618320610687,16.38167938931298,14.65648854961832,0.0
38.130000591278076,-12.260706701660155,1.8100164550781248,4.388571643066406,-43.7557251908397,22.213740458015266,6.961832061068702,-10.381258398437499,-2.3965958618164063,0.3136404174804687,-17.00763358778626,9.206106870229007,13.053435114503817,0.0
38.14000058174133,-9.10993731689453,-1.2976572998046874,2.6312276245117188,-40.229007633587784,14.229007633587786,8.13740458015267,-9.770736975097655,-1.407790576171875,-0.13646949462890623,-14.50381679389313,6.854961832061068,12.122137404580153,0.0
38.15000033378601,-7.9846625366210935,-1.2641384765625,2.7269956909179687,-29.557251908396946,14.870229007633588,8.442748091603054,-9.665392102050781,-1.218648645019531,-0.18914193115234373,-11.908396946564885,4.702290076335878,12.778625954198473,0.0
38.16000056266785,-6.6702458251953125,-1.9776105712890624,2.602497204589844,-22.244274809160306,15.572519083969466,8.01526717557252,-8.257601525878906,0.07422025146484375,-0.2346317626953125,-16.519083969465647,4.687022900763359,12.305343511450381,0.0
38.1700005531311,-6.526593725585937,-1.9847931762695312,2.3247698120117186,-16.610687022900763,15.938931297709924,6.67175572519084,-9.220070593261719,0.02154781494140625,-0.5793968017578125,-18.38167938931298,4.534351145038168,12.885496183206106,0.0
38.18000054359436,-7.230489013671875,-1.024718310546875,2.24097275390625,-14.106870229007633,17.480916030534353,3.7404580152671754,-9.282319836425781,-0.4070142822265625,-0.258573779296875,-21.51145038167939,7.221374045801527,12.885496183206106,0.0
38.190000772476196,-7.56567724609375,-0.19871873779296872,1.889025109863281,-13.206106870229007,18.106870229007633,2.045801526717557,-9.277531433105468,-0.0909796630859375,-0.23702596435546874,-23.114503816793892,7.022900763358779,12.229007633587786,0.0
38.200000524520874,-6.169857678222656,-1.419761584472656,0.9840168823242187,-1.4045801526717556,22.82442748091603,4.137404580152672,-9.593566052246093,-0.430956298828125,-0.13646949462890623,-23.64885496183206,8.13740458015267,12.854961832061068,0.0
38.21000075340271,-7.048529687499999,-0.9097966308593749,0.6009446166992187,15.938931297709924,33.221374045801525,4.015267175572519,-9.22485899658203,-0.6584054565429687,0.0143652099609375,-23.954198473282442,8.534351145038167,13.022900763358779,0.0
38.22000050544739,-8.767566479492187,0.9744400756835937,0.9026140258789062,20.35114503816794,40.0,1.6488549618320612,-9.373299499511718,-1.0007762939453124,-0.055066638183593745,-21.6793893129771,7.893129770992366,13.465648854961833,0.0
38.230000495910645,-8.892064965820312,1.9823989746093749,0.7829039428710937,13.664122137404581,41.3587786259542,2.854961832061069,-9.945513696289062,-1.419761584472656,0.02633621826171875,-17.389312977099237,6.778625954198473,14.82442748091603,0.0
38.2400004863739,-10.091559997558592,3.3016040893554686,0.5291185668945312,5.969465648854962,43.603053435114504,4.366412213740458,-9.871293444824218,-1.4508862060546874,0.00239420166015625,-14.320610687022901,5.145038167938932,14.748091603053435,0.0
38.25000047683716,-11.367669482421874,4.103661645507812,0.8571241943359375,-10.13740458015267,43.969465648854964,5.7251908396946565,-10.089165795898436,-1.3239935180664062,0.16280571289062498,-11.251908396946565,4.412213740458015,14.488549618320612,0.0
38.260000705718994,-10.649408984374999,4.144363073730468,0.5698199951171875,-22.702290076335878,40.94656488549618,8.01526717557252,-10.28549033203125,-1.0127473022460938,0.1197100830078125,-11.236641221374045,4.152671755725191,14.717557251908397,0.0
38.27000069618225,-10.773907470703124,2.492363928222656,0.9074024291992187,-34.88549618320611,38.54961832061068,9.114503816793894,-10.192116467285155,-0.6823474731445313,0.16759411621093748,-11.419847328244275,3.3282442748091605,15.053435114503817,0.0
38.28000068664551,-10.83376251220703,1.9512743530273435,0.9864110839843749,-40.58015267175573,37.06870229007634,9.98473282442748,-10.479420666503906,-0.7661445312499999,0.17238251953125,-12.412213740458014,3.6946564885496183,16.778625954198475,0.0
38.290000677108765,-8.779537487792968,0.07422025146484375,0.6272808349609375,-38.3206106870229,33.587786259541986,11.694656488549619,-10.129867224121092,-0.6368576416015624,0.24181436767578124,-13.877862595419847,3.786259541984733,18.045801526717558,0.0
38.3000009059906,-9.629479077148437,-0.12210428466796874,0.5147533569335937,-34.50381679389313,31.709923664122137,11.083969465648854,-9.926360083007811,-0.6488286499023437,0.4165910888671875,-14.977099236641221,3.7251908396946565,17.64885496183206,0.0
38.3100004196167,-10.934318981933593,0.3902548706054687,1.1923124267578125,-35.20610687022901,30.82442748091603,9.374045801526718,-10.342951171874999,-0.9888052856445312,0.565031591796875,-15.312977099236642,5.038167938931298,16.9618320610687,0.0
38.320000886917114,-9.823409411621093,0.5674257934570313,2.1883003173828124,-38.0,27.34351145038168,7.923664122137405,-9.787496386718749,-0.6512228515624999,0.6919242797851562,-15.877862595419847,4.5038167938931295,14.961832061068701,0.0
38.33000063896179,-8.643067993164061,-0.612915625,2.0638018310546875,-35.64885496183206,23.328244274809162,7.312977099236641,-9.85692823486328,-0.5817910034179687,0.6368576416015624,-15.83206106870229,2.9618320610687023,14.351145038167939,0.0
38.34000086784363,-8.257601525878906,-1.2306196533203124,2.0661960327148434,-27.938931297709924,20.900763358778626,5.633587786259542,-10.225635290527343,-0.5410895751953124,0.6679822631835937,-15.267175572519085,2.2290076335877864,13.267175572519085,0.0
38.350000619888306,-8.046911779785155,-2.039859814453125,1.6400281372070311,-21.221374045801525,17.61832061068702,4.015267175572519,-10.539275708007812,-0.5506663818359374,0.8020575561523438,-13.022900763358779,2.045801526717557,13.389312977099237,0.0
38.36000061035156,-7.551312036132812,-1.7764976318359373,1.4245499877929686,-12.534351145038167,16.366412213740457,3.1908396946564888,-10.383652600097655,-0.6775590698242188,0.7302315063476562,-10.931297709923664,0.4580152671755725,13.007633587786259,0.0
38.37000060081482,-7.50821640625,-1.5035586425781249,0.9337386474609375,-4.9465648854961835,16.15267175572519,1.984732824427481,-10.390835205078124,-0.9193734375,0.948103857421875,-9.282442748091603,-0.916030534351145,12.412213740458014,0.0
38.380000591278076,-8.166621862792969,-0.2609679809570312,1.4101847778320311,0.5954198473282443,17.603053435114504,1.1145038167938932,-10.570400329589843,-1.218648645019531,1.0223241088867188,-8.564885496183207,-2.2595419847328246,10.320610687022901,0.0
38.39000058174133,-9.023746057128905,0.277727392578125,0.7613561279296874,-1.5419847328244274,14.076335877862595,1.618320610687023,-10.766724865722656,-1.4413093994140624,1.2306196533203124,-7.801526717557252,-5.068702290076335,7.6183206106870225,0.0
38.40000057220459,-9.30147344970703,0.6631938598632812,0.6416460449218749,5.465648854961832,14.763358778625955,2.213740458015267,-10.862492932128905,-1.0965443603515623,1.4437036010742186,-8.488549618320612,-8.564885496183207,4.824427480916031,0.0
38.41000056266785,-10.87925234375,2.7724855224609373,1.1444283935546875,10.045801526717558,15.709923664122137,1.6793893129770991,-11.279084020996093,-1.1420341918945311,1.39821376953125,-8.396946564885496,-12.931297709923664,3.6793893129770994,0.0
38.420000314712524,-9.445125549316407,2.2361843505859373,0.7350199096679687,17.053435114503817,16.977099236641223,2.9923664122137406,-10.09395419921875,-0.11013327636718749,0.9097966308593749,-11.633587786259541,-18.061068702290076,1.5877862595419847,0.0
38.43000078201294,-10.299855541992187,3.361459130859375,0.9002198242187499,18.015267175572518,17.129770992366414,3.1297709923664123,-10.568006127929687,-1.35990654296875,0.9935936889648437,-13.557251908396946,-18.48854961832061,2.2900763358778624,0.0
38.44000053405762,-10.711658227539061,3.5625720703124997,0.7493851196289062,-1.4961832061068703,8.458015267175572,2.763358778625954,-10.177751257324218,-1.3120225097656248,1.024718310546875,-0.9618320610687023,-27.46564885496183,-0.366412213740458,0.0
38.45000076293945,-10.122684619140625,1.9919757812499999,0.3902548706054687,-0.33587786259541985,7.450381679389313,5.083969465648855,-8.808267907714843,-0.5722141967773438,-0.21787235107421873,-2.183206106870229,-34.35114503816794,-3.954198473282443,0.0
38.46000051498413,-10.673351000976561,2.0302830078125,0.4213794921875,-2.198473282442748,8.885496183206106,3.8473282442748094,-11.250353601074218,-2.1404162841796874,-0.04548983154296875,5.1603053435114505,-32.94656488549618,-4.091603053435114,0.0
38.47000050544739,-10.848127722167968,1.8028338500976562,0.3806780639648437,-5.587786259541985,7.557251908396947,2.0916030534351147,-11.214440576171874,-1.9704279663085937,-0.16519991455078123,28.47328244274809,-39.93893129770992,-5.526717557251908,0.0
38.480000495910645,-10.211270080566406,1.5969325073242187,0.12449848632812499,-5.862595419847328,7.221374045801527,2.015267175572519,-8.530540515136718,1.7094599853515624,-1.695094775390625,33.587786259541986,-45.954198473282446,-10.458015267175572,0.0
38.4900004863739,-10.568006127929687,2.8658593872070313,0.2609679809570312,-8.870229007633588,8.106870229007633,1.6488549618320612,-9.248801013183593,1.3359645263671873,-1.9536685546875,13.603053435114504,-33.48091603053435,-9.526717557251908,0.0
38.50000047683716,-9.907206469726562,2.6910826660156246,0.29927520751953124,-14.793893129770993,8.076335877862595,3.1297709923664123,-10.69968721923828,-0.49799394531249996,-1.0079588989257813,17.00763358778626,-31.34351145038168,-7.022900763358779,0.0
38.510000467300415,-10.04846436767578,2.612074011230469,0.3136404174804687,-18.732824427480917,6.442748091603053,3.786259541984733,-10.237606298828124,1.5346832641601562,-1.5658078857421873,17.923664122137403,-31.786259541984734,-10.229007633587786,0.0
38.52000045776367,-9.41639512939453,2.094926452636719,0.354341845703125,-15.923664122137405,6.519083969465649,6.320610687022901,-9.952696301269532,2.3367408203125,-0.833182177734375,4.198473282442748,-24.137404580152673,-11.755725190839694,0.0
38.53000068664551,-9.320627062988281,2.185906115722656,0.7398083129882812,-17.053435114503817,6.366412213740458,6.793893129770993,-9.162609753417968,2.2170307373046874,0.28969840087890625,-18.458015267175572,-16.916030534351144,-8.717557251908397,0.0
38.540000915527344,-9.447519750976562,1.6711527587890624,0.9816226806640624,-18.412213740458014,4.549618320610687,6.580152671755725,-11.133037719726563,-0.2154781494140625,1.2114660400390624,-18.015267175572518,-16.33587786259542,-6.015267175572519,0.0
38.55000042915344,-9.526528405761718,0.8882488159179687,1.1444283935546875,-14.549618320610687,2.7938931297709924,5.877862595419847,-9.612719665527344,0.26336218261718747,1.9919757812499999,-21.633587786259543,-15.633587786259541,-9.312977099236642,0.0
38.56000089645386,-9.648632690429688,0.40462008056640625,1.2880804931640624,-7.572519083969466,0.6564885496183206,6.916030534351145,-8.894459167480468,-0.10773907470703124,2.243366955566406,-24.061068702290076,-19.374045801526716,-10.793893129770993,0.0
38.570000410079956,-10.038887561035155,0.7134720947265625,1.5346832641601562,-0.13740458015267176,-0.24427480916030533,6.748091603053435,-9.334992272949219,-0.5267243652343749,2.4516625,-22.83969465648855,-22.427480916030536,-10.442748091603054,0.0
38.58000087738037,-10.081983190917969,1.0965443603515623,1.7405846069335937,5.236641221374046,-1.786259541984733,7.801526717557252,-9.042899670410156,-0.32561142578124996,2.8036101440429686,-24.12213740458015,-23.19083969465649,-10.900763358778626,0.0
38.59000062942505,-10.089165795898436,1.5275006591796874,2.0446482177734375,9.404580152671755,-4.137404580152672,9.022900763358779,-9.390058911132812,-1.458068811035156,2.9544448486328125,-21.435114503816795,-26.244274809160306,-10.580152671755725,0.0
38.600000619888306,-9.983820922851562,1.47482822265625,2.2457611572265623,13.282442748091603,-5.923664122137405,10.198473282442748,-8.84178673095703,-2.2673089721679687,3.438073583984375,-15.725190839694656,-30.366412213740457,-11.435114503816793,0.0
38.61000037193298,-10.180145458984374,0.8882488159179687,2.741360900878906,17.19083969465649,-9.145038167938932,10.259541984732824,-9.627084875488281,-3.5314474487304683,3.114856359863281,-7.038167938931298,-35.57251908396947,-12.549618320610687,0.0
38.62000036239624,-10.457872851562499,0.6967126831054687,3.0310593017578125,24.625954198473284,-13.34351145038168,9.664122137404581,-10.08677159423828,-4.632780212402343,3.3327287109375,11.679389312977099,-47.32824427480916,-14.259541984732824,0.0
38.630000829696655,-10.441113439941406,0.9145850341796874,3.2728736694335936,32.25954198473283,-18.15267175572519,10.564885496183207,-9.0021982421875,-2.39420166015625,2.43250888671875,24.549618320610687,-58.35114503816794,-19.358778625954198,0.0
38.640000343322754,-10.77630167236328,3.6176387084960937,4.402936853027343,32.458015267175576,-23.053435114503817,11.16030534351145,-7.055712292480468,0.086191259765625,2.0661960327148434,15.86259541984733,-57.70992366412214,-23.557251908396946,0.0
38.65000057220459,-12.540828295898438,5.683834741210937,6.224924316406249,19.84732824427481,-30.85496183206107,14.0,-7.884106066894531,-0.11013327636718749,2.133233679199219,4.763358778625954,-49.969465648854964,-21.557251908396946,0.0
38.66000056266785,-11.949460485839843,5.430049365234375,7.524975817871093,9.923664122137405,-49.083969465648856,22.748091603053435,-9.05965908203125,-0.9600748657226562,1.879448303222656,5.709923664122138,-49.63358778625954,-19.19083969465649,0.0
38.6700005531311,-10.912771166992187,5.025429284667968,6.313509777832031,21.34351145038168,-61.847328244274806,36.19847328244275,-8.992621435546875,-1.5179238525390624,1.9488801513671874,14.580152671755725,-53.48091603053435,-19.755725190839694,0.0
38.68000054359436,-9.581595043945311,5.288791467285156,4.587290380859375,26.580152671755727,-69.41984732824427,45.465648854961835,-7.201758593749999,0.32561142578124996,1.9225439331054686,17.49618320610687,-56.16793893129771,-23.083969465648856,0.0
38.690000772476196,-8.111555224609374,3.6008792968749996,4.460397692871093,5.923664122137405,-82.3969465648855,43.93893129770992,-5.973533142089844,1.5849614990234373,0.9337386474609375,2.3206106870229006,-50.33587786259542,-23.419847328244273,0.0
38.700000524520874,-6.880935571289062,1.0654197387695312,3.4069489624023435,-20.290076335877863,-93.40458015267176,36.42748091603053,-6.907271789550781,1.2138602416992186,1.0630255371093749,-4.6106870229007635,-42.030534351145036,-19.908396946564885,0.0
38.71000075340271,-5.681440539550781,-0.9935936889648437,0.4213794921875,-30.412213740458014,-98.7175572519084,28.244274809160306,-8.06367119140625,0.6967126831054687,0.82360537109375,-3.3587786259541983,-43.11450381679389,-19.267175572519083,0.0
38.72000026702881,-8.269572534179687,3.1747114013671873,1.4053963745117186,-34.76335877862596,-92.47328244274809,20.33587786259542,-9.014169250488282,-0.6655880615234374,1.1252747802734375,-2.595419847328244,-36.3206106870229,-19.221374045801525,0.0
38.730000495910645,-6.481103894042969,1.3407529296874998,-0.26815058593749996,-38.2442748091603,-96.35114503816794,24.259541984732824,-8.640673791503906,0.32082302246093747,0.737414111328125,-0.4580152671755725,-39.23664122137404,-20.18320610687023,0.0
38.74000024795532,-4.647145422363281,-3.229778039550781,-1.0702081420898437,-22.198473282442748,-85.06870229007633,22.244274809160306,-8.224082702636718,0.6775590698242188,0.5889736083984375,-2.7786259541984735,-38.213740458015266,-20.519083969465647,0.0
38.75000023841858,-5.49708701171875,-3.864241479492187,-0.3591302490234375,-4.809160305343512,-72.50381679389314,9.740458015267176,-7.864952453613281,1.0678139404296874,0.7278373046875,-3.5267175572519083,-34.38167938931298,-21.17557251908397,0.0
38.760000467300415,-6.9910688476562495,-2.3870190551757813,-0.6440402465820312,11.709923664122137,-63.541984732824424,0.2595419847328244,-8.437166650390624,-0.45489831542968745,1.2210428466796874,-3.572519083969466,-32.030534351145036,-18.48854961832061,0.0
38.77000045776367,-9.066841687011719,0.6392518432617187,0.19871873779296872,23.52671755725191,-53.847328244274806,-5.66412213740458,-9.390058911132812,-0.5363011718749999,0.9433154541015625,8.01526717557252,-36.56488549618321,-16.748091603053435,0.0
38.78000044822693,-9.967061511230469,2.0638018310546875,1.6208745239257811,23.572519083969464,-52.54961832061068,-9.34351145038168,-9.200916979980468,-1.7214309936523438,0.9959878906249999,18.80916030534351,-41.083969465648856,-17.709923664122137,0.0
38.790000677108765,-9.943119494628906,2.2385785522460937,1.9752163696289062,21.068702290076335,-52.274809160305345,-10.992366412213741,-9.272743029785156,-1.3048399047851562,1.1468225952148436,34.3206106870229,-45.603053435114504,-18.946564885496183,0.0
38.8000009059906,-10.503362683105468,4.283226770019531,3.7038299682617186,12.778625954198473,-50.61068702290076,-13.694656488549619,-6.79953271484375,1.649604943847656,0.16041151123046873,32.44274809160305,-44.76335877862596,-23.114503816793892,0.0
38.81000065803528,-10.175357055664062,3.9240965209960934,1.68551796875,-6.6106870229007635,-53.69465648854962,-14.473282442748092,-7.223306408691406,0.6153098266601562,0.14604630126953125,18.99236641221374,-32.213740458015266,-18.702290076335878,0.0
38.820000886917114,-9.574412438964844,2.602497204589844,1.024718310546875,-18.595419847328245,-55.603053435114504,-13.526717557251908,-7.805097412109374,0.4644751220703125,0.0,23.96946564885496,-29.87786259541985,-14.290076335877863,0.0
38.83000063896179,-9.861716638183593,3.0334535034179684,1.3838485595703125,-16.091603053435115,-53.41984732824427,-11.648854961832061,-8.449137658691406,0.0526724365234375,0.8355763793945312,24.641221374045802,-21.251908396946565,-10.534351145038167,0.0
38.84000086784363,-9.363722692871093,2.310404602050781,1.697488977050781,-5.862595419847328,-47.81679389312977,-7.343511450381679,-7.031770275878906,0.19632453613281248,1.419761584472656,14.0,-10.580152671755725,-11.053435114503817,0.0
38.850000619888306,-8.394071020507813,2.1116858642578125,1.6112977172851561,-0.183206106870229,-39.099236641221374,-7.969465648854962,-5.073313317871094,0.55545478515625,3.124433166503906,4.2748091603053435,-2.7022900763358777,-11.389312977099237,0.0
38.86000061035156,-9.334992272949219,3.1771056030273437,2.5330653564453125,-0.2748091603053435,-31.587786259541986,-11.099236641221374,-10.656591589355468,-2.243366955566406,1.8076222534179687,13.007633587786259,0.7786259541984732,-7.694656488549619,0.0
38.87000036239624,-8.456320263671875,1.5586252807617187,2.6479870361328124,0.6106870229007634,-31.282442748091604,-11.618320610687023,-11.319785449218749,-1.9536685546875,2.6096798095703124,18.870229007633586,9.099236641221374,-11.511450381679388,0.0
38.880000591278076,-8.762778076171875,2.1356278808593747,2.3343466186523436,5.221374045801527,-25.00763358778626,-15.572519083969466,-11.997344519042969,-2.133233679199219,2.7940333374023436,24.198473282442748,6.67175572519084,-13.679389312977099,0.0
38.89000082015991,-8.135497241210937,2.0542250244140625,2.032677209472656,12.442748091603054,-19.17557251908397,-16.396946564885496,-11.54244620361328,-1.7549498168945312,3.181894006347656,23.786259541984734,6.427480916030534,-13.633587786259541,0.0
38.90000057220459,-8.913612780761719,3.6343981201171873,3.0047230834960934,9.312977099236642,-15.770992366412214,-18.763358778625953,-9.82580361328125,-0.3687070556640625,2.7653029174804686,19.954198473282442,4.854961832061068,-12.381679389312977,0.0
38.91000056266785,-9.823409411621093,4.6639048339843745,3.9839515624999997,3.786259541984733,-15.83206106870229,-19.541984732824428,-8.729259252929687,2.04943662109375,0.8451531860351562,10.13740458015267,8.885496183206106,-13.053435114503817,0.0
38.9200005531311,-10.682927807617187,4.467580297851562,4.857835168457031,-3.0229007633587788,-17.633587786259543,-18.763358778625953,-11.2240173828125,1.6903063720703124,1.5610194824218748,-5.893129770992366,21.19083969465649,-10.870229007633588,0.0
38.93000078201294,-10.673351000976561,3.81156904296875,4.8123453369140625,-9.801526717557252,-20.916030534351144,-17.862595419847327,-11.626243261718749,3.076549133300781,1.8076222534179687,-18.732824427480917,25.206106870229007,-14.580152671755725,0.0
38.94000029563904,-10.081983190917969,3.162740393066406,5.499481213378906,-10.50381679389313,-24.076335877862597,-15.938931297709924,-10.905588562011719,2.1978771240234374,2.767697119140625,-40.900763358778626,32.18320610687023,-17.404580152671755,0.0
38.95000076293945,-10.225635290527343,3.0597897216796874,6.196193896484375,-9.893129770992367,-26.33587786259542,-14.80916030534351,-14.860809704589842,-3.318363500976562,3.7612908081054686,-46.85496183206107,34.56488549618321,-12.030534351145038,0.0
38.96000051498413,-10.927136376953124,3.289633081054687,6.959944226074218,-12.01526717557252,-30.870229007633586,-13.679389312977099,-15.689203479003906,-4.855440966796874,4.113238452148437,-32.961832061068705,27.801526717557252,-18.38167938931298,0.0
38.97000074386597,-11.054029064941405,0.9121908325195311,6.562506750488281,-6.717557251908397,-37.14503816793893,-11.114503816793894,-14.302960717773436,-4.058171813964844,4.7022120605468745,-19.755725190839694,31.52671755725191,-23.893129770992367,0.0
38.980000495910645,-11.461043347167967,-0.143652099609375,6.49307490234375,0.8549618320610687,-40.458015267175576,-11.312977099236642,-15.294160205078125,-2.243366955566406,2.923320227050781,4.152671755725191,20.259541984732824,-16.076335877862597,0.0
38.9900004863739,-12.332532751464843,-1.3575123413085937,6.943184814453125,13.725190839694656,-44.412213740458014,-11.954198473282442,-11.427524523925781,0.9193734375,1.1635820068359375,14.65648854961832,8.946564885496183,-13.312977099236642,0.0
39.00000047683716,-12.871228125,-1.9632453613281249,7.182604980468749,41.66412213740458,-46.458015267175576,-12.534351145038167,-8.535328918457031,2.4301146850585935,-0.2442085693359375,4.366412213740458,10.061068702290076,-11.404580152671755,0.0
39.010000705718994,-12.569558715820312,-2.0781670410156248,6.907271789550781,62.152671755725194,-48.33587786259542,-13.435114503816793,-6.777984899902344,2.971204260253906,-0.6296750366210937,-18.30534351145038,14.030534351145038,-7.3893129770992365,0.0
39.02000045776367,-13.295001818847656,-0.6248866333007812,6.562506750488281,70.7175572519084,-51.954198473282446,-15.679389312977099,-9.13627353515625,0.37828386230468747,-0.6344634399414062,-34.19847328244275,22.198473282442748,0.183206106870229,0.0
39.03000044822693,-16.00523809814453,3.399766357421875,7.5537062377929685,57.06870229007634,-60.97709923664122,-19.52671755725191,-9.516951599121093,-2.808398547363281,-0.6200982299804687,-24.900763358778626,20.213740458015266,1.9083969465648856,0.0
39.040000915527344,-14.463372229003905,3.2034418212890623,6.469132885742187,33.66412213740458,-78.62595419847328,-17.755725190839694,-7.8362220336914055,-3.7900212280273435,-0.7876923461914062,-15.083969465648854,20.076335877862597,-2.519083969465649,0.0
39.05000066757202,-13.47696114501953,1.9393033447265624,4.99909306640625,18.9618320610687,-88.03053435114504,-14.396946564885496,-7.8912886718749995,-3.1603461914062496,-1.6615759521484375,-13.572519083969466,29.480916030534353,-4.366412213740458,0.0
39.06000089645386,-13.13219610595703,2.748543505859375,3.938461730957031,-0.549618320610687,-97.06870229007633,-16.03053435114504,-9.976638317871092,-4.237736938476562,-1.2689268798828124,-5.068702290076335,35.41984732824427,-0.7633587786259542,0.0
39.070000648498535,-11.520898388671874,0.354341845703125,2.214636535644531,-14.412213740458014,-108.3969465648855,-14.458015267175572,-9.600748657226562,-4.853046765136718,-0.27293898925781246,15.129770992366412,35.70992366412214,-0.5038167938931297,0.0
39.08000087738037,-9.952696301269532,-1.9991583862304687,1.1875240234375,-1.1145038167938932,-105.20610687022901,-11.587786259541986,-8.602366564941406,-3.878606689453125,-0.4836287353515625,33.52671755725191,33.17557251908397,-4.916030534351145,0.0
39.09000062942505,-8.662221606445312,-2.1787235107421874,0.7326257080078125,12.793893129770993,-98.61068702290076,-12.610687022900763,-8.889670764160156,-3.4715924072265625,-0.37828386230468747,36.732824427480914,36.091603053435115,-5.435114503816794,0.0
39.10000038146973,-7.754819177246094,-1.1755530151367186,0.38786066894531246,16.15267175572519,-90.85496183206106,-15.19083969465649,-8.719682446289061,-1.235408056640625,-0.6919242797851562,35.69465648854962,34.54961832061068,-5.404580152671755,0.0
39.11000061035156,-6.4739212890625,-1.4628572143554686,-0.6272808349609375,18.259541984732824,-82.10687022900764,-15.19083969465649,-9.313444458007812,-1.465251416015625,-0.17956512451171874,28.671755725190838,37.786259541984734,-0.7022900763358778,0.0
39.12000060081482,-5.45877978515625,-1.8698714965820311,-0.9433154541015625,20.717557251908396,-67.63358778625954,-14.900763358778626,-9.545682019042967,-1.1923124267578125,0.38786066894531246,32.36641221374046,35.20610687022901,1.0076335877862594,0.0
39.130000591278076,-6.552929943847656,-1.1851298217773436,-0.47644613037109373,28.458015267175572,-48.534351145038165,-16.30534351145038,-8.999804040527343,-1.0319009155273438,0.40940848388671874,30.366412213740457,35.61832061068702,1.618320610687023,0.0
39.14000058174133,-6.5385647338867185,-0.7852981445312499,-0.143652099609375,32.030534351145036,-34.70229007633588,-15.83206106870229,-10.077194787597655,-0.4740519287109375,0.6344634399414062,25.938931297709924,36.62595419847328,4.183206106870229,0.0
39.15000033378601,-5.552153649902343,-0.26336218261718747,-0.14604630126953125,31.328244274809162,-22.15267175572519,-16.259541984732824,-8.779537487792968,1.1420341918945311,-0.3591302490234375,11.694656488549619,36.10687022900763,6.213740458015267,0.0
39.16000056266785,-7.3094976684570305,2.4444798950195312,0.5985504150390625,22.885496183206108,-10.01526717557252,-19.00763358778626,-9.619902270507811,-0.9433154541015625,-0.16759411621093748,-4.2748091603053435,42.12213740458015,11.86259541984733,0.0
39.170000314712524,-8.511386901855468,3.414131567382812,0.7709329345703124,-0.366412213740458,-8.198473282442748,-21.221374045801525,-10.04846436767578,-2.7940333374023436,0.8595183959960937,3.7709923664122136,34.900763358778626,13.679389312977099,0.0
39.18000078201294,-8.185775476074218,2.080561242675781,0.5243301635742187,-12.931297709923664,-4.870229007633588,-19.69465648854962,-9.272743029785156,-2.3582886352539063,0.9121908325195311,11.954198473282442,29.389312977099237,10.50381679389313,0.0
39.190000772476196,-7.7979148071289055,1.4053963745117186,0.6560112548828124,-17.603053435114504,4.977099236641221,-17.374045801526716,-9.842563024902343,-2.9951462768554684,1.0223241088867188,15.068702290076336,25.221374045801525,8.335877862595419,0.0
39.200000524520874,-7.058106494140625,1.3383587280273437,0.3950432739257812,-26.198473282442748,10.351145038167939,-17.49618320610687,-9.643844287109374,-2.231395947265625,1.0797849487304687,12.625954198473282,23.206106870229007,6.885496183206107,0.0
39.21000075340271,-6.5505357421875,0.8307879760742187,0.11252747802734374,-36.396946564885496,15.679389312977099,-17.83206106870229,-9.555258825683593,-2.0542250244140625,0.7996633544921875,6.015267175572519,21.328244274809162,5.282442748091603,0.0
39.22000050544739,-5.664681127929687,-0.3711012573242187,0.105344873046875,-37.083969465648856,26.580152671755727,-16.580152671755727,-9.72285294189453,-1.944091748046875,0.8403647827148437,2.6106870229007635,20.106870229007633,3.5267175572519083,0.0
39.230000257492065,-7.493851196289062,3.1651345947265623,2.0542250244140625,-35.603053435114504,43.00763358778626,-20.35114503816794,-10.01733974609375,-2.003946789550781,0.9983820922851562,0.3511450381679389,19.34351145038168,2.4427480916030535,0.0
39.24000072479248,-7.733271362304687,2.750937707519531,1.62805712890625,-64.56488549618321,37.41984732824427,-21.87786259541985,-9.9215716796875,-1.8315642700195311,0.8044517578125,-3.66412213740458,18.595419847328245,1.7099236641221374,0.0
39.25000047683716,-4.8650177734375,-2.3726538452148436,1.3383587280273437,-48.0,48.229007633587784,-12.778625954198473,-9.655815295410155,-1.5753846923828123,0.4429273071289062,-8.305343511450381,16.549618320610687,1.633587786259542,0.0
39.260000705718994,-4.932055419921875,-2.231395947265625,1.4030021728515625,-28.549618320610687,61.16030534351145,-13.48091603053435,-9.210493786621093,-1.8626888916015625,0.5267243652343749,-11.32824427480916,16.977099236641223,1.8625954198473282,0.0
39.27000069618225,-5.293579870605469,-2.3726538452148436,2.0159177978515626,-21.709923664122137,69.78625954198473,-16.412213740458014,-9.191340173339842,-2.384624853515625,0.5003881469726562,-10.610687022900763,16.442748091603054,2.2442748091603053,0.0
39.28000068664551,-6.402095239257812,-1.944091748046875,2.583343591308594,-9.389312977099237,78.99236641221374,-17.19083969465649,-9.361328491210937,-2.8323405639648436,0.5530605834960938,-7.770992366412214,15.114503816793894,3.1297709923664123,0.0
39.290000438690186,-7.098807922363281,-1.68551796875,3.0071172851562498,5.740458015267175,87.90839694656489,-16.595419847328245,-9.777919580078125,-3.3016040893554686,0.3591302490234375,-1.9389312977099236,14.01526717557252,2.4885496183206106,0.0
39.3000009059906,-7.773972790527344,-0.2346317626953125,3.708618371582031,17.236641221374047,93.86259541984732,-14.564885496183207,-10.168174450683592,-3.239354846191406,0.5793968017578125,4.702290076335878,13.572519083969466,2.1068702290076335,0.0
39.31000065803528,-8.377311608886718,1.3072341064453123,4.352658618164062,27.984732824427482,98.01526717557252,-10.213740458015268,-9.770736975097655,-2.6001030029296874,0.6823474731445313,10.564885496183207,12.01526717557252,1.7709923664122138,0.0
39.320000648498535,-8.844180932617187,2.4133552734375,5.118803149414062,31.541984732824428,100.12213740458016,-4.748091603053435,-9.90241806640625,-1.8291700683593748,0.39983167724609375,14.82442748091603,10.488549618320612,2.8244274809160306,0.0
39.33000063896179,-9.265560424804686,2.8993782104492185,5.5449710449218745,29.81679389312977,98.62595419847328,-0.2748091603053435,-9.68454571533203,-1.5658078857421873,0.6751648681640625,11.17557251908397,12.320610687022901,4.427480916030534,0.0
39.34000062942505,-10.256759912109374,3.404554760742187,5.894524487304687,20.641221374045802,93.80152671755725,2.2900763358778624,-9.751583361816406,-1.7501614135742187,1.2593500732421874,11.816793893129772,13.83206106870229,6.687022900763359,0.0
39.350000619888306,-10.038887561035155,2.6527754394531247,5.815515832519531,10.16793893129771,88.21374045801527,3.7709923664122136,-9.275137231445312,-0.7781155395507812,0.4836287353515625,12.50381679389313,9.98473282442748,5.267175572519084,0.0
39.36000061035156,-10.182539660644531,1.9847931762695312,5.576095666503906,0.6106870229007634,82.4885496183206,2.8244274809160306,-9.069235888671875,0.3902548706054687,-0.316034619140625,5.083969465648855,10.045801526717558,4.0458015267175576,0.0
39.37000036239624,-10.398017810058594,0.9648632690429687,5.540182641601562,-11.450381679389313,75.52671755725191,1.3129770992366412,-9.018957653808593,0.10773907470703124,-0.6727706665039062,-14.51908396946565,15.770992366412214,6.076335877862595,0.0
39.380000591278076,-10.977414611816405,-0.16519991455078123,6.517016918945312,-18.38167938931298,69.34351145038168,0.9923664122137404,-9.773131176757811,-0.3950432739257812,-0.5315127685546874,-24.80916030534351,20.793893129770993,8.045801526717558,0.0
39.39000058174133,-10.55364091796875,-0.8188169677734375,6.234501123046875,-18.442748091603054,61.725190839694655,-0.15267175572519084,-10.704475622558594,-1.4724340209960938,-0.8786720092773437,-29.572519083969464,25.267175572519083,9.572519083969466,0.0
39.40000057220459,-10.345345373535155,-1.9991583862304687,4.989516259765625,-13.801526717557252,57.7557251908397,-2.763358778625954,-9.619902270507811,-2.1404162841796874,-0.28012159423828126,-33.9236641221374,31.52671755725191,11.770992366412214,0.0
39.41000056266785,-10.019733947753906,-2.269703173828125,4.398148449707031,-4.854961832061068,54.13740458015267,-5.923664122137405,-10.084377392578125,-3.6176387084960937,-0.3232172241210937,-17.404580152671755,22.85496183206107,13.221374045801527,0.0
39.4200005531311,-10.196904870605469,-1.936909143066406,4.07971962890625,9.587786259541986,53.63358778625954,-8.030534351145038,-10.287884533691406,-4.7117888671875,-0.12689268798828124,-8.0,26.916030534351144,11.236641221374045,0.0
39.43000030517578,-9.859322436523437,-0.82360537109375,4.000710974121094,15.374045801526718,51.14503816793893,-9.541984732824428,-8.722076647949219,-2.4779987182617185,-0.4836287353515625,3.877862595419847,21.404580152671755,9.908396946564885,0.0
39.44000053405762,-10.213664282226562,-1.43652099609375,3.1579519897460937,19.068702290076335,48.79389312977099,-9.083969465648854,-10.120290417480469,-2.1404162841796874,-0.373495458984375,9.145038167938932,21.51145038167939,13.48091603053435,0.0
39.45000076293945,-9.22485899658203,-0.30885201416015623,3.0645781249999997,24.885496183206108,50.38167938931298,-11.022900763358779,-8.865728747558594,-1.1755530151367186,0.0047884033203125,9.725190839694656,21.786259541984734,13.969465648854962,0.0
39.46000051498413,-8.52335791015625,0.7206546997070312,2.817975354003906,13.618320610687023,47.83206106870229,-13.98473282442748,-9.212887988281249,-0.4165910888671875,-0.229843359375,9.358778625954198,21.541984732824428,14.030534351145038,0.0
39.47000074386597,-9.888052856445311,2.0374656127929685,3.227383837890625,-4.793893129770993,45.49618320610687,-14.427480916030534,-9.674968908691406,-0.3591302490234375,-0.4836287353515625,-4.99236641221374,28.671755725190838,15.725190839694656,0.0
39.480000495910645,-10.594342346191405,2.2649147705078123,3.35188232421875,-16.106870229007633,44.0,-8.793893129770993,-9.648632690429688,-0.6751648681640625,-0.16041151123046873,-17.69465648854962,31.923664122137403,17.755725190839694,0.0
39.4900004863739,-10.570400329589843,0.9959878906249999,2.85388837890625,-13.83206106870229,45.14503816793893,1.5114503816793894,-9.4618849609375,-1.9009961181640624,-0.19871873779296872,-32.06106870229008,35.86259541984733,18.33587786259542,0.0
39.50000071525574,-12.16254443359375,0.181959326171875,3.2417490478515623,-1.0534351145038168,50.732824427480914,10.564885496183207,-11.465831750488281,-4.752490295410156,0.086191259765625,-25.053435114503817,34.13740458015267,20.045801526717558,0.0
39.510000705718994,-12.464213842773436,-0.16998831787109375,3.414131567382812,14.229007633587786,54.68702290076336,14.01526717557252,-10.726023437499999,-5.846640454101562,0.5027823486328125,-5.480916030534351,22.65648854961832,16.244274809160306,0.0
39.52000069618225,-12.983755603027342,0.3711012573242187,3.6080619018554687,19.6793893129771,52.091603053435115,11.83206106870229,-11.125855114746093,-4.340687609863281,0.36152445068359373,2.7022900763358777,20.33587786259542,12.595419847328245,0.0
39.53000044822693,-12.00213292236328,0.7805097412109374,3.162740393066406,14.458015267175572,43.87786259541985,9.435114503816793,-11.044452258300781,-2.3343466186523436,-0.24181436767578124,1.1603053435114503,11.450381679389313,11.49618320610687,0.0
39.540000915527344,-10.85291612548828,0.6584054565429687,2.925714428710937,9.938931297709924,38.70229007633588,7.847328244274809,-9.981426721191406,-1.1827356201171875,0.12210428466796874,-3.4198473282442747,8.320610687022901,11.908396946564885,0.0
39.55000066757202,-10.615890161132812,1.1731588134765625,3.0310593017578125,4.961832061068702,35.969465648854964,5.847328244274809,-9.162609753417968,-0.15562310791015624,0.8068459594726562,-12.778625954198473,10.183206106870228,10.961832061068701,0.0
39.56000089645386,-10.64222637939453,1.1228805786132812,3.840299462890625,-6.534351145038168,31.786259541984734,5.175572519083969,-11.623849060058593,-2.5330653564453125,1.0199299072265624,-11.816793893129772,10.82442748091603,15.557251908396946,0.0
39.570000648498535,-8.757989672851561,0.4740519287109375,3.5913024902343746,-16.15267175572519,24.885496183206108,4.702290076335878,-9.03332286376953,0.01915361328125,-0.04548983154296875,-15.877862595419847,5.267175572519084,11.908396946564885,0.0
39.58000087738037,-7.754819177246094,-1.6065093139648436,2.8562825805664063,-14.030534351145038,23.0381679389313,5.465648854961832,-9.854534033203125,-0.5746083984375,-0.5458779785156249,-17.572519083969464,5.083969465648855,12.67175572519084,0.0
39.59000086784363,-9.452308154296874,-1.0989385620117187,2.9975404785156248,-10.13740458015267,25.64885496183206,2.7938931297709924,-8.760383874511719,-0.17956512451171874,-0.3399766357421875,-22.50381679389313,5.1603053435114505,11.770992366412214,0.0
39.60000038146973,-7.900865478515625,-1.35990654296875,2.0566192260742184,-4.732824427480916,22.061068702290076,0.9312977099236641,-9.981426721191406,-1.2952630981445312,-0.7134720947265625,-18.9618320610687,5.267175572519084,13.34351145038168,0.0
39.61000037193298,-9.873687646484374,-0.33518823242187495,2.427720483398437,-2.0,26.870229007633586,-1.83206106870229,-9.358934289550781,-1.4796166259765624,-0.8212111694335937,-17.236641221374047,5.236641221374046,12.900763358778626,0.0
39.62000060081482,-9.107543115234375,-0.38307226562499996,2.0159177978515626,0.4732824427480916,26.916030534351144,-0.6564885496183206,-9.732429748535155,-1.66636435546875,-1.0295067138671874,-11.511450381679388,4.763358778625954,12.259541984732824,0.0
39.630000591278076,-8.851363537597656,0.3232172241210937,1.3670891479492187,7.343511450381679,29.84732824427481,1.0229007633587786,-9.718064538574218,-1.2521674682617188,-0.9648632690429687,-9.099236641221374,5.190839694656488,11.32824427480916,0.0
39.64000058174133,-9.363722692871093,3.0885201416015624,1.1324573852539062,4.33587786259542,30.259541984732824,1.4351145038167938,-9.9215716796875,-1.0319009155273438,-0.7661445312499999,-6.366412213740458,5.984732824427481,11.450381679389313,0.0
39.65000033378601,-9.840168823242188,4.000710974121094,1.0271125122070313,-8.763358778625955,26.916030534351144,4.366412213740458,-9.777919580078125,-0.7637503295898437,-0.7661445312499999,-5.8320610687022905,5.6183206106870225,11.938931297709924,0.0
39.66000056266785,-10.805032092285156,3.907337109375,1.1563994018554686,-19.96946564885496,28.244274809160306,7.3893129770992365,-9.622296472167967,-0.7398083129882812,-0.8595183959960937,-4.977099236641221,5.236641221374046,13.419847328244275,0.0
39.6700005531311,-9.318232861328125,2.7629087158203123,0.7709329345703124,-34.58015267175573,20.763358778625953,11.633587786259541,-9.564835632324218,-0.8116343627929687,-1.0390835205078124,-4.351145038167939,3.9083969465648853,14.335877862595419,0.0
39.68000030517578,-10.417171423339843,3.4715924072265625,1.2713210815429687,-47.48091603053435,18.27480916030534,13.17557251908397,-9.816226806640625,-0.9911994873046874,-1.0941501586914062,-3.480916030534351,4.595419847328245,14.702290076335878,0.0
39.69000029563904,-9.952696301269532,1.4413093994140624,1.0223241088867188,-51.23664122137404,15.17557251908397,16.53435114503817,-9.983820922851562,-0.9959878906249999,-1.0917559570312498,-1.816793893129771,5.00763358778626,14.458015267175572,0.0
39.70000076293945,-9.852139831542969,0.3758896606445312,1.0486603271484374,-44.213740458015266,16.33587786259542,18.549618320610687,-10.050858569335936,-0.9816226806640624,-0.9720458740234375,-1.3129770992366412,5.877862595419847,14.229007633587786,0.0
39.71000075340271,-9.950302099609374,-0.10773907470703124,1.4101847778320311,-36.83969465648855,16.366412213740457,18.610687022900763,-9.900023864746093,-0.7254431030273437,-0.7996633544921875,-0.6717557251908397,5.633587786259542,14.122137404580153,0.0
39.72000050544739,-10.24000050048828,0.3016694091796875,1.678335363769531,-26.229007633587788,18.763358778625953,18.229007633587788,-9.83777462158203,-0.63206923828125,-0.5195417602539062,0.5190839694656488,6.396946564885496,14.305343511450381,0.0
39.730000257492065,-10.309432348632813,0.9361328491210937,1.936909143066406,-33.465648854961835,13.17557251908397,16.48854961832061,-9.74200655517578,-0.48123453369140623,-0.6153098266601562,0.04580152671755725,6.351145038167939,14.473282442748092,0.0
39.74000024795532,-10.254365710449218,0.6105214233398437,1.599326708984375,-31.6793893129771,11.633587786259541,17.114503816793892,-9.660603698730467,-0.21787235107421873,-0.45968671875,-0.48854961832061067,6.473282442748092,15.114503816793894,0.0
39.75000047683716,-10.280701928710936,0.19153613281249998,1.8602946899414061,-26.18320610687023,10.778625954198473,17.206106870229007,-9.89523546142578,0.08140285644531249,-0.36391865234375,-1.8473282442748091,6.2748091603053435,15.068702290076336,0.0
39.760000467300415,-9.9981861328125,-0.13646949462890623,1.8746598999023436,-20.564885496183205,9.587786259541986,17.00763358778626,-9.682151513671874,0.02633621826171875,-0.19153613281249998,-4.106870229007634,6.152671755725191,15.221374045801527,0.0
39.77000045776367,-9.639055883789062,-0.4477157104492187,1.924938134765625,-15.633587786259541,9.022900763358779,16.290076335877863,-9.622296472167967,0.06943184814453125,-0.16041151123046873,-6.427480916030534,5.755725190839694,15.206106870229007,0.0
39.78000068664551,-10.024522351074218,0.1292868896484375,2.123656872558594,-13.221374045801527,8.82442748091603,13.801526717557252,-9.854534033203125,-0.23702596435546874,-0.011971008300781249,-7.603053435114504,5.251908396946565,15.34351145038168,0.0
39.790000677108765,-9.342174877929686,-0.32561142578124996,1.5227122558593749,-8.244274809160306,7.9541984732824424,12.870229007633588,-9.718064538574218,-0.26336218261718747,0.11013327636718749,-8.900763358778626,4.33587786259542,14.595419847328245,0.0
39.80000042915344,-9.605537060546874,0.5458779785156249,1.1444283935546875,-5.282442748091603,7.633587786259542,10.80916030534351,-10.158597644042969,-0.3806780639648437,0.16759411621093748,-10.213740458015268,4.213740458015267,12.717557251908397,0.0
39.81000089645386,-9.725247143554688,1.5753846923828123,1.139639990234375,-6.809160305343512,8.0,8.83969465648855,-10.180145458984374,-0.35194764404296874,0.34237083740234375,-10.351145038167939,3.3740458015267176,11.725190839694656,0.0
39.820000648498535,-9.294290844726563,1.9847931762695312,0.7972691528320313,-11.374045801526718,7.358778625954199,8.885496183206106,-10.345345373535155,-0.6631938598632812,0.7398083129882812,-8.946564885496183,1.9541984732824427,10.793893129770993,0.0
39.83000063896179,-9.289502441406249,2.5450363647460934,0.7805097412109374,-14.67175572519084,6.824427480916031,9.374045801526718,-10.690110412597656,-1.0486603271484374,1.0606313354492187,-8.900763358778626,-0.5038167938931297,9.114503816793894,0.0
39.84000086784363,-9.088389501953124,2.3223756103515623,0.8667010009765624,-16.53435114503817,7.709923664122138,9.98473282442748,-10.759542260742187,-1.2880804931640624,1.4006079711914061,-9.969465648854962,-3.618320610687023,6.076335877862595,0.0
39.85000038146973,-9.282319836425781,1.8315642700195311,1.1827356201171875,-19.328244274809162,7.343511450381679,8.687022900763358,-11.379640490722656,-1.6041151123046875,1.7932570434570312,-10.854961832061068,-6.320610687022901,0.9465648854961832,0.0
39.86000037193298,-9.495403784179686,1.3335703247070312,1.2210428466796874,-20.106870229007633,6.122137404580153,6.687022900763359,-11.559205615234374,-1.8052280517578123,1.9632453613281249,-9.526717557251908,-10.763358778625955,-2.351145038167939,0.0
39.87000060081482,-9.564835632324218,0.7541735229492187,1.22583125,-14.83969465648855,5.480916030534351,6.244274809160306,-12.143390820312499,-2.262520568847656,1.848323681640625,-0.7480916030534351,-17.114503816793892,-2.885496183206107,0.0
39.880000591278076,-9.65342109375,0.7541735229492187,0.9457096557617187,-6.396946564885496,5.755725190839694,5.9541984732824424,-12.186486450195313,-1.1013327636718748,0.9983820922851562,4.473282442748092,-26.80916030534351,-5.404580152671755,0.0
39.89000058174133,-10.007762939453125,1.465251416015625,0.5746083984375,-0.15267175572519084,5.9541984732824424,6.33587786259542,-10.345345373535155,-1.5538368774414062,2.365471240234375,7.435114503816794,-30.68702290076336,-5.557251908396947,0.0
39.90000057220459,-10.101136804199218,2.1930887207031247,0.277727392578125,2.2595419847328246,5.297709923664122,6.854961832061068,-10.692504614257812,-2.1212626708984375,1.446097802734375,17.87786259541985,-37.52671755725191,-6.183206106870229,0.0
39.91000032424927,-10.172962854003906,2.770091320800781,0.2059013427734375,2.6259541984732824,4.6106870229007635,7.740458015267175,-10.51533369140625,0.02154781494140625,0.4644751220703125,29.87786259541985,-49.55725190839695,-10.977099236641221,0.0
39.9200005531311,-10.196904870605469,3.0813375366210938,0.15562310791015624,1.5877862595419847,4.534351145038168,9.221374045801527,-9.006986645507812,3.6200329101562496,-1.1228805786132812,15.587786259541986,-47.31297709923664,-14.183206106870228,0.0
39.93000078201294,-10.211270080566406,3.2249896362304686,0.23223756103515625,-1.786259541984733,4.763358778625954,11.236641221374045,-9.847351428222655,1.7166425903320313,-1.5011644409179687,-0.3969465648854962,-38.045801526717554,-8.900763358778626,0.0
39.940000772476196,-10.211270080566406,2.7174188842773437,0.4572925170898437,-6.732824427480916,3.9389312977099236,12.045801526717558,-9.746794958496093,-0.5099649536132812,-1.6615759521484375,6.366412213740458,-34.656488549618324,-4.396946564885496,0.0
39.950000524520874,-10.108319409179687,2.1164742675781247,0.46208092041015625,-9.374045801526718,2.183206106870229,13.267175572519085,-9.265560424804686,1.0390835205078124,-2.750937707519531,12.870229007633588,-31.31297709923664,-4.1679389312977095,0.0
39.96000051498413,-9.624690673828125,1.5658078857421873,0.3950432739257812,-4.549618320610687,2.9160305343511452,14.580152671755725,-9.428366137695312,1.1659762084960936,-2.6815058593749996,2.8091603053435112,-20.244274809160306,-5.541984732824427,0.0
39.97000074386597,-9.507374792480467,1.7956512451171873,0.28969840087890625,-2.427480916030534,4.3816793893129775,15.786259541984732,-10.177751257324218,-0.9002198242187499,-1.3072341064453123,-3.435114503816794,-12.778625954198473,-4.870229007633588,0.0
39.980000257492065,-9.49300958251953,1.7453730102539062,0.39983167724609375,-4.473282442748092,3.633587786259542,15.465648854961833,-10.034099157714843,-1.0271125122070313,-0.16041151123046873,3.7404580152671754,-15.648854961832061,-7.755725190839694,0.0
39.9900004863739,-9.801861596679688,1.446097802734375,0.4525041137695312,-2.427480916030534,3.1908396946564888,14.977099236641221,-9.526528405761718,-0.7996633544921875,1.0654197387695312,5.419847328244275,-16.458015267175572,-11.022900763358779,0.0
