timestamp,Thigh_L_Acc_X,Thigh_L_Acc_Y,Thigh_L_Acc_Z,Thigh_L_Gyr_X,Thigh_L_Gyr_Y,Thigh_L_Gyr_Z,Thigh_R_Acc_X,Thigh_R_Acc_Y,Thigh_R_Acc_Z,Thigh_R_Gyr_X,Thigh_R_Gyr_Y,Thigh_R_Gyr_Z,gpio_output
10.000000476837158,-7.426813549804687,-5.066130712890625,5.499481213378906,3.450381679389313,122.12213740458016,4.564885496183206,-10.333374365234375,-3.0238766967773434,-0.2609679809570312,-8.488549618320612,6.412213740458015,5.847328244274809,0.0
10.010000705718994,-9.466673364257812,-0.7709329345703124,8.030152368164062,19.893129770992367,122.41221374045801,-0.2595419847328244,-10.283096130371094,-2.9448680419921875,-0.02154781494140625,3.7709923664122136,3.3740458015267176,7.419847328244275,1.0
10.02000117301941,-10.204087475585936,0.7206546997070312,8.51617530517578,27.862595419847327,114.54961832061069,2.9618320610687023,-8.916006982421875,-0.1580173095703125,-1.0510545288085937,8.641221374045802,-0.061068702290076333,6.33587786259542,1.0
10.030001401901245,-10.867281335449219,2.5953145996093747,8.43956085205078,29.17557251908397,104.74809160305344,4.916030534351145,-9.866505041503906,-0.699106884765625,-0.679953271484375,2.183206106870229,5.374045801526718,9.557251908396946,1.0
10.040000915527344,-10.764330664062498,2.461239306640625,7.922413293457031,26.9618320610687,93.08396946564885,8.793893129770993,-10.20887587890625,-0.3495534423828125,-0.5746083984375,1.3282442748091603,6.931297709923665,11.954198473282442,1.0
10.05000114440918,-10.108319409179687,1.6807295654296874,6.382941625976562,23.083969465648856,83.08396946564885,11.068702290076336,-10.115502014160155,-0.3854664672851562,-0.5506663818359374,-2.4732824427480917,9.34351145038168,12.778625954198473,1.0
10.060000896453857,-9.7683427734375,1.2761094848632812,5.549759448242187,12.412213740458014,73.38931297709924,9.419847328244275,-10.089165795898436,-0.46686932373046874,-0.55545478515625,-5.145038167938932,9.969465648854962,13.312977099236642,1.0
10.070000648498535,-9.648632690429688,1.3024457031249999,5.145139367675781,5.862595419847328,68.99236641221374,8.977099236641221,-9.931148486328125,-0.39983167724609375,-0.45968671875,-7.511450381679389,11.48091603053435,14.870229007633588,1.0
10.080000638961792,-8.760383874511719,0.35194764404296874,3.4620156005859375,-5.603053435114504,62.67175572519084,8.610687022900763,-10.137049829101562,-0.4525041137695312,-0.5339069702148437,-8.061068702290076,12.900763358778626,16.30534351145038,1.0
10.090000867843628,-7.240065820312499,-2.01112939453125,2.0350714111328125,-0.44274809160305345,64.51908396946565,10.061068702290076,-9.490615380859374,-0.6943184814453125,-0.22744915771484372,-9.664122137404581,14.045801526717558,17.419847328244273,1.0
10.100000619888306,-6.260837341308593,-3.394977954101562,1.4030021728515625,4.183206106870229,69.5114503816794,3.816793893129771,-9.909600671386718,-1.5849614990234373,-0.33758243408203126,-8.595419847328245,16.83969465648855,19.450381679389313,1.0
10.110000848770142,-7.762001782226562,-1.8842367065429686,1.189918225097656,17.389312977099237,77.09923664122137,-2.8091603053435112,-10.196904870605469,-1.8818425048828125,-0.1197100830078125,-7.022900763358779,17.129770992366414,19.984732824427482,1.0
10.120000839233398,-9.732429748535155,-0.49320554199218747,2.1308394775390624,26.53435114503817,85.8473282442748,-3.2977099236641223,-10.364498986816406,-2.0183119995117185,0.1484405029296875,-5.267175572519084,15.877862595419847,19.81679389312977,1.0
10.130000829696655,-14.288595507812499,1.0989385620117187,5.717353564453124,40.93129770992366,90.41221374045801,4.366412213740458,-10.424354028320312,-2.4133552734375,0.5243301635742187,-3.5877862595419847,15.954198473282442,19.206106870229007,1.0
10.140001058578491,-16.979678173828123,2.2768857788085937,8.01818135986328,57.49618320610687,90.30534351145039,20.15267175572519,-10.601524951171875,-1.7741034301757812,0.1388636962890625,-3.5267175572519083,12.641221374045802,17.923664122137403,1.0
10.150000810623169,-18.152836987304685,4.211400720214844,8.353369592285155,45.16030534351145,76.59541984732824,20.83969465648855,-10.230423693847655,-0.6105214233398437,-0.055066638183593745,-10.885496183206106,11.725190839694656,15.435114503816793,1.0
10.160001039505005,-17.896657409667966,3.9264907226562498,7.900865478515625,11.86259541984733,52.68702290076336,9.86259541984733,-11.85608662109375,-1.3239935180664062,0.1771709228515625,-16.38167938931298,10.259541984732824,15.908396946564885,1.0
10.170000791549683,-15.866374401855468,2.9975404785156248,6.476315490722656,-22.137404580152673,29.480916030534353,-4.091603053435114,-10.838550915527343,-0.9409212524414062,0.16041151123046873,-21.938931297709924,7.129770992366412,14.259541984732824,1.0
10.180001258850098,-12.485761657714843,1.3096283081054687,4.256890551757812,-38.47328244274809,11.83206106870229,-9.389312977099237,-11.106701501464842,-1.5251064575195312,0.2753331909179687,-23.81679389312977,4.0458015267175576,14.259541984732824,1.0
10.190001010894775,-8.458714465332031,-0.5027823486328125,1.7118541870117185,-31.328244274809162,8.229007633587786,-9.587786259541986,-8.9255837890625,0.22026655273437498,0.21787235107421873,-26.27480916030534,0.8854961832061069,11.32824427480916,1.0
10.200001001358032,-8.463502868652343,1.70467158203125,2.090138049316406,-27.16030534351145,12.198473282442748,-11.938931297709924,-9.70369932861328,-0.49799394531249996,-0.49320554199218747,-28.015267175572518,0.4732824427480916,11.893129770992367,1.0
10.21000075340271,-8.20971749267578,2.7341782958984373,1.7836802368164062,-31.114503816793892,12.045801526717558,-9.86259541984733,-9.813832604980469,-0.6296750366210937,-0.5985504150390625,-24.580152671755727,-0.2748091603053435,10.16793893129771,0.0
10.220000743865967,-7.563283044433593,1.70467158203125,1.6112977172851561,-32.48854961832061,12.82442748091603,-4.152671755725191,-10.888829150390624,-2.7844565307617186,0.26336218261718747,-12.458015267175572,-2.030534351145038,10.961832061068701,0.0
10.230000734329224,-7.395688928222656,0.9241618408203125,1.8291700683593748,-28.412213740458014,14.610687022900763,-0.6564885496183206,-9.184157568359375,-0.5051765502929687,-1.0630255371093749,5.175572519083969,-13.801526717557252,5.358778625954199,0.0
10.24000072479248,-8.030152368164062,0.9864110839843749,2.3582886352539063,-20.549618320610687,14.50381679389313,1.3282442748091603,-9.9215716796875,1.0127473022460938,-1.1611878051757811,7.969465648854962,-10.854961832061068,4.122137404580153,0.0
10.250000476837158,-8.655039001464843,1.1013327636718748,2.7269956909179687,-11.34351145038168,12.748091603053435,2.213740458015267,-9.236830004882812,1.9201497314453124,-1.6136919189453125,-1.251908396946565,-5.694656488549619,5.557251908396947,0.0
10.260001182556152,-9.141061938476563,1.2425906616210938,3.1364041748046874,-1.9389312977099236,10.106870229007633,4.458015267175573,-8.046911779785155,3.749319799804687,-2.1068974609374997,-8.763358778625955,-2.4885496183206106,9.725190839694656,0.0
10.27000117301941,-9.81862100830078,1.3144167114257812,3.1555577880859373,9.389312977099237,7.755725190839694,8.183206106870228,-9.323021264648437,2.4013842651367185,-1.235408056640625,-13.32824427480916,2.366412213740458,14.67175572519084,0.0
10.280000925064087,-9.943119494628906,1.7525556152343749,2.5330653564453125,17.801526717557252,6.534351145038168,10.274809160305344,-9.916783276367187,2.0781670410156248,-0.7230489013671875,-17.61832061068702,6.183206106870229,14.458015267175572,0.0
10.290001153945923,-9.56962403564453,2.3487118286132813,1.5370774658203123,19.66412213740458,5.114503816793893,10.870229007633588,-10.366893188476562,1.0582371337890624,0.031124621582031248,-20.99236641221374,6.290076335877862,13.511450381679388,0.0
10.3000009059906,-9.265560424804686,3.2704794677734372,0.9241618408203125,17.206106870229007,5.419847328244275,10.106870229007633,-10.70686982421875,0.1388636962890625,0.16041151123046873,-21.14503816793893,4.824427480916031,13.572519083969466,0.0
10.310001134872437,-9.246406811523437,3.6535517333984373,0.948103857421875,13.16030534351145,6.702290076335878,12.13740458015267,-10.220846887207031,0.16998831787109375,0.5219359619140624,-19.87786259541985,1.4961832061068703,12.458015267175572,0.0
10.320000886917114,-9.323021264648437,3.6343981201171873,0.8786720092773437,8.65648854961832,7.893129770992366,14.061068702290076,-10.424354028320312,-0.033518823242187495,0.49799394531249996,-17.83206106870229,-0.7480916030534351,12.13740458015267,0.0
10.330000877380371,-9.334992272949219,3.744531396484375,1.3024457031249999,2.213740458015267,8.106870229007633,15.053435114503817,-9.919177478027343,0.33758243408203126,0.3280056274414062,-16.12213740458015,-2.3053435114503817,10.82442748091603,0.0
10.340000867843628,-9.545682019042967,3.6008792968749996,1.24498486328125,-6.229007633587786,6.717557251908397,14.83969465648855,-9.605537060546874,0.49320554199218747,0.5602431884765625,-13.770992366412214,-3.7557251908396947,9.923664122137405,0.0
10.350000619888306,-9.701305126953125,2.6791116577148437,0.9959878906249999,-15.786259541984732,4.870229007633588,13.740458015267176,-9.708487731933593,0.43574470214843747,0.47884033203125,-12.732824427480915,-3.312977099236641,9.221374045801527,0.0
10.360000848770142,-9.557653027343749,1.4532804077148436,0.7541735229492187,-22.885496183206108,3.8625954198473282,10.80916030534351,-9.555258825683593,0.28490999755859375,0.35673604736328124,-11.755725190839694,-2.8244274809160306,8.641221374045802,0.0
10.370000839233398,-9.382876306152344,0.6512228515624999,0.4165910888671875,-25.31297709923664,4.076335877862595,7.572519083969466,-9.502586389160156,-0.21308394775390624,0.45968671875,-7.648854961832061,-3.984732824427481,9.34351145038168,0.0
10.380000591278076,-9.464279162597656,0.33039982910156246,0.4572925170898437,-25.786259541984734,4.687022900763359,4.687022900763359,-9.543287817382812,-0.507570751953125,0.6105214233398437,-3.3893129770992365,-3.8473282442748094,9.49618320610687,0.0
10.390000820159912,-9.445125549316407,-0.35673604736328124,0.7541735229492187,-24.35114503816794,6.0458015267175576,1.984732824427481,-9.459490759277344,-0.6488286499023437,0.6248866333007812,1.9389312977099236,-5.083969465648855,8.946564885496183,0.0
10.400001287460327,-9.306261853027344,-0.6536170532226562,0.82360537109375,-19.862595419847327,7.251908396946565,-1.3893129770992367,-9.868899243164062,-0.9337386474609375,0.6464344482421874,8.091603053435115,-6.900763358778626,9.32824427480916,0.0
10.410000801086426,-8.844180932617187,-1.6543933471679686,0.51714755859375,-9.694656488549619,8.854961832061068,-2.885496183206107,-9.945513696289062,-0.9600748657226562,0.24899697265624998,12.473282442748092,-8.67175572519084,8.687022900763358,0.0
10.420001029968262,-9.744400756835937,-0.842758984375,1.0845733520507812,9.068702290076336,16.732824427480917,-5.099236641221374,-10.050858569335936,-0.5793968017578125,0.8068459594726562,17.709923664122137,-11.099236641221374,7.129770992366412,0.0
10.43000078201294,-8.367734802246094,0.24181436767578124,0.08379705810546874,25.52671755725191,20.595419847328245,-4.824427480916031,-9.533711010742186,1.0319009155273438,-0.47884033203125,20.27480916030534,-13.770992366412214,4.442748091603053,0.0
10.440001010894775,-10.589553942871094,2.5474305664062498,1.1875240234375,23.297709923664122,23.31297709923664,-8.366412213740459,-10.66137999267578,-1.3838485595703125,1.3431471313476562,19.251908396946565,-12.610687022900763,6.137404580152672,0.0
10.450000762939453,-8.743624462890624,1.6807295654296874,0.17238251953125,20.9618320610687,17.69465648854962,-7.022900763358779,-9.94072529296875,-1.0965443603515623,-0.20350714111328125,18.35114503816794,-16.3206106870229,4.244274809160306,0.0
10.46000075340271,-10.603919152832031,1.9584569580078124,0.6081272216796875,21.129770992366414,20.732824427480917,-5.7251908396946565,-10.465055456542968,-1.4532804077148436,1.1348515869140625,41.81679389312977,-30.27480916030534,1.6793893129770991,0.0
10.470000743865967,-9.847351428222655,2.8730419921875,0.4285620971679687,19.69465648854962,21.282442748091604,-7.633587786259542,-9.694122521972655,-0.17956512451171874,-0.6272808349609375,46.10687022900763,-28.80916030534351,-1.8625954198473282,0.0
10.480000734329224,-10.778695874023438,4.129997863769531,1.5658078857421873,8.16793893129771,22.580152671755727,-9.877862595419847,-8.640673791503906,2.3678654418945313,-0.9911994873046874,37.57251908396947,-25.709923664122137,-2.030534351145038,0.0
10.49000072479248,-11.247959399414063,4.675875842285156,2.1308394775390624,-5.969465648854962,17.221374045801525,-9.358778625954198,-8.202534887695313,3.3973721557617185,-1.5322890624999999,10.351145038167939,-18.076335877862597,0.2900763358778626,0.0
10.500000715255737,-8.530540515136718,0.7326257080078125,0.9217676391601562,-3.7404580152671754,15.374045801526718,-3.9083969465648853,-10.376469995117187,0.5147533569335937,0.316034619140625,7.145038167938932,-12.916030534351146,5.419847328244275,0.0
10.510001420974731,-9.239224206542968,-0.12689268798828124,1.8555062866210936,7.755725190839694,20.18320610687023,-5.343511450381679,-8.896853369140624,0.8379705810546875,-0.5219359619140624,4.824427480916031,-12.67175572519084,1.465648854961832,0.0
10.52000093460083,-8.904035974121093,0.05027823486328125,1.8363526733398436,18.076335877862597,19.51145038167939,-5.801526717557252,-8.973467822265624,-0.07422025146484375,1.0630255371093749,5.114503816793893,-15.587786259541986,0.22900763358778625,0.0
10.530001163482666,-10.455478649902343,1.4604630126953124,3.105279553222656,17.87786259541985,18.427480916030536,-9.770992366412214,-10.63025537109375,-1.7334020019531249,1.1851298217773436,12.67175572519084,-20.946564885496183,0.7633587786259542,0.0
10.540000915527344,-11.504138977050781,2.5354595581054684,3.3446997192382812,11.450381679389313,9.16030534351145,-11.022900763358779,-10.43153663330078,-1.3263877197265623,0.03591302490234375,31.374045801526716,-23.236641221374047,-0.6259541984732825,0.0
10.55000114440918,-10.453084448242187,1.4867992309570313,3.5242648437499997,17.221374045801525,6.931297709923665,-9.49618320610687,-9.004592443847656,-0.5961562133789062,-0.3591302490234375,37.38931297709924,-26.610687022900763,-2.1374045801526718,0.0
10.560001134872437,-9.87608184814453,1.3263877197265623,2.8562825805664063,12.473282442748092,-1.9694656488549618,-9.358778625954198,-8.200140686035155,1.6711527587890624,0.047884033203124995,34.42748091603053,-27.053435114503817,-4.0,0.0
10.570000886917114,-9.514557397460937,1.254561669921875,2.300827795410156,21.236641221374047,-2.7480916030534353,-7.022900763358779,-8.40843623046875,2.3343466186523436,-1.8195932617187498,26.442748091603054,-21.61832061068702,-3.0229007633587788,0.0
10.580000877380371,-9.962273107910155,2.032677209472656,2.0638018310546875,22.519083969465647,-4.6106870229007635,-6.977099236641221,-8.875305554199219,1.465251416015625,0.4165910888671875,7.099236641221374,-10.183206106870228,1.3435114503816794,0.0
10.590000867843628,-9.835380419921874,2.039859814453125,1.66636435546875,21.16030534351145,-6.595419847328245,-5.679389312977099,-9.476250170898437,0.05985504150390625,-0.8403647827148437,10.748091603053435,-11.786259541984732,2.595419847328244,0.0
10.600000619888306,-9.804255798339844,2.2457611572265623,1.3646949462890625,21.66412213740458,-7.893129770992366,-3.7404580152671754,-9.13627353515625,0.2609679809570312,0.5315127685546874,7.419847328244275,-9.770992366412214,2.030534351145038,0.0
10.610011339187622,-9.3086560546875,1.9991583862304687,1.4628572143554686,21.72519083969466,-7.4961832061068705,-1.2366412213740459,-9.124302526855468,-0.6296750366210937,0.51714755859375,10.259541984732824,-11.312977099236642,1.0229007633587786,0.0
10.620000839233398,-9.215282189941405,2.0063409912109376,1.3239935180664062,23.114503816793892,-7.00763358778626,-0.04580152671755725,-9.423577734375,-0.1771709228515625,0.6057330200195312,13.725190839694656,-11.251908396946565,-0.07633587786259542,0.0
10.630000829696655,-9.390058911132812,1.915361328125,1.4149731811523436,23.022900763358777,-7.129770992366412,0.7786259541984732,-9.483432775878907,-0.5602431884765625,1.0223241088867188,16.68702290076336,-11.526717557251908,0.2900763358778626,0.0
10.640001058578491,-9.509768994140625,1.7477672119140624,1.4030021728515625,22.916030534351144,-7.282442748091603,1.3435114503816794,-9.253589416503905,-0.2059013427734375,0.7829039428710937,21.34351145038168,-12.198473282442748,-0.42748091603053434,0.0
10.65000057220459,-9.469067565917967,1.5418658691406248,1.0845733520507812,20.83969465648855,-7.755725190839694,1.4198473282442747,-10.146626635742187,-1.8746598999023436,1.5921441040039062,27.419847328244273,-12.412213740458014,0.7022900763358778,0.0
10.660001039505005,-9.220070593261719,1.3120225097656248,1.0510545288085937,20.885496183206108,-7.099236641221374,0.916030534351145,-9.363722692871093,-1.0702081420898437,0.9744400756835937,34.091603053435115,-18.259541984732824,-2.4580152671755724,0.0
10.670000791549683,-9.299079248046874,1.139639990234375,1.2904746948242187,20.229007633587788,-6.0,-0.21374045801526717,-9.234435803222656,-0.8164227661132812,1.4796166259765624,29.31297709923664,-18.763358778625953,-2.5801526717557253,0.0
10.680001020431519,-9.555258825683593,1.0486603271484374,1.6352397338867186,19.068702290076335,-6.473282442748092,-3.236641221374046,-10.81460889892578,-0.8667010009765624,0.47644613037109373,39.64885496183206,-20.717557251908396,-2.7786259541984735,0.0
10.690000772476196,-9.89523546142578,0.9864110839843749,1.695094775390625,21.129770992366414,-7.145038167938932,-4.900763358778626,-9.414000927734374,1.5945383056640625,-0.016759411621093748,49.55725190839695,-20.564885496183205,-5.8320610687022905,0.0
10.700001001358032,-9.93354268798828,1.1635820068359375,2.013523596191406,23.46564885496183,-6.656488549618321,-5.6183206106870225,-8.262389929199218,3.5003228271484375,-0.2705447875976562,34.0,-18.076335877862597,-7.038167938931298,0.0
10.71000075340271,-9.773131176757811,1.5825672973632812,1.637633935546875,24.198473282442748,-7.450381679389313,-6.015267175572519,-10.527304699707031,1.3359645263671873,0.4740519287109375,18.076335877862597,-11.389312977099237,-2.2595419847328246,0.0
10.720000743865967,-9.550470422363281,1.3096283081054687,1.1180921752929687,24.9618320610687,-7.847328244274809,-7.801526717557252,-9.418789331054686,2.3056161987304686,-0.055066638183593745,16.870229007633586,-12.366412213740459,-3.66412213740458,0.0
10.730000734329224,-8.353369592285155,-0.51714755859375,0.05746083984375,34.76335877862596,-4.870229007633588,-6.748091603053435,-10.967837805175781,-0.6464344482421874,0.7661445312499999,11.145038167938932,-9.511450381679388,-1.2061068702290076,0.0
10.74000072479248,-7.4028715332031245,-0.507570751953125,-0.1771709228515625,43.908396946564885,-1.8015267175572518,-7.969465648854962,-9.813832604980469,0.28012159423828126,0.852335791015625,11.801526717557252,-11.541984732824428,-4.137404580152672,0.0
10.750000715255737,-9.574412438964844,2.1643583007812497,1.3646949462890625,48.48854961832061,6.778625954198473,-11.129770992366412,-9.840168823242188,0.2920926025390625,0.6943184814453125,10.977099236641221,-13.099236641221374,-4.549618320610687,0.0
10.760000944137573,-9.983820922851562,3.380612744140625,1.1372457885742187,42.458015267175576,4.061068702290076,-11.98473282442748,-10.041281762695311,0.4429273071289062,0.5051765502929687,11.587786259541986,-13.251908396946565,-5.297709923664122,0.0
10.77000117301941,-8.772354882812499,2.5809493896484375,1.0821791503906248,32.82442748091603,-0.42748091603053434,-10.061068702290076,-9.909600671386718,0.5482721801757812,0.5003881469726562,11.34351145038168,-13.206106870229007,-5.740458015267175,0.0
10.780000925064087,-8.932766394042968,2.104503259277344,1.3479355346679687,24.580152671755727,-0.732824427480916,-9.099236641221374,-9.770736975097655,0.6584054565429687,0.44532150878906246,10.13740458015267,-12.290076335877863,-6.885496183206107,0.0
10.790000915527344,-10.096348400878906,3.347093920898437,2.04943662109375,10.259541984732824,-6.442748091603053,-11.358778625954198,-9.758765966796874,0.5243301635742187,0.35194764404296874,9.022900763358779,-12.198473282442748,-7.648854961832061,0.0
10.8000009059906,-9.696516723632811,1.448492004394531,1.9105729248046874,6.213740458015267,-9.053435114503817,-9.923664122137405,-9.852139831542969,0.062249243164062495,0.51714755859375,10.274809160305344,-12.412213740458014,-8.305343511450381,0.0
10.810001134872437,-9.481038574218749,0.5315127685546874,2.1499930908203124,11.450381679389313,-8.732824427480915,-9.893129770992367,-9.770736975097655,0.6607996582031249,0.2657563842773437,12.351145038167939,-13.114503816793894,-9.893129770992367,0.0
10.820000648498535,-9.311050256347656,0.5315127685546874,2.157175695800781,16.38167938931298,-8.702290076335878,-10.335877862595419,-8.678981018066406,1.209071838378906,-0.2059013427734375,12.793893129770993,-14.366412213740459,-10.900763358778626,0.0
10.830000877380371,-9.239224206542968,1.0103531005859374,1.8531120849609375,19.96946564885496,-9.374045801526718,-11.572519083969466,-9.244012609863281,0.32561142578124996,0.19871873779296872,10.900763358778626,-10.595419847328245,-9.450381679389313,0.0
10.840001106262207,-9.160215551757812,1.3742717529296875,1.8339584716796873,21.938931297709924,-9.893129770992367,-13.19083969465649,-8.769960681152343,0.4836287353515625,0.11252747802734374,11.557251908396946,-9.114503816793894,-9.419847328244275,0.0
10.850000858306885,-9.198522778320312,1.1133037719726562,1.7190367919921874,23.633587786259543,-10.473282442748092,-12.51908396946565,-9.014169250488282,-0.09337386474609374,0.1197100830078125,12.65648854961832,-8.320610687022901,-8.83969465648855,0.0
10.86000108718872,-7.505822204589843,-1.01514150390625,0.5793968017578125,37.17557251908397,-7.694656488549619,-9.725190839694656,-8.858546142578124,-0.45010991210937495,0.45010991210937495,15.770992366412214,-9.007633587786259,-9.129770992366412,0.0
10.870000839233398,-7.8553756469726554,0.5770026000976562,0.7278373046875,43.14503816793893,-5.206106870229007,-12.473282442748092,-10.342951171874999,-1.618480322265625,0.4908113403320312,28.564885496183205,-13.038167938931299,-9.19083969465649,0.0
10.880001068115234,-8.94473740234375,2.47081611328125,1.3958195678710936,32.412213740458014,-8.65648854961832,-14.229007633587786,-9.509768994140625,-1.0031704956054688,0.55545478515625,31.587786259541986,-13.618320610687023,-11.572519083969466,0.0
10.890000820159912,-10.103531005859374,3.9887399658203124,2.3726538452148436,23.14503816793893,-7.648854961832061,-11.770992366412214,-9.483432775878907,-0.9145850341796874,1.0869675537109373,30.900763358778626,-13.389312977099237,-11.725190839694656,0.0
10.900001049041748,-9.313444458007812,3.488351818847656,2.379836450195312,14.320610687022901,-11.572519083969466,-7.557251908396947,-7.893682873535155,1.0893617553710937,0.21068974609375,24.595419847328245,-13.48091603053435,-13.526717557251908,0.0
10.910000801086426,-8.693346228027343,2.8945898071289062,1.668758557128906,14.702290076335878,-12.122137404580153,-4.0,-8.13310303955078,1.5705962890624998,-0.2753331909179687,19.374045801526716,-16.15267175572519,-12.83969465648855,0.0
10.92000126838684,-8.84178673095703,2.3678654418945313,2.0733786376953125,11.938931297709924,-12.305343511450381,-4.396946564885496,-8.690952026367187,0.7278373046875,0.3854664672851562,6.091603053435114,-8.534351145038167,-11.816793893129772,0.0
10.93000054359436,-8.825027319335938,2.212242333984375,2.5905261962890624,10.717557251908397,-13.801526717557252,-2.854961832061069,-8.480262280273436,0.8882488159179687,0.565031591796875,3.0229007633587788,-10.122137404580153,-12.396946564885496,0.0
10.940001249313354,-8.63827958984375,1.8267758666992187,2.896984008789062,10.931297709923664,-14.763358778625955,-0.3511450381679389,-8.52335791015625,0.5051765502929687,0.5315127685546874,-1.618320610687023,-8.717557251908397,-13.48091603053435,0.0
10.950001001358032,-8.494627490234375,1.5921441040039062,3.1004911499023438,10.80916030534351,-15.34351145038168,-0.4122137404580153,-8.513781103515624,0.29927520751953124,0.41898529052734373,-3.801526717557252,-8.030534351145038,-14.213740458015268,0.0
10.96000075340271,-8.56166513671875,1.93451494140625,3.0933085449218747,11.816793893129772,-16.519083969465647,0.3816793893129771,-8.233659509277343,0.5458779785156249,0.15083470458984374,-5.847328244274809,-7.969465648854962,-15.068702290076336,0.0
10.970000505447388,-8.595183959960938,2.0877438476562498,3.1555577880859373,9.34351145038168,-18.53435114503817,1.4351145038167938,-8.329427575683594,0.41419688720703124,0.08140285644531249,-7.206106870229007,-6.885496183206107,-15.251908396946565,0.0
10.980000734329224,-8.664615808105468,2.2601263671875,3.1172505615234374,9.267175572519085,-20.396946564885496,1.9083969465648856,-8.530540515136718,0.062249243164062495,0.1292868896484375,-7.511450381679389,-5.557251908396947,-15.648854961832061,0.0
10.99000072479248,-8.892064965820312,1.7525556152343749,3.411737365722656,8.0,-22.03053435114504,2.030534351145038,-8.568847741699217,-0.033518823242187495,0.10295067138671875,-6.67175572519084,-5.099236641221374,-15.938931297709924,0.0
11.000000715255737,-8.834604125976561,1.2569558715820313,2.85388837890625,9.099236641221374,-23.129770992366414,1.9694656488549618,-8.51617530517578,0.11731588134765625,0.12449848632812499,-6.687022900763359,-4.8396946564885495,-16.625954198473284,0.0
11.010001182556152,-8.808267907714843,1.7621324218749999,2.104503259277344,6.793893129770993,-23.114503816793892,0.366412213740458,-8.94473740234375,0.13168109130859373,0.11013327636718749,-5.7251908396946565,-3.1908396946564888,-16.793893129770993,0.0
11.02000093460083,-8.55448253173828,2.2170307373046874,1.7429788085937499,3.5114503816793894,-23.389312977099237,-1.6030534351145038,-8.853757739257812,0.488417138671875,0.0430956298828125,-5.786259541984733,-1.7251908396946565,-17.053435114503817,0.0
11.030001163482666,-8.853757739257812,2.1978771240234374,1.6519991455078125,0.12213740458015267,-21.541984732824428,-0.9465648854961832,-8.959102612304687,0.7398083129882812,0.05985504150390625,-6.641221374045801,-0.10687022900763359,-16.12213740458015,0.0
11.040000915527344,-8.616731774902343,2.2385785522460937,0.9792284790039062,-4.641221374045801,-20.229007633587788,-0.04580152671755725,-8.726865051269531,0.9576806640625,0.09816226806640624,-9.312977099236642,1.1145038167938932,-15.938931297709924,0.0
11.05000114440918,-8.786720092773438,2.2960393920898436,0.679953271484375,-8.396946564885496,-18.12213740458015,0.9007633587786259,-9.260772021484375,0.1149216796875,0.45010991210937495,-11.786259541984732,3.0381679389312977,-15.053435114503817,0.0
11.060000896453857,-9.289502441406249,2.5905261962890624,1.1133037719726562,-11.740458015267176,-14.977099236641221,0.7480916030534351,-9.026140258789061,0.4477157104492187,0.3495534423828125,-13.740458015267176,2.183206106870229,-15.389312977099237,0.0
11.070000648498535,-9.469067565917967,2.482787121582031,1.6352397338867186,-14.198473282442748,-13.083969465648854,2.687022900763359,-9.306261853027344,0.49799394531249996,0.229843359375,-19.34351145038168,3.480916030534351,-15.511450381679388,0.0
11.080000638961792,-9.636661682128906,2.214636535644531,1.3383587280273437,-16.30534351145038,-11.007633587786259,3.8931297709923665,-10.43871923828125,-0.8954314208984374,1.2234370483398436,-28.061068702290076,10.595419847328245,-14.335877862595419,0.0
11.090000629425049,-9.514557397460937,2.128445275878906,1.5418658691406248,-22.748091603053435,-10.01526717557252,1.9541984732824427,-10.184933862304687,-1.005564697265625,1.5298948608398437,-28.15267175572519,9.114503816793894,-14.091603053435115,0.0
11.100000858306885,-9.624690673828125,2.7916391357421872,1.936909143066406,-29.69465648854962,-9.374045801526718,0.15267175572519084,-9.842563024902343,0.5961562133789062,0.39983167724609375,-24.27480916030534,3.0839694656488548,-15.679389312977099,0.0
11.110000610351562,-11.087547888183593,4.285620971679688,2.3367408203125,-48.54961832061068,-14.198473282442748,-2.33587786259542,-10.371681591796875,-0.19871873779296872,1.0342951171875,-29.053435114503817,3.786259541984733,-13.877862595419847,0.0
11.12000060081482,-9.370905297851563,1.0749965454101562,1.6328455322265625,-44.534351145038165,-8.870229007633588,-0.7175572519083969,-10.740388647460938,-0.373495458984375,0.7038952880859375,-30.198473282442748,5.297709923664122,-12.50381679389313,0.0
11.130000829696655,-10.319009155273436,2.9975404785156248,3.411737365722656,-45.41984732824427,-5.251908396946565,-4.9465648854961835,-10.350133776855468,0.48123453369140623,0.21068974609375,-32.961832061068705,8.854961832061068,-13.007633587786259,0.0
11.140000581741333,-11.01332763671875,4.108450048828125,3.9049429077148434,-51.81679389312977,-7.603053435114504,-4.2748091603053435,-8.774749084472656,1.407790576171875,-0.0718260498046875,-45.38931297709924,8.732824427480915,-10.885496183206106,0.0
11.15000057220459,-10.943895788574219,4.2329485351562495,4.6447512207031245,-55.099236641221374,-9.038167938931299,-1.984732824427481,-8.520963708496094,2.1930887207031247,0.26815058593749996,-57.770992366412216,19.17557251908397,-9.145038167938932,0.0
11.160000801086426,-11.188104357910156,4.4005426513671875,5.580884069824219,-69.64885496183206,-20.48854961832061,-1.2213740458015268,-9.868899243164062,-0.6296750366210937,0.2705447875976562,-61.343511450381676,22.18320610687023,-4.198473282442748,0.0
11.170000553131104,-11.750741748046874,2.231395947265625,7.395688928222656,-64.3969465648855,-28.595419847328245,4.2748091603053435,-11.161768139648437,-1.218648645019531,1.6543933471679686,-50.778625954198475,18.38167938931298,-4.137404580152672,0.0
11.18000078201294,-11.116278308105468,-0.2657563842773437,8.858546142578124,-41.80152671755725,-33.908396946564885,13.49618320610687,-9.80665,0.6847416748046875,2.4971523315429685,-42.51908396946565,11.938931297709924,-7.099236641221374,0.0
11.190000534057617,-9.591171850585937,-1.7836802368164062,8.726865051269531,-18.35114503816794,-42.916030534351144,15.083969465648854,-10.51533369140625,2.310404602050781,2.360682836914062,-53.41984732824427,11.893129770992367,-6.763358778625954,0.0
11.200001001358032,-9.282319836425781,-2.1883003173828124,8.82263311767578,3.0229007633587788,-51.587786259541986,12.641221374045802,-11.087547888183593,1.9919757812499999,4.46279189453125,-66.59541984732824,11.877862595419847,-6.824427480916031,0.0
11.21000075340271,-12.294225524902343,1.898601916503906,11.020510241699219,7.114503816793893,-69.0381679389313,3.572519083969466,-15.612589025878906,-2.5570073730468748,4.484339709472656,-61.51145038167939,9.84732824427481,-9.19083969465649,0.0
11.220000505447388,-13.606248034667967,4.13718046875,10.184933862304687,-5.679389312977099,-98.80916030534351,-0.21374045801526717,-18.313248498535156,-4.697423657226563,2.923320227050781,-38.25954198473283,-1.2671755725190839,-17.908396946564885,0.0
11.230000495910645,-13.558364001464843,3.5410242553710933,7.615955480957031,-18.396946564885496,-125.26717557251908,1.7557251908396947,-18.15044278564453,-4.173093493652344,1.2617442749023438,-16.015267175572518,-9.786259541984732,-25.84732824427481,0.0
11.240000486373901,-13.053187451171874,2.205059729003906,4.747701892089843,-32.16793893129771,-146.87022900763358,-0.48854961832061067,-14.69082138671875,-0.239420166015625,-2.1787235107421874,-11.648854961832061,-17.00763358778626,-27.114503816793892,0.0
11.250000476837158,-14.980519787597656,2.6096798095703124,3.4452561889648434,-38.2442748091603,-163.46564885496184,-3.8625954198473282,-11.461043347167967,1.7022773803710936,-3.754108203125,-11.679389312977099,-13.236641221374045,-17.72519083969466,0.0
11.260000944137573,-15.282189196777344,2.185906115722656,1.0031704956054688,-38.12213740458015,-172.1679389312977,-0.0,-8.640673791503906,3.883395092773437,-3.5506010620117183,-15.038167938931299,-3.5572519083969465,-7.694656488549619,0.0
11.27000117301941,-14.889540124511718,1.2976572998046874,-1.5442600708007812,-33.52671755725191,-168.68702290076337,8.67175572519084,-8.032546569824218,1.0127473022460938,-3.5218706420898434,-19.984732824427482,6.900763358778626,1.1908396946564885,0.0
11.280000686645508,-12.090718383789062,-0.181959326171875,-3.5960908935546874,-24.916030534351144,-153.6030534351145,18.27480916030534,-8.147468249511718,-2.901772412109375,-2.4660277099609376,-14.061068702290076,13.633587786259541,4.412213740458015,0.0
11.290000915527344,-9.471461767578125,-2.1691467041015624,-3.8474820678710935,-11.48091603053435,-132.7175572519084,24.213740458015266,-8.695740429687499,-5.568913061523437,-2.645592834472656,5.297709923664122,16.580152671755727,5.267175572519084,0.0
11.300000667572021,-8.532934716796875,-3.0454245117187497,-3.6679169433593746,2.1068702290076335,-109.48091603053435,27.068702290076335,-9.220070593261719,-4.996698864746094,-2.212242333984375,31.19083969465649,20.35114503816794,5.862595419847328,0.0
11.310001134872437,-7.9846625366210935,-3.83072265625,-4.096479040527344,22.80916030534351,-84.67175572519083,27.64885496183206,-10.151415039062499,-4.5968671875,-3.385401147460937,50.33587786259542,24.458015267175572,7.786259541984733,0.0
11.320000648498535,-7.3549875,-3.4931402221679684,-3.73495458984375,52.25954198473283,-54.68702290076336,30.442748091603054,-9.6151138671875,-2.844311572265625,-2.6503812377929687,61.603053435114504,28.16793893129771,9.007633587786259,0.0
11.330000638961792,-8.0828248046875,-1.5538368774414062,-3.181894006347656,65.7557251908397,-29.893129770992367,29.389312977099237,-9.713276135253906,-1.898601916503906,-2.0446482177734375,64.7175572519084,30.977099236641223,10.198473282442748,0.0
11.340000629425049,-7.232883215332031,-0.9624690673828125,-2.863465185546875,68.99236641221374,-8.213740458015268,27.801526717557252,-8.537723120117187,1.0702081420898437,-1.3910311645507811,55.267175572519086,32.54961832061068,9.740458015267176,0.0
11.350000619888306,-6.6702458251953125,0.9217676391601562,-2.4301146850585935,67.66412213740458,14.65648854961832,23.72519083969466,-8.82981572265625,1.9632453613281249,0.4477157104492187,32.42748091603053,37.98473282442748,13.145038167938932,0.0
11.360000610351562,-7.323862878417969,4.278438366699218,-1.7741034301757812,24.885496183206108,15.541984732824428,14.870229007633588,-9.258377819824219,3.220201232910156,0.47644613037109373,5.877862595419847,42.93129770992366,16.15267175572519,0.0
11.37000060081482,-6.402095239257812,3.2632968627929686,-1.7118541870117185,-8.51908396946565,21.893129770992367,14.80916030534351,-11.812990991210937,-0.2825157958984375,2.2170307373046874,-12.427480916030534,43.17557251908397,21.358778625954198,0.0
11.380000591278076,-5.655104321289063,2.636016027832031,-1.2473790649414063,-36.30534351145038,29.603053435114504,12.534351145038167,-12.344503759765624,-4.441244079589843,3.4811692138671875,-10.15267175572519,33.343511450381676,19.893129770992367,0.0
11.390000581741333,-3.835511059570312,0.8571241943359375,-1.16837041015625,-57.41984732824427,36.36641221374046,9.297709923664122,-10.242394702148436,-2.051830822753906,2.5617957763671875,-6.259541984732825,20.3206106870229,11.083969465648854,0.0
11.400001049041748,-3.347093920898437,-0.3184288208007812,-0.7637503295898437,-64.1526717557252,48.70229007633588,4.106870229007634,-11.133037719726563,-2.9185318237304685,1.675941162109375,-8.442748091603054,15.297709923664122,9.267175572519085,0.0
11.410000801086426,-3.5386300537109374,-0.21787235107421873,0.63206923828125,-72.68702290076335,59.404580152671755,-1.7404580152671756,-9.090783703613281,-0.5698199951171875,1.6400281372070311,-14.854961832061068,11.236641221374045,6.534351145038168,0.0
11.420000791549683,-3.6487633300781246,-2.2481553588867187,2.001552587890625,-67.58778625954199,71.74045801526718,-0.9618320610687023,-9.33978067626953,-0.5267243652343749,0.4429273071289062,-20.53435114503817,9.679389312977099,6.1679389312977095,0.0
11.43000054359436,-4.848258361816406,-2.5354595581054684,3.404554760742187,-64.83969465648855,81.54198473282443,-4.091603053435114,-9.459490759277344,-1.4413093994140624,0.6631938598632812,-24.595419847328245,7.923664122137405,4.687022900763359,0.0
11.440001010894775,-6.459556079101562,-2.602497204589844,4.809951135253906,-70.22900763358778,88.33587786259542,-10.961832061068701,-9.528922607421874,-2.427720483398437,0.46208092041015625,-23.450381679389313,5.938931297709924,2.9618320610687023,0.0
11.450000524520874,-7.206546997070312,-3.0813375366210938,4.9416322265625,-71.77099236641222,89.74045801526718,-17.72519083969466,-9.689334118652344,-2.913743420410156,0.32561142578124996,-19.480916030534353,3.2977099236641223,2.1068702290076335,0.0
11.46000051498413,-7.958326318359375,-2.8012159423828122,6.004657763671875,-56.961832061068705,91.63358778625954,-20.3206106870229,-10.043675964355469,-3.189076611328125,-0.15562310791015624,-12.106870229007633,0.07633587786259542,2.6412213740458017,0.0
11.470000505447388,-8.042123376464843,-1.8028338500976562,7.127538342285156,-20.47328244274809,96.80916030534351,-15.17557251908397,-10.029310754394531,-3.1004911499023438,0.20829554443359374,-6.030534351145038,-1.1603053435114503,3.7709923664122136,0.0
11.480000972747803,-8.935160595703124,-0.8212111694335937,7.261613635253906,11.251908396946565,100.83969465648855,-11.022900763358779,-10.522516296386717,-2.932897033691406,0.0383072265625,-0.6564885496183206,-1.3282442748091603,4.122137404580153,0.0
11.49000072479248,-10.27830772705078,-0.11013327636718749,7.417236743164062,34.213740458015266,101.17557251908397,-7.129770992366412,-10.43871923828125,-1.8650830932617186,0.21068974609375,1.7251908396946565,-1.5877862595419847,3.8931297709923665,0.0
11.500000476837158,-11.664550488281249,1.956062756347656,6.947973217773437,49.31297709923664,97.06870229007633,-1.099236641221374,-10.66137999267578,-1.5777788940429687,0.08140285644531249,0.15267175572519084,-1.1603053435114503,3.633587786259542,0.0
11.510000705718994,-12.48097325439453,2.7748797241210936,6.3901242309570305,50.56488549618321,89.80152671755725,4.687022900763359,-9.888052856445311,-0.2346317626953125,0.0047884033203125,-6.854961832061068,-0.5190839694656488,1.5572519083969465,0.0
11.520000696182251,-13.019668627929686,3.6248213134765623,6.421248852539062,38.717557251908396,79.90839694656489,8.534351145038167,-9.847351428222655,-0.8020575561523438,-0.2442085693359375,-16.061068702290076,2.122137404580153,2.045801526717557,0.0
11.530001401901245,-12.248735693359373,3.768473413085937,4.790797521972656,20.076335877862597,67.64885496183206,11.297709923664122,-9.536105212402344,-0.8475473876953125,-0.7852981445312499,-21.81679389312977,3.236641221374046,2.33587786259542,0.0
11.540000677108765,-13.098677282714842,4.594472985839843,3.6439749267578123,4.977099236641221,58.274809160305345,15.801526717557252,-10.352527978515624,-2.422932080078125,-0.5746083984375,-27.374045801526716,7.297709923664122,4.6106870229007635,0.0
11.550001382827759,-13.769053747558592,3.038241906738281,4.96078583984375,3.49618320610687,54.213740458015266,23.206106870229007,-10.608707556152343,-2.85388837890625,-0.2561795776367187,-26.717557251908396,7.068702290076335,5.3893129770992365,0.0
11.5600004196167,-16.316484313964843,2.655169641113281,7.582436657714843,5.022900763358779,50.82442748091603,24.885496183206108,-9.682151513671874,-2.0063409912109376,0.02154781494140625,-20.564885496183205,5.0534351145038165,3.4656488549618323,0.0
11.570000648498535,-15.875951208496092,3.5769372802734374,7.618349682617187,-10.366412213740459,31.236641221374047,21.96946564885496,-9.938331091308592,-2.6503812377929687,0.3711012573242187,-23.236641221374047,12.916030534351146,4.122137404580153,0.0
11.580000638961792,-14.216769458007812,0.7326257080078125,7.8338278320312495,-23.450381679389313,19.908396946564885,16.213740458015266,-9.622296472167967,-1.0678139404296874,-0.06703764648437499,-10.610687022900763,8.854961832061068,3.969465648854962,0.0
11.590000629425049,-11.3006318359375,-3.6200329101562496,5.820304235839844,-29.786259541984734,6.824427480916031,7.297709923664122,-10.426748229980468,-2.003946789550781,0.35673604736328124,-4.519083969465649,11.725190839694656,6.076335877862595,0.0
11.600000619888306,-8.820238916015624,-2.9927520751953125,3.1579519897460937,-15.969465648854962,6.198473282442748,-1.4045801526717556,-9.421183532714844,-0.7685387329101562,-0.33518823242187495,7.206106870229007,9.267175572519085,6.244274809160306,0.0
11.610000610351562,-8.295908752441406,-0.488417138671875,1.2904746948242187,-12.366412213740459,7.8320610687022905,-7.603053435114504,-9.205705383300781,-0.0383072265625,-0.9552864624023437,11.557251908396946,8.15267175572519,8.900763358778626,0.0
11.62000060081482,-7.319074475097656,1.4628572143554686,0.5027823486328125,-11.541984732824428,12.320610687022901,-6.33587786259542,-8.74601866455078,1.2401964599609374,-1.180341418457031,11.022900763358779,8.732824427480915,11.419847328244275,0.0
11.630000829696655,-7.364564306640625,1.4006079711914061,-0.5291185668945312,-12.687022900763358,15.358778625954198,-2.0916030534351147,-10.433930834960936,-0.411802685546875,-0.49320554199218747,14.992366412213741,9.083969465648854,16.366412213740457,0.0
11.640001058578491,-7.692569934082031,0.7948749511718749,-0.48123453369140623,-0.8854961832061069,24.16793893129771,1.9083969465648856,-9.351751684570312,1.1563994018554686,-0.5458779785156249,15.755725190839694,8.183206106870228,14.320610687022901,0.0
11.65000057220459,-8.214505895996094,1.24498486328125,0.22505495605468748,8.16793893129771,33.16030534351145,2.7022900763358777,-9.773131176757811,1.0606313354492187,-0.6368576416015624,11.908396946564885,6.244274809160306,15.282442748091603,0.0
11.660000801086426,-9.248801013183593,2.882618798828125,0.7254431030273437,10.473282442748092,35.19083969465649,3.6946564885496183,-9.943119494628906,0.9935936889648437,-0.8810662109374999,7.4961832061068705,5.770992366412214,15.877862595419847,0.0
11.670000553131104,-9.935936889648437,3.0789433349609374,1.2832920898437499,2.8244274809160306,32.62595419847328,5.801526717557252,-9.804255798339844,1.2042834350585936,-1.0223241088867188,0.5190839694656488,4.809160305343512,16.33587786259542,0.0
11.68000078201294,-8.920795385742187,1.9776105712890624,1.0797849487304687,-2.122137404580153,26.48854961832061,8.534351145038167,-9.773131176757811,0.8882488159179687,-1.2378022583007813,-5.847328244274809,5.083969465648855,15.877862595419847,0.0
11.690000534057617,-10.73799444580078,2.93050283203125,2.7820623291015623,-6.519083969465649,25.114503816793892,6.015267175572519,-9.749189160156249,0.48123453369140623,-1.3168109130859373,-9.694656488549619,5.465648854961832,15.816793893129772,0.0
11.700001001358032,-10.115502014160155,1.3479355346679687,2.2194249389648437,-17.557251908396946,12.595419847328245,7.129770992366412,-9.789890588378906,0.1771709228515625,-1.2521674682617188,-11.282442748091603,5.679389312977099,14.458015267175572,0.0
11.71000051498413,-9.330203869628905,-0.17477672119140625,2.104503259277344,-2.0916030534351147,14.610687022900763,8.229007633587786,-9.476250170898437,-0.36152445068359373,-0.8978256225585937,-11.068702290076336,6.473282442748092,12.992366412213741,0.0
11.720000505447388,-9.89523546142578,0.5458779785156249,2.760514514160156,7.786259541984733,14.183206106870228,7.694656488549619,-9.380482104492186,-0.5267243652343749,-1.0462661254882812,-7.648854961832061,5.862595419847328,12.061068702290076,0.0
11.730000495910645,-10.302249743652343,1.6400281372070311,2.5809493896484375,14.030534351145038,11.633587786259541,9.34351145038168,-9.153032946777342,-0.24660277099609373,-1.2018892333984375,-1.633587786259542,6.549618320610687,11.648854961832061,0.0
11.740000486373901,-10.187328063964843,1.5777788940429687,2.446874096679687,14.83969465648855,9.450381679389313,10.885496183206106,-9.215282189941405,0.1484405029296875,-1.0342951171875,2.9770992366412212,7.450381679389313,11.740458015267176,0.0
11.750000476837158,-9.564835632324218,1.2521674682617188,2.422932080078125,13.725190839694656,6.595419847328245,9.49618320610687,-9.2320416015625,0.11731588134765625,-0.9193734375,6.198473282442748,8.412213740458014,11.86259541984733,0.0
11.760000467300415,-9.583989245605467,0.8595183959960937,1.668758557128906,12.396946564885496,4.442748091603053,7.038167938931298,-9.641450085449218,-0.011971008300781249,-0.9121908325195311,8.442748091603054,9.19083969465649,12.427480916030534,0.0
11.77000117301941,-9.581595043945311,1.1013327636718748,1.0821791503906248,10.442748091603054,3.1297709923664123,4.137404580152672,-9.969455712890625,0.06943184814453125,-0.7637503295898437,9.923664122137405,8.65648854961832,11.86259541984733,0.0
11.780000686645508,-9.289502441406249,1.5203180541992187,0.8451531860351562,10.16793893129771,3.1297709923664123,2.366412213740458,-10.407594616699217,-0.0526724365234375,-0.03591302490234375,10.091603053435115,7.66412213740458,10.65648854961832,0.0
11.790000677108765,-9.131485131835937,1.7884686401367187,0.4429273071289062,11.374045801526718,3.786259541984733,2.3969465648854964,-10.560823522949217,-0.05027823486328125,0.2657563842773437,8.488549618320612,6.183206106870229,9.312977099236642,0.0
11.800000667572021,-9.514557397460937,2.2002713256835937,0.2059013427734375,10.13740458015267,5.190839694656488,2.427480916030534,-10.690110412597656,-0.04548983154296875,0.6512228515624999,6.854961832061068,3.969465648854962,8.50381679389313,0.0
11.810000896453857,-9.485826977539062,2.7246014892578123,0.22744915771484372,6.717557251908397,6.763358778625954,2.4885496183206106,-10.790666882324219,-0.06703764648437499,0.7493851196289062,5.3893129770992365,0.9312977099236641,6.687022900763359,0.0
11.820000648498535,-9.900023864746093,2.224213342285156,0.2346317626953125,2.595419847328244,8.01526717557252,2.427480916030534,-11.01332763671875,-0.18914193115234373,0.9409212524414062,4.763358778625954,-2.015267175572519,5.3893129770992365,0.0
11.830000877380371,-10.206481677246094,1.9847931762695312,0.430956298828125,0.1984732824427481,8.458015267175572,2.381679389312977,-11.403582507324218,-0.9241618408203125,1.455674609375,6.0,-5.358778625954199,4.5038167938931295,0.0
11.840000629425049,-9.801861596679688,2.2840683837890623,1.0797849487304687,0.030534351145038167,9.404580152671755,2.6412213740458017,-10.333374365234375,0.00239420166015625,1.908178723144531,5.66412213740458,-11.694656488549619,2.564885496183206,0.0
11.850000858306885,-10.072406384277343,2.24097275390625,1.2138602416992186,-1.1908396946564885,9.49618320610687,3.404580152671756,-10.87925234375,-1.0869675537109373,1.0510545288085937,3.480916030534351,-9.49618320610687,3.7251908396946565,0.0
11.860000610351562,-9.749189160156249,2.327164013671875,1.2880804931640624,-2.7938931297709924,9.099236641221374,3.5267175572519083,-10.939107385253905,-1.924938134765625,0.25139117431640623,14.076335877862595,-17.236641221374047,1.1908396946564885,0.0
11.87000060081482,-9.811438403320311,3.1603461914062496,1.6735469604492186,-4.961832061068702,9.129770992366412,4.5038167938931295,-9.564835632324218,-1.7836802368164062,0.27293898925781246,15.969465648854962,-16.83969465648855,-0.732824427480916,0.0
11.880000591278076,-8.99501563720703,3.1220389648437497,2.1021090576171875,-6.549618320610687,9.816793893129772,8.122137404580153,-8.537723120117187,0.316034619140625,-0.3711012573242187,20.9618320610687,-26.106870229007633,-3.5572519083969465,0.0
11.890000581741333,-9.315838659667968,4.031835595703125,2.5234885498046875,-6.33587786259542,9.786259541984732,11.32824427480916,-8.695740429687499,0.3399766357421875,0.07900865478515624,5.694656488549619,-19.297709923664122,-2.3053435114503817,0.0
11.900000810623169,-8.86094034423828,3.6750995483398436,2.501940734863281,-13.86259541984733,6.870229007633588,14.183206106870228,-8.999804040527343,0.2154781494140625,-0.01915361328125,7.129770992366412,-18.625954198473284,-0.5648854961832062,0.0
11.910000801086426,-9.236830004882812,2.8203695556640622,2.39420166015625,-19.34351145038168,5.679389312977099,15.709923664122137,-9.471461767578125,-0.9744400756835937,-0.5267243652343749,-1.0229007633587786,-14.061068702290076,0.22900763358778625,0.0
11.920001029968262,-7.881711865234375,-0.086191259765625,1.7429788085937499,-15.633587786259541,5.816793893129771,18.519083969465647,-9.193734375,0.016759411621093748,0.2705447875976562,1.5419847328244274,-15.877862595419847,-0.8396946564885496,0.0
11.93000054359436,-7.568071447753906,0.0383072265625,1.7238251953125,-4.99236641221374,9.068702290076336,15.709923664122137,-9.830592016601562,-0.9313444458007812,0.5123591552734374,7.267175572519084,-16.610687022900763,-0.5801526717557252,0.0
11.940000772476196,-9.629479077148437,0.7350199096679687,2.91134921875,-2.198473282442748,12.763358778625955,11.206106870229007,-9.64623848876953,-1.3910311645507811,1.2138602416992186,18.717557251908396,-25.557251908396946,-1.618320610687023,0.0
11.950000762939453,-9.217676391601563,0.603338818359375,2.2649147705078123,2.5343511450381677,9.038167938931299,11.98473282442748,-9.449913952636718,-1.467645617675781,1.446097802734375,19.96946564885496,-28.045801526717558,-3.7557251908396947,0.0
11.96000051498413,-9.81862100830078,1.4604630126953124,3.4093431640625,7.709923664122138,12.351145038167939,10.916030534351146,-10.328585961914062,-0.9959878906249999,1.0797849487304687,49.43511450381679,-42.74809160305343,-4.885496183206107,0.0
11.970000267028809,-10.881646545410156,2.521094348144531,3.239354846191406,9.251908396946565,9.679389312977099,9.801526717557252,-8.595183959960938,0.9959878906249999,-0.2059013427734375,37.64885496183206,-39.7557251908397,-9.419847328244275,0.0
11.980000495910645,-11.01332763671875,4.393360046386719,3.296815686035156,-2.732824427480916,4.122137404580153,8.458015267175572,-8.535328918457031,1.6998831787109374,-1.0797849487304687,19.64885496183206,-34.595419847328245,-7.435114503816794,0.0
11.990000486373901,-9.236830004882812,2.8323405639648436,1.8148048583984373,-12.641221374045802,-2.5343511450381677,11.068702290076336,-8.700528833007812,2.0973206542968748,0.13646949462890623,0.7175572519083969,-31.19083969465649,-4.931297709923665,0.0
12.000000715255737,-9.203311181640624,1.93451494140625,1.5705962890624998,-12.290076335877863,-2.8396946564885495,12.076335877862595,-10.632649572753905,-1.429338391113281,0.8283937744140625,-3.83206106870229,-30.198473282442748,-1.6946564885496183,0.0
12.010000705718994,-9.622296472167967,1.1659762084960936,1.697488977050781,-10.106870229007633,-2.9770992366412212,11.48091603053435,-10.364498986816406,-0.7517793212890624,1.6400281372070311,9.19083969465649,-31.34351145038168,-4.351145038167939,0.0
12.02000093460083,-9.631873278808593,0.86191259765625,2.023100402832031,-7.587786259541985,-2.763358778625954,10.50381679389313,-10.371681591796875,-1.8411410766601561,0.97683427734375,14.778625954198473,-33.93893129770992,-6.458015267175573,0.0
12.030000925064087,-9.255983618164063,0.8307879760742187,1.8938135131835936,-5.00763358778626,-1.297709923664122,8.793893129770993,-8.640673791503906,0.6344634399414062,-0.3399766357421875,18.595419847328245,-36.93129770992366,-8.80916030534351,0.0
12.040000438690186,-9.299079248046874,1.2210428466796874,1.5442600708007812,-4.900763358778626,-0.4580152671755725,5.206106870229007,-9.265560424804686,0.20350714111328125,-1.1324573852539062,8.946564885496183,-28.30534351145038,-7.129770992366412,0.0
12.050001382827759,-9.533711010742186,1.85790048828125,1.8650830932617186,-6.809160305343512,-0.5648854961832062,2.3053435114503817,-8.95670841064453,1.1851298217773436,-0.19871873779296872,-0.33587786259541985,-27.19083969465649,-5.877862595419847,0.0
12.060000896453857,-9.64623848876953,1.5921441040039062,1.8722656982421875,-7.083969465648855,-2.1374045801526718,1.3587786259541985,-10.723629235839843,-1.7190367919921874,0.8906430175781249,-0.4732824427480916,-30.47328244274809,-3.786259541984733,0.0
12.070000648498535,-8.166621862792969,-1.419761584472656,0.7948749511718749,4.702290076335878,-0.6106870229007634,2.33587786259542,-11.29344923095703,-0.5770026000976562,2.214636535644531,17.129770992366414,-26.30534351145038,-5.526717557251908,0.0
12.080000638961792,-7.967903124999999,-0.2059013427734375,1.0510545288085937,18.396946564885496,4.809160305343512,-2.519083969465649,-10.079588989257813,0.2657563842773437,0.32082302246093747,16.595419847328245,-29.83206106870229,-8.106870229007633,0.0
12.090000629425049,-9.840168823242188,1.2617442749023438,1.4772224243164063,21.297709923664122,8.305343511450381,-6.916030534351145,-9.253589416503905,1.7310078002929687,0.14604630126953125,18.061068702290076,-26.15267175572519,-9.236641221374045,0.0
12.100000619888306,-9.011775048828124,2.3032219970703123,0.5961562133789062,16.625954198473284,5.541984732824427,-8.106870229007633,-7.876923461914062,3.2513258544921873,-0.34715924072265625,1.1603053435114503,-23.053435114503817,-8.748091603053435,0.0
12.110000610351562,-10.225635290527343,3.507505432128906,1.180341418457031,7.251908396946565,6.6106870229007635,-10.335877862595419,-10.560823522949217,0.00718260498046875,0.584185205078125,-5.877862595419847,-15.358778625954198,-3.3893129770992365,0.0
12.12000060081482,-9.083601098632812,1.7525556152343749,0.430956298828125,4.122137404580153,4.732824427480916,-8.16793893129771,-8.980650427246093,0.7206546997070312,1.0630255371093749,-8.748091603053435,-14.396946564885496,-5.022900763358779,0.0
12.130000591278076,-8.583212951660157,1.1252747802734375,0.3016694091796875,2.763358778625954,4.076335877862595,-7.511450381679389,-9.624690673828125,-0.4261678955078125,1.2306196533203124,-9.16030534351145,-15.587786259541986,-4.8396946564885495,0.0
12.140000581741333,-9.581595043945311,1.9512743530273435,0.8212111694335937,-2.549618320610687,2.6412213740458017,-10.83969465648855,-9.423577734375,-0.354341845703125,1.0965443603515623,-13.007633587786259,-15.664122137404581,-6.641221374045801,0.0
12.15000057220459,-9.97184991455078,1.189918225097656,1.2785036865234374,5.969465648854962,8.01526717557252,-10.65648854961832,-9.727641345214844,-0.9026140258789062,0.9864110839843749,-9.557251908396946,-15.206106870229007,-6.67175572519084,0.0
12.160000801086426,-10.103531005859374,1.218648645019531,1.618480322265625,8.946564885496183,9.312977099236642,-13.083969465648854,-9.37808790283203,-0.296881005859375,0.8403647827148437,-7.099236641221374,-13.84732824427481,-7.816793893129771,0.0
12.170000314712524,-8.796296899414061,1.1851298217773436,1.2713210815429687,17.480916030534353,9.664122137404581,-13.923664122137405,-9.45470235595703,-0.3806780639648437,0.8547299926757812,-4.244274809160306,-13.83206106870229,-7.709923664122138,0.0
12.18000078201294,-9.926360083007811,1.419761584472656,2.3439234252929686,21.633587786259543,12.931297709923664,-15.908396946564885,-8.966285217285156,-0.22266075439453123,0.9911994873046874,-4.122137404580153,-13.038167938931299,-8.213740458015268,0.0
12.190000534057617,-9.394847314453125,1.3215993164062498,2.6312276245117188,24.916030534351144,10.488549618320612,-16.595419847328245,-9.282319836425781,-0.4429273071289062,1.01514150390625,-1.4809160305343512,-13.49618320610687,-8.030534351145038,0.0
12.200000762939453,-8.810662109374999,1.8315642700195311,2.3367408203125,25.46564885496183,7.450381679389313,-16.9618320610687,-9.165003955078124,-0.354341845703125,1.0079588989257813,-1.1755725190839694,-13.206106870229007,-8.793893129770993,0.0
12.21000075340271,-10.149020837402343,2.7844565307617186,3.1316157714843746,18.916030534351144,3.6030534351145036,-18.47328244274809,-9.121908325195312,-0.41419688720703124,1.0103531005859374,0.33587786259541985,-13.618320610687023,-9.755725190839694,0.0
12.220000505447388,-8.884882360839843,2.152387292480469,2.492363928222656,18.045801526717558,-1.2671755725190839,-16.83969465648855,-8.853757739257812,-0.4429273071289062,0.9911994873046874,0.3053435114503817,-12.488549618320612,-10.549618320610687,0.0
12.230000495910645,-9.162609753417968,2.3439234252929686,2.6910826660156246,11.221374045801527,-7.847328244274809,-17.51145038167939,-9.241618408203124,-0.8978256225585937,1.1611878051757811,1.450381679389313,-13.419847328244275,-10.763358778625955,0.0
12.24000072479248,-10.156203442382813,4.096479040527344,3.785232824707031,14.213740458015268,-5.435114503816794,-18.12213740458015,-9.0788126953125,-0.6560112548828124,0.6775590698242188,7.297709923664122,-16.427480916030536,-11.633587786259541,0.0
12.250000476837158,-8.544905725097657,2.262520568847656,2.578555187988281,8.351145038167939,-14.061068702290076,-14.900763358778626,-8.789114294433594,0.3232172241210937,0.1197100830078125,15.19083969465649,-16.427480916030536,-13.129770992366412,0.0
12.260000705718994,-9.509768994140625,3.545812658691406,3.208230224609375,8.946564885496183,-17.221374045801525,-15.236641221374045,-8.963891015625,0.09816226806640624,0.7781155395507812,1.1908396946564885,-13.450381679389313,-12.51908396946565,0.0
12.27000093460083,-8.966285217285156,3.5051112304687497,3.5673604736328124,7.8320610687022905,-19.862595419847327,-13.404580152671755,-8.511386901855468,0.27293898925781246,1.01514150390625,-2.687022900763359,-12.778625954198473,-12.900763358778626,0.0
12.280000686645508,-10.120290417480469,6.076483813476562,4.764461303710937,-10.259541984732824,-28.946564885496183,-14.16793893129771,-8.772354882812499,0.18914193115234373,0.8571241943359375,-2.427480916030534,-13.022900763358779,-12.778625954198473,0.0
12.290000915527344,-9.588777648925781,4.7117888671875,3.81156904296875,-35.57251908396947,-44.778625954198475,-9.98473282442748,-8.604760766601562,0.16280571289062498,0.7685387329101562,-2.9923664122137406,-12.580152671755725,-12.625954198473282,0.0
12.300000667572021,-9.682151513671874,3.337517114257812,3.5314474487304683,-41.41984732824427,-48.68702290076336,-6.656488549618321,-8.47786807861328,-0.4165910888671875,0.9002198242187499,-2.6412213740458017,-11.938931297709924,-12.977099236641221,0.0
12.310000896453857,-7.881711865234375,0.5578489868164063,2.080561242675781,-44.50381679389313,-57.63358778625954,-4.488549618320611,-8.315062365722655,0.30885201416015623,0.011971008300781249,14.992366412213741,-17.099236641221374,-13.98473282442748,0.0
12.320000648498535,-11.935095275878906,6.023811376953125,4.697423657226563,-34.045801526717554,-50.045801526717554,-9.923664122137405,-7.702146740722656,1.0702081420898437,0.296881005859375,9.282442748091603,-13.86259541984733,-15.969465648854962,0.0
12.330000877380371,-10.481814868164061,5.274426257324219,2.5641899780273434,-60.30534351145038,-67.66412213740458,-4.076335877862595,-8.377311608886718,-0.6727706665039062,1.2114660400390624,-0.3816793893129771,-7.969465648854962,-12.427480916030534,0.0
12.340000629425049,-9.313444458007812,3.699041564941406,1.6519991455078125,-56.35114503816794,-63.16030534351145,3.0381679389312977,-6.993463049316406,1.5586252807617187,0.4285620971679687,0.4732824427480916,-10.412213740458014,-13.740458015267176,0.0
12.350000619888306,-7.8338278320312495,1.9728221679687499,0.44053310546874996,-47.43511450381679,-62.58015267175573,6.3816793893129775,-8.396465222167969,-0.6655880615234374,0.6679822631835937,-3.1908396946564888,-1.6488549618320612,-10.610687022900763,0.0
12.360000610351562,-6.655880615234374,-1.5179238525390624,0.7134720947265625,-29.984732824427482,-53.70992366412214,8.977099236641221,-9.600748657226562,-2.0973206542968748,1.180341418457031,7.175572519083969,-3.1755725190839694,-7.114503816793893,0.0
12.37000060081482,-5.042188696289062,-4.031835595703125,0.86191259765625,8.381679389312977,-38.01526717557252,9.587786259541986,-7.948749511718749,-0.7206546997070312,0.4740519287109375,11.938931297709924,0.7786259541984732,-10.427480916030534,0.0
12.380000591278076,-5.322310290527343,-2.7581203125,1.848323681640625,40.79389312977099,-23.954198473282442,3.3435114503816794,-8.904035974121093,-1.5705962890624998,0.3447650390625,18.763358778625953,1.7709923664122138,-7.801526717557252,0.0
12.390000820159912,-8.465897070312499,2.0159177978515626,3.438073583984375,49.49618320610687,-18.564885496183205,-3.6030534351145036,-9.478644372558593,-1.2234370483398436,0.12449848632812499,29.251908396946565,3.816793893129771,-8.213740458015268,0.0
12.40000033378601,-7.9655089233398435,1.388636962890625,2.583343591308594,47.23664122137404,-21.801526717557252,-0.6870229007633588,-9.236830004882812,-0.5817910034179687,0.23223756103515625,34.83969465648855,4.870229007633588,-8.916030534351146,0.0
12.410000562667847,-7.580042456054687,0.2705447875976562,2.7054478759765623,59.29770992366412,-14.381679389312977,-2.16793893129771,-9.485826977539062,-0.9888052856445312,0.7661445312499999,40.50381679389313,7.038167938931298,-8.16793893129771,0.0
12.420000791549683,-7.723694555664062,0.8020575561523438,2.499546533203125,56.030534351145036,-15.312977099236642,-7.4961832061068705,-8.719682446289061,0.3495534423828125,0.5674257934570313,42.54961832061068,7.526717557251908,-9.007633587786259,0.0
12.43000054359436,-10.465055456542968,4.469974499511719,4.496310717773437,45.083969465648856,-15.221374045801527,-11.969465648854962,-9.315838659667968,0.5243301635742187,0.6153098266601562,38.33587786259542,9.221374045801527,-6.961832061068702,0.0
12.440000772476196,-9.821015209960937,3.900154504394531,4.244919543457031,35.9236641221374,-18.65648854961832,-8.595419847328245,-9.014169250488282,1.2928688964843749,1.446097802734375,24.12213740458015,17.557251908396946,-6.213740458015267,0.0
12.450000286102295,-9.284714038085937,3.5314474487304683,4.544194750976562,34.900763358778626,-12.687022900763358,-11.038167938931299,-9.469067565917967,0.7302315063476562,0.8930372192382812,9.526717557251908,22.549618320610687,-3.7404580152671754,0.0
12.46000051498413,-9.095572106933593,4.027047192382812,4.589684582519531,24.412213740458014,-14.50381679389313,-13.587786259541986,-10.295067138671874,0.8906430175781249,1.426944189453125,5.297709923664122,23.87786259541985,-5.251908396946565,0.0
12.470000505447388,-10.232817895507813,4.989516259765625,5.408501550292969,14.854961832061068,-16.16793893129771,-13.938931297709924,-10.582371337890624,0.9457096557617187,2.463633508300781,-6.67175572519084,28.38167938931298,-7.251908396946565,0.0
12.480000495910645,-9.713276135253906,4.541800549316406,5.147533569335937,0.8702290076335878,-19.0381679389313,-14.290076335877863,-10.060435375976562,3.35188232421875,1.5921441040039062,-20.549618320610687,26.229007633587788,-6.412213740458015,0.0
12.490000486373901,-8.66940421142578,3.919308117675781,4.963180041503906,-3.954198473282443,-22.946564885496183,-14.610687022900763,-10.812214697265624,3.2728736694335936,2.7964275390625,-51.847328244274806,36.16793893129771,-3.7251908396946565,0.0
12.500000476837158,-7.841010437011718,2.8012159423828122,5.351040710449219,-10.687022900763358,-29.480916030534353,-14.15267175572519,-13.541604589843748,0.7422025146484375,2.980781066894531,-59.908396946564885,29.587786259541986,-2.6106870229007635,0.0
12.510001182556152,-9.291896643066405,2.0278888061523435,7.326257080078125,-8.931297709923664,-33.32824427480916,-13.786259541984732,-13.129801904296874,0.3112462158203125,4.254496350097656,-66.87022900763358,26.625954198473284,-8.793893129770993,0.0
12.52000117301941,-10.876858142089842,1.47482822265625,8.434772448730468,-12.229007633587786,-49.61832061068702,-12.50381679389313,-15.634136840820311,-2.540247961425781,3.383006945800781,-57.55725190839695,17.34351145038168,-8.854961832061068,0.0
12.530000925064087,-13.429077111816406,0.8667010009765624,10.445901843261717,7.4961832061068705,-61.49618320610687,-10.106870229007633,-15.270218188476562,-4.551377355957031,1.8124106567382812,-39.25190839694657,1.7251908396946565,-12.82442748091603,0.0
12.540000677108765,-13.539210388183593,-5.142745166015625,9.193734375,62.36641221374046,-62.717557251908396,1.9389312977099236,-13.860033410644531,-2.5163059448242184,-1.9943699829101562,-9.938931297709924,-4.473282442748092,-17.17557251908397,0.0
12.5500009059906,-15.066711047363281,0.040701428222656245,10.702081420898438,86.09160305343511,-78.1526717557252,-2.9923664122137406,-12.722787622070312,-0.9983820922851562,-3.2704794677734372,-15.801526717557252,-6.809160305343512,-14.885496183206106,0.0
12.560000896453857,-18.81363664550781,2.844311572265625,11.235988391113281,67.96946564885496,-103.19083969465649,-7.648854961832061,-9.255983618164063,1.6304513305664061,-3.9839515624999997,-15.358778625954198,-1.9236641221374047,-9.48091603053435,0.0
12.570000648498535,-19.998766467285154,2.8203695556640622,8.820238916015624,41.64885496183206,-131.206106870229,-7.572519083969466,-9.176974963378905,0.27293898925781246,-4.089296435546875,-7.450381679389313,8.80916030534351,-3.572519083969466,0.0
12.580000638961792,-18.191144213867187,2.5546131713867184,6.026205578613281,14.977099236641221,-150.29007633587787,-9.679389312977099,-6.315903979492187,0.105344873046875,-3.42849677734375,-5.740458015267175,19.419847328244273,-2.6564885496183206,0.0
12.590000867843628,-16.409858178710937,2.4947581298828125,2.185906115722656,-11.374045801526718,-163.22137404580153,-12.366412213740459,-7.513004809570312,-1.8124106567382812,-3.785232824707031,4.824427480916031,20.015267175572518,-0.4580152671755725,0.0
12.600000381469727,-14.712369201660156,2.1021090576171875,-0.5865794067382812,-27.801526717557252,-163.2824427480916,-12.290076335877863,-8.21690009765625,-2.741360900878906,-3.399766357421875,12.595419847328245,28.763358778625953,1.5267175572519085,0.0
12.610000610351562,-12.126631408691406,1.2832920898437499,-2.4013842651367185,-30.68702290076336,-152.27480916030535,-7.022900763358779,-9.430760339355468,-2.8419173706054686,-3.124433166503906,25.954198473282442,33.69465648854962,5.038167938931298,0.0
12.62000060081482,-6.732495068359374,-2.3319524169921872,-3.9264907226562498,-9.450381679389313,-128.5648854961832,1.297709923664122,-9.830592016601562,-2.722207287597656,-2.616862414550781,36.29007633587786,40.01526717557252,8.290076335877863,0.0
12.630000591278076,-7.433996154785156,-0.3902548706054687,-2.7269956909179687,-17.64885496183206,-115.08396946564885,-1.6793893129770991,-11.085153686523437,-2.987963671875,-1.6424223388671875,50.595419847328245,44.213740458015266,10.83969465648855,0.0
12.640000581741333,-6.900089184570312,-3.294421484375,-2.6001030029296874,8.50381679389313,-87.63358778625954,5.083969465648855,-10.539275708007812,-0.6344634399414062,-1.3263877197265623,54.48854961832061,43.80152671755725,14.030534351145038,0.0
12.65000033378601,-6.325480786132812,-1.7693150268554687,-2.5546131713867184,36.94656488549618,-56.58015267175573,7.633587786259542,-11.566388220214844,0.17477672119140625,-0.2920926025390625,43.69465648854962,47.61832061068702,18.27480916030534,0.0
12.660001039505005,-6.387730029296875,0.00239420166015625,-2.272097375488281,46.3206106870229,-34.48854961832061,7.8320610687022905,-9.871293444824218,0.9600748657226562,1.7525556152343749,22.702290076335878,47.00763358778626,20.35114503816794,0.0
12.670000553131104,-7.003039855957031,1.9967641845703124,-1.20667763671875,41.786259541984734,-16.625954198473284,6.534351145038168,-10.711658227539061,-0.97683427734375,1.189918225097656,13.786259541984732,45.43511450381679,20.641221374045802,0.0
12.68000078201294,-6.926425402832031,3.806780639648437,-0.8906430175781249,21.893129770992367,-8.244274809160306,5.206106870229007,-10.079588989257813,-0.7541735229492187,1.7429788085937499,9.938931297709924,40.0763358778626,18.793893129770993,0.0
12.690000295639038,-2.6408044311523438,-0.23702596435546874,-3.833116857910156,12.396946564885496,1.7251908396946565,10.870229007633588,-10.160991845703125,-2.6958710693359373,3.5338416503906247,-20.458015267175572,34.36641221374046,15.709923664122137,0.0
12.700000524520874,-5.736507177734374,3.83072265625,-1.1731588134765625,-14.916030534351146,14.396946564885496,1.0687022900763359,-9.528922607421874,-2.5713725830078125,2.8945898071289062,-14.763358778625955,31.221374045801525,11.786259541984732,0.0
12.71000075340271,-5.963956335449218,3.7038299682617186,-1.2785036865234374,-47.61832061068702,18.946564885496183,-0.6870229007633588,-11.087547888183593,-5.717353564453124,2.6791116577148437,-23.52671755725191,23.068702290076335,11.648854961832061,0.0
12.720000505447388,-5.908889697265625,4.07971962890625,-1.3072341064453123,-70.06106870229007,25.389312977099237,-0.0916030534351145,-9.366116894531249,-3.737348791503906,1.697488977050781,-8.412213740458014,14.65648854961832,4.320610687022901,0.0
12.730000495910645,-4.072537023925781,1.9033903198242186,-2.1906945190429687,-77.64885496183206,38.534351145038165,5.175572519083969,-8.738836059570312,-2.442085693359375,0.82360537109375,-11.694656488549619,12.717557251908397,0.4732824427480916,0.0
12.74000072479248,-4.714183068847656,4.165910888671875,-1.350329736328125,-106.18320610687023,38.35114503816794,2.8702290076335877,-9.069235888671875,-1.6400281372070311,0.08858546142578125,-14.091603053435115,11.267175572519085,-1.7251908396946565,0.0
12.750000476837158,-4.055777612304687,-0.8451531860351562,-0.35194764404296874,-103.72519083969466,57.17557251908397,10.854961832061068,-8.947131604003905,-1.199495031738281,-0.44053310546874996,-19.389312977099237,12.183206106870228,-2.3053435114503817,0.0
12.760000705718994,-2.3511060302734372,-4.199429711914062,-0.4836287353515625,-84.68702290076335,75.66412213740458,12.580152671755725,-9.524134204101562,-1.8315642700195311,-0.23702596435546874,-17.206106870229007,13.251908396946565,-2.0916030534351147,0.0
12.77000093460083,-3.366247534179687,-5.7317187744140625,1.0726023437499999,-67.20610687022901,95.43511450381679,6.9465648854961835,-9.900023864746093,-1.85790048828125,-0.3711012573242187,-10.977099236641221,12.290076335877863,-0.8396946564885496,0.0
12.780000686645508,-4.4005426513671875,-7.031770275878906,3.411737365722656,-48.916030534351144,109.5114503816794,-1.4351145038167938,-9.76116016845703,-1.6711527587890624,0.3854664672851562,-4.152671755725191,11.679389312977099,0.3969465648854962,0.0
12.790000915527344,-5.7843912109375,-6.76122548828125,6.519411120605469,-19.908396946564885,120.6412213740458,-9.19083969465649,-10.503362683105468,-2.5043349365234375,0.1867477294921875,3.3893129770992365,10.50381679389313,3.2213740458015265,0.0
12.800000429153442,-8.722076647949219,-3.4739866088867184,9.323021264648437,4.748091603053435,122.12213740458016,-14.717557251908397,-10.321403356933594,-1.656787548828125,0.21308394775390624,13.526717557251908,6.244274809160306,4.427480916030534,0.0
12.810000896453857,-6.56968935546875,-3.2920272827148436,8.71489404296875,43.038167938931295,127.57251908396947,-9.572519083969466,-9.674968908691406,-0.7398083129882812,-0.2609679809570312,13.007633587786259,4.458015267175573,5.206106870229007,0.0
12.820000648498535,-10.244788903808594,1.6208745239257811,9.947907897949218,53.404580152671755,121.55725190839695,-16.15267175572519,-8.367734802246094,1.2569558715820313,-0.5147533569335937,0.44274809160305345,9.297709923664122,4.595419847328245,0.0
12.830000400543213,-11.949460485839843,3.0741549316406247,9.516951599121093,30.83969465648855,102.9618320610687,-23.00763358778626,-9.641450085449218,-0.43574470214843747,0.14604630126953125,-9.312977099236642,9.86259541984733,9.206106870229007,0.0
12.840000629425049,-11.051634863281249,1.867477294921875,7.45075556640625,15.770992366412214,85.17557251908397,-23.862595419847327,-8.95670841064453,-0.45968671875,-0.13646949462890623,-16.091603053435115,12.82442748091603,8.595419847328245,0.0
12.850000619888306,-11.918335864257811,0.9816226806640624,7.663839514160156,12.732824427480915,76.3206106870229,-22.396946564885496,-10.565611926269531,-1.7669208251953124,-0.5746083984375,-15.236641221374045,14.82442748091603,10.51908396946565,0.0
12.860000610351562,-11.001356628417968,-0.43574470214843747,6.368576416015625,18.18320610687023,65.25190839694656,-20.946564885496183,-8.88009395751953,0.016759411621093748,-1.7908628417968748,-16.748091603053435,11.038167938931299,9.099236641221374,0.0
12.87000060081482,-11.200075366210937,-0.5578489868164063,5.717353564453124,27.587786259541986,57.908396946564885,-17.69465648854962,-9.916783276367187,-1.8459294799804686,-1.5729904907226562,-18.18320610687023,14.01526717557252,12.931297709923664,0.0
12.880000591278076,-10.766724865722656,-0.2059013427734375,4.996698864746094,34.58015267175573,52.0,-14.183206106870228,-9.45470235595703,-2.578555187988281,-1.024718310546875,-18.091603053435115,21.587786259541986,14.778625954198473,0.0
12.890000581741333,-8.796296899414061,-0.689530078125,2.549824768066406,42.56488549618321,45.587786259541986,-6.809160305343512,-8.78432589111328,-1.6065093139648436,-1.5801730957031248,-6.549618320610687,16.80916030534351,15.267175572519085,0.0
12.900000810623169,-9.299079248046874,1.687912170410156,1.3575123413085937,46.80916030534351,48.091603053435115,-4.656488549618321,-9.821015209960937,-2.5737667846679684,-1.0630255371093749,-2.045801526717557,24.061068702290076,17.49618320610687,0.0
12.910000562667847,-10.218452685546874,3.0430303100585934,0.814028564453125,48.97709923664122,54.30534351145038,2.381679389312977,-10.433930834960936,-3.1507693847656246,-1.3407529296874998,6.870229007633588,26.091603053435115,19.801526717557252,0.0
12.920000791549683,-9.49300958251953,1.2138602416992186,1.4173673828125,50.93129770992366,60.6412213740458,11.86259541984733,-9.938331091308592,-2.269703173828125,-0.7565677246093749,13.435114503816793,23.374045801526716,19.954198473282442,0.0
12.93000054359436,-11.180921752929686,0.6177040283203125,4.932055419921875,52.82442748091603,65.34351145038168,12.396946564885496,-7.876923461914062,1.5083470458984374,-1.9656395629882812,8.183206106870228,23.389312977099237,16.702290076335878,0.0
12.940000772476196,-14.137760803222655,1.6160861206054686,7.896077075195312,48.0,58.80916030534351,13.114503816793894,-9.481038574218749,0.5195417602539062,-0.4333505004882812,-9.038167938931299,33.98473282442748,20.580152671755727,0.0
12.950000762939453,-15.729904907226562,3.835511059570312,7.9846625366210935,42.67175572519084,50.13740458015267,17.419847328244273,-10.259154113769531,-0.296881005859375,-0.21787235107421873,-19.49618320610687,36.33587786259542,23.022900763358777,0.0
12.96000051498413,-16.620547924804686,6.524199523925781,7.606378674316406,7.114503816793893,30.68702290076336,13.267175572519085,-10.218452685546874,-0.9050082275390624,-0.143652099609375,-19.31297709923664,33.48091603053435,23.068702290076335,0.0
12.970000743865967,-15.677232470703125,6.373364819335937,6.8210805297851556,-33.7557251908397,6.8396946564885495,9.114503816793894,-11.44667813720703,-2.3056161987304686,0.7302315063476562,-18.671755725190838,29.83206106870229,23.099236641221374,0.0
12.980002880096436,-11.614272253417967,0.3112462158203125,3.912125512695312,-49.770992366412216,-8.488549618320612,9.84732824427481,-12.90235274658203,-4.671087438964843,1.898601916503906,-13.022900763358779,25.908396946564885,24.366412213740457,0.0
12.99000072479248,-8.731653454589843,-1.1444283935546875,2.5378537597656248,-28.595419847328245,-0.04580152671755725,7.236641221374046,-9.600748657226562,-0.6177040283203125,-0.44053310546874996,-5.00763358778626,14.244274809160306,18.671755725190838,0.0
13.000000715255737,-8.540117321777343,1.5753846923828123,0.8475473876953125,-29.83206106870229,1.4198473282442747,2.1374045801526718,-10.05564697265625,-0.55545478515625,-0.488417138671875,-9.022900763358779,9.572519083969466,18.564885496183205,0.0
13.010000705718994,-7.9104422851562495,3.1507693847656246,-0.29927520751953124,-34.595419847328245,5.038167938931298,7.297709923664122,-10.137049829101562,-0.316034619140625,-1.0103531005859374,-10.625954198473282,7.175572519083969,18.763358778625953,0.0
13.02000093460083,-6.828263134765624,2.901772412109375,-0.8571241943359375,-37.6793893129771,10.091603053435115,13.770992366412214,-9.593566052246093,-0.009576806640625,-1.180341418457031,-10.717557251908397,5.312977099236641,18.244274809160306,0.0
13.030001163482666,-6.4739212890625,2.128445275878906,-0.3758896606445312,-38.68702290076336,16.641221374045802,20.427480916030536,-9.507374792480467,0.2561795776367187,-1.1468225952148436,-12.320610687022901,3.9236641221374047,17.49618320610687,0.0
13.040000915527344,-7.321468676757812,1.3168109130859373,0.8499415893554687,-38.16793893129771,20.137404580152673,25.16030534351145,-9.373299499511718,0.40222587890625,-1.675941162109375,-14.442748091603054,3.5877862595419847,16.27480916030534,0.0
13.05000114440918,-7.572859851074218,0.086191259765625,1.5777788940429687,-34.68702290076336,20.9618320610687,26.946564885496183,-9.193734375,0.5578489868164063,-1.6208745239257811,-15.755725190839694,3.2213740458015265,15.19083969465649,0.0
13.060000896453857,-7.6231380859375,-1.0199299072265624,1.6232687255859375,-27.6793893129771,21.572519083969464,25.984732824427482,-9.423577734375,0.6751648681640625,-1.924938134765625,-15.282442748091603,2.4732824427480917,15.374045801526718,0.0
13.070000886917114,-8.497021691894531,-1.0654197387695312,1.886630908203125,-21.51145038167939,21.81679389312977,22.0,-9.358934289550781,0.6943184814453125,-1.649604943847656,-15.679389312977099,1.0076335877862594,15.633587786259541,0.0
13.080000877380371,-9.445125549316407,-1.16837041015625,1.7597382202148437,-15.877862595419847,20.82442748091603,18.80916030534351,-9.859322436523437,0.43574470214843747,-1.678335363769531,-13.206106870229007,0.7633587786259542,16.35114503816794,0.0
13.090000867843628,-9.277531433105468,-1.9752163696289062,1.3239935180664062,-3.633587786259542,21.450381679389313,17.740458015267176,-9.184157568359375,0.9145850341796874,-1.599326708984375,-7.221374045801527,-3.1908396946564888,16.198473282442748,0.0
13.100000858306885,-10.651803186035156,-1.13006318359375,1.8722656982421875,13.068702290076336,25.83206106870229,15.068702290076336,-8.657433203124999,2.128445275878906,-1.8219874633789062,-11.923664122137405,-3.6793893129770994,13.786259541984732,0.0
13.110000848770142,-10.771513269042968,1.3239935180664062,1.927332336425781,21.221374045801525,28.106870229007633,12.01526717557252,-10.04846436767578,0.6392518432617187,-1.6136919189453125,-16.442748091603054,1.8778625954198473,16.80916030534351,0.0
13.120000839233398,-12.330138549804687,3.478775012207031,2.7461493041992187,13.267175572519085,24.47328244274809,9.450381679389313,-9.734823950195311,0.9097966308593749,-1.5322890624999999,-14.992366412213741,0.9007633587786259,17.31297709923664,0.0
13.130000829696655,-11.994950317382811,5.288791467285156,2.770091320800781,1.83206106870229,18.3206106870229,9.587786259541986,-9.969455712890625,0.6560112548828124,-1.5298948608398437,-13.587786259541986,0.9923664122137404,17.740458015267176,0.0
13.14000129699707,-9.7683427734375,2.961627453613281,0.9337386474609375,-11.465648854961833,8.274809160305344,13.603053435114504,-9.701305126953125,1.2138602416992186,-2.142810485839844,-9.587786259541986,0.4580152671755725,16.65648854961832,0.0
13.150000810623169,-9.18655177001953,2.3965958618164063,1.0917559570312498,-9.145038167938932,8.061068702290076,13.694656488549619,-10.522516296386717,0.086191259765625,-1.5777788940429687,-8.305343511450381,1.4351145038167938,16.793893129770993,0.0
13.160000801086426,-9.382876306152344,2.4205378784179685,1.350329736328125,-9.893129770992367,7.404580152671755,12.80916030534351,-9.907206469726562,0.3806780639648437,-1.2880804931640624,-14.01526717557252,0.5801526717557252,15.923664122137405,0.0
13.170001029968262,-9.210493786621093,2.442085693359375,1.3527239379882812,-12.01526717557252,5.190839694656488,13.816793893129772,-9.823409411621093,2.3151930053710936,-1.8148048583984373,-16.18320610687023,-1.7404580152671756,13.633587786259541,0.0
13.180001020431519,-8.89924757080078,2.398990063476562,1.3335703247070312,-12.458015267175572,4.412213740458015,14.290076335877863,-10.884040747070312,0.6967126831054687,-1.9608511596679685,-9.465648854961833,3.1908396946564888,16.076335877862597,0.0
13.190000772476196,-8.604760766601562,1.3048399047851562,1.2665326782226562,-11.099236641221374,4.030534351145038,12.83969465648855,-10.996568225097656,0.928950244140625,-1.2785036865234374,6.1679389312977095,3.877862595419847,16.259541984732824,0.0
13.200001239776611,-9.095572106933593,0.46686932373046874,0.9217676391601562,-8.305343511450381,3.7557251908396947,10.442748091603054,-10.386046801757812,1.7190367919921874,-1.1540052001953125,2.4732824427480917,2.0916030534351147,15.541984732824428,0.0
13.21000051498413,-9.260772021484375,-0.1197100830078125,0.8643067993164062,-4.152671755725191,3.9083969465648853,7.175572519083969,-10.575188732910156,2.003946789550781,-1.1324573852539062,2.351145038167939,1.2213740458015268,15.694656488549619,0.0
13.220000982284546,-9.337386474609374,0.14125789794921875,0.7038952880859375,1.3435114503816794,4.763358778625954,3.3587786259541983,-10.122684619140625,2.0877438476562498,-0.967257470703125,-1.2366412213740459,0.2900763358778626,15.297709923664122,0.0
13.230000972747803,-9.674968908691406,0.21308394775390624,0.1867477294921875,8.717557251908397,6.396946564885496,1.1603053435114503,-9.753977563476562,2.3439234252929686,-1.0654197387695312,-5.6183206106870225,0.3816793893129771,14.702290076335878,0.0
13.24000072479248,-9.789890588378906,0.5746083984375,-0.06943184814453125,12.595419847328245,8.16793893129771,-1.3740458015267176,-9.70369932861328,1.936909143066406,-1.3239935180664062,-8.931297709923664,1.1755725190839694,15.145038167938932,0.0
13.250000715255737,-9.612719665527344,1.3144167114257812,-0.2561795776367187,14.748091603053435,9.725190839694656,-3.8625954198473282,-9.447519750976562,1.9105729248046874,-1.5538368774414062,-15.17557251908397,1.083969465648855,14.122137404580153,0.0
13.260000944137573,-9.80665,1.8507178833007811,-0.2561795776367187,14.900763358778626,11.206106870229007,-5.526717557251908,-10.089165795898436,0.9720458740234375,-1.465251416015625,-16.15267175572519,1.3435114503816794,13.068702290076336,0.0
13.270001411437988,-9.835380419921874,2.118868469238281,-0.30406361083984373,15.022900763358779,12.412213740458014,-5.694656488549619,-10.342951171874999,0.6823474731445313,-1.5945383056640625,-16.65648854961832,-0.7175572519083969,10.625954198473282,0.0
13.280000925064087,-9.686939916992188,2.24097275390625,0.11013327636718749,13.099236641221374,12.870229007633588,-5.603053435114504,-10.335768566894531,0.28730419921875,-0.39743747558593745,-17.17557251908397,-2.717557251908397,8.931297709923664,0.0
13.290001392364502,-9.481038574218749,2.446874096679687,0.33039982910156246,10.961832061068701,12.580152671755725,-6.290076335877862,-10.539275708007812,-0.0718260498046875,-0.07900865478515624,-15.587786259541986,-4.030534351145038,7.3893129770992365,0.0
13.3000009059906,-9.897629663085937,2.6144682128906247,0.36631285400390623,8.030534351145038,12.534351145038167,-6.885496183206107,-12.136208215332031,-3.258508459472656,1.407790576171875,-5.4961832061068705,-7.404580152671755,6.67175572519084,0.0
13.310001134872437,-9.68454571533203,2.7581203125,0.4165910888671875,6.0,12.778625954198473,-6.213740458015267,-10.86009873046875,-2.080561242675781,0.7422025146484375,14.885496183206106,-16.458015267175572,1.4961832061068703,0.0
13.320000648498535,-9.679757312011718,2.5043349365234375,0.39264907226562495,2.885496183206107,13.16030534351145,-5.236641221374046,-11.475408557128906,-2.461239306640625,1.6831237670898436,27.46564885496183,-27.31297709923664,0.12213740458015267,0.0
13.330000877380371,-9.552864624023437,2.559401574707031,0.6823474731445313,-1.1755725190839694,13.236641221374045,-5.603053435114504,-10.484209069824217,-0.3112462158203125,0.6727706665039062,42.51908396946565,-39.23664122137404,-5.8320610687022905,0.0
13.340000867843628,-9.495403784179686,2.8898014038085935,0.4285620971679687,-5.755725190839694,13.679389312977099,-6.183206106870229,-8.513781103515624,3.3542765258789062,-0.689530078125,31.572519083969464,-38.88549618320611,-10.50381679389313,0.0
13.350000619888306,-10.144232434082031,3.404554760742187,0.7757213378906249,-13.389312977099237,13.404580152671755,-6.137404580152672,-9.993397729492187,0.7445967163085937,-0.16998831787109375,15.16030534351145,-32.16793893129771,-7.099236641221374,0.0
13.360000848770142,-9.926360083007811,3.294421484375,0.9313444458007812,-18.885496183206108,11.664122137404581,-3.9389312977099236,-9.82580361328125,0.5458779785156249,-0.5027823486328125,18.259541984732824,-38.51908396946565,-6.809160305343512,0.0
13.370000839233398,-9.849745629882811,2.693476867675781,0.9409212524414062,-22.30534351145038,11.435114503816793,-1.8015267175572518,-9.787496386718749,0.689530078125,-0.25139117431640623,23.419847328244273,-38.152671755725194,-9.389312977099237,0.0
13.380000591278076,-9.325415466308593,2.2290017456054687,1.3192051147460937,-25.389312977099237,10.83969465648855,-1.297709923664122,-8.360552197265624,2.849099975585937,-0.5291185668945312,13.389312977099237,-36.85496183206107,-11.770992366412214,0.0
13.390000820159912,-9.773131176757811,1.4915876342773438,1.5705962890624998,-27.099236641221374,9.725190839694656,-1.3435114503816794,-8.52335791015625,1.5275006591796874,-0.25139117431640623,-0.44274809160305345,-33.74045801526717,-10.549618320610687,0.0
13.400001049041748,-9.65342109375,0.8547299926757812,1.8459294799804686,-26.931297709923665,8.564885496183207,-2.183206106870229,-9.466673364257812,-0.14604630126953125,-0.6536170532226562,2.717557251908397,-32.030534351145036,-8.778625954198473,0.0
13.410000801086426,-9.435548742675781,0.3854664672851562,1.7764976318359373,-22.0,7.908396946564886,-3.267175572519084,-9.947907897949218,-0.24660277099609373,0.40222587890625,14.16793893129771,-37.00763358778626,-9.923664122137405,0.0
13.420000791549683,-9.423577734375,-0.06464344482421874,2.1068974609374997,-15.938931297709924,7.709923664122138,-4.824427480916031,-9.421183532714844,1.7022773803710936,-0.5291185668945312,20.82442748091603,-38.29007633587786,-13.603053435114504,0.0
13.43000078201294,-9.560047229003906,0.4165910888671875,2.2553379638671873,-8.351145038167939,7.7251908396946565,-6.305343511450381,-7.860164050292968,3.210624426269531,-0.6536170532226562,5.450381679389313,-36.274809160305345,-13.86259541984733,0.0
13.440001249313354,-9.557653027343749,1.1013327636718748,2.2194249389648437,-2.4122137404580153,6.641221374045801,-5.969465648854962,-9.184157568359375,1.9991583862304687,0.42377369384765623,-15.206106870229007,-32.29007633587786,-10.183206106870228,0.0
13.450000524520874,-14.678850378417968,7.086836914062499,5.044582897949218,-11.603053435114504,8.229007633587786,-11.435114503816793,-10.20169327392578,0.07900865478515624,0.040701428222656245,-12.091603053435115,-23.572519083969464,-7.801526717557252,0.0
13.46000051498413,-12.136208215332031,5.552153649902343,3.1220389648437497,-44.47328244274809,-13.312977099236642,-6.870229007633588,-8.808267907714843,1.6639701538085936,0.3232172241210937,-2.4427480916030535,-29.358778625954198,-9.679389312977099,0.0
13.470000505447388,-9.184157568359375,1.2856862915039062,1.0678139404296874,-40.900763358778626,-17.16030534351145,2.351145038167939,-9.524134204101562,-0.9528922607421875,-0.09337386474609374,-3.8473282442748094,-31.404580152671755,-10.534351145038167,0.0
13.480000495910645,-8.192958081054687,0.16280571289062498,0.7900865478515624,-19.6793893129771,-7.801526717557252,2.8091603053435112,-9.562441430664062,-0.10773907470703124,0.7422025146484375,-2.3969465648854964,-34.16793893129771,-13.129770992366412,0.0
13.490000486373901,-9.291896643066405,1.5777788940429687,0.93852705078125,-26.53435114503817,-10.549618320610687,-0.6564885496183206,-8.729259252929687,0.12689268798828124,-0.8571241943359375,-9.49618320610687,-32.045801526717554,-14.458015267175572,0.0
13.500000476837158,-8.552088330078124,0.8212111694335937,0.6560112548828124,-14.061068702290076,-3.969465648854962,2.717557251908397,-6.5218053222656245,3.758896606445312,-1.5155296508789062,-14.900763358778626,-28.38167938931298,-15.755725190839694,0.0
13.510000705718994,-7.8721350585937495,0.3136404174804687,0.5458779785156249,-2.4732824427480917,4.33587786259542,1.5877862595419847,-9.176974963378905,0.679953271484375,-0.22026655273437498,-32.595419847328245,-17.282442748091604,-11.694656488549619,0.0
13.520000696182251,-10.551246716308594,3.5913024902343746,1.9967641845703124,-15.526717557251908,1.2671755725190839,-3.6030534351145036,-10.139444030761718,-0.6679822631835937,0.35673604736328124,-27.328244274809162,-19.938931297709924,-12.16793893129771,0.0
13.530001163482666,-9.4618849609375,2.061407629394531,1.4532804077148436,-17.66412213740458,0.44274809160305345,0.030534351145038167,-10.096348400878906,-1.2234370483398436,0.5578489868164063,-25.96946564885496,-20.38167938931298,-15.038167938931299,0.0
13.540000915527344,-8.932766394042968,1.3718775512695311,2.0973206542968748,-21.282442748091604,-0.8854961832061069,-0.5648854961832062,-9.200916979980468,0.3854664672851562,0.03591302490234375,-25.87786259541985,-22.076335877862597,-17.61832061068702,0.0
13.55000114440918,-9.380482104492186,1.0486603271484374,3.0980969482421874,-17.435114503816795,-1.7709923664122138,-2.8396946564885495,-9.840168823242188,-0.9241618408203125,0.5746083984375,-25.19083969465649,-19.404580152671755,-17.404580152671755,0.0
13.560000658035278,-9.560047229003906,0.603338818359375,3.6655227416992187,-11.801526717557252,-5.175572519083969,-3.3282442748091605,-9.358934289550781,-0.4381389038085937,-0.3016694091796875,-9.450381679389313,-29.404580152671755,-18.946564885496183,0.0
13.570000648498535,-9.557653027343749,0.6464344482421874,3.909731311035156,0.4732824427480916,-7.206106870229007,-3.786259541984733,-10.223241088867187,-1.7549498168945312,0.02633621826171875,4.625954198473282,-24.53435114503817,-20.137404580152673,0.0
13.580000638961792,-9.696516723632811,1.6065093139648436,3.9624037475585934,7.221374045801527,-10.83969465648855,-3.7099236641221376,-9.72285294189453,-1.8028338500976562,1.0654197387695312,11.068702290076336,-31.541984732824428,-21.358778625954198,0.0
13.590000629425049,-9.270348828125,2.001552587890625,3.201047619628906,14.427480916030534,-14.01526717557252,-2.50381679389313,-9.10993731689453,-0.622492431640625,0.39983167724609375,17.83206106870229,-34.50381679389313,-23.755725190839694,0.0
13.600000619888306,-9.586383447265625,2.7461493041992187,2.703053674316406,12.80916030534351,-16.717557251908396,-2.549618320610687,-9.469067565917967,-0.023942016601562498,0.22744915771484372,16.549618320610687,-31.419847328244273,-23.893129770992367,0.0
13.610000610351562,-8.987833032226561,2.123656872558594,2.195482922363281,10.01526717557252,-18.99236641221374,-2.2595419847328246,-7.601590270996093,0.4908113403320312,0.6009446166992187,8.687022900763358,-29.52671755725191,-23.31297709923664,0.0
13.62000060081482,-8.619125976562499,1.9919757812499999,2.262520568847656,7.297709923664122,-20.427480916030536,-3.1603053435114505,-6.138733056640625,3.246537451171875,-0.02633621826171875,2.6717557251908395,-25.52671755725191,-25.236641221374047,0.0
13.630000352859497,-8.856151940917968,1.697488977050781,2.300827795410156,6.33587786259542,-21.16030534351145,-2.6106870229007635,-9.282319836425781,0.22505495605468748,0.14125789794921875,-0.8244274809160306,-17.923664122137403,-20.35114503816794,0.0
13.640000581741333,-8.473079675292968,1.3646949462890625,2.0781670410156248,9.541984732824428,-20.80916030534351,-1.618320610687023,-8.889670764160156,0.1867477294921875,0.4070142822265625,2.717557251908397,-16.076335877862597,-20.0,0.0
13.65000033378601,-8.468291271972657,1.9656395629882812,2.152387292480469,12.473282442748092,-20.900763358778626,-1.7709923664122138,-8.786720092773438,-0.22744915771484372,0.44053310546874996,4.793893129770993,-16.30534351145038,-20.076335877862597,0.0
13.660000801086426,-9.758765966796874,3.8474820678710935,2.999934680175781,3.450381679389313,-24.427480916030536,-2.6564885496183206,-8.863334545898438,0.14604630126953125,0.28969840087890625,6.99236641221374,-16.091603053435115,-20.076335877862597,0.0
13.670000553131104,-9.425971936035156,3.1268273681640624,3.4763808105468748,5.145038167938932,-25.46564885496183,-0.5190839694656488,-8.693346228027343,0.4165910888671875,-0.0909796630859375,8.183206106870228,-15.007633587786259,-19.099236641221374,0.0
13.680001020431519,-9.991003527832031,2.978386865234375,4.0988732421875,-1.0229007633587786,-28.83969465648855,-1.5725190839694656,-8.70771143798828,0.9792284790039062,-0.16041151123046873,8.65648854961832,-13.740458015267176,-18.885496183206108,0.0
13.690000534057617,-9.358934289550781,1.7549498168945312,3.23696064453125,-4.351145038167939,-37.05343511450382,-0.32061068702290074,-9.023746057128905,0.5913678100585937,0.14125789794921875,7.969465648854962,-11.511450381679388,-17.389312977099237,0.0
13.700000762939453,-9.22485899658203,0.7924807495117187,3.2225954345703123,1.0076335877862594,-34.30534351145038,-0.030534351145038167,-8.892064965820312,0.17956512451171874,0.5147533569335937,8.931297709923664,-10.396946564885496,-17.297709923664122,0.0
13.710000276565552,-7.948749511718749,0.33518823242187495,1.2473790649414063,3.66412213740458,-36.88549618320611,-1.4351145038167938,-10.000580334472655,-1.6615759521484375,1.2401964599609374,15.664122137404581,-9.709923664122137,-16.259541984732824,0.0
13.720000743865967,-9.471461767578125,2.0973206542968748,2.2481553588867187,0.7175572519083969,-31.603053435114504,-6.290076335877862,-8.12113203125,-0.3806780639648437,1.0223241088867188,20.3206106870229,-10.961832061068701,-19.66412213740458,0.0
13.730000495910645,-9.066841687011719,2.73896669921875,1.7980454467773437,-5.908396946564886,-33.11450381679389,-7.068702290076335,-9.555258825683593,-0.718260498046875,1.005564697265625,29.61832061068702,-12.870229007633588,-17.587786259541986,0.0
13.740000247955322,-8.870517150878905,2.4588451049804685,1.4341267944335936,-3.3587786259541983,-31.786259541984734,-6.396946564885496,-9.495403784179686,-0.016759411621093748,-0.028730419921875,30.977099236641223,-13.954198473282442,-16.916030534351144,0.0
13.750000476837158,-8.504204296874999,1.35990654296875,1.7549498168945312,-3.0076335877862594,-31.328244274809162,-6.442748091603053,-9.018957653808593,1.7788918334960937,-0.6967126831054687,33.61832061068702,-12.870229007633588,-17.435114503816795,0.0
13.760000705718994,-10.062829577636718,2.070984436035156,4.402936853027343,0.8091603053435115,-26.717557251908396,-9.16030534351145,-8.927977990722656,1.7334020019531249,-0.19153613281249998,17.603053435114504,-3.450381679389313,-16.290076335877863,0.0
13.77000117301941,-8.257601525878906,1.89620771484375,4.240131140136718,2.732824427480916,-31.96946564885496,-9.236641221374045,-9.112331518554686,2.7437551025390623,0.2442085693359375,4.916030534351145,3.1603053435114505,-14.80916030534351,0.0
13.780000686645508,-9.433154541015625,2.6192566162109374,5.023035083007812,4.427480916030534,-31.587786259541986,-10.625954198473282,-9.332598071289063,1.455674609375,1.0103531005859374,-2.8091603053435112,5.969465648854962,-10.442748091603054,0.0
13.790000915527344,-10.079588989257813,3.4524387939453125,5.647921716308593,-0.7175572519083969,-38.10687022900763,-12.961832061068701,-9.74200655517578,0.928950244140625,1.1659762084960936,3.2977099236641223,2.2442748091603053,-8.076335877862595,0.0
13.800000667572021,-8.820238916015624,3.2130186279296873,5.257666845703125,-3.9083969465648853,-47.770992366412216,-13.755725190839694,-9.356540087890625,1.7908628417968748,1.1037269653320312,-1.8015267175572518,6.076335877862595,-9.603053435114504,0.0
13.810000896453857,-8.743624462890624,3.4428619873046875,5.892130285644531,-11.587786259541986,-56.88549618320611,-14.992366412213741,-8.781931689453124,1.1516109985351561,1.0654197387695312,-17.34351145038168,11.664122137404581,-9.618320610687023,0.0
13.820000648498535,-9.885658654785155,3.3710359375,6.957550024414062,-21.52671755725191,-66.7175572519084,-16.870229007633586,-9.5001921875,1.637633935546875,-0.2657563842773437,-14.931297709923664,17.709923664122137,-7.038167938931298,0.0
13.830000638961792,-9.445125549316407,1.908178723144531,6.8210805297851556,-26.47328244274809,-79.83206106870229,-15.099236641221374,-9.718064538574218,3.418919970703125,-0.6512228515624999,-24.442748091603054,22.778625954198475,-5.66412213740458,0.0
13.840000629425049,-9.83777462158203,0.40222587890625,8.1594392578125,-19.49618320610687,-91.29770992366412,-15.16030534351145,-12.459425439453124,1.6256629272460936,0.10773907470703124,-37.541984732824424,31.374045801526716,-4.137404580152672,0.0
13.850000619888306,-10.929530578613281,0.5243301635742187,9.710881933593749,-1.3129770992366412,-102.91603053435115,-15.221374045801527,-11.67652149658203,0.0430956298828125,-0.076614453125,-42.74809160305343,29.923664122137403,-9.435114503816793,0.0
13.860000610351562,-11.97100830078125,-0.9576806640625,9.849745629882811,21.954198473282442,-116.25954198473282,-10.335877862595419,-15.205574743652344,-3.3877953491210935,-0.4429273071289062,-29.83206106870229,30.259541984732824,-15.374045801526718,0.0
13.870000839233398,-13.912705847167969,-2.0781670410156248,10.407594616699217,55.57251908396947,-123.32824427480917,-7.557251908396947,-17.329231616210937,-6.289567761230469,1.3575123413085937,-12.396946564885496,33.38931297709924,-13.053435114503817,0.0
13.880001068115234,-14.279018701171875,-3.469198205566406,8.415618835449218,74.87022900763358,-134.04580152671755,-8.488549618320612,-14.561534497070312,-1.9416975463867185,-0.28969840087890625,14.610687022900763,13.419847328244275,-11.938931297709924,0.0
13.890000820159912,-15.734693310546874,-2.2553379638671873,7.244854223632812,87.52671755725191,-141.26717557251908,-14.122137404580153,-9.923965881347655,1.1444283935546875,-1.8650830932617186,14.870229007633588,11.740458015267176,-10.549618320610687,0.0
13.900001049041748,-16.31169591064453,0.39983167724609375,6.1650692749023435,82.16793893129771,-151.6946564885496,-19.068702290076335,-8.008604553222655,3.0550013183593747,-2.722207287597656,6.488549618320611,15.86259541984733,-7.557251908396947,0.0
13.910000562667847,-16.223110449218748,2.1595698974609374,4.565742565917969,72.07633587786259,-157.206106870229,-18.015267175572518,-8.9255837890625,1.1923124267578125,-1.4053963745117186,-6.396946564885496,21.87786259541985,-2.8244274809160306,0.0
13.920000791549683,-14.295778112792968,2.24097275390625,1.9105729248046874,53.45038167938932,-160.0916030534351,-15.282442748091603,-10.402806213378906,-0.9002198242187499,-1.6112977172851561,-5.267175572519084,21.251908396946565,-0.366412213740458,0.0
13.93000078201294,-12.725181823730468,2.5641899780273434,-0.4860229370117187,39.45038167938932,-150.50381679389312,-11.16030534351145,-11.259930407714844,-5.027823486328125,0.8738836059570312,-0.6412213740458015,23.374045801526716,2.6564885496183206,0.0
13.940001010894775,-10.390835205078124,2.233790148925781,-1.9416975463867185,22.702290076335878,-139.3740458015267,-7.221374045801527,-10.340556970214843,-4.996698864746094,-0.8690952026367187,18.9618320610687,15.267175572519085,2.2900763358778624,0.0
13.950000524520874,-8.418013037109375,1.4125789794921875,-2.528276953125,16.793893129770993,-120.77862595419847,-1.8778625954198473,-9.677363110351562,-3.689464758300781,-2.252943762207031,27.00763358778626,17.72519083969466,2.931297709923664,0.0
13.96000075340271,-5.853823059082031,-0.7565677246093749,-3.488351818847656,12.366412213740459,-98.16793893129771,2.595419847328244,-10.433930834960936,-3.871424084472656,-2.085349645996094,33.48091603053435,22.763358778625953,6.015267175572519,0.0
13.970000743865967,-4.9823336547851556,-2.3965958618164063,-2.6216508178710938,21.66412213740458,-70.4885496183206,3.5877862595419847,-9.239224206542968,-2.4205378784179685,-2.6216508178710938,40.3206106870229,22.610687022900763,4.687022900763359,0.0
13.980000734329224,-4.917690209960937,-2.1260510742187497,-1.9800047729492187,35.603053435114504,-46.458015267175576,4.412213740458015,-8.990227233886719,-0.8714894042968749,-2.2768857788085937,32.42748091603053,24.68702290076336,3.969465648854962,0.0
13.99000072479248,-3.900154504394531,-1.6208745239257811,-1.838746875,50.48854961832061,-18.519083969465647,7.251908396946565,-8.173804467773436,0.1149216796875,-2.039859814453125,10.580152671755725,30.442748091603054,3.0229007633587788,0.0
14.000000715255737,-5.590460876464843,1.5107412475585937,-0.2825157958984375,41.083969465648856,-0.8244274809160306,2.351145038167939,-9.042899670410156,1.1516109985351561,-0.47165772705078124,-13.129770992366412,37.954198473282446,4.244274809160306,0.0
14.010001182556152,-6.042964990234375,2.789244934082031,-0.16759411621093748,20.519083969465647,6.564885496183206,0.732824427480916,-11.398794104003905,-1.3479355346679687,0.08140285644531249,-26.213740458015266,41.66412213740458,9.419847328244275,0.0
14.020000696182251,-6.2584431396484375,3.411737365722656,-0.2561795776367187,-10.0,10.229007633587786,0.9465648854961832,-10.551246716308594,-2.4684219116210935,0.7900865478515624,-19.770992366412212,31.450381679389313,7.908396946564886,0.0
14.030000925064087,-5.691017346191406,2.844311572265625,-0.5530605834960938,-28.412213740458014,17.541984732824428,2.854961832061069,-11.326968054199218,-4.572925170898437,2.664746447753906,-11.557251908396946,29.068702290076335,7.145038167938932,0.0
14.040000438690186,-5.238513232421875,2.8945898071289062,-0.6703764648437499,-53.25190839694657,20.99236641221374,0.4122137404580153,-10.498574279785156,-2.5043349365234375,1.4772224243164063,3.954198473282443,12.549618320610687,2.6259541984732824,0.0
14.0500009059906,-4.527435339355469,2.85388837890625,-0.6105214233398437,-74.62595419847328,27.0381679389313,-1.6793893129770991,-9.672574707031249,-1.707065783691406,1.0414777221679687,-2.519083969465649,13.32824427480916,2.1374045801526718,0.0
14.060203790664673,-4.027047192382812,2.0470424194335934,-0.689530078125,-94.68702290076335,31.52671755725191,-1.6793893129770991,-9.737218151855469,-0.43574470214843747,0.6943184814453125,-2.0916030534351147,9.557251908396946,3.8473282442748094,0.0
14.070000648498535,-3.6056677001953124,0.6943184814453125,-0.16519991455078123,-94.65648854961832,44.25954198473283,0.33587786259541985,-9.375693701171874,-0.36391865234375,0.9744400756835937,-5.66412213740458,10.290076335877863,3.404580152671756,0.0
14.080000877380371,-3.248931652832031,-0.469263525390625,0.0909796630859375,-88.80916030534351,57.93893129770992,1.4961832061068703,-9.90241806640625,-0.469263525390625,0.35194764404296874,-5.511450381679389,9.98473282442748,2.885496183206107,0.0
14.090000629425049,-2.935291235351562,-1.7525556152343749,0.45489831542968745,-81.69465648854961,70.01526717557252,1.6488549618320612,-9.502586389160156,-0.316034619140625,0.2154781494140625,-7.00763358778626,8.595419847328245,3.2519083969465647,0.0
14.100001096725464,-3.4428619873046875,-3.239354846191406,1.0079588989257813,-69.8473282442748,83.93893129770993,0.2900763358778626,-10.084377392578125,-0.9457096557617187,-0.17477672119140625,-8.0,8.793893129770993,4.564885496183206,0.0
14.11000108718872,-4.302380383300781,-4.254496350097656,2.061407629394531,-59.9236641221374,94.83969465648855,-3.6946564885496183,-9.70369932861328,-1.1444283935546875,-0.5626373901367188,-7.572519083969466,7.8320610687022905,4.534351145038168,0.0
14.120000839233398,-5.195417602539062,-4.790797521972656,3.0238766967773434,-45.587786259541986,104.54961832061069,-8.13740458015267,-9.955090502929687,-1.8938135131835936,-0.25139117431640623,-4.702290076335878,7.877862595419847,5.938931297709924,0.0
14.130000829696655,-6.548141540527343,-3.545812658691406,4.522646936035156,-23.083969465648856,113.31297709923665,-11.541984732824428,-9.588777648925781,-2.3247698120117186,-0.28730419921875,0.04580152671755725,6.580152671755725,6.961832061068702,0.0
14.140001058578491,-7.687781530761718,-2.6862942626953124,4.747701892089843,1.8778625954198473,117.3587786259542,-10.748091603053435,-9.763554370117188,-2.808398547363281,-0.0909796630859375,6.259541984732825,5.282442748091603,8.50381679389313,0.0
14.150000810623169,-9.03332286376953,0.9217676391601562,6.950367419433594,18.12213740458015,120.56488549618321,-9.16030534351145,-9.555258825683593,-2.7724855224609373,-0.105344873046875,12.16793893129771,6.015267175572519,7.770992366412214,0.0
14.160001039505005,-10.012551342773437,0.6751648681640625,5.8610056640625,38.51908396946565,122.10687022900764,0.1984732824427481,-9.631873278808593,-1.43652099609375,-0.3112462158203125,13.526717557251908,5.251908396946565,6.961832061068702,0.0
14.170000791549683,-8.731653454589843,0.16041151123046873,5.746083984375,57.55725190839695,123.64885496183206,5.358778625954199,-10.084377392578125,-0.2346317626953125,-1.0606313354492187,9.48091603053435,5.816793893129771,7.679389312977099,0.0
14.180001020431519,-10.39322940673828,0.4644751220703125,5.834669445800781,75.43511450381679,128.3053435114504,7.022900763358779,-9.188945971679686,-0.1005564697265625,-0.6871358764648438,-1.251908396946565,9.98473282442748,9.236641221374045,0.0
14.190001010894775,-11.154585534667968,1.93451494140625,7.175422375488281,74.45801526717557,123.34351145038168,4.748091603053435,-8.008604553222655,4.153939880371094,-2.9640216552734375,-10.351145038167939,11.297709923664122,5.816793893129771,0.0
14.200001001358032,-11.982979309082031,3.306392492675781,7.268796240234375,55.221374045801525,108.97709923664122,0.5038167938931297,-9.306261853027344,0.6607996582031249,-1.3718775512695311,-39.86259541984733,26.717557251908396,12.259541984732824,0.0
14.21000075340271,-10.390835205078124,0.016759411621093748,6.112396838378906,42.58015267175573,95.72519083969466,3.1755725190839694,-11.094730493164063,-1.9129671264648436,-0.6153098266601562,-34.458015267175576,25.709923664122137,18.244274809160306,0.0
14.220000743865967,-10.9175595703125,-1.0702081420898437,5.035006091308594,54.458015267175576,93.22137404580153,6.656488549618321,-9.548076220703125,-3.373430139160156,-0.0047884033203125,-21.96946564885496,19.954198473282442,17.129770992366414,0.0
14.230000495910645,-12.650961572265624,0.737414111328125,5.377376928710937,46.38167938931298,87.5114503816794,6.488549618320611,-9.514557397460937,-2.2744915771484373,-0.6344634399414062,-7.755725190839694,11.908396946564885,13.251908396946565,0.0
14.240000486373901,-15.935806249999999,1.5155296508789062,8.32463917236328,28.366412213740457,75.16030534351145,7.541984732824427,-10.029310754394531,-2.4301146850585935,-0.3806780639648437,-9.374045801526718,15.603053435114504,14.305343511450381,0.0
14.250001192092896,-19.258958154296874,1.8339584716796873,11.911153259277343,23.938931297709924,61.7557251908397,16.580152671755727,-9.804255798339844,-1.8004396484374998,-0.7924807495117187,-2.763358778625954,13.19083969465649,16.12213740458015,0.0
14.260000944137573,-18.193538415527343,1.37906015625,10.967837805175781,23.129770992366414,43.81679389312977,23.206106870229007,-9.56962403564453,-0.38786066894531246,-0.9983820922851562,-3.6946564885496183,12.625954198473282,15.923664122137405,0.0
14.27000093460083,-17.14248388671875,2.6599580444335937,8.652644799804687,3.3587786259541983,17.64885496183206,17.068702290076335,-8.508992700195313,1.5825672973632812,-1.3120225097656248,-14.732824427480915,15.068702290076336,14.15267175572519,0.0
14.280000925064087,-12.567164514160156,0.7517793212890624,5.738901379394531,8.564885496183207,11.404580152671755,17.0381679389313,-9.234435803222656,-0.1292868896484375,-1.2018892333984375,-28.18320610687023,19.64885496183206,19.129770992366414,0.0
14.290000915527344,-11.3389390625,1.0319009155273438,4.604049792480469,2.3053435114503817,4.8396946564885495,7.557251908396947,-9.964667309570311,-2.3630770385742186,-0.7398083129882812,-21.297709923664122,19.083969465648856,21.64885496183206,0.0
14.300000667572021,-9.928754284667969,2.4109610717773435,3.0430303100585934,-10.458015267175572,-1.282442748091603,-2.2442748091603053,-9.727641345214844,-2.6862942626953124,-0.8092401611328125,-15.465648854961833,16.595419847328245,19.404580152671755,0.0
14.310001134872437,-9.586383447265625,5.310339282226562,2.454056701660156,-37.954198473282446,-8.16793893129771,-4.763358778625954,-9.141061938476563,-1.2856862915039062,-1.3527239379882812,-17.389312977099237,12.366412213740459,17.72519083969466,0.0
14.320000886917114,-8.015787158203125,6.335057592773437,1.0797849487304687,-59.31297709923664,-10.442748091603054,2.854961832061069,-9.878476049804688,-1.0989385620117187,-1.5083470458984374,-15.770992366412214,8.82442748091603,18.47328244274809,0.0
14.330000877380371,-7.156268762207031,6.222530114746093,-0.040701428222656245,-73.26717557251908,-5.068702290076335,11.969465648854962,-9.581595043945311,-0.3806780639648437,-1.3239935180664062,-14.625954198473282,7.465648854961832,17.557251908396946,0.0
14.340000867843628,-5.035006091308594,4.316745593261719,-1.2761094848632812,-85.54198473282443,-0.8702290076335878,21.64885496183206,-9.64623848876953,0.3327940307617187,-1.0127473022460938,-14.80916030534351,5.694656488549619,15.664122137404581,0.0
14.350001096725464,-6.332663391113281,1.2761094848632812,-0.36631285400390623,-84.01526717557252,8.259541984732824,29.206106870229007,-9.686939916992188,0.6153098266601562,-0.8020575561523438,-15.938931297709924,4.33587786259542,13.633587786259541,0.0
14.360000610351562,-6.186617089843749,-0.8978256225585937,0.5123591552734374,-59.541984732824424,23.84732824427481,32.916030534351144,-10.007762939453125,0.7781155395507812,-0.63206923828125,-17.206106870229007,2.8702290076335877,12.778625954198473,0.0
14.370000839233398,-8.17141026611328,-0.05746083984375,1.8363526733398436,-59.17557251908397,24.33587786259542,27.16030534351145,-9.83777462158203,2.0278888061523435,-1.0031704956054688,-20.900763358778626,-1.83206106870229,12.213740458015268,0.0
14.380000591278076,-9.107543115234375,-1.158793603515625,2.3774422485351563,-55.6793893129771,23.129770992366414,25.801526717557252,-10.426748229980468,1.678335363769531,-0.9983820922851562,-25.923664122137403,-3.5572519083969465,13.511450381679388,0.0
14.390001058578491,-9.325415466308593,-2.4061726684570313,2.597708801269531,-42.74809160305343,23.16030534351145,22.244274809160306,-10.335768566894531,1.5705962890624998,-0.9864110839843749,-30.0,-5.511450381679389,13.816793893129772,0.0
14.400001049041748,-10.682927807617187,-1.7764976318359373,3.189076611328125,-29.236641221374047,21.14503816793893,15.587786259541986,-10.350133776855468,0.7254431030273437,-1.3263877197265623,-31.46564885496183,-6.900763358778626,14.854961832061068,0.0
14.410000562667847,-11.238382592773437,-0.7613561279296874,3.1220389648437497,-14.900763358778626,19.801526717557252,11.816793893129772,-8.889670764160156,0.181959326171875,-0.9002198242187499,-31.984732824427482,-8.916030534351146,14.717557251908397,0.0
14.420000553131104,-11.724405529785155,0.8379705810546875,3.0693665283203124,-5.694656488549619,16.870229007633586,10.67175572519084,-9.387664709472656,-0.6392518432617187,-0.9145850341796874,-13.34351145038168,-16.519083969465647,14.732824427480915,0.0
14.43000078201294,-11.25514200439453,2.3391350219726563,2.6144682128906247,3.648854961832061,14.625954198473282,12.793893129770993,-8.44674345703125,1.0989385620117187,-1.7022773803710936,-8.412213740458014,-16.564885496183205,13.465648854961833,0.0
14.440000534057617,-10.934318981933593,3.3542765258789062,2.269703173828125,2.0916030534351147,11.022900763358779,14.0,-9.574412438964844,0.41419688720703124,-2.250549560546875,-16.85496183206107,-10.641221374045802,15.16030534351145,0.0
14.450000524520874,-9.926360083007811,3.5577836669921874,1.675941162109375,-0.5801526717557252,9.34351145038168,17.251908396946565,-8.611943371582031,1.7286135986328124,-2.3630770385742186,-22.717557251908396,-1.8931297709923665,15.251908396946565,0.0
14.46000051498413,-9.392453112792968,3.890577697753906,0.9457096557617187,-7.0534351145038165,7.66412213740458,19.66412213740458,-10.304643945312499,-0.565031591796875,-1.2641384765625,-17.72519083969466,2.9770992366412212,18.045801526717558,0.0
14.470000743865967,-8.755595471191405,4.244919543457031,0.1197100830078125,-13.389312977099237,7.343511450381679,21.129770992366414,-9.64623848876953,-0.3591302490234375,-1.2904746948242187,-9.251908396946565,3.3282442748091605,14.442748091603054,0.0
14.480000495910645,-8.59278975830078,4.077325427246094,-0.4572925170898437,-24.213740458015266,7.511450381679389,22.061068702290076,-10.68053360595703,-1.9728221679687499,-0.47644613037109373,-3.6946564885496183,0.04580152671755725,13.206106870229007,0.0
14.490000486373901,-8.372523205566406,3.323151904296875,-0.6919242797851562,-30.50381679389313,9.038167938931299,22.396946564885496,-9.265560424804686,0.7613561279296874,-0.7685387329101562,5.404580152671755,-3.954198473282443,7.66412213740458,0.0
14.500000476837158,-8.91840118408203,3.0262708984374997,-0.39743747558593745,-37.3587786259542,11.664122137404581,23.587786259541986,-10.572794531249999,-0.040701428222656245,-1.0127473022460938,5.587786259541985,-0.9465648854961832,9.389312977099237,0.0
14.510001182556152,-9.215282189941405,2.501940734863281,0.04548983154296875,-42.0,13.725190839694656,23.49618320610687,-10.139444030761718,1.0630255371093749,-0.9145850341796874,10.427480916030534,-1.2061068702290076,9.297709923664122,0.0
14.520000696182251,-9.923965881347655,1.5873557006835937,0.8259995727539062,-45.603053435114504,14.534351145038167,22.442748091603054,-11.233594189453123,0.1484405029296875,-0.5219359619140624,16.38167938931298,-2.4732824427480917,10.80916030534351,0.0
14.530000925064087,-10.108319409179687,0.12689268798828124,1.7334020019531249,-42.54961832061068,14.80916030534351,19.72519083969466,-10.345345373535155,0.5985504150390625,-0.33039982910156246,11.740458015267176,-5.32824427480916,8.763358778625955,0.0
14.540000915527344,-10.120290417480469,-0.6679822631835937,2.142810485839844,-35.80152671755725,14.442748091603054,16.65648854961832,-9.878476049804688,0.5578489868164063,-0.26336218261718747,5.526717557251908,-10.687022900763358,7.251908396946565,0.0
14.5500009059906,-10.16338604736328,-1.0127473022460938,2.157175695800781,-24.778625954198475,14.763358778625955,13.206106870229007,-11.281478222656249,0.09816226806640624,1.005564697265625,10.641221374045802,-10.13740458015267,7.877862595419847,0.0
14.560000658035278,-9.868899243164062,-0.8834604125976562,2.099714855957031,-13.664122137404581,14.366412213740459,8.610687022900763,-8.834604125976561,3.066972326660156,-0.373495458984375,12.992366412213741,-10.320610687022901,5.740458015267175,0.0
14.570000886917114,-9.598354455566406,-0.3711012573242187,1.8650830932617186,-4.442748091603053,14.351145038167939,5.297709923664122,-9.229647399902344,1.927332336425781,-1.5849614990234373,-6.687022900763359,-12.030534351145038,7.190839694656488,0.0
14.580000638961792,-9.622296472167967,0.7062894897460937,1.7262193969726563,1.3587786259541985,13.725190839694656,2.6106870229007635,-9.591171850585937,1.0965443603515623,-0.488417138671875,-7.251908396946565,-1.3129770992366412,10.51908396946565,0.0
14.590000629425049,-9.368511096191405,1.6304513305664061,1.4245499877929686,3.5267175572519083,12.50381679389313,1.0534351145038168,-8.487444885253906,2.109291662597656,-0.93852705078125,-10.16793893129771,-3.404580152671756,8.458015267175572,0.0
14.600000619888306,-9.208099584960937,2.310404602050781,0.8858546142578124,4.0458015267175576,11.465648854961833,1.6946564885496183,-8.264784130859374,2.2361843505859373,-1.1731588134765625,-14.82442748091603,-1.1145038167938932,7.297709923664122,0.0
14.610000610351562,-9.327809667968749,2.9831752685546875,0.5865794067382812,4.6106870229007635,12.748091603053435,3.3740458015267176,-9.986215124511718,-0.02633621826171875,-0.39264907226562495,-16.458015267175572,-0.9007633587786259,8.977099236641221,0.0
14.62000060081482,-9.442731347656249,3.689464758300781,0.047884033203124995,1.4198473282442747,13.450381679389313,5.786259541984733,-9.9981861328125,-0.32561142578124996,-0.09576806640624999,-14.061068702290076,0.07633587786259542,7.541984732824427,0.0
14.630000591278076,-9.411606726074218,4.529829541015625,-0.10295067138671875,-9.099236641221374,12.687022900763358,7.526717557251908,-9.94072529296875,-0.5027823486328125,-0.2825157958984375,-12.351145038167939,-3.1297709923664123,5.465648854961832,0.0
14.640000581741333,-9.586383447265625,3.9169139160156248,-0.0047884033203125,-17.19083969465649,13.282442748091603,9.98473282442748,-10.311826550292968,-0.7924807495117187,-0.21308394775390624,-8.473282442748092,-5.32824427480916,2.9618320610687023,0.0
14.65000057220459,-9.253589416503905,2.2457611572265623,0.19632453613281248,-21.908396946564885,13.404580152671755,12.0,-12.042834350585936,-2.7174188842773437,0.9816226806640624,2.549618320610687,-8.106870229007633,2.8702290076335877,0.0
14.660001039505005,-9.667786303710937,2.2864625854492187,0.9361328491210937,-20.549618320610687,15.725190839694656,9.801526717557252,-9.83777462158203,0.9864110839843749,-0.19871873779296872,12.473282442748092,-19.129770992366414,-4.702290076335878,0.0
14.670000553131104,-10.108319409179687,2.3056161987304686,1.4987702392578124,-25.61832061068702,14.595419847328245,8.213740458015268,-10.71884083251953,0.316034619140625,-0.06943184814453125,9.938931297709924,-20.442748091603054,-5.816793893129771,0.0
14.68000054359436,-10.038887561035155,1.6927005737304686,1.8770541015625,-27.389312977099237,13.053435114503817,7.206106870229007,-11.298237634277344,-0.3399766357421875,0.40222587890625,8.748091603053435,-25.022900763358777,-5.633587786259542,0.0
14.690000534057617,-9.926360083007811,1.1252747802734375,2.308010400390625,-24.625954198473284,12.732824427480915,7.00763358778626,-10.733206042480468,-0.5578489868164063,0.239420166015625,17.633587786259543,-29.87786259541985,-7.66412213740458,0.0
14.700000524520874,-9.8449572265625,1.2785036865234374,2.5546131713867184,-20.702290076335878,11.770992366412214,5.984732824427481,-10.062829577636718,1.0223241088867188,-0.699106884765625,23.51145038167939,-29.16030534351145,-10.320610687022901,0.0
14.71000075340271,-9.428366137695312,1.6041151123046875,2.6001030029296874,-17.236641221374047,10.351145038167939,5.541984732824427,-9.14824454345703,2.999934680175781,-0.4213794921875,15.465648854961833,-26.732824427480917,-11.19083969465649,0.0
14.720000505447388,-9.5384994140625,1.9680337646484374,2.540247961425781,-14.412213740458014,8.870229007633588,6.259541984732825,-10.022128149414062,1.4149731811523436,-1.3814543579101561,-0.32061068702290074,-16.595419847328245,-7.3893129770992365,0.0
14.730000734329224,-9.229647399902344,1.7645266235351562,2.090138049316406,-12.305343511450381,8.091603053435115,8.106870229007633,-8.904035974121093,1.2018892333984375,0.2154781494140625,-9.86259541984733,-13.664122137404581,-5.648854961832061,0.0
14.740000247955322,-8.276755139160155,0.5793968017578125,0.9744400756835937,-6.473282442748092,7.984732824427481,9.17557251908397,-7.917624890136718,1.70467158203125,-1.3670891479492187,-9.98473282442748,-18.549618320610687,-6.748091603053435,0.0
14.750000476837158,-9.425971936035156,1.4125789794921875,1.2210428466796874,0.7022900763358778,12.51908396946565,5.66412213740458,-10.64222637939453,-2.0925322509765625,1.235408056640625,-5.9541984732824424,-15.312977099236642,-2.2595419847328246,0.0
14.760000467300415,-9.995791931152343,1.5514426757812498,1.6472107421875,3.2061068702290076,14.702290076335878,3.66412213740458,-10.12507882080078,-1.3551181396484375,0.36631285400390623,8.870229007633588,-18.3206106870229,-5.541984732824427,0.0
14.77000117301941,-10.261548315429687,1.8219874633789062,1.889025109863281,-1.5267175572519085,12.305343511450381,2.351145038167939,-9.890447058105469,0.23223756103515625,1.16837041015625,19.206106870229007,-24.061068702290076,-6.580152671755725,0.0
14.780000686645508,-10.599130749511717,1.848323681640625,2.437297290039062,-4.549618320610687,11.099236641221374,-0.732824427480916,-9.483432775878907,0.488417138671875,0.13168109130859373,26.061068702290076,-28.83969465648855,-8.076335877862595,0.0
14.790001392364502,-9.89523546142578,0.8954314208984374,2.4133552734375,-2.549618320610687,11.068702290076336,-1.6946564885496183,-9.406818322753905,2.1356278808593747,0.469263525390625,30.27480916030534,-29.282442748091604,-8.763358778625955,0.0
14.8000009059906,-10.75714805908203,1.8267758666992187,2.5163059448242184,-12.0,5.694656488549619,-4.213740458015267,-9.006986645507812,2.5809493896484375,-1.177947216796875,14.778625954198473,-26.076335877862597,-8.717557251908397,0.0
14.810001373291016,-9.382876306152344,0.11731588134765625,1.675941162109375,-6.931297709923665,6.198473282442748,-4.1679389312977095,-9.380482104492186,1.43652099609375,-0.00239420166015625,-19.6793893129771,-21.64885496183206,-5.358778625954199,0.0
14.820000410079956,-9.770736975097655,0.5770026000976562,1.714248388671875,-7.893129770992366,4.870229007633588,-8.534351145038167,-8.415618835449218,2.9496564453125,-0.296881005859375,-30.18320610687023,-21.083969465648856,-6.809160305343512,0.0
14.830000638961792,-9.976638317871092,0.8643067993164062,1.429338391113281,-3.8625954198473282,3.7557251908396947,-11.129770992366412,-10.249577307128906,1.0534487304687499,0.4836287353515625,-27.938931297709924,-15.893129770992367,-4.916030534351145,0.0
14.840000629425049,-9.83777462158203,1.5107412475585937,1.4413093994140624,-1.7099236641221374,2.8702290076335877,-13.145038167938932,-9.622296472167967,0.4381389038085937,-0.055066638183593745,-32.916030534351144,-15.083969465648854,-6.625954198473282,0.0
14.850000381469727,-9.682151513671874,2.0446482177734375,1.4437036010742186,0.13740458015267176,2.5801526717557253,-13.251908396946565,-10.134655627441406,-0.6584054565429687,0.4908113403320312,-33.954198473282446,-15.557251908396946,-6.778625954198473,0.0
14.860000371932983,-10.022128149414062,2.7246014892578123,1.419761584472656,-0.1984732824427481,1.7557251908396947,-11.725190839694656,-9.967061511230469,-0.7565677246093749,-0.023942016601562498,-27.0381679389313,-16.396946564885496,-8.366412213740459,0.0
14.87000060081482,-9.696516723632811,2.6719290527343746,1.3551181396484375,0.7480916030534351,1.465648854961832,-10.213740458015268,-11.81059678955078,-3.373430139160156,1.0869675537109373,-12.412213740458014,-17.740458015267176,-6.427480916030534,0.0
14.880000591278076,-9.430760339355468,2.7198130859375,1.5466542724609373,1.3282442748091603,0.9618320610687023,-8.946564885496183,-8.91840118408203,-0.4644751220703125,-0.1197100830078125,5.00763358778626,-24.290076335877863,-11.908396946564885,0.0
14.890000581741333,-9.406818322753905,2.602497204589844,1.637633935546875,1.618320610687023,1.4351145038167938,-8.183206106870228,-10.139444030761718,-1.9321207397460936,0.08858546142578125,12.076335877862595,-26.580152671755727,-12.259541984732824,0.0
14.900000810623169,-9.4618849609375,2.3822306518554686,1.7453730102539062,-0.3816793893129771,0.5954198473282443,-8.549618320610687,-9.440337145996093,-0.7685387329101562,0.2346317626953125,20.946564885496183,-29.64885496183206,-14.549618320610687,0.0
14.910000562667847,-9.41639512939453,1.838746875,2.0278888061523435,-0.5190839694656488,0.13740458015267176,-8.625954198473282,-9.141061938476563,-0.39743747558593745,0.055066638183593745,22.33587786259542,-28.595419847328245,-16.33587786259542,0.0
14.920000791549683,-9.555258825683593,1.5131354492187499,2.0877438476562498,-0.13740458015267176,-0.9007633587786259,-8.961832061068701,-8.003816149902343,1.956062756347656,-0.8882488159179687,19.557251908396946,-28.900763358778626,-18.3206106870229,0.0
14.93000078201294,-9.509768994140625,1.6017209106445311,2.0183119995117185,-0.7786259541984732,-1.3435114503816794,-10.427480916030534,-7.433996154785156,2.291250988769531,-0.5147533569335937,5.083969465648855,-25.206106870229007,-17.083969465648856,0.0
14.940000772476196,-9.686939916992188,1.6472107421875,2.128445275878906,-2.030534351145038,-2.595419847328244,-12.076335877862595,-9.868899243164062,0.6344634399414062,0.2609679809570312,0.6564885496183206,-19.297709923664122,-13.526717557251908,0.0
14.950000524520874,-9.619902270507811,1.2737152832031249,2.2768857788085937,-2.8244274809160306,-3.2213740458015265,-13.908396946564885,-8.451531860351562,1.0654197387695312,0.5051765502929687,-3.099236641221374,-16.15267175572519,-14.51908396946565,0.0
14.960000276565552,-9.428366137695312,1.0845733520507812,2.482787121582031,-1.8778625954198473,-4.061068702290076,-14.702290076335878,-8.700528833007812,0.7829039428710937,0.4070142822265625,-6.564885496183206,-18.12213740458015,-16.03053435114504,0.0
14.970000505447388,-9.497797985839844,1.216254443359375,2.8275521606445313,1.8778625954198473,-5.709923664122138,-16.045801526717558,-9.342174877929686,-0.6272808349609375,0.7924807495117187,-8.427480916030534,-15.236641221374045,-15.877862595419847,0.0
14.980000495910645,-9.17458076171875,1.2282254516601563,3.2537200561523436,5.603053435114504,-7.893129770992366,-15.816793893129772,-9.507374792480467,-0.5123591552734374,0.28969840087890625,1.4809160305343512,-21.14503816793893,-17.099236641221374,0.0
14.990000486373901,-8.832209924316405,1.0606313354492187,2.93050283203125,12.01526717557252,-9.297709923664122,-14.732824427480915,-10.089165795898436,-1.6998831787109374,1.120486376953125,4.793893129770993,-17.83206106870229,-18.213740458015266,0.0
15.000000476837158,-7.433996154785156,-0.833182177734375,2.408566870117187,24.412213740458014,-9.572519083969466,-13.48091603053435,-9.323021264648437,-0.5746083984375,0.5458779785156249,9.526717557251908,-20.18320610687023,-20.82442748091603,0.0
15.010000705718994,-8.252813122558594,1.005564697265625,2.767697119140625,31.450381679389313,-9.83206106870229,-17.19083969465649,-9.428366137695312,-1.5179238525390624,1.0079588989257813,8.732824427480915,-16.18320610687023,-20.33587786259542,0.0
15.02000093460083,-9.981426721191406,3.9983167724609374,3.5098996337890624,27.358778625954198,-12.290076335877863,-20.778625954198475,-9.988609326171874,-0.6607996582031249,0.8978256225585937,18.717557251908396,-21.6793893129771,-21.786259541984734,0.0
15.030000925064087,-8.904035974121093,2.530671154785156,2.9735984619140625,20.931297709923665,-19.938931297709924,-17.709923664122137,-9.050082275390624,-0.97683427734375,1.0749965454101562,19.389312977099237,-25.587786259541986,-23.34351145038168,0.0
15.040000677108765,-8.75320126953125,2.93050283203125,3.1028853515624997,20.396946564885496,-20.3206106870229,-16.610687022900763,-8.279149340820313,0.1484405029296875,1.1731588134765625,21.450381679389313,-25.84732824427481,-27.19083969465649,0.0
15.050000667572021,-8.305485559082031,2.7269956909179687,2.6671406494140624,18.763358778625953,-22.85496183206107,-15.114503816793894,-8.863334545898438,0.8451531860351562,0.06943184814453125,16.48854961832061,-20.610687022900763,-27.541984732824428,0.0
15.060000896453857,-8.635885388183594,2.89219560546875,2.142810485839844,12.534351145038167,-24.091603053435115,-12.931297709923664,-7.560888842773437,1.656787548828125,0.01915361328125,7.633587786259542,-21.801526717557252,-26.80916030534351,0.0
15.070000648498535,-7.474697583007812,2.389413256835937,2.0302830078125,8.549618320610687,-23.908396946564885,-10.381679389312977,-7.541735229492187,2.4899697265625,-1.5227122558593749,1.099236641221374,-17.572519083969464,-25.64885496183206,0.0
15.080000638961792,-8.621520178222656,3.9240965209960934,2.346317626953125,7.893129770992366,-22.778625954198475,-11.053435114503817,-9.07163009033203,-0.4644751220703125,0.55545478515625,-6.99236641221374,-8.427480916030534,-20.68702290076336,0.0
15.090000629425049,-8.705317236328124,3.660734338378906,2.288856787109375,0.030534351145038167,-23.0381679389313,-9.465648854961833,-8.583212951660157,0.16041151123046873,0.7302315063476562,-1.3587786259541985,-10.427480916030534,-21.603053435114504,0.0
15.100000619888306,-8.384494213867187,2.8275521606445313,2.243366955566406,-1.3740458015267176,-24.458015267175572,-6.351145038167939,-9.227253198242186,-0.7781155395507812,0.9792284790039062,0.7175572519083969,-11.007633587786259,-21.72519083969466,0.0
15.110000848770142,-7.888894470214844,2.214636535644531,2.4133552734375,-0.21374045801526717,-24.244274809160306,-5.374045801526718,-9.478644372558593,-1.0223241088867188,1.1156979736328125,5.1603053435114505,-10.67175572519084,-22.259541984732824,0.0
15.12000060081482,-8.360552197265624,2.693476867675781,3.3494881225585935,1.1145038167938932,-24.916030534351144,-5.129770992366412,-9.60793126220703,-0.6919242797851562,1.0917559570312498,10.610687022900763,-11.679389312977099,-22.38167938931298,0.0
15.130000829696655,-10.374075793457031,5.046977099609375,4.273649963378906,-8.595419847328245,-31.099236641221374,-5.206106870229007,-9.481038574218749,-0.2537853759765625,1.0726023437499999,13.114503816793894,-12.305343511450381,-21.297709923664122,0.0
15.140000581741333,-8.695740429687499,3.1483751831054687,2.901772412109375,-11.053435114503817,-37.55725190839695,1.5877862595419847,-9.392453112792968,0.23702596435546874,1.2665326782226562,14.534351145038167,-11.908396946564885,-20.061068702290076,0.0
15.15000057220459,-8.690952026367187,2.4109610717773435,2.4851813232421875,-13.312977099236642,-35.12977099236641,3.435114503816794,-9.129090930175781,0.4525041137695312,1.5155296508789062,14.580152671755725,-12.65648854961832,-18.015267175572518,0.0
15.160000801086426,-7.936778503417968,1.1516109985351561,0.6296750366210937,-13.725190839694656,-34.18320610687023,5.297709923664122,-9.114725720214842,0.35194764404296874,1.5729904907226562,13.664122137404581,-12.870229007633588,-17.00763358778626,0.0
15.170000553131104,-7.8529814453124995,0.679953271484375,-0.2920926025390625,-8.992366412213741,-27.633587786259543,4.564885496183206,-8.889670764160156,0.19871873779296872,1.5825672973632812,12.82442748091603,-13.17557251908397,-15.32824427480916,0.0
15.18000078201294,-7.168239770507812,0.11252747802734374,-0.18435352783203124,1.1450381679389312,-16.198473282442748,2.366412213740458,-8.59278975830078,0.16519991455078123,1.5251064575195312,11.236641221374045,-13.34351145038168,-13.389312977099237,0.0
15.190000534057617,-8.911218579101561,1.5394716674804687,1.4221557861328125,0.015267175572519083,-7.480916030534351,-0.7175572519083969,-9.100360510253905,-0.1005564697265625,1.3072341064453123,10.702290076335878,-13.17557251908397,-10.977099236641221,0.0
15.200000762939453,-10.20887587890625,2.365471240234375,2.8227637573242186,-8.366412213740459,-5.312977099236641,-2.885496183206107,-9.469067565917967,0.277727392578125,1.3958195678710936,9.236641221374045,-12.977099236641221,-10.564885496183207,0.0
15.21000051498413,-9.5384994140625,0.5602431884765625,3.4931402221679684,-6.931297709923665,-2.6564885496183206,-4.687022900763359,-10.242394702148436,0.11252747802734374,1.4891934326171874,8.870229007633588,-12.320610687022901,-10.122137404580153,0.0
15.220000267028809,-9.45470235595703,-1.4006079711914061,5.097255334472656,-1.1297709923664123,-1.8931297709923665,-10.122137404580153,-10.740388647460938,0.21787235107421873,2.0374656127929685,8.549618320610687,-12.13740458015267,-10.305343511450381,0.0
15.230000495910645,-9.267954626464844,-1.599326708984375,6.030993981933594,18.03053435114504,-1.4045801526717556,-15.648854961832061,-11.118672509765624,0.229843359375,2.2768857788085937,5.526717557251908,-11.709923664122137,-9.19083969465649,0.0
15.240000486373901,-10.330980163574218,-0.02154781494140625,7.687781530761718,26.229007633587788,-7.4961832061068705,-22.80916030534351,-10.51533369140625,1.0175357055664063,1.5322890624999999,0.7938931297709924,-10.061068702290076,-7.022900763358779,0.0
15.250000476837158,-11.401188305664062,1.4053963745117186,8.640673791503906,26.091603053435115,-25.954198473282442,-26.717557251908396,-10.034099157714843,2.616862414550781,0.7062894897460937,-5.816793893129771,-5.435114503816794,-3.3740458015267176,0.0
15.260000705718994,-11.314997045898437,1.0199299072265624,9.983820922851562,28.931297709923665,-45.87786259541985,-25.419847328244273,-9.868899243164062,4.551377355957031,-1.695094775390625,-8.229007633587786,0.7480916030534351,-6.183206106870229,0.0
15.27000093460083,-11.633425866699218,0.258573779296875,11.786654772949218,51.11450381679389,-61.51145038167939,-20.977099236641223,-10.225635290527343,2.4492682983398435,-1.6304513305664061,-34.70229007633588,19.709923664122137,-9.48091603053435,0.0
15.280000686645508,-12.531251489257812,1.5227122558593749,12.998120812988281,56.595419847328245,-89.69465648854961,-15.389312977099237,-12.006921325683592,0.0526724365234375,-0.5961562133789062,-43.14503816793893,24.213740458015266,-10.625954198473282,0.0
15.290000915527344,-13.450624926757811,0.03591302490234375,11.334150659179686,77.3587786259542,-104.29007633587786,-10.67175572519084,-13.4458365234375,-2.597708801269531,1.5466542724609373,-51.038167938931295,32.88549618320611,-11.053435114503817,0.0
15.300000667572021,-15.571887597656248,2.090138049316406,10.067617980957031,61.786259541984734,-128.44274809160305,-18.16793893129771,-12.07874737548828,-2.9568390502929685,0.5985504150390625,-58.80916030534351,34.6412213740458,-16.16793893129771,0.0
15.310000896453857,-16.575058093261717,3.3303345092773435,6.366182214355469,30.259541984732824,-158.3206106870229,-22.68702290076336,-12.916717956542968,-2.4013842651367185,-0.7493851196289062,-27.954198473282442,34.42748091603053,-15.068702290076336,0.0
15.320000648498535,-15.84003818359375,2.300827795410156,3.5889082885742187,15.938931297709924,-172.53435114503816,-21.954198473282442,-11.159373937988281,-0.82360537109375,-2.4253262817382812,-19.81679389312977,33.465648854961835,-11.83206106870229,0.0
15.330000638961792,-15.634136840820311,2.1452046874999997,1.8555062866210936,12.931297709923664,-178.0,-20.33587786259542,-10.594342346191405,-2.3774422485351563,-2.157175695800781,-3.83206106870229,28.259541984732824,-4.931297709923665,0.0
15.340000629425049,-13.663708874511718,1.1563994018554686,-0.5147533569335937,13.786259541984732,-175.86259541984734,-17.389312977099237,-9.605537060546874,-0.2920926025390625,-2.50912333984375,12.65648854961832,23.099236641221374,-3.954198473282443,0.0
15.350001096725464,-11.489773767089844,0.679953271484375,-2.3774422485351563,23.31297709923664,-159.0381679389313,-10.0,-9.81862100830078,-0.9241618408203125,-1.5059528442382812,10.381679389312977,29.083969465648856,-0.1984732824427481,0.0
15.360000610351562,-11.425130322265625,2.0566192260742184,-3.1387983764648437,21.908396946564885,-144.21374045801528,-4.427480916030534,-10.374075793457031,-1.5490484741210937,-1.3958195678710936,10.65648854961832,30.38167938931298,4.244274809160306,0.0
15.370001077651978,-9.76116016845703,1.5059528442382812,-2.7437551025390623,11.801526717557252,-128.51908396946564,1.1908396946564885,-11.750741748046874,-3.9600095458984375,-0.2825157958984375,17.083969465648856,30.83969465648855,8.732824427480915,0.0
15.380001306533813,-7.381323718261719,-1.3958195678710936,-3.718195178222656,25.603053435114504,-103.12977099236642,12.045801526717558,-11.10191309814453,-4.932055419921875,-0.4261678955078125,34.12213740458015,25.908396946564885,9.221374045801527,0.0
15.390001058578491,-7.053318090820312,-1.6400281372070311,-3.4955344238281247,31.46564885496183,-80.03053435114504,12.290076335877863,-9.943119494628906,-2.683900061035156,-1.7310078002929687,57.11450381679389,16.793893129770993,7.1603053435114505,0.0
15.400001049041748,-7.912836486816405,-1.0534487304687499,-2.35589443359375,31.435114503816795,-60.396946564885496,10.091603053435115,-9.849745629882811,-2.5761609863281247,-1.838746875,51.17557251908397,22.595419847328245,7.9541984732824424,0.0
15.410000801086426,-8.090007409667969,-0.7709329345703124,-1.2593500732421874,36.76335877862596,-41.587786259541986,12.534351145038167,-9.342174877929686,-0.4261678955078125,-1.1037269653320312,45.12977099236641,21.480916030534353,9.557251908396946,0.0
15.420000791549683,-8.990227233886719,1.0510545288085937,-0.5267243652343749,32.56488549618321,-27.923664122137403,12.946564885496183,-9.598354455566406,-0.42377369384765623,-0.6200982299804687,34.18320610687023,22.9618320610687,10.961832061068701,0.0
15.43000078201294,-7.967903124999999,1.8459294799804686,-0.6919242797851562,19.633587786259543,-18.82442748091603,13.801526717557252,-9.270348828125,0.36152445068359373,0.32082302246093747,19.770992366412212,24.3206106870229,9.511450381679388,0.0
15.440001010894775,-6.373364819335937,0.6416460449218749,-1.4939818359375,9.206106870229007,-5.343511450381679,16.0,-9.30147344970703,0.1197100830078125,0.74699091796875,-9.34351145038168,31.893129770992367,8.610687022900763,0.0
15.450000524520874,-7.110778930664062,2.8467057739257813,-0.7326257080078125,-7.511450381679389,5.419847328244275,9.84732824427481,-9.734823950195311,0.4477157104492187,0.967257470703125,-11.633587786259541,31.49618320610687,10.13740458015267,0.0
15.46000051498413,-6.155492468261718,1.4772224243164063,-1.4341267944335936,-27.022900763358777,10.916030534351146,7.541984732824427,-10.369287390136718,-1.3096283081054687,0.28490999755859375,-24.916030534351144,31.87786259541985,10.061068702290076,0.0
15.470000982284546,-5.9208607055664055,2.29843359375,-0.6512228515624999,-46.25954198473283,20.900763358778626,3.4656488549618323,-9.342174877929686,-1.944091748046875,0.8906430175781249,-30.50381679389313,28.3206106870229,7.816793893129771,0.0
15.480000495910645,-5.681440539550781,1.7836802368164062,-0.8403647827148437,-75.02290076335878,21.389312977099237,-2.1374045801526718,-9.801861596679688,-2.501940734863281,1.637633935546875,-27.51145038167939,28.50381679389313,8.213740458015268,0.0
15.490000486373901,-4.299986181640625,-0.16041151123046873,-0.9983820922851562,-80.21374045801527,33.11450381679389,-1.6946564885496183,-11.56159981689453,-4.498704919433593,1.0031704956054688,-4.854961832061068,23.923664122137403,8.82442748091603,0.0
15.500000476837158,-5.181052392578125,1.3215993164062498,-0.19153613281249998,-102.50381679389314,33.3587786259542,-7.221374045801527,-9.65342109375,-3.0023288818359375,0.7158662963867187,6.183206106870229,14.320610687022901,5.526717557251908,0.0
15.510000467300415,-3.8283284545898435,-2.195482922363281,-0.4429273071289062,-104.04580152671755,42.213740458015266,-0.5190839694656488,-8.336610180664062,-0.22744915771484372,-0.01915361328125,8.0,11.49618320610687,3.068702290076336,0.0
15.520000696182251,-2.5713725830078125,-5.288791467285156,0.36152445068359373,-77.5114503816794,61.221374045801525,1.7099236641221374,-9.909600671386718,-1.1061211669921875,-0.5626373901367188,8.198473282442748,12.916030534351146,6.702290076335878,0.0
15.530000925064087,-2.6623522460937497,-6.505045910644531,1.5442600708007812,-56.97709923664122,76.30534351145039,-5.435114503816794,-9.6151138671875,-0.7829039428710937,-0.26815058593749996,8.763358778625955,14.442748091603054,6.580152671755725,0.0
15.540000677108765,-3.6056677001953124,-6.737283471679687,2.5713725830078125,-32.51908396946565,89.74045801526718,-14.992366412213741,-9.957484704589843,-1.0486603271484374,0.41898529052734373,9.893129770992367,14.290076335877863,7.419847328244275,0.0
15.550000667572021,-5.03740029296875,-5.506663818359375,4.168305090332031,-0.0916030534351145,100.8854961832061,-19.862595419847327,-10.038887561035155,-0.5410895751953124,-0.1484405029296875,8.80916030534351,13.16030534351145,8.320610687022901,0.0
15.560000658035278,-5.755660791015624,-4.290409374999999,5.5090580200195305,36.01526717557252,107.61832061068702,-20.30534351145038,-10.127473022460936,-0.4285620971679687,-0.11013327636718749,6.99236641221374,12.992366412213741,9.725190839694656,0.0
15.570000410079956,-8.480262280273436,-0.19871873779296872,7.848193041992187,77.87786259541984,117.2824427480916,-17.236641221374047,-10.27830772705078,-0.7733271362304687,-0.63206923828125,5.526717557251908,13.648854961832061,11.908396946564885,0.0
15.580000638961792,-4.517858532714843,-1.6424223388671875,5.42047255859375,123.64885496183206,119.05343511450381,-3.236641221374046,-10.647014782714843,-1.6711527587890624,-0.488417138671875,7.1603053435114505,12.732824427480915,14.549618320610687,0.0
15.590000629425049,-9.311050256347656,1.9488801513671874,7.955932116699218,149.6946564885496,131.2824427480916,-1.2061068702290076,-10.225635290527343,-1.0773907470703123,-0.70868369140625,8.213740458015268,11.068702290076336,13.618320610687023,0.0
15.600000619888306,-10.046070166015625,6.023811376953125,7.510610607910156,131.12977099236642,116.50381679389314,-2.0610687022900764,-10.050858569335936,-0.3902548706054687,-1.2210428466796874,-0.44274809160305345,16.106870229007633,14.564885496183207,0.0
15.610000610351562,-11.324573852539062,6.924031201171875,7.220912207031249,97.63358778625954,104.22900763358778,-3.282442748091603,-10.465055456542968,-0.7398083129882812,-0.7613561279296874,-3.7557251908396947,18.641221374045802,15.923664122137405,0.0
15.62000060081482,-11.528080993652344,5.4515971801757805,7.175422375488281,59.908396946564885,85.90839694656489,-3.984732824427481,-10.007762939453125,-0.852335791015625,-0.3591302490234375,-8.366412213740459,22.671755725190838,15.129770992366412,0.0
15.630000591278076,-11.997344519042969,4.642357019042969,8.317456567382813,33.31297709923664,70.50381679389314,-2.4580152671755724,-9.435548742675781,-0.2753331909179687,-0.8499415893554687,-14.274809160305344,25.84732824427481,13.236641221374045,0.0
15.640000581741333,-11.803414184570311,3.7038299682617186,7.208941198730468,11.419847328244275,54.94656488549618,0.916030534351145,-8.48505068359375,-0.19871873779296872,-0.5578489868164063,-21.83206106870229,27.81679389312977,12.946564885496183,0.0
15.65000057220459,-11.518504187011718,3.9169139160156248,4.601655590820312,-6.6106870229007635,41.61832061068702,6.549618320610687,-7.635109094238281,1.0295067138671874,-2.952050646972656,-29.419847328244273,27.755725190839694,11.618320610687023,0.0
15.660000801086426,-12.983755603027342,4.393360046386719,3.7325603881835936,-29.0381679389313,34.94656488549618,9.694656488549619,-10.714052429199219,-3.4428619873046875,0.6847416748046875,-33.9236641221374,29.786259541984734,18.80916030534351,0.0
15.670000553131104,-11.513715783691406,-0.7015010864257812,4.019864587402344,-28.290076335877863,35.404580152671755,14.564885496183207,-9.452308154296874,-3.4524387939453125,0.6607996582031249,-21.114503816793892,21.908396946564885,15.48091603053435,0.0
15.68000078201294,-13.5224509765625,-3.0909143432617188,7.568071447753906,-16.18320610687023,31.984732824427482,18.610687022900763,-12.179303845214843,-5.374982727050781,1.1013327636718748,-7.694656488549619,23.34351145038168,17.251908396946565,0.0
15.690000295639038,-16.163255407714843,-0.7924807495117187,9.514557397460937,1.9236641221374047,25.374045801526716,24.977099236641223,-11.149797131347656,-5.346252307128906,0.2753331909179687,19.404580152671755,1.3129770992366412,16.885496183206108,0.0
15.700000762939453,-14.805743066406249,0.1388636962890625,5.461173986816406,21.923664122137403,21.0381679389313,30.35114503816794,-10.43153663330078,-3.8091748413085935,-0.10295067138671875,15.435114503816793,7.358778625954199,15.603053435114504,0.0
15.71000051498413,-15.320496423339844,2.3343466186523436,5.5832782714843745,10.50381679389313,14.83969465648855,26.16793893129771,-9.617508068847656,-1.7980454467773437,-0.8283937744140625,19.83206106870229,2.3206106870229006,13.206106870229007,0.0
15.720000267028809,-12.993332409667968,0.411802685546875,4.3071687866210935,8.412213740458014,10.473282442748092,21.541984732824428,-9.732429748535155,-1.7645266235351562,-1.0079588989257813,14.687022900763358,2.549618320610687,11.755725190839694,0.0
15.730000734329224,-10.378864196777343,0.1771709228515625,3.418919970703125,-1.3740458015267176,3.66412213740458,10.595419847328245,-9.277531433105468,-0.6392518432617187,-1.1180921752929687,11.221374045801527,2.9770992366412212,11.923664122137405,0.0
15.740000486373901,-8.250418920898436,0.9624690673828125,1.9656395629882812,-11.86259541984733,1.0381679389312977,3.7251908396946565,-9.375693701171874,-0.17238251953125,-1.2114660400390624,6.458015267175573,3.099236641221374,11.358778625954198,0.0
15.750000476837158,-6.505045910644531,2.231395947265625,0.45489831542968745,-23.083969465648856,3.1908396946564888,1.251908396946565,-8.968679418945312,0.4955997436523437,-1.0534487304687499,2.3969465648854964,2.9923664122137406,10.13740458015267,0.0
15.760000705718994,-6.773196496582031,2.6791116577148437,0.0526724365234375,-36.900763358778626,7.847328244274809,2.0916030534351147,-8.726865051269531,1.2306196533203124,-1.6232687255859375,-5.465648854961832,3.8473282442748094,9.389312977099237,0.0
15.77000093460083,-7.125144140624999,2.2074539306640624,0.086191259765625,-46.0763358778626,12.580152671755725,4.916030534351145,-8.875305554199219,1.4030021728515625,-1.438915197753906,-11.908396946564885,4.473282442748092,9.404580152671755,0.0
15.780000448226929,-7.807491613769531,1.3239935180664062,0.7709329345703124,-51.55725190839695,15.893129770992367,7.038167938931298,-9.145850341796875,1.3359645263671873,-1.2856862915039062,-17.770992366412212,3.984732824427481,9.49618320610687,0.0
15.790000915527344,-7.556100439453124,-0.10773907470703124,1.4149731811523436,-46.2442748091603,19.0381679389313,10.549618320610687,-9.519345800781249,1.3263877197265623,-0.9720458740234375,-21.84732824427481,1.9541984732824427,10.030534351145038,0.0
15.8000009059906,-6.167463476562499,-2.2744915771484373,0.9720458740234375,-27.358778625954198,23.69465648854962,12.83969465648855,-9.947907897949218,1.01514150390625,-0.9217676391601562,-22.595419847328245,-0.42748091603053434,10.748091603053435,0.0
15.810000896453857,-7.917624890136718,-2.1691467041015624,1.599326708984375,-7.114503816793893,31.862595419847327,8.870229007633588,-10.067617980957031,0.7158662963867187,-0.8379705810546875,-21.862595419847327,-2.2442748091603053,11.358778625954198,0.0
15.820000648498535,-9.679757312011718,0.2346317626953125,2.446874096679687,1.786259541984733,33.770992366412216,3.7557251908396947,-9.928754284667969,0.6943184814453125,-0.8379705810546875,-20.366412213740457,-4.687022900763359,12.732824427480915,0.0
15.830000400543213,-11.276689819335937,2.288856787109375,3.0645781249999997,-8.82442748091603,29.282442748091604,-1.0381679389312977,-10.309432348632813,0.4261678955078125,-1.4341267944335936,-18.625954198473284,-6.67175572519084,14.687022900763358,0.0
15.840000629425049,-10.175357055664062,1.8363526733398436,1.8339584716796873,-16.18320610687023,18.83969465648855,-0.4580152671755725,-10.766724865722656,0.21308394775390624,-1.956062756347656,-12.65648854961832,-8.442748091603054,15.786259541984732,0.0
15.850000619888306,-9.689334118652344,1.1516109985351561,1.8052280517578123,-11.145038167938932,17.114503816793892,1.2671755725190839,-12.43069501953125,-3.1004911499023438,1.6304513305664061,-9.145038167938932,-8.259541984732824,19.282442748091604,0.0
15.860000610351562,-11.326968054199218,3.9624037475585934,3.268085266113281,-11.511450381679388,13.83206106870229,2.9160305343511452,-10.50815108642578,-0.8690952026367187,-1.1228805786132812,10.106870229007633,-12.595419847328245,14.244274809160306,0.0
15.87000060081482,-10.544064111328124,3.7014357666015623,2.3678654418945313,-9.022900763358779,9.297709923664122,12.274809160305344,-8.963891015625,0.70868369140625,-1.0199299072265624,-1.816793893129771,-14.396946564885496,11.86259541984733,0.0
15.880000591278076,-9.950302099609374,4.338293408203125,1.6472107421875,-2.045801526717557,9.48091603053435,18.977099236641223,-8.760383874511719,1.235408056640625,-1.9225439331054686,-6.412213740458015,-7.312977099236641,13.816793893129772,0.0
15.890000581741333,-8.98304462890625,4.158728283691406,0.6512228515624999,-4.67175572519084,7.893129770992366,22.396946564885496,-8.008604553222655,2.9496564453125,-2.798821740722656,-1.2671755725190839,-4.061068702290076,13.908396946564885,0.0
15.900000810623169,-9.277531433105468,4.2880151733398435,0.258573779296875,-15.145038167938932,5.343511450381679,21.61832061068702,-10.266336718749999,-0.2609679809570312,-1.848323681640625,-5.862595419847328,4.732824427480916,17.541984732824428,0.0
15.910000562667847,-8.406042028808594,2.384624853515625,-0.0430956298828125,-22.564885496183205,3.801526717557252,20.977099236641223,-9.94072529296875,0.9337386474609375,-1.4987702392578124,-2.33587786259542,4.488549618320611,14.427480916030534,0.0
15.920001029968262,-8.738836059570312,1.7166425903320313,0.7110778930664062,-24.85496183206107,3.633587786259542,18.580152671755727,-11.520898388671874,0.48123453369140623,-1.6831237670898436,4.778625954198473,4.549618320610687,13.19083969465649,0.0
15.93000078201294,-8.8872765625,0.411802685546875,1.2497732666015624,-18.793893129770993,4.076335877862595,17.61832061068702,-11.5304751953125,1.2042834350585936,-0.6751648681640625,4.641221374045801,4.870229007633588,10.595419847328245,0.0
15.940000772476196,-9.526528405761718,0.8786720092773437,2.0877438476562498,-9.19083969465649,5.343511450381679,17.251908396946565,-11.154585534667968,1.5921441040039062,-0.842758984375,3.145038167938931,3.8931297709923665,9.267175572519085,0.0
15.950000524520874,-10.888829150390624,2.9448680419921875,2.887407202148437,-10.50381679389313,2.7022900763358777,15.358778625954198,-10.8409451171875,2.2074539306640624,-1.2761094848632812,0.8549618320610687,3.1603053435114505,10.045801526717558,0.0
15.96000051498413,-10.575188732910156,2.128445275878906,2.6144682128906247,-13.297709923664122,0.3053435114503817,16.458015267175572,-10.16338604736328,2.7748797241210936,-1.199495031738281,-1.7404580152671756,2.1068702290076335,11.725190839694656,0.0
15.970000505447388,-10.448296044921875,1.438915197753906,2.123656872558594,-14.106870229007633,-4.778625954198473,16.65648854961832,-10.141838232421874,2.7581203125,-0.9888052856445312,-5.816793893129771,2.687022900763359,13.557251908396946,0.0
15.980000495910645,-9.964667309570311,0.1149216796875,1.3479355346679687,-10.396946564885496,-4.6106870229007635,15.007633587786259,-9.866505041503906,1.9416975463867185,-1.0678139404296874,-10.13740458015267,2.1526717557251906,13.236641221374045,0.0
15.990000486373901,-8.197746484375,0.06943184814453125,-0.3758896606445312,-4.595419847328245,-3.7557251908396947,11.49618320610687,-10.098742602539062,0.9720458740234375,-0.15322890625,-15.17557251908397,0.8854961832061069,12.412213740458014,0.0
16.000000476837158,-9.239224206542968,1.4604630126953124,-0.2154781494140625,1.4045801526717556,4.3816793893129775,7.969465648854962,-10.24000050048828,-0.02633621826171875,0.3447650390625,-19.587786259541986,-1.0381679389312977,10.564885496183207,0.0
16.010000705718994,-9.129090930175781,2.31758720703125,-0.4429273071289062,5.114503816793893,9.083969465648854,8.122137404580153,-10.096348400878906,-0.565031591796875,0.5482721801757812,-21.938931297709924,-3.816793893129771,8.030534351145038,0.0
16.02000069618225,-9.751583361816406,3.6080619018554687,-0.0430956298828125,-2.2442748091603053,8.16793893129771,8.702290076335878,-10.644620581054687,-1.407790576171875,0.9409212524414062,-22.03053435114504,-7.312977099236641,7.00763358778626,0.0
16.030000925064087,-9.583989245605467,3.4548329956054684,0.40940848388671874,1.5572519083969465,14.748091603053435,10.549618320610687,-11.190498559570312,-2.0829554443359375,1.4149731811523436,-2.8702290076335877,-15.450381679389313,3.969465648854962,0.0
16.040000677108765,-9.82580361328125,3.816357446289062,0.4477157104492187,-9.786259541984732,13.236641221374045,10.992366412213741,-10.888829150390624,-3.0741549316406247,2.104503259277344,3.099236641221374,-24.427480916030536,1.251908396946565,0.0
16.05000114440918,-9.564835632324218,3.5242648437499997,0.4477157104492187,-19.709923664122137,13.389312977099237,13.648854961832061,-10.35492218017578,-1.70467158203125,1.43652099609375,19.435114503816795,-35.7557251908397,-3.5419847328244276,0.0
16.06000065803528,-9.4618849609375,3.1124621582031247,0.8595183959960937,-28.33587786259542,14.427480916030534,13.908396946564885,-10.105925207519531,-0.5267243652343749,1.5418658691406248,20.15267175572519,-41.465648854961835,-6.5038167938931295,0.0
16.070000886917114,-9.296685046386719,2.01112939453125,1.9752163696289062,-36.10687022900763,14.870229007633588,12.778625954198473,-8.303091357421874,3.1699229980468746,0.49799394531249996,16.30534351145038,-39.969465648854964,-9.038167938931299,0.0
16.080000638961792,-9.746794958496093,0.7134720947265625,2.999934680175781,-41.954198473282446,13.770992366412214,9.435114503816793,-8.762778076171875,2.942473840332031,-0.39983167724609375,-3.7099236641221376,-32.534351145038165,-6.076335877862595,0.0
16.09000039100647,-9.91438907470703,-0.6177040283203125,3.536235852050781,-41.74045801526717,10.106870229007633,5.480916030534351,-10.065223779296874,1.3359645263671873,-0.2920926025390625,-12.442748091603054,-30.625954198473284,-4.625954198473282,0.0
16.100000619888306,-9.823409411621093,-0.9624690673828125,3.5984850952148437,-35.12977099236641,7.312977099236641,1.984732824427481,-10.556035119628906,-0.15083470458984374,0.181959326171875,-6.99236641221374,-31.099236641221374,-5.206106870229007,0.0
16.11000084877014,-9.485826977539062,-1.2689268798828124,3.385401147460937,-23.14503816793893,5.32824427480916,-2.030534351145038,-9.758765966796874,0.8667010009765624,0.5219359619140624,-1.4351145038167938,-34.76335877862596,-6.9465648854961835,0.0
16.12000060081482,-9.41639512939453,-0.5913678100585937,3.0550013183593747,-12.595419847328245,4.213740458015267,-6.091603053435114,-8.734047656249999,1.599326708984375,0.3280056274414062,-8.625954198473282,-32.50381679389313,-6.198473282442748,0.0
16.130000591278076,-9.229647399902344,0.7613561279296874,2.73896669921875,-6.0458015267175576,2.519083969465649,-8.885496183206106,-6.902483386230468,3.670311145019531,-1.5298948608398437,-6.015267175572519,-26.38167938931298,-5.343511450381679,0.0
16.140000581741333,-9.095572106933593,0.7541735229492187,2.521094348144531,-2.6717557251908395,0.7175572519083969,-10.442748091603054,-9.732429748535155,0.34237083740234375,-0.948103857421875,-3.2061068702290076,-18.442748091603054,0.6259541984732825,0.0
16.15000033378601,-8.793902697753905,0.7948749511718749,2.4301146850585935,2.2748091603053435,0.5343511450381679,-11.725190839694656,-8.999804040527343,-0.2609679809570312,1.1180921752929687,-9.786259541984732,-16.442748091603054,2.3206106870229006,0.0
16.160000801086426,-8.834604125976561,1.4053963745117186,1.944091748046875,7.175572519083969,1.8625954198473282,-10.82442748091603,-9.267954626464844,-1.6136919189453125,0.9576806640625,-11.679389312977099,-17.984732824427482,3.236641221374046,0.0
16.170000553131104,-9.105148913574219,2.9185318237304685,1.3168109130859373,3.0839694656488548,-0.16793893129770993,-11.603053435114504,-9.694122521972655,-1.4772224243164063,0.44053310546874996,2.0916030534351147,-22.50381679389313,1.083969465648855,0.0
16.18000078201294,-9.552864624023437,3.861847277832031,1.13006318359375,4.977099236641221,4.8396946564885495,-10.320610687022901,-9.878476049804688,-1.3814543579101561,0.8810662109374999,10.396946564885496,-24.045801526717558,-0.7786259541984732,0.0
16.190000534057617,-9.418789331054686,4.192247106933594,1.2880804931640624,-5.7251908396946565,1.6793893129770991,-9.32824427480916,-9.993397729492187,-0.8116343627929687,0.4213794921875,11.83206106870229,-29.633587786259543,-2.732824427480916,0.0
16.200000762939453,-9.351751684570312,3.6200329101562496,1.687912170410156,-10.259541984732824,1.1145038167938932,-6.106870229007634,-9.739612353515625,0.507570751953125,0.18435352783203124,10.595419847328245,-31.083969465648856,-4.641221374045801,0.0
16.21000051498413,-9.200916979980468,2.6623522460937497,2.166752502441406,-11.282442748091603,1.2061068702290076,-4.0,-11.168950744628905,0.34715924072265625,-0.7278373046875,12.992366412213741,-21.206106870229007,-4.33587786259542,0.0
16.22000026702881,-9.18655177001953,2.2649147705078123,2.592920397949219,-11.740458015267176,0.4580152671755725,-4.030534351145038,-9.64623848876953,1.9776105712890624,0.02154781494140625,-0.7480916030534351,-16.458015267175572,-4.99236641221374,0.0
16.230000257492065,-9.344569079589844,1.5251064575195312,2.5139117431640625,-10.977099236641221,-1.83206106870229,-4.442748091603053,-10.129867224121092,0.8188169677734375,0.06464344482421874,-8.198473282442748,-18.015267175572518,-2.8702290076335877,0.0
16.2400004863739,-9.332598071289063,0.9169792358398436,2.3367408203125,-5.068702290076335,-1.7099236641221374,-4.33587786259542,-10.43871923828125,-0.33518823242187495,0.3327940307617187,-4.549618320610687,-16.213740458015266,-3.7251908396946565,0.0
16.250000476837158,-7.620743884277343,-0.7158662963867187,1.6256629272460936,13.404580152671755,2.519083969465649,-3.3435114503816794,-8.449137658691406,1.8650830932617186,0.00718260498046875,-2.9923664122137406,-16.931297709923665,-7.816793893129771,0.0
16.260000705718994,-8.28633194580078,1.0702081420898437,1.7669208251953124,21.69465648854962,4.931297709923665,-5.923664122137405,-9.734823950195311,0.105344873046875,-0.0143652099609375,-4.412213740458015,-11.633587786259541,-5.358778625954199,0.0
16.27000093460083,-9.449913952636718,2.920926025390625,2.0757728393554684,21.709923664122137,5.923664122137405,-6.916030534351145,-9.234435803222656,0.39983167724609375,-0.6512228515624999,-0.7786259541984732,-11.358778625954198,-5.541984732824427,0.0
16.280000686645508,-10.108319409179687,4.264073156738281,2.085349645996094,15.572519083969466,4.442748091603053,-5.480916030534351,-9.085995300292968,0.5339069702148437,-0.239420166015625,1.297709923664122,-9.618320610687023,-4.793893129770993,0.0
16.290000915527344,-10.637437976074217,5.070919116210937,1.838746875,-6.152671755725191,-5.633587786259542,-2.854961832061069,-9.411606726074218,0.33039982910156246,-0.2537853759765625,6.519083969465649,-8.122137404580153,-4.8396946564885495,0.0
16.30000066757202,-8.997409838867187,2.039859814453125,0.9217676391601562,-4.320610687022901,-5.374045801526718,3.7404580152671754,-8.999804040527343,-0.16280571289062498,-0.14604630126953125,4.809160305343512,-5.572519083969466,-5.450381679389313,0.0
16.310000896453857,-9.052476477050782,1.6352397338867186,1.0941501586914062,-0.07633587786259542,-1.450381679389313,3.49618320610687,-9.255983618164063,-0.37828386230468747,0.3016694091796875,7.32824427480916,-5.541984732824427,-5.572519083969466,0.0
16.320000648498535,-9.9215716796875,2.722207287597656,1.24498486328125,-3.5572519083969465,-0.42748091603053434,3.3893129770992365,-9.210493786621093,0.0526724365234375,0.2561795776367187,9.206106870229007,-6.198473282442748,-6.320610687022901,0.0
16.33000111579895,-9.37808790283203,1.9656395629882812,1.1324573852539062,-4.3816793893129775,0.7938931297709924,4.290076335877862,-9.801861596679688,-0.6105214233398437,0.8858546142578124,13.740458015267176,-6.030534351145038,-6.396946564885496,0.0
16.34000039100647,-9.773131176757811,2.2553379638671873,1.7597382202148437,-8.793893129770993,0.6259541984732825,2.900763358778626,-9.294290844726563,0.21068974609375,0.7278373046875,12.061068702290076,-6.702290076335878,-8.82442748091603,0.0
16.350000619888306,-9.737218151855469,1.6041151123046875,2.3343466186523436,-9.48091603053435,1.2213740458015268,2.3053435114503817,-9.775525378417969,0.229843359375,0.7972691528320313,13.038167938931299,-8.16793893129771,-8.595419847328245,0.0
16.360000371932983,-9.90241806640625,0.9959878906249999,2.6862942626953124,-9.435114503816793,-1.0381679389312977,0.3969465648854962,-9.579200842285156,0.6296750366210937,0.5315127685546874,9.633587786259541,-8.030534351145038,-9.954198473282442,0.0
16.37000036239624,-9.749189160156249,0.4955997436523437,2.8945898071289062,-6.9465648854961835,-2.1374045801526718,-0.8854961832061069,-10.01733974609375,0.5434837768554687,0.622492431640625,7.038167938931298,-9.236641221374045,-10.16793893129771,0.0
16.380000591278076,-9.519345800781249,0.10773907470703124,2.750937707519531,-3.572519083969466,-3.145038167938931,-3.1297709923664123,-9.651026892089844,0.5051765502929687,0.6344634399414062,3.3435114503816794,-8.931297709923664,-11.297709923664122,0.0
16.390000820159912,-9.495403784179686,0.26815058593749996,2.375048046875,1.3587786259541985,-3.3282442748091605,-6.183206106870229,-10.079588989257813,-0.05985504150390625,0.8714894042968749,1.8473282442748091,-10.229007633587786,-11.648854961832061,0.0
16.40000081062317,-9.572018237304688,0.5961562133789062,1.9991583862304687,5.770992366412214,-4.320610687022901,-8.625954198473282,-10.182539660644531,-0.7613561279296874,1.2042834350585936,3.0076335877862594,-12.091603053435115,-13.267175572519085,0.0
16.410000562667847,-9.435548742675781,1.1109095703125,1.6160861206054686,10.076335877862595,-3.5572519083969465,-10.381679389312977,-10.220846887207031,-0.6105214233398437,0.7852981445312499,2.6717557251908395,-10.83969465648855,-14.473282442748092,0.0
16.42000102996826,-9.251195214843749,1.8698714965820311,1.388636962890625,11.19083969465649,-3.480916030534351,-11.465648854961833,-9.30147344970703,0.7996633544921875,0.3687070556640625,-1.297709923664122,-8.80916030534351,-15.251908396946565,0.0
16.43000054359436,-9.394847314453125,2.2002713256835937,1.6304513305664061,11.358778625954198,-3.633587786259542,-11.923664122137405,-9.41639512939453,0.718260498046875,0.1771709228515625,-2.763358778625954,-7.114503816793893,-13.633587786259541,0.0
16.440000772476196,-9.627084875488281,2.4396914916992185,2.1715409057617188,11.312977099236642,-4.99236641221374,-11.48091603053435,-9.330203869628905,0.6440402465820312,0.3711012573242187,-2.213740458015267,-5.374045801526718,-12.610687022900763,0.0
16.450000524520874,-9.732429748535155,2.4564509033203126,2.4109610717773435,13.740458015267176,-5.068702290076335,-10.122137404580153,-9.382876306152344,0.12449848632812499,0.51714755859375,-1.099236641221374,-5.145038167938932,-11.893129770992367,0.0
16.46000051498413,-9.64623848876953,2.5426421630859375,2.3151930053710936,14.564885496183207,-6.198473282442748,-8.045801526717558,-9.169792358398437,-0.23702596435546874,0.737414111328125,1.0381679389312977,-4.961832061068702,-12.396946564885496,0.0
16.470000505447388,-9.153032946777342,2.2290017456054687,1.9129671264648436,12.67175572519084,-6.396946564885496,-6.6106870229007635,-9.41639512939453,-0.46686932373046874,0.7445967163085937,4.396946564885496,-4.748091603053435,-13.114503816793894,0.0
16.480000495910645,-9.162609753417968,1.9416975463867185,2.138022082519531,10.076335877862595,-6.809160305343512,-7.877862595419847,-9.421183532714844,-0.26815058593749996,0.9313444458007812,6.2748091603053435,-4.488549618320611,-14.580152671755725,0.0
16.490000247955322,-9.088389501953124,1.7190367919921874,2.461239306640625,8.67175572519084,-7.969465648854962,-9.099236641221374,-9.648632690429688,-0.36152445068359373,1.0630255371093749,8.030534351145038,-5.175572519083969,-14.80916030534351,0.0
16.500000715255737,-8.820238916015624,1.5275006591796874,2.7533319091796873,9.694656488549619,-8.0,-10.16793893129771,-9.490615380859374,-0.3136404174804687,1.0630255371093749,8.610687022900763,-5.4961832061068705,-15.709923664122137,0.0
16.510000705718994,-8.640673791503906,0.7302315063476562,2.7269956909179687,13.297709923664122,-9.053435114503817,-11.450381679389313,-9.619902270507811,-0.28490999755859375,1.0031704956054688,8.83969465648855,-6.2748091603053435,-16.137404580152673,0.0
16.52000069618225,-9.0788126953125,0.5099649536132812,2.877830395507812,16.106870229007633,-10.122137404580153,-14.427480916030534,-10.79545528564453,-2.5067291381835934,2.212242333984375,14.488549618320612,-7.557251908396947,-14.335877862595419,0.0
16.530001163482666,-8.95670841064453,0.16998831787109375,2.6431986328124997,19.557251908396946,-10.732824427480915,-16.50381679389313,-9.22485899658203,-0.2920926025390625,0.25139117431640623,36.54961832061068,-16.50381679389313,-17.755725190839694,0.0
16.540000438690186,-8.492233288574218,0.1484405029296875,2.8323405639648436,23.022900763358777,-10.244274809160306,-18.82442748091603,-9.138667736816405,-1.4221557861328125,0.9145850341796874,36.25954198473283,-23.66412213740458,-18.366412213740457,0.0
16.5500009059906,-7.280767248535156,-0.23223756103515625,2.588131994628906,26.580152671755727,-11.007633587786259,-20.213740458015266,-8.348581188964843,-0.3495534423828125,0.6296750366210937,43.847328244274806,-27.46564885496183,-19.740458015267176,0.0
16.56000065803528,-7.898471276855468,1.455674609375,2.786850732421875,32.900763358778626,-12.183206106870228,-24.12213740458015,-7.4028715332031245,1.4437036010742186,0.6153098266601562,39.908396946564885,-28.27480916030534,-20.3206106870229,0.0
16.570000410079956,-8.070853796386718,1.7310078002929687,2.9185318237304685,31.541984732824428,-12.381679389312977,-22.412213740458014,-7.297526660156249,2.693476867675781,-0.7924807495117187,28.549618320610687,-22.30534351145038,-17.908396946564885,0.0
16.58000087738037,-7.951143713378905,1.4796166259765624,2.626439221191406,28.564885496183205,-13.007633587786259,-20.198473282442748,-6.957550024414062,1.8363526733398436,0.086191259765625,6.290076335877862,-10.82442748091603,-14.183206106870228,0.0
16.59000062942505,-7.771578588867187,2.123656872558594,2.3511060302734372,25.16030534351145,-11.893129770992367,-19.435114503816795,-6.675034228515624,1.8124106567382812,0.19632453613281248,-4.641221374045801,-6.885496183206107,-11.740458015267176,0.0
16.600000619888306,-8.453926062011718,2.6503812377929687,2.6144682128906247,18.53435114503817,-11.98473282442748,-19.49618320610687,-7.752424975585937,0.22744915771484372,0.5291185668945312,-6.99236641221374,-6.534351145038168,-9.86259541984733,0.0
16.610000610351562,-8.827421520996094,3.342305517578125,2.636016027832031,12.366412213740459,-11.038167938931299,-18.48854961832061,-8.173804467773436,-0.24660277099609373,1.1037269653320312,-8.65648854961832,-4.259541984732825,-10.610687022900763,0.0
16.62000036239624,-10.091559997558592,5.66946953125,3.7517140014648436,-0.2900763358778626,-12.076335877862595,-16.916030534351144,-8.398859423828124,0.09816226806640624,0.7110778930664062,-10.091603053435115,-4.3816793893129775,-10.80916030534351,0.0
16.630000591278076,-8.434772448730468,3.1771056030273437,2.9927520751953125,-2.6259541984732824,-14.01526717557252,-10.030534351145038,-8.827421520996094,0.45010991210937495,0.4165910888671875,-12.381679389312977,-4.152671755725191,-10.412213740458014,0.0
16.640000581741333,-8.415618835449218,3.1124621582031247,4.007893579101562,0.5190839694656488,-11.297709923664122,-9.083969465648854,-8.91840118408203,0.8355763793945312,0.4908113403320312,-16.38167938931298,-2.366412213740458,-11.83206106870229,0.0
16.65000057220459,-9.062053283691405,4.036623999023437,4.771643908691406,-2.2290076335877864,-13.19083969465649,-8.01526717557252,-9.70369932861328,0.023942016601562498,0.5434837768554687,-17.908396946564885,-0.6717557251908397,-11.419847328244275,0.0
16.660000801086426,-8.595183959960938,3.5721488769531247,4.472368701171875,-8.305343511450381,-17.282442748091604,-7.083969465648855,-9.744400756835937,-0.48123453369140623,0.41419688720703124,-18.33587786259542,-0.5954198473282443,-12.274809160305344,0.0
16.670000314712524,-8.779537487792968,3.1387983764648437,4.347870214843749,-18.53435114503817,-22.0,-8.80916030534351,-10.524910498046875,-0.9816226806640624,1.1228805786132812,-14.15267175572519,-1.099236641221374,-13.404580152671755,0.0
16.68000078201294,-6.931213806152344,0.03591302490234375,3.191470812988281,-12.763358778625955,-22.977099236641223,-9.19083969465649,-10.467449658203124,-0.016759411621093748,1.8291700683593748,-11.374045801526718,-3.3435114503816794,-14.488549618320612,0.0
16.690000534057617,-7.9463553100585935,1.5131354492187499,3.6535517333984373,-11.16030534351145,-22.748091603053435,-14.213740458015268,-10.869675537109375,-0.031124621582031248,2.319981408691406,-5.374045801526718,-4.870229007633588,-12.763358778625955,0.0
16.700000762939453,-8.597578161621094,3.23696064453125,3.5027170288085934,-9.389312977099237,-22.03053435114504,-15.587786259541986,-9.83777462158203,0.5147533569335937,0.718260498046875,-0.8549618320610687,-5.633587786259542,-9.16030534351145,0.0
16.71000075340271,-9.356540087890625,4.630386010742187,3.902548706054687,-15.34351145038168,-24.244274809160306,-14.442748091603054,-10.314220751953124,0.11013327636718749,-0.11252747802734374,5.221374045801527,-2.4732824427480917,-5.267175572519084,0.0
16.720000505447388,-9.387664709472656,4.371812231445312,3.995922570800781,-20.16793893129771,-26.900763358778626,-11.068702290076336,-10.079588989257813,3.0909143432617188,-0.7637503295898437,-6.9465648854961835,3.404580152671756,-11.068702290076336,0.0
16.730000495910645,-10.89122335205078,5.274426257324219,5.104437939453125,-30.0,-32.56488549618321,-8.702290076335878,-14.322114331054687,-1.0678139404296874,1.6711527587890624,-25.17557251908397,14.732824427480915,-12.992366412213741,0.0
16.74000072479248,-11.777077966308592,3.928884924316406,5.872976672363281,-30.47328244274809,-39.465648854961835,-5.0534351145038165,-16.10818876953125,-2.0733786376953125,2.3582886352539063,-17.6793893129771,15.435114503816793,-16.48854961832061,0.0
16.750000476837158,-13.113042492675781,1.6831237670898436,7.417236743164062,-14.854961832061068,-46.50381679389313,2.4732824427480917,-17.037139013671872,-2.3127988037109373,1.85790048828125,-13.49618320610687,15.969465648854962,-19.083969465648856,0.0
16.760000705718994,-13.225569970703123,-1.2808978881835937,8.813056311035156,16.229007633587788,-49.81679389312977,10.80916030534351,-14.061146350097655,2.4013842651367185,-0.5291185668945312,-10.122137404580153,12.16793893129771,-17.206106870229007,0.0
16.77000117301941,-14.803348864746093,-1.4796166259765624,10.596736547851561,47.19083969465649,-55.66412213740458,10.763358778625955,-11.066000073242186,1.70467158203125,-2.3965958618164063,-43.86259541984733,21.236641221374047,-9.541984732824428,0.0
16.78000044822693,-16.596605908203124,-5.315127685546875,10.038887561035155,59.19083969465649,-70.93129770992367,12.305343511450381,-9.26316622314453,1.618480322265625,-1.7118541870117185,-44.152671755725194,18.38167938931298,-2.9160305343511452,0.0
16.790000915527344,-16.47689582519531,-0.7445967163085937,9.964667309570311,76.94656488549619,-83.37404580152672,8.16793893129771,-8.02536396484375,2.0446482177734375,-1.8507178833007811,-43.847328244274806,22.244274809160306,-1.7709923664122138,0.0
16.80000066757202,-17.233463549804686,2.674323254394531,8.702923034667968,37.587786259541986,-110.65648854961832,0.8702290076335878,-7.5153990112304685,-0.023942016601562498,-2.0925322509765625,-49.81679389312977,28.748091603053435,0.42748091603053434,0.0
16.810001134872437,-15.540762976074218,2.427720483398437,5.1331683593749995,1.8473282442748091,-131.93893129770993,-1.1603053435114503,-10.524910498046875,-3.9983167724609374,-0.6344634399414062,-37.23664122137404,27.938931297709924,3.9389312977099236,0.0
16.820000648498535,-12.701239807128905,0.7517793212890624,1.3383587280273437,-21.83206106870229,-144.91603053435114,-1.9083969465648856,-11.022904443359375,-5.597643481445312,-0.8547299926757812,-8.183206106870228,20.27480916030534,4.0,0.0
16.830000638961792,-10.39322940673828,-0.8738836059570312,-0.4213794921875,-27.450381679389313,-143.1145038167939,-1.8015267175572518,-9.734823950195311,-4.060566015625,-1.0582371337890624,17.099236641221374,18.595419847328245,1.1145038167938932,0.0
16.84000062942505,-8.678981018066406,-2.0781670410156248,-1.3958195678710936,-20.18320610687023,-136.18320610687022,-1.0076335877862594,-9.926360083007811,-3.3494881225585935,-1.5298948608398437,30.870229007633586,22.16793893129771,2.763358778625954,0.0
16.850000619888306,-6.617573388671874,-5.552153649902343,-2.8036101440429686,4.870229007633588,-117.83206106870229,0.5801526717557252,-9.200916979980468,-1.675941162109375,-1.678335363769531,38.25954198473283,24.16793893129771,4.396946564885496,0.0
16.860000610351562,-6.404489440917969,-2.9448680419921875,-2.3582886352539063,17.236641221374047,-101.29770992366412,-5.603053435114504,-9.540893615722656,-1.3263877197265623,-0.8044517578125,41.11450381679389,25.541984732824428,6.091603053435114,0.0
16.87000036239624,-6.3901242309570305,-2.655169641113281,-2.2002713256835937,22.045801526717558,-88.01526717557252,-6.6106870229007635,-9.536105212402344,-1.4700398193359374,-0.39743747558593745,37.587786259541986,26.48854961832061,6.183206106870229,0.0
16.880000352859497,-5.49708701171875,-2.118868469238281,-2.080561242675781,42.94656488549618,-63.954198473282446,-2.885496183206107,-9.991003527832031,-2.080561242675781,0.46208092041015625,33.603053435114504,24.80916030534351,5.282442748091603,0.0
16.890000581741333,-5.533000036621093,-0.229843359375,-1.9680337646484374,51.20610687022901,-41.81679389312977,-4.152671755725191,-10.295067138671874,-1.47482822265625,0.354341845703125,27.557251908396946,21.267175572519083,3.5572519083969465,0.0
16.90000081062317,-6.76122548828125,1.5562310791015623,-1.2904746948242187,35.93893129770992,-30.916030534351144,-9.282442748091603,-8.913612780761719,0.6440402465820312,0.19393033447265623,12.564885496183207,19.450381679389313,1.5114503816793894,0.0
16.910000562667847,-7.343016491699219,2.863465185546875,-0.9552864624023437,14.65648854961832,-23.0381679389313,-12.274809160305344,-9.411606726074218,-0.0383072265625,1.2761094848632812,-4.67175572519084,18.12213740458015,3.5114503816793894,0.0
16.920000791549683,-7.220912207031249,2.9927520751953125,-0.8810662109374999,-14.488549618320612,-15.511450381679388,-13.251908396946565,-9.991003527832031,-0.5985504150390625,1.7884686401367187,-20.65648854961832,21.770992366412212,3.480916030534351,0.0
16.93000078201294,-6.873752966308594,2.4875755249023435,-0.5506663818359374,-35.55725190839695,-6.305343511450381,-13.419847328244275,-8.781931689453124,0.239420166015625,0.4477157104492187,-35.17557251908397,17.740458015267176,1.8473282442748091,0.0
16.940000534057617,-6.191405493164062,2.157175695800781,-1.1061211669921875,-50.229007633587784,3.7709923664122136,-14.564885496183207,-9.2320416015625,-0.8044517578125,0.10295067138671875,-42.62595419847328,21.49618320610687,1.7099236641221374,0.0
16.950000524520874,-6.320692382812499,2.2361843505859373,-1.2282254516601563,-72.50381679389314,8.244274809160306,-16.290076335877863,-10.788272680664061,-4.580107775878906,0.3854664672851562,-44.534351145038165,20.885496183206108,3.1755725190839694,0.0
16.96000051498413,-5.549759448242187,0.8786720092773437,-1.4604630126953124,-73.77099236641222,23.480916030534353,-13.49618320610687,-11.121066711425781,-5.446808776855469,0.5051765502929687,-27.557251908396946,13.053435114503817,1.0381679389312977,0.0
16.970000505447388,-5.9400143188476555,3.0813375366210938,-0.3112462158203125,-101.95419847328245,22.977099236641223,-16.427480916030536,-8.36294639892578,-2.39420166015625,-0.2346317626953125,-18.80916030534351,7.114503816793893,-4.030534351145038,0.0
16.980000495910645,-3.6679169433593746,-2.0278888061523435,-1.7022773803710936,-98.61068702290076,32.85496183206107,-4.732824427480916,-9.782707983398437,-3.066972326660156,-0.7924807495117187,-15.908396946564885,6.351145038167939,-2.0916030534351147,0.0
16.9900004863739,-3.0119056884765625,-3.306392492675781,-1.1851298217773436,-72.3969465648855,57.20610687022901,0.4122137404580153,-9.327809667968749,-2.0087351928710935,-0.29927520751953124,-9.84732824427481,7.480916030534351,-1.450381679389313,0.0
17.000000476837158,-2.779668127441406,-5.305550878906249,-1.484405029296875,-51.87786259541985,76.90076335877863,-0.8854961832061069,-9.991003527832031,-2.2170307373046874,-0.201112939453125,-2.8702290076335877,7.404580152671755,0.7786259541984732,0.0
17.010000705718994,-3.7517140014648436,-5.791573815917968,-0.47884033203125,-33.23664122137404,95.78625954198473,-5.129770992366412,-10.026916552734374,-2.2649147705078123,-0.14125789794921875,4.702290076335878,7.3893129770992365,1.1450381679389312,0.0
17.02000069618225,-4.958391638183594,-5.810727429199218,0.5817910034179687,-14.534351145038167,112.8854961832061,-11.312977099236642,-10.096348400878906,-2.300827795410156,-0.143652099609375,12.427480916030534,6.473282442748092,2.0,0.0
17.030000925064087,-6.854599353027344,-4.6351744140625,3.6679169433593746,5.923664122137405,123.8473282442748,-15.068702290076336,-9.849745629882811,-2.0183119995117185,-0.41419688720703124,17.51145038167939,5.633587786259542,3.5267175572519083,0.0
17.040000915527344,-9.667786303710937,-2.1452046874999997,6.9144543945312495,22.900763358778626,124.90076335877863,-15.86259541984733,-10.101136804199218,-1.6208745239257811,-0.36631285400390623,20.9618320610687,4.5038167938931295,4.809160305343512,0.0
17.0500009059906,-9.375693701171874,-2.3535002319335936,7.400477331542969,93.26717557251908,141.98473282442748,-0.732824427480916,-9.9215716796875,-1.216254443359375,0.023942016601562498,19.984732824427482,5.66412213740458,5.358778625954199,0.0
17.06000065803528,-10.805032092285156,2.070984436035156,8.43956085205078,104.54961832061069,135.2824427480916,-4.152671755725191,-9.835380419921874,0.055066638183593745,-0.7613561279296874,18.12213740458015,3.9083969465648853,4.9465648854961835,0.0
17.070000648498535,-12.497732666015624,6.344634399414062,8.853757739257812,84.44274809160305,119.70992366412214,-4.961832061068702,-9.564835632324218,0.70868369140625,-1.0486603271484374,7.297709923664122,5.603053435114504,6.091603053435114,0.0
17.08000087738037,-11.092336291503905,5.008669873046875,7.3669585083007805,54.900763358778626,98.33587786259542,-1.8778625954198473,-10.764330664062498,-0.5315127685546874,-0.699106884765625,5.923664122137405,6.793893129770993,7.587786259541985,0.0
17.09000062942505,-11.073182678222656,4.376600634765625,7.874529260253905,31.16030534351145,82.8854961832061,-1.5114503816793894,-9.643844287109374,0.6488286499023437,-0.7637503295898437,-3.9236641221374047,7.236641221374046,5.8320610687022905,0.0
17.100000619888306,-11.171344946289063,2.779668127441406,7.613561279296874,4.641221374045801,63.19083969465649,-3.801526717557252,-8.17859287109375,2.1787235107421874,-1.3934253662109375,-22.47328244274809,9.221374045801527,5.206106870229007,0.0
17.11000084877014,-10.218452685546874,1.005564697265625,6.418854650878906,-8.992366412213741,44.79389312977099,-1.9389312977099236,-9.03332286376953,-0.1484405029296875,-0.39983167724609375,-33.16030534351145,12.427480916030534,10.244274809160306,0.0
17.12000060081482,-12.48097325439453,2.123656872558594,7.055712292480468,-8.900763358778626,37.038167938931295,2.717557251908397,-8.825027319335938,0.36391865234375,-1.0103531005859374,-34.58015267175573,11.389312977099237,11.358778625954198,0.0
17.130000591278076,-11.058817468261719,1.1085153686523437,4.390965844726562,-5.679389312977099,27.755725190839694,13.541984732824428,-9.409212524414063,-1.2880804931640624,-0.8930372192382812,-33.725190839694655,12.01526717557252,13.099236641221374,0.0
17.140000581741333,-9.866505041503906,-0.13168109130859373,3.4907460205078125,6.625954198473282,32.091603053435115,22.16793893129771,-10.529698901367187,-3.6918589599609373,-0.15322890625,-26.778625954198475,15.969465648854962,14.488549618320612,0.0
17.15000057220459,-10.919953771972656,0.8714894042968749,4.855440966796874,5.541984732824427,31.282442748091604,18.015267175572518,-8.805873706054687,-2.327164013671875,-0.7661445312499999,-9.297709923664122,10.763358778625955,12.595419847328245,0.0
17.160001039505005,-12.332532751464843,2.0183119995117185,5.999869360351562,-5.343511450381679,24.03053435114504,15.938931297709924,-9.804255798339844,-3.0909143432617188,-0.9217676391601562,1.251908396946565,10.763358778625955,15.419847328244275,0.0
17.170000553131104,-13.096283081054686,0.9457096557617187,6.268019946289062,-18.396946564885496,16.519083969465647,18.595419847328245,-9.375693701171874,-2.1978771240234374,-1.0127473022460938,10.412213740458014,10.732824427480915,17.0381679389313,0.0
17.18000102043152,-13.836091394042969,0.3064578125,6.37815322265625,-20.53435114503817,10.977099236641221,22.427480916030536,-8.999804040527343,-1.4939818359375,-0.7757213378906249,11.694656488549619,11.053435114503817,17.236641221374047,0.0
17.190000772476196,-14.592659118652342,0.6200982299804687,5.9591679321289055,-15.297709923664122,7.908396946564886,27.358778625954198,-9.203311181640624,-0.842758984375,-0.8978256225585937,4.931297709923665,11.923664122137405,16.977099236641223,0.0
17.200000762939453,-14.283807104492187,1.0534487304687499,4.474762902832031,-5.251908396946565,9.221374045801527,32.68702290076336,-8.310273962402343,0.8188169677734375,-0.565031591796875,-16.412213740458014,16.35114503816794,15.297709923664122,0.0
17.21000075340271,-13.644555261230469,1.388636962890625,2.8036101440429686,-3.053435114503817,7.511450381679389,34.30534351145038,-10.51533369140625,-0.4261678955078125,-0.9313444458007812,-28.778625954198475,20.458015267175572,17.84732824427481,0.0
17.220000743865967,-12.251129895019531,2.480392919921875,1.6232687255859375,-9.145038167938932,5.8320610687022905,30.85496183206107,-9.188945971679686,-0.45968671875,-1.4125789794921875,-39.083969465648856,16.18320610687023,17.114503816793892,0.0
17.230000734329224,-9.165003955078124,2.559401574707031,-0.16998831787109375,-35.05343511450382,-2.045801526717557,24.717557251908396,-10.43871923828125,-0.852335791015625,-0.6607996582031249,-41.3587786259542,19.587786259541986,18.16793893129771,0.0
17.24000096321106,-8.609549169921875,1.0582371337890624,-0.0718260498046875,-51.45038167938932,-1.8931297709923665,19.6793893129771,-10.807426293945312,-1.3215993164062498,-0.7876923461914062,-41.69465648854962,16.870229007633586,18.977099236641223,0.0
17.250000476837158,-7.635109094238281,-0.5147533569335937,0.39264907226562495,-51.541984732824424,2.595419847328244,17.053435114503817,-10.151415039062499,-0.5961562133789062,-0.39743747558593745,-29.770992366412212,11.419847328244275,18.061068702290076,0.0
17.260000944137573,-6.4356140625,-1.7166425903320313,0.8834604125976562,-33.725190839694655,12.946564885496183,17.14503816793893,-9.785102185058593,-0.09576806640624999,-0.5386953735351562,-21.14503816793893,6.656488549618321,18.50381679389313,0.0
17.27000117301941,-7.6231380859375,0.27293898925781246,1.889025109863281,-29.450381679389313,16.946564885496183,14.488549618320612,-9.68454571533203,0.6751648681640625,-1.1444283935546875,-12.396946564885496,6.854961832061068,18.549618320610687,0.0
17.280001163482666,-8.674192614746094,1.2785036865234374,2.2266075439453124,-31.633587786259543,15.236641221374045,14.412213740458014,-9.299079248046874,0.8786720092773437,-1.350329736328125,-11.297709923664122,5.633587786259542,21.022900763358777,0.0
17.290001153945923,-8.549694128417968,0.612915625,1.9847931762695312,-29.87786259541985,13.816793893129772,17.69465648854962,-9.208099584960937,0.7445967163085937,-1.3287819213867187,-9.725190839694656,4.473282442748092,23.297709923664122,0.0
17.3000009059906,-8.74601866455078,0.7134720947265625,1.7381904052734374,-23.053435114503817,14.564885496183207,19.16030534351145,-9.490615380859374,0.11013327636718749,-1.4053963745117186,-14.274809160305344,1.0687022900763359,25.404580152671755,0.0
17.310001134872437,-9.289502441406249,0.9959878906249999,1.3718775512695311,-20.53435114503817,13.969465648854962,18.732824427480917,-9.363722692871093,0.38307226562499996,-1.388636962890625,-5.1603053435114505,3.984732824427481,25.87786259541985,0.0
17.320000886917114,-10.031704956054687,1.5227122558593749,1.446097802734375,-20.48854961832061,13.34351145038168,18.946564885496183,-9.449913952636718,-0.05985504150390625,-1.5035586425781249,-1.1603053435114503,5.221374045801527,27.17557251908397,0.0
17.33000087738037,-9.840168823242188,1.9225439331054686,1.4772224243164063,-20.18320610687023,12.396946564885496,20.625954198473284,-9.169792358398437,0.5339069702148437,-1.6519991455078125,1.3435114503816794,6.015267175572519,26.793893129770993,0.0
17.34015154838562,-10.321403356933594,2.176329309082031,1.4317325927734375,-23.16030534351145,10.625954198473282,21.129770992366414,-9.332598071289063,0.3495534423828125,-1.448492004394531,0.9007633587786259,8.381679389312977,26.47328244274809,0.0
17.350000619888306,-10.160991845703125,1.8626888916015625,1.5777788940429687,-21.755725190839694,11.236641221374045,23.16030534351145,-9.481038574218749,0.296881005859375,-1.388636962890625,-0.42748091603053434,9.19083969465649,24.732824427480917,0.0
17.36000084877014,-9.732429748535155,1.2689268798828124,1.6615759521484375,-18.229007633587788,10.51908396946565,23.480916030534353,-9.720458740234374,0.30885201416015623,-1.0319009155273438,-2.0,11.16030534351145,23.00763358778626,0.0
17.3700008392334,-9.524134204101562,0.8834604125976562,1.4724340209960938,-13.541984732824428,10.15267175572519,23.740458015267176,-9.545682019042967,0.6727706665039062,-0.9648632690429687,-4.198473282442748,11.038167938931299,21.87786259541985,0.0
17.380001068115234,-9.87608184814453,1.5873557006835937,1.197100830078125,-9.526717557251908,10.458015267175572,23.541984732824428,-9.835380419921874,0.5386953735351562,-0.7733271362304687,-4.702290076335878,12.106870229007633,21.480916030534353,0.0
17.390000820159912,-9.445125549316407,1.7669208251953124,0.6679822631835937,-8.763358778625955,9.923664122137405,23.923664122137403,-9.701305126953125,1.0582371337890624,-0.8116343627929687,-4.137404580152672,11.801526717557252,21.00763358778626,0.0
17.400001049041748,-9.53131680908203,2.138022082519531,0.4955997436523437,-11.267175572519085,10.946564885496183,24.0,-9.90241806640625,1.0534487304687499,-0.9050082275390624,-3.6946564885496183,12.732824427480915,21.603053435114504,0.0
17.410000801086426,-10.766724865722656,2.8323405639648436,0.8164227661132812,-25.404580152671755,6.793893129770993,22.458015267175572,-10.182539660644531,1.1037269653320312,-1.1755530151367186,-2.381679389312977,13.694656488549619,21.84732824427481,0.0
17.42000102996826,-9.153032946777342,0.229843359375,0.5602431884765625,-23.251908396946565,9.465648854961833,22.702290076335878,-10.429142431640624,0.9074024291992187,-1.1563994018554686,-2.6564885496183206,14.732824427480915,22.610687022900763,0.0
17.43000054359436,-8.542511523437499,-1.695094775390625,0.39264907226562495,-23.419847328244273,6.763358778625954,17.801526717557252,-11.482591162109374,0.2657563842773437,-1.0079588989257813,2.8244274809160306,13.86259541984733,22.763358778625953,0.0
17.440001249313354,-9.64623848876953,-1.1133037719726562,1.1037269653320312,-13.389312977099237,9.694656488549619,12.13740458015267,-11.65736788330078,0.1388636962890625,-0.6248866333007812,3.435114503816794,11.969465648854962,20.870229007633586,0.0
17.450000762939453,-8.702923034667968,-2.3032219970703123,0.7924807495117187,5.786259541984733,12.748091603053435,9.954198473282442,-11.463437548828125,0.488417138671875,-0.277727392578125,0.6870229007633588,9.083969465648854,18.229007633587788,0.0
17.46000051498413,-9.854534033203125,-0.4333505004882812,1.1109095703125,17.419847328244273,14.320610687022901,4.244274809160306,-11.365275280761718,0.8188169677734375,-0.08858546142578125,-1.5114503816793894,7.343511450381679,16.549618320610687,0.0
17.470000743865967,-10.180145458984374,0.7445967163085937,0.9169792358398436,23.49618320610687,13.786259541984732,2.519083969465649,-10.77630167236328,1.5179238525390624,-0.14604630126953125,-6.122137404580153,5.404580152671755,16.564885496183205,0.0
17.480000495910645,-9.95987890625,1.8243816650390623,0.6871358764648438,25.72519083969466,13.465648854961833,1.4961832061068703,-10.254365710449218,1.89620771484375,-0.47165772705078124,-10.030534351145038,3.648854961832061,16.641221374045802,0.0
17.49000072479248,-10.13226142578125,2.5857377929687497,0.4955997436523437,23.69465648854962,12.366412213740459,0.5343511450381679,-10.089165795898436,1.4149731811523436,-0.3591302490234375,-13.618320610687023,2.9618320610687023,17.114503816793892,0.0
17.500000715255737,-9.90241806640625,3.299209887695312,0.11731588134765625,20.18320610687023,12.15267175572519,0.6870229007633588,-10.115502014160155,0.4285620971679687,-0.37828386230468747,-13.541984732824428,2.8396946564885495,16.564885496183205,0.0
17.510001182556152,-9.648632690429688,3.6822821533203123,-0.1197100830078125,13.755725190839694,12.13740458015267,2.381679389312977,-10.137049829101562,0.28012159423828126,-0.4740519287109375,-10.641221374045802,1.5419847328244274,15.541984732824428,0.0
17.52000093460083,-9.447519750976562,3.438073583984375,-0.15322890625,7.145038167938932,13.083969465648854,4.9465648854961835,-10.019733947753906,-0.22505495605468748,-0.4429273071289062,-6.1679389312977095,0.13740458015267176,14.15267175572519,0.0
17.530000925064087,-9.842563024902343,3.5506010620117183,0.1388636962890625,-2.564885496183206,14.213740458015268,5.358778625954199,-10.599130749511717,-1.43652099609375,-0.08858546142578125,5.6183206106870225,-0.33587786259541985,13.312977099236642,0.0
17.540000677108765,-8.975862023925782,2.3223756103515623,-0.009576806640625,-8.51908396946565,16.03053435114504,6.213740458015267,-8.429984045410155,1.7621324218749999,-1.1851298217773436,4.748091603053435,-4.900763358778626,9.145038167938932,0.0
17.55000114440918,-9.536105212402344,2.051830822753906,0.7709329345703124,-16.259541984732824,17.022900763358777,4.2748091603053435,-9.363722692871093,1.0390835205078124,-1.4221557861328125,4.641221374045801,0.13740458015267176,10.045801526717558,0.0
17.560000896453857,-10.345345373535155,1.1827356201171875,1.3814543579101561,-18.610687022900763,16.061068702290076,2.564885496183206,-10.117896215820313,0.06943184814453125,-1.3646949462890625,8.992366412213741,1.5114503816793894,10.83969465648855,0.0
17.570000648498535,-9.928754284667969,0.49799394531249996,1.5849614990234373,-14.595419847328245,16.671755725190838,0.4580152671755725,-8.75320126953125,1.7453730102539062,-1.5801730957031248,9.84732824427481,-3.3435114503816794,7.32824427480916,0.0
17.580000638961792,-10.019733947753906,0.584185205078125,1.6448165405273436,-9.251908396946565,15.465648854961833,-3.2977099236641223,-10.716446630859375,0.63206923828125,-2.0183119995117185,17.251908396946565,0.4732824427480916,5.7251908396946565,0.0
17.59000062942505,-9.9981861328125,0.7948749511718749,1.8243816650390623,-5.374045801526718,14.442748091603054,-5.893129770992366,-10.931924780273437,-1.13006318359375,-0.239420166015625,16.396946564885496,1.4198473282442747,5.099236641221374,0.0
17.600000858306885,-9.696516723632811,0.612915625,1.9728221679687499,1.465648854961832,13.709923664122137,-7.877862595419847,-11.17852755126953,-1.0678139404296874,1.0726023437499999,24.748091603053435,-7.984732824427481,2.5343511450381677,0.0
17.610000610351562,-9.572018237304688,0.8643067993164062,2.114080065917969,11.114503816793894,12.381679389312977,-8.977099236641221,-11.54244620361328,-0.7709329345703124,0.41898529052734373,35.12977099236641,-13.404580152671755,-1.6793893129770991,0.0
17.6200008392334,-10.103531005859374,2.0159177978515626,2.5857377929687497,16.82442748091603,11.17557251908397,-10.13740458015267,-11.027692846679686,-0.01915361328125,1.6232687255859375,36.01526717557252,-19.267175572519083,-5.557251908396947,0.0
17.630000829696655,-11.86805762939453,4.9823336547851556,3.574543078613281,6.290076335877862,5.083969465648855,-11.34351145038168,-9.023746057128905,1.5322890624999999,-0.2561795776367187,30.702290076335878,-26.27480916030534,-9.98473282442748,0.0
17.640000581741333,-9.370905297851563,3.5889082885742187,1.7477672119140624,-5.526717557251908,-5.770992366412214,-5.236641221374046,-7.996633544921875,3.229778039550781,-1.120486376953125,17.801526717557252,-24.015267175572518,-12.610687022900763,0.0
17.65000057220459,-9.334992272949219,3.0430303100585934,1.4341267944335936,-10.916030534351146,-7.755725190839694,-3.633587786259542,-8.717288244628906,1.1252747802734375,1.139639990234375,-5.633587786259542,-21.099236641221374,-9.251908396946565,0.0
17.660000801086426,-8.9255837890625,1.350329736328125,0.9265560424804687,-8.305343511450381,-6.152671755725191,-1.9694656488549618,-9.631873278808593,-0.0430956298828125,1.7741034301757812,-4.809160305343512,-19.923664122137403,-8.717557251908397,0.0
17.670000791549683,-7.6997525390625,0.5003881469726562,0.35673604736328124,3.2213740458015265,-3.2519083969465647,-0.030534351145038167,-9.306261853027344,-0.9050082275390624,0.7972691528320313,6.0,-20.641221374045802,-11.221374045801527,0.0
17.680001258850098,-7.752424975585937,-0.0909796630859375,0.6344634399414062,20.931297709923665,7.633587786259542,-0.24427480916030533,-10.429142431640624,-2.118868469238281,2.0350714111328125,12.610687022900763,-29.96946564885496,-12.641221374045802,0.0
17.690000772476196,-10.168174450683592,3.1771056030273437,2.1715409057617188,10.229007633587786,5.633587786259542,-4.99236641221374,-9.244012609863281,-0.7948749511718749,0.7805097412109374,19.984732824427482,-33.17557251908397,-16.442748091603054,0.0
17.700001001358032,-9.603142858886718,2.365471240234375,2.1883003173828124,6.748091603053435,5.236641221374046,-3.9083969465648853,-8.506598498535157,0.3447650390625,-0.24899697265624998,15.389312977099237,-32.045801526717554,-18.564885496183205,0.0
17.71000051498413,-12.018892333984374,5.216965417480468,4.134786267089844,-7.312977099236641,4.580152671755725,-8.091603053435115,-8.798691101074219,0.22266075439453123,1.2617442749023438,-1.9541984732824427,-28.732824427480917,-16.610687022900763,0.0
17.720000505447388,-14.113818786621094,9.718064538574218,4.572925170898437,-63.587786259541986,-20.396946564885496,-11.511450381679388,-9.284714038085937,0.6919242797851562,1.0342951171875,-5.206106870229007,-29.83206106870229,-15.007633587786259,0.0
17.730000495910645,-11.504138977050781,4.786009118652344,3.1555577880859373,-85.95419847328245,-35.43511450381679,1.816793893129771,-9.981426721191406,-0.7589619262695312,1.3814543579101561,-21.862595419847327,-31.66412213740458,-13.786259541984732,0.0
17.7400004863739,-8.2360537109375,-0.5746083984375,2.7054478759765623,-72.9618320610687,-33.61832061068702,7.465648854961832,-9.006986645507812,0.9720458740234375,-0.21787235107421873,-2.015267175572519,-35.25190839694657,-17.435114503816795,0.0
17.750001192092896,-7.630320690917968,-3.4811692138671875,2.6001030029296874,-43.282442748091604,-26.641221374045802,5.419847328244275,-10.297461340332031,-0.03591302490234375,0.7230489013671875,5.938931297709924,-32.961832061068705,-18.48854961832061,0.0
17.760000944137573,-7.7596075805664055,-3.2704794677734372,2.85388837890625,-11.221374045801527,-17.770992366412212,0.3816793893129771,-9.804255798339844,0.48123453369140623,-0.08379705810546874,15.84732824427481,-36.06106870229008,-20.137404580152673,0.0
17.77000093460083,-7.781155395507812,-0.9720458740234375,2.6144682128906247,18.732824427480917,-11.603053435114504,-4.9465648854961835,-9.9981861328125,0.19153613281249998,-0.3950432739257812,1.6488549618320612,-32.6412213740458,-20.106870229007633,0.0
17.780000686645508,-7.896077075195312,0.9265560424804687,2.272097375488281,28.595419847328245,-10.488549618320612,-6.198473282442748,-8.86094034423828,2.3726538452148436,-0.8690952026367187,1.6641221374045803,-29.83206106870229,-19.938931297709924,0.0
17.790000677108765,-8.963891015625,2.9927520751953125,1.9033903198242186,27.96946564885496,-12.366412213740459,-6.320610687022901,-10.259154113769531,0.011971008300781249,-0.0526724365234375,-6.809160305343512,-20.27480916030534,-15.541984732824428,0.0
17.80000066757202,-8.59997236328125,2.959233251953125,1.426944189453125,24.15267175572519,-12.961832061068701,-4.519083969465649,-8.619125976562499,1.3838485595703125,-0.24899697265624998,-6.99236641221374,-23.114503816793892,-16.717557251908396,0.0
17.810000896453857,-8.777143286132812,2.8371289672851563,1.209071838378906,18.717557251908396,-12.50381679389313,-3.3893129770992365,-9.141061938476563,0.28490999755859375,0.16519991455078123,-3.099236641221374,-23.0381679389313,-15.816793893129772,0.0
17.820000648498535,-8.628702783203124,2.3319524169921872,0.9074024291992187,14.0,-11.267175572519085,-2.7022900763358777,-8.927977990722656,0.00239420166015625,0.04548983154296875,-1.4961832061068703,-21.83206106870229,-16.290076335877863,0.0
17.830000638961792,-9.016563452148437,2.157175695800781,1.2497732666015624,7.694656488549619,-10.488549618320612,-3.5267175572519083,-9.057264880371093,-0.00718260498046875,0.055066638183593745,3.83206106870229,-23.328244274809162,-15.038167938931299,0.0
17.84000062942505,-8.858546142578124,0.7541735229492187,1.2856862915039062,5.557251908396947,-10.213740458015268,-3.648854961832061,-9.435548742675781,-0.41419688720703124,0.4285620971679687,9.282442748091603,-24.30534351145038,-14.198473282442748,0.0
17.850000619888306,-9.325415466308593,-0.1005564697265625,2.4899697265625,17.068702290076335,-3.2061068702290076,-6.931297709923665,-9.56962403564453,-0.13407529296874998,0.40462008056640625,11.511450381679388,-23.297709923664122,-15.572519083969466,0.0
17.860000371932983,-8.113949426269532,-1.2785036865234374,2.1068974609374997,23.96946564885496,-4.549618320610687,-9.725190839694656,-9.392453112792968,0.45010991210937495,0.39264907226562495,7.343511450381679,-22.35114503816794,-16.9618320610687,0.0
17.8700008392334,-9.251195214843749,0.16519991455078123,3.948038537597656,35.37404580152672,2.122137404580153,-15.374045801526718,-9.516951599121093,0.25139117431640623,0.6200982299804687,6.916030534351145,-22.85496183206107,-17.17557251908397,0.0
17.880000591278076,-9.375693701171874,1.93451494140625,2.8514941772460936,40.67175572519084,-1.5114503816793894,-17.541984732824428,-9.236830004882812,0.430956298828125,-0.1484405029296875,4.244274809160306,-22.702290076335878,-17.69465648854962,0.0
17.890000581741333,-9.832986218261718,2.93050283203125,2.272097375488281,35.465648854961835,-5.4961832061068705,-17.81679389312977,-9.459490759277344,0.1292868896484375,-0.15083470458984374,3.786259541984733,-22.9618320610687,-16.366412213740457,0.0
17.90000081062317,-9.643844287109374,1.8315642700195311,1.7860744384765623,32.916030534351144,-8.106870229007633,-15.221374045801527,-9.167398156738281,0.6631938598632812,-0.08140285644531249,1.2213740458015268,-22.580152671755727,-17.450381679389313,0.0
17.910000562667847,-9.471461767578125,1.8363526733398436,2.310404602050781,31.633587786259543,-5.450381679389313,-16.610687022900763,-9.533711010742186,0.5243301635742187,-0.1197100830078125,-0.42748091603053434,-21.328244274809162,-18.045801526717558,0.0
17.92000102996826,-9.674968908691406,2.5570073730468748,2.039859814453125,25.389312977099237,-10.51908396946565,-17.6793893129771,-9.64623848876953,0.43574470214843747,0.16759411621093748,-1.816793893129771,-20.625954198473284,-19.099236641221374,0.0
17.93000054359436,-8.085219006347655,1.9823989746093749,1.4987702392578124,24.38167938931298,-12.427480916030534,-15.893129770992367,-10.058041174316406,-0.15562310791015624,0.19632453613281248,-1.2671755725190839,-19.389312977099237,-18.916030534351144,0.0
17.940000772476196,-8.075642199707032,1.9584569580078124,1.5418658691406248,23.358778625954198,-13.86259541984733,-13.98473282442748,-11.094730493164063,-2.1811177124023438,1.2856862915039062,8.290076335877863,-19.053435114503817,-17.6793893129771,0.0
17.950000524520874,-7.656656909179687,1.7501614135742187,0.9433154541015625,23.480916030534353,-12.870229007633588,-11.358778625954198,-10.232817895507813,-0.12210428466796874,-0.15562310791015624,25.786259541984734,-26.259541984732824,-21.64885496183206,0.0
17.96000027656555,-8.252813122558594,1.9201497314453124,0.7398083129882812,16.48854961832061,-12.992366412213741,-10.625954198473282,-10.728417639160156,-1.6112977172851561,0.5339069702148437,27.893129770992367,-28.80916030534351,-20.82442748091603,0.0
17.970000505447388,-9.344569079589844,3.4428619873046875,1.3910311645507811,11.297709923664122,-10.396946564885496,-11.725190839694656,-9.730035546875,-0.38786066894531246,-0.26815058593749996,36.12213740458015,-32.412213740458014,-22.18320610687023,0.0
17.980000495910645,-8.374917407226562,1.9847931762695312,1.218648645019531,9.450381679389313,-9.83206106870229,-9.282442748091603,-8.999804040527343,1.2880804931640624,-0.0909796630859375,30.595419847328245,-31.603053435114504,-23.206106870229007,0.0
17.9900004863739,-10.28549033203125,5.066130712890625,2.370259643554687,-2.4427480916030535,-10.977099236641221,-10.351145038167939,-9.325415466308593,1.3192051147460937,0.09337386474609374,21.83206106870229,-28.18320610687023,-21.984732824427482,0.0
18.000000476837158,-9.107543115234375,2.990357873535156,1.6112977172851561,-7.480916030534351,-11.694656488549619,-5.435114503816794,-8.870517150878905,1.8435352783203125,-0.49320554199218747,9.954198473282442,-24.213740458015266,-21.46564885496183,0.0
18.010000705718994,-8.954314208984375,2.616862414550781,1.9919757812499999,-12.778625954198473,-11.312977099236642,-4.748091603053435,-8.075642199707032,0.9361328491210937,1.3551181396484375,-19.389312977099237,-14.213740458015268,-20.580152671755727,0.0
18.02000069618225,-8.877699755859375,2.1811177124023438,2.4253262817382812,-15.740458015267176,-12.244274809160306,-4.3816793893129775,-8.762778076171875,2.2553379638671873,-0.316034619140625,-7.587786259541985,-15.709923664122137,-18.580152671755727,0.0
18.030000925064087,-8.882488159179687,1.2761094848632812,2.4875755249023435,-13.465648854961833,-13.404580152671755,-4.106870229007634,-9.375693701171874,0.9313444458007812,-0.15562310791015624,-13.053435114503817,-9.923664122137405,-17.61832061068702,0.0
18.040000677108765,-8.142679846191406,0.3447650390625,1.9728221679687499,-6.717557251908397,-12.335877862595419,-4.1679389312977095,-9.2320416015625,0.622492431640625,-0.01915361328125,-12.183206106870228,-7.770992366412214,-17.374045801526716,0.0
18.0500009059906,-8.118737829589843,0.24660277099609373,1.5753846923828123,-0.24427480916030533,-11.435114503816793,-5.694656488549619,-9.004592443847656,0.17238251953125,0.2609679809570312,-11.893129770992367,-6.030534351145038,-16.931297709923665,0.0
18.06000065803528,-8.341398583984375,1.0582371337890624,1.6232687255859375,7.068702290076335,-9.083969465648854,-5.893129770992366,-8.777143286132812,-0.023942016601562498,0.1292868896484375,-9.49618320610687,-5.847328244274809,-15.84732824427481,0.0
18.070000886917114,-9.172186560058593,2.3726538452148436,2.1021090576171875,9.206106870229007,-8.229007633587786,-4.748091603053435,-8.717288244628906,-0.143652099609375,0.3399766357421875,-7.0534351145038165,-4.564885496183206,-14.534351145038167,0.0
18.08000087738037,-9.53131680908203,2.8467057739257813,2.8203695556640622,7.022900763358779,-8.259541984732824,-3.312977099236641,-8.607154968261717,-0.33039982910156246,0.7517793212890624,-4.244274809160306,-3.114503816793893,-12.396946564885496,0.0
18.09000062942505,-10.120290417480469,3.2728736694335936,3.5697546752929687,9.251908396946565,-10.305343511450381,1.3740458015267176,-8.71489404296875,-0.6296750366210937,0.8451531860351562,-1.3129770992366412,-2.183206106870229,-12.0,0.0
18.100000619888306,-9.641450085449218,3.0741549316406247,2.602497204589844,2.045801526717557,-13.083969465648854,3.816793893129771,-8.908824377441405,-0.9720458740234375,0.6655880615234374,2.519083969465649,-0.7175572519083969,-12.030534351145038,0.0
18.110000610351562,-9.062053283691405,1.7812860351562498,2.1356278808593747,-6.748091603053435,-14.732824427480915,2.351145038167939,-9.349357482910156,-1.197100830078125,1.120486376953125,6.641221374045801,1.4961832061068703,-13.022900763358779,0.0
18.12000036239624,-9.112331518554686,1.4030021728515625,2.5665841796874997,-8.076335877862595,-13.84732824427481,-0.7633587786259542,-9.739612353515625,-1.66636435546875,1.3455413330078123,10.442748091603054,1.5267175572519085,-12.885496183206106,0.0
18.130000591278076,-9.296685046386719,1.5682020874023437,3.5314474487304683,-6.824427480916031,-14.351145038167939,-2.549618320610687,-9.390058911132812,-1.0965443603515623,1.2018892333984375,14.259541984732824,-1.2213740458015268,-11.48091603053435,0.0
18.140000581741333,-9.9215716796875,1.6065093139648436,4.340687609863281,-5.755725190839694,-16.9618320610687,-4.763358778625954,-9.30147344970703,-0.3112462158203125,0.32082302246093747,14.106870229007633,0.9770992366412213,-8.900763358778626,0.0
18.15000081062317,-10.158597644042969,0.8930372192382812,5.1140147460937495,-1.3129770992366412,-21.84732824427481,-6.106870229007634,-11.5304751953125,0.35673604736328124,-0.5003881469726562,19.51145038167939,4.2748091603053435,-8.396946564885496,0.0
18.160000801086426,-9.686939916992188,0.033518823242187495,5.183446594238281,4.030534351145038,-25.954198473282442,-7.9541984732824424,-11.317391247558593,2.511517541503906,-1.3407529296874998,11.053435114503817,9.17557251908397,-13.465648854961833,0.0
18.170000553131104,-10.192116467285155,-0.023942016601562498,5.837063647460937,11.618320610687023,-31.66412213740458,-12.213740458015268,-14.214375256347655,-1.3120225097656248,-0.689530078125,6.641221374045801,13.740458015267176,-15.908396946564885,0.0
18.18000078201294,-11.451466540527344,-0.19393033447265623,6.766013891601562,28.33587786259542,-37.81679389312977,-13.83206106870229,-16.079458349609375,-2.978386865234375,-0.30406361083984373,17.374045801526716,18.931297709923665,-16.412213740458014,0.0
18.190000772476196,-13.213598962402344,2.020706201171875,8.722076647949219,36.534351145038165,-45.31297709923664,-15.541984732824428,-14.437036010742187,-0.37828386230468747,-0.29448680419921874,30.68702290076336,12.870229007633588,-12.82442748091603,0.0
18.200000762939453,-12.777854260253905,-2.04943662109375,6.586448767089843,51.31297709923664,-61.86259541984733,-9.236641221374045,-10.86009873046875,2.7653029174804686,-0.7350199096679687,22.9618320610687,10.030534351145038,-8.793893129770993,0.0
18.21000051498413,-14.927847351074218,1.209071838378906,9.811438403320311,68.79389312977099,-58.97709923664122,-12.687022900763358,-6.789955908203124,5.6574985229492185,-0.9145850341796874,5.801526717557252,16.900763358778626,-8.83969465648855,0.0
18.220000743865967,-17.271770776367187,3.469198205566406,10.82179150390625,48.68702290076336,-82.87022900763358,-15.450381679389313,-9.210493786621093,5.236119030761718,-1.5035586425781249,-14.15267175572519,22.580152671755727,2.015267175572519,0.0
18.230000972747803,-16.87912170410156,2.8131869506835936,10.881646545410156,31.66412213740458,-105.0381679389313,-13.938931297709924,-7.484274389648437,6.6271501953125,-0.9409212524414062,-30.717557251908396,29.022900763358777,5.038167938931298,0.0
18.24000072479248,-15.2845833984375,1.5897499023437498,8.262389929199218,16.3206106870229,-126.90076335877863,-13.129770992366412,-7.285555651855469,4.201823913574218,-1.8243816650390623,-52.38167938931298,31.19083969465649,6.2748091603053435,0.0
18.250000476837158,-15.145719702148437,1.8938135131835936,6.742071875,0.1984732824427481,-144.4732824427481,-16.625954198473284,-9.727641345214844,-1.2952630981445312,-0.7685387329101562,-65.45038167938931,49.099236641221374,10.610687022900763,0.0
18.260000944137573,-13.800178369140625,0.8092401611328125,4.170699291992188,-11.038167938931299,-157.1908396946565,-16.83969465648855,-10.632649572753905,-4.513070129394531,-1.39821376953125,-45.87786259541985,40.33587786259542,10.931297709923664,0.0
18.27000117301941,-11.468225952148437,-0.70868369140625,1.1228805786132812,-6.427480916030534,-161.5114503816794,-14.229007633587786,-9.56962403564453,-5.161898779296875,-1.5059528442382812,-25.64885496183206,40.091603053435115,8.458015267175572,0.0
18.280000925064087,-9.986215124511718,-0.46686932373046874,-0.9002198242187499,-0.9770992366412213,-157.49618320610688,-10.916030534351146,-8.757989672851561,-4.754884497070313,-1.5203180541992187,-10.778625954198473,40.12213740458015,8.442748091603054,0.0
18.290001153945923,-7.321468676757812,-1.4221557861328125,-2.8610709838867185,9.557251908396946,-146.45801526717557,-7.709923664122138,-10.491391674804687,-5.949591125488281,-0.6177040283203125,8.488549618320612,38.16793893129771,10.992366412213741,0.0
18.3000009059906,-7.264007836914062,-0.8188169677734375,-3.0047230834960934,25.770992366412212,-124.01526717557252,-7.9541984732824424,-12.064382165527343,-6.773196496582031,0.33518823242187495,39.221374045801525,35.465648854961835,9.83206106870229,0.0
18.310001134872437,-5.7891796142578125,-0.5099649536132812,-4.067748620605468,19.908396946564885,-112.76335877862596,-8.076335877862595,-8.695740429687499,-2.5857377929687497,-0.6177040283203125,48.68702290076336,25.404580152671755,1.9083969465648856,0.0
18.320000886917114,-6.054935998535156,-0.718260498046875,-3.4955344238281247,37.66412213740458,-86.58015267175573,0.9465648854961832,-10.953472595214842,-4.074931225585937,0.0143652099609375,45.954198473282446,24.9618320610687,5.7251908396946565,0.0
18.33000087738037,-5.099649536132812,-0.3902548706054687,-2.4253262817382812,54.13740458015267,-59.6793893129771,6.488549618320611,-10.843339318847656,-2.1260510742187497,0.047884033203124995,46.778625954198475,20.793893129770993,4.8396946564885495,0.0
18.340001106262207,-5.57370146484375,0.6464344482421874,-1.5394716674804687,55.25190839694657,-38.0763358778626,6.717557251908397,-10.59194814453125,-1.7717092285156248,0.5506663818359374,44.85496183206107,16.916030534351144,4.763358778625954,0.0
18.350001096725464,-6.833051538085937,2.1021090576171875,-0.44053310546874996,50.16793893129771,-18.519083969465647,5.450381679389313,-10.273519323730468,-1.678335363769531,0.6416460449218749,40.58015267175573,13.404580152671755,5.129770992366412,0.0
18.36000108718872,-6.641515405273437,3.0262708984374997,-0.5099649536132812,36.091603053435115,-6.152671755725191,5.221374045801527,-9.727641345214844,-1.0175357055664063,0.7805097412109374,35.86259541984733,10.900763358778626,4.076335877862595,0.0
18.3700008392334,-6.801926916503906,4.055777612304687,-0.20350714111328125,-1.4198473282442747,-3.83206106870229,2.33587786259542,-8.975862023925782,0.612915625,-0.47884033203125,27.480916030534353,10.473282442748092,2.9923664122137406,0.0
18.380030632019043,-6.263231542968749,2.6527754394531247,-0.316034619140625,-24.99236641221374,2.5801526717557253,2.763358778625954,-9.667786303710937,0.14125789794921875,-1.0390835205078124,9.572519083969466,19.358778625954198,4.687022900763359,0.0
18.390000820159912,-6.009446166992187,2.0661960327148434,-0.39743747558593745,-46.412213740458014,8.778625954198473,1.4045801526717556,-10.453084448242187,-0.7972691528320313,-0.7254431030273437,3.969465648854962,18.65648854961832,6.427480916030534,0.0
18.400001049041748,-7.110778930664062,3.2800562744140622,1.7022773803710936,-60.778625954198475,23.709923664122137,-2.5343511450381677,-10.59194814453125,-2.013523596191406,-0.07900865478515624,-0.2900763358778626,23.00763358778626,5.587786259541985,0.0
18.410000801086426,-6.696582043457031,2.1308394775390624,0.9864110839843749,-84.0,22.290076335877863,-4.33587786259542,-9.191340173339842,-1.0271125122070313,-0.39264907226562495,-0.6106870229007634,19.84732824427481,3.969465648854962,0.0
18.42000102996826,-6.0525417968749995,0.09337386474609374,0.814028564453125,-89.83206106870229,27.099236641221374,-3.1603053435114505,-10.647014782714843,-1.3383587280273437,-0.3327940307617187,6.687022900763359,13.938931297709924,5.66412213740458,0.0
18.43000102043152,-4.266467358398438,-3.3686417358398435,1.2832920898437499,-60.56488549618321,48.82442748091603,2.0916030534351147,-9.497797985839844,-0.24899697265624998,-0.26815058593749996,1.618320610687023,17.068702290076335,5.435114503816794,0.0
18.440001010894775,-3.763685009765625,-2.7365724975585937,1.8363526733398436,-43.74045801526717,62.97709923664122,-2.16793893129771,-10.644620581054687,-0.7134720947265625,-0.2561795776367187,2.5343511450381677,15.17557251908397,8.01526717557252,0.0
18.450000762939453,-5.082890124511718,-2.592920397949219,2.346317626953125,-32.152671755725194,73.8473282442748,-7.282442748091603,-10.345345373535155,-0.9074024291992187,-0.05985504150390625,0.8396946564885496,14.687022900763358,8.244274809160306,0.0
18.46000075340271,-5.758054992675781,-2.4253262817382812,3.603273498535156,-15.786259541984732,86.44274809160305,-9.206106870229007,-9.636661682128906,-0.8595183959960937,-0.23702596435546874,-0.8396946564885496,14.198473282442748,8.0,0.0
18.470000982284546,-6.517016918945312,-1.4101847778320311,5.030217687988281,-6.458015267175573,92.85496183206106,-12.122137404580153,-8.78432589111328,-2.3032219970703123,0.0383072265625,-1.8015267175572518,13.633587786259541,8.290076335877863,0.0
18.480000495910645,-7.220912207031249,-1.467645617675781,6.327874987792969,1.1908396946564885,93.80152671755725,-13.282442748091603,-9.251195214843749,-3.220201232910156,0.016759411621093748,9.129770992366412,10.030534351145038,5.190839694656488,0.0
18.49000096321106,-8.039729174804688,-1.2425906616210938,7.280767248535156,12.534351145038167,92.70229007633588,-13.206106870229007,-9.210493786621093,-1.139639990234375,-0.70868369140625,8.900763358778626,6.9465648854961835,3.5114503816793894,0.0
18.500000715255737,-8.640673791503906,-0.6512228515624999,7.560888842773437,24.137404580152673,87.92366412213741,-14.229007633587786,-9.023746057128905,-0.622492431640625,-1.0103531005859374,-3.312977099236641,11.236641221374045,5.0534351145038165,0.0
18.510001182556152,-8.975862023925782,0.5051765502929687,7.6997525390625,27.49618320610687,79.93893129770993,-14.549618320610687,-6.56968935546875,4.764461303710937,-1.608903515625,-6.137404580152672,7.740458015267175,0.8549618320610687,0.0
18.52000093460083,-8.664615808105468,0.01915361328125,6.263231542968749,36.16793893129771,71.40458015267176,-10.488549618320612,-11.568782421875,-1.7788918334960937,-0.47644613037109373,-26.900763358778626,18.442748091603054,9.709923664122137,0.0
18.530001163482666,-6.904877587890625,-2.269703173828125,4.797980126953124,54.83969465648855,72.76335877862596,-7.6183206106870225,-11.02529864501953,-3.0980969482421874,0.488417138671875,-11.572519083969466,10.82442748091603,10.061068702290076,0.0
18.540000915527344,-8.264784130859374,0.08379705810546874,5.566518859863281,65.34351145038168,73.08396946564885,-8.213740458015268,-9.284714038085937,-1.0199299072265624,-0.09337386474609374,-2.687022900763359,4.0458015267175576,4.885496183206107,0.0
18.5500009059906,-9.521740002441407,2.7198130859375,6.117185241699218,60.44274809160305,68.07633587786259,-5.908396946564886,-9.9215716796875,-0.59376201171875,-0.39264907226562495,-11.908396946564885,7.022900763358779,8.442748091603054,0.0
18.560000896453857,-10.299855541992187,3.5027170288085934,6.629544396972656,49.81679389312977,60.87022900763359,2.9618320610687023,-11.647791076660155,-1.6136919189453125,0.7038952880859375,-18.15267175572519,11.526717557251908,15.267175572519085,0.0
18.570000886917114,-10.388441003417968,3.3494881225585935,5.181052392578125,41.19083969465649,53.37404580152672,12.992366412213741,-8.604760766601562,0.47165772705078124,-0.40462008056640625,-21.557251908396946,7.480916030534351,13.389312977099237,0.0
18.58000087738037,-10.134655627441406,4.058171813964844,2.7820623291015623,38.62595419847328,53.221374045801525,23.908396946564885,-9.332598071289063,-0.6775590698242188,-0.47165772705078124,-36.30534351145038,16.50381679389313,14.076335877862595,0.0
18.590000867843628,-11.008539233398437,4.426878869628906,2.8850130004882812,20.442748091603054,54.70229007633588,27.709923664122137,-8.757989672851561,-1.5131354492187499,-0.699106884765625,-45.66412213740458,18.38167938931298,13.465648854961833,0.0
18.600000858306885,-12.61504854736328,1.9991583862304687,5.4899044067382805,2.0,51.221374045801525,29.17557251908397,-9.789890588378906,-2.032677209472656,0.033518823242187495,-46.67175572519084,22.38167938931298,14.732824427480915,0.0
18.61000108718872,-13.704410302734374,-0.41898529052734373,8.858546142578124,8.916030534351146,49.465648854961835,34.10687022900763,-9.107543115234375,-2.1116858642578125,-0.5793968017578125,-43.23664122137404,22.519083969465647,16.076335877862597,0.0
18.6200008392334,-15.86398020019531,1.5418658691406248,10.982203015136719,6.702290076335878,40.396946564885496,30.83969465648855,-9.03332286376953,-2.7748797241210936,-1.0127473022460938,-43.55725190839695,24.83969465648855,15.86259541984733,0.0
18.630000829696655,-17.26219396972656,3.706224169921875,10.644620581054687,-14.83969465648855,23.770992366412212,24.82442748091603,-10.836156713867187,-4.383783239746093,0.39983167724609375,-32.0763358778626,19.19083969465649,17.389312977099237,0.0
18.64000105857849,-16.716315991210937,1.9752163696289062,8.91840118408203,-30.900763358778626,9.236641221374045,21.450381679389313,-12.04044014892578,-6.232106921386718,2.3056161987304686,-17.923664122137403,11.251908396946565,16.15267175572519,0.0
18.650001049041748,-12.90235274658203,-1.5801730957031248,5.135562561035156,-37.02290076335878,-2.900763358778626,16.68702290076336,-11.202469567871093,-2.9185318237304685,0.45968671875,-7.908396946564886,4.2748091603053435,10.274809160305344,0.0
18.660001277923584,-10.805032092285156,-0.8834604125976562,2.8514941772460936,-26.732824427480917,0.44274809160305345,9.587786259541986,-10.031704956054687,0.0,0.023942016601562498,-14.793893129770993,-2.381679389312977,6.229007633587786,0.0
18.670000791549683,-9.397241516113281,1.5705962890624998,0.9433154541015625,-24.16793893129771,3.801526717557252,4.259541984732825,-10.259154113769531,0.10773907470703124,-0.24899697265624998,-21.221374045801525,-7.190839694656488,7.190839694656488,0.0
18.680001258850098,-7.611167077636718,3.248931652832031,-0.12689268798828124,-28.85496183206107,7.969465648854962,5.129770992366412,-8.374917407226562,2.3487118286132813,-0.7876923461914062,-32.2442748091603,-7.343511450381679,5.3893129770992365,0.0
18.690001249313354,-6.433219860839843,3.3111808959960936,-0.5626373901367188,-36.76335877862596,12.488549618320612,8.870229007633588,-9.133879333496093,1.4867992309570313,-1.70467158203125,-31.801526717557252,-13.83206106870229,8.580152671755725,0.0
18.700001001358032,-6.303932971191406,3.0023288818359375,-0.5051765502929687,-44.13740458015267,16.564885496183205,11.312977099236642,-10.24718310546875,1.2234370483398436,-1.3239935180664062,-31.96946564885496,-11.770992366412214,9.893129770992367,0.0
18.71000051498413,-6.526593725585937,2.602497204589844,0.09337386474609374,-49.847328244274806,20.931297709923665,15.145038167938932,-9.770736975097655,1.8148048583984373,-1.5394716674804687,-39.11450381679389,-10.610687022900763,10.335877862595419,0.0
18.720000505447388,-5.698199951171874,-0.5674257934570313,-0.3495534423828125,-46.68702290076336,24.580152671755727,20.82442748091603,-8.456320263671875,3.0023288818359375,-2.3726538452148436,-49.69465648854962,-7.236641221374046,11.755725190839694,0.0
18.730000495910645,-5.827486840820312,-2.6910826660156246,-0.17477672119140625,-25.236641221374047,35.770992366412216,21.0381679389313,-9.974244116210937,1.3383587280273437,-2.2026655273437497,-46.74809160305343,-7.114503816793893,15.83206106870229,0.0
18.7400004863739,-7.0078282592773435,-2.5426421630859375,0.2561795776367187,-8.610687022900763,43.541984732824424,16.916030534351144,-10.381258398437499,0.4477157104492187,-1.8938135131835936,-41.12977099236641,-5.603053435114504,16.641221374045802,0.0
18.750000476837158,-9.411606726074218,-1.0103531005859374,0.699106884765625,4.778625954198473,49.41984732824427,11.98473282442748,-11.954248889160155,-1.3168109130859373,-1.1635820068359375,-26.458015267175572,-8.717557251908397,18.65648854961832,0.0
18.760000944137573,-10.843339318847656,0.6751648681640625,1.1947066284179686,7.312977099236641,49.11450381679389,8.045801526717558,-11.990161914062499,-0.5961562133789062,-1.0821791503906248,-13.770992366412214,-12.061068702290076,17.801526717557252,0.0
18.77000093460083,-12.23915888671875,3.383006945800781,2.418143676757812,0.7633587786259542,45.06870229007634,5.603053435114504,-10.295067138671874,-0.1149216796875,-1.5179238525390624,-9.419847328244275,-18.580152671755727,15.679389312977099,0.0
18.780000686645508,-12.720393420410156,4.331110803222656,2.3774422485351563,-14.427480916030534,35.61832061068702,6.0458015267175576,-10.067617980957031,0.4525041137695312,-1.149216796875,-6.870229007633588,-17.541984732824428,15.740458015267176,0.0
18.790000915527344,-12.72997022705078,5.777208605957031,2.269703173828125,-28.0,24.82442748091603,6.0458015267175576,-12.837709301757812,-2.3535002319335936,-1.3814543579101561,13.145038167938932,-24.946564885496183,16.12213740458015,0.0
18.80000066757202,-11.183315954589844,3.5793314819335937,0.948103857421875,-36.091603053435115,16.045801526717558,9.709923664122137,-9.212887988281249,2.4444798950195312,-1.8770541015625,9.083969465648854,-20.366412213740457,10.534351145038167,0.0
18.810000896453857,-9.904812268066406,2.346317626953125,0.9361328491210937,-28.748091603053435,16.732824427480917,12.702290076335878,-8.93755479736328,3.641580725097656,-2.2864625854492187,-11.251908396946565,-11.145038167938932,10.290076335877863,0.0
18.820000648498535,-10.110713610839843,2.913743420410156,1.0749965454101562,-27.66412213740458,14.610687022900763,11.526717557251908,-8.796296899414061,3.775656018066406,-2.3630770385742186,-28.900763358778626,1.5419847328244274,11.511450381679388,0.0
18.83000087738037,-9.65342109375,2.3774422485351563,0.6440402465820312,-27.633587786259543,12.320610687022901,12.83969465648855,-10.472238061523436,1.898601916503906,-2.04943662109375,-25.541984732824428,6.152671755725191,15.114503816793894,0.0
18.840000867843628,-9.938331091308592,2.8706477905273435,0.8068459594726562,-29.755725190839694,11.923664122137405,11.511450381679388,-10.402806213378906,0.3327940307617187,-1.1109095703125,-25.267175572519083,8.244274809160306,13.877862595419847,0.0
18.850000619888306,-8.67658681640625,1.350329736328125,0.09576806640624999,-31.908396946564885,11.938931297709924,11.938931297709924,-10.290278735351562,0.03591302490234375,-1.0295067138671874,-19.51145038167939,6.0458015267175576,11.465648854961833,0.0
18.860000610351562,-9.540893615722656,1.3551181396484375,0.6919242797851562,-34.732824427480914,12.427480916030534,9.053435114503817,-10.991779821777342,-0.16519991455078123,0.05746083984375,-11.465648854961833,3.267175572519084,10.427480916030534,0.0
18.87000060081482,-10.031704956054687,1.4772224243164063,1.3048399047851562,-38.93129770992366,12.045801526717558,5.908396946564886,-10.838550915527343,-0.3112462158203125,0.7493851196289062,-4.900763358778626,1.0687022900763359,10.534351145038167,0.0
18.880001068115234,-8.99501563720703,-0.7038952880859375,0.47884033203125,-40.67175572519084,8.610687022900763,5.145038167938932,-10.678139404296875,-0.7398083129882812,1.8435352783203125,7.465648854961832,-8.717557251908397,9.84732824427481,0.0
18.890000581741333,-10.345345373535155,0.39983167724609375,1.4891934326171874,-33.05343511450382,12.50381679389313,0.7480916030534351,-10.517727893066406,-0.22744915771484372,1.0582371337890624,23.435114503816795,-11.129770992366412,8.13740458015267,0.0
18.90000081062317,-9.782707983398437,-0.29927520751953124,1.1348515869140625,-26.793893129770993,11.770992366412214,-0.6717557251908397,-10.120290417480469,-0.23223756103515625,0.47644613037109373,20.18320610687023,-17.328244274809162,7.083969465648855,0.0
18.910000801086426,-9.179369165039063,-0.3064578125,0.4285620971679687,-23.099236641221374,8.442748091603054,-1.5267175572519085,-9.938331091308592,1.20667763671875,1.5729904907226562,16.9618320610687,-16.763358778625953,6.396946564885496,0.0
18.92000102996826,-8.94473740234375,-0.38307226562499996,0.8044517578125,-3.877862595419847,16.65648854961832,-1.8015267175572518,-8.123526232910155,2.583343591308594,-0.1388636962890625,1.0381679389312977,-16.0,4.1679389312977095,0.0
18.93000054359436,-10.05564697265625,1.3670891479492187,1.2689268798828124,-2.8244274809160306,15.786259541984732,-5.251908396946565,-9.145850341796875,1.438915197753906,0.28490999755859375,-9.358778625954198,-17.61832061068702,5.343511450381679,0.0
18.940000534057617,-10.838550915527343,2.3151930053710936,1.438915197753906,-5.221374045801527,13.236641221374045,-6.213740458015267,-11.367669482421874,-0.9648632690429687,0.18435352783203124,-6.534351145038168,-12.106870229007633,6.916030534351145,0.0
18.950000286102295,-9.775525378417969,1.659181750488281,1.448492004394531,-2.6259541984732824,14.045801526717558,-4.67175572519084,-8.729259252929687,0.8643067993164062,0.36631285400390623,-11.450381679389313,-11.84732824427481,3.1908396946564888,0.0
18.96000075340271,-10.204087475585936,1.6711527587890624,1.6615759521484375,-4.076335877862595,12.641221374045802,-5.038167938931298,-11.49216796875,-1.867477294921875,1.3958195678710936,-3.2977099236641223,-14.427480916030534,5.786259541984733,0.0
18.970000505447388,-9.926360083007811,1.8411410766601561,1.35990654296875,-1.9083969465648856,11.786259541984732,-5.129770992366412,-9.60793126220703,-1.2521674682617188,0.411802685546875,16.27480916030534,-17.34351145038168,1.0076335877862594,0.0
18.980000495910645,-9.926360083007811,1.697488977050781,1.3575123413085937,-4.320610687022901,10.061068702290076,-4.580152671755725,-9.801861596679688,-1.936909143066406,0.9504980590820312,22.091603053435115,-23.908396946564885,0.7480916030534351,0.0
18.9900004863739,-9.370905297851563,1.2904746948242187,1.4006079711914061,-1.297709923664122,10.748091603053435,-4.641221374045801,-9.289502441406249,-1.2737152832031249,1.2928688964843749,37.908396946564885,-32.30534351145038,-2.7938931297709924,0.0
19.000000476837158,-9.363722692871093,1.7860744384765623,1.7190367919921874,-0.9465648854961832,10.641221374045802,-4.595419847328245,-8.461108666992187,1.6424223388671875,0.1771709228515625,43.603053435114504,-34.412213740458014,-5.114503816793893,0.0
19.010001182556152,-8.566453540039062,1.5466542724609373,1.9201497314453124,0.44274809160305345,11.541984732824428,-3.877862595419847,-8.415618835449218,2.901772412109375,-0.7493851196289062,21.46564885496183,-29.022900763358777,-4.641221374045801,0.0
19.02000093460083,-8.94473740234375,2.090138049316406,2.2864625854492187,2.595419847328244,11.954198473282442,-4.061068702290076,-8.384494213867187,3.4835634155273434,-1.5131354492187499,20.68702290076336,-21.419847328244273,-3.6793893129770994,0.0
19.03000044822693,-9.758765966796874,2.779668127441406,2.1715409057617188,-5.267175572519084,6.870229007633588,-3.9083969465648853,-9.3086560546875,1.9871873779296874,-0.3064578125,17.34351145038168,-18.946564885496183,-1.450381679389313,0.0
19.040000438690186,-9.572018237304688,2.01112939453125,1.886630908203125,-4.931297709923665,4.564885496183206,-1.4198473282442747,-10.228029492187499,-0.3280056274414062,0.0718260498046875,16.16793893129771,-18.53435114503817,-1.3282442748091603,0.0
19.0500009059906,-9.435548742675781,1.7214309936523438,2.1619640991210938,-2.0610687022900764,4.030534351145038,-0.7175572519083969,-10.263942517089843,-0.967257470703125,-0.36391865234375,20.717557251908396,-21.96946564885496,-2.5343511450381677,0.0
19.06000065803528,-9.497797985839844,1.7405846069335937,2.2361843505859373,-1.0381679389312977,2.8244274809160306,-0.4732824427480916,-9.947907897949218,-0.8834604125976562,-0.5865794067382812,20.732824427480917,-24.16793893129771,-3.6946564885496183,0.0
19.070000410079956,-9.445125549316407,1.8938135131835936,2.308010400390625,1.8015267175572518,3.0229007633587788,0.3969465648854962,-8.86094034423828,0.1771709228515625,-0.05027823486328125,5.893129770992366,-22.80916030534351,-3.480916030534351,0.0
19.080000638961792,-9.13627353515625,1.4245499877929686,2.1643583007812497,2.4885496183206106,2.2748091603053435,1.4809160305343512,-8.79150849609375,1.5538368774414062,0.2705447875976562,-6.473282442748092,-22.38167938931298,-3.0381679389312977,0.0
19.09000062942505,-9.289502441406249,1.6735469604492186,1.8028338500976562,4.366412213740458,2.854961832061069,1.1755725190839694,-8.451531860351562,2.2649147705078123,-1.0917559570312498,2.427480916030534,-17.419847328244273,-3.786259541984733,0.0
19.100000619888306,-9.665392102050781,2.1883003173828124,1.7022773803710936,2.3206106870229006,2.4427480916030535,0.7175572519083969,-9.859322436523437,0.8810662109374999,0.1580173095703125,4.366412213740458,-10.274809160305344,-2.183206106870229,0.0
19.110000371932983,-9.548076220703125,1.8507178833007811,1.438915197753906,-2.2595419847328246,0.32061068702290074,0.2748091603053435,-9.665392102050781,-0.06703764648437499,-0.36152445068359373,-0.8702290076335878,-11.679389312977099,-3.8625954198473282,0.0
19.12000060081482,-9.811438403320311,1.6615759521484375,1.7764976318359373,-0.5648854961832062,1.8473282442748091,0.12213740458015267,-10.072406384277343,-0.19153613281249998,-0.277727392578125,-2.4732824427480917,-12.381679389312977,-5.343511450381679,0.0
19.130000591278076,-9.708487731933593,1.37906015625,1.7262193969726563,-0.4580152671755725,1.0076335877862594,-0.0916030534351145,-10.084377392578125,-0.7158662963867187,0.47644613037109373,-1.1145038167938932,-12.442748091603054,-6.916030534351145,0.0
19.140000581741333,-9.974244116210937,1.8650830932617186,1.7764976318359373,-0.15267175572519084,0.8244274809160306,-0.6412213740458015,-10.704475622558594,-1.7764976318359373,1.7094599853515624,1.1603053435114503,-14.946564885496183,-7.00763358778626,0.0
19.15000081062317,-10.532093103027343,3.009511486816406,1.9009961181640624,-5.862595419847328,-1.1450381679389312,-1.8473282442748091,-10.91037696533203,-1.4820108276367188,1.005564697265625,10.610687022900763,-23.480916030534353,-9.877862595419847,0.0
19.160000801086426,-9.564835632324218,1.3072341064453123,0.7685387329101562,-11.32824427480916,-4.580152671755725,0.1984732824427481,-10.85291612548828,-1.2282254516601563,1.599326708984375,27.557251908396946,-25.068702290076335,-11.969465648854962,0.0
19.170000553131104,-10.036493359375,1.5753846923828123,1.3958195678710936,-11.755725190839694,-2.8091603053435112,-0.8244274809160306,-10.326191760253906,-1.0271125122070313,0.6248866333007812,33.06870229007634,-28.442748091603054,-14.0,0.0
19.18000078201294,-8.698134631347656,-0.39983167724609375,1.0558429321289062,-1.3587786259541985,1.8473282442748091,-0.7022900763358778,-9.509768994140625,0.7613561279296874,0.4333505004882812,27.557251908396946,-30.946564885496183,-16.03053435114504,0.0
19.190000534057617,-9.639055883789062,1.2904746948242187,1.8315642700195311,0.3816793893129771,3.7557251908396947,-4.793893129770993,-7.975085729980468,2.0781670410156248,0.2561795776367187,14.15267175572519,-25.34351145038168,-16.549618320610687,0.0
19.200001001358032,-9.890447058105469,2.051830822753906,1.8148048583984373,-5.175572519083969,1.7404580152671756,-5.679389312977099,-6.959944226074218,4.046200805664062,-0.8547299926757812,-4.030534351145038,-21.358778625954198,-16.717557251908396,0.0
19.21000075340271,-10.110713610839843,1.927332336425781,1.9129671264648436,-6.427480916030534,2.015267175572519,-5.893129770992366,-10.855310327148437,-0.5123591552734374,0.7422025146484375,-9.312977099236642,-10.549618320610687,-10.65648854961832,0.0
19.220000505447388,-9.830592016601562,1.8555062866210936,1.6208745239257811,-6.916030534351145,1.4351145038167938,-5.435114503816794,-8.506598498535157,1.350329736328125,0.5698199951171875,-8.412213740458014,-13.129770992366412,-14.290076335877863,0.0
19.230000495910645,-9.670180505371093,1.6208745239257811,1.5514426757812498,-7.633587786259542,1.1908396946564885,-4.625954198473282,-9.366116894531249,-0.16280571289062498,0.93852705078125,-8.061068702290076,-12.82442748091603,-13.618320610687023,0.0
19.2400004863739,-9.758765966796874,1.946485949707031,1.9871873779296874,-8.51908396946565,1.1908396946564885,-5.022900763358779,-9.121908325195312,-0.18914193115234373,0.7996633544921875,-7.587786259541985,-12.580152671755725,-14.488549618320612,0.0
19.250000476837158,-9.552864624023437,1.7405846069335937,2.032677209472656,-9.633587786259541,-0.4732824427480916,-4.778625954198473,-9.469067565917967,-0.46686932373046874,0.7398083129882812,-3.3740458015267176,-12.854961832061068,-14.65648854961832,0.0
19.260000705718994,-9.643844287109374,1.5251064575195312,2.1811177124023438,-12.320610687022901,-2.366412213740458,-5.404580152671755,-9.567229833984374,-1.0486603271484374,0.9361328491210937,2.4580152671755724,-13.893129770992367,-14.641221374045802,0.0
19.27000093460083,-9.437942944335937,0.9097966308593749,2.521094348144531,-11.86259541984733,-4.442748091603053,-6.824427480916031,-10.002974536132811,0.33039982910156246,0.2705447875976562,14.595419847328245,-12.213740458015268,-16.290076335877863,0.0
19.280000686645508,-9.246406811523437,0.33039982910156246,2.96881005859375,-9.053435114503817,-6.198473282442748,-7.694656488549619,-8.978256225585938,0.0430956298828125,0.34237083740234375,4.9465648854961835,-9.86259541984733,-16.99236641221374,0.0
19.290000677108765,-9.064447485351561,0.201112939453125,3.4955344238281247,-0.549618320610687,-7.938931297709924,-8.83969465648855,-8.992621435546875,-0.316034619140625,0.3687070556640625,7.4961832061068705,-10.900763358778626,-16.244274809160306,0.0
19.30000066757202,-9.085995300292968,0.15562310791015624,3.4668040039062498,8.229007633587786,-10.427480916030534,-10.549618320610687,-8.535328918457031,-0.21787235107421873,0.4285620971679687,9.236641221374045,-9.755725190839694,-16.458015267175572,0.0
19.31000065803528,-8.88009395751953,-0.040701428222656245,3.912125512695312,15.709923664122137,-12.793893129770993,-11.618320610687023,-8.334215979003906,-0.39983167724609375,0.49320554199218747,12.534351145038167,-9.557251908396946,-15.98473282442748,0.0
19.320000648498535,-8.84178673095703,0.10773907470703124,3.9695863525390624,27.31297709923664,-16.47328244274809,-13.19083969465649,-8.104372619628906,-0.2442085693359375,0.5195417602539062,15.267175572519085,-9.938931297709924,-16.061068702290076,0.0
19.330000638961792,-8.43956085205078,-0.033518823242187495,3.8690298828125,34.396946564885496,-19.770992366412212,-14.65648854961832,-8.17859287109375,-0.5051765502929687,1.0271125122070313,17.81679389312977,-9.648854961832061,-16.0,0.0
19.340000867843628,-8.303091357421874,-0.14125789794921875,3.6655227416992187,43.3587786259542,-23.282442748091604,-15.816793893129772,-8.640673791503906,-0.35673604736328124,0.4429273071289062,28.50381679389313,-15.053435114503817,-17.19083969465649,0.0
19.350000619888306,-8.154650854492187,-0.028730419921875,3.5242648437499997,54.62595419847328,-26.80916030534351,-16.366412213740457,-9.234435803222656,-1.4604630126953124,1.1324573852539062,30.137404580152673,-9.511450381679388,-18.259541984732824,0.0
19.360000610351562,-7.568071447753906,0.258573779296875,3.4931402221679684,63.74045801526717,-29.17557251908397,-16.0,-8.489839086914062,-0.70868369140625,0.9504980590820312,32.3206106870229,-10.458015267175572,-20.137404580152673,0.0
19.37000060081482,-7.762001782226562,1.6328455322265625,3.4428619873046875,68.87022900763358,-31.374045801526716,-15.48091603053435,-7.728482958984374,0.05746083984375,0.3136404174804687,29.740458015267176,-9.938931297709924,-20.564885496183205,0.0
19.380000591278076,-8.968679418945312,4.800374328613281,3.7995980346679685,64.41221374045801,-34.29007633587786,-15.740458015267176,-9.387664709472656,-1.2425906616210938,0.21068974609375,38.50381679389313,-15.908396946564885,-18.259541984732824,0.0
19.39000105857849,-9.9215716796875,5.966350537109375,3.4835634155273434,48.01526717557252,-41.52671755725191,-12.610687022900763,-7.886500268554687,-0.7326257080078125,1.0630255371093749,41.61832061068702,-16.977099236641223,-22.091603053435115,0.0
19.40000081062317,-8.963891015625,6.028599780273437,2.291250988769531,31.49618320610687,-48.51908396946565,-8.183206106870228,-9.516951599121093,-0.9121908325195311,0.603338818359375,49.51145038167939,-20.12213740458015,-22.717557251908396,0.0
19.410000562667847,-8.731653454589843,5.406107348632812,1.8938135131835936,10.83969465648855,-53.770992366412216,-4.0,-8.63109698486328,0.277727392578125,-0.07900865478515624,48.38167938931298,-21.17557251908397,-25.129770992366414,0.0
19.420000791549683,-8.288726147460936,3.380612744140625,2.308010400390625,-1.1603053435114503,-55.43511450381679,-2.015267175572519,-9.629479077148437,0.8164227661132812,-0.40462008056640625,44.79389312977099,-17.51145038167939,-24.900763358778626,0.0
19.43000054359436,-7.987056738281249,1.3623007446289062,3.806780639648437,-2.4427480916030535,-54.13740458015267,-1.0687022900763359,-9.325415466308593,1.2378022583007813,0.2442085693359375,33.282442748091604,-13.969465648854962,-24.717557251908396,0.0
19.440001249313354,-7.541735229492187,-0.1292868896484375,4.340687609863281,4.549618320610687,-52.274809160305345,-2.1068702290076335,-8.279149340820313,2.50912333984375,0.33518823242187495,18.641221374045802,-8.15267175572519,-24.870229007633586,0.0
19.450000524520874,-7.7787611938476555,-0.15322890625,4.163516687011718,11.801526717557252,-51.51145038167939,-4.961832061068702,-9.715670336914062,1.4628572143554686,0.6296750366210937,18.0,-8.885496183206106,-21.114503816793892,0.0
19.46000051498413,-7.953537915039062,-0.14125789794921875,4.055777612304687,19.64885496183206,-45.17557251908397,-9.389312977099237,-8.245630517578125,1.8459294799804686,0.699106884765625,12.458015267175572,-5.1603053435114505,-22.259541984732824,0.0
19.470000743865967,-7.898471276855468,0.06464344482421874,3.0621839233398433,25.19083969465649,-41.63358778625954,-12.50381679389313,-9.45470235595703,-1.1563994018554686,2.8610709838867185,5.465648854961832,-0.7480916030534351,-19.083969465648856,0.0
19.480000734329224,-8.621520178222656,2.099714855957031,2.9759926635742184,22.137404580152673,-38.396946564885496,-16.396946564885496,-9.311050256347656,0.13407529296874998,2.7820623291015623,12.687022900763358,-5.740458015267175,-21.96946564885496,0.0
19.49000096321106,-9.507374792480467,4.086902233886718,3.0142998901367184,14.01526717557252,-36.900763358778626,-15.740458015267176,-9.270348828125,0.469263525390625,3.0214824951171875,1.3740458015267176,-0.5954198473282443,-20.03053435114504,0.0
19.50000023841858,-9.629479077148437,4.766855505371093,3.172317199707031,-1.5419847328244274,-36.68702290076336,-14.030534351145038,-9.052476477050782,0.3902548706054687,0.9265560424804687,-2.4885496183206106,-7.450381679389313,-15.282442748091603,0.0
19.510000705718994,-9.713276135253906,3.4524387939453125,3.6248213134765623,-8.625954198473282,-37.14503816793893,-12.320610687022901,-10.785878479003905,0.5482721801757812,0.06703764648437499,-3.099236641221374,-1.5419847328244274,-12.80916030534351,0.0
19.52000069618225,-11.645396875,4.5968671875,5.504269616699219,-18.610687022900763,-40.25954198473283,-15.312977099236642,-12.619836950683593,1.465251416015625,0.8379705810546875,-9.603053435114504,1.2213740458015268,-16.80916030534351,0.0
19.530000925064087,-10.443507641601562,1.0295067138671874,5.966350537109375,-14.01526717557252,-46.97709923664122,-13.282442748091603,-15.349226843261718,-0.6200982299804687,1.484405029296875,-25.34351145038168,12.045801526717558,-20.03053435114504,0.0
19.540000677108765,-11.496956372070311,0.5219359619140624,8.846575134277343,-5.038167938931298,-54.06106870229008,-15.312977099236642,-14.630966345214842,0.4572925170898437,2.5905261962890624,-35.14503816793893,9.770992366412214,-26.580152671755727,0.0
19.55000114440918,-12.947842578125,-2.185906115722656,11.135431921386719,28.885496183206108,-62.595419847328245,-11.557251908396946,-16.24705246582031,-2.779668127441406,0.01915361328125,-33.20610687022901,12.320610687022901,-27.770992366412212,0.0
19.560000896453857,-14.07790576171875,-3.2321722412109373,12.174515441894531,62.18320610687023,-77.83206106870229,-7.251908396946565,-13.314155432128905,0.430956298828125,-0.8571241943359375,-27.81679389312977,12.595419847328245,-29.17557251908397,0.0
19.570000886917114,-19.03629739990234,0.05985504150390625,14.640543151855468,76.45801526717557,-98.4885496183206,-9.526717557251908,-12.679691992187498,0.02154781494140625,-0.6105214233398437,-20.35114503816794,13.603053435114504,-20.717557251908396,0.0
19.580000638961792,-16.371550952148436,-3.2704794677734372,11.6070896484375,97.32824427480917,-114.44274809160305,-5.603053435114504,-7.369352709960937,3.5242648437499997,-1.9895815795898437,-12.366412213740459,10.381679389312977,-19.114503816793892,0.0
19.59000062942505,-17.578228588867187,1.4915876342773438,9.572018237304688,87.23664122137404,-138.33587786259542,-10.564885496183207,-5.8083332275390624,4.146757275390625,-3.5242648437499997,-17.0381679389313,20.900763358778626,-14.65648854961832,0.0
19.600000619888306,-16.35000313720703,3.8139632446289062,6.457161877441406,43.74045801526717,-164.3053435114504,-12.900763358778626,-6.655880615234374,3.9312791259765625,-3.478775012207031,-28.061068702290076,29.022900763358777,-6.290076335877862,0.0
19.610000610351562,-14.70279239501953,3.5529952636718747,1.7453730102539062,15.725190839694656,-175.49618320610688,-10.01526717557252,-9.502586389160156,-1.4030021728515625,-2.7653029174804686,-28.732824427480917,38.916030534351144,3.5114503816793894,0.0
19.62000060081482,-12.380416784667968,2.6312276245117188,-2.3127988037109373,-3.954198473282443,-174.82442748091603,-5.694656488549619,-11.508927380371093,-5.157110375976562,-1.1133037719726562,-6.961832061068702,36.900763358778626,8.366412213740459,0.0
19.630001068115234,-9.411606726074218,-0.15083470458984374,-4.537012145996093,13.694656488549619,-152.44274809160305,5.0534351145038165,-10.778695874023438,-6.222530114746093,-0.9145850341796874,19.770992366412212,32.83969465648855,9.770992366412214,0.0
19.640000581741333,-7.192181787109375,2.04943662109375,-4.163516687011718,2.6717557251908395,-144.01526717557252,6.595419847328245,-11.939883679199218,-4.0222587890625,-2.4205378784179685,44.54961832061068,33.45038167938932,10.381679389312977,0.0
19.65000033378601,-5.164292980957031,-0.3184288208007812,-3.3710359375,15.511450381679388,-113.92366412213741,17.72519083969466,-9.279925634765624,-2.868253588867187,-2.5546131713867184,45.93893129770992,37.37404580152672,12.778625954198473,0.0
19.660000801086426,-4.053383410644531,-1.618480322265625,-4.012681982421875,24.763358778625953,-86.54961832061069,18.931297709923665,-9.234435803222656,-2.0278888061523435,-2.0159177978515626,48.58015267175573,42.595419847328245,16.12213740458015,0.0
19.67000102996826,-5.013458276367187,-1.2330138549804688,-2.8993782104492185,42.412213740458014,-56.01526717557252,20.38167938931298,-8.916006982421875,-0.6943184814453125,-1.7932570434570312,52.36641221374046,40.62595419847328,18.076335877862597,0.0
19.68000078201294,-5.942408520507812,-0.5530605834960938,-1.5251064575195312,50.717557251908396,-30.427480916030536,21.46564885496183,-11.097124694824219,0.05746083984375,-0.47644613037109373,48.152671755725194,45.43511450381679,19.236641221374047,0.0
19.690000295639038,-5.889736083984375,0.7015010864257812,-0.6416460449218749,44.67175572519084,-14.83969465648855,18.412213740458014,-9.832986218261718,0.32561142578124996,-0.8547299926757812,27.099236641221374,41.7557251908397,17.053435114503817,0.0
19.700000762939453,-7.6614453125,2.7054478759765623,0.5793968017578125,12.687022900763358,-8.061068702290076,12.01526717557252,-9.313444458007812,-0.229843359375,0.17238251953125,6.458015267175573,38.97709923664122,18.33587786259542,0.0
19.71000051498413,-4.838681555175781,0.23223756103515625,-1.2785036865234374,-0.6564885496183206,-0.030534351145038167,13.86259541984733,-9.804255798339844,0.488417138671875,-0.45489831542968745,5.4961832061068705,41.17557251908397,17.87786259541985,0.0
19.720000505447388,-5.980715747070312,2.0063409912109376,-0.00718260498046875,-21.00763358778626,9.221374045801527,7.343511450381679,-9.373299499511718,-0.5746083984375,0.37828386230468747,-18.65648854961832,41.31297709923664,18.091603053435115,0.0
19.730000495910645,-6.605602380371093,2.806004345703125,0.6344634399414062,-49.12977099236641,14.183206106870228,4.213740458015267,-9.323021264648437,-1.599326708984375,1.4987702392578124,-29.755725190839694,41.29770992366412,18.717557251908396,0.0
19.740000247955322,-6.457161877441406,2.4947581298828125,0.44053310546874996,-70.35114503816794,17.31297709923664,3.816793893129771,-11.635820068359374,-5.561730456542969,1.2904746948242187,-28.458015267175572,35.31297709923664,21.068702290076335,0.0
19.750000476837158,-6.263231542968749,2.2194249389648437,0.0718260498046875,-82.07633587786259,23.099236641221374,6.259541984732825,-11.1474029296875,-5.214571215820312,1.5466542724609373,1.5114503816793894,25.34351145038168,16.671755725190838,0.0
19.760000705718994,-4.924872814941406,0.1580173095703125,-0.737414111328125,-80.61068702290076,33.55725190839695,12.13740458015267,-8.961496813964843,-2.384624853515625,0.8786720092773437,2.595419847328244,18.80916030534351,7.648854961832061,0.0
19.77000093460083,-5.839457849121094,1.8818425048828125,0.8978256225585937,-79.20610687022901,46.68702290076336,10.961832061068701,-9.718064538574218,-1.9225439331054686,0.679953271484375,-0.916030534351145,15.49618320610687,7.3893129770992365,0.0
19.780000686645508,-6.229712719726562,1.0007762939453124,1.2306196533203124,-104.03053435114504,42.56488549618321,7.801526717557252,-9.911994873046874,-1.4101847778320311,0.4908113403320312,-3.9236641221374047,14.885496183206106,7.786259541984733,0.0
19.790001153945923,-4.072537023925781,-3.373430139160156,1.1013327636718748,-95.37404580152672,48.900763358778626,15.557251908396946,-9.770736975097655,-0.6655880615234374,0.8307879760742187,-8.763358778625955,13.435114503816793,7.511450381679389,0.0
19.80000114440918,-4.630386010742187,-4.364629626464843,2.540247961425781,-69.70992366412214,64.21374045801527,15.282442748091603,-10.228029492187499,-1.4987702392578124,0.8188169677734375,-7.312977099236641,13.389312977099237,7.3893129770992365,0.0
19.810000896453857,-5.197811804199218,-5.442020373535156,3.404554760742187,-47.25190839694657,74.06106870229007,12.076335877862595,-10.28549033203125,-2.0733786376953125,0.5339069702148437,-6.870229007633588,11.603053435114504,7.022900763358779,0.0
19.820000886917114,-6.057330200195312,-6.081272216796875,4.774038110351563,-17.587786259541986,82.80916030534351,8.290076335877863,-10.369287390136718,-2.7820623291015623,0.19393033447265623,2.16793893129771,9.282442748091603,9.022900763358779,0.0
19.830000638961792,-7.335833886718749,-5.216965417480468,6.078878015136718,21.206106870229007,91.8473282442748,6.366412213740458,-9.935936889648437,-3.0789433349609374,-0.27293898925781246,10.16793893129771,8.442748091603054,10.687022900763358,0.0
19.84000062942505,-7.800309008789062,-4.027047192382812,6.763619689941406,55.80152671755725,98.13740458015268,4.351145038167939,-9.967061511230469,-3.277662072753906,-0.6344634399414062,17.450381679389313,7.786259541984733,12.702290076335878,0.0
19.850000619888306,-8.875305554199219,-2.2290017456054687,7.503428002929687,76.42748091603053,99.22137404580153,-1.6030534351145038,-9.528922607421874,-2.482787121582031,-0.7876923461914062,22.82442748091603,8.50381679389313,13.145038167938932,0.0
19.860000610351562,-10.199299072265624,0.27293898925781246,8.573636145019531,73.80152671755725,93.16030534351145,-8.458015267175572,-9.708487731933593,-1.8028338500976562,-0.7972691528320313,24.48854961832061,9.083969465648854,13.435114503816793,0.0
19.87000036239624,-6.691793640136718,-3.0693665283203124,5.468356591796875,87.80152671755725,90.35114503816794,-6.442748091603053,-9.390058911132812,-0.7948749511718749,-0.7398083129882812,22.793893129770993,11.877862595419847,12.687022900763358,0.0
19.880000591278076,-9.842563024902343,0.5458779785156249,6.885723974609375,85.6030534351145,89.0381679389313,-15.267175572519085,-8.66940421142578,0.9720458740234375,-0.6727706665039062,12.50381679389313,17.740458015267176,11.740458015267176,0.0
19.890000581741333,-11.068394274902342,1.9967641845703124,6.746860278320312,65.55725190839695,79.98473282442748,-20.564885496183205,-11.487379565429686,-1.5107412475585937,-1.407790576171875,12.335877862595419,20.427480916030536,15.114503816793894,0.0
19.90000081062317,-9.095572106933593,1.8531120849609375,5.851428857421874,51.83206106870229,71.54198473282443,-19.587786259541986,-8.458714465332031,1.3910311645507811,-0.8906430175781249,-14.748091603053435,29.954198473282442,13.83206106870229,0.0
19.910000801086426,-9.222464794921875,3.210624426269531,4.740519287109374,46.13740458015267,70.21374045801527,-18.12213740458015,-8.56166513671875,1.0127473022460938,-0.7709329345703124,-29.572519083969464,31.740458015267176,17.053435114503817,0.0
19.92000102996826,-8.111555224609374,2.916137622070312,3.21780703125,34.12213740458015,65.87786259541984,-17.938931297709924,-9.847351428222655,-0.9074024291992187,-0.5793968017578125,-37.587786259541986,37.725190839694655,19.87786259541985,0.0
19.93000078201294,-7.905653881835937,2.2002713256835937,3.277662072753906,34.152671755725194,68.2442748091603,-10.13740458015267,-6.411672045898437,1.0486603271484374,-1.0103531005859374,-46.54961832061068,35.48091603053435,18.793893129770993,0.0
19.940000772476196,-8.097190014648437,1.5801730957031248,3.1100679565429687,45.25190839694657,73.98473282442748,0.9007633587786259,-12.054805358886718,-5.425260961914062,1.3287819213867187,-37.93893129770992,35.404580152671755,26.03053435114504,0.0
19.950000524520874,-9.184157568359375,1.35990654296875,4.568136767578125,49.81679389312977,81.7557251908397,4.198473282442748,-11.10191309814453,-4.752490295410156,0.6560112548828124,-6.870229007633588,25.49618320610687,22.519083969465647,0.0
19.96000051498413,-10.251971508789062,1.4221557861328125,5.8610056640625,41.908396946564885,77.8473282442748,2.6106870229007635,-9.17458076171875,-3.239354846191406,-0.2825157958984375,2.0,18.580152671755727,18.82442748091603,0.0
19.970000505447388,-12.485761657714843,1.5753846923828123,8.319850769042969,29.938931297709924,69.64885496183206,1.1145038167938932,-8.908824377441405,-1.7693150268554687,0.2825157958984375,3.801526717557252,15.83206106870229,17.389312977099237,0.0
19.980000734329224,-13.49611475830078,1.675941162109375,10.16338604736328,10.625954198473282,53.343511450381676,-0.7022900763358778,-9.97184991455078,-1.4724340209960938,-0.4261678955078125,0.5954198473282443,15.007633587786259,17.557251908396946,0.0
19.9900004863739,-14.64533155517578,2.8562825805664063,10.345345373535155,-1.251908396946565,37.465648854961835,-0.2900763358778626,-9.809044201660155,-1.3431471313476562,0.37828386230468747,2.3969465648854964,9.694656488549619,14.595419847328245,0.0
20.000000476837158,-14.66448516845703,2.370259643554687,8.391676818847655,-7.083969465648855,23.81679389312977,5.541984732824427,-10.922347973632812,-3.1316157714843746,0.7302315063476562,-1.816793893129771,9.34351145038168,12.534351145038167,0.0
20.010000705718994,-13.565546606445311,0.7062894897460937,5.652710119628906,-1.816793893129771,16.0,13.709923664122137,-8.892064965820312,-0.7589619262695312,-0.5315127685546874,-6.6106870229007635,2.3206106870229006,6.0458015267175576,0.0
20.02000069618225,-12.722787622070312,0.8403647827148437,3.921702319335937,8.213740458015268,14.900763358778626,15.816793893129772,-10.129867224121092,-1.599326708984375,-0.8667010009765624,-14.473282442748092,0.16793893129770993,5.419847328244275,0.0
20.030001163482666,-11.489773767089844,1.5921441040039062,2.5234885498046875,10.320610687022901,14.458015267175572,10.854961832061068,-10.328585961914062,-1.5131354492187499,-0.6344634399414062,-23.00763358778626,-2.198473282442748,3.282442748091603,0.0
20.040000677108765,-9.753977563476562,2.5354595581054684,1.407790576171875,3.3893129770992365,13.740458015267176,4.290076335877862,-10.512939489746094,-1.936909143066406,-0.5291185668945312,-22.717557251908396,-6.259541984732825,3.618320610687023,0.0
20.0500009059906,-8.444349255371094,3.1004911499023438,0.9026140258789062,-5.740458015267175,14.0,1.0229007633587786,-9.928754284667969,-1.7669208251953124,-0.033518823242187495,-11.48091603053435,-15.17557251908397,3.7709923664122136,0.0
20.060000896453857,-7.912836486816405,3.871424084472656,1.37906015625,-14.51908396946565,16.137404580152673,1.9236641221374047,-9.830592016601562,-0.4955997436523437,-0.5003881469726562,-7.450381679389313,-21.17557251908397,1.7557251908396947,0.0
20.070000648498535,-7.64229169921875,3.375824340820312,1.7908628417968748,-24.244274809160306,16.641221374045802,4.763358778625954,-10.488997473144531,0.03591302490234375,-1.0869675537109373,-1.2671755725190839,-24.900763358778626,2.213740458015267,0.0
20.080000638961792,-8.164227661132813,2.6192566162109374,2.389413256835937,-30.15267175572519,16.427480916030536,6.732824427480916,-10.697293017578124,0.9935936889648437,-2.8706477905273435,8.595419847328245,-28.885496183206108,1.2213740458015268,0.0
20.09000062942505,-7.062894897460937,0.3399766357421875,1.5921441040039062,-26.091603053435115,17.099236641221374,10.65648854961832,-9.34696328125,2.77727392578125,-3.366247534179687,4.030534351145038,-25.862595419847327,0.6412213740458015,0.0
20.100000619888306,-7.161057165527343,0.13407529296874998,1.4341267944335936,-19.984732824427482,19.435114503816795,11.145038167938932,-9.050082275390624,3.995922570800781,-3.1938650146484373,1.4961832061068703,-19.328244274809162,2.33587786259542,0.0
20.11000084877014,-9.076418493652342,2.109291662597656,1.6112977172851561,-19.587786259541986,20.595419847328245,8.702290076335878,-9.100360510253905,2.9975404785156248,-3.871424084472656,-5.221374045801527,-17.022900763358777,5.572519083969466,0.0
20.12000036239624,-10.036493359375,2.578555187988281,1.5442600708007812,-27.053435114503817,17.068702290076335,7.282442748091603,-9.897629663085937,2.176329309082031,-3.3877953491210935,-5.6183206106870225,-9.34351145038168,7.893129770992366,0.0
20.130000829696655,-10.907982763671875,2.8562825805664063,1.675941162109375,-41.16030534351145,7.190839694656488,6.320610687022901,-12.739547033691405,-0.28730419921875,-2.0470424194335934,1.9694656488549618,-5.022900763358779,11.17557251908397,0.0
20.140000581741333,-10.498574279785156,1.8746598999023436,1.3239935180664062,-30.213740458015266,5.984732824427481,9.664122137404581,-12.303802331542968,-0.5746083984375,-0.7661445312499999,5.526717557251908,-4.122137404580153,8.030534351145038,0.0
20.15000057220459,-9.490615380859374,1.149216796875,0.3591302490234375,-16.641221374045802,6.9465648854961835,11.297709923664122,-10.953472595214842,1.1252747802734375,0.5003881469726562,10.045801526717558,-12.274809160305344,4.732824427480916,0.0
20.160000801086426,-10.271125122070313,2.645592834472656,-0.1197100830078125,-9.48091603053435,6.809160305343512,10.122137404580153,-11.573570825195311,-0.076614453125,0.8834604125976562,18.9618320610687,-15.938931297709924,5.7251908396946565,0.0
20.170000553131104,-9.390058911132812,2.511517541503906,-0.8738836059570312,-5.908396946564886,7.404580152671755,11.86259541984733,-10.443507641601562,0.17956512451171874,-0.4525041137695312,15.633587786259541,-20.16793893129771,3.5877862595419847,0.0
20.18000078201294,-9.730035546875,3.6822821533203123,-0.7015010864257812,-10.793893129770993,9.511450381679388,11.48091603053435,-8.949525805664061,2.5713725830078125,0.7637503295898437,-2.3053435114503817,-18.80916030534351,1.0076335877862594,0.0
20.190000772476196,-10.168174450683592,4.977545251464844,-0.16759411621093748,-21.46564885496183,8.961832061068701,12.15267175572519,-9.074024291992187,2.0183119995117185,0.24899697265624998,-24.564885496183205,-15.618320610687023,1.297709923664122,0.0
20.200000524520874,-9.789890588378906,4.058171813964844,0.0909796630859375,-40.62595419847328,3.8931297709923665,15.19083969465649,-8.508992700195313,3.6439749267578123,-0.19393033447265623,-30.641221374045802,-14.091603053435115,-1.4809160305343512,0.0
20.21000051498413,-10.419565624999999,2.5953145996093747,1.0486603271484374,-47.20610687022901,3.6793893129770994,15.938931297709924,-9.964667309570311,0.7206546997070312,0.0047884033203125,-33.465648854961835,-8.030534351145038,0.13740458015267176,0.0
20.220000505447388,-9.694122521972655,1.0965443603515623,1.189918225097656,-45.770992366412216,1.5419847328244274,17.49618320610687,-9.5384994140625,0.4213794921875,0.3016694091796875,-35.48091603053435,-10.091603053435115,-1.099236641221374,0.0
20.230000495910645,-8.973467822265624,-0.316034619140625,1.1085153686523437,-42.42748091603053,-0.3053435114503817,17.34351145038168,-9.840168823242188,-0.8547299926757812,-0.21787235107421873,-28.3206106870229,-12.458015267175572,-0.9465648854961832,0.0
20.2400004863739,-10.314220751953124,-0.3591302490234375,2.5546131713867184,-37.86259541984733,1.3740458015267176,13.099236641221374,-9.41639512939453,-0.9840168823242187,-0.6344634399414062,-6.1679389312977095,-18.15267175572519,-1.6030534351145038,0.0
20.250000476837158,-9.332598071289063,-3.3399113159179685,2.3678654418945313,-18.3206106870229,4.900763358778626,9.16030534351145,-10.184933862304687,-2.442085693359375,-0.023942016601562498,5.938931297709924,-20.229007633587788,-3.068702290076336,0.0
20.260000705718994,-10.189722265624999,-1.9823989746093749,2.916137622070312,-8.473282442748092,5.847328244274809,-0.10687022900763359,-10.594342346191405,-2.3247698120117186,-0.7876923461914062,25.0381679389313,-25.49618320610687,-4.442748091603053,0.0
20.27000093460083,-10.1131078125,-1.4628572143554686,2.710236279296875,0.24427480916030533,4.122137404580153,-5.938931297709924,-9.057264880371093,-0.4165910888671875,0.143652099609375,31.358778625954198,-29.49618320610687,-5.099236641221374,0.0
20.280000686645508,-9.842563024902343,-0.47165772705078124,2.5809493896484375,7.374045801526718,2.732824427480916,-10.045801526717558,-8.307879760742187,0.5889736083984375,-1.6041151123046875,27.450381679389313,-26.35114503816794,-4.6106870229007635,0.0
20.290000915527344,-9.811438403320311,1.6208745239257811,2.2577321655273437,7.847328244274809,1.0381679389312977,-15.068702290076336,-7.668627917480468,1.5514426757812498,-0.8379705810546875,12.442748091603054,-21.114503816793892,-2.2595419847328246,0.0
20.30000066757202,-8.95670841064453,1.9752163696289062,1.1324573852539062,-2.931297709923664,-6.916030534351145,-15.83206106870229,-8.303091357421874,1.5682020874023437,-0.6560112548828124,4.885496183206107,-16.53435114503817,1.1755725190839694,0.0
20.310001611709595,-8.63827958984375,0.967257470703125,0.6081272216796875,-1.6488549618320612,-8.061068702290076,-12.122137404580153,-9.672574707031249,0.9002198242187499,-0.39983167724609375,23.87786259541985,-16.53435114503817,2.931297709923664,0.0
20.320000648498535,-8.319850769042969,0.9193734375,0.8212111694335937,21.099236641221374,3.1297709923664123,-9.358778625954198,-10.742782849121093,-1.35990654296875,0.3136404174804687,29.374045801526716,-13.84732824427481,2.366412213740458,0.0
20.330000400543213,-9.595960253906249,3.7110125732421873,1.2713210815429687,13.84732824427481,1.9236641221374047,-9.648854961832061,-10.888829150390624,-1.5179238525390624,0.1292868896484375,38.13740458015267,-19.46564885496183,1.4961832061068703,0.0
20.34000062942505,-9.114725720214842,3.689464758300781,0.948103857421875,11.954198473282442,2.931297709923664,-4.9465648854961835,-10.414777221679687,-0.622492431640625,0.00239420166015625,47.343511450381676,-25.46564885496183,-0.6870229007633588,0.0
20.350000619888306,-8.547299926757812,3.3207577026367185,1.189918225097656,8.259541984732824,4.244274809160306,-1.786259541984733,-8.33182177734375,3.0262708984374997,-0.8451531860351562,46.778625954198475,-27.740458015267176,-2.5343511450381677,0.0
20.360000610351562,-9.066841687011719,3.5194764404296874,1.7238251953125,4.5038167938931295,5.022900763358779,0.6106870229007634,-8.8872765625,3.864241479492187,-1.7190367919921874,32.51908396946565,-22.671755725190838,-1.4045801526717556,0.0
20.37000060081482,-9.437942944335937,3.0693665283203124,1.5873557006835937,0.5954198473282443,5.282442748091603,2.351145038167939,-9.421183532714844,2.281674182128906,-1.0271125122070313,6.122137404580153,-13.099236641221374,2.9618320610687023,0.0
20.380000591278076,-9.576806640625,2.27927998046875,1.7788918334960937,-4.183206106870229,4.122137404580153,2.122137404580153,-9.038111267089842,3.1459809814453124,-2.138022082519531,1.6946564885496183,-12.580152671755725,1.5725190839694656,0.0
20.390000581741333,-9.572018237304688,0.852335791015625,1.886630908203125,-1.099236641221374,4.717557251908397,1.0076335877862594,-9.907206469726562,1.5849614990234373,-0.24181436767578124,-10.702290076335878,-6.305343511450381,2.7022900763358777,0.0
20.40000033378601,-9.567229833984374,0.5865794067382812,2.2553379638671873,3.969465648854962,5.969465648854962,-2.3206106870229006,-9.6151138671875,1.1659762084960936,-0.49320554199218747,-9.618320610687023,-6.534351145038168,2.885496183206107,0.0
20.410000324249268,-9.811438403320311,1.5514426757812498,2.090138049316406,1.8473282442748091,2.5801526717557253,-4.900763358778626,-9.907206469726562,0.5243301635742187,-0.7302315063476562,-7.984732824427481,-5.8320610687022905,3.3893129770992365,0.0
20.420000791549683,-8.844180932617187,-0.277727392578125,1.2689268798828124,6.076335877862595,2.0763358778625953,-3.267175572519084,-9.710881933593749,0.16280571289062498,-0.05027823486328125,-4.1679389312977095,-5.465648854961832,3.7404580152671754,0.0
20.43000054359436,-9.334992272949219,0.9528922607421875,1.6998831787109374,8.15267175572519,4.412213740458015,-7.251908396946565,-11.018116040039061,-2.0829554443359375,0.59376201171875,5.175572519083969,-6.366412213740458,5.4961832061068705,0.0
20.440000772476196,-10.115502014160155,2.0183119995117185,1.927332336425781,5.893129770992366,2.9923664122137406,-9.16030534351145,-9.916783276367187,-1.9297265380859374,0.6248866333007812,3.0381679389312977,-9.618320610687023,2.9923664122137406,0.0
20.450000524520874,-9.320627062988281,1.4724340209960938,1.6424223388671875,11.022900763358779,5.343511450381679,-6.763358778625954,-10.666168395996094,-2.250549560546875,-0.17238251953125,11.786259541984732,-13.297709923664122,1.3282442748091603,0.0
20.46000075340271,-9.847351428222655,2.4516625,1.5921441040039062,8.061068702290076,3.5877862595419847,-7.3893129770992365,-9.179369165039063,0.2154781494140625,0.7326257080078125,31.52671755725191,-12.732824427480915,-1.8625954198473282,0.0
20.470000743865967,-9.734823950195311,2.1499930908203124,1.4341267944335936,8.595419847328245,4.564885496183206,-7.0534351145038165,-10.002974536132811,-0.45489831542968745,-0.16759411621093748,30.99236641221374,-12.83969465648855,-2.7786259541984735,0.0
20.480000257492065,-10.053252770996092,2.2936451904296873,1.7669208251953124,4.427480916030534,1.8473282442748091,-6.67175572519084,-8.777143286132812,0.6416460449218749,0.023942016601562498,25.954198473282442,-12.534351145038167,-3.5267175572519083,0.0
20.4900004863739,-9.337386474609374,1.39821376953125,1.944091748046875,8.274809160305344,2.045801526717557,-4.625954198473282,-8.552088330078124,1.6400281372070311,-0.055066638183593745,8.290076335877863,-10.977099236641221,-3.7709923664122136,0.0
20.500000476837158,-9.804255798339844,1.7262193969726563,2.262520568847656,8.442748091603054,0.6717557251908397,-5.190839694656488,-9.028534460449219,2.1164742675781247,-0.34237083740234375,18.091603053435115,-7.984732824427481,-1.5725190839694656,0.0
20.510000705718994,-9.89523546142578,1.6424223388671875,2.133233679199219,10.50381679389313,-1.5725190839694656,-5.786259541984733,-9.809044201660155,0.24660277099609373,-0.16041151123046873,15.34351145038168,-2.7786259541984735,0.030534351145038167,0.0
20.520000457763672,-11.413159313964844,3.84987626953125,3.3327287109375,1.9083969465648856,-4.198473282442748,-8.183206106870228,-9.193734375,0.28730419921875,-0.3280056274414062,11.312977099236642,-3.633587786259542,-0.7022900763358778,0.0
20.530000925064087,-10.704475622558594,2.8993782104492185,2.8107927490234372,-7.297709923664122,-12.549618320610687,-4.99236641221374,-9.318232861328125,0.05027823486328125,-0.28730419921875,13.206106870229007,-3.9083969465648853,-1.0534351145038168,0.0
20.540000677108765,-8.939948999023438,1.2880804931640624,2.0374656127929685,-6.259541984732825,-15.17557251908397,-3.7251908396946565,-8.595183959960938,0.70868369140625,-0.4908113403320312,14.900763358778626,-3.404580152671756,-2.4580152671755724,0.0
20.55000114440918,-9.04050546875,0.38307226562499996,1.9321207397460936,-3.0229007633587788,-15.221374045801527,-3.984732824427481,-9.088389501953124,0.2442085693359375,-0.30406361083984373,15.786259541984732,-2.7786259541984735,-1.7099236641221374,0.0
20.560000896453857,-8.104372619628906,-0.30885201416015623,1.66636435546875,6.3816793893129775,-13.312977099236642,-4.885496183206107,-8.80347950439453,0.36631285400390623,-0.14604630126953125,16.412213740458014,-0.9923664122137404,-1.8473282442748091,0.0
20.570000886917114,-7.752424975585937,-0.3016694091796875,1.886630908203125,10.0,-12.82442748091603,-6.473282442748092,-8.942343200683593,0.6057330200195312,-0.33758243408203126,18.15267175572519,-1.0381679389312977,-1.618320610687023,0.0
20.580000638961792,-8.25520732421875,-0.0047884033203125,2.1643583007812497,11.404580152671755,-12.458015267175572,-8.50381679389313,-8.71489404296875,1.3192051147460937,-0.4955997436523437,17.84732824427481,0.2748091603053435,-2.4122137404580153,0.0
20.590001106262207,-9.749189160156249,1.5035586425781249,3.201047619628906,13.49618320610687,-10.290076335877863,-11.83206106870229,-9.200916979980468,1.2378022583007813,-0.4908113403320312,15.648854961832061,0.8396946564885496,-2.3053435114503817,0.0
20.600000619888306,-9.011775048828124,0.3447650390625,2.2936451904296873,23.236641221374047,-9.877862595419847,-11.648854961832061,-9.090783703613281,1.3958195678710936,-0.3591302490234375,11.511450381679388,2.427480916030534,-2.6106870229007635,0.0
20.610000610351562,-9.34696328125,1.4030021728515625,2.2553379638671873,18.427480916030536,-14.305343511450381,-14.335877862595419,-9.435548742675781,1.2832920898437499,-0.42377369384765623,8.900763358778626,1.816793893129771,-2.6259541984732824,0.0
20.62000060081482,-10.314220751953124,2.27927998046875,2.8323405639648436,16.793893129770993,-14.977099236641221,-15.297709923664122,-9.150638745117186,1.3623007446289062,-0.3447650390625,2.3969465648854964,2.5801526717557253,-3.0076335877862594,0.0
20.630001068115234,-9.861716638183593,1.89620771484375,2.7150246826171873,15.32824427480916,-17.16030534351145,-15.022900763358779,-9.509768994140625,0.7565677246093749,-0.26336218261718747,0.16793893129770993,2.3053435114503817,-2.900763358778626,0.0
20.640000581741333,-8.501810095214843,1.5466542724609373,2.0302830078125,18.50381679389313,-18.763358778625953,-14.01526717557252,-9.289502441406249,0.6607996582031249,-0.201112939453125,-2.8091603053435112,2.366412213740458,-3.969465648854962,0.0
20.65000057220459,-8.135497241210937,1.4987702392578124,1.9297265380859374,19.17557251908397,-17.603053435114504,-13.770992366412214,-9.392453112792968,0.13407529296874998,-0.11731588134765625,-2.885496183206107,1.5419847328244274,-4.030534351145038,0.0
20.660000801086426,-8.130708837890625,0.6560112548828124,1.7477672119140624,22.03053435114504,-15.267175572519085,-12.67175572519084,-9.394847314453125,-0.35673604736328124,0.20350714111328125,-2.3206106870229006,1.4198473282442747,-4.625954198473282,0.0
20.670000791549683,-6.758831286621094,-0.9959878906249999,0.5674257934570313,26.091603053435115,-15.34351145038168,-8.458015267175572,-9.227253198242186,-0.6416460449218749,0.1867477294921875,2.8702290076335877,-0.732824427480916,-4.961832061068702,0.0
20.68000078201294,-8.226476904296874,1.1755530151367186,2.068590234375,36.42748091603053,-7.221374045801527,-13.251908396946565,-8.667010009765624,0.1388636962890625,-0.1771709228515625,4.6106870229007635,-1.7251908396946565,-6.122137404580153,0.0
20.690000534057617,-9.17458076171875,2.597708801269531,2.5857377929687497,27.64885496183206,-8.290076335877863,-14.091603053435115,-9.241618408203124,0.16759411621093748,-0.2753331909179687,5.114503816793893,-2.6106870229007635,-5.267175572519084,0.0
20.700001001358032,-9.088389501953124,3.0023288818359375,2.6958710693359373,22.33587786259542,-9.022900763358779,-12.610687022900763,-8.894459167480468,0.6296750366210937,-0.16041151123046873,0.13740458015267176,-1.0229007633587786,-6.748091603053435,0.0
20.71000075340271,-8.82981572265625,2.6623522460937497,2.7461493041992187,20.564885496183205,-9.603053435114504,-11.16030534351145,-9.004592443847656,0.7613561279296874,0.09576806640624999,-3.435114503816794,-0.13740458015267176,-7.343511450381679,0.0
20.720000982284546,-8.252813122558594,2.085349645996094,3.0023288818359375,18.396946564885496,-9.98473282442748,-10.259541984732824,-8.968679418945312,0.7038952880859375,0.14125789794921875,-7.923664122137405,-0.12213740458015267,-7.877862595419847,0.0
20.730000495910645,-8.525752111816406,2.3319524169921872,3.1603461914062496,14.778625954198473,-10.992366412213741,-11.022900763358779,-8.913612780761719,0.45010991210937495,0.277727392578125,-10.580152671755725,-0.7480916030534351,-7.877862595419847,0.0
20.7400004863739,-8.681375219726561,2.8898014038085935,3.3303345092773435,11.038167938931299,-11.099236641221374,-10.625954198473282,-8.793902697753905,0.18914193115234373,0.373495458984375,-12.931297709923664,-1.3740458015267176,-7.847328244274809,0.0
20.750000476837158,-8.798691101074219,3.2225954345703123,3.794809631347656,4.961832061068702,-13.618320610687023,-9.908396946564885,-8.750807067871094,-0.239420166015625,0.45010991210937495,-14.16793893129771,-2.3206106870229006,-8.427480916030534,0.0
20.760000705718994,-8.846575134277343,2.8467057739257813,4.685452648925781,-0.030534351145038167,-15.709923664122137,-8.030534351145038,-8.700528833007812,-0.4477157104492187,0.45010991210937495,-14.0,-3.4656488549618323,-8.870229007633588,0.0
20.77000093460083,-8.963891015625,2.3343466186523436,5.118803149414062,-5.801526717557252,-19.16030534351145,-8.106870229007633,-8.690952026367187,-0.507570751953125,0.46208092041015625,-12.335877862595419,-4.2748091603053435,-9.404580152671755,0.0
20.780000925064087,-8.710105639648438,1.5945383056640625,5.2265422241210935,-8.595419847328245,-21.251908396946565,-9.068702290076336,-8.566453540039062,0.04548983154296875,0.5410895751953124,-12.82442748091603,-4.809160305343512,-9.86259541984733,0.0
20.790000915527344,-8.757989672851561,1.4963760375976562,5.212177014160156,-12.595419847328245,-25.328244274809162,-12.473282442748092,-8.396465222167969,0.9504980590820312,0.5961562133789062,-15.86259541984733,-5.450381679389313,-10.778625954198473,0.0
20.800000429153442,-8.645462194824217,1.0821791503906248,5.647921716308593,-14.595419847328245,-28.778625954198475,-16.137404580152673,-8.688557824707031,1.7405846069335937,0.8714894042968749,-25.297709923664122,-4.396946564885496,-11.16030534351145,0.0
20.810000896453857,-8.971073620605468,1.0438719238281249,6.291961962890625,-14.51908396946565,-33.786259541984734,-19.923664122137403,-9.868899243164062,2.0159177978515626,-0.36152445068359373,-31.328244274809162,-3.2519083969465647,-10.992366412213741,0.0
20.820000648498535,-8.724470849609375,0.7661445312499999,6.653486413574218,-8.335877862595419,-39.29770992366412,-22.0,-10.570400329589843,1.4628572143554686,-0.04548983154296875,-33.83206106870229,-4.885496183206107,-12.82442748091603,0.0
20.830000638961792,-9.49300958251953,1.5275006591796874,7.570465649414062,-1.1603053435114503,-47.48091603053435,-25.709923664122137,-12.375628381347655,0.718260498046875,-0.4955997436523437,-43.11450381679389,-4.931297709923665,-20.458015267175572,0.0
20.84000062942505,-12.205640063476562,4.031835595703125,9.504980590820312,2.595419847328244,-58.76335877862596,-26.03053435114504,-16.103400366210938,-3.0310593017578125,0.040701428222656245,-44.274809160305345,-4.290076335877862,-26.85496183206107,0.0
20.850000858306885,-14.580688110351561,5.456385583496093,10.9941740234375,-3.7404580152671754,-79.95419847328245,-20.610687022900763,-15.636531042480469,-2.205059729003906,0.05746083984375,-33.00763358778626,-4.152671755725191,-32.030534351145036,0.0
20.860000610351562,-16.314090112304687,4.197035510253906,12.215216870117187,-8.030534351145038,-106.83969465648855,-10.67175572519084,-13.2159931640625,-0.6727706665039062,-0.622492431640625,-21.862595419847327,-8.687022900763358,-31.6793893129771,0.0
20.87000060081482,-13.443442321777344,-1.5969325073242187,8.911218579101561,3.5572519083969465,-131.32824427480915,-1.2213740458015268,-9.763554370117188,1.5203180541992187,-1.9871873779296874,-15.374045801526718,-10.183206106870228,-29.938931297709924,0.0
20.880000591278076,-14.678850378417968,-0.7230489013671875,8.798691101074219,13.32824427480916,-141.38931297709922,-4.061068702290076,-9.641450085449218,2.1883003173828124,-0.9744400756835937,-21.297709923664122,2.16793893129771,-21.6793893129771,0.0
20.890000820159912,-15.346832641601562,1.2330138549804688,6.945579016113281,1.3435114503816794,-158.44274809160305,-4.656488549618321,-8.25520732421875,2.73896669921875,-1.6328455322265625,-28.15267175572519,6.625954198473282,-10.335877862595419,0.0
20.90000081062317,-13.060370056152342,0.7757213378906249,3.19865341796875,-0.5038167938931297,-165.2824427480916,-0.6259541984732825,-7.781155395507812,1.0534487304687499,-1.1468225952148436,-32.85496183206107,14.50381679389313,-6.763358778625954,0.0
20.910000562667847,-10.656591589355468,0.59376201171875,-0.34237083740234375,3.0076335877862594,-159.84732824427482,4.732824427480916,-10.512939489746094,-4.917690209960937,0.9504980590820312,-25.480916030534353,18.778625954198475,-3.786259541984733,0.0
20.920000791549683,-11.693280908203125,3.0214824951171875,-0.42377369384765623,-1.0381679389312977,-145.16030534351145,3.3587786259541983,-11.52329259033203,-6.2009822998046875,-0.05985504150390625,2.7938931297709924,14.213740458015268,-5.877862595419847,0.0
20.93000054359436,-8.204929089355469,0.699106884765625,-3.699041564941406,-8.80916030534351,-132.59541984732823,11.236641221374045,-11.827356201171874,-7.862558251953125,-0.5482721801757812,25.068702290076335,12.259541984732824,-4.641221374045801,0.0
20.940001010894775,-6.177040283203125,-2.0733786376953125,-3.754108203125,8.83969465648855,-105.83206106870229,18.80916030534351,-8.489839086914062,-3.0789433349609374,-2.2194249389648437,45.02290076335878,7.358778625954199,-8.122137404580153,0.0
20.950000524520874,-5.944802722167968,-3.191470812988281,-2.8802245971679685,26.80916030534351,-78.77862595419847,19.00763358778626,-9.809044201660155,-3.3207577026367185,-2.3774422485351563,48.25954198473283,12.381679389312977,-4.519083969465649,0.0
20.96000027656555,-6.222530114746093,-3.095702746582031,-2.1260510742187497,39.083969465648856,-51.83206106870229,17.740458015267176,-8.98304462890625,-0.086191259765625,-3.878606689453125,45.61832061068702,15.618320610687023,-5.236641221374046,0.0
20.970000505447388,-7.268796240234375,-0.8978256225585937,-0.8762778076171874,45.3587786259542,-29.6793893129771,16.366412213740457,-7.572859851074218,1.458068811035156,-2.7078420776367187,18.900763358778626,27.541984732824428,-3.114503816793893,0.0
20.980000495910645,-7.6470801025390625,0.354341845703125,-0.143652099609375,43.49618320610687,-14.091603053435115,18.610687022900763,-8.231265307617187,3.019088293457031,-2.138022082519531,-5.6183206106870225,38.01526717557252,0.8091603053435115,0.0
20.990000247955322,-8.473079675292968,1.6927005737304686,1.0390835205078124,28.900763358778626,-4.564885496183206,17.129770992366414,-10.089165795898436,-0.45010991210937495,-1.0031704956054688,-22.03053435114504,45.69465648854962,8.595419847328245,0.0
21.00000023841858,-8.360552197265624,1.9752163696289062,1.7884686401367187,9.725190839694656,-0.6259541984732825,16.35114503816794,-11.125855114746093,-2.7581203125,0.5027823486328125,-11.755725190839694,41.083969465648856,11.49618320610687,0.0
21.010000705718994,-7.963114721679687,1.5155296508789062,1.7525556152343749,-9.419847328244275,-0.04580152671755725,15.541984732824428,-11.109095703125,-2.4564509033203126,-0.17956512451171874,1.5419847328244274,32.717557251908396,9.725190839694656,0.0
21.02000069618225,-6.667851623535156,0.6727706665039062,1.6208745239257811,-23.14503816793893,7.557251908396947,15.068702290076336,-10.692504614257812,-1.599326708984375,0.44532150878906246,6.549618320610687,31.923664122137403,9.618320610687023,0.0
21.030000925064087,-5.923254907226562,0.2705447875976562,1.3407529296874998,-37.9236641221374,11.129770992366412,11.236641221374045,-8.611943371582031,-0.040701428222656245,-0.7948749511718749,4.473282442748092,25.31297709923664,10.67175572519084,0.0
21.040000438690186,-5.923254907226562,0.296881005859375,1.484405029296875,-52.82442748091603,15.694656488549619,6.824427480916031,-11.061211669921875,-2.5450363647460934,0.1867477294921875,10.045801526717558,31.862595419847327,16.47328244274809,0.0
21.0500009059906,-5.506663818359375,0.22266075439453123,1.254561669921875,-66.41221374045801,20.137404580152673,2.427480916030534,-10.000580334472655,-2.7054478759765623,0.39264907226562495,19.068702290076335,22.244274809160306,14.65648854961832,0.0
21.06000065803528,-5.540182641601562,0.3184288208007812,1.0797849487304687,-74.9618320610687,25.19083969465649,-0.15267175572519084,-9.356540087890625,-1.2401964599609374,-0.2825157958984375,23.572519083969464,18.12213740458015,10.534351145038167,0.0
21.070000886917114,-2.6144682128906247,-2.8658593872070313,-0.8068459594726562,-65.41984732824427,34.717557251908396,3.0381679389312977,-9.255983618164063,-1.01514150390625,-1.024718310546875,18.99236641221374,18.12213740458015,8.625954198473282,0.0
21.080000638961792,-2.93050283203125,-2.8419173706054686,-0.3711012573242187,-47.16030534351145,54.458015267175576,1.5419847328244274,-9.641450085449218,-0.8834604125976562,-0.9911994873046874,16.549618320610687,18.763358778625953,9.053435114503817,0.0
21.09000062942505,-3.3016040893554686,-3.114856359863281,0.33758243408203126,-38.79389312977099,69.12977099236642,-4.320610687022901,-9.639055883789062,-1.120486376953125,-0.4213794921875,12.564885496183207,18.610687022900763,9.404580152671755,0.0
21.100000619888306,-3.8043864379882812,-3.5673604736328124,0.9840168823242187,-32.36641221374046,80.50381679389314,-10.564885496183207,-9.892841259765625,-1.6160861206054686,0.0526724365234375,10.732824427480915,17.862595419847327,8.961832061068701,0.0
21.110000371932983,-4.898536596679687,-3.3590649291992185,2.3127988037109373,-25.31297709923664,91.83206106870229,-17.938931297709924,-9.627084875488281,-1.2401964599609374,0.28730419921875,7.6183206106870225,16.045801526717558,7.022900763358779,0.0
21.120001554489136,-5.762843395996094,-3.380612744140625,3.708618371582031,-17.709923664122137,98.68702290076335,-21.96946564885496,-9.651026892089844,-0.3687070556640625,-0.34715924072265625,2.519083969465649,14.625954198473282,5.770992366412214,0.0
21.130000591278076,-6.988674645996094,-2.4013842651367185,5.444414575195312,0.12213740458015267,105.3587786259542,-21.328244274809162,-11.226411584472656,-1.9608511596679685,0.3806780639648437,-7.175572519083969,17.236641221374047,9.297709923664122,0.0
21.140000581741333,-7.52737001953125,-1.47482822265625,5.980715747070312,24.80916030534351,110.74809160305344,-17.938931297709924,-10.704475622558594,-2.916137622070312,1.2042834350585936,-8.916030534351146,15.358778625954198,9.877862595419847,0.0
21.150001049041748,-8.722076647949219,0.08379705810546874,6.713341455078124,46.396946564885496,113.34351145038168,-13.32824427480916,-9.387664709472656,-1.5442600708007812,0.49320554199218747,-9.587786259541986,11.267175572519085,6.702290076335878,0.0
21.160001039505005,-10.462661254882812,2.6767174560546874,8.604760766601562,54.396946564885496,111.43511450381679,-10.442748091603054,-10.026916552734374,-2.6815058593749996,0.8044517578125,-14.213740458015268,11.282442748091603,8.351145038167939,0.0
21.170000553131104,-8.66940421142578,1.6208745239257811,7.316680273437499,46.47328244274809,100.47328244274809,-5.603053435114504,-9.3086560546875,-2.0087351928710935,0.2537853759765625,-17.49618320610687,10.351145038167939,7.1603053435114505,0.0
21.18000078201294,-8.580818749999999,1.7549498168945312,6.387730029296875,58.2442748091603,100.22900763358778,-0.9923664122137404,-9.789890588378906,-2.868253588867187,0.47644613037109373,-9.389312977099237,7.206106870229007,7.343511450381679,0.0
21.190001249313354,-10.63025537109375,3.402160559082031,8.17859287109375,33.404580152671755,90.1526717557252,-4.687022900763359,-7.117961535644531,0.7948749511718749,-0.6344634399414062,-18.30534351145038,7.893129770992366,2.8244274809160306,0.0
21.200001001358032,-9.222464794921875,0.8858546142578124,6.6319385986328125,14.213740458015268,74.16793893129771,-0.7022900763358778,-9.411606726074218,-1.5394716674804687,0.46686932373046874,-25.358778625954198,16.595419847328245,7.633587786259542,0.0
21.21000051498413,-10.153809240722655,0.612915625,6.713341455078124,15.725190839694656,69.8473282442748,4.061068702290076,-8.444349255371094,-0.7134720947265625,0.16998831787109375,-27.984732824427482,19.81679389312977,10.290076335877863,0.0
21.22000026702881,-11.63821427001953,2.6982652709960937,6.189011291503906,12.625954198473282,60.85496183206107,9.86259541984733,-9.564835632324218,-1.3144167114257812,-0.38307226562499996,-30.900763358778626,25.96946564885496,14.244274809160306,0.0
21.230000734329224,-11.750741748046874,2.1595698974609374,6.0333881835937495,8.992366412213741,55.69465648854962,18.061068702290076,-9.890447058105469,-3.3303345092773435,0.06943184814453125,-21.709923664122137,26.045801526717558,17.87786259541985,0.0
21.2400004863739,-11.372457885742186,-0.5602431884765625,6.306327172851562,11.404580152671755,48.58015267175573,22.47328244274809,-10.675745202636719,-4.7022120605468745,0.3950432739257812,-1.9541984732824427,23.236641221374047,18.015267175572518,0.0
21.250000476837158,-12.301408129882812,-2.1715409057617188,9.30147344970703,27.801526717557252,45.48091603053435,24.625954198473284,-9.567229833984374,-3.4548329956054684,-1.2832920898437499,11.893129770992367,18.748091603053435,16.259541984732824,0.0
21.260000705718994,-13.455413330078125,-2.616862414550781,11.250353601074218,42.045801526717554,35.14503816793893,24.290076335877863,-7.472303381347656,-0.7445967163085937,-1.7310078002929687,16.396946564885496,20.549618320610687,15.86259541984733,0.0
21.27000093460083,-14.719551806640624,0.40940848388671874,11.549628808593749,49.98473282442748,18.83969465648855,21.954198473282442,-8.042123376464843,0.39264907226562495,-2.674323254394531,10.51908396946565,26.045801526717558,18.916030534351144,0.0
21.280000686645508,-15.91665263671875,1.879448303222656,10.716446630859375,42.36641221374046,-1.6641221374045803,23.984732824427482,-8.097190014648437,-0.031124621582031248,-2.616862414550781,3.8931297709923665,35.038167938931295,23.51145038167939,0.0
21.290000915527344,-15.387534069824218,0.09576806640624999,9.562441430664062,52.85496183206107,-14.045801526717558,30.82442748091603,-9.986215124511718,-1.4820108276367188,-2.0374656127929685,9.86259541984733,39.603053435114504,27.206106870229007,0.0
21.30000066757202,-15.04755743408203,0.17238251953125,8.415618835449218,55.11450381679389,-28.931297709923665,29.893129770992367,-10.556035119628906,-2.1404162841796874,-1.484405029296875,20.53435114503817,35.908396946564885,27.6793893129771,0.0
21.310000896453857,-12.179303845214843,1.216254443359375,4.6064439941406246,58.534351145038165,-35.25190839694657,26.259541984732824,-11.796231579589843,-1.1180921752929687,-2.4133552734375,26.68702290076336,33.786259541984734,27.87786259541985,0.0
21.320001125335693,-9.442731347656249,4.80755693359375,0.8355763793945312,44.35114503816794,-38.80916030534351,20.900763358778626,-11.516109985351562,-0.0718260498046875,-2.327164013671875,26.82442748091603,31.923664122137403,28.85496183206107,0.0
21.33000087738037,-6.251260534667968,4.747701892089843,-3.356670727539062,25.755725190839694,-34.80916030534351,22.732824427480917,-9.267954626464844,2.5522189697265625,-2.4109610717773435,16.458015267175572,29.83206106870229,27.69465648854962,0.0
21.340000867843628,-4.927267016601562,3.517082238769531,-4.714183068847656,8.076335877862595,-24.549618320610687,23.572519083969464,-11.214440576171874,3.6942531616210936,-2.8802245971679685,5.068702290076335,31.6793893129771,28.290076335877863,0.0
21.350001096725464,-5.109226342773437,1.7764976318359373,-3.2034418212890623,-3.4198473282442747,-7.129770992366412,22.27480916030534,-10.024522351074218,4.108450048828125,-1.4413093994140624,-19.755725190839694,28.65648854961832,27.84732824427481,0.0
21.36000084877014,-5.892130285644531,0.35673604736328124,-1.4125789794921875,-7.877862595419847,7.557251908396947,19.69465648854962,-10.273519323730468,3.019088293457031,-1.6017209106445311,-29.022900763358777,29.083969465648856,26.442748091603054,0.0
21.3700008392334,-7.908048083496094,1.0271125122070313,-0.22505495605468748,-23.755725190839694,9.84732824427481,14.442748091603054,-11.822567797851562,-0.17956512451171874,-1.2785036865234374,-45.43511450381679,17.221374045801525,25.862595419847327,0.0
21.380001068115234,-8.245630517578125,0.6344634399414062,-0.2920926025390625,-25.709923664122137,13.312977099236642,14.687022900763358,-11.595118640136718,0.9313444458007812,-1.1851298217773436,-33.37404580152672,7.038167938931298,20.778625954198475,0.0
21.390000820159912,-8.968679418945312,0.4740519287109375,-0.699106884765625,-23.633587786259543,19.068702290076335,13.038167938931299,-11.149797131347656,1.946485949707031,-1.8746598999023436,-41.69465648854962,0.4122137404580153,15.603053435114504,0.0
21.400001049041748,-9.756371765136718,0.833182177734375,-0.8571241943359375,-25.17557251908397,22.3206106870229,9.282442748091603,-11.559205615234374,0.7805097412109374,-1.7262193969726563,-47.603053435114504,-2.8702290076335877,15.19083969465649,0.0
21.410000801086426,-10.333374365234375,1.3862427612304686,-0.55545478515625,-27.87786259541985,23.938931297709924,6.061068702290076,-10.692504614257812,1.3551181396484375,-2.2553379638671873,-47.6793893129771,-7.755725190839694,14.564885496183207,0.0
21.42000102996826,-11.54244620361328,2.3918074584960936,0.12210428466796874,-31.053435114503817,24.80916030534351,3.648854961832061,-10.900800158691405,0.19871873779296872,-2.3630770385742186,-47.16030534351145,-9.16030534351145,16.015267175572518,0.0
21.43000078201294,-11.710040319824218,2.858676782226562,0.14604630126953125,-33.3587786259542,23.16030534351145,4.641221374045801,-10.74517705078125,-1.218648645019531,-1.70467158203125,-40.94656488549618,-11.099236641221374,15.816793893129772,0.0
21.440001010894775,-10.912771166992187,2.4301146850585935,-0.2154781494140625,-29.96946564885496,23.51145038167939,6.870229007633588,-10.398017810058594,-0.6081272216796875,-3.2154128295898436,-33.267175572519086,-15.083969465648854,12.351145038167939,0.0
21.450000762939453,-11.77228956298828,5.097255334472656,0.7062894897460937,-31.96946564885496,25.603053435114504,5.847328244274809,-10.366893188476562,0.23702596435546874,-4.237736938476562,-16.671755725190838,-10.274809160305344,9.404580152671755,0.0
21.46000075340271,-10.929530578613281,5.046977099609375,0.20829554443359374,-43.93893129770992,20.045801526717558,10.80916030534351,-11.089942089843749,-0.7517793212890624,-2.5761609863281247,-10.259541984732824,-5.32824427480916,6.778625954198473,0.0
21.470000743865967,-9.394847314453125,3.632003918457031,-0.4070142822265625,-42.30534351145038,21.49618320610687,16.564885496183205,-11.915941662597655,-2.779668127441406,-0.9409212524414062,7.984732824427481,-5.236641221374046,5.633587786259542,0.0
21.480000734329224,-9.117119921875,3.0909143432617188,0.05746083984375,-42.595419847328245,22.3206106870229,17.786259541984734,-10.888829150390624,-2.4109610717773435,-0.5985504150390625,26.793893129770993,-17.099236641221374,1.1603053435114503,0.0
21.49000096321106,-8.8489693359375,2.712630480957031,0.39743747558593745,-44.29007633587786,22.732824427480917,19.450381679389313,-10.029310754394531,-0.12210428466796874,-0.14125789794921875,41.93893129770992,-25.450381679389313,-4.809160305343512,0.0
21.500000715255737,-8.67658681640625,2.3535002319335936,0.689530078125,-44.30534351145038,23.66412213740458,19.374045801526716,-8.851363537597656,2.913743420410156,-1.3958195678710936,34.62595419847328,-30.458015267175572,-9.969465648854962,0.0
21.510001182556152,-9.1554271484375,2.597708801269531,1.3407529296874998,-47.55725190839695,23.72519083969466,18.778625954198475,-8.643067993164061,4.122815258789062,-1.9967641845703124,15.206106870229007,-27.83206106870229,-10.351145038167939,0.0
21.52000093460083,-9.114725720214842,1.7262193969726563,1.707065783691406,-48.06106870229008,23.46564885496183,18.50381679389313,-10.551246716308594,1.5658078857421873,-1.1013327636718748,8.061068702290076,-22.045801526717558,-7.343511450381679,0.0
21.530001163482666,-9.911994873046874,1.3168109130859373,2.518700146484375,-49.25190839694657,21.389312977099237,15.938931297709924,-10.869675537109375,-0.143652099609375,-0.12449848632812499,3.1603053435114505,-27.328244274809162,-8.80916030534351,0.0
21.540000915527344,-9.512163195800781,-0.1292868896484375,3.0406361083984375,-44.38167938931298,19.96946564885496,14.885496183206106,-11.839327209472655,0.13407529296874998,0.47165772705078124,8.15267175572519,-35.587786259541986,-11.755725190839694,0.0
21.55000114440918,-10.16338604736328,-0.16998831787109375,3.6200329101562496,-38.51908396946565,16.946564885496183,10.15267175572519,-9.660603698730467,2.032677209472656,-0.2561795776367187,-7.297709923664122,-41.14503816793893,-16.610687022900763,0.0
21.56000065803528,-9.935936889648437,-0.19393033447265623,3.4931402221679684,-31.267175572519083,14.229007633587786,8.229007633587786,-9.255983618164063,2.4588451049804685,-0.21787235107421873,-20.870229007633586,-36.778625954198475,-15.954198473282442,0.0
21.570000886917114,-10.041281762695311,-0.15083470458984374,3.0334535034179684,-24.198473282442748,11.648854961832061,7.312977099236641,-9.660603698730467,1.216254443359375,-1.1611878051757811,-26.045801526717558,-32.48854961832061,-13.19083969465649,0.0
21.58000111579895,-9.524134204101562,-0.22744915771484372,2.195482922363281,-14.51908396946565,11.129770992366412,5.679389312977099,-9.1554271484375,0.3136404174804687,-1.2904746948242187,-14.213740458015268,-34.33587786259542,-12.885496183206106,0.0
21.59000062942505,-9.512163195800781,0.6655880615234374,1.7334020019531249,-16.3206106870229,8.732824427480915,2.687022900763359,-9.30147344970703,0.031124621582031248,-1.01514150390625,-3.9083969465648853,-35.954198473282446,-13.419847328244275,0.0
21.600001096725464,-9.244012609863281,1.1276689819335937,1.5298948608398437,-16.3206106870229,8.900763358778626,0.4122137404580153,-8.741230261230468,0.689530078125,-0.9433154541015625,-0.7022900763358778,-36.58015267175573,-13.572519083969466,0.0
21.61000108718872,-8.889670764160156,1.465251416015625,1.13006318359375,-12.83969465648855,10.977099236641221,-0.061068702290076333,-8.185775476074218,1.7932570434570312,-1.8291700683593748,-11.34351145038168,-31.984732824427482,-13.17557251908397,0.0
21.62000060081482,-9.816226806640625,3.766079211425781,1.4532804077148436,-11.511450381679388,13.801526717557252,-1.2061068702290076,-8.350975390624999,1.8818425048828125,-3.612850305175781,-10.106870229007633,-24.900763358778626,-10.900763358778626,0.0
21.630000829696655,-9.730035546875,4.446032482910156,1.618480322265625,-20.50381679389313,12.549618320610687,2.045801526717557,-8.662221606445312,0.5434837768554687,-1.7836802368164062,-20.99236641221374,-16.748091603053435,-6.9465648854961835,0.0
21.640000581741333,-8.269572534179687,2.080561242675781,1.0510545288085937,-18.18320610687023,13.877862595419847,10.198473282442748,-10.603919152832031,-1.2713210815429687,-0.34237083740234375,-6.061068702290076,-18.748091603053435,-5.00763358778626,0.0
21.65000081062317,-7.771578588867187,1.4317325927734375,1.0031704956054688,-4.534351145038168,19.923664122137403,11.954198473282442,-10.187328063964843,-2.693476867675781,-0.8930372192382812,14.961832061068701,-23.46564885496183,-7.694656488549619,0.0
21.660001039505005,-9.138667736816405,2.0278888061523435,1.3168109130859373,-3.7251908396946565,23.603053435114504,10.961832061068701,-10.429142431640624,-2.3295582153320313,-0.201112939453125,35.87786259541985,-32.213740458015266,-10.305343511450381,0.0
21.670000553131104,-9.643844287109374,3.1004911499023438,1.254561669921875,-9.572519083969466,24.549618320610687,9.648854961832061,-10.153809240722655,-1.1659762084960936,-0.9145850341796874,41.267175572519086,-38.916030534351144,-12.045801526717558,0.0
21.68000078201294,-9.435548742675781,3.21780703125,1.4508862060546874,-16.33587786259542,23.603053435114504,9.618320610687023,-9.809044201660155,1.2713210815429687,-1.37906015625,38.56488549618321,-38.80916030534351,-12.290076335877863,0.0
21.690001010894775,-10.259154113769531,3.1124621582031247,2.0302830078125,-23.19083969465649,20.16793893129771,10.82442748091603,-8.836998327636719,2.806004345703125,-1.199495031738281,24.30534351145038,-32.33587786259542,-10.854961832061068,0.0
21.700001001358032,-9.6151138671875,2.3151930053710936,1.898601916503906,-24.198473282442748,17.358778625954198,11.877862595419847,-10.060435375976562,2.233790148925781,-0.5219359619140624,5.358778625954199,-28.65648854961832,-8.793893129770993,0.0
21.71000075340271,-10.182539660644531,2.3056161987304686,2.4013842651367185,-30.229007633587788,11.32824427480916,10.732824427480915,-10.697293017578124,0.5889736083984375,-1.20667763671875,6.488549618320611,-29.51145038167939,-9.603053435114504,0.0
21.720000743865967,-9.991003527832031,1.5059528442382812,2.906560815429687,-22.106870229007633,12.473282442748092,10.274809160305344,-10.450690246582031,0.6823474731445313,0.15322890625,13.450381679389313,-31.66412213740458,-11.297709923664122,0.0
21.730000734329224,-9.552864624023437,0.5913678100585937,2.7724855224609373,-21.51145038167939,7.603053435114504,9.83206106870229,-9.725247143554688,1.388636962890625,-0.4165910888671875,15.541984732824428,-34.48854961832061,-14.122137404580153,0.0
21.74000072479248,-9.18655177001953,0.63206923828125,2.817975354003906,-8.488549618320612,11.114503816793894,8.16793893129771,-8.79150849609375,2.664746447753906,-0.26815058593749996,0.6717557251908397,-30.442748091603054,-13.83206106870229,0.0
21.750000715255737,-9.758765966796874,2.1021090576171875,2.31758720703125,-15.358778625954198,4.748091603053435,5.511450381679389,-9.327809667968749,2.3151930053710936,-1.1013327636718748,-8.198473282442748,-25.633587786259543,-10.748091603053435,0.0
21.760001182556152,-8.84178673095703,1.697488977050781,1.695094775390625,-12.763358778625955,5.267175572519084,6.763358778625954,-8.145074047851562,3.0166940917968748,-1.7214309936523438,-25.17557251908397,-17.770992366412212,-9.007633587786259,0.0
21.77000117301941,-9.495403784179686,1.7405846069335937,1.8267758666992187,-14.442748091603054,3.648854961832061,5.068702290076335,-9.169792358398437,2.1212626708984375,-0.814028564453125,-13.908396946564885,-14.50381679389313,-6.870229007633588,0.0
21.780000925064087,-9.713276135253906,0.9983820922851562,1.5203180541992187,-14.290076335877863,3.1603053435114505,4.106870229007634,-9.284714038085937,0.8116343627929687,-0.9648632690429687,-19.297709923664122,-10.396946564885496,-7.32824427480916,0.0
21.790001153945923,-9.64623848876953,0.2920926025390625,1.4125789794921875,-11.419847328244275,4.351145038167939,2.045801526717557,-8.741230261230468,1.0438719238281249,-0.373495458984375,-24.076335877862597,-11.572519083969466,-8.244274809160306,0.0
21.80000114440918,-7.783549597167968,-1.3718775512695311,0.28012159423828126,0.5343511450381679,7.923664122137405,1.4809160305343512,-9.495403784179686,0.16041151123046873,0.09576806640624999,-21.603053435114504,-11.786259541984732,-7.267175572519084,0.0
21.810000896453857,-9.009380847167968,0.4477157104492187,0.7110778930664062,9.770992366412214,16.732824427480917,-4.366412213740458,-9.3852705078125,0.2537853759765625,0.11252747802734374,-20.99236641221374,-11.694656488549619,-7.114503816793893,0.0
21.820000410079956,-9.528922607421874,1.419761584472656,0.507570751953125,11.022900763358779,17.51145038167939,-5.572519083969466,-9.993397729492187,-0.5602431884765625,0.08379705810546874,-17.923664122137403,-13.86259541984733,-6.137404580152672,0.0
21.830000638961792,-11.094730493164063,2.8658593872070313,1.6328455322265625,3.450381679389313,19.49618320610687,-8.473282442748092,-10.551246716308594,-0.8690952026367187,0.33518823242187495,-12.748091603053435,-15.34351145038168,-5.7251908396946565,0.0
21.84000062942505,-9.605537060546874,1.5825672973632812,0.9457096557617187,-1.6641221374045803,14.610687022900763,-6.793893129770993,-10.450690246582031,-0.7948749511718749,0.6057330200195312,2.854961832061069,-22.396946564885496,-6.687022900763359,0.0
21.850000619888306,-10.144232434082031,1.8914193115234375,2.195482922363281,-1.1297709923664123,18.396946564885496,-10.305343511450381,-10.836156713867187,-1.1276689819335937,0.5698199951171875,6.641221374045801,-26.15267175572519,-9.206106870229007,0.0
21.860000610351562,-10.43153663330078,2.607285607910156,2.6144682128906247,-3.618320610687023,16.213740458015266,-12.061068702290076,-10.905588562011719,-1.1085153686523437,0.967257470703125,8.595419847328245,-31.374045801526716,-10.763358778625955,0.0
21.8700008392334,-10.263942517089843,3.009511486816406,2.3391350219726563,-8.625954198473282,10.854961832061068,-11.770992366412214,-9.718064538574218,0.1580173095703125,0.9552864624023437,14.931297709923664,-37.06870229007634,-12.16793893129771,0.0
21.880000591278076,-9.811438403320311,3.019088293457031,1.7836802368164062,-17.114503816793892,3.7251908396946565,-9.86259541984733,-9.543287817382812,1.2689268798828124,0.28730419921875,3.0381679389312977,-35.19083969465649,-12.83969465648855,0.0
21.890000581741333,-9.054870678710937,2.1260510742187497,1.5897499023437498,-12.381679389312977,4.763358778625954,-7.816793893129771,-7.582436657714843,3.727771984863281,-1.2401964599609374,-7.435114503816794,-28.99236641221374,-13.603053435114504,0.0
21.900001049041748,-9.105148913574219,2.4947581298828125,1.1180921752929687,-10.687022900763358,4.6106870229007635,-7.358778625954199,-9.935936889648437,1.2617442749023438,-1.3024457031249999,-12.259541984732824,-21.709923664122137,-9.236641221374045,0.0
21.910000562667847,-9.200916979980468,2.6910826660156246,0.9002198242187499,-10.366412213740459,4.793893129770993,-6.427480916030534,-8.863334545898438,1.1444283935546875,-0.6177040283203125,-20.53435114503817,-13.16030534351145,-8.793893129770993,0.0
21.920000791549683,-8.980650427246093,2.7365724975585937,1.0103531005859374,-11.389312977099237,5.312977099236641,-4.244274809160306,-9.392453112792968,0.15083470458984374,-0.10773907470703124,-12.900763358778626,-13.068702290076336,-7.923664122137405,0.0
21.93000030517578,-9.05965908203125,2.7820623291015623,1.5538368774414062,-12.885496183206106,5.572519083969466,-2.9618320610687023,-8.729259252929687,0.3327940307617187,-0.34715924072265625,-8.916030534351146,-13.98473282442748,-9.312977099236642,0.0
21.940000772476196,-9.150638745117186,2.3151930053710936,2.0063409912109376,-13.129770992366412,6.0458015267175576,-2.3969465648854964,-9.72285294189453,-0.8930372192382812,0.22505495605468748,-6.625954198473282,-10.091603053435115,-7.816793893129771,0.0
21.950000524520874,-9.483432775878907,1.9943699829101562,2.722207287597656,-13.099236641221374,5.114503816793893,-2.4580152671755724,-9.241618408203124,0.040701428222656245,0.0383072265625,-1.3435114503816794,-10.259541984732824,-7.984732824427481,0.0
21.96000075340271,-9.421183532714844,1.5394716674804687,2.8514941772460936,-11.404580152671755,2.595419847328244,-2.366412213740458,-9.962273107910155,-0.8547299926757812,0.6153098266601562,3.3435114503816794,-9.038167938931299,-7.145038167938932,0.0
21.97000026702881,-9.421183532714844,1.3527239379882812,2.868253588867187,-9.083969465648854,0.7938931297709924,-3.5877862595419847,-8.734047656249999,0.6727706665039062,0.39743747558593745,12.534351145038167,-16.977099236641223,-9.526717557251908,0.0
21.980000495910645,-9.375693701171874,0.7206546997070312,2.3774422485351563,-3.954198473282443,-1.6030534351145038,-4.213740458015267,-9.595960253906249,-0.718260498046875,1.2593500732421874,15.557251908396946,-18.015267175572518,-8.610687022900763,0.0
21.9900004863739,-9.267954626464844,0.5770026000976562,2.446874096679687,2.015267175572519,-1.8015267175572518,-5.816793893129771,-9.931148486328125,-0.9169792358398436,1.0678139404296874,21.64885496183206,-18.229007633587788,-10.335877862595419,0.0
22.000000476837158,-8.889670764160156,0.699106884765625,2.205059729003906,9.465648854961833,-2.4732824427480917,-6.931297709923665,-8.769960681152343,0.2561795776367187,0.16041151123046873,24.549618320610687,-22.946564885496183,-11.694656488549619,0.0
22.010000467300415,-9.313444458007812,1.3024457031249999,2.099714855957031,13.740458015267176,-3.068702290076336,-8.305343511450381,-9.145850341796875,0.3136404174804687,0.9504980590820312,18.106870229007633,-21.801526717557252,-10.702290076335878,0.0
22.02000117301941,-9.016563452148437,1.7764976318359373,1.8411410766601561,16.748091603053435,-2.4580152671755724,-8.564885496183207,-7.9463553100585935,1.199495031738281,0.3064578125,14.259541984732824,-20.9618320610687,-10.931297709923664,0.0
22.030000925064087,-9.13627353515625,1.9321207397460936,1.7453730102539062,15.358778625954198,-3.633587786259542,-8.961832061068701,-8.973467822265624,0.9337386474609375,0.7972691528320313,6.061068702290076,-15.251908396946565,-9.16030534351145,0.0
22.040000677108765,-9.208099584960937,2.43250888671875,2.1452046874999997,14.50381679389313,-3.984732824427481,-9.86259541984733,-9.756371765136718,-2.003946789550781,1.0223241088867188,-4.778625954198473,-2.9923664122137406,-5.312977099236641,0.0
22.0500009059906,-9.009380847167968,2.109291662597656,2.6192566162109374,10.67175572519084,-5.465648854961832,-9.98473282442748,-8.049305981445311,1.2042834350585936,0.7948749511718749,-5.908396946564886,-6.213740458015267,-7.984732824427481,0.0
22.06000065803528,-9.138667736816405,1.7860744384765623,3.019088293457031,9.740458015267176,-7.877862595419847,-9.053435114503817,-8.808267907714843,-0.22744915771484372,0.842758984375,-6.351145038167939,-7.877862595419847,-6.580152671755725,0.0
22.070000648498535,-9.05965908203125,1.467645617675781,3.2058360229492187,11.618320610687023,-10.15267175572519,-8.67175572519084,-9.050082275390624,-0.40940848388671874,0.6368576416015624,-4.6106870229007635,-6.183206106870229,-7.8320610687022905,0.0
22.08000087738037,-8.497021691894531,1.20667763671875,3.308786694335937,14.793893129770993,-11.877862595419847,-9.206106870229007,-8.643067993164061,-0.6057330200195312,0.5626373901367188,-2.3969465648854964,-5.1603053435114505,-8.732824427480915,0.0
22.09000062942505,-8.652644799804687,1.4317325927734375,3.2800562744140622,19.206106870229007,-14.580152671755725,-10.183206106870228,-8.623914379882812,-0.41898529052734373,0.22505495605468748,1.4351145038167938,-4.259541984732825,-9.297709923664122,0.0
22.100001096725464,-8.384494213867187,1.5777788940429687,3.047818713378906,25.801526717557252,-17.114503816793892,-9.83206106870229,-8.59278975830078,-0.3711012573242187,0.51714755859375,4.656488549618321,-3.6030534351145036,-8.396946564885496,0.0
22.110000610351562,-8.961496813964843,1.656787548828125,2.6240450195312497,27.603053435114504,-19.251908396946565,-10.183206106870228,-8.37012900390625,-0.0143652099609375,0.2609679809570312,6.854961832061068,-2.1526717557251906,-8.702290076335878,0.0
22.12000060081482,-7.8721350585937495,0.9074024291992187,1.8052280517578123,26.717557251908396,-21.022900763358777,-11.511450381679388,-8.231265307617187,0.13407529296874998,0.2609679809570312,7.190839694656488,-0.7938931297709924,-8.916030534351146,0.0
22.130000829696655,-9.911994873046874,3.303998291015625,3.0023288818359375,14.16793893129771,-23.297709923664122,-18.091603053435115,-8.33182177734375,0.4285620971679687,0.39743747558593745,7.633587786259542,0.6870229007633588,-8.83969465648855,0.0
22.14000105857849,-8.544905725097657,2.360682836914062,2.858676782226562,4.656488549618321,-30.625954198473284,-17.72519083969466,-8.238447912597655,0.6344634399414062,0.3447650390625,4.99236641221374,2.16793893129771,-8.778625954198473,0.0
22.15000057220459,-9.009380847167968,2.308010400390625,3.6439749267578123,1.5267175572519085,-33.66412213740458,-18.931297709923665,-8.003816149902343,0.6536170532226562,0.3902548706054687,2.9160305343511452,3.145038167938931,-8.259541984732824,0.0
22.160000801086426,-8.971073620605468,1.39821376953125,3.699041564941406,-1.5114503816793894,-38.18320610687023,-20.946564885496183,-8.125920434570313,0.4333505004882812,0.1005564697265625,1.1450381679389312,4.595419847328245,-7.984732824427481,0.0
22.170000314712524,-8.0062103515625,0.15083470458984374,3.5146880371093747,5.847328244274809,-38.51908396946565,-20.717557251908396,-8.001421948242188,0.32561142578124996,0.2561795776367187,1.1908396946564885,5.404580152671755,-7.435114503816794,0.0
22.18000078201294,-8.295908752441406,0.93852705078125,3.775656018066406,9.34351145038168,-40.13740458015267,-25.69465648854962,-7.848193041992187,0.239420166015625,0.6153098266601562,1.8931297709923665,7.114503816793893,-6.427480916030534,0.0
22.190000534057617,-8.540117321777343,1.4006079711914061,4.96078583984375,8.01526717557252,-44.51908396946565,-30.80916030534351,-7.6231380859375,0.4285620971679687,0.4908113403320312,3.2213740458015265,7.099236641221374,-5.022900763358779,0.0
22.20000123977661,-9.093177905273437,1.5370774658203123,5.760449194335937,7.648854961832061,-51.19083969465649,-34.152671755725194,-8.317456567382813,0.28969840087890625,0.00239420166015625,3.5267175572519083,9.129770992366412,-3.9389312977099236,0.0
22.21000099182129,-10.606313354492187,1.637633935546875,7.388506323242187,8.488549618320612,-59.465648854961835,-34.01526717557252,-8.8872765625,1.455674609375,-0.28490999755859375,3.801526717557252,11.633587786259541,-6.320610687022901,0.0
22.220000982284546,-9.229647399902344,1.3215993164062498,6.756437084960937,13.099236641221374,-67.92366412213741,-30.65648854961832,-10.608707556152343,0.17238251953125,0.9002198242187499,-2.564885496183206,16.610687022900763,-8.83969465648855,0.0
22.230000257492065,-8.820238916015624,1.697488977050781,6.121973645019531,15.206106870229007,-78.0,-32.595419847328245,-12.686874597167968,-2.2361843505859373,2.4779987182617185,0.12213740458015267,5.6183206106870225,-13.877862595419847,0.0
22.2400004863739,-11.346121667480467,3.7110125732421873,6.418854650878906,11.709923664122137,-91.41984732824427,-37.43511450381679,-16.249446667480466,-5.626373901367187,4.704606262207031,-13.145038167938932,10.793893129770993,-26.30534351145038,0.0
22.250000476837158,-12.559981909179687,4.029441394042968,6.967126831054687,19.099236641221374,-104.10687022900764,-28.778625954198475,-19.79765352783203,-6.624755993652343,4.965574243164062,-2.687022900763359,6.977099236641221,-36.3206106870229,0.0
22.260000705718994,-13.199233752441405,2.1356278808593747,7.043741284179687,42.412213740458014,-108.70229007633588,-15.893129770992367,-18.830396057128905,-3.8762124877929685,2.7150246826171873,12.763358778625955,-4.885496183206107,-37.25190839694657,0.0
22.27000093460083,-14.058752148437499,1.3838485595703125,6.6343328002929685,58.961832061068705,-111.92366412213741,-7.343511450381679,-15.533580371093748,-0.8188169677734375,-0.41419688720703124,18.458015267175572,-9.358778625954198,-34.99236641221374,0.0
22.280000686645508,-15.638925244140625,1.7621324218749999,6.519411120605469,59.9236641221374,-118.18320610687023,-4.519083969465649,-10.070012182617187,1.7669208251953124,-3.0119056884765625,5.374045801526718,-10.183206106870228,-28.549618320610687,0.0
22.290145874023438,-16.462530615234375,3.7014357666015623,5.863399865722656,45.29770992366412,-126.42748091603053,-3.099236641221374,-8.597578161621094,2.70065947265625,-3.1124621582031247,6.900763358778626,-9.893129770992367,-16.885496183206108,0.0
22.3000009059906,-15.828067175292968,4.529829541015625,4.120421057128906,19.297709923664122,-132.99236641221373,0.549618320610687,-6.375759020996093,2.9759926635742184,-2.31758720703125,6.763358778625954,1.1145038167938932,-10.16793893129771,0.0
22.310001134872437,-14.209586853027343,3.306392492675781,1.235408056640625,-6.748091603053435,-133.6793893129771,4.885496183206107,-6.885723974609375,-0.6344634399414062,-2.6982652709960937,-0.48854961832061067,3.572519083969466,-5.465648854961832,0.0
22.320000886917114,-11.755530151367187,1.7477672119140624,-0.4740519287109375,-21.893129770992367,-126.3969465648855,8.65648854961832,-6.548141540527343,-1.7812860351562498,-3.0047230834960934,0.183206106870229,13.450381679389313,-4.641221374045801,0.0
22.33000087738037,-9.373299499511718,-0.2609679809570312,-1.1420341918945311,-23.64885496183206,-113.5114503816794,12.610687022900763,-9.665392102050781,-2.2744915771484373,-3.7014357666015623,10.290076335877863,27.419847328244273,1.8778625954198473,0.0
22.34000062942505,-6.579266162109374,-3.3351229125976563,-2.463633508300781,-9.786259541984732,-96.3969465648855,16.946564885496183,-9.09796630859375,-0.6177040283203125,-4.979939453125,13.770992366412214,37.099236641221374,2.33587786259542,0.0
22.350000858306885,-5.65031591796875,-4.44363828125,-2.6240450195312497,13.206106870229007,-70.19847328244275,15.633587786259541,-8.305485559082031,-0.9361328491210937,-4.2137949218749995,5.404580152671755,53.70992366412214,4.213740458015267,0.0
22.36000084877014,-5.877765075683594,-4.367023828124999,-2.482787121582031,27.00763358778626,-49.37404580152672,10.381679389312977,-10.635043774414061,-3.737348791503906,-2.47081611328125,14.748091603053435,57.29770992366412,11.557251908396946,0.0
22.37000060081482,-5.542576843261719,-4.007893579101562,-1.7525556152343749,46.44274809160305,-24.427480916030536,8.427480916030534,-9.667786303710937,-2.231395947265625,-0.7278373046875,22.946564885496183,48.83969465648855,11.572519083969466,0.0
22.380001068115234,-6.203376501464843,-1.7717092285156248,-0.6536170532226562,60.045801526717554,-2.015267175572519,7.114503816793893,-9.17458076171875,0.8188169677734375,-0.5626373901367188,12.67175572519084,51.57251908396947,13.19083969465649,0.0
22.39000105857849,-8.875305554199219,2.8131869506835936,1.5035586425781249,37.41984732824427,2.183206106870229,0.8854961832061069,-10.386046801757812,1.0534487304687499,1.2018892333984375,-4.702290076335878,54.396946564885496,17.755725190839694,0.0
22.40002989768982,-8.650250598144531,2.882618798828125,1.6735469604492186,12.396946564885496,2.3969465648854964,3.068702290076336,-11.365275280761718,-0.8259995727539062,2.549824768066406,-7.541984732824427,48.36641221374046,21.633587786259543,0.0
22.410000801086426,-7.3932947265625,2.0733786376953125,1.4772224243164063,-4.5038167938931295,5.1603053435114505,4.0458015267175576,-11.3006318359375,-0.9457096557617187,1.678335363769531,0.3511450381679389,37.282442748091604,19.068702290076335,0.0
22.42000126838684,-6.2201359130859375,1.2330138549804688,1.47482822265625,-21.862595419847327,7.694656488549619,2.366412213740458,-9.334992272949219,-0.8690952026367187,0.9504980590820312,-5.145038167938932,29.69465648854962,13.740458015267176,0.0
22.43000078201294,-5.896918688964844,0.8786720092773437,2.013523596191406,-39.038167938931295,10.870229007633588,-3.0839694656488548,-9.172186560058593,-1.1827356201171875,1.2593500732421874,-16.33587786259542,28.213740458015266,11.541984732824428,0.0
22.440001010894775,-5.820304235839844,0.7517793212890624,2.3822306518554686,-52.30534351145038,12.580152671755725,-7.206106870229007,-9.035717065429687,-1.8076222534179687,0.8786720092773437,-25.450381679389313,25.954198473282442,12.534351145038167,0.0
22.450000762939453,-5.066130712890625,-0.7876923461914062,1.707065783691406,-59.51145038167939,14.106870229007633,-7.801526717557252,-10.299855541992187,-3.31357509765625,0.9983820922851562,-19.633587786259543,25.83206106870229,13.618320610687023,0.0
22.460063457489014,-4.529829541015625,-2.6910826660156246,1.668758557128906,-37.16030534351145,32.35114503816794,-6.6106870229007635,-8.47786807861328,-2.7054478759765623,0.3184288208007812,-6.458015267175573,16.778625954198475,9.282442748091603,0.0
22.470000743865967,-4.996698864746094,-2.1691467041015624,1.35990654296875,-28.18320610687023,40.56488549618321,-11.694656488549619,-9.883264453125,-3.7900212280273435,-0.08140285644531249,4.488549618320611,13.572519083969466,7.0534351145038165,0.0
22.480000734329224,-5.274426257324219,-2.3247698120117186,1.6208745239257811,-23.099236641221374,48.961832061068705,-12.961832061068701,-8.875305554199219,-2.023100402832031,-0.6679822631835937,8.885496183206106,12.80916030534351,3.7557251908396947,0.0
22.4900004863739,-4.965574243164062,-2.403778466796875,1.9536685546875,-9.83206106870229,58.961832061068705,-12.885496183206106,-9.409212524414063,-1.6927005737304686,-1.0510545288085937,11.114503816793894,11.541984732824428,4.229007633587786,0.0
22.500000476837158,-6.047753393554687,-0.8595183959960937,2.568978381347656,-4.412213740458015,68.4885496183206,-17.96946564885496,-9.574412438964844,-1.24498486328125,-1.005564697265625,10.702290076335878,11.206106870229007,4.916030534351145,0.0
22.51000142097473,-6.356605407714843,-0.6177040283203125,2.8562825805664063,-1.4198473282442747,73.72519083969466,-20.15267175572519,-9.866505041503906,-1.2306196533203124,-0.8212111694335937,8.916030534351146,12.351145038167939,4.931297709923665,0.0
22.52000093460083,-6.373364819335937,-0.16998831787109375,3.3159692993164063,7.786259541984733,79.8473282442748,-19.66412213740458,-9.555258825683593,-0.44532150878906246,-1.1923124267578125,5.358778625954199,12.091603053435115,4.488549618320611,0.0
22.530001163482666,-6.584054565429687,0.8882488159179687,3.778050219726562,17.19083969465649,85.37404580152672,-16.595419847328245,-8.930372192382812,-0.0526724365234375,-0.9935936889648437,-7.893129770992366,17.603053435114504,5.251908396946565,0.0
22.540000915527344,-7.156268762207031,1.0558429321289062,4.292803576660156,25.755725190839694,89.25190839694656,-12.50381679389313,-10.196904870605469,0.05027823486328125,-1.1156979736328125,-16.38167938931298,20.763358778625953,7.908396946564886,0.0
22.5500009059906,-7.862558251953125,1.2641384765625,5.161898779296875,35.93893129770992,92.73282442748092,-7.801526717557252,-9.9981861328125,-1.0007762939453124,-0.584185205078125,-19.328244274809162,18.763358778625953,9.49618320610687,0.0
22.56000065803528,-8.001421948242188,0.9026140258789062,5.894524487304687,44.50381679389313,94.25954198473282,-4.091603053435114,-9.361328491210937,-0.7757213378906249,-1.0295067138671874,-20.33587786259542,15.83206106870229,8.366412213740459,0.0
22.570000886917114,-9.100360510253905,1.467645617675781,7.019799267578125,43.32824427480916,90.83969465648855,-4.549618320610687,-9.751583361816406,0.0143652099609375,-1.0845733520507812,-26.564885496183205,20.3206106870229,8.091603053435115,0.0
22.58000111579895,-9.991003527832031,1.7812860351562498,7.359775903320312,33.969465648854964,81.93893129770993,-4.213740458015267,-9.758765966796874,-1.2114660400390624,-0.7254431030273437,-30.30534351145038,24.229007633587788,10.198473282442748,0.0
22.590000867843628,-11.918335864257811,3.737348791503906,8.204929089355469,15.755725190839694,68.01526717557252,-4.641221374045801,-10.43871923828125,-2.9448680419921875,0.1149216796875,-17.984732824427482,18.12213740458015,13.16030534351145,0.0
22.600000619888306,-12.045228552246092,2.712630480957031,8.667010009765624,8.702290076335878,57.31297709923664,3.4656488549618323,-9.1554271484375,-1.4891934326171874,-0.3806780639648437,-3.1603053435114505,11.083969465648854,10.396946564885496,0.0
22.61000108718872,-12.361263171386717,2.5905261962890624,9.162609753417968,20.38167938931298,49.16030534351145,16.38167938931298,-10.663774194335938,-3.1603461914062496,0.3064578125,4.244274809160306,10.641221374045802,12.473282442748092,0.0
22.6200008392334,-12.459425439453124,3.9264907226562498,7.934384301757812,4.9465648854961835,31.480916030534353,23.786259541984734,-8.990227233886719,-0.9409212524414062,-0.4525041137695312,10.732824427480915,6.625954198473282,10.641221374045802,0.0
22.630001068115234,-10.89840595703125,3.4261025756835934,4.84586416015625,-6.916030534351145,18.198473282442748,26.50381679389313,-9.026140258789061,-1.4628572143554686,-1.0630255371093749,7.648854961832061,8.061068702290076,14.01526717557252,0.0
22.64000105857849,-9.10993731689453,0.97683427734375,2.3223756103515623,-7.236641221374046,15.526717557251908,27.328244274809162,-8.008604553222655,-0.17956512451171874,-0.9888052856445312,0.12213740458015267,10.580152671755725,12.687022900763358,0.0
22.65000057220459,-10.070012182617187,-0.354341845703125,2.5474305664062498,-11.679389312977099,18.671755725190838,24.763358778625953,-8.475473876953124,0.105344873046875,-1.369483349609375,-12.641221374045802,14.381679389312977,12.83969465648855,0.0
22.660000801086426,-11.69567510986328,-1.0702081420898437,4.010287780761718,-7.236641221374046,21.84732824427481,23.6793893129771,-9.368511096191405,-0.46686932373046874,-1.467645617675781,-26.50381679389313,16.671755725190838,12.885496183206106,0.0
22.670000791549683,-13.089100476074218,0.7158662963867187,5.343858105468749,1.4351145038167938,20.68702290076336,24.763358778625953,-9.176974963378905,-0.05027823486328125,-1.4221557861328125,-35.29770992366412,18.412213740458014,11.541984732824428,0.0
22.68000102043152,-13.864821813964843,1.9967641845703124,6.528987927246093,4.67175572519084,16.47328244274809,27.34351145038168,-9.832986218261718,-0.9600748657226562,-0.8667010009765624,-47.41984732824427,18.977099236641223,12.061068702290076,0.0
22.690000772476196,-12.160150231933594,-0.08858546142578125,5.655104321289063,3.6793893129770994,10.625954198473282,26.198473282442748,-11.88721124267578,-2.7198130859375,-0.6416460449218749,-42.97709923664122,17.557251908396946,13.16030534351145,0.0
22.700000762939453,-12.246341491699217,0.9935936889648437,4.979939453125,-3.0839694656488548,6.076335877862595,18.99236641221374,-11.233594189453123,-2.8850130004882812,-0.7015010864257812,-26.916030534351144,5.740458015267175,12.213740458015268,0.0
22.71000099182129,-11.853692419433592,1.5155296508789062,2.6815058593749996,-7.938931297709924,4.137404580152672,15.664122137404581,-10.09395419921875,-1.3239935180664062,-1.0199299072265624,-24.702290076335878,5.908396946564886,9.022900763358779,0.0
22.720000982284546,-10.55364091796875,1.7214309936523438,0.9552864624023437,-17.954198473282442,4.061068702290076,13.267175572519085,-10.24718310546875,-0.39983167724609375,-1.5586252807617187,-18.702290076335878,2.6412213740458017,10.351145038167939,0.0
22.730000734329224,-8.999804040527343,1.5634136840820312,-0.4165910888671875,-29.801526717557252,5.847328244274809,9.893129770992367,-10.160991845703125,0.29448680419921874,-1.946485949707031,-15.587786259541986,2.732824427480916,12.595419847328245,0.0
22.74000096321106,-8.418013037109375,1.6615759521484375,-1.254561669921875,-37.87786259541985,10.687022900763358,7.022900763358779,-10.019733947753906,0.6631938598632812,-2.0159177978515626,-15.664122137404581,2.50381679389313,13.389312977099237,0.0
22.750000476837158,-7.141903552246093,-0.852335791015625,-2.224213342285156,-36.3206106870229,16.916030534351144,8.854961832061068,-10.04846436767578,0.928950244140625,-2.118868469238281,-16.763358778625953,2.3969465648854964,14.183206106870228,0.0
22.760000705718994,-6.227318518066406,-3.0334535034179684,-1.8531120849609375,-8.076335877862595,32.47328244274809,9.648854961832061,-9.94072529296875,1.2282254516601563,-2.2649147705078123,-20.885496183206108,3.1603053435114505,13.86259541984733,0.0
22.77000093460083,-7.896077075195312,-1.2473790649414063,-0.1388636962890625,9.83206106870229,46.2442748091603,4.687022900763359,-9.797073193359374,1.39821376953125,-2.384624853515625,-23.282442748091604,3.7557251908396947,14.15267175572519,0.0
22.780000686645508,-9.81862100830078,1.5466542724609373,1.3144167114257812,11.541984732824428,50.35114503816794,-0.21374045801526717,-9.93354268798828,1.4820108276367188,-2.3343466186523436,-25.358778625954198,4.244274809160306,15.48091603053435,0.0
22.790001392364502,-10.067617980957031,3.0358477050781247,1.8435352783203125,0.12213740458015267,45.83206106870229,-2.030534351145038,-9.986215124511718,1.1851298217773436,-2.147598889160156,-25.96946564885496,4.442748091603053,16.35114503816794,0.0
22.80000114440918,-11.008539233398437,3.3686417358398435,2.0757728393554684,-14.213740458015268,40.25954198473283,-2.717557251908397,-10.04846436767578,0.7038952880859375,-1.8028338500976562,-27.206106870229007,4.244274809160306,16.793893129770993,0.0
22.810000896453857,-10.556035119628906,3.303998291015625,1.1851298217773436,-28.259541984732824,30.458015267175572,-1.282442748091603,-9.9981861328125,0.4740519287109375,-1.4915876342773438,-26.977099236641223,3.2213740458015265,16.48854961832061,0.0
22.820001125335693,-10.496180078124999,3.948038537597656,1.6472107421875,-34.045801526717554,28.213740458015266,0.32061068702290074,-9.85692823486328,0.6009446166992187,-1.5562310791015623,-26.442748091603054,3.0839694656488548,15.068702290076336,0.0
22.83000087738037,-9.87608184814453,2.85388837890625,1.0199299072265624,-35.38931297709924,22.519083969465647,7.221374045801527,-9.624690673828125,0.9959878906249999,-1.5586252807617187,-25.17557251908397,3.2061068702290076,14.65648854961832,0.0
22.84000062942505,-10.785878479003905,4.460397692871093,1.3000515014648437,-40.458015267175576,17.633587786259543,11.450381679389313,-9.593566052246093,0.9911994873046874,-1.5394716674804687,-24.38167938931298,4.793893129770993,14.091603053435115,0.0
22.850000619888306,-9.801861596679688,3.864241479492187,0.4572925170898437,-38.54961832061068,16.717557251908396,17.297709923664122,-9.404424121093749,0.5027823486328125,-1.5131354492187499,-24.458015267175572,5.572519083969466,14.16793893129771,0.0
22.86000084877014,-9.686939916992188,3.6655227416992187,0.411802685546875,-36.717557251908396,16.9618320610687,22.03053435114504,-9.993397729492187,-0.19153613281249998,-1.9895815795898437,-6.229007633587786,4.9465648854961835,14.366412213740459,0.0
22.870001316070557,-9.399635717773437,3.1962592163085937,0.8092401611328125,-37.083969465648856,16.977099236641223,25.83206106870229,-8.659827404785156,0.296881005859375,-2.2864625854492187,-12.488549618320612,7.343511450381679,14.213740458015268,0.0
22.880000591278076,-8.987833032226561,2.080561242675781,1.0486603271484374,-36.88549618320611,16.65648854961832,29.328244274809162,-9.129090930175781,0.7709329345703124,-2.7748797241210936,0.6564885496183206,7.236641221374046,15.32824427480916,0.0
22.890000581741333,-9.052476477050782,1.3311761230468748,1.3527239379882812,-34.85496183206107,16.15267175572519,28.137404580152673,-9.208099584960937,0.12210428466796874,-2.152387292480469,-4.870229007633588,13.312977099236642,16.259541984732824,0.0
22.90000081062317,-8.916006982421875,0.39264907226562495,1.7860744384765623,-31.862595419847327,16.290076335877863,27.984732824427482,-8.765172277832031,0.6512228515624999,-2.0254946044921875,0.3511450381679389,12.778625954198473,15.358778625954198,0.0
22.910000562667847,-9.840168823242188,0.1388636962890625,2.1260510742187497,-28.137404580152673,15.022900763358779,25.068702290076335,-9.512163195800781,0.201112939453125,-1.889025109863281,3.8625954198473282,13.389312977099237,14.65648854961832,0.0
22.920000791549683,-9.911994873046874,-0.7517793212890624,2.4301146850585935,-23.0381679389313,14.15267175572519,22.595419847328245,-9.696516723632811,0.6248866333007812,-1.62805712890625,5.068702290076335,12.625954198473282,13.893129770992367,0.0
22.93000030517578,-10.189722265624999,-1.3575123413085937,2.6431986328124997,-16.458015267175572,13.34351145038168,19.419847328244273,-10.09395419921875,0.9576806640625,-1.429338391113281,6.0458015267175576,11.969465648854962,13.114503816793894,0.0
22.940000772476196,-9.849745629882811,-1.4101847778320311,2.35589443359375,-4.900763358778626,12.030534351145038,15.221374045801527,-10.488997473144531,1.3359645263671873,-1.4149731811523436,7.404580152671755,11.48091603053435,12.106870229007633,0.0
22.950000524520874,-10.120290417480469,-0.16280571289062498,2.085349645996094,2.2290076335877864,10.82442748091603,10.106870229007633,-10.848127722167968,1.455674609375,-1.2521674682617188,7.374045801526718,11.740458015267176,12.305343511450381,0.0
22.96000051498413,-9.349357482910156,0.0718260498046875,1.180341418457031,9.206106870229007,10.274809160305344,8.244274809160306,-11.02529864501953,1.455674609375,-1.0175357055664063,6.763358778625954,11.709923664122137,12.610687022900763,0.0
22.970000505447388,-9.641450085449218,1.388636962890625,0.8212111694335937,13.404580152671755,10.748091603053435,5.374045801526718,-11.152191333007812,1.2808978881835937,-0.7278373046875,4.183206106870229,10.534351145038167,12.488549618320612,0.0
22.980000495910645,-9.605537060546874,2.511517541503906,0.1292868896484375,12.595419847328245,10.778625954198473,4.305343511450381,-10.596736547851561,1.2018892333984375,-0.6679822631835937,1.2061068702290076,8.931297709923664,12.564885496183207,0.0
22.99000072479248,-10.429142431640624,4.996698864746094,0.09576806640624999,3.145038167938931,11.938931297709924,3.236641221374046,-10.338162768554687,0.9145850341796874,-0.7038952880859375,-2.6412213740458017,6.67175572519084,13.206106870229007,0.0
23.000000715255737,-10.350133776855468,5.408501550292969,-0.354341845703125,-18.625954198473284,8.259541984732824,6.183206106870229,-9.583989245605467,1.1013327636718748,-0.9433154541015625,-8.732824427480915,3.816793893129771,11.801526717557252,0.0
23.010000467300415,-10.87206973876953,4.450820886230469,0.46208092041015625,-29.022900763358777,10.305343511450381,7.587786259541985,-9.610325463867188,0.7565677246093749,-1.189918225097656,-11.86259541984733,2.885496183206107,11.083969465648854,0.0
23.02000069618225,-8.89924757080078,2.252943762207031,-0.25139117431640623,-36.045801526717554,6.183206106870229,9.236641221374045,-9.6151138671875,0.70868369140625,-1.9105729248046874,-12.335877862595419,2.8091603053435112,9.465648854961833,0.0
23.030000925064087,-9.255983618164063,1.0366893188476562,0.584185205078125,-35.847328244274806,11.48091603053435,7.801526717557252,-10.666168395996094,-1.7525556152343749,-1.3623007446289062,-5.0534351145038165,4.366412213740458,9.618320610687023,0.0
23.040000677108765,-7.682993127441406,-1.7741034301757812,0.20350714111328125,-22.931297709923665,16.229007633587788,6.213740458015267,-10.27830772705078,-0.3112462158203125,-1.5322890624999999,7.679389312977099,-1.282442748091603,3.3587786259541983,0.0
23.0500009059906,-9.639055883789062,0.0430956298828125,1.7214309936523438,-13.801526717557252,22.702290076335878,-2.122137404580153,-12.988544006347656,-3.9600095458984375,0.45968671875,2.0916030534351147,-8.229007633587786,3.236641221374046,0.0
23.06000065803528,-10.165780249023436,0.9002198242187499,1.8363526733398436,-19.114503816793892,16.15267175572519,-7.0534351145038165,-11.010933435058593,-0.6488286499023437,0.507570751953125,31.557251908396946,-18.99236641221374,-4.854961832061068,0.0
23.070000886917114,-10.072406384277343,0.8930372192382812,2.0183119995117185,-15.770992366412214,15.038167938931299,-7.679389312977099,-10.383652600097655,0.28730419921875,-0.3711012573242187,35.083969465648856,-19.954198473282442,-7.6183206106870225,0.0
23.080000638961792,-9.801861596679688,1.16837041015625,1.8938135131835936,-8.625954198473282,15.526717557251908,-9.236641221374045,-9.215282189941405,2.6336218261718747,-0.296881005859375,24.045801526717558,-23.083969465648856,-10.335877862595419,0.0
23.09000062942505,-10.007762939453125,2.3343466186523436,1.5418658691406248,-6.748091603053435,13.893129770992367,-10.259541984732824,-9.911994873046874,2.568978381347656,-0.45489831542968745,9.297709923664122,-16.03053435114504,-10.122137404580153,0.0
23.100000858306885,-9.775525378417969,3.0166940917968748,1.2617442749023438,-7.00763358778626,11.389312977099237,-9.541984732824428,-9.437942944335937,3.0358477050781247,-1.5562310791015623,-5.557251908396947,-14.564885496183207,-11.114503816793894,0.0
23.11000084877014,-9.572018237304688,3.210624426269531,1.20667763671875,-9.648854961832061,10.01526717557252,-8.65648854961832,-10.960655200195312,0.11731588134765625,0.5386953735351562,-17.46564885496183,-10.82442748091603,-9.297709923664122,0.0
23.12000060081482,-9.13627353515625,2.9281086303710935,1.3431471313476562,-10.458015267175572,9.83206106870229,-6.33587786259542,-10.046070166015625,-0.5219359619140624,0.09337386474609374,-10.16793893129771,-18.564885496183205,-12.854961832061068,0.0
23.130000591278076,-9.088389501953124,2.607285607910156,1.4508862060546874,-9.541984732824428,9.541984732824428,-3.0839694656488548,-10.366893188476562,-2.104503259277344,0.6607996582031249,-3.0076335877862594,-29.862595419847327,-15.801526717557252,0.0
23.14000105857849,-8.844180932617187,2.473210314941406,1.5849614990234373,-7.877862595419847,10.274809160305344,-0.6717557251908397,-9.198522778320312,-1.2952630981445312,0.8475473876953125,4.442748091603053,-36.916030534351144,-19.114503816793892,0.0
23.15000057220459,-8.580818749999999,1.7788918334960937,1.7405846069335937,-7.3893129770992365,10.687022900763358,0.7480916030534351,-8.98304462890625,0.316034619140625,-0.9552864624023437,6.412213740458015,-34.091603053435115,-21.0381679389313,0.0
23.160000801086426,-8.664615808105468,1.9728221679687499,2.039859814453125,-7.755725190839694,11.16030534351145,-0.10687022900763359,-8.70771143798828,1.3910311645507811,-0.4477157104492187,-5.603053435114504,-31.51145038167939,-19.34351145038168,0.0
23.170000553131104,-10.184933862304687,1.7956512451171873,2.5737667846679684,-19.236641221374047,6.9465648854961835,-0.9007633587786259,-9.598354455566406,-0.28730419921875,-0.7709329345703124,-5.679389312977099,-27.87786259541985,-16.900763358778626,0.0
23.18000078201294,-10.0748005859375,1.8243816650390623,2.3151930053710936,-19.068702290076335,4.106870229007634,-1.4961832061068703,-10.359710583496094,-1.2210428466796874,0.373495458984375,1.5877862595419847,-31.450381679389313,-16.366412213740457,0.0
23.190000534057617,-10.058041174316406,1.0271125122070313,2.3918074584960936,-19.72519083969466,2.1374045801526718,-2.2290076335877864,-10.168174450683592,-1.5849614990234373,0.4381389038085937,8.51908396946565,-39.02290076335878,-18.641221374045802,0.0
23.200000762939453,-9.543287817382812,0.6200982299804687,2.133233679199219,-13.206106870229007,2.183206106870229,-1.251908396946565,-8.528146313476562,0.9313444458007812,-0.16280571289062498,14.580152671755725,-43.20610687022901,-21.862595419847327,0.0
23.21000051498413,-9.497797985839844,0.6560112548828124,1.9704279663085937,-10.793893129770993,1.5877862595419847,-3.312977099236641,-9.351751684570312,0.3711012573242187,-0.11013327636718749,-2.1374045801526718,-39.70992366412214,-20.35114503816794,0.0
23.220000505447388,-9.545682019042967,1.3910311645507811,1.5634136840820312,-9.725190839694656,0.6717557251908397,-5.114503816793893,-9.318232861328125,0.7733271362304687,0.6296750366210937,6.870229007633588,-37.7557251908397,-18.061068702290076,0.0
23.230000495910645,-10.184933862304687,2.3247698120117186,1.3934253662109375,-9.374045801526718,-0.5190839694656488,-5.114503816793893,-10.742782849121093,-0.5578489868164063,0.01915361328125,18.366412213740457,-38.85496183206107,-16.259541984732824,0.0
23.24000072479248,-9.849745629882811,1.9393033447265624,1.2114660400390624,-8.82442748091603,-1.83206106870229,-4.091603053435114,-10.414777221679687,-0.6392518432617187,0.4070142822265625,31.61832061068702,-43.48091603053435,-18.12213740458015,0.0
23.250000476837158,-9.643844287109374,2.0973206542968748,1.4030021728515625,-7.633587786259542,-1.5267175572519085,-3.435114503816794,-8.683769421386717,1.4604630126953124,-1.0319009155273438,30.564885496183205,-43.55725190839695,-21.450381679389313,0.0
23.260000467300415,-9.70369932861328,2.3247698120117186,1.47482822265625,-5.32824427480916,-0.916030534351145,-2.0,-9.287108239746093,0.3950432739257812,-2.3822306518554686,4.977099236641221,-32.534351145038165,-19.72519083969466,0.0
23.27000093460083,-9.665392102050781,2.683900061035156,1.3623007446289062,-9.267175572519085,-2.183206106870229,-1.4198473282442747,-8.741230261230468,2.422932080078125,-1.687912170410156,5.969465648854962,-28.396946564885496,-16.625954198473284,0.0
23.28000044822693,-9.797073193359374,2.6671406494140624,1.1180921752929687,-10.702290076335878,-2.2442748091603053,-0.7633587786259542,-8.853757739257812,1.4891934326171874,-0.7445967163085937,-18.38167938931298,-19.81679389312977,-13.16030534351145,0.0
23.290000677108765,-9.524134204101562,2.300827795410156,1.1085153686523437,-14.717557251908397,-2.717557251908397,-0.13740458015267176,-8.789114294433594,2.250549560546875,-0.8906430175781249,-11.572519083969466,-19.51145038167939,-12.549618320610687,0.0
23.300000429153442,-9.452308154296874,1.6160861206054686,1.0319009155273438,-17.83206106870229,-3.236641221374046,-0.3053435114503817,-9.801861596679688,0.6512228515624999,-0.4261678955078125,-4.305343511450381,-15.358778625954198,-11.755725190839694,0.0
23.310000896453857,-9.442731347656249,1.2497732666015624,1.5466542724609373,-17.31297709923664,-2.5343511450381677,-1.6641221374045803,-8.856151940917968,0.59376201171875,-0.928950244140625,-11.099236641221374,-14.687022900763358,-12.992366412213741,0.0
23.320000648498535,-9.421183532714844,0.5123591552734374,1.848323681640625,-12.076335877862595,-1.5114503816793894,-2.4122137404580153,-9.718064538574218,-0.29927520751953124,-0.5291185668945312,-10.198473282442748,-14.473282442748092,-12.061068702290076,0.0
23.330000400543213,-9.526528405761718,0.6296750366210937,2.1356278808593747,-7.877862595419847,-2.0,-4.854961832061068,-9.643844287109374,-0.5434837768554687,-0.3806780639648437,-4.977099236641221,-15.129770992366412,-12.641221374045802,0.0
23.34000062942505,-9.392453112792968,0.7948749511718749,2.0973206542968748,-2.6412213740458017,-2.9923664122137406,-6.3816793893129775,-10.579977136230468,-2.152387292480469,-0.5219359619140624,-10.351145038167939,-13.374045801526718,-11.938931297709924,0.0
23.350000381469727,-9.217676391601563,0.9504980590820312,2.3439234252929686,4.519083969465649,-3.5572519083969465,-7.3893129770992365,-8.482656481933594,0.8403647827148437,-1.388636962890625,-4.931297709923665,-12.717557251908397,-14.687022900763358,0.0
23.360000610351562,-8.441955053710936,-0.28012159423828126,1.5849614990234373,16.549618320610687,-3.7099236641221376,-5.206106870229007,-9.792284790039062,-0.13168109130859373,-0.6440402465820312,-6.595419847328245,-11.007633587786259,-12.763358778625955,0.0
23.37000060081482,-9.445125549316407,1.6903063720703124,1.9847931762695312,21.633587786259543,-3.8473282442748094,-7.587786259541985,-8.973467822265624,0.4381389038085937,-0.7996633544921875,-7.32824427480916,-9.206106870229007,-14.106870229007633,0.0
23.380000591278076,-10.110713610839843,3.0334535034179684,2.0542250244140625,22.18320610687023,-4.33587786259542,-8.778625954198473,-9.713276135253906,-0.1005564697265625,-0.37828386230468747,-5.847328244274809,-8.931297709923664,-13.114503816793894,0.0
23.390000343322754,-9.22485899658203,2.518700146484375,1.7932570434570312,20.870229007633586,-7.221374045801527,-7.801526717557252,-9.026140258789061,0.06464344482421874,-0.373495458984375,-5.450381679389313,-8.106870229007633,-14.51908396946565,0.0
23.40000033378601,-9.777919580078125,3.6248213134765623,2.2673089721679687,10.213740458015268,-12.83969465648855,-7.312977099236641,-9.093177905273437,-0.06703764648437499,-1.0007762939453124,-1.8778625954198473,-8.65648854961832,-14.0,0.0
23.410000324249268,-9.057264880371093,1.89620771484375,2.5617957763671875,15.954198473282442,-13.572519083969466,-3.4198473282442747,-8.74601866455078,0.086191259765625,-1.2138602416992186,1.0534351145038168,-7.450381679389313,-13.32824427480916,0.0
23.420000791549683,-8.681375219726561,0.9816226806640624,2.3822306518554686,20.671755725190838,-13.664122137404581,-2.50381679389313,-8.475473876953124,0.10295067138671875,-0.9864110839843749,6.396946564885496,-6.442748091603053,-12.702290076335878,0.0
23.43000078201294,-8.731653454589843,1.5251064575195312,2.8036101440429686,22.12213740458015,-15.84732824427481,-3.648854961832061,-8.250418920898436,0.086191259765625,-1.158793603515625,11.358778625954198,-5.938931297709924,-11.48091603053435,0.0
23.440000772476196,-8.468291271972657,1.3359645263671873,3.1411925781249996,23.81679389312977,-18.18320610687023,-4.061068702290076,-8.17859287109375,-0.07422025146484375,-1.1755530151367186,16.702290076335878,-4.183206106870229,-10.259541984732824,0.0
23.450000524520874,-8.781931689453124,1.4101847778320311,3.6176387084960937,23.83206106870229,-21.46564885496183,-5.9541984732824424,-8.073247998046874,0.08140285644531249,-0.679953271484375,23.358778625954198,-3.5267175572519083,-9.19083969465649,0.0
23.46000051498413,-10.060435375976562,4.187458703613281,4.661510632324219,14.564885496183207,-27.34351145038168,-9.19083969465649,-8.013392956542969,0.05027823486328125,-0.5243301635742187,26.946564885496183,-2.7786259541984735,-8.106870229007633,0.0
23.470000505447388,-10.070012182617187,4.235342736816406,4.261678955078125,-0.7480916030534351,-39.038167938931295,-6.732824427480916,-7.860164050292968,-0.01915361328125,0.06464344482421874,28.9618320610687,-2.854961832061069,-7.221374045801527,0.0
23.480000734329224,-9.349357482910156,2.8131869506835936,4.024652990722656,-6.763358778625954,-48.38167938931298,-2.4580152671755724,-7.800309008789062,-0.031124621582031248,0.08379705810546874,28.0,-3.6946564885496183,-6.33587786259542,0.0
23.4900004863739,-9.830592016601562,2.288856787109375,4.759672900390624,-6.961832061068702,-51.83206106870229,-2.7786259541984735,-7.630320690917968,0.34237083740234375,0.4429273071289062,25.81679389312977,-4.458015267175573,-5.786259541984733,0.0
23.500000476837158,-9.751583361816406,1.6065093139648436,4.881777185058594,-8.122137404580153,-58.213740458015266,-1.6793893129770991,-7.3094976684570305,0.9313444458007812,0.4908113403320312,22.519083969465647,-4.809160305343512,-5.511450381679389,0.0
23.510000705718994,-9.0021982421875,0.6464344482421874,4.520252734375,-6.595419847328245,-62.54961832061068,-2.0610687022900764,-8.13310303955078,0.7565677246093749,1.2473790649414063,14.01526717557252,-4.885496183206107,-6.534351145038168,0.0
23.52000069618225,-8.9255837890625,0.2609679809570312,4.388571643066406,-7.709923664122138,-66.51908396946565,-3.572519083969466,-8.657433203124999,-0.19153613281249998,1.898601916503906,4.916030534351145,-6.5038167938931295,-9.954198473282442,0.0
23.530000925064087,-8.497021691894531,0.45968671875,5.683834741210937,-11.450381679389313,-70.54961832061069,-9.17557251908397,-8.499415893554687,-0.5482721801757812,0.201112939453125,2.7938931297709924,-6.732824427480916,-11.877862595419847,0.0
23.540000677108765,-8.571241943359375,0.967257470703125,5.068524914550781,-8.580152671755725,-77.58778625954199,-18.0,-11.834538806152343,-0.9528922607421875,-1.8148048583984373,3.9083969465648853,-2.6106870229007635,-18.106870229007633,0.0
23.5500009059906,-10.041281762695311,1.8219874633789062,5.054159704589844,-7.297709923664122,-84.80916030534351,-25.17557251908397,-15.394716674804686,-3.394977954101562,-2.5258827514648434,-11.419847328244275,8.458015267175572,-30.137404580152673,0.0
23.56000065803528,-10.91037696533203,0.6248866333007812,5.437231970214843,8.748091603053435,-89.81679389312977,-25.435114503816795,-18.140865979003905,-3.5194764404296874,-1.3527239379882812,-7.816793893129771,9.954198473282442,-40.85496183206107,0.0
23.570000648498535,-12.797007873535156,0.5458779785156249,7.2903440551757805,32.045801526717554,-92.6412213740458,-25.801526717557252,-18.59097589111328,-0.603338818359375,-0.584185205078125,12.13740458015267,14.396946564885496,-32.13740458015267,0.0
23.580000638961792,-13.982137695312499,0.6703764648437499,8.992621435546875,51.61832061068702,-99.80152671755725,-20.50381679389313,-11.149797131347656,3.83072265625,-0.8188169677734375,18.442748091603054,10.198473282442748,-24.27480916030534,0.0
23.59000062942505,-14.836867687988281,-0.00718260498046875,9.13627353515625,66.1526717557252,-109.64885496183206,-14.51908396946565,-8.750807067871094,8.2743609375,-2.370259643554687,0.5648854961832062,14.198473282442748,-15.755725190839694,0.0
23.600000858306885,-15.433023901367186,0.93852705078125,9.275137231445312,62.48854961832061,-122.18320610687023,-14.80916030534351,-9.414000927734374,7.924807495117187,-1.1875240234375,-23.236641221374047,18.564885496183205,0.16793893129770993,0.0
23.610000610351562,-15.030798022460937,1.3239935180664062,7.560888842773437,49.29770992366412,-136.38167938931298,-14.946564885496183,-9.423577734375,2.683900061035156,-0.4644751220703125,-40.67175572519084,21.923664122137403,9.221374045801527,0.0
23.62000060081482,-14.310143322753905,2.252943762207031,5.5545478515625,37.49618320610687,-144.42748091603053,-15.358778625954198,-10.647014782714843,-3.2058360229492187,-0.20350714111328125,-32.396946564885496,22.641221374045802,11.893129770992367,0.0
23.630000591278076,-11.899182250976562,0.6177040283203125,2.916137622070312,30.045801526717558,-147.49618320610688,-11.526717557251908,-8.315062365722655,-3.337517114257812,-1.429338391113281,-15.282442748091603,19.984732824427482,7.740458015267175,0.0
23.64000105857849,-10.649408984374999,0.3447650390625,-0.08858546142578125,24.732824427480917,-141.57251908396947,-10.091603053435115,-11.176133349609374,-6.461950280761719,-2.6192566162109374,-6.717557251908397,28.977099236641223,10.198473282442748,0.0
23.65000057220459,-8.501810095214843,-1.4053963745117186,-2.308010400390625,17.87786259541985,-134.10687022900763,-12.473282442748092,-9.9215716796875,-5.03740029296875,-3.545812658691406,18.18320610687023,28.03053435114504,6.67175572519084,0.0
23.660000801086426,-7.307103466796875,-2.128445275878906,-2.942473840332031,24.793893129770993,-117.98473282442748,-13.312977099236642,-8.358157995605469,-4.802768530273437,-2.7461493041992187,26.045801526717558,34.01526717557252,2.885496183206107,0.0
23.670000553131104,-5.691017346191406,-3.2513258544921873,-3.5051112304687497,35.63358778625954,-97.08396946564885,-13.664122137404581,-7.125144140624999,-2.482787121582031,-2.798821740722656,29.435114503816795,34.717557251908396,0.04580152671755725,0.0
23.68000078201294,-5.987898352050781,-2.8227637573242186,-3.1100679565429687,50.48854961832061,-72.4885496183206,-14.748091603053435,-7.788338000488281,0.17238251953125,-2.138022082519531,17.572519083969464,39.89312977099237,1.1908396946564885,0.0
23.690000534057617,-5.5641246582031245,-1.3718775512695311,-2.1787235107421874,61.32824427480916,-50.900763358778626,-14.961832061068701,-9.643844287109374,-0.1867477294921875,-1.1827356201171875,-3.0839694656488548,48.412213740458014,6.5038167938931295,0.0
23.700001001358032,-5.935225915527344,-0.3854664672851562,-0.8930372192382812,67.7557251908397,-29.31297709923664,-13.526717557251908,-12.205640063476562,-2.3391350219726563,0.6560112548828124,0.48854961832061067,42.97709923664122,8.595419847328245,0.0
23.71000051498413,-6.710947253417968,1.9488801513671874,0.239420166015625,59.587786259541986,-17.31297709923664,-14.458015267175572,-11.67652149658203,-2.2361843505859373,0.8116343627929687,5.404580152671755,35.48091603053435,5.66412213740458,0.0
23.720000505447388,-7.3669585083007805,3.816357446289062,0.8212111694335937,38.88549618320611,-11.694656488549619,-14.83969465648855,-10.213664282226562,-1.7405846069335937,0.63206923828125,1.8473282442748091,27.572519083969464,3.9236641221374047,0.0
23.730000495910645,-6.066907006835937,3.0837317382812497,0.22505495605468748,16.68702290076336,-5.7251908396946565,-12.381679389312977,-10.304643945312499,-2.4349030883789062,1.5298948608398437,-1.450381679389313,25.709923664122137,6.67175572519084,0.0
23.7400004863739,-7.903259680175781,6.019022973632812,1.5729904907226562,-14.50381679389313,-1.450381679389313,-15.48091603053435,-10.244788903808594,-2.7246014892578123,0.19153613281249998,14.076335877862595,14.305343511450381,7.541984732824427,0.0
23.750000476837158,-6.2584431396484375,3.900154504394531,0.3854664672851562,-43.7557251908397,-2.2442748091603053,-12.106870229007633,-10.455478649902343,-4.000710974121094,-0.03591302490234375,25.954198473282442,7.251908396946565,7.236641221374046,0.0
23.760000705718994,-6.251260534667968,3.7421371948242186,0.8714894042968749,-66.56488549618321,4.625954198473282,-10.793893129770993,-8.465897070312499,-1.659181750488281,-0.8307879760742187,26.244274809160306,6.351145038167939,2.4885496183206106,0.0
23.77000093460083,-5.343858105468749,1.8842367065429686,0.45968671875,-79.23664122137404,10.16793893129771,-7.862595419847328,-9.191340173339842,-0.3064578125,-1.8435352783203125,24.900763358778626,6.213740458015267,2.6106870229007635,0.0
23.780001163482666,-3.0406361083984375,-1.9847931762695312,-0.6248866333007812,-66.45801526717557,24.106870229007633,-3.6793893129770994,-8.683769421386717,0.6416460449218749,-1.6328455322265625,18.198473282442748,8.320610687022901,2.9160305343511452,0.0
23.790001392364502,-3.5817256835937497,-2.6048914062499997,-0.3112462158203125,-46.56488549618321,42.36641221374046,-5.206106870229007,-9.105148913574219,0.316034619140625,-1.3407529296874998,13.19083969465649,11.816793893129772,3.66412213740458,0.0
23.80000066757202,-4.297591979980469,-2.2290017456054687,0.2561795776367187,-34.18320610687023,57.69465648854962,-7.419847328244275,-9.176974963378905,-0.1867477294921875,-1.218648645019531,5.923664122137405,13.419847328244275,3.450381679389313,0.0
23.810001134872437,-5.121197351074218,-1.8602946899414061,1.01514150390625,-25.938931297709924,69.2824427480916,-9.755725190839694,-9.612719665527344,-0.7398083129882812,-1.1444283935546875,4.748091603053435,14.229007633587786,3.7404580152671754,0.0
23.820000648498535,-5.578489868164062,-2.0542250244140625,1.7429788085937499,-15.48091603053435,80.91603053435115,-11.679389312977099,-8.698134631347656,0.21068974609375,-0.7350199096679687,-5.236641221374046,15.877862595419847,3.49618320610687,0.0
23.83000087738037,-6.227318518066406,-1.7094599853515624,2.7748797241210936,-9.694656488549619,89.38931297709924,-14.15267175572519,-10.862492932128905,-2.4947581298828125,-0.59376201171875,-15.923664122137405,16.0,10.16793893129771,0.0
23.84000062942505,-7.0652890991210935,-1.4245499877929686,4.058171813964844,-4.213740458015267,94.06106870229007,-15.389312977099237,-10.426748229980468,-1.446097802734375,-0.8379705810546875,4.061068702290076,13.938931297709924,9.007633587786259,0.0
23.850000381469727,-8.1594392578125,-0.2753331909179687,5.391742138671875,5.9541984732824424,97.98473282442748,-15.34351145038168,-9.947907897949218,-1.407790576171875,-0.7972691528320313,8.183206106870228,12.931297709923664,7.801526717557252,0.0
23.860000610351562,-8.966285217285156,0.5913678100585937,6.021417175292968,15.267175572519085,97.55725190839695,-12.01526717557252,-10.369287390136718,-1.3311761230468748,-1.2330138549804688,13.465648854961833,9.404580152671755,6.732824427480916,0.0
23.87000060081482,-9.737218151855469,1.2018892333984375,6.679822631835937,19.709923664122137,95.3587786259542,-8.80916030534351,-9.770736975097655,-0.833182177734375,-1.3575123413085937,-8.732824427480915,11.694656488549619,6.442748091603053,0.0
23.880000591278076,-9.955090502929687,1.3551181396484375,6.8785413696289055,21.87786259541985,91.66412213740458,-7.00763358778626,-10.611101757812499,-1.6927005737304686,-1.3407529296874998,-16.12213740458015,15.297709923664122,8.778625954198473,0.0
23.890000581741333,-10.345345373535155,1.4628572143554686,7.249642626953125,19.587786259541986,85.02290076335878,-5.511450381679389,-10.216058483886718,-0.8690952026367187,-1.43652099609375,-19.786259541984734,18.778625954198475,9.114503816793894,0.0
23.90000081062317,-10.714052429199219,1.2904746948242187,7.388506323242187,17.114503816793892,78.12213740458016,-2.7786259541984735,-10.66137999267578,-1.3646949462890625,-3.3542765258789062,-16.83969465648855,21.358778625954198,10.580152671755725,0.0
23.910000324249268,-10.050858569335936,0.603338818359375,6.682216833496093,11.022900763358779,68.16793893129771,-1.5267175572519085,-10.888829150390624,-2.442085693359375,-1.9632453613281249,-13.49618320610687,19.19083969465649,12.030534351145038,0.0
23.920000791549683,-8.580818749999999,-0.9792284790039062,5.580884069824219,19.206106870229007,66.0,0.13740458015267176,-9.03332286376953,-1.0486603271484374,-1.93451494140625,-13.923664122137405,16.732824427480917,11.450381679389313,0.0
23.93000054359436,-10.359710583496094,0.8667010009765624,6.215347509765625,17.96946564885496,60.534351145038165,-1.8473282442748091,-10.20169327392578,-2.090138049316406,-1.6927005737304686,-3.0076335877862594,15.374045801526718,15.312977099236642,0.0
23.940000772476196,-10.206481677246094,1.7453730102539062,6.3709706176757805,17.358778625954198,55.87786259541985,0.916030534351145,-9.066841687011719,-1.448492004394531,-1.5370774658203123,-0.12213740458015267,19.00763358778626,16.580152671755727,0.0
23.950000524520874,-9.643844287109374,1.675941162109375,5.846640454101562,11.893129770992367,46.412213740458014,4.015267175572519,-9.402029919433593,-1.3048399047851562,-1.8219874633789062,8.229007633587786,18.106870229007633,20.366412213740457,0.0
23.96000027656555,-8.971073620605468,1.7669208251953124,6.062118603515625,13.419847328244275,45.70992366412214,6.687022900763359,-9.528922607421874,0.09576806640624999,-2.250549560546875,12.442748091603054,19.297709923664122,23.114503816793892,0.0
23.970000505447388,-6.660669018554687,0.23702596435546874,3.9312791259765625,17.19083969465649,40.82442748091603,10.564885496183207,-8.657433203124999,2.051830822753906,-2.2577321655273437,7.465648854961832,23.587786259541986,23.541984732824428,0.0
23.980000734329224,-7.903259680175781,1.879448303222656,3.6248213134765623,24.80916030534351,46.10687022900763,12.030534351145038,-8.221688500976562,1.0534487304687499,-1.3263877197265623,-11.32824427480916,30.9618320610687,25.801526717557252,0.0
23.9900004863739,-7.896077075195312,1.5705962890624998,2.281674182128906,22.610687022900763,48.2442748091603,14.045801526717558,-9.236830004882812,0.833182177734375,0.3806780639648437,-24.259541984732824,31.16030534351145,27.450381679389313,0.0
24.000000476837158,-9.138667736816405,0.38307226562499996,3.4093431640625,17.923664122137403,51.786259541984734,14.610687022900763,-10.019733947753906,0.6512228515624999,0.08140285644531249,-32.99236641221374,33.41984732824427,26.9618320610687,0.0
24.010001182556152,-10.328585961914062,-0.9026140258789062,5.793968017578124,16.396946564885496,49.98473282442748,14.01526717557252,-9.832986218261718,-0.05985504150390625,0.105344873046875,-43.14503816793893,30.412213740458014,25.923664122137403,0.0
24.02000069618225,-12.00931552734375,-0.5339069702148437,7.9655089233398435,20.53435114503817,44.12213740458015,13.893129770992367,-8.307879760742187,-0.17477672119140625,-0.19871873779296872,-56.61068702290076,27.587786259541986,24.870229007633586,0.0
24.030000925064087,-13.666103076171874,0.16280571289062498,8.300697155761718,16.50381679389313,31.282442748091604,14.763358778625955,-9.179369165039063,-0.45489831542968745,0.2346317626953125,-60.458015267175576,23.633587786259543,24.12213740458015,0.0
24.040000438690186,-14.092270971679687,1.8363526733398436,7.4603323730468745,16.091603053435115,17.64885496183206,20.244274809160306,-11.233594189453123,-4.900930798339844,0.4285620971679687,-58.47328244274809,23.053435114503817,27.450381679389313,0.0
24.0500009059906,-15.102624072265623,1.946485949707031,7.560888842773437,13.938931297709924,7.66412213740458,24.229007633587788,-10.98699141845703,-5.178658190917968,-0.7158662963867187,-38.396946564885496,15.053435114503817,21.893129770992367,0.0
24.06000065803528,-14.030021728515624,0.05985504150390625,5.746083984375,25.72519083969466,2.8244274809160306,28.38167938931298,-9.885658654785155,-4.237736938476562,-1.6735469604492186,-36.82442748091603,10.51908396946565,16.16793893129771,0.0
24.070000648498535,-13.965378283691406,2.094926452636719,4.096479040527344,41.908396946564885,1.0534351145038168,31.541984732824428,-10.022128149414062,-4.2521021484374995,-1.8602946899414061,-22.15267175572519,5.709923664122138,15.786259541984732,0.0
24.080000638961792,-16.067487341308592,6.794744311523437,3.9264907226562498,19.450381679389313,-7.343511450381679,26.977099236641223,-10.594342346191405,-3.1483751831054687,-2.3056161987304686,-11.312977099236642,1.984732824427481,15.358778625954198,0.0
24.09000062942505,-13.390769885253906,6.600813977050781,1.3311761230468748,-15.923664122137405,-20.519083969465647,26.99236641221374,-10.857704528808593,-1.005564697265625,-2.9376854370117185,-8.412213740458014,1.0687022900763359,13.86259541984733,0.0
24.100000619888306,-10.563217724609375,4.273649963378906,-0.3591302490234375,-32.67175572519084,-22.641221374045802,30.732824427480917,-11.135431921386719,-0.41419688720703124,-2.4396914916992185,-5.603053435114504,0.0916030534351145,13.297709923664122,0.0
24.110000371932983,-8.238447912597655,2.2481553588867187,-2.147598889160156,-41.603053435114504,-17.114503816793892,31.69465648854962,-10.915165368652342,1.2665326782226562,-2.6240450195312497,4.442748091603053,-8.320610687022901,11.725190839694656,0.0
24.12000060081482,-7.192181787109375,-0.18914193115234373,-2.5234885498046875,-47.16030534351145,-5.908396946564886,27.557251908396946,-10.654197387695312,2.398990063476562,-1.4987702392578124,-3.6793893129770994,-8.854961832061068,9.603053435114504,0.0
24.130000591278076,-5.858611462402344,-2.099714855957031,-3.268085266113281,-46.68702290076336,2.8702290076335877,21.755725190839694,-11.022904443359375,4.407725256347656,-1.9656395629882812,-15.282442748091603,-8.259541984732824,7.343511450381679,0.0
24.140000343322754,-7.589619262695312,-1.024718310546875,-1.6304513305664061,-42.10687022900763,18.38167938931298,12.091603053435115,-10.893617553710937,5.549759448242187,-2.5354595581054684,-34.595419847328245,-9.389312977099237,6.656488549618321,0.0
24.15000057220459,-10.527304699707031,2.020706201171875,-0.354341845703125,-58.25954198473283,18.48854961832061,3.1603053435114505,-13.13219610595703,3.2034418212890623,-1.467645617675781,-43.57251908396947,-8.0,12.335877862595419,0.0
24.160001039505005,-9.821015209960937,0.7757213378906249,-0.70868369140625,-61.31297709923664,20.99236641221374,2.213740458015267,-12.184092248535155,3.6104561035156246,-1.936909143066406,-49.725190839694655,-11.725190839694656,12.122137404580153,0.0
24.170000553131104,-9.935936889648437,0.612915625,-0.4525041137695312,-60.58015267175573,22.65648854961832,0.12213740458015267,-12.188880651855468,2.825157958984375,-2.4588451049804685,-53.465648854961835,-13.251908396946565,14.992366412213741,0.0
24.18000102043152,-9.935936889648437,0.6392518432617187,0.040701428222656245,-55.16030534351145,23.954198473282442,-1.816793893129771,-10.297461340332031,2.8993782104492185,-2.221819140625,-48.76335877862596,-19.31297709923664,17.221374045801525,0.0
24.190000534057617,-10.62307276611328,1.0797849487304687,1.2928688964843749,-50.82442748091603,24.12213740458015,-3.5114503816793894,-10.127473022460936,3.679887951660156,-3.2704794677734372,-48.58015267175573,-15.389312977099237,19.19083969465649,0.0
24.200000762939453,-9.967061511230469,0.38307226562499996,1.687912170410156,-39.74045801526717,22.106870229007633,-3.145038167938931,-8.628702783203124,3.517082238769531,-4.951209033203125,-38.70229007633588,-18.458015267175572,17.81679389312977,0.0
24.21000027656555,-10.330980163574218,1.5131354492187499,1.898601916503906,-26.641221374045802,20.65648854961832,-4.564885496183206,-9.512163195800781,3.0023288818359375,-4.656722229003906,-50.67175572519084,1.5572519083969465,14.854961832061068,0.0
24.220000505447388,-10.091559997558592,2.221819140625,1.235408056640625,-15.755725190839694,19.251908396946565,-3.2977099236641223,-10.287884533691406,-0.1867477294921875,-2.901772412109375,-51.63358778625954,2.6412213740458017,14.274809160305344,0.0
24.230000495910645,-10.28549033203125,2.9640216552734375,0.47884033203125,-6.916030534351145,17.34351145038168,-0.3511450381679389,-10.127473022460936,-1.4245499877929686,-1.5562310791015623,-41.66412213740458,2.2442748091603053,12.885496183206106,0.0
24.2400004863739,-10.077194787597655,2.868253588867187,-0.08379705810546874,-4.870229007633588,15.86259541984733,0.8244274809160306,-9.473855969238281,-0.7661445312499999,-0.7685387329101562,-32.412213740458014,0.6564885496183206,9.053435114503817,0.0
24.250000476837158,-9.325415466308593,2.8371289672851563,-0.16280571289062498,-5.770992366412214,16.12213740458015,1.5419847328244274,-9.512163195800781,-0.8475473876953125,-0.622492431640625,-28.564885496183205,-2.2595419847328246,7.251908396946565,0.0
24.260000467300415,-8.647856396484375,2.7078420776367187,0.0143652099609375,-7.587786259541985,18.015267175572518,3.4198473282442747,-9.414000927734374,-0.3950432739257812,-0.3854664672851562,-24.412213740458014,-3.877862595419847,3.312977099236641,0.0
24.270000457763672,-8.93755479736328,2.2601263671875,0.062249243164062495,-12.076335877862595,17.893129770992367,3.633587786259542,-9.478644372558593,-0.8499415893554687,0.1867477294921875,-20.198473282442748,-7.343511450381679,1.5572519083969465,0.0
24.280000925064087,-8.978256225585938,2.0973206542968748,0.0,-15.633587786259541,18.33587786259542,3.0839694656488548,-9.275137231445312,-1.1013327636718748,0.28012159423828126,-12.977099236641221,-11.17557251908397,-0.5190839694656488,0.0
24.290000915527344,-9.208099584960937,1.5179238525390624,0.30885201416015623,-22.12213740458015,18.38167938931298,1.7404580152671756,-10.364498986816406,-1.8459294799804686,-0.08379705810546874,4.717557251908397,-17.6793893129771,-1.3129770992366412,0.0
24.3000009059906,-9.217676391601563,0.4740519287109375,0.6488286499023437,-25.17557251908397,19.16030534351145,-0.030534351145038167,-8.863334545898438,-0.9265560424804687,0.7445967163085937,12.748091603053435,-26.931297709923665,-5.893129770992366,0.0
24.310000896453857,-8.580818749999999,-1.3623007446289062,0.4070142822265625,-12.473282442748092,23.52671755725191,-0.0,-9.935936889648437,-0.8762778076171874,0.4740519287109375,27.053435114503817,-28.03053435114504,-6.488549618320611,0.0
24.320000648498535,-10.000580334472655,0.6177040283203125,2.233790148925781,-8.610687022900763,23.480916030534353,-1.2671755725190839,-10.115502014160155,-1.1228805786132812,-0.055066638183593745,35.786259541984734,-33.87786259541985,-7.4961832061068705,0.0
24.33000087738037,-9.957484704589843,0.3687070556640625,1.6352397338867186,-11.816793893129772,19.053435114503817,-2.4885496183206106,-9.794678991699218,0.06703764648437499,-0.6679822631835937,44.99236641221374,-39.66412213740458,-9.83206106870229,0.0
24.340000867843628,-10.034099157714843,-0.622492431640625,2.2960393920898436,6.320610687022901,25.297709923664122,-3.4198473282442747,-7.7979148071289055,2.578555187988281,-1.5490484741210937,33.31297709923664,-39.16030534351145,-11.435114503816793,0.0
24.350000619888306,-10.180145458984374,0.6368576416015624,2.3319524169921872,15.877862595419847,24.83969465648855,-5.694656488549619,-9.088389501953124,1.9009961181640624,-0.4525041137695312,18.9618320610687,-30.870229007633586,-7.801526717557252,0.0
24.36000084877014,-9.974244116210937,1.6927005737304686,2.1978771240234374,17.17557251908397,20.99236641221374,-6.320610687022901,-9.437942944335937,1.465251416015625,-0.7206546997070312,17.206106870229007,-29.236641221374047,-6.091603053435114,0.0
24.37000060081482,-11.602301245117188,2.882618798828125,3.0262708984374997,9.648854961832061,15.923664122137405,-6.8396946564885495,-9.627084875488281,-0.06943184814453125,-1.7908628417968748,22.15267175572519,-27.572519083969464,-6.106870229007634,0.0
24.380000591278076,-11.073182678222656,2.6527754394531247,3.248931652832031,6.290076335877862,11.251908396946565,-6.229007633587786,-9.698910925292969,1.3239935180664062,-1.4149731811523436,26.290076335877863,-30.27480916030534,-7.435114503816794,0.0
24.390000581741333,-9.548076220703125,1.4341267944335936,2.422932080078125,4.931297709923665,5.862595419847328,-4.305343511450381,-8.542511523437499,1.1851298217773436,-1.8028338500976562,17.786259541984734,-26.03053435114504,-7.236641221374046,0.0
24.40000081062317,-9.581595043945311,2.1212626708984375,2.1116858642578125,2.33587786259542,2.198473282442748,-4.5038167938931295,-9.026140258789061,1.5179238525390624,-1.4987702392578124,14.442748091603054,-18.580152671755727,-6.33587786259542,0.0
24.410000562667847,-8.853757739257812,1.886630908203125,1.1707646118164061,6.580152671755725,1.786259541984733,-2.900763358778626,-8.741230261230468,1.177947216796875,-1.68551796875,12.366412213740459,-14.213740458015268,-3.8931297709923665,0.0
24.420000791549683,-9.052476477050782,2.4899697265625,0.6200982299804687,5.740458015267175,0.9465648854961832,-2.2442748091603053,-9.193734375,-0.23223756103515625,-1.3575123413085937,25.435114503816795,-19.954198473282442,-1.5419847328244274,0.0
24.43000054359436,-9.478644372558593,2.942473840332031,0.5770026000976562,5.297709923664122,1.8473282442748091,-1.5877862595419847,-10.261548315429687,-1.1468225952148436,-1.599326708984375,41.9236641221374,-18.717557251908396,-1.9389312977099236,0.0
24.440000772476196,-9.066841687011719,3.105279553222656,0.47644613037109373,3.786259541984733,3.1603053435114505,1.0076335877862594,-10.374075793457031,-0.7781155395507812,0.27293898925781246,53.43511450381679,-25.541984732824428,-5.236641221374046,0.0
24.450000524520874,-9.102754711914063,3.6655227416992187,0.6272808349609375,1.4961832061068703,4.351145038167939,4.702290076335878,-10.129867224121092,0.076614453125,-1.2952630981445312,54.97709923664122,-28.458015267175572,-8.15267175572519,0.0
24.46000051498413,-9.366116894531249,3.9049429077148434,1.2904746948242187,-1.5114503816793894,4.473282442748092,8.366412213740459,-8.650250598144531,2.2194249389648437,-1.4724340209960938,45.20610687022901,-25.72519083969466,-7.984732824427481,0.0
24.470000505447388,-9.564835632324218,3.641580725097656,1.7166425903320313,-7.908396946564886,3.3893129770992365,12.717557251908397,-8.623914379882812,2.8107927490234372,-2.779668127441406,27.419847328244273,-21.206106870229007,-5.6183206106870225,0.0
24.480000495910645,-9.406818322753905,2.224213342285156,1.9105729248046874,-13.694656488549619,2.8396946564885495,14.564885496183207,-8.832209924316405,2.442085693359375,-1.369483349609375,12.549618320610687,-11.511450381679388,-3.0076335877862594,0.0
24.4900004863739,-9.794678991699218,0.7230489013671875,2.683900061035156,-17.053435114503817,1.297709923664122,13.954198473282442,-9.126696728515624,1.7405846069335937,-0.9504980590820312,11.312977099236642,-12.396946564885496,-2.16793893129771,0.0
24.500000476837158,-10.002974536132811,-0.7015010864257812,2.9544448486328125,-13.358778625954198,-0.9312977099236641,12.01526717557252,-9.909600671386718,1.0726023437499999,-0.97683427734375,10.427480916030534,-11.511450381679388,-3.114503816793893,0.0
24.510001182556152,-10.338162768554687,-1.5370774658203123,3.227383837890625,-6.290076335877862,-2.122137404580153,8.320610687022901,-9.995791931152343,0.7661445312499999,-1.0486603271484374,12.183206106870228,-12.335877862595419,-4.015267175572519,0.0
24.52000069618225,-10.206481677246094,-2.427720483398437,3.418919970703125,5.343511450381679,-3.9389312977099236,3.6030534351145036,-9.830592016601562,0.8044517578125,-0.9313444458007812,15.221374045801527,-13.206106870229007,-3.404580152671756,0.0
24.530000925064087,-10.141838232421874,-2.2266075439453124,3.1076737548828124,18.27480916030534,-6.259541984732825,-1.3893129770992367,-9.437942944335937,1.2689268798828124,-0.70868369140625,16.18320610687023,-12.16793893129771,-2.6259541984732824,0.0
24.540000677108765,-9.928754284667969,-1.2018892333984375,2.3319524169921872,30.03053435114504,-8.01526717557252,-6.213740458015267,-9.787496386718749,0.17956512451171874,-0.7733271362304687,18.198473282442748,-10.427480916030534,-0.9007633587786259,0.0
24.5500009059906,-10.096348400878906,-0.05027823486328125,1.886630908203125,38.458015267175576,-10.458015267175572,-10.427480916030534,-8.403647827148436,1.4437036010742186,-2.185906115722656,28.396946564885496,-17.221374045801525,-3.0229007633587788,0.0
24.5600004196167,-10.046070166015625,0.47644613037109373,1.3934253662109375,48.458015267175576,-10.458015267175572,-10.320610687022901,-9.770736975097655,0.1484405029296875,-1.7262193969726563,31.740458015267176,-15.19083969465649,-1.4351145038167938,0.0
24.570000648498535,-9.694122521972655,1.7812860351562498,0.5674257934570313,53.221374045801525,-10.290076335877863,-9.84732824427481,-8.365340600585936,0.8738836059570312,-1.4532804077148436,35.98473282442748,-16.015267175572518,-2.33587786259542,0.0
24.580000638961792,-9.323021264648437,2.418143676757812,-0.24899697265624998,52.51908396946565,-9.251908396946565,-8.412213740458014,-9.208099584960937,0.4213794921875,-1.455674609375,39.282442748091604,-15.572519083969466,-1.9694656488549618,0.0
24.59000062942505,-9.696516723632811,4.165910888671875,-0.4740519287109375,45.847328244274806,-7.4961832061068705,-7.099236641221374,-9.337386474609374,1.0175357055664063,-1.6903063720703124,40.6412213740458,-14.381679389312977,-3.0381679389312977,0.0
24.600000619888306,-9.121908325195312,3.797203833007812,-0.9576806640625,37.00763358778626,-5.1603053435114505,-4.091603053435114,-9.337386474609374,0.7613561279296874,-0.8930372192382812,32.30534351145038,-6.717557251908397,-1.5114503816793894,0.0
24.61000084877014,-9.045293872070312,3.69664736328125,-0.9409212524414062,22.68702290076336,-4.030534351145038,-3.49618320610687,-9.176974963378905,1.0366893188476562,-0.6655880615234374,33.908396946564885,-7.938931297709924,-1.1145038167938932,0.0
24.62000060081482,-9.473855969238281,3.4093431640625,-0.622492431640625,11.954198473282442,-2.198473282442748,-3.618320610687023,-9.770736975097655,0.7589619262695312,-0.373495458984375,33.49618320610687,-7.297709923664122,-0.4580152671755725,0.0
24.630000829696655,-9.593566052246093,2.7150246826171873,0.047884033203124995,3.7099236641221376,-0.3053435114503817,-2.9770992366412212,-10.481814868164061,-0.2442085693359375,-0.16998831787109375,37.29770992366412,-9.679389312977099,-0.42748091603053434,0.0
24.640000581741333,-9.294290844726563,2.250549560546875,0.6560112548828124,0.9007633587786259,2.0,-1.9083969465648856,-8.908824377441405,2.070984436035156,-0.9864110839843749,37.19083969465649,-14.381679389312977,-4.366412213740458,0.0
24.65000081062317,-9.677363110351562,2.272097375488281,0.8882488159179687,-1.0381679389312977,3.450381679389313,-0.42748091603053434,-9.835380419921874,1.139639990234375,-0.7134720947265625,27.114503816793892,-9.954198473282442,-1.9236641221374047,0.0
24.660000801086426,-9.502586389160156,1.8555062866210936,1.2521674682617188,-2.6412213740458017,4.427480916030534,-0.8854961832061069,-9.967061511230469,1.3575123413085937,-0.8092401611328125,26.732824427480917,-11.86259541984733,-2.33587786259542,0.0
24.670000553131104,-9.718064538574218,1.5322890624999999,1.5969325073242187,-4.3816793893129775,3.6793893129770994,-2.4732824427480917,-10.39322940673828,0.7517793212890624,-0.6847416748046875,23.72519083969466,-9.98473282442748,-2.763358778625954,0.0
24.68000078201294,-9.696516723632811,1.3407529296874998,1.889025109863281,-2.687022900763359,3.2213740458015265,-3.877862595419847,-9.74200655517578,1.455674609375,-0.9911994873046874,22.366412213740457,-11.526717557251908,-5.236641221374046,0.0
24.690000534057617,-9.967061511230469,1.2832920898437499,2.212242333984375,-1.099236641221374,2.351145038167939,-5.694656488549619,-9.311050256347656,2.2840683837890623,-1.1133037719726562,16.366412213740457,-9.893129770992367,-6.702290076335878,0.0
24.700000524520874,-10.005368737792969,1.1707646118164061,2.4396914916992185,3.7557251908396947,0.7786259541984732,-5.862595419847328,-10.283096130371094,0.8690952026367187,-0.833182177734375,12.366412213740459,-9.541984732824428,-4.809160305343512,0.0
24.71000027656555,-9.87608184814453,1.0390835205078124,2.1978771240234374,9.221374045801527,-1.0076335877862594,-6.33587786259542,-9.8449572265625,0.9528922607421875,-1.209071838378906,20.47328244274809,-15.664122137404581,-6.0,0.0
24.720000505447388,-9.579200842285156,1.0079588989257813,2.090138049316406,13.98473282442748,-1.633587786259542,-7.206106870229007,-9.121908325195312,1.0223241088867188,-0.8547299926757812,21.52671755725191,-17.099236641221374,-7.450381679389313,0.0
24.730000495910645,-9.253589416503905,1.1851298217773436,2.0470424194335934,18.519083969465647,-1.5114503816793894,-8.396946564885496,-8.530540515136718,2.300827795410156,-1.177947216796875,12.702290076335878,-11.114503816793894,-9.16030534351145,0.0
24.740000247955322,-9.442731347656249,1.429338391113281,1.905784521484375,21.099236641221374,-2.4885496183206106,-9.49618320610687,-10.726023437499999,0.469263525390625,-1.0702081420898437,14.030534351145038,-11.114503816793894,-5.175572519083969,0.0
24.750000476837158,-9.397241516113281,1.7166425903320313,1.637633935546875,23.923664122137403,-2.8702290076335877,-9.923664122137405,-8.91840118408203,1.2401964599609374,-1.16837041015625,10.030534351145038,-6.900763358778626,-6.67175572519084,0.0
24.760000705718994,-9.093177905273437,1.7645266235351562,1.5035586425781249,24.396946564885496,-3.312977099236641,-8.977099236641221,-9.145850341796875,1.5370774658203123,-1.6208745239257811,12.702290076335878,-11.587786259541986,-5.7251908396946565,0.0
24.77000093460083,-9.497797985839844,2.3056161987304686,1.3910311645507811,24.244274809160306,-3.0076335877862594,-8.061068702290076,-9.792284790039062,-0.040701428222656245,-0.8188169677734375,5.465648854961832,-2.7022900763358777,-4.748091603053435,0.0
24.780000925064087,-9.291896643066405,2.319981408691406,1.3838485595703125,21.328244274809162,-2.4885496183206106,-7.038167938931298,-9.349357482910156,0.6296750366210937,-0.9528922607421875,8.458015267175572,-5.465648854961832,-4.977099236641221,0.0
24.790000915527344,-9.488221179199218,2.1883003173828124,1.1420341918945311,17.129770992366414,-2.9770992366412212,-6.625954198473282,-9.464279162597656,0.15083470458984374,-0.7134720947265625,9.49618320610687,-5.877862595419847,-5.4961832061068705,0.0
24.80000066757202,-9.181763366699219,2.0566192260742184,1.2042834350585936,12.549618320610687,-2.0763358778625953,-7.068702290076335,-9.567229833984374,0.02154781494140625,-0.6057330200195312,11.145038167938932,-6.152671755725191,-5.603053435114504,0.0
24.810000896453857,-9.342174877929686,2.1164742675781247,1.6519991455078125,9.007633587786259,-2.381679389312977,-8.030534351145038,-9.260772021484375,0.20829554443359374,-0.4261678955078125,10.687022900763358,-6.320610687022901,-6.244274809160306,0.0
24.820001125335693,-9.303867651367186,2.070984436035156,1.9680337646484374,5.938931297709924,-2.2748091603053435,-7.694656488549619,-9.394847314453125,0.45968671875,-0.7015010864257812,11.16030534351145,-7.4961832061068705,-6.473282442748092,0.0
24.830000638961792,-9.447519750976562,2.1068974609374997,2.2074539306640624,2.5343511450381677,-3.66412213740458,-8.198473282442748,-9.370905297851563,-0.033518823242187495,-0.316034619140625,11.648854961832061,-6.519083969465649,-7.374045801526718,0.0
24.840000867843628,-9.430760339355468,1.6543933471679686,2.3726538452148436,1.1603053435114503,-5.175572519083969,-8.030534351145038,-9.560047229003906,-0.3950432739257812,-0.7230489013671875,23.404580152671755,-16.427480916030536,-7.129770992366412,0.0
24.850000619888306,-9.617508068847656,1.120486376953125,2.530671154785156,2.7938931297709924,-6.473282442748092,-8.305343511450381,-9.943119494628906,-0.19153613281249998,0.12689268798828124,28.03053435114504,-13.007633587786259,-9.312977099236642,0.0
24.860000371932983,-9.208099584960937,0.42377369384765623,2.4253262817382812,8.0,-6.351145038167939,-7.572519083969466,-9.56962403564453,-0.5913678100585937,0.0383072265625,31.236641221374047,-19.297709923664122,-10.67175572519084,0.0
24.87000060081482,-9.251195214843749,0.70868369140625,2.3415292236328122,12.80916030534351,-7.1603053435114505,-8.16793893129771,-9.184157568359375,0.4381389038085937,-0.7445967163085937,35.20610687022901,-20.946564885496183,-12.687022900763358,0.0
24.880000591278076,-9.13627353515625,1.254561669921875,2.403778466796875,16.916030534351144,-7.6183206106870225,-9.664122137404581,-8.628702783203124,1.4413093994140624,-1.1635820068359375,30.244274809160306,-18.106870229007633,-14.16793893129771,0.0
24.890000581741333,-9.208099584960937,1.9201497314453124,2.4492682983398435,18.9618320610687,-8.83969465648855,-9.648854961832061,-7.513004809570312,2.5522189697265625,-1.0390835205078124,14.381679389312977,-10.458015267175572,-14.320610687022901,0.0
24.900001287460327,-9.325415466308593,1.9776105712890624,2.370259643554687,19.099236641221374,-10.51908396946565,-8.351145038167939,-7.733271362304687,3.227383837890625,-1.6735469604492186,3.236641221374046,-9.114503816793894,-11.938931297709924,0.0
24.910000801086426,-9.765948571777344,2.300827795410156,2.1643583007812497,17.61832061068702,-12.122137404580153,-8.65648854961832,-9.488221179199218,0.7613561279296874,-0.7685387329101562,-5.251908396946565,-1.3435114503816794,-8.198473282442748,0.0
24.920000791549683,-9.512163195800781,2.384624853515625,2.2744915771484373,14.381679389312977,-13.648854961832061,-8.229007633587786,-8.705317236328124,0.7996633544921875,-0.3758896606445312,-6.67175572519084,0.9007633587786259,-9.145038167938932,0.0
24.93000054359436,-10.213664282226562,3.900154504394531,3.2130186279296873,5.282442748091603,-15.877862595419847,-8.076335877862595,-8.626308581542968,0.29927520751953124,-0.5530605834960938,-6.717557251908397,0.24427480916030533,-9.572519083969466,0.0
24.940000772476196,-9.80665,3.5889082885742187,3.0310593017578125,-7.694656488549619,-21.450381679389313,-5.099236641221374,-8.664615808105468,0.11731588134765625,-0.6272808349609375,-4.732824427480916,-0.030534351145038167,-9.145038167938932,0.0
24.950000524520874,-9.45470235595703,2.858676782226562,3.143586779785156,-15.648854961832061,-24.80916030534351,-2.122137404580153,-8.154650854492187,0.23223756103515625,-0.6607996582031249,-3.786259541984733,0.33587786259541985,-8.778625954198473,0.0
24.96000051498413,-8.204929089355469,2.0087351928710935,3.076549133300781,-16.99236641221374,-27.19083969465649,0.42748091603053434,-8.20971749267578,-0.20829554443359374,-0.12449848632812499,-2.2442748091603053,0.9007633587786259,-7.923664122137405,0.0
24.970000505447388,-7.915230688476562,1.199495031738281,2.6815058593749996,-11.969465648854962,-29.755725190839694,3.282442748091603,-7.560888842773437,0.5243301635742187,-0.16998831787109375,-2.595419847328244,0.44274809160305345,-8.763358778625955,0.0
24.980000734329224,-6.864176159667968,0.13168109130859373,2.310404602050781,-4.519083969465649,-28.885496183206108,4.106870229007634,-7.931990100097655,-0.047884033203124995,0.4572925170898437,-4.9465648854961835,0.8396946564885496,-7.32824427480916,0.0
24.9900004863739,-8.049305981445311,1.2593500732421874,3.806780639648437,-6.244274809160306,-28.519083969465647,0.9007633587786259,-7.455543969726562,1.5753846923828123,0.30406361083984373,-15.526717557251908,6.396946564885496,-8.396946564885496,0.0
25.00000023841858,-7.240065820312499,-0.04548983154296875,4.934449621582031,3.786259541984733,-24.50381679389313,0.24427480916030533,-7.690175732421874,0.30406361083984373,0.5674257934570313,-24.30534351145038,5.206106870229007,-5.633587786259542,0.0
25.010000705718994,-8.372523205566406,1.5825672973632812,5.372588525390625,6.061068702290076,-29.66412213740458,-3.877862595419847,-7.963114721679687,0.9265560424804687,0.023942016601562498,-25.083969465648856,6.793893129770993,-7.6183206106870225,0.0
25.02000069618225,-8.777143286132812,2.2864625854492187,5.829881042480468,6.961832061068702,-35.282442748091604,-3.2519083969465647,-8.080430603027343,1.0462661254882812,-0.33518823242187495,-28.763358778625953,9.954198473282442,-8.335877862595419,0.0
25.030001163482666,-8.427589843749999,1.8914193115234375,5.9208607055664055,10.473282442748092,-39.6793893129771,-2.2290076335877864,-7.335833886718749,2.147598889160156,-0.5698199951171875,-41.6793893129771,10.351145038167939,-8.50381679389313,0.0
25.040000677108765,-8.9255837890625,2.250549560546875,6.294356164550781,9.679389312977099,-47.70992366412214,-3.5267175572519083,-8.913612780761719,0.507570751953125,0.5770026000976562,-51.37404580152672,12.442748091603054,-4.717557251908397,0.0
25.0500009059906,-9.279925634765624,1.6065093139648436,7.055712292480468,13.16030534351145,-56.79389312977099,-5.480916030534351,-9.732429748535155,-0.5243301635742187,1.7573440185546874,-43.55725190839695,7.145038167938932,-4.6106870229007635,0.0
25.060001373291016,-9.969455712890625,2.3343466186523436,8.0062103515625,19.83206106870229,-66.65648854961832,-5.8320610687022905,-10.031704956054687,-1.3335703247070312,0.047884033203124995,-38.80916030534351,4.442748091603053,-14.625954198473282,0.0
25.070000648498535,-11.245565197753905,3.7612908081054686,9.6151138671875,24.778625954198475,-78.10687022900764,-5.267175572519084,-11.432312927246093,-1.7932570434570312,0.411802685546875,-47.51145038167939,8.732824427480915,-28.366412213740457,0.0
25.080000638961792,-14.750676428222656,4.946420629882812,10.912771166992187,11.938931297709924,-100.30534351145039,-2.549618320610687,-17.393875061035157,-5.590460876464843,0.7685387329101562,-40.06106870229008,16.076335877862597,-35.45038167938932,0.0
25.09000062942505,-15.638925244140625,2.901772412109375,10.187328063964843,8.259541984732824,-124.8854961832061,3.984732824427481,-18.741810595703125,-4.2329485351562495,-0.0143652099609375,-10.259541984732824,4.885496183206107,-39.00763358778626,0.0
25.100000858306885,-16.412252380371093,2.3487118286132813,9.598354455566406,17.52671755725191,-141.7709923664122,10.030534351145038,-17.085023046874998,-0.5482721801757812,-0.30885201416015623,9.389312977099237,-4.580152671755725,-36.35114503816794,0.0
25.110000610351562,-16.00044969482422,0.033518823242187495,7.558494641113281,16.80916030534351,-165.00763358778627,16.519083969465647,-13.158532324218749,5.559336254882812,-1.917755529785156,7.4961832061068705,-5.908396946564886,-26.732824427480917,0.0
25.12000036239624,-14.219163659667968,-1.637633935546875,5.295974072265625,26.549618320610687,-172.87022900763358,19.19083969465649,-8.99501563720703,7.220912207031249,-2.2290017456054687,-14.67175572519084,3.1297709923664123,-17.16030534351145,0.0
25.130000352859497,-14.774618444824219,0.5195417602539062,3.2728736694335936,18.671755725190838,-177.61832061068702,13.725190839694656,-8.619125976562499,2.91134921875,0.181959326171875,-26.65648854961832,9.038167938931299,-3.6793893129770994,0.0
25.140000581741333,-12.107477795410155,0.16280571289062498,-0.7254431030273437,11.893129770992367,-174.6412213740458,11.236641221374045,-8.870517150878905,-1.0319009155273438,-1.4149731811523436,-16.47328244274809,8.412213740458014,-0.2595419847328244,0.0
25.15000057220459,-10.297461340332031,3.246537451171875,-3.1675287963867187,-21.34351145038168,-177.38931297709922,5.022900763358779,-9.967061511230469,-4.407725256347656,-1.85790048828125,-1.5267175572519085,9.908396946564885,3.5267175572519083,0.0
25.160000324249268,-8.192958081054687,0.4836287353515625,-4.129997863769531,-14.687022900763358,-155.48091603053436,15.053435114503817,-10.292672937011718,-5.753266589355468,-3.8379052612304685,16.763358778625953,13.435114503816793,5.9541984732824424,0.0
25.170000553131104,-5.741295581054687,-1.917755529785156,-3.9408559326171875,5.709923664122138,-126.41221374045801,20.30534351145038,-8.863334545898438,-3.2920272827148436,-5.044582897949218,35.954198473282446,16.717557251908396,2.8244274809160306,0.0
25.18000078201294,-4.695029455566406,-2.1404162841796874,-4.120421057128906,25.52671755725191,-94.74809160305344,19.358778625954198,-9.390058911132812,-3.3542765258789062,-5.2816088623046875,38.13740458015267,31.84732824427481,4.396946564885496,0.0
25.190000772476196,-4.422090466308593,-2.319981408691406,-3.9504327392578125,31.221374045801525,-68.38167938931298,17.267175572519083,-8.152256652832031,-1.350329736328125,-4.891353991699218,36.56488549618321,36.82442748091603,4.9465648854961835,0.0
25.200000762939453,-5.0757075195312495,-1.3239935180664062,-2.602497204589844,42.62595419847328,-39.770992366412216,18.03053435114504,-7.3837179199218745,0.7517793212890624,-3.651157531738281,24.244274809160306,46.44274809160305,7.129770992366412,0.0
25.21000075340271,-5.528211633300781,-0.9265560424804687,-1.4772224243164063,56.80916030534351,-10.854961832061068,19.053435114503817,-10.275913525390624,-1.005564697265625,-1.3623007446289062,15.603053435114504,51.80152671755725,13.32824427480916,0.0
25.22000026702881,-8.382100012207031,1.9991583862304687,0.20829554443359374,32.656488549618324,-7.526717557251908,10.992366412213741,-9.97184991455078,0.5698199951171875,-1.1827356201171875,18.9618320610687,45.343511450381676,12.122137404580153,0.0
25.230000257492065,-8.166621862792969,1.6400281372070311,0.5147533569335937,24.53435114503817,3.618320610687023,11.49618320610687,-9.449913952636718,1.3144167114257812,0.1867477294921875,-0.48854961832061067,44.94656488549618,10.793893129770993,0.0
25.2400004863739,-7.0844427124023435,1.1731588134765625,-0.25139117431640623,3.2519083969465647,5.1603053435114505,8.65648854961832,-12.23197628173828,-1.2521674682617188,0.9265560424804687,-10.16793893129771,40.47328244274809,12.977099236641221,0.0
25.250000476837158,-6.7037646484375,1.6041151123046875,0.45489831542968745,-8.625954198473282,16.259541984732824,5.694656488549619,-11.738770739746093,-3.660734338378906,2.35589443359375,-5.816793893129771,28.793893129770993,13.419847328244275,0.0
25.260000944137573,-5.377376928710937,1.5658078857421873,0.15322890625,-28.793893129770993,21.022900763358777,0.7022900763358778,-11.113884106445312,-3.1124621582031247,1.6400281372070311,12.061068702290076,14.549618320610687,8.900763358778626,0.0
25.27000093460083,-4.860229370117187,1.13006318359375,-0.19393033447265623,-53.603053435114504,24.229007633587788,-1.8473282442748091,-9.435548742675781,-2.214636535644531,0.4908113403320312,6.366412213740458,9.465648854961833,4.152671755725191,0.0
25.280000686645508,-3.900154504394531,1.1133037719726562,-0.18914193115234373,-61.14503816793893,34.50381679389313,-0.6870229007633588,-9.217676391601563,-1.3646949462890625,-0.1149216796875,3.068702290076336,6.229007633587786,4.106870229007634,0.0
25.290001153945923,-5.1523219726562495,2.039859814453125,0.3758896606445312,-69.83206106870229,46.51908396946565,-0.9923664122137404,-9.0021982421875,-0.7278373046875,-0.8547299926757812,-1.1603053435114503,5.526717557251908,3.0229007633587788,0.0
25.3000009059906,-4.450820886230469,1.7860744384765623,-0.02154781494140625,-78.30534351145039,56.50381679389313,1.2366412213740459,-8.530540515136718,-0.8307879760742187,-0.9816226806640624,-6.519083969465649,6.99236641221374,0.7938931297709924,0.0
25.310000896453857,-4.2329485351562495,0.13407529296874998,-0.0718260498046875,-85.31297709923665,65.23664122137404,-0.4580152671755725,-9.028534460449219,-1.2904746948242187,-1.1611878051757811,-8.80916030534351,8.564885496183207,-1.2671755725190839,0.0
25.320000648498535,-4.402936853027343,-1.8459294799804686,0.316034619140625,-88.62595419847328,73.98473282442748,-4.519083969465649,-8.781931689453124,-1.5083470458984374,-1.35990654296875,-10.259541984732824,8.351145038167939,-2.015267175572519,0.0
25.330000638961792,-4.659116430664063,-4.534617944335937,1.2641384765625,-76.01526717557252,84.94656488549619,-6.824427480916031,-8.997409838867187,-1.6903063720703124,-1.1324573852539062,-7.923664122137405,7.893129770992366,-1.3587786259541985,0.0
25.34000062942505,-5.9376201171875,-5.102043737792968,2.5953145996093747,-46.412213740458014,98.90076335877863,-9.236641221374045,-9.289502441406249,-2.0566192260742184,-1.0175357055664063,-5.755725190839694,7.190839694656488,-1.2061068702290076,0.0
25.350000619888306,-6.445190869140625,-4.8123453369140625,3.7110125732421873,-13.297709923664122,110.19847328244275,-7.251908396946565,-9.74200655517578,-2.1811177124023438,-0.612915625,-3.3282442748091605,6.809160305343512,-1.4961832061068703,0.0
25.360000610351562,-8.149862451171874,-3.4668040039062498,5.140350964355468,22.106870229007633,120.9618320610687,-4.748091603053435,-9.907206469726562,-1.8052280517578123,-0.6488286499023437,-2.4427480916030535,6.076335877862595,-0.8549618320610687,0.0
25.37000036239624,-10.450690246582031,-0.8906430175781249,7.278373046874999,50.83969465648855,125.98473282442748,-2.9618320610687023,-10.702081420898438,-1.4173673828125,-0.612915625,-2.9160305343511452,4.625954198473282,0.3053435114503817,0.0
25.380000591278076,-6.679822631835937,-3.909731311035156,4.572925170898437,86.44274809160305,127.54198473282443,7.6183206106870225,-10.151415039062499,-0.4285620971679687,-0.22505495605468748,-6.824427480916031,3.1908396946564888,0.5190839694656488,0.0
25.390000581741333,-9.900023864746093,-0.373495458984375,6.581660363769531,105.3587786259542,130.41221374045801,3.099236641221374,-10.467449658203124,-0.21787235107421873,-0.1149216796875,-9.938931297709924,3.8931297709923665,1.7709923664122138,0.0
25.40000081062317,-11.777077966308592,1.8219874633789062,7.522581616210937,88.2442748091603,118.07633587786259,-4.3816793893129775,-10.235212097167969,0.10773907470703124,-0.181959326171875,-16.442748091603054,2.9923664122137406,4.030534351145038,0.0
25.410000562667847,-12.593500732421875,2.3439234252929686,7.613561279296874,54.74809160305343,100.0,-12.320610687022901,-10.01015714111328,0.02633621826171875,0.11731588134765625,-18.946564885496183,2.7786259541984735,5.938931297709924,0.0
25.420000791549683,-12.878410729980468,0.9528922607421875,8.21690009765625,21.862595419847327,80.12213740458016,-18.793893129770993,-9.679757312011718,-0.031124621582031248,-0.00718260498046875,-21.297709923664122,3.3587786259541983,8.106870229007633,0.0
25.43000054359436,-11.458649145507811,-1.0199299072265624,7.376535314941406,2.854961832061069,60.47328244274809,-23.358778625954198,-9.205705383300781,0.047884033203124995,-0.5746083984375,-21.87786259541985,5.4961832061068705,11.358778625954198,0.0
25.440000772476196,-9.967061511230469,-1.20667763671875,6.706158850097656,7.374045801526718,48.717557251908396,-22.778625954198475,-8.710105639648438,-0.42377369384765623,-0.8834604125976562,-22.641221374045802,8.870229007633588,16.290076335877863,0.0
25.450000524520874,-10.486603271484375,1.4532804077148436,6.37815322265625,21.770992366412212,49.02290076335878,-19.404580152671755,-8.415618835449218,-1.4173673828125,-0.5267243652343749,-21.770992366412212,11.938931297709924,20.458015267175572,0.0
25.46000051498413,-8.271966735839843,2.0446482177734375,3.6918589599609373,32.44274809160305,49.23664122137404,-12.01526717557252,-8.386888415527343,-2.384624853515625,-0.44532150878906246,-20.18320610687023,13.541984732824428,22.85496183206107,0.0
25.470000505447388,-10.194510668945313,2.8227637573242186,4.07971962890625,26.076335877862597,49.587786259541986,-12.396946564885496,-8.300697155761718,-2.8850130004882812,-0.6392518432617187,-14.290076335877863,12.534351145038167,22.427480916030536,0.0
25.480000495910645,-11.18571015625,0.584185205078125,6.112396838378906,21.603053435114504,48.48854961832061,-7.236641221374046,-9.509768994140625,-3.124433166503906,-0.55545478515625,-13.419847328244275,15.801526717557252,20.53435114503817,0.0
25.490000247955322,-14.475343237304687,0.22026655273437498,9.227253198242186,22.717557251908396,46.213740458015266,-4.137404580152672,-10.089165795898436,-5.185840795898438,0.18914193115234373,-4.824427480916031,10.335877862595419,19.19083969465649,0.0
25.500000476837158,-17.18557951660156,3.2537200561523436,10.211270080566406,14.977099236641221,34.16793893129771,-3.7709923664122136,-9.351751684570312,-3.5889082885742187,-0.8403647827148437,2.885496183206107,4.2748091603053435,15.145038167938932,0.0
25.510000705718994,-16.63251893310547,5.030217687988281,8.33182177734375,13.053435114503817,19.267175572519083,5.404580152671755,-9.311050256347656,-1.5777788940429687,-1.8626888916015625,3.404580152671756,1.7557251908396947,11.419847328244275,0.0
25.52000069618225,-16.68279716796875,6.356605407714843,6.890512377929687,1.0076335877862594,1.3435114503816794,13.312977099236642,-9.708487731933593,-0.7422025146484375,-2.35589443359375,-2.8396946564885495,1.9236641221374047,10.564885496183207,0.0
25.530000925064087,-14.259865087890624,5.427655163574219,4.44363828125,13.389312977099237,-2.595419847328244,24.290076335877863,-10.192116467285155,-0.3495534423828125,-3.2632968627929686,-7.145038167938932,1.7557251908396947,11.526717557251908,0.0
25.540000438690186,-12.943054174804686,6.222530114746093,3.5506010620117183,9.618320610687023,-6.809160305343512,24.9618320610687,-10.409988818359375,1.1516109985351561,-4.204218115234375,-7.908396946564886,1.1297709923664123,11.740458015267176,0.0
25.5500009059906,-12.152967626953124,6.4092778442382805,2.9281086303710935,-15.816793893129772,-15.801526717557252,21.740458015267176,-11.379640490722656,1.4867992309570313,-4.876988781738281,-5.267175572519084,1.1297709923664123,14.091603053435115,0.0
25.56000065803528,-9.698910925292969,4.180276098632812,1.8555062866210936,-38.58015267175573,-24.442748091603054,22.778625954198475,-12.533645690917968,2.906560815429687,-5.0757075195312495,-6.244274809160306,7.068702290076335,15.98473282442748,0.0
25.570000648498535,-7.587225061035156,1.5131354492187499,1.2234370483398436,-41.74045801526717,-21.328244274809162,24.82442748091603,-11.329362255859374,4.786009118652344,-4.893748193359374,-12.045801526717558,8.763358778625955,15.954198473282442,0.0
25.580000400543213,-6.457161877441406,0.8020575561523438,0.03591302490234375,-39.63358778625954,-18.47328244274809,20.595419847328245,-11.415553515625,4.936843823242187,-4.261678955078125,-16.82442748091603,10.977099236641221,15.770992366412214,0.0
25.59000062942505,-6.749254479980468,1.5370774658203123,-0.6105214233398437,-32.25954198473283,-11.541984732824428,16.35114503816794,-11.796231579589843,4.7022120605468745,-3.892971899414062,-23.068702290076335,14.763358778625955,16.27480916030534,0.0
25.600000858306885,-7.8553756469726554,1.8602946899414061,-0.8547299926757812,-26.625954198473284,-3.068702290076336,14.595419847328245,-11.240776794433593,4.771643908691406,-4.352658618164062,-33.52671755725191,17.541984732824428,15.725190839694656,0.0
25.610000610351562,-9.03332286376953,3.6343981201171873,-1.2114660400390624,-24.091603053435115,5.770992366412214,12.229007633587786,-11.710040319824218,1.7693150268554687,-2.882618798828125,-42.06106870229008,22.16793893129771,16.778625954198475,0.0
25.62000060081482,-7.884106066894531,2.808398547363281,-2.3056161987304686,-20.885496183206108,13.16030534351145,13.099236641221374,-12.19366905517578,0.5410895751953124,-1.5753846923828123,-37.61832061068702,16.549618320610687,14.67175572519084,0.0
25.630000591278076,-9.619902270507811,5.2433016357421875,-1.6160861206054686,-35.786259541984734,15.816793893129772,10.351145038167939,-11.73398233642578,-0.28969840087890625,-0.32561142578124996,-36.83969465648855,7.00763358778626,12.229007633587786,0.0
25.640000581741333,-9.660603698730467,4.99909306640625,-1.4963760375976562,-47.038167938931295,18.213740458015266,11.587786259541986,-11.219228979492186,-0.12689268798828124,0.9816226806640624,-41.93893129770992,-1.0687022900763359,8.0,0.0
25.65000081062317,-9.950302099609374,3.861847277832031,-1.1061211669921875,-58.091603053435115,19.862595419847327,14.091603053435115,-11.145008728027342,-0.5674257934570313,1.158793603515625,-43.61832061068702,-7.343511450381679,5.099236641221374,0.0
25.660000324249268,-9.727641345214844,2.9927520751953125,-0.7445967163085937,-61.63358778625954,22.396946564885496,17.0381679389313,-9.794678991699218,0.51714755859375,1.0007762939453124,-46.13740458015267,-11.98473282442748,2.5801526717557253,0.0
25.670000553131104,-9.832986218261718,2.932897033691406,-0.36152445068359373,-67.05343511450381,23.17557251908397,19.022900763358777,-9.440337145996093,-0.24660277099609373,0.4908113403320312,-48.18320610687023,-14.458015267175572,1.0381679389312977,0.0
25.68000078201294,-9.6151138671875,2.221819140625,-0.08140285644531249,-71.95419847328245,23.709923664122137,19.46564885496183,-9.117119921875,-0.34237083740234375,0.047884033203124995,-45.9236641221374,-16.931297709923665,-1.6488549618320612,0.0
25.690000295639038,-9.852139831542969,1.0893617553710937,0.35673604736328124,-77.61832061068702,23.129770992366414,18.885496183206108,-11.14022032470703,-3.0693665283203124,0.354341845703125,-29.81679389312977,-21.221374045801525,-2.183206106870229,0.0
25.700000524520874,-8.655039001464843,-0.9145850341796874,0.6081272216796875,-68.82442748091603,24.9618320610687,18.12213740458015,-8.990227233886719,-0.5626373901367188,-0.26815058593749996,-9.374045801526718,-26.916030534351144,-7.419847328244275,0.0
25.71000051498413,-10.139444030761718,1.1707646118164061,1.898601916503906,-66.97709923664122,21.236641221374047,14.061068702290076,-9.698910925292969,-0.718260498046875,-0.7852981445312499,-12.122137404580153,-28.610687022900763,-7.32824427480916,0.0
25.720000505447388,-9.993397729492187,-0.06464344482421874,2.8275521606445313,-55.05343511450382,25.00763358778626,14.687022900763358,-8.44674345703125,1.2234370483398436,-1.0414777221679687,2.183206106870229,-28.106870229007633,-7.694656488549619,0.0
25.730000495910645,-10.371681591796875,-0.21308394775390624,2.6815058593749996,-56.213740458015266,18.0,13.557251908396946,-9.873687646484374,-0.42377369384765623,-1.5442600708007812,6.824427480916031,-25.893129770992367,-5.251908396946565,0.0
25.740000247955322,-9.751583361816406,-1.5921441040039062,2.3223756103515623,-44.6412213740458,16.442748091603054,12.50381679389313,-9.583989245605467,-0.6655880615234374,-0.8882488159179687,12.442748091603054,-28.290076335877863,-4.793893129770993,0.0
25.750000715255737,-8.772354882812499,-2.7916391357421872,1.4149731811523436,-31.404580152671755,16.045801526717558,8.549618320610687,-8.992621435546875,0.9552864624023437,-1.927332336425781,25.984732824427482,-32.213740458015266,-7.343511450381679,0.0
25.760000705718994,-9.943119494628906,-0.9169792358398436,1.8938135131835936,-14.442748091603054,20.870229007633586,1.633587786259542,-8.535328918457031,2.8371289672851563,-1.1707646118164061,14.412213740458014,-30.793893129770993,-7.908396946564886,0.0
25.77000093460083,-10.582371337890624,0.5458779785156249,1.9919757812499999,-3.969465648854962,22.045801526717558,-2.4732824427480917,-9.203311181640624,2.6623522460937497,-2.176329309082031,2.3969465648854964,-26.091603053435115,-4.870229007633588,0.0
25.78000044822693,-10.43871923828125,1.407790576171875,1.6903063720703124,-1.0076335877862594,16.717557251908396,-2.6259541984732824,-10.251971508789062,2.243366955566406,-1.9967641845703124,6.122137404580153,-21.770992366412212,-1.3129770992366412,0.0
25.790000915527344,-9.981426721191406,1.608903515625,1.5131354492187499,4.244274809160306,15.358778625954198,-2.183206106870229,-10.613495959472656,-0.8834604125976562,-1.1947066284179686,-8.213740458015268,-19.435114503816795,1.9236641221374047,0.0
25.80000066757202,-9.787496386718749,1.70467158203125,1.388636962890625,1.633587786259542,10.67175572519084,-1.4809160305343512,-10.491391674804687,-0.842758984375,-1.1348515869140625,14.15267175572519,-25.541984732824428,1.2061068702290076,0.0
25.810000896453857,-10.85291612548828,3.0310593017578125,1.7669208251953124,4.244274809160306,11.022900763358779,-0.9770992366412213,-11.353304272460937,-2.4301146850585935,-1.13006318359375,18.137404580152673,-30.3206106870229,-0.030534351145038167,0.0
25.820000648498535,-8.992621435546875,1.9033903198242186,1.2976572998046874,11.053435114503817,12.259541984732824,2.885496183206107,-9.773131176757811,-0.031124621582031248,-1.0773907470703123,34.38167938931298,-36.87022900763359,-3.282442748091603,0.0
25.830000638961792,-9.789890588378906,3.6367923217773437,1.3192051147460937,1.5267175572519085,8.610687022900763,2.1374045801526718,-8.738836059570312,1.927332336425781,-2.0254946044921875,26.748091603053435,-36.97709923664122,-5.190839694656488,0.0
25.84000062942505,-8.556876733398436,1.4604630126953124,0.3950432739257812,0.7022900763358778,7.297709923664122,6.6106870229007635,-8.12113203125,2.808398547363281,-2.8993782104492185,17.770992366412212,-28.778625954198475,-2.6717557251908395,0.0
25.850000619888306,-9.866505041503906,2.2002713256835937,1.1635820068359375,3.3740458015267176,11.34351145038168,4.396946564885496,-9.763554370117188,0.9600748657226562,-1.2042834350585936,13.511450381679388,-23.0381679389313,1.8015267175572518,0.0
25.860000610351562,-10.139444030761718,2.4013842651367185,1.3192051147460937,4.732824427480916,13.725190839694656,3.572519083969466,-9.464279162597656,0.34715924072265625,-1.7381904052734374,18.564885496183205,-25.099236641221374,2.2290076335877864,0.0
25.87000060081482,-8.889670764160156,0.584185205078125,0.7709329345703124,3.0839694656488548,11.954198473282442,5.0534351145038165,-9.648632690429688,0.12689268798828124,-0.6248866333007812,23.6793893129771,-27.00763358778626,0.0916030534351145,0.0
25.880000591278076,-8.908824377441405,0.3687070556640625,1.1348515869140625,2.2595419847328246,12.198473282442748,3.3740458015267176,-9.945513696289062,-0.06464344482421874,-0.7757213378906249,24.641221374045802,-29.64885496183206,-1.633587786259542,0.0
25.890000343322754,-10.730811840820312,3.0789433349609374,1.9680337646484374,-5.923664122137405,11.603053435114504,-1.1145038167938932,-9.382876306152344,1.0726023437499999,-1.4030021728515625,18.12213740458015,-28.458015267175572,-2.015267175572519,0.0
25.90000081062317,-9.797073193359374,2.1811177124023438,1.1372457885742187,-15.816793893129772,6.580152671755725,0.3969465648854962,-7.874529260253905,3.440467785644531,-1.5658078857421873,17.099236641221374,-24.396946564885496,-1.450381679389313,0.0
25.910000562667847,-9.605537060546874,1.37906015625,0.8475473876953125,-14.977099236641221,8.213740458015268,0.4732824427480916,-9.074024291992187,2.408566870117187,-1.5442600708007812,8.458015267175572,-22.50381679389313,1.8778625954198473,0.0
25.920000791549683,-10.137049829101562,1.3335703247070312,0.7852981445312499,-16.702290076335878,7.511450381679389,-2.3053435114503817,-10.436325036621094,0.51714755859375,-0.3327940307617187,8.335877862595419,-19.572519083969464,2.9923664122137406,0.0
25.93000078201294,-10.129867224121092,1.0558429321289062,0.9241618408203125,-15.83206106870229,7.526717557251908,-3.2213740458015265,-10.20887587890625,0.5291185668945312,-0.6679822631835937,15.251908396946565,-17.908396946564885,0.916030534351145,0.0
25.940000772476196,-9.105148913574219,-0.8810662109374999,0.4644751220703125,-8.50381679389313,8.198473282442748,-3.2977099236641223,-10.381258398437499,-2.1021090576171875,0.5770026000976562,7.129770992366412,-24.793893129770993,-0.015267175572519083,0.0
25.950000524520874,-9.80665,0.062249243164062495,1.3862427612304686,4.564885496183206,13.893129770992367,-6.809160305343512,-10.151415039062499,-0.7062894897460937,-1.4820108276367188,29.358778625954198,-24.702290076335878,-2.6564885496183206,0.0
25.96000051498413,-10.93671318359375,1.8626888916015625,1.9632453613281249,9.786259541984732,14.702290076335878,-9.923664122137405,-8.66940421142578,1.8818425048828125,-1.2785036865234374,27.709923664122137,-28.27480916030534,-4.122137404580153,0.0
25.97000026702881,-9.811438403320311,1.6424223388671875,1.5634136840820312,16.83969465648855,17.389312977099237,-8.870229007633588,-8.001421948242188,2.712630480957031,-1.1348515869140625,14.396946564885496,-22.290076335877863,-2.9770992366412212,0.0
25.980000495910645,-8.8872765625,1.5011644409179687,0.97683427734375,12.793893129770993,13.526717557251908,-8.763358778625955,-7.639897497558593,3.21780703125,-1.7214309936523438,-6.091603053435114,-13.358778625954198,-2.2595419847328246,0.0
25.9900004863739,-10.369287390136718,3.394977954101562,1.5538368774414062,1.984732824427481,9.557251908396946,-11.679389312977099,-9.303867651367186,2.3726538452148436,-0.699106884765625,-5.480916030534351,-9.893129770992367,1.7557251908396947,0.0
26.000000476837158,-9.854534033203125,1.7597382202148437,1.177947216796875,-1.3893129770992367,5.038167938931298,-9.893129770992367,-9.244012609863281,0.9840168823242187,-0.5530605834960938,-2.931297709923664,-5.633587786259542,1.6030534351145038,0.0
26.010000705718994,-8.355763793945313,-0.16759411621093748,1.0702081420898437,14.564885496183207,10.091603053435115,-8.259541984732824,-9.332598071289063,0.74699091796875,-0.7398083129882812,-1.786259541984733,-4.656488549618321,0.22900763358778625,0.0
26.02000069618225,-9.686939916992188,1.6112977172851561,1.7357962036132812,12.51908396946565,7.526717557251908,-10.885496183206106,-9.622296472167967,0.47644613037109373,-0.63206923828125,-0.366412213740458,-5.175572519083969,-0.7175572519083969,0.0
26.03000044822693,-10.505756884765624,3.2225954345703123,2.5163059448242184,16.48854961832061,7.083969465648855,-11.19083969465649,-9.409212524414063,0.7206546997070312,-0.8379705810546875,1.2061068702290076,-4.702290076335878,-1.3282442748091603,0.0
26.040000915527344,-10.058041174316406,2.6862942626953124,2.0973206542968748,8.045801526717558,-0.3053435114503817,-8.946564885496183,-9.86411083984375,0.469263525390625,-0.5865794067382812,4.152671755725191,-4.900763358778626,-1.618320610687023,0.0
26.05000138282776,-9.162609753417968,1.6352397338867186,2.0254946044921875,15.129770992366412,-0.32061068702290074,-5.984732824427481,-9.629479077148437,0.12449848632812499,-0.1005564697265625,3.0381679389312977,-4.106870229007634,-2.4427480916030535,0.0
26.06000065803528,-9.07163009033203,1.707065783691406,2.0159177978515626,19.64885496183206,-0.732824427480916,-5.893129770992366,-9.880870251464843,0.00239420166015625,-0.08858546142578125,4.809160305343512,-5.083969465648855,-3.7404580152671754,0.0
26.070000886917114,-9.777919580078125,2.5522189697265625,2.1643583007812497,18.244274809160306,-2.33587786259542,-6.427480916030534,-9.861716638183593,-0.3806780639648437,-0.02633621826171875,7.709923664122138,-5.740458015267175,-5.7251908396946565,0.0
26.08000087738037,-8.686163623046875,1.429338391113281,1.7525556152343749,20.65648854961832,-4.290076335877862,-5.0534351145038165,-9.117119921875,0.45489831542968745,-0.32561142578124996,10.854961832061068,-6.977099236641221,-7.969465648854962,0.0
26.09000062942505,-9.30147344970703,1.7932570434570312,1.9752163696289062,20.977099236641223,-4.900763358778626,-5.404580152671755,-8.377311608886718,1.5131354492187499,-0.8499415893554687,15.435114503816793,-6.99236641221374,-8.748091603053435,0.0
26.100000619888306,-9.679757312011718,1.917755529785156,1.8650830932617186,25.34351145038168,-4.931297709923665,-3.8931297709923665,-9.497797985839844,0.29927520751953124,-0.7852981445312499,14.488549618320612,-4.793893129770993,-6.9465648854961835,0.0
26.110000610351562,-10.034099157714843,2.461239306640625,1.848323681640625,26.3206106870229,-5.572519083969466,-2.900763358778626,-8.935160595703124,0.6607996582031249,-0.5578489868164063,13.297709923664122,-2.7022900763358777,-6.885496183206107,0.0
26.1200008392334,-9.516951599121093,2.2481553588867187,1.2378022583007813,27.938931297709924,-5.358778625954199,-0.2900763358778626,-9.253589416503905,0.4261678955078125,-0.612915625,16.732824427480917,-3.5419847328244276,-6.030534351145038,0.0
26.130000352859497,-9.605537060546874,3.0214824951171875,1.0486603271484374,24.259541984732824,-5.801526717557252,-0.5343511450381679,-9.337386474609374,0.1867477294921875,-0.3902548706054687,18.229007633587788,-2.854961832061069,-6.366412213740458,0.0
26.14000153541565,-9.03332286376953,2.3415292236328122,0.7158662963867187,21.435114503816795,-5.893129770992366,-0.13740458015267176,-9.679757312011718,0.08858546142578125,-0.34237083740234375,19.603053435114504,-3.49618320610687,-6.977099236641221,0.0
26.15000057220459,-9.358934289550781,2.47081611328125,0.7445967163085937,15.938931297709924,-5.32824427480916,-2.0,-9.660603698730467,0.34237083740234375,-0.32082302246093747,19.51145038167939,-3.282442748091603,-8.381679389312977,0.0
26.160000801086426,-9.227253198242186,2.281674182128906,0.7852981445312499,13.557251908396946,-4.534351145038168,-1.3435114503816794,-9.739612353515625,0.430956298828125,-0.4429273071289062,20.0,-3.0229007633587788,-8.16793893129771,0.0
26.170000314712524,-9.56962403564453,2.8036101440429686,0.9744400756835937,10.946564885496183,-3.816793893129771,-0.5343511450381679,-9.852139831542969,0.612915625,-0.4429273071289062,20.259541984732824,-2.595419847328244,-7.908396946564886,0.0
26.18000078201294,-9.392453112792968,3.1100679565429687,1.0965443603515623,10.061068702290076,-2.6259541984732824,2.122137404580153,-9.792284790039062,0.7158662963867187,-0.39743747558593745,18.732824427480917,-2.4732824427480917,-7.908396946564886,0.0
26.190000772476196,-9.414000927734374,3.210624426269531,1.4030021728515625,4.732824427480916,-2.427480916030534,3.4656488549618323,-9.976638317871092,0.7996633544921875,-0.47884033203125,17.19083969465649,-2.4580152671755724,-8.01526717557252,0.0
26.200000762939453,-9.430760339355468,2.683900061035156,1.8052280517578123,0.2900763358778626,-3.0229007633587788,4.1679389312977095,-9.945513696289062,0.928950244140625,-0.45968671875,14.961832061068701,-2.7022900763358777,-8.82442748091603,0.0
26.21000027656555,-10.465055456542968,3.497928625488281,2.636016027832031,-7.175572519083969,-3.984732824427481,3.0839694656488548,-10.012551342773437,0.9097966308593749,-0.5027823486328125,13.557251908396946,-3.3587786259541983,-8.717557251908397,0.0
26.220000505447388,-8.863334545898438,1.0438719238281249,1.7429788085937499,-12.259541984732824,-7.267175572519084,4.641221374045801,-9.835380419921874,1.216254443359375,-0.24899697265624998,10.396946564885496,-3.5572519083969465,-9.099236641221374,0.0
26.230000257492065,-9.227253198242186,1.0845733520507812,1.4125789794921875,-15.664122137404581,-8.977099236641221,2.595419847328244,-9.868899243164062,0.9217676391601562,0.05746083984375,8.106870229007633,-3.5877862595419847,-9.312977099236642,0.0
26.240000247955322,-9.095572106933593,0.5578489868164063,1.637633935546875,-5.587786259541985,-3.7099236641221376,0.6259541984732825,-10.75714805908203,-1.1228805786132812,0.7230489013671875,11.618320610687023,-3.877862595419847,-7.541984732824427,0.0
26.250000476837158,-10.180145458984374,1.9105729248046874,2.0159177978515626,-8.610687022900763,-4.366412213740458,-2.4885496183206106,-10.9941740234375,0.18914193115234373,-0.12210428466796874,21.251908396946565,-8.442748091603054,-9.251908396946565,0.0
26.260000705718994,-8.633491186523438,0.02633621826171875,1.3766659545898436,0.8244274809160306,-2.2748091603053435,-0.8396946564885496,-9.83777462158203,0.3950432739257812,-0.5123591552734374,17.00763358778626,-12.946564885496183,-11.236641221374045,0.0
26.27000093460083,-9.026140258789061,1.0989385620117187,1.7190367919921874,1.7709923664122138,-0.6259541984732825,-3.480916030534351,-9.014169250488282,0.4429273071289062,0.316034619140625,15.083969465648854,-13.84732824427481,-10.793893129770993,0.0
26.280000686645508,-9.636661682128906,1.9225439331054686,1.3766659545898436,1.7404580152671756,-1.0229007633587786,-4.763358778625954,-9.679757312011718,0.928950244140625,-0.2561795776367187,18.0,-14.67175572519084,-11.007633587786259,0.0
26.290000915527344,-9.3086560546875,2.3726538452148436,1.1923124267578125,-0.030534351145038167,-0.549618320610687,-4.6106870229007635,-8.623914379882812,1.0917559570312498,0.3711012573242187,11.725190839694656,-13.450381679389313,-11.16030534351145,0.0
26.30000066757202,-9.509768994140625,2.5570073730468748,1.2497732666015624,-3.969465648854962,-0.0916030534351145,-4.473282442748092,-9.227253198242186,0.7757213378906249,0.016759411621093748,3.6946564885496183,-7.969465648854962,-9.755725190839694,0.0
26.31000065803528,-9.37808790283203,2.418143676757812,1.39821376953125,-8.244274809160306,-0.21374045801526717,-4.091603053435114,-8.276755139160155,2.863465185546875,-0.699106884765625,-3.648854961832061,-9.648854961832061,-10.748091603053435,0.0
26.320000886917114,-9.5384994140625,2.2601263671875,1.879448303222656,-10.396946564885496,-0.3969465648854962,-4.580152671755725,-10.455478649902343,-0.09337386474609374,0.258573779296875,-12.473282442748092,-2.7480916030534353,-7.251908396946565,0.0
26.330000638961792,-9.244012609863281,1.8531120849609375,1.879448303222656,-11.374045801526718,-0.5038167938931297,-4.702290076335878,-9.390058911132812,0.8164227661132812,0.2609679809570312,-10.717557251908397,-5.8320610687022905,-8.641221374045802,0.0
26.34000039100647,-9.334992272949219,2.24097275390625,2.128445275878906,-12.01526717557252,-1.5114503816793894,-4.8396946564885495,-9.725247143554688,-0.04548983154296875,0.40222587890625,-10.977099236641221,-6.549618320610687,-8.580152671755725,0.0
26.350000619888306,-9.435548742675781,2.1930887207031247,2.3487118286132813,-11.664122137404581,-2.183206106870229,-4.33587786259542,-9.476250170898437,0.07900865478515624,0.4740519287109375,-12.625954198473282,-6.9465648854961835,-9.007633587786259,0.0
26.360000371932983,-9.227253198242186,2.4157494750976563,2.6982652709960937,-11.603053435114504,-4.1679389312977095,-3.984732824427481,-9.22485899658203,0.28012159423828126,0.36391865234375,-11.98473282442748,-8.045801526717558,-9.312977099236642,0.0
26.37000060081482,-9.14824454345703,2.2601263671875,3.383006945800781,-10.091603053435115,-7.267175572519084,-2.9618320610687023,-8.949525805664061,0.5123591552734374,0.2705447875976562,-13.679389312977099,-8.274809160305344,-9.32824427480916,0.0
26.380000591278076,-9.045293872070312,2.020706201171875,4.07971962890625,-5.984732824427481,-10.778625954198473,-1.6946564885496183,-8.951920007324219,0.5147533569335937,0.4644751220703125,-13.48091603053435,-8.488549618320612,-9.404580152671755,0.0
26.390000581741333,-8.544905725097657,1.7429788085937499,4.333505004882812,2.9923664122137406,-13.419847328244275,1.282442748091603,-8.576030346679687,0.49799394531249996,0.3854664672851562,-13.679389312977099,-7.877862595419847,-8.80916030534351,0.0
26.400001287460327,-8.245630517578125,2.35589443359375,3.9312791259765625,8.213740458015268,-18.076335877862597,3.236641221374046,-8.319850769042969,0.22026655273437498,0.4477157104492187,-11.541984732824428,-8.076335877862595,-8.229007633587786,0.0
26.410000562667847,-8.078036401367187,2.5737667846679684,3.294421484375,9.603053435114504,-21.31297709923664,4.748091603053435,-7.419630944824219,-0.062249243164062495,0.5985504150390625,-9.404580152671755,-8.305343511450381,-7.9541984732824424,0.0
26.420000791549683,-8.264784130859374,2.4947581298828125,2.971204260253906,6.8396946564885495,-24.595419847328245,6.717557251908397,-7.5345526245117185,-0.7709329345703124,0.3950432739257812,-4.6106870229007635,-8.488549618320612,-6.305343511450381,0.0
26.43000054359436,-7.975085729980468,2.04943662109375,2.9472622436523435,6.229007633587786,-25.557251908396946,8.290076335877863,-6.440402465820312,0.08140285644531249,-0.009576806640625,-2.045801526717557,-10.351145038167939,-6.9465648854961835,0.0
26.440000772476196,-8.226476904296874,1.3263877197265623,3.028665100097656,1.3282442748091603,-27.633587786259543,7.786259541984733,-7.666233715820312,-1.1563994018554686,0.25139117431640623,5.175572519083969,-10.854961832061068,-4.3816793893129775,0.0
26.450000524520874,-7.886500268554687,0.6081272216796875,3.347093920898437,0.5190839694656488,-30.519083969465647,4.687022900763359,-6.950367419433594,0.29927520751953124,-0.18914193115234373,9.114503816793894,-11.145038167938932,-6.244274809160306,0.0
26.46000075340271,-8.310273962402343,0.076614453125,4.173093493652344,1.0687022900763359,-35.37404580152672,-0.015267175572519083,-7.639897497558593,1.1180921752929687,-0.51714755859375,9.877862595419847,-8.763358778625955,-6.213740458015267,0.0
26.470000505447388,-8.21690009765625,-0.9097966308593749,5.123591552734375,10.122137404580153,-40.74809160305343,-2.900763358778626,-7.750030773925781,2.3822306518554686,-1.4006079711914061,-1.1755725190839694,1.4961832061068703,-5.755725190839694,0.0
26.480000734329224,-8.801085302734375,-0.3591302490234375,6.49307490234375,21.083969465648856,-45.55725190839695,-4.900763358778626,-8.238447912597655,2.7365724975585937,-0.3495534423828125,-14.290076335877863,0.6717557251908397,-3.633587786259542,0.0
26.4900004863739,-11.195286962890624,2.3582886352539063,7.666233715820312,13.541984732824428,-59.41984732824427,-10.946564885496183,-8.200140686035155,3.4093431640625,-0.7038952880859375,-28.18320610687023,7.00763358778626,-7.435114503816794,0.0
26.500000476837158,-10.151415039062499,2.1499930908203124,6.5218053222656245,-1.3893129770992367,-80.65648854961832,-12.977099236641221,-8.99501563720703,1.7238251953125,-1.2593500732421874,-52.74809160305343,18.65648854961832,-9.86259541984733,0.0
26.510000705718994,-10.084377392578125,1.4173673828125,5.9400143188476555,-7.236641221374046,-94.74809160305344,-17.206106870229007,-11.279084020996093,-0.612915625,-0.17956512451171874,-60.51908396946565,21.61832061068702,-12.83969465648855,0.0
26.52000069618225,-12.018892333984374,2.971204260253906,7.247248425292969,-5.648854961832061,-108.56488549618321,-20.763358778625953,-15.495273144531248,-4.44363828125,0.6679822631835937,-57.770992366412216,22.9618320610687,-25.755725190839694,0.0
26.530000925064087,-13.778630554199218,2.528276953125,7.9463553100585935,14.274809160305344,-121.70992366412214,-11.755725190839694,-18.478448413085935,-6.361393811035156,0.93852705078125,-43.38931297709924,21.0381679389313,-39.9236641221374,0.0
26.540000915527344,-14.872780712890624,2.1835119140624997,8.985438830566405,41.52671755725191,-127.89312977099236,0.33587786259541985,-19.43373487548828,-5.453991381835937,1.4437036010742186,-29.206106870229007,15.755725190839694,-38.68702290076336,0.0
26.550153493881226,-16.95573615722656,2.693476867675781,10.309432348632813,52.29007633587786,-138.5648854961832,5.419847328244275,-16.63251893310547,-2.3223756103515623,-0.4477157104492187,-6.1679389312977095,5.145038167938932,-27.297709923664122,0.0
26.56000065803528,-16.287753894042968,0.49799394531249996,8.712499841308594,55.221374045801525,-154.5801526717557,9.526717557251908,-11.731588134765625,1.5490484741210937,-1.2665326782226562,2.4732824427480917,-7.038167938931298,-20.519083969465647,0.0
26.570000648498535,-16.208745239257812,-0.22505495605468748,6.868964562988281,65.81679389312977,-157.64885496183206,10.13740458015267,-10.651803186035156,1.446097802734375,-0.17956512451171874,13.740458015267176,-11.450381679389313,-11.419847328244275,0.0
26.58000111579895,-15.444994909667967,1.9225439331054686,5.140350964355468,48.0,-163.80152671755727,4.625954198473282,-8.295908752441406,2.2098481323242187,0.08379705810546874,8.183206106870228,-10.65648854961832,-9.526717557251908,0.0
26.590000867843628,-13.855245007324218,3.2249896362304686,3.6559459350585937,15.633587786259541,-166.8854961832061,2.732824427480916,-8.997409838867187,-0.17477672119140625,-0.3758896606445312,1.5267175572519085,-10.320610687022901,-5.709923664122138,0.0
26.600000381469727,-10.089165795898436,0.47884033203125,-0.26815058593749996,-2.6717557251908395,-161.0381679389313,3.9389312977099236,-8.872911352539061,-2.001552587890625,-1.6639701538085936,2.763358778625954,-5.511450381679389,-5.083969465648855,0.0
26.610000610351562,-9.035717065429687,0.15322890625,-1.8842367065429686,-18.442748091603054,-149.4351145038168,-1.3282442748091603,-8.78432589111328,-2.7748797241210936,-3.1292215698242187,8.274809160305344,1.1603053435114503,-3.618320610687023,0.0
26.62000060081482,-7.40526573486328,-1.7238251953125,-3.284844677734375,-35.725190839694655,-141.4351145038168,-6.0458015267175576,-8.396465222167969,-2.2481553588867187,-3.833116857910156,13.389312977099237,9.053435114503817,-2.2900763358778624,0.0
26.630000829696655,-5.276820458984375,-5.030217687988281,-4.441244079589843,-15.557251908396946,-111.86259541984732,-4.824427480916031,-8.068459594726562,-2.8658593872070313,-3.9983167724609374,15.755725190839694,19.740458015267176,-2.015267175572519,0.0
26.640000343322754,-5.3007624755859375,-5.336675500488281,-3.890577697753906,10.01526717557252,-82.7175572519084,-8.625954198473282,-8.420407238769531,-3.1866824096679687,-3.83072265625,16.717557251908396,25.801526717557252,-2.5343511450381677,0.0
26.65000057220459,-5.480327600097656,-3.8187516479492185,-2.530671154785156,32.58015267175573,-54.44274809160305,-10.274809160305344,-9.516951599121093,-2.346317626953125,-2.511517541503906,8.793893129770993,34.51908396946565,-0.9312977099236641,0.0
26.660001277923584,-5.499481213378906,-2.2936451904296873,-1.8411410766601561,51.23664122137404,-29.099236641221374,-11.923664122137405,-10.077194787597655,-1.9847931762695312,-0.8188169677734375,4.076335877862595,35.89312977099237,3.4198473282442747,0.0
26.670000553131104,-5.908889697265625,0.8451531860351562,-0.488417138671875,59.61832061068702,-6.488549618320611,-14.80916030534351,-10.235212097167969,-1.1252747802734375,0.7422025146484375,3.3893129770992365,35.51145038167939,6.33587786259542,0.0
26.68000102043152,-8.535328918457031,6.481103894042969,1.4820108276367188,23.129770992366414,-3.9389312977099236,-22.015267175572518,-10.433930834960936,0.34237083740234375,0.55545478515625,-5.0534351145038165,33.282442748091604,7.267175572519084,0.0
26.690000534057617,-6.210559106445312,4.204218115234375,0.21787235107421873,-10.045801526717558,-2.8702290076335877,-16.610687022900763,-10.848127722167968,-2.032677209472656,2.3391350219726563,-15.16030534351145,35.05343511450382,10.83969465648855,0.0
26.700000762939453,-5.683834741210937,3.6104561035156246,0.14125789794921875,-32.2442748091603,2.946564885496183,-15.679389312977099,-12.648567370605468,-4.046200805664062,2.8323405639648436,1.099236641221374,25.49618320610687,11.725190839694656,0.0
26.71000051498413,-5.046977099609375,2.6910826660156246,0.2561795776367187,-49.3587786259542,8.51908396946565,-15.893129770992367,-10.843339318847656,-4.146757275390625,2.3439234252929686,10.931297709923664,12.412213740458014,7.0534351145038165,0.0
26.720000743865967,-3.268085266113281,0.5123591552734374,-0.5434837768554687,-57.3587786259542,16.946564885496183,-13.114503816793894,-9.428366137695312,-2.6958710693359373,1.6615759521484375,10.916030534351146,6.396946564885496,4.091603053435114,0.0
26.730000257492065,-2.5761609863281247,0.4381389038085937,-0.6631938598632812,-51.770992366412216,31.923664122137403,-11.86259541984733,-9.734823950195311,-1.7166425903320313,1.1755530151367186,9.572519083969466,3.5572519083969465,3.2977099236641223,0.0
26.7400004863739,-3.7924154296875,1.2018892333984375,-0.09816226806640624,-52.61068702290076,46.0,-12.381679389312977,-8.901641772460938,-0.18914193115234373,0.8116343627929687,4.458015267175573,1.1755725190839694,1.1603053435114503,0.0
26.750000476837158,-3.2632968627929686,0.699106884765625,-0.15562310791015624,-52.6412213740458,59.06870229007634,-9.603053435114504,-8.997409838867187,-0.0718260498046875,0.584185205078125,-5.343511450381679,0.32061068702290074,0.061068702290076333,0.0
26.760000944137573,-3.4644098022460934,0.07900865478515624,0.13646949462890623,-52.48854961832061,72.51908396946565,-9.603053435114504,-9.387664709472656,-1.0103531005859374,0.7110778930664062,-14.229007633587786,1.633587786259542,-2.0763358778625953,0.0
26.77000093460083,-4.414907861328125,-0.6105214233398437,1.0534487304687499,-52.74809160305343,84.80916030534351,-11.007633587786259,-9.964667309570311,-0.8092401611328125,-0.02633621826171875,-12.80916030534351,-5.068702290076335,-4.183206106870229,0.0
26.780000686645508,-5.626373901367187,-1.2018892333984375,2.243366955566406,-54.35114503816794,93.8473282442748,-13.16030534351145,-9.239224206542968,-1.1252747802734375,0.5243301635742187,-28.53435114503817,1.2671755725190839,-4.061068702290076,0.0
26.790000915527344,-6.449979272460937,-2.4851813232421875,3.2920272827148436,-45.70992366412214,100.94656488549619,-12.610687022900763,-10.39322940673828,-2.2194249389648437,0.86191259765625,-25.297709923664122,-4.916030534351145,-2.015267175572519,0.0
26.80000066757202,-7.4220251464843745,-2.9664158569335934,4.469974499511719,-25.61832061068702,108.41221374045801,-11.679389312977099,-10.31661495361328,-2.3870190551757813,1.4341267944335936,-24.625954198473284,-6.122137404580153,-1.5725190839694656,0.0
26.810000896453857,-7.656656909179687,-2.942473840332031,6.4739212890625,-2.1068702290076335,114.6412213740458,-9.511450381679388,-10.417171423339843,-2.231395947265625,1.350329736328125,-22.045801526717558,-10.122137404580153,-0.48854961832061067,0.0
26.820000886917114,-8.410830432128906,-1.6711527587890624,8.291120349121094,23.51145038167939,120.22900763358778,-8.931297709923664,-9.655815295410155,-1.7118541870117185,0.8116343627929687,-23.282442748091604,-11.908396946564885,-0.44274809160305345,0.0
26.830000638961792,-9.777919580078125,0.08858546142578125,8.717288244628906,32.13740458015267,118.29007633587786,-12.458015267175572,-9.220070593261719,-1.0438719238281249,0.23223756103515625,-25.022900763358777,-11.954198473282442,0.549618320610687,0.0
26.84000062942505,-7.240065820312499,-1.905784521484375,6.138733056640625,34.900763358778626,106.87022900763358,-8.854961832061068,-8.647856396484375,-0.7733271362304687,-0.6727706665039062,-27.938931297709924,-10.931297709923664,2.885496183206107,0.0
26.850000619888306,-9.847351428222655,-0.16280571289062498,6.536170532226562,45.66412213740458,109.55725190839695,-8.076335877862595,-9.179369165039063,-0.9935936889648437,-0.9504980590820312,-26.564885496183205,-7.9541984732824424,6.152671755725191,0.0
26.860000610351562,-12.473790649414061,3.5793314819335937,8.166621862792969,28.12213740458015,100.33587786259542,-9.526717557251908,-8.923189587402343,-1.0414777221679687,-1.3144167114257812,-25.862595419847327,-5.3893129770992365,9.694656488549619,0.0
26.87000060081482,-11.801019982910155,3.35188232421875,6.514622717285156,10.854961832061068,84.33587786259542,-1.786259541984733,-9.093177905273437,-1.889025109863281,-1.62805712890625,-20.442748091603054,-2.0916030534351147,14.916030534351146,0.0
26.880000352859497,-12.191274853515624,2.418143676757812,6.593631372070312,2.427480916030534,76.3206106870229,8.106870229007633,-9.473855969238281,-1.9895815795898437,-1.5394716674804687,-11.877862595419847,3.0839694656488548,18.396946564885496,0.0
26.890000581741333,-10.517727893066406,0.24181436767578124,4.9416322265625,-2.366412213740458,67.55725190839695,15.251908396946565,-8.86094034423828,-1.9488801513671874,-1.5322890624999999,-8.992366412213741,9.587786259541986,21.129770992366414,0.0
26.90000081062317,-9.7683427734375,-1.388636962890625,3.21780703125,-4.625954198473282,65.06870229007633,14.564885496183207,-10.749965454101561,-3.418919970703125,-1.6711527587890624,14.122137404580153,11.709923664122137,25.34351145038168,0.0
26.910000562667847,-10.730811840820312,-3.1387983764648437,4.848258361816406,-9.053435114503817,66.03053435114504,5.740458015267175,-8.212111694335936,-0.8164227661132812,-1.62805712890625,5.816793893129771,19.954198473282442,24.717557251908396,0.0
26.92000102996826,-11.992556115722655,-5.844246252441406,7.800309008789062,-4.6106870229007635,59.98473282442748,0.32061068702290074,-8.954314208984375,-0.5889736083984375,-2.1619640991210938,-0.07633587786259542,28.519083969465647,28.458015267175572,0.0
26.93000054359436,-13.532027783203125,-5.2265422241210935,9.835380419921874,30.82442748091603,59.603053435114504,-1.6793893129770991,-8.889670764160156,-0.38786066894531246,-1.9608511596679685,-7.083969465648855,34.12213740458015,29.938931297709924,0.0
26.940000772476196,-14.389151977539061,0.6727706665039062,8.461108666992187,50.38167938931298,49.87786259541985,-3.877862595419847,-9.658209497070311,-1.3120225097656248,-0.9504980590820312,-17.114503816793892,39.87786259541985,31.954198473282442,0.0
26.950000524520874,-15.018827014160156,4.860229370117187,8.097190014648437,50.99236641221374,40.595419847328245,0.2595419847328244,-7.663839514160156,0.9888052856445312,-0.16041151123046873,-28.53435114503817,39.19083969465649,30.15267175572519,0.0
26.96000051498413,-14.334085339355468,5.307945080566406,7.884106066894531,36.717557251908396,23.19083969465649,4.793893129770993,-11.348515869140625,-3.928884924316406,0.3758896606445312,-16.671755725190838,37.541984732824424,34.0,0.0
26.97000026702881,-13.824120385742187,5.224148022460938,6.105214233398437,19.984732824427482,5.8320610687022905,5.908396946564886,-10.493785876464843,-2.5378537597656248,-0.8020575561523438,5.6183206106870225,29.709923664122137,29.541984732824428,0.0
26.980000734329224,-9.765948571777344,2.935291235351562,0.7110778930664062,15.068702290076336,-1.3282442748091603,11.206106870229007,-10.922347973632812,-1.6328455322265625,-1.3814543579101561,8.16793893129771,26.519083969465647,28.549618320610687,0.0
26.990000247955322,-9.409212524414063,5.374982727050781,-0.36391865234375,14.900763358778626,6.595419847328245,16.396946564885496,-10.874463940429687,-1.4125789794921875,-1.4317325927734375,10.732824427480915,22.671755725190838,28.641221374045802,0.0
27.00000023841858,-9.069235888671875,6.105214233398437,-0.8164227661132812,-1.3740458015267176,9.893129770992367,21.755725190839694,-10.658985791015624,0.33758243408203126,-2.308010400390625,20.519083969465647,16.564885496183205,26.732824427480917,0.0
27.010000467300415,-8.05648858642578,3.9456443359374997,-0.9720458740234375,-16.85496183206107,13.526717557251908,28.16793893129771,-10.498574279785156,2.5857377929687497,-3.2345664428710936,20.80916030534351,16.610687022900763,24.213740458015266,0.0
27.02000093460083,-7.879317663574218,1.429338391113281,-0.6105214233398437,-21.740458015267176,18.33587786259542,28.68702290076336,-11.482591162109374,1.5801730957031248,-2.5474305664062498,10.320610687022901,20.3206106870229,25.374045801526716,0.0
27.030000925064087,-8.085219006347655,-0.258573779296875,-0.1149216796875,-26.213740458015266,19.419847328244273,22.931297709923665,-11.044452258300781,2.7078420776367187,-2.157175695800781,14.854961832061068,14.748091603053435,23.81679389312977,0.0
27.040000915527344,-8.743624462890624,-0.6464344482421874,0.01915361328125,-27.480916030534353,20.610687022900763,16.290076335877863,-10.716446630859375,3.153163586425781,-2.521094348144531,6.977099236641221,13.618320610687023,23.083969465648856,0.0
27.05000114440918,-9.026140258789061,-0.5698199951171875,-0.5746083984375,-26.671755725190838,22.9618320610687,11.236641221374045,-10.807426293945312,3.957615344238281,-2.499546533203125,-0.0916030534351145,13.19083969465649,22.244274809160306,0.0
27.060000896453857,-10.579977136230468,1.0414777221679687,-0.8355763793945312,-28.82442748091603,23.236641221374047,5.801526717557252,-11.152191333007812,3.5434184570312497,-2.0063409912109376,-11.893129770992367,13.816793893129772,20.610687022900763,0.0
27.070024967193604,-10.70686982421875,1.2138602416992186,-1.0678139404296874,-28.53435114503817,24.396946564885496,3.7709923664122136,-11.188104357910156,2.3367408203125,-1.8626888916015625,-21.709923664122137,13.908396946564885,19.068702290076335,0.0
27.08000087738037,-10.857704528808593,1.5322890624999999,-0.5770026000976562,-28.763358778625953,24.50381679389313,0.8244274809160306,-10.922347973632812,1.8219874633789062,-2.47081611328125,-27.72519083969466,13.404580152671755,16.946564885496183,0.0
27.09000062942505,-11.001356628417968,2.2074539306640624,0.18914193115234373,-28.366412213740457,24.045801526717558,-0.9923664122137404,-9.49300958251953,3.2920272827148436,-2.703053674316406,-42.01526717557252,15.099236641221374,13.908396946564885,0.0
27.100000619888306,-10.87925234375,2.8993782104492185,0.3591302490234375,-26.82442748091603,21.923664122137403,-0.3511450381679389,-10.539275708007812,0.4285620971679687,-0.5099649536132812,-51.55725190839695,17.61832061068702,13.267175572519085,0.0
27.110000610351562,-10.369287390136718,3.201047619628906,-0.13407529296874998,-24.870229007633586,20.35114503816794,2.595419847328244,-12.811373083496093,-3.679887951660156,1.1923124267578125,-30.900763358778626,8.183206106870228,10.0,0.0
27.12000060081482,-9.634267480468749,3.6200329101562496,-0.373495458984375,-26.366412213740457,20.748091603053435,4.793893129770993,-10.443507641601562,-0.6703764648437499,1.0845733520507812,-18.48854961832061,-2.717557251908397,3.7099236641221376,0.0
27.130000591278076,-9.217676391601563,3.1076737548828124,-0.5458779785156249,-31.083969465648856,19.31297709923664,5.8320610687022905,-11.487379565429686,-1.8004396484374998,1.005564697265625,-7.419847328244275,-6.320610687022901,3.5877862595419847,0.0
27.140000581741333,-9.143456140136719,2.5713725830078125,-0.08379705810546874,-32.47328244274809,19.328244274809162,6.900763358778626,-8.796296899414061,0.9074024291992187,0.5003881469726562,-15.49618320610687,-11.435114503816793,-0.9618320610687023,0.0
27.15000033378601,-8.78432589111328,0.9552864624023437,0.2825157958984375,-30.045801526717558,18.763358778625953,9.603053435114504,-9.512163195800781,0.9816226806640624,-0.26336218261718747,-14.992366412213741,-8.183206106870228,-3.312977099236641,0.0
27.160000801086426,-9.050082275390624,-0.5051765502929687,1.2018892333984375,-6.213740458015267,27.908396946564885,11.236641221374045,-10.491391674804687,-1.3934253662109375,0.5626373901367188,-8.335877862595419,-6.473282442748092,-3.7709923664122136,0.0
27.170000553131104,-8.52335791015625,-0.143652099609375,1.2018892333984375,3.1755725190839694,24.977099236641223,9.83206106870229,-10.352527978515624,-2.231395947265625,1.197100830078125,0.7175572519083969,-11.770992366412214,-5.9541984732824424,0.0
27.18000078201294,-10.31661495361328,1.6208745239257811,2.4205378784179685,0.7633587786259542,24.870229007633586,5.9541984732824424,-8.188169677734374,-0.05746083984375,-0.45010991210937495,8.427480916030534,-16.82442748091603,-9.572519083969466,0.0
27.190000295639038,-10.287884533691406,1.216254443359375,2.0254946044921875,0.8549618320610687,17.72519083969466,6.67175572519084,-11.686098303222655,-3.306392492675781,1.3575123413085937,25.84732824427481,-15.32824427480916,-4.5038167938931295,0.0
27.20000123977661,-9.452308154296874,0.565031591796875,1.5682020874023437,0.22900763358778625,14.305343511450381,6.870229007633588,-6.988674645996094,1.9584569580078124,-1.5514426757812498,34.97709923664122,-21.31297709923664,-10.854961832061068,0.0
27.21000051498413,-9.974244116210937,0.6584054565429687,1.905784521484375,7.00763358778626,16.717557251908396,5.755725190839694,-6.83783994140625,3.727771984863281,-1.8938135131835936,14.320610687022901,-16.18320610687023,-9.053435114503817,0.0
27.220000505447388,-10.637437976074217,2.3726538452148436,2.1739351074218747,6.244274809160306,16.3206106870229,1.8931297709923665,-7.5465236328125,4.242525341796875,-2.3343466186523436,11.725190839694656,-10.717557251908397,-5.847328244274809,0.0
27.230000257492065,-8.95670841064453,0.9241618408203125,0.9552864624023437,8.351145038167939,12.641221374045802,4.137404580152672,-8.686163623046875,1.697488977050781,-1.24498486328125,-0.7786259541984732,-1.5725190839694656,-0.3511450381679389,0.0
27.240000247955322,-9.478644372558593,2.5857377929687497,1.5514426757812498,4.351145038167939,12.320610687022901,4.152671755725191,-8.475473876953124,1.8938135131835936,-1.139639990234375,-3.969465648854962,-2.9160305343511452,0.22900763358778625,0.0
27.250000476837158,-9.09796630859375,1.668758557128906,0.7517793212890624,3.7557251908396947,11.84732824427481,7.221374045801527,-9.507374792480467,0.86191259765625,-1.0582371337890624,-0.9923664122137404,-2.9923664122137406,1.9389312977099236,0.0
27.260000467300415,-10.053252770996092,3.2824504760742186,1.6400281372070311,4.564885496183206,14.793893129770993,5.694656488549619,-9.945513696289062,0.12449848632812499,-0.6943184814453125,2.7022900763358777,-4.931297709923665,2.8396946564885495,0.0
27.27000093460083,-10.072406384277343,3.1507693847656246,1.8435352783203125,-8.488549618320612,9.068702290076336,6.656488549618321,-10.479420666503906,-0.37828386230468747,-0.842758984375,10.961832061068701,-9.465648854961833,2.2748091603053435,0.0
27.280000686645508,-10.019733947753906,1.6927005737304686,2.2673089721679687,-5.267175572519084,10.458015267175572,9.893129770992367,-11.554417211914062,-3.0238766967773434,-2.6096798095703124,25.236641221374047,-9.725190839694656,-0.07633587786259542,0.0
27.290000915527344,-10.206481677246094,1.5658078857421873,2.43250888671875,-2.8396946564885495,10.854961832061068,9.206106870229007,-11.094730493164063,-1.9488801513671874,0.5770026000976562,22.35114503816794,-15.816793893129772,-3.7099236641221376,0.0
27.3000009059906,-10.350133776855468,1.8363526733398436,2.224213342285156,-3.5114503816793894,9.068702290076336,8.900763358778626,-11.652579479980469,-0.39264907226562495,-0.0047884033203125,33.404580152671755,-22.778625954198475,-7.450381679389313,0.0
27.31000065803528,-10.58476553955078,2.4109610717773435,1.656787548828125,-7.114503816793893,6.320610687022901,6.870229007633588,-11.092336291503905,0.4070142822265625,-0.16759411621093748,27.61832061068702,-30.793893129770993,-8.122137404580153,0.0
27.320000648498535,-10.146626635742187,2.9568390502929685,1.3168109130859373,-8.931297709923664,6.870229007633588,7.908396946564886,-8.91840118408203,3.0358477050781247,-0.8475473876953125,13.221374045801527,-31.87786259541985,-9.145038167938932,0.0
27.330000400543213,-10.670956799316405,3.4572271972656248,1.4149731811523436,-16.671755725190838,5.099236641221374,9.053435114503817,-9.172186560058593,2.9568390502929685,-1.6400281372070311,-1.4809160305343512,-21.786259541984734,-6.687022900763359,0.0
27.34000062942505,-10.20169327392578,3.2225954345703123,0.9576806640625,-21.61832061068702,4.931297709923665,11.068702290076336,-9.629479077148437,1.2401964599609374,-1.139639990234375,-13.923664122137405,-13.465648854961833,-3.2977099236641223,0.0
27.350001096725464,-10.342951171874999,3.423708374023437,0.48123453369140623,-30.885496183206108,3.0381679389312977,11.801526717557252,-9.10993731689453,0.35673604736328124,-0.4836287353515625,-18.244274809160306,-15.572519083969466,-3.480916030534351,0.0
27.360000371932983,-9.129090930175781,1.3766659545898436,-0.22266075439453123,-31.84732824427481,4.3816793893129775,14.122137404580153,-9.943119494628906,-0.5889736083984375,-0.13407529296874998,-7.099236641221374,-20.80916030534351,-4.183206106870229,0.0
27.37000036239624,-9.928754284667969,1.2761094848632812,0.3016694091796875,-33.9236641221374,5.374045801526718,11.969465648854962,-10.539275708007812,-2.6408044311523438,-0.9744400756835937,13.053435114503817,-20.15267175572519,-4.763358778625954,0.0
27.380000591278076,-9.430760339355468,0.10773907470703124,0.3327940307617187,-30.03053435114504,8.290076335877863,11.16030534351145,-10.342951171874999,-0.5506663818359374,-1.1037269653320312,30.015267175572518,-26.549618320610687,-6.549618320610687,0.0
27.390000581741333,-9.49300958251953,-0.143652099609375,0.7278373046875,-28.458015267175572,9.49618320610687,7.435114503816794,-8.547299926757812,1.4221557861328125,-2.602497204589844,32.50381679389313,-27.51145038167939,-7.908396946564886,0.0
27.40000081062317,-9.593566052246093,-0.6488286499023437,1.1252747802734375,-23.908396946564885,10.625954198473282,4.351145038167939,-9.363722692871093,2.3487118286132813,-2.4301146850585935,20.519083969465647,-22.03053435114504,-7.6183206106870225,0.0
27.410000562667847,-9.95987890625,-0.36631285400390623,1.5562310791015623,-16.83969465648855,9.969465648854962,0.4122137404580153,-10.117896215820313,0.7613561279296874,-1.8052280517578123,7.786259541984733,-9.435114503816793,-5.221374045801527,0.0
27.420000791549683,-9.567229833984374,-0.24660277099609373,1.5203180541992187,-8.702290076335878,9.297709923664122,-1.5267175572519085,-8.935160595703124,2.73896669921875,-1.0127473022460938,5.603053435114504,-14.50381679389313,-6.152671755725191,0.0
27.43000054359436,-10.40041201171875,0.16998831787109375,1.4987702392578124,-2.900763358778626,7.923664122137405,-4.412213740458015,-11.621454858398437,-1.43652099609375,0.16759411621093748,6.595419847328245,-10.335877862595419,-2.885496183206107,0.0
27.440000772476196,-10.096348400878906,0.49799394531249996,1.5107412475585937,3.053435114503817,6.549618320610687,-5.938931297709924,-11.358092675781249,-1.707065783691406,0.488417138671875,17.740458015267176,-11.221374045801527,-4.8396946564885495,0.0
27.450000524520874,-9.78031378173828,0.6607996582031249,1.3335703247070312,10.351145038167939,4.931297709923665,-5.923664122137405,-11.401188305664062,-1.407790576171875,0.74699091796875,27.31297709923664,-17.862595419847327,-5.709923664122138,0.0
27.46000051498413,-9.624690673828125,1.0271125122070313,1.2737152832031249,17.389312977099237,3.984732824427481,-5.511450381679389,-10.505756884765624,-1.3048399047851562,-0.44532150878906246,41.00763358778626,-24.38167938931298,-8.229007633587786,0.0
27.470000505447388,-9.476250170898437,1.8914193115234375,1.1133037719726562,23.358778625954198,3.4198473282442747,-4.564885496183206,-8.757989672851561,1.8555062866210936,-1.3239935180664062,44.229007633587784,-28.580152671755727,-10.351145038167939,0.0
27.480000495910645,-9.234435803222656,2.7341782958984373,0.9433154541015625,26.198473282442748,2.9618320610687023,-3.114503816793893,-8.710105639648438,2.47081611328125,-1.5011644409179687,22.793893129770993,-22.793893129770993,-9.893129770992367,0.0
27.490000247955322,-9.787496386718749,3.5290532470703124,0.7972691528320313,22.595419847328245,1.6030534351145038,-2.183206106870229,-8.913612780761719,2.308010400390625,-0.26815058593749996,8.305343511450381,-10.595419847328245,-8.030534351145038,0.0
27.500000715255737,-9.648632690429688,3.071760729980469,0.5410895751953124,18.916030534351144,1.1450381679389312,0.8244274809160306,-9.70369932861328,0.17238251953125,-0.43574470214843747,2.6564885496183206,-11.694656488549619,-6.290076335877862,0.0
27.510000705718994,-9.287108239746093,2.4588451049804685,0.44532150878906246,14.50381679389313,1.1603053435114503,2.6106870229007635,-8.142679846191406,2.1404162841796874,-0.6751648681640625,-7.221374045801527,-11.816793893129772,-9.694656488549619,0.0
27.520000457763672,-9.399635717773437,2.0374656127929685,0.6775590698242188,9.694656488549619,1.5572519083969465,1.7557251908396947,-9.782707983398437,0.316034619140625,-0.5027823486328125,0.6870229007633588,-8.870229007633588,-8.106870229007633,0.0
27.53000044822693,-9.512163195800781,1.3862427612304686,0.9050082275390624,5.465648854961832,0.916030534351145,0.2900763358778626,-9.258377819824219,0.6919242797851562,-0.27293898925781246,-5.1603053435114505,-9.068702290076336,-9.389312977099237,0.0
27.540000677108765,-9.974244116210937,1.9943699829101562,1.7788918334960937,-3.49618320610687,-0.4732824427480916,-1.5419847328244274,-9.337386474609374,0.3399766357421875,-0.59376201171875,-2.8702290076335877,-10.351145038167939,-8.687022900763358,0.0
27.5500009059906,-11.987767712402343,3.6343981201171873,3.0119056884765625,-11.374045801526718,-4.183206106870229,-3.9389312977099236,-9.519345800781249,0.70868369140625,-0.5602431884765625,-1.5114503816793894,-9.587786259541986,-9.32824427480916,0.0
27.56000065803528,-9.361328491210937,1.1947066284179686,1.3383587280273437,-20.244274809160306,-13.114503816793894,-2.2748091603053435,-9.682151513671874,0.45489831542968745,-0.7948749511718749,1.8473282442748091,-9.786259541984732,-7.893129770992366,0.0
27.570000886917114,-9.545682019042967,0.8499415893554687,1.886630908203125,-9.786259541984732,-7.145038167938932,-2.427480916030534,-9.488221179199218,0.2609679809570312,-0.45968671875,1.4809160305343512,-8.396946564885496,-7.343511450381679,0.0
27.58000087738037,-9.9215716796875,1.4963760375976562,2.0661960327148434,-7.511450381679389,-7.6183206106870225,-3.1755725190839694,-9.366116894531249,0.9576806640625,-0.8738836059570312,8.564885496183207,-9.694656488549619,-8.091603053435115,0.0
27.590000867843628,-9.203311181640624,1.5227122558593749,1.3479355346679687,0.7480916030534351,-6.091603053435114,-2.2748091603053435,-9.016563452148437,0.9696516723632812,-0.7829039428710937,2.687022900763359,-7.068702290076335,-7.893129770992366,0.0
27.600000858306885,-8.576030346679687,0.833182177734375,0.7278373046875,3.7099236641221376,-7.236641221374046,-2.0,-9.619902270507811,0.12689268798828124,-0.2059013427734375,1.3587786259541985,-4.458015267175573,-6.67175572519084,0.0
27.610000610351562,-9.706093530273437,2.549824768066406,1.2473790649414063,5.038167938931298,-5.648854961832061,-3.435114503816794,-9.533711010742186,0.33518823242187495,-0.08379705810546874,3.49618320610687,-5.66412213740458,-6.717557251908397,0.0
27.62000060081482,-8.228871105957031,0.9313444458007812,0.41898529052734373,11.954198473282442,-3.954198473282443,-0.1984732824427481,-9.823409411621093,-0.296881005859375,-0.25139117431640623,4.259541984732825,-4.824427480916031,-6.8396946564885495,0.0
27.630000352859497,-9.85692823486328,2.7533319091796873,1.0702081420898437,9.816793893129772,-1.618320610687023,-3.2213740458015265,-9.789890588378906,-0.40222587890625,-0.19632453613281248,6.427480916030534,-6.320610687022901,-7.7251908396946565,0.0
27.640000581741333,-9.78031378173828,2.4301146850585935,1.180341418457031,4.33587786259542,-3.648854961832061,-4.0,-10.855310327148437,-1.7525556152343749,0.6727706665039062,14.534351145038167,-7.938931297709924,-6.6106870229007635,0.0
27.65000057220459,-9.3086560546875,1.936909143066406,1.4173673828125,2.045801526717557,-3.7709923664122136,-3.3435114503816794,-8.777143286132812,0.612915625,-0.26815058593749996,15.450381679389313,-10.931297709923664,-10.580152671755725,0.0
27.660000801086426,-9.284714038085937,1.3910311645507811,1.1252747802734375,3.8625954198473282,-3.450381679389313,-2.4885496183206106,-9.756371765136718,0.2154781494140625,-0.3854664672851562,20.625954198473284,-14.351145038167939,-8.854961832061068,0.0
27.670000553131104,-9.483432775878907,1.39821376953125,0.9457096557617187,6.748091603053435,-2.4122137404580153,-2.381679389312977,-8.736441857910156,0.7398083129882812,-0.08858546142578125,20.977099236641223,-15.053435114503817,-10.229007633587786,0.0
27.68000078201294,-9.41639512939453,1.5945383056640625,0.9097966308593749,6.885496183206107,-1.297709923664122,-3.053435114503817,-9.315838659667968,0.19153613281249998,0.6967126831054687,18.68702290076336,-14.229007633587786,-9.038167938931299,0.0
27.690000534057617,-9.052476477050782,1.5275006591796874,0.9600748657226562,5.740458015267175,-1.083969465648855,-3.9389312977099236,-8.892064965820312,0.9241618408203125,-1.0199299072265624,23.893129770992367,-14.793893129770993,-10.961832061068701,0.0
27.700000762939453,-9.129090930175781,1.4628572143554686,1.2617442749023438,4.2748091603053435,-0.9618320610687023,-5.66412213740458,-8.549694128417968,1.1156979736328125,-0.6200982299804687,14.946564885496183,-11.022900763358779,-10.183206106870228,0.0
27.71000051498413,-9.382876306152344,1.1133037719726562,1.6807295654296874,3.7099236641221376,-1.9236641221374047,-7.572519083969466,-9.14824454345703,0.7015010864257812,-0.5985504150390625,9.145038167938932,-9.099236641221374,-9.038167938931299,0.0
27.720000505447388,-9.423577734375,1.0486603271484374,2.195482922363281,5.236641221374046,-4.015267175572519,-8.900763358778626,-8.66940421142578,1.1540052001953125,-0.3758896606445312,4.916030534351145,-4.152671755725191,-8.748091603053435,0.0
27.730000257492065,-9.516951599121093,0.7661445312499999,2.5857377929687497,9.816793893129772,-5.4961832061068705,-9.374045801526718,-9.351751684570312,0.7038952880859375,-0.34715924072265625,7.145038167938932,-3.267175572519084,-7.877862595419847,0.0
27.7400004863739,-9.53131680908203,0.9816226806640624,2.9568390502929685,17.251908396946565,-7.236641221374046,-9.98473282442748,-8.913612780761719,0.9983820922851562,-0.5195417602539062,2.549618320610687,-2.381679389312977,-8.67175572519084,0.0
27.750000715255737,-9.502586389160156,1.24498486328125,2.844311572265625,23.572519083969464,-10.091603053435115,-10.244274809160306,-9.581595043945311,-0.07900865478515624,-0.02633621826171875,2.595419847328244,-0.5038167938931297,-7.3893129770992365,0.0
27.760000705718994,-9.390058911132812,1.4700398193359374,2.7365724975585937,29.801526717557252,-13.450381679389313,-10.259541984732824,-9.279925634765624,0.14125789794921875,0.00718260498046875,3.8473282442748094,0.6412213740458015,-7.755725190839694,0.0
27.77000093460083,-9.397241516113281,1.915361328125,2.4588451049804685,32.732824427480914,-16.061068702290076,-10.351145038167939,-9.138667736816405,0.08858546142578125,-0.1149216796875,5.923664122137405,0.6870229007633588,-7.8320610687022905,0.0
27.780000686645508,-9.840168823242188,3.7517140014648436,2.4396914916992185,28.412213740458014,-18.778625954198475,-10.946564885496183,-9.217676391601563,0.09576806640624999,-0.1292868896484375,8.305343511450381,1.1603053435114503,-7.587786259541985,0.0
27.790000915527344,-11.573570825195311,5.868188269042968,3.134009973144531,4.549618320610687,-28.38167938931298,-11.297709923664122,-9.236830004882812,0.29927520751953124,-0.19871873779296872,9.450381679389313,1.3282442748091603,-7.862595419847328,0.0
27.80000066757202,-10.09395419921875,4.529829541015625,2.6384102294921874,-9.297709923664122,-37.55725190839695,-6.030534351145038,-9.284714038085937,0.3806780639648437,-0.3136404174804687,10.213740458015268,2.2900763358778624,-7.587786259541985,0.0
27.810000896453857,-9.576806640625,3.038241906738281,2.5522189697265625,-14.687022900763358,-42.36641221374046,-3.480916030534351,-9.176974963378905,0.488417138671875,-0.12210428466796874,10.229007633587786,3.114503816793893,-8.091603053435115,0.0
27.820000648498535,-7.764395983886718,1.0869675537109373,2.176329309082031,-8.290076335877863,-44.61068702290076,-1.1145038167938932,-9.105148913574219,0.5267243652343749,0.0430956298828125,9.84732824427481,3.816793893129771,-6.977099236641221,0.0
27.830000400543213,-8.288726147460936,1.2401964599609374,2.712630480957031,-2.5343511450381677,-45.29770992366412,-3.099236641221374,-8.90643017578125,0.814028564453125,0.086191259765625,10.076335877862595,3.7709923664122136,-5.862595419847328,0.0
27.84000062942505,-8.128314636230469,1.608903515625,3.1699229980468746,1.6946564885496183,-48.30534351145038,-3.450381679389313,-8.652644799804687,0.9792284790039062,0.19632453613281248,8.244274809160306,3.4198473282442747,-4.916030534351145,0.0
27.850000619888306,-8.959102612304687,2.8036101440429686,3.9815573608398434,-0.061068702290076333,-54.045801526717554,-5.1603053435114505,-7.6997525390625,1.3910311645507811,0.5195417602539062,3.5572519083969465,4.229007633587786,-5.175572519083969,0.0
27.860000371932983,-9.069235888671875,2.221819140625,4.314351391601562,2.0916030534351147,-58.412213740458014,-3.618320610687023,-7.331045483398437,0.9169792358398436,0.13168109130859373,-0.04580152671755725,5.3893129770992365,-4.061068702290076,0.0
27.87000036239624,-8.813056311035156,2.1906945190429687,4.096479040527344,2.7786259541984735,-62.732824427480914,-1.5877862595419847,-7.053318090820312,0.20829554443359374,0.6153098266601562,-1.3893129770992367,4.366412213740458,-1.984732824427481,0.0
27.880000352859497,-8.70771143798828,1.7812860351562498,4.017470385742187,3.068702290076336,-67.83206106870229,0.3511450381679389,-5.817910034179687,1.1444283935546875,0.8092401611328125,-0.42748091603053434,4.061068702290076,-2.519083969465649,0.0
27.890000820159912,-8.283937744140625,0.7302315063476562,3.4572271972656248,2.2442748091603053,-72.99236641221374,1.1145038167938932,-6.907271789550781,-0.19393033447265623,0.8571241943359375,-4.931297709923665,9.312977099236642,1.633587786259542,0.0
27.90000033378601,-7.649474304199218,0.93852705078125,3.861847277832031,1.1145038167938932,-77.16030534351145,-2.030534351145038,-7.268796240234375,1.24498486328125,0.00239420166015625,-6.99236641221374,8.244274809160306,1.1145038167938932,0.0
27.910000562667847,-8.78432589111328,0.2753331909179687,4.821922143554687,1.2366412213740459,-83.23664122137404,-7.022900763358779,-7.52737001953125,0.74699091796875,-0.20350714111328125,-13.694656488549619,9.954198473282442,-2.7938931297709924,0.0
27.920000791549683,-9.248801013183593,0.13407529296874998,6.086060620117187,6.152671755725191,-90.29007633587786,-10.702290076335878,-10.407594616699217,-1.7357962036132812,-0.9193734375,-18.15267175572519,15.572519083969466,-6.473282442748092,0.0
27.93000030517578,-9.251195214843749,0.3016694091796875,7.807491613769531,15.908396946564885,-99.06870229007633,-15.419847328244275,-12.50730947265625,-1.6352397338867186,0.9409212524414062,-38.67175572519084,27.64885496183206,-20.900763358778626,0.0
27.940000772476196,-11.801019982910155,0.55545478515625,9.334992272949219,27.6793893129771,-115.0381679389313,-16.12213740458015,-22.132000146484373,-8.482656481933594,1.8195932617187498,-28.198473282442748,30.68702290076336,-31.84732824427481,0.0
27.950000524520874,-12.564770312499999,-1.0414777221679687,10.141838232421874,66.68702290076335,-126.27480916030534,-9.099236641221374,-21.133618054199218,-4.216189123535156,0.9552864624023437,2.946564885496183,21.221374045801525,-38.0,0.0
27.96000051498413,-14.113818786621094,-1.1468225952148436,11.17852755126953,102.09160305343511,-135.6793893129771,-3.2519083969465647,-16.529568261718747,-1.369483349609375,-0.8738836059570312,15.099236641221374,14.580152671755725,-28.366412213740457,0.0
27.97000026702881,-16.208745239257812,-0.11013327636718749,9.643844287109374,122.53435114503817,-149.9236641221374,3.2061068702290076,-12.095506787109374,2.4971523315429685,-2.9855694702148434,30.198473282442748,-5.435114503816794,-21.099236641221374,0.0
27.980000495910645,-17.57104598388672,1.5442600708007812,8.070853796386718,115.83206106870229,-161.98473282442748,5.6183206106870225,-9.184157568359375,3.5697546752929687,-1.7860744384765623,34.80916030534351,-5.145038167938932,-11.465648854961833,0.0
27.990000247955322,-16.75222901611328,2.3511060302734372,4.280832568359375,89.31297709923665,-171.25190839694656,6.183206106870229,-7.960720520019531,2.39420166015625,-1.7094599853515624,31.389312977099237,-14.931297709923664,-3.969465648854962,0.0
28.000000476837158,-15.502455749511718,3.4739866088867184,1.2641384765625,58.35114503816794,-168.7175572519084,5.374045801526718,-8.238447912597655,-1.1444283935546875,-1.1037269653320312,23.17557251908397,-6.122137404580153,-0.916030534351145,0.0
28.010000467300415,-12.97178459472656,3.921702319335937,-1.0678139404296874,24.519083969465647,-160.8091603053435,6.183206106870229,-8.741230261230468,-3.6535517333984373,-1.8267758666992187,31.389312977099237,-1.6488549618320612,1.6946564885496183,0.0
28.02000069618225,-10.64222637939453,2.39420166015625,-2.786850732421875,11.725190839694656,-141.4351145038168,11.068702290076336,-8.772354882812499,-3.6367923217773437,-3.4356793823242184,47.31297709923664,6.366412213740458,4.870229007633588,0.0
28.030000925064087,-7.438784558105469,0.47644613037109373,-4.3071687866210935,12.198473282442748,-117.8473282442748,15.145038167938932,-8.511386901855468,-2.0374656127929685,-4.259284753417968,55.17557251908397,17.435114503816795,7.32824427480916,0.0
28.040000677108765,-5.413289953613281,-1.8052280517578123,-3.8091748413085935,20.091603053435115,-85.26717557251908,15.297709923664122,-6.2392895263671875,1.1827356201171875,-5.84185205078125,46.61068702290076,29.0381679389313,4.717557251908397,0.0
28.0500009059906,-5.099649536132812,-2.896984008789062,-2.91134921875,28.702290076335878,-58.61068702290076,13.114503816793894,-7.754819177246094,0.852335791015625,-4.00310517578125,19.755725190839694,49.6793893129771,8.625954198473282,0.0
28.06000065803528,-5.135562561035156,-1.927332336425781,-1.4532804077148436,42.916030534351144,-28.99236641221374,12.931297709923664,-6.438008264160156,2.205059729003906,-1.9919757812499999,-10.763358778625955,60.33587786259542,10.80916030534351,0.0
28.070000648498535,-4.896142395019531,-1.0606313354492187,-0.7805097412109374,52.030534351145036,-3.3282442748091605,11.16030534351145,-11.111489904785156,-2.128445275878906,0.9600748657226562,-21.0381679389313,61.66412213740458,21.770992366412212,0.0
28.080000638961792,-7.505822204589843,3.6104561035156246,1.2282254516601563,24.85496183206107,1.2671755725190839,2.015267175572519,-10.429142431640624,-2.0446482177734375,1.3048399047851562,-15.725190839694656,50.534351145038165,19.66412213740458,0.0
28.09000062942505,-6.169857678222656,2.806004345703125,0.6919242797851562,-1.0076335877862594,4.442748091603053,2.732824427480916,-11.956643090820311,-2.4851813232421875,3.3877953491210935,-20.0,46.6412213740458,18.702290076335878,0.0
28.100000619888306,-4.113238452148437,0.40940848388671874,-0.11013327636718749,-18.442748091603054,12.80916030534351,2.213740458015267,-13.424288708496093,-5.403713146972656,3.0047230834960934,-5.267175572519084,30.748091603053435,16.900763358778626,0.0
28.110000610351562,-4.082113830566406,0.1771709228515625,0.45010991210937495,-33.954198473282446,21.206106870229007,-7.0534351145038165,-11.860875024414062,-4.972756848144531,2.5641899780273434,13.694656488549619,13.19083969465649,12.396946564885496,0.0
28.12000036239624,-2.7748797241210936,-0.15322890625,0.42377369384765623,-45.80152671755725,29.14503816793893,-15.374045801526718,-9.069235888671875,-2.612074011230469,1.4963760375976562,8.351145038167939,8.305343511450381,6.625954198473282,0.0
28.130000591278076,-4.256890551757812,0.5793968017578125,1.1061211669921875,-61.12977099236641,37.221374045801525,-23.46564885496183,-9.193734375,-1.5131354492187499,0.8571241943359375,2.595419847328244,4.137404580152672,6.183206106870229,0.0
28.140000581741333,-4.161122485351562,-0.05985504150390625,1.1731588134765625,-68.59541984732824,44.06106870229008,-27.19083969465649,-8.70771143798828,-0.5770026000976562,-0.30406361083984373,-3.648854961832061,3.404580152671756,4.5038167938931295,0.0
28.15000057220459,-3.385401147460937,-1.20667763671875,0.59376201171875,-63.587786259541986,53.55725190839695,-27.66412213740458,-9.277531433105468,-1.7836802368164062,-0.1005564697265625,-5.694656488549619,5.801526717557252,3.450381679389313,0.0
28.160000801086426,-3.5960908935546874,-1.4724340209960938,0.6967126831054687,-51.221374045801525,65.0381679389313,-28.396946564885496,-7.338228088378906,0.6679822631835937,-1.0558429321289062,-2.9770992366412212,0.4122137404580153,-2.015267175572519,0.0
28.170000314712524,-4.2329485351562495,-0.9193734375,1.1228805786132812,-37.541984732824424,77.40458015267176,-29.34351145038168,-8.489839086914062,1.2761094848632812,-2.3415292236328122,-10.82442748091603,2.6259541984732824,-1.4351145038167938,0.0
28.18000078201294,-4.647145422363281,-0.5674257934570313,1.9297265380859374,-29.862595419847327,87.31297709923665,-29.81679389312977,-9.658209497070311,-0.12449848632812499,-1.467645617675781,-21.053435114503817,11.587786259541986,2.2442748091603053,0.0
28.190000534057617,-5.260061047363281,-0.8212111694335937,3.0980969482421874,-26.717557251908396,93.90839694656489,-30.076335877862597,-10.007762939453125,-0.32561142578124996,-1.1923124267578125,-16.03053435114504,11.17557251908397,5.038167938931298,0.0
28.200001001358032,-6.0333881835937495,-0.8283937744140625,4.412513659667969,-26.82442748091603,99.19083969465649,-31.786259541984734,-10.002974536132811,-0.7541735229492187,-0.43574470214843747,-12.977099236641221,11.297709923664122,6.549618320610687,0.0
28.21000051498413,-7.132326745605468,-0.27293898925781246,5.853823059082031,-27.893129770992367,100.04580152671755,-34.091603053435115,-10.311826550292968,-1.4341267944335936,-0.12210428466796874,-7.572519083969466,11.358778625954198,9.114503816793894,0.0
28.220000505447388,-8.480262280273436,0.06943184814453125,7.319074475097656,-22.106870229007633,101.22137404580153,-32.30534351145038,-9.840168823242188,-1.3311761230468748,-0.36391865234375,-3.3587786259541983,10.549618320610687,11.007633587786259,0.0
28.230000495910645,-9.064447485351561,0.3711012573242187,7.934384301757812,-6.473282442748092,100.1526717557252,-26.68702290076336,-9.507374792480467,-2.43250888671875,-0.0718260498046875,2.213740458015267,10.549618320610687,13.251908396946565,0.0
28.2400004863739,-9.548076220703125,1.13006318359375,8.492233288574218,15.786259541984732,100.22900763358778,-17.480916030534353,-9.382876306152344,-2.114080065917969,-0.3016694091796875,5.6183206106870225,12.061068702290076,11.053435114503817,0.0
28.25000023841858,-9.220070593261719,2.099714855957031,8.104372619628906,36.13740458015267,99.37404580152672,-8.687022900763358,-9.964667309570311,0.17956512451171874,-1.3862427612304686,0.5038167938931297,10.992366412213741,12.01526717557252,0.0
28.260000944137573,-11.286266625976562,5.913678100585937,8.355763793945313,41.66412213740458,95.86259541984732,-6.122137404580153,-9.49300958251953,-0.6943184814453125,-0.49320554199218747,-11.32824427480916,13.801526717557252,15.541984732824428,0.0
28.27000093460083,-12.598289135742187,6.382941625976562,9.203311181640624,26.702290076335878,83.09923664122137,2.717557251908397,-10.474632263183594,-0.7733271362304687,0.19871873779296872,-17.61832061068702,18.946564885496183,15.038167938931299,0.0
28.280000686645508,-11.513715783691406,2.7246014892578123,9.765948571777344,36.29007633587786,77.05343511450381,18.106870229007633,-8.379705810546875,-0.5506663818359374,-0.2753331909179687,-23.954198473282442,14.15267175572519,12.061068702290076,0.0
28.290000915527344,-13.086706274414063,1.8602946899414061,10.223241088867187,24.885496183206108,60.82442748091603,22.717557251908396,-9.720458740234374,-0.18914193115234373,-0.22266075439453123,-30.870229007633586,18.015267175572518,10.198473282442748,0.0
28.30000066757202,-13.613430639648437,2.2002713256835937,8.894459167480468,1.2366412213740459,39.969465648854964,22.702290076335878,-8.741230261230468,0.17238251953125,-0.07900865478515624,-45.57251908396947,19.450381679389313,10.442748091603054,0.0
28.31000065803528,-12.246341491699217,0.239420166015625,7.3837179199218745,-15.32824427480916,22.83969465648855,20.38167938931298,-9.528922607421874,-0.7805097412109374,-0.6607996582031249,-54.916030534351144,22.27480916030534,13.221374045801527,0.0
28.320000648498535,-10.769119067382812,-3.9624037475585934,6.241683728027343,-17.251908396946565,13.801526717557252,13.969465648854962,-10.850521923828124,-2.729389892578125,0.16041151123046873,-49.16030534351145,18.259541984732824,15.541984732824428,0.0
28.330000638961792,-10.244788903808594,-3.4907460205078125,5.6766521362304685,11.801526717557252,17.31297709923664,6.076335877862595,-10.86009873046875,-4.173093493652344,0.6512228515624999,-36.50381679389313,10.625954198473282,14.16793893129771,0.0
28.34000062942505,-10.498574279785156,1.714248388671875,4.5322237426757805,16.519083969465647,12.412213740458014,0.5190839694656488,-9.672574707031249,-2.039859814453125,-0.6512228515624999,-29.572519083969464,4.290076335877862,10.01526717557252,0.0
28.350000619888306,-11.334150659179686,4.046200805664062,5.659892724609374,22.519083969465647,11.923664122137405,9.374045801526718,-9.552864624023437,-1.5969325073242187,-1.3407529296874998,-29.282442748091604,1.8625954198473282,10.870229007633588,0.0
28.360000371932983,-12.169727038574218,2.50912333984375,6.399701037597656,22.717557251908396,8.305343511450381,18.732824427480917,-8.719682446289061,-1.0486603271484374,-2.1691467041015624,-28.427480916030536,-0.5954198473282443,10.290076335877863,0.0
28.37000060081482,-12.677297790527343,1.6903063720703124,5.2456958374023435,13.251908396946565,4.290076335877862,21.206106870229007,-8.911218579101561,-1.0797849487304687,-2.808398547363281,-29.52671755725191,1.2213740458015268,9.068702290076336,0.0
28.380000591278076,-12.109871997070313,2.693476867675781,2.4444798950195312,3.435114503816794,2.427480916030534,19.6793893129771,-8.66940421142578,-0.6153098266601562,-3.248931652832031,-27.0381679389313,0.9770992366412213,8.748091603053435,0.0
28.390000581741333,-10.721235034179687,4.276044165039062,-0.5315127685546874,-11.908396946564885,3.954198473282443,18.85496183206107,-9.749189160156249,-0.17477672119140625,-3.5601778686523438,-24.68702290076336,2.549618320610687,10.931297709923664,0.0
28.40000081062317,-9.471461767578125,3.785232824707031,-1.149216796875,-29.587786259541986,6.900763358778626,16.885496183206108,-10.206481677246094,0.3064578125,-3.7229835815429686,-20.748091603053435,2.366412213740458,12.717557251908397,0.0
28.410000562667847,-8.157045056152343,2.0254946044921875,-1.3551181396484375,-41.70992366412214,11.435114503816793,15.404580152671755,-10.563217724609375,1.0295067138671874,-3.4715924072265625,-18.47328244274809,3.053435114503817,13.786259541984732,0.0
28.420000791549683,-8.712499841308594,2.5258827514648434,-1.0295067138671874,-54.51908396946565,15.419847328244275,12.916030534351146,-10.491391674804687,1.9752163696289062,-3.1555577880859373,-18.33587786259542,2.122137404580153,14.854961832061068,0.0
28.43000054359436,-8.698134631347656,2.6886884643554687,-0.7565677246093749,-60.458015267175576,19.297709923664122,14.122137404580153,-10.182539660644531,2.616862414550781,-2.9927520751953125,-20.748091603053435,2.2595419847328246,15.786259541984732,0.0
28.440000534057617,-9.03332286376953,1.7238251953125,0.03591302490234375,-65.48091603053435,22.30534351145038,14.625954198473282,-11.341333264160156,1.3958195678710936,-1.7022773803710936,-19.87786259541985,3.053435114503817,17.389312977099237,0.0
28.450000524520874,-7.141903552246093,-2.9544448486328125,-0.16759411621093748,-44.85496183206107,31.404580152671755,16.85496183206107,-10.062829577636718,3.5865140869140624,-1.8291700683593748,-20.900763358778626,-0.061068702290076333,14.992366412213741,0.0
28.46000051498413,-8.245630517578125,-2.3319524169921872,0.5195417602539062,-27.297709923664122,36.213740458015266,11.893129770992367,-10.17056865234375,5.130774157714844,-2.6408044311523438,-28.931297709923665,-2.3206106870229006,13.526717557251908,0.0
28.470000505447388,-9.004592443847656,-1.3287819213867187,0.047884033203124995,-12.183206106870228,38.778625954198475,6.2748091603053435,-11.164162341308593,3.402160559082031,-2.0661960327148434,-42.56488549618321,5.3893129770992365,17.068702290076335,0.0
28.480000495910645,-9.923965881347655,0.8954314208984374,0.5123591552734374,-5.66412213740458,41.221374045801525,1.6488549618320612,-10.714052429199219,3.124433166503906,-1.9584569580078124,-43.7557251908397,5.267175572519084,18.931297709923665,0.0
28.4900004863739,-10.807426293945312,2.6240450195312497,0.7637503295898437,-8.01526717557252,37.465648854961835,-1.083969465648855,-10.912771166992187,1.7381904052734374,-2.3535002319335936,-44.717557251908396,5.877862595419847,21.099236641221374,0.0
28.500000476837158,-10.005368737792969,3.5793314819335937,0.181959326171875,-11.86259541984733,32.76335877862596,-1.0381679389312977,-10.905588562011719,0.7350199096679687,-2.1404162841796874,-45.12977099236641,5.8320610687022905,19.908396946564885,0.0
28.510000705718994,-12.033257543945313,5.6383449096679685,1.1109095703125,-22.870229007633586,28.702290076335878,-0.9618320610687023,-10.934318981933593,-0.16998831787109375,-1.4173673828125,-43.282442748091604,4.534351145038168,17.251908396946565,0.0
28.520000457763672,-10.462661254882812,3.9983167724609374,-0.016759411621093748,-34.732824427480914,20.549618320610687,5.251908396946565,-10.378864196777343,-0.7134720947265625,-0.8714894042968749,-39.31297709923664,3.282442748091603,13.221374045801527,0.0
28.530000925064087,-9.141061938476563,1.5849614990234373,-0.6536170532226562,-29.51145038167939,21.72519083969466,9.908396946564885,-10.216058483886718,-0.814028564453125,-0.6177040283203125,-32.97709923664122,2.1068702290076335,10.229007633587786,0.0
28.540000677108765,-10.053252770996092,1.9823989746093749,0.29927520751953124,-22.870229007633586,26.80916030534351,9.404580152671755,-10.05564697265625,-1.2234370483398436,-0.16041151123046873,-25.49618320610687,-0.13740458015267176,9.129770992366412,0.0
28.5500009059906,-9.87608184814453,1.5729904907226562,0.1005564697265625,-34.10687022900763,20.900763358778626,8.564885496183207,-8.894459167480468,0.10295067138671875,-0.2753331909179687,-12.641221374045802,-9.145038167938932,5.526717557251908,0.0
28.560000896453857,-9.720458740234374,0.5458779785156249,0.3232172241210937,-32.732824427480914,21.862595419847327,8.412213740458014,-9.732429748535155,-1.1324573852539062,0.5267243652343749,-15.358778625954198,-9.694656488549619,4.1679389312977095,0.0
28.570000410079956,-9.0788126953125,-0.4070142822265625,0.6775590698242188,-29.068702290076335,22.427480916030536,5.221374045801527,-8.990227233886719,-0.21068974609375,-1.1420341918945311,3.5877862595419847,-12.83969465648855,1.5419847328244274,0.0
28.580000638961792,-9.536105212402344,-1.0127473022460938,1.1324573852539062,-23.099236641221374,24.15267175572519,2.6259541984732824,-10.175357055664062,-1.0558429321289062,0.9840168823242187,-3.2061068702290076,-16.16793893129771,2.9923664122137406,0.0
28.59000062942505,-8.228871105957031,-2.5761609863281247,0.8499415893554687,-2.3206106870229006,30.977099236641223,0.5648854961832062,-9.105148913574219,0.86191259765625,-0.9121908325195311,40.50381679389313,-20.68702290076336,-0.32061068702290074,0.0
28.600000619888306,-9.081206896972656,-1.7908628417968748,1.5921441040039062,12.15267175572519,36.19847328244275,-5.083969465648855,-7.754819177246094,3.318363500976562,-1.659181750488281,23.46564885496183,-16.229007633587788,-3.877862595419847,0.0
28.610000610351562,-10.366893188476562,0.6177040283203125,2.398990063476562,13.114503816793894,35.847328244274806,-10.412213740458014,-7.989450939941406,3.7612908081054686,-1.6041151123046875,-0.24427480916030533,-11.587786259541986,-1.282442748091603,0.0
28.62000036239624,-11.046846459960937,1.7190367919921874,2.5474305664062498,11.648854961832061,32.091603053435115,-11.435114503816793,-9.53131680908203,1.1875240234375,-1.0582371337890624,0.21374045801526717,-9.007633587786259,3.282442748091603,0.0
28.630000591278076,-10.263942517089843,2.8203695556640622,1.9800047729492187,7.4961832061068705,25.358778625954198,-9.648854961832061,-9.402029919433593,0.7517793212890624,-1.0941501586914062,3.0381679389312977,-8.931297709923664,2.015267175572519,0.0
28.640000581741333,-11.111489904785156,3.754108203125,2.1739351074218747,-3.984732824427481,21.068702290076335,-8.992366412213741,-10.75714805908203,-1.4867992309570313,-0.028730419921875,4.534351145038168,-9.572519083969466,3.053435114503817,0.0
28.65000081062317,-10.807426293945312,3.806780639648437,1.5490484741210937,-23.862595419847327,9.419847328244275,-6.748091603053435,-9.548076220703125,-0.6200982299804687,-0.5817910034179687,15.129770992366412,-16.198473282442748,-0.32061068702290074,0.0
28.660001039505005,-9.78031378173828,1.3048399047851562,1.0630255371093749,-13.816793893129772,12.687022900763358,-1.5725190839694656,-13.804966772460936,-6.117185241699218,2.252943762207031,29.755725190839694,-19.389312977099237,3.4198473282442747,0.0
28.670000314712524,-9.04050546875,1.4006079711914061,0.9121908325195311,-8.259541984732824,13.618320610687023,-2.351145038167939,-9.042899670410156,-1.1228805786132812,-0.4429273071289062,33.66412213740458,-37.43511450381679,-6.595419847328245,0.0
28.68000078201294,-9.07163009033203,2.1691467041015624,0.9911994873046874,-9.770992366412214,13.282442748091603,-2.2595419847328246,-8.738836059570312,2.901772412109375,-1.5801730957031248,27.297709923664122,-34.70229007633588,-10.320610687022901,0.0
28.690000534057617,-9.528922607421874,2.6575638427734374,1.5634136840820312,-15.221374045801527,12.01526717557252,-2.5343511450381677,-10.819397302246093,1.1540052001953125,-1.0127473022460938,11.923664122137405,-25.404580152671755,-5.435114503816794,0.0
28.700000762939453,-9.95987890625,2.2098481323242187,1.678335363769531,-16.3206106870229,10.82442748091603,-2.8091603053435112,-10.73799444580078,0.9265560424804687,-0.42377369384765623,9.740458015267176,-25.83206106870229,-4.3816793893129775,0.0
28.71000027656555,-10.347739575195313,2.1068974609374997,1.8770541015625,-15.664122137404581,8.595419847328245,-1.5267175572519085,-10.424354028320312,0.39983167724609375,-0.2346317626953125,13.068702290076336,-28.427480916030536,-6.290076335877862,0.0
28.720000743865967,-9.935936889648437,1.889025109863281,1.8243816650390623,-12.977099236641221,8.290076335877863,-0.10687022900763359,-9.469067565917967,1.3383587280273437,-1.4700398193359374,19.083969465648856,-29.404580152671755,-10.335877862595419,0.0
28.730000495910645,-10.302249743652343,2.195482922363281,1.9416975463867185,-14.580152671755725,5.877862595419847,-0.5038167938931297,-9.198522778320312,1.5275006591796874,-2.1978771240234374,9.618320610687023,-25.129770992366414,-10.702290076335878,0.0
28.7400004863739,-9.76116016845703,1.3718775512695311,1.599326708984375,-12.50381679389313,5.648854961832061,0.9007633587786259,-9.047688073730468,1.9105729248046874,-0.7206546997070312,0.030534351145038167,-21.053435114503817,-8.076335877862595,0.0
28.750000715255737,-9.947907897949218,1.3383587280273437,1.6352397338867186,-10.366412213740459,4.885496183206107,1.2671755725190839,-10.369287390136718,-0.38307226562499996,-0.23223756103515625,-7.404580152671755,-19.69465648854962,-4.427480916030534,0.0
28.760000467300415,-9.100360510253905,0.7757213378906249,1.0749965454101562,-5.893129770992366,3.816793893129771,1.5419847328244274,-9.777919580078125,-0.17956512451171874,0.21068974609375,16.870229007633586,-22.610687022900763,-4.748091603053435,0.0
28.77000093460083,-9.306261853027344,0.8164227661132812,0.9241618408203125,-1.4809160305343512,4.1679389312977095,0.42748091603053434,-10.73799444580078,-1.4724340209960938,-0.0909796630859375,28.38167938931298,-24.53435114503817,-5.709923664122138,0.0
28.780000686645508,-9.222464794921875,0.7254431030273437,0.9169792358398436,3.312977099236641,4.702290076335878,-0.9618320610687023,-9.952696301269532,0.5099649536132812,-1.0127473022460938,39.41984732824427,-27.801526717557252,-8.625954198473282,0.0
28.790001153945923,-9.816226806640625,1.4867992309570313,1.2138602416992186,6.916030534351145,5.816793893129771,-1.3282442748091603,-9.188945971679686,1.618480322265625,-1.2737152832031249,30.610687022900763,-23.572519083969464,-7.557251908396947,0.0
28.80000066757202,-9.497797985839844,1.8100164550781248,1.0510545288085937,9.572519083969466,5.3893129770992365,-0.3816793893129771,-8.760383874511719,1.9536685546875,-0.7613561279296874,27.251908396946565,-18.778625954198475,-5.511450381679389,0.0
28.810000896453857,-9.658209497070311,2.2266075439453124,1.1348515869140625,10.106870229007633,4.870229007633588,-0.015267175572519083,-9.145850341796875,1.22583125,-0.9265560424804687,25.786259541984734,-17.419847328244273,-4.122137404580153,0.0
28.820000886917114,-9.751583361816406,2.176329309082031,1.1156979736328125,10.687022900763358,4.580152671755725,1.83206106870229,-10.067617980957031,0.06703764648437499,0.33518823242187495,30.427480916030536,-17.221374045801525,-4.030534351145038,0.0
28.830000638961792,-9.78031378173828,2.1260510742187497,1.2042834350585936,11.618320610687023,4.5038167938931295,3.7709923664122136,-10.702081420898438,-1.1827356201171875,-0.0383072265625,33.63358778625954,-23.14503816793893,-5.312977099236641,0.0
28.84000062942505,-9.447519750976562,1.889025109863281,1.1707646118164061,11.908396946564885,5.129770992366412,5.709923664122138,-9.504980590820312,-0.33758243408203126,-0.603338818359375,42.3206106870229,-29.129770992366414,-8.061068702290076,0.0
28.850000619888306,-9.495403784179686,1.7932570434570312,1.350329736328125,10.610687022900763,5.282442748091603,5.694656488549619,-9.253589416503905,1.1755530151367186,-0.34715924072265625,33.969465648854964,-30.580152671755727,-10.13740458015267,0.0
28.860000610351562,-9.481038574218749,1.2808978881835937,1.4987702392578124,5.450381679389313,4.885496183206107,3.5572519083969465,-7.879317663574218,3.0406361083984375,-0.45489831542968745,16.946564885496183,-24.366412213740457,-9.572519083969466,0.0
28.87000060081482,-9.907206469726562,1.0917559570312498,1.8028338500976562,0.8396946564885496,2.763358778625954,0.1984732824427481,-8.355763793945313,3.81156904296875,-0.6512228515624999,10.549618320610687,-21.251908396946565,-7.969465648854962,0.0
28.880000591278076,-10.321403356933594,1.0582371337890624,1.3838485595703125,2.6564885496183206,2.549618320610687,-0.6412213740458015,-10.864887133789061,0.3495534423828125,-0.5195417602539062,13.19083969465649,-14.412213740458014,-4.687022900763359,0.0
28.890000343322754,-10.235212097167969,2.0302830078125,1.2210428466796874,4.33587786259542,2.9618320610687023,0.5190839694656488,-8.712499841308594,2.1643583007812497,0.2537853759765625,-2.717557251908397,-16.259541984732824,-7.114503816793893,0.0
28.90000033378601,-9.718064538574218,2.0183119995117185,0.8978256225585937,4.717557251908397,3.7251908396946565,0.8244274809160306,-10.35492218017578,-0.22505495605468748,0.033518823242187495,15.236641221374045,-18.549618320610687,-4.656488549618321,0.0
28.910000801086426,-9.083601098632812,1.3742717529296875,0.46208092041015625,6.412213740458015,5.083969465648855,0.44274809160305345,-9.792284790039062,0.05985504150390625,0.9217676391601562,14.534351145038167,-20.35114503816794,-6.717557251908397,0.0
28.920000791549683,-9.79946739501953,3.0789433349609374,1.5634136840820312,6.916030534351145,8.458015267175572,-2.015267175572519,-9.753977563476562,-0.10773907470703124,0.45489831542968745,24.061068702290076,-23.557251908396946,-8.045801526717558,0.0
28.93000078201294,-10.328585961914062,3.5913024902343746,1.6807295654296874,-9.725190839694656,4.0,-4.0,-9.042899670410156,1.4820108276367188,0.36391865234375,23.633587786259543,-24.091603053435115,-9.16030534351145,0.0
28.940000534057617,-8.89924757080078,1.2856862915039062,1.1755530151367186,-10.732824427480915,2.9770992366412212,-2.0,-9.581595043945311,1.1085153686523437,-0.6727706665039062,9.801526717557252,-21.328244274809162,-8.961832061068701,0.0
28.950000524520874,-10.690110412597656,3.337517114257812,2.4133552734375,-6.106870229007634,8.061068702290076,-5.00763358778626,-9.888052856445311,0.8283937744140625,-0.6607996582031249,6.290076335877862,-14.534351145038167,-7.312977099236641,0.0
28.96000051498413,-11.432312927246093,4.390965844726562,2.9640216552734375,-25.923664122137403,-2.564885496183206,-4.916030534351145,-7.845798840332031,3.423708374023437,-1.3646949462890625,-5.877862595419847,-12.13740458015267,-8.961832061068701,0.0
28.970000505447388,-10.345345373535155,2.81558115234375,2.597708801269531,-22.748091603053435,-2.6564885496183206,-0.916030534351145,-9.629479077148437,1.5705962890624998,-0.9050082275390624,-4.198473282442748,-7.862595419847328,-5.740458015267175,0.0
28.980000495910645,-8.985438830566405,0.9097966308593749,2.032677209472656,-20.061068702290076,-4.656488549618321,1.3282442748091603,-9.478644372558593,0.7709329345703124,-0.59376201171875,-8.793893129770993,-6.99236641221374,-6.137404580152672,0.0
28.9900004863739,-8.815450512695312,0.42377369384765623,1.6160861206054686,-13.664122137404581,-5.7251908396946565,2.7480916030534353,-9.327809667968749,0.28730419921875,-0.47165772705078124,-9.648854961832061,-7.206106870229007,-6.885496183206107,0.0
29.000000476837158,-10.105925207519531,2.1452046874999997,2.446874096679687,-13.083969465648854,-5.572519083969466,0.4122137404580153,-9.804255798339844,-0.13407529296874998,0.19393033447265623,-9.038167938931299,-8.244274809160306,-7.7251908396946565,0.0
29.010000705718994,-9.332598071289063,1.7621324218749999,2.4253262817382812,-7.6183206106870225,-4.0,0.21374045801526717,-9.411606726074218,-0.3064578125,0.39983167724609375,-9.801526717557252,-8.687022900763358,-8.900763358778626,0.0
29.020000457763672,-8.556876733398436,0.8164227661132812,2.0087351928710935,-9.83206106870229,-8.091603053435115,0.6412213740458015,-9.777919580078125,0.1771709228515625,0.0143652099609375,2.1526717557251906,-13.86259541984733,-11.16030534351145,0.0
29.030000925064087,-8.793902697753905,1.3192051147460937,2.2481553588867187,-10.427480916030534,-11.297709923664122,0.6717557251908397,-8.489839086914062,0.9121908325195311,0.4836287353515625,-11.49618320610687,-11.49618320610687,-12.65648854961832,0.0
29.040000677108765,-8.250418920898436,0.7852981445312499,2.0781670410156248,-8.122137404580153,-13.648854961832061,2.3206106870229006,-9.488221179199218,0.17477672119140625,0.12689268798828124,-7.129770992366412,-10.274809160305344,-12.183206106870228,0.0
29.0500009059906,-9.866505041503906,2.3223756103515623,3.1747114013671873,-2.3206106870229006,-11.129770992366412,-0.32061068702290074,-9.390058911132812,-0.023942016601562498,0.35194764404296874,-5.526717557251908,-9.86259541984733,-12.13740458015267,0.0
29.060000896453857,-9.270348828125,1.8363526733398436,3.1603461914062496,4.183206106870229,-10.83969465648855,1.0687022900763359,-9.928754284667969,-0.1580173095703125,-0.016759411621093748,5.969465648854962,-13.557251908396946,-12.13740458015267,0.0
29.070000648498535,-8.413224633789062,0.833182177734375,2.370259643554687,8.045801526717558,-13.83206106870229,3.572519083969466,-9.624690673828125,-0.7422025146484375,0.2920926025390625,4.458015267175573,-9.755725190839694,-12.335877862595419,0.0
29.08000087738037,-8.118737829589843,1.0702081420898437,2.592920397949219,18.870229007633586,-9.98473282442748,2.9618320610687023,-7.903259680175781,1.3168109130859373,-0.181959326171875,3.5419847328244276,-10.366412213740459,-14.549618320610687,0.0
29.090000867843628,-9.337386474609374,2.6862942626953124,3.258508459472656,15.251908396946565,-12.488549618320612,0.8244274809160306,-9.018957653808593,0.076614453125,-0.09576806640624999,-0.8702290076335878,-6.2748091603053435,-11.938931297709924,0.0
29.100000381469727,-10.855310327148437,4.278438366699218,3.9815573608398434,1.9694656488549618,-19.81679389312977,0.04580152671755725,-9.291896643066405,-0.06703764648437499,0.22505495605468748,2.183206106870229,-6.061068702290076,-11.236641221374045,0.0
29.110000610351562,-10.12507882080078,3.303998291015625,4.096479040527344,0.5038167938931297,-23.435114503816795,3.068702290076336,-9.05965908203125,-0.39983167724609375,0.4525041137695312,5.099236641221374,-6.076335877862595,-11.908396946564885,0.0
29.12000060081482,-10.09395419921875,2.9735984619140625,4.355052819824219,1.6946564885496183,-25.603053435114504,3.145038167938931,-8.729259252929687,-0.4070142822265625,0.4333505004882812,7.236641221374046,-5.969465648854962,-12.961832061068701,0.0
29.130000352859497,-9.773131176757811,2.4564509033203126,4.331110803222656,3.0839694656488548,-30.396946564885496,3.1297709923664123,-8.75320126953125,-0.6871358764648438,0.5315127685546874,9.236641221374045,-6.412213740458015,-13.038167938931299,0.0
29.140000343322754,-8.504204296874999,0.9864110839843749,3.545812658691406,5.358778625954199,-34.06106870229008,3.8473282442748094,-8.805873706054687,-0.7829039428710937,0.8307879760742187,12.076335877862595,-5.343511450381679,-12.946564885496183,0.0
29.15000057220459,-7.149086157226562,0.09337386474609374,2.4899697265625,9.938931297709924,-36.6412213740458,3.9389312977099236,-8.243236315917969,-0.3711012573242187,0.6847416748046875,14.946564885496183,-5.541984732824427,-14.0,0.0
29.160001039505005,-8.530540515136718,1.7118541870117185,2.592920397949219,6.442748091603053,-36.50381679389313,-0.5343511450381679,-8.166621862792969,-0.3136404174804687,0.9193734375,17.740458015267176,-5.358778625954199,-13.923664122137405,0.0
29.170000314712524,-8.647856396484375,2.1619640991210938,2.6599580444335937,5.022900763358779,-35.86259541984733,-1.5572519083969465,-7.740453967285156,0.411802685546875,0.009576806640625,18.80916030534351,-6.015267175572519,-13.877862595419847,0.0
29.18000102043152,-7.790732202148437,1.189918225097656,2.3822306518554686,9.038167938931299,-32.396946564885496,-0.2595419847328244,-7.800309008789062,0.29448680419921874,1.1037269653320312,13.450381679389313,-1.7099236641221374,-12.427480916030534,0.0
29.190000534057617,-8.839392529296875,2.2840683837890623,2.858676782226562,2.2900763358778624,-33.61832061068702,-3.114503816793893,-8.078036401367187,0.7326257080078125,0.9935936889648437,19.541984732824428,-3.49618320610687,-12.229007633587786,0.0
29.200000762939453,-7.903259680175781,0.430956298828125,2.6695348510742187,6.122137404580153,-32.54961832061068,-2.4122137404580153,-6.119579443359375,3.2249896362304686,-0.3232172241210937,1.0381679389312977,-0.32061068702290074,-13.526717557251908,0.0
29.21000051498413,-8.276755139160155,0.842758984375,3.892971899414062,5.908396946564886,-31.72519083969466,-6.213740458015267,-9.375693701171874,2.2768857788085937,-0.9002198242187499,-11.16030534351145,9.450381679389313,-9.099236641221374,0.0
29.220000505447388,-8.681375219726561,1.2569558715820313,4.216189123535156,4.549618320610687,-35.14503816793893,-10.65648854961832,-9.504980590820312,2.252943762207031,-0.8547299926757812,-24.12213740458015,12.290076335877863,-8.793893129770993,0.0
29.230000257492065,-8.245630517578125,0.19393033447265623,4.264073156738281,6.290076335877862,-39.48091603053435,-12.564885496183207,-8.731653454589843,3.323151904296875,-0.4213794921875,-38.10687022900763,13.099236641221374,-11.465648854961833,0.0
29.240000247955322,-8.75320126953125,0.38307226562499996,4.76924970703125,12.198473282442748,-44.51908396946565,-16.885496183206108,-9.519345800781249,2.1691467041015624,-0.3950432739257812,-56.458015267175576,18.900763358778626,-13.16030534351145,0.0
29.250000476837158,-8.413224633789062,0.8164227661132812,5.334281298828125,17.61832061068702,-48.045801526717554,-19.435114503816795,-9.490615380859374,1.2689268798828124,-0.3687070556640625,-76.30534351145039,27.267175572519083,-13.938931297709924,0.0
29.260000705718994,-9.050082275390624,1.908178723144531,5.501875415039062,20.80916030534351,-55.12977099236641,-21.96946564885496,-9.651026892089844,1.2378022583007813,-0.2537853759765625,-83.34351145038168,23.81679389312977,-16.610687022900763,0.0
29.27000093460083,-10.81460889892578,4.2688615600585935,6.380547424316406,13.740458015267176,-65.19083969465649,-23.6793893129771,-13.95580147705078,-2.3678654418945313,0.6560112548828124,-80.65648854961832,22.015267175572518,-19.236641221374047,0.0
29.28000044822693,-13.225569970703123,4.898536596679687,7.3549875,9.389312977099237,-77.00763358778626,-18.763358778625953,-15.682020874023436,-6.016628771972656,1.5466542724609373,-71.48091603053435,25.923664122137403,-21.786259541984734,0.0
29.290000915527344,-13.656526269531248,3.536235852050781,7.407659936523437,6.3816793893129775,-92.51908396946565,-9.206106870229007,-16.98207237548828,-5.5449710449218745,2.5330653564453125,-30.85496183206107,7.129770992366412,-22.793893129770993,0.0
29.3000009059906,-15.44978331298828,2.7533319091796873,8.451531860351562,16.106870229007633,-104.01526717557252,0.04580152671755725,-12.72997022705078,-1.848323681640625,0.36152445068359373,-12.15267175572519,-5.022900763358779,-22.946564885496183,0.0
29.310000896453857,-16.41943498535156,1.9297265380859374,8.667010009765624,22.610687022900763,-116.6412213740458,6.458015267175573,-10.517727893066406,0.8212111694335937,-1.8291700683593748,-7.038167938931298,-8.366412213740459,-20.53435114503817,0.0
29.320000648498535,-17.444153295898438,1.3048399047851562,8.939948999023438,33.81679389312977,-123.23664122137404,11.404580152671755,-10.302249743652343,-0.28969840087890625,-1.189918225097656,-8.80916030534351,-1.9694656488549618,-13.587786259541986,0.0
29.330000638961792,-16.68279716796875,-0.8571241943359375,7.000645654296875,38.85496183206107,-130.8854961832061,14.82442748091603,-10.433930834960936,-1.2282254516601563,-1.3431471313476562,-0.4122137404580153,-0.33587786259541985,-8.854961832061068,0.0
29.34000039100647,-15.555128186035155,-0.8164227661132812,4.860229370117187,34.94656488549618,-135.29770992366412,12.67175572519084,-8.999804040527343,-2.9185318237304685,-1.5107412475585937,7.541984732824427,3.0229007633587788,-7.679389312977099,0.0
29.350000619888306,-13.448230725097655,-0.4740519287109375,2.9496564453125,20.35114503816794,-139.3740458015267,7.435114503816794,-8.911218579101561,-4.180276098632812,-2.501940734863281,26.198473282442748,0.8091603053435115,-6.091603053435114,0.0
29.36000084877014,-11.549628808593749,-0.5051765502929687,-0.062249243164062495,11.114503816793894,-135.61832061068702,4.519083969465649,-9.184157568359375,-4.704606262207031,-2.923320227050781,39.9236641221374,5.557251908396947,-4.748091603053435,0.0
29.37000060081482,-9.133879333496093,-1.7477672119140624,-1.908178723144531,5.694656488549619,-128.0763358778626,2.7786259541984735,-8.559270935058594,-3.3016040893554686,-3.4165257690429685,53.02290076335878,11.251908396946565,-4.061068702290076,0.0
29.380000591278076,-7.235277416992187,-2.829946362304687,-1.8602946899414061,19.114503816793892,-108.83969465648855,2.198473282442748,-8.923189587402343,-2.0087351928710935,-3.3111808959960936,60.18320610687023,19.0381679389313,-2.4885496183206106,0.0
29.390000343322754,-8.564059338378906,-0.8643067993164062,-1.3072341064453123,13.358778625954198,-97.25190839694656,-3.6793893129770994,-9.184157568359375,-0.5339069702148437,-3.2728736694335936,59.57251908396947,25.00763358778626,-0.5343511450381679,0.0
29.40000033378601,-5.295974072265625,-3.2249896362304686,-2.4516625,25.541984732824428,-74.47328244274809,-1.5572519083969465,-6.976703637695312,1.8722656982421875,-2.5953145996093747,41.41984732824427,34.51908396946565,0.3969465648854962,0.0
29.410000562667847,-5.501875415039062,-2.6575638427734374,-1.848323681640625,45.61832061068702,-48.58015267175573,-2.8091603053435112,-9.038111267089842,1.2042834350585936,-1.6256629272460936,25.66412213740458,40.82442748091603,7.404580152671755,0.0
29.420000791549683,-5.659892724609374,-1.4173673828125,-0.7900865478515624,59.6793893129771,-24.061068702290076,-4.183206106870229,-10.072406384277343,1.3120225097656248,-1.4245499877929686,16.15267175572519,43.98473282442748,10.488549618320612,0.0
29.43000054359436,-5.178658190917968,-0.679953271484375,-0.47884033203125,69.29770992366412,-1.816793893129771,-4.458015267175573,-9.205705383300781,1.5083470458984374,-0.7685387329101562,-1.1450381679389312,49.267175572519086,13.236641221374045,0.0
29.440000772476196,-8.355763793945313,5.274426257324219,1.6352397338867186,44.030534351145036,4.442748091603053,-12.51908396946565,-10.951078393554686,-2.061407629394531,0.8810662109374999,-5.114503816793893,50.50381679389313,19.419847328244273,0.0
29.450000762939453,-7.184999182128906,4.965574243164062,0.507570751953125,4.549618320610687,-0.22900763358778625,-11.16030534351145,-11.121066711425781,-3.6200329101562496,0.8092401611328125,10.687022900763358,41.19083969465649,20.778625954198475,0.0
29.46000051498413,-6.059724401855468,4.3263223999023435,0.1867477294921875,-19.633587786259543,6.641221374045801,-7.541984732824427,-9.0788126953125,-2.2840683837890623,0.82360537109375,22.763358778625953,30.47328244274809,16.65648854961832,0.0
29.470000505447388,-5.303156677246093,3.641580725097656,-0.13646949462890623,-44.12213740458015,11.450381679389313,-9.374045801526718,-9.540893615722656,-2.27927998046875,0.26336218261718747,25.61832061068702,24.412213740458014,14.854961832061068,0.0
29.480000495910645,-4.996698864746094,2.9496564453125,-0.17956512451171874,-69.08396946564885,15.725190839694656,-12.641221374045802,-10.043675964355469,-3.0142998901367184,1.0175357055664063,26.48854961832061,22.396946564885496,14.595419847328245,0.0
29.4900004863739,-3.4069489624023435,-0.086191259765625,-1.209071838378906,-79.70992366412214,23.19083969465649,-11.740458015267176,-8.80347950439453,-0.689530078125,0.9026140258789062,26.48854961832061,17.022900763358777,10.244274809160306,0.0
29.500000715255737,-2.5474305664062498,-1.3335703247070312,-1.0965443603515623,-63.14503816793893,41.954198473282446,-11.816793893129772,-9.208099584960937,-0.6871358764648438,0.7876923461914062,16.48854961832061,16.244274809160306,8.748091603053435,0.0
29.510000705718994,-2.9376854370117185,-1.2713210815429687,-0.3854664672851562,-53.954198473282446,56.48854961832061,-14.946564885496183,-9.275137231445312,-0.37828386230468747,0.7038952880859375,5.022900763358779,15.770992366412214,6.854961832061068,0.0
29.52000069618225,-3.7229835815429686,-0.7924807495117187,-0.009576806640625,-42.88549618320611,71.14503816793894,-15.954198473282442,-9.145850341796875,-0.9457096557617187,0.18435352783203124,-4.809160305343512,14.732824427480915,5.358778625954199,0.0
29.530000925064087,-4.2137949218749995,-0.967257470703125,0.3232172241210937,-31.923664122137403,83.19083969465649,-13.98473282442748,-9.406818322753905,-1.618480322265625,0.28969840087890625,-8.122137404580153,12.885496183206106,4.854961832061068,0.0
29.540000677108765,-4.896142395019531,-1.3311761230468748,1.687912170410156,-24.27480916030534,93.72519083969466,-12.274809160305344,-9.248801013183593,-1.4149731811523436,0.11731588134765625,-10.0,11.17557251908397,3.2213740458015265,0.0
29.5500009059906,-5.796362219238281,-2.1356278808593747,3.919308117675781,-18.671755725190838,101.2824427480916,-12.13740458015267,-8.034940771484374,0.08858546142578125,0.11731588134765625,-21.083969465648856,13.419847328244275,2.564885496183206,0.0
29.5600004196167,-7.108384729003906,-2.5067291381835934,6.478709692382812,-7.1603053435114505,105.05343511450381,-13.007633587786259,-10.690110412597656,-0.277727392578125,-0.28490999755859375,-25.69465648854962,16.977099236641223,6.1679389312977095,0.0
29.570000648498535,-8.391676818847655,-2.6096798095703124,8.611943371582031,7.801526717557252,103.77099236641222,-14.091603053435115,-9.95987890625,-1.1444283935546875,0.6607996582031249,-29.389312977099237,19.52671755725191,6.488549618320611,0.0
29.580000400543213,-9.435548742675781,-1.3048399047851562,9.502586389160156,24.65648854961832,98.62595419847328,-14.610687022900763,-9.289502441406249,-2.858676782226562,1.1348515869140625,-26.091603053435115,12.106870229007633,9.099236641221374,0.0
29.59000039100647,-9.37808790283203,0.14604630126953125,9.65342109375,34.16793893129771,89.69465648854961,-14.106870229007633,-9.485826977539062,-3.3590649291992185,1.3814543579101561,-15.49618320610687,9.404580152671755,7.511450381679389,0.0
29.600000619888306,-10.340556970214843,1.6807295654296874,9.70369932861328,24.9618320610687,76.44274809160305,-15.221374045801527,-9.734823950195311,-3.2345664428710936,1.0199299072265624,-2.732824427480916,0.7175572519083969,7.755725190839694,0.0
29.610000610351562,-9.320627062988281,0.22744915771484372,8.63109698486328,36.12213740458015,75.87786259541984,-11.633587786259541,-9.5001921875,-2.96881005859375,0.9624690673828125,-2.50381679389313,2.3053435114503817,8.396946564885496,0.0
29.62000060081482,-11.238382592773437,2.8802245971679685,9.564835632324218,27.083969465648856,63.41984732824427,-14.213740458015268,-9.141061938476563,-1.9895815795898437,0.8738836059570312,-1.984732824427481,0.8549618320610687,8.854961832061068,0.0
29.630000591278076,-10.843339318847656,2.5570073730468748,8.492233288574218,24.427480916030536,52.10687022900763,-7.175572519083969,-8.40125362548828,-0.36631285400390623,-0.16280571289062498,-5.404580152671755,-0.2900763358778626,9.511450381679388,0.0
29.640000343322754,-9.658209497070311,2.408566870117187,7.9463553100585935,37.17557251908397,47.00763358778626,3.0381679389312977,-7.381323718261719,0.00718260498046875,-0.2537853759765625,-13.664122137404581,0.9770992366412213,10.534351145038167,0.0
29.65000057220459,-10.0748005859375,2.4684219116210935,8.080430603027343,47.61832061068702,40.85496183206107,12.625954198473282,-7.513004809570312,-1.5705962890624998,0.11013327636718749,-9.908396946564885,5.572519083969466,13.48091603053435,0.0
29.660000801086426,-9.323021264648437,2.104503259277344,7.529764221191406,58.47328244274809,37.52671755725191,23.49618320610687,-6.229712719726562,-0.062249243164062495,-1.43652099609375,-19.923664122137403,11.022900763358779,14.50381679389313,0.0
29.670000314712524,-9.289502441406249,0.5410895751953124,6.363788012695312,55.61832061068702,33.9236641221374,26.290076335877863,-8.269572534179687,-1.0989385620117187,-1.70467158203125,-25.984732824427482,21.16030534351145,18.50381679389313,0.0
29.68000102043152,-9.8449572265625,-0.0143652099609375,6.4667386840820305,49.770992366412216,28.15267175572519,19.49618320610687,-8.698134631347656,-2.446874096679687,-1.8315642700195311,-20.27480916030534,25.938931297709924,21.328244274809162,0.0
29.690000534057617,-11.152191333007812,0.22505495605468748,8.075642199707032,43.282442748091604,21.053435114503817,15.86259541984733,-8.573636145019531,-0.38307226562499996,-2.6001030029296874,-17.49618320610687,30.198473282442748,22.137404580152673,0.0
29.700000762939453,-12.287042919921875,0.7685387329101562,9.80665,37.9236641221374,15.34351145038168,16.82442748091603,-8.66940421142578,-0.7805097412109374,-2.408566870117187,-23.34351145038168,38.396946564885496,26.83969465648855,0.0
29.71000051498413,-12.66053837890625,2.0566192260742184,8.645462194824217,29.72519083969466,0.6259541984732825,20.549618320610687,-9.421183532714844,-1.9847931762695312,-2.422932080078125,-12.458015267175572,39.099236641221374,29.786259541984734,0.0
29.720000505447388,-15.320496423339844,4.3430818115234375,8.525752111816406,17.69465648854962,-12.198473282442748,26.229007633587788,-10.649408984374999,-3.4955344238281247,-2.9472622436523435,4.198473282442748,30.702290076335878,31.419847328244273,0.0
29.730000734329224,-12.866439721679686,0.00718260498046875,6.011840368652344,33.93893129770992,-12.106870229007633,38.97709923664122,-10.381258398437499,0.143652099609375,-3.744531396484375,9.358778625954198,31.84732824427481,27.801526717557252,0.0
29.7400004863739,-14.238317272949217,1.6041151123046875,4.948814831542968,45.282442748091604,-9.877862595419847,39.45038167938932,-9.291896643066405,1.66636435546875,-4.125209460449218,-0.6259541984732825,35.6793893129771,24.931297709923665,0.0
29.750000476837158,-15.820884570312499,6.277596752929687,2.4875755249023435,25.84732824427481,-18.83969465648855,36.82442748091603,-12.033257543945313,-0.16759411621093748,-3.9528269409179684,-1.2213740458015268,33.70992366412214,29.022900763358777,0.0
29.760000705718994,-13.958195678710936,7.728482958984374,-1.5155296508789062,-4.442748091603053,-23.419847328244273,35.06870229007634,-11.042058056640624,0.2059013427734375,-4.220977526855468,-1.5419847328244274,27.740458015267176,30.610687022900763,0.0
29.77000093460083,-11.250353601074218,5.872976672363281,-4.048595007324218,-35.29770992366412,-21.099236641221374,31.603053435114504,-11.540052001953125,1.7717092285156248,-4.388571643066406,2.549618320610687,20.65648854961832,28.244274809160306,0.0
29.780000686645508,-8.588001354980468,3.517082238769531,-4.335899206542969,-50.06106870229008,-13.374045801526718,28.580152671755727,-12.026074938964843,2.693476867675781,-4.601655590820312,-3.5572519083969465,19.34351145038168,25.66412213740458,0.0
29.790001153945923,-5.013458276367187,0.27293898925781246,-5.351040710449219,-49.603053435114504,0.12213740458015267,26.412213740458014,-13.309367028808593,3.27526787109375,-4.661510632324219,-10.900763358778626,15.801526717557252,23.87786259541985,0.0
29.80000066757202,-5.303156677246093,-0.7398083129882812,-3.9240965209960934,-41.52671755725191,18.47328244274809,19.480916030534353,-13.153743920898437,3.816357446289062,-3.782838623046875,-18.48854961832061,13.145038167938932,21.938931297709924,0.0
29.810000896453857,-8.142679846191406,2.29843359375,-1.6927005737304686,-43.770992366412216,31.435114503816795,9.572519083969466,-13.328520642089844,3.385401147460937,-2.5713725830078125,-34.42748091603053,12.625954198473282,18.85496183206107,0.0
29.820000886917114,-9.198522778320312,3.0071172851562498,-1.3527239379882812,-61.57251908396947,28.977099236641223,7.648854961832061,-13.263877197265625,3.318363500976562,-2.7581203125,-39.74045801526717,8.381679389312977,17.51145038167939,0.0
29.830000638961792,-6.3709706176757805,-1.1611878051757811,-3.0837317382812497,-48.35114503816794,34.42748091603053,13.32824427480916,-11.247959399414063,2.403778466796875,-2.4205378784179685,-43.25190839694657,3.5267175572519083,19.083969465648856,0.0
29.84000039100647,-8.865728747558594,0.07900865478515624,-1.407790576171875,-31.801526717557252,47.038167938931295,7.236641221374046,-12.459425439453124,0.833182177734375,-2.882618798828125,-22.580152671755727,3.3282442748091605,18.717557251908396,0.0
29.850000619888306,-9.466673364257812,1.484405029296875,-0.7996633544921875,-25.404580152671755,47.49618320610687,3.969465648854962,-13.371616271972655,1.2785036865234374,-1.956062756347656,-14.595419847328245,-1.2671755725190839,16.83969465648855,0.0
29.860000371932983,-10.426748229980468,2.123656872558594,0.4836287353515625,-23.984732824427482,45.98473282442748,1.633587786259542,-11.365275280761718,1.668758557128906,-0.6847416748046875,-16.9618320610687,-9.007633587786259,12.702290076335878,0.0
29.87000060081482,-10.884040747070312,2.4396914916992185,0.7637503295898437,-26.35114503816794,41.70992366412214,0.1984732824427481,-10.046070166015625,1.8555062866210936,0.06943184814453125,-29.51145038167939,-8.122137404580153,7.938931297709924,0.0
29.880000591278076,-11.403582507324218,3.6152445068359373,0.8834604125976562,-31.251908396946565,39.16030534351145,-1.7099236641221374,-10.347739575195313,0.5722141967773438,0.16041151123046873,-33.083969465648856,-7.587786259541985,5.419847328244275,0.0
29.890000581741333,-12.076353173828124,4.661510632324219,0.7900865478515624,-42.274809160305345,32.213740458015266,-2.8091603053435112,-10.192116467285155,-0.8092401611328125,0.9720458740234375,-31.068702290076335,-9.877862595419847,4.5038167938931295,0.0
29.900001049041748,-11.118672509765624,2.147598889160156,0.7230489013671875,-56.79389312977099,21.17557251908397,-1.9541984732824427,-9.753977563476562,0.3806780639648437,1.1061211669921875,-27.083969465648856,-21.0381679389313,-0.13740458015267176,0.0
29.910000562667847,-10.04846436767578,0.47884033203125,0.9145850341796874,-47.19083969465649,20.778625954198475,-0.1984732824427481,-10.115502014160155,0.4644751220703125,0.33758243408203126,-21.19083969465649,-20.412213740458014,-4.99236641221374,0.0
29.920000791549683,-9.775525378417969,-0.07900865478515624,1.3670891479492187,-36.97709923664122,21.328244274809162,-0.3969465648854962,-8.020575561523437,1.5370774658203123,-0.2705447875976562,-23.114503816793892,-27.51145038167939,-9.083969465648854,0.0
29.93000054359436,-9.710881933593749,0.5339069702148437,1.0007762939453124,-31.0381679389313,19.328244274809162,-0.9007633587786259,-10.450690246582031,-1.5945383056640625,-1.1827356201171875,-4.687022900763359,-29.19083969465649,-7.8320610687022905,0.0
29.940000772476196,-9.284714038085937,0.93852705078125,0.6727706665039062,-24.732824427480917,21.236641221374047,-1.297709923664122,-7.414842541503906,3.189076611328125,-1.1540052001953125,-15.572519083969466,-34.36641221374046,-12.488549618320612,0.0
29.950000286102295,-9.184157568359375,1.139639990234375,0.86191259765625,-27.0381679389313,21.633587786259543,-1.0381679389312977,-7.558494641113281,2.6096798095703124,-2.2457611572265623,-28.549618320610687,-28.99236641221374,-10.488549618320612,0.0
29.96000075340271,-8.947131604003905,0.086191259765625,0.7038952880859375,-25.267175572519083,21.938931297709924,-2.0610687022900764,-8.372523205566406,1.5059528442382812,-1.5969325073242187,-19.267175572519083,-26.30534351145038,-6.809160305343512,0.0
29.970000505447388,-8.398859423828124,-1.3910311645507811,0.852335791015625,-1.450381679389313,30.83969465648855,-2.8244274809160306,-9.303867651367186,-1.1085153686523437,-1.4532804077148436,-4.564885496183206,-24.564885496183205,-5.893129770992366,0.0
29.980000734329224,-8.291120349121094,-1.120486376953125,0.9217676391601562,14.580152671755725,32.10687022900763,-3.618320610687023,-10.077194787597655,-1.649604943847656,-1.7884686401367187,5.66412213740458,-32.0,-8.580152671755725,0.0
29.9900004863739,-8.88009395751953,1.35990654296875,1.7118541870117185,24.03053435114504,33.954198473282446,-4.824427480916031,-8.377311608886718,0.48123453369140623,-2.1212626708984375,10.82442748091603,-33.86259541984733,-10.900763358778626,0.0
30.000000476837158,-9.052476477050782,2.4349030883789062,2.0973206542968748,20.717557251908396,29.862595419847327,-4.564885496183206,-8.353369592285155,1.4987702392578124,-2.422932080078125,11.007633587786259,-32.82442748091603,-9.618320610687023,0.0
30.010000705718994,-10.505756884765624,3.0358477050781247,2.626439221191406,12.50381679389313,24.732824427480917,-4.885496183206107,-8.987833032226561,0.7996633544921875,-1.438915197753906,4.641221374045801,-28.641221374045802,-5.770992366412214,0.0
30.02000093460083,-10.429142431640624,3.2824504760742186,2.530671154785156,3.053435114503817,19.16030534351145,-6.412213740458015,-9.835380419921874,-0.32082302246093747,-1.4628572143554686,29.31297709923664,-30.870229007633586,-4.8396946564885495,0.0
30.030000925064087,-11.786654772949218,5.149927770996094,2.683900061035156,-18.80916030534351,6.5038167938931295,-5.709923664122138,-10.053252770996092,-0.8259995727539062,-0.41898529052734373,40.50381679389313,-33.55725190839695,-7.221374045801527,0.0
30.040000915527344,-8.674192614746094,1.2497732666015624,0.6703764648437499,-13.98473282442748,4.458015267175573,1.83206106870229,-9.74200655517578,0.0047884033203125,-0.6392518432617187,39.74045801526717,-40.274809160305345,-11.389312977099237,0.0
30.0500009059906,-9.246406811523437,2.389413256835937,1.0319009155273438,-9.572519083969466,7.221374045801527,1.1908396946564885,-9.112331518554686,1.8315642700195311,-1.3239935180664062,33.770992366412216,-38.29007633587786,-13.648854961832061,0.0
30.06000065803528,-9.710881933593749,3.047818713378906,1.1923124267578125,-11.48091603053435,7.938931297709924,1.8625954198473282,-9.947907897949218,1.1875240234375,-0.5961562133789062,22.885496183206108,-34.213740458015266,-11.236641221374045,0.0
30.070000648498535,-9.421183532714844,2.5258827514648434,0.8283937744140625,-15.450381679389313,6.885496183206107,2.8396946564885495,-11.049240661621093,0.09816226806640624,-0.5698199951171875,23.572519083969464,-34.74809160305343,-9.709923664122137,0.0
30.080000638961792,-9.560047229003906,2.0087351928710935,0.9217676391601562,-16.38167938931298,6.106870229007634,3.099236641221374,-10.249577307128906,0.55545478515625,-1.3192051147460937,32.47328244274809,-37.66412213740458,-12.595419847328245,0.0
30.09000062942505,-9.222464794921875,1.3766659545898436,1.4053963745117186,-11.938931297709924,8.122137404580153,5.099236641221374,-9.574412438964844,2.080561242675781,-1.1276689819335937,25.34351145038168,-37.099236641221374,-13.770992366412214,0.0
30.100000619888306,-9.176974963378905,1.5466542724609373,1.4437036010742186,-10.290076335877863,8.80916030534351,4.916030534351145,-8.40125362548828,3.3590649291992185,-2.741360900878906,10.687022900763358,-31.022900763358777,-13.236641221374045,0.0
30.110000610351562,-9.272743029785156,1.8914193115234375,0.9265560424804687,-14.305343511450381,8.488549618320612,3.2977099236641223,-8.09479581298828,3.4835634155273434,-1.429338391113281,3.3587786259541983,-22.83969465648855,-10.366412213740459,0.0
30.12000060081482,-9.907206469726562,1.9536685546875,0.6536170532226562,-21.541984732824428,6.931297709923665,0.42748091603053434,-9.131485131835937,1.4891934326171874,-0.852335791015625,10.900763358778626,-18.65648854961832,-7.221374045801527,0.0
30.130000591278076,-10.204087475585936,1.9656395629882812,0.7541735229492187,-22.9618320610687,7.587786259541985,-1.633587786259542,-10.83376251220703,-1.7477672119140624,-0.4908113403320312,12.381679389312977,-21.770992366412212,-5.465648854961832,0.0
30.140000581741333,-9.923965881347655,2.300827795410156,0.584185205078125,-19.801526717557252,9.374045801526718,-0.0,-9.751583361816406,-1.2473790649414063,-1.3263877197265623,26.83969465648855,-27.51145038167939,-7.603053435114504,0.0
30.15000057220459,-9.239224206542968,1.6998831787109374,0.1149216796875,-17.435114503816795,9.86259541984733,3.5877862595419847,-8.911218579101561,0.9169792358398436,-1.1348515869140625,31.84732824427481,-27.358778625954198,-9.022900763358779,0.0
30.160000801086426,-8.40125362548828,1.7238251953125,0.47884033203125,-9.893129770992367,15.282442748091603,4.2748091603053435,-8.712499841308594,1.7669208251953124,-0.6655880615234374,22.732824427480917,-21.923664122137403,-7.3893129770992365,0.0
30.170000553131104,-8.042123376464843,0.6679822631835937,0.32561142578124996,-18.870229007633586,11.16030534351145,4.549618320610687,-8.645462194824217,1.7860744384765623,-0.8044517578125,-1.5419847328244274,-16.50381679389313,-4.748091603053435,0.0
30.18000078201294,-9.686939916992188,1.4508862060546874,1.8195932617187498,-24.427480916030536,11.526717557251908,1.8625954198473282,-9.311050256347656,2.3127988037109373,-1.8459294799804686,14.122137404580153,-19.755725190839694,-2.763358778625954,0.0
30.190000534057617,-10.077194787597655,0.59376201171875,2.2098481323242187,-21.358778625954198,8.870229007633588,0.42748091603053434,-10.302249743652343,1.0462661254882812,-2.1835119140624997,27.17557251908397,-16.244274809160306,-1.9541984732824427,0.0
30.200000762939453,-9.909600671386718,-0.47644613037109373,2.626439221191406,-13.816793893129772,7.6183206106870225,-0.6412213740458015,-11.252747802734374,-0.47165772705078124,-0.4165910888671875,37.969465648854964,-16.595419847328245,-2.0916030534351147,0.0
30.21000051498413,-9.7683427734375,-0.699106884765625,2.655169641113281,-2.0763358778625953,6.534351145038168,-2.0610687022900764,-10.460267053222656,-0.39983167724609375,-0.04548983154296875,41.465648854961835,-25.72519083969466,-2.9160305343511452,0.0
30.220000505447388,-9.490615380859374,-0.5051765502929687,2.626439221191406,13.511450381679388,5.877862595419847,-3.2519083969465647,-10.381258398437499,-0.047884033203124995,-1.3096283081054687,49.099236641221374,-30.38167938931298,-3.8625954198473282,0.0
30.230000495910645,-8.176198669433592,-1.1851298217773436,1.4796166259765624,32.51908396946565,6.580152671755725,-1.8778625954198473,-7.702146740722656,3.744531396484375,-2.9089550170898435,44.0763358778626,-28.99236641221374,-6.320610687022901,0.0
30.2400004863739,-9.342174877929686,1.5705962890624998,1.7286135986328124,39.29770992366412,8.045801526717558,-5.893129770992366,-9.18655177001953,2.73896669921875,-1.47482822265625,21.801526717557252,-16.83969465648855,-2.2900763358778624,0.0
30.250000476837158,-10.601524951171875,3.967192150878906,2.003946789550781,34.97709923664122,6.732824427480916,-8.16793893129771,-8.542511523437499,2.50912333984375,-1.5538368774414062,5.969465648854962,-12.15267175572519,-0.3511450381679389,0.0
30.260000705718994,-10.0748005859375,3.83072265625,1.0271125122070313,23.893129770992367,0.6106870229007634,-4.595419847328245,-9.342174877929686,1.6328455322265625,-1.0965443603515623,18.27480916030534,-13.48091603053435,1.2061068702290076,0.0
30.27000093460083,-9.157821350097656,2.6527754394531247,0.2154781494140625,24.763358778625953,1.6641221374045803,-0.32061068702290074,-8.80347950439453,1.5682020874023437,-0.12210428466796874,18.18320610687023,-12.259541984732824,-1.0229007633587786,0.0
30.280000925064087,-9.064447485351561,2.748543505859375,0.316034619140625,27.053435114503817,7.7251908396946565,0.6412213740458015,-10.259154113769531,-0.39743747558593745,0.9074024291992187,17.46564885496183,-12.0,-0.2748091603053435,0.0
30.290000915527344,-10.266336718749999,4.426878869628906,0.5602431884765625,8.687022900763358,2.931297709923664,-0.5343511450381679,-9.93354268798828,0.06943184814453125,-0.5003881469726562,25.49618320610687,-15.572519083969466,-1.6946564885496183,0.0
30.30000066757202,-9.344569079589844,2.6575638427734374,0.45489831542968745,4.67175572519084,5.419847328244275,2.9160305343511452,-9.449913952636718,0.39264907226562495,-0.28012159423828126,24.946564885496183,-14.916030534351146,-2.045801526717557,0.0
30.310000896453857,-9.512163195800781,1.946485949707031,0.967257470703125,-1.6641221374045803,5.557251908396947,1.7709923664122138,-9.277531433105468,2.2290017456054687,-0.6655880615234374,26.885496183206108,-14.992366412213741,-2.900763358778626,0.0
30.320000886917114,-9.794678991699218,2.085349645996094,1.2976572998046874,-3.435114503816794,6.854961832061068,1.2061068702290076,-9.392453112792968,1.3623007446289062,-0.033518823242187495,0.9770992366412213,-6.0,-2.900763358778626,0.0
30.330000638961792,-9.923965881347655,1.7693150268554687,1.649604943847656,-8.396946564885496,5.6183206106870225,-0.22900763358778625,-9.579200842285156,1.4915876342773438,-0.28969840087890625,-1.5877862595419847,-9.648854961832061,-3.5267175572519083,0.0
30.34000039100647,-10.029310754394531,1.3910311645507811,1.5035586425781249,-7.083969465648855,4.473282442748092,-1.6488549618320612,-9.794678991699218,1.1276689819335937,-0.1149216796875,-6.931297709923665,-7.435114503816794,-3.5877862595419847,0.0
30.350000619888306,-10.280701928710936,1.4101847778320311,1.7741034301757812,-6.977099236641221,3.9236641221374047,-3.2977099236641223,-9.543287817382812,1.180341418457031,-0.3232172241210937,-11.32824427480916,-6.3816793893129775,-4.473282442748092,0.0
30.360000610351562,-10.196904870605469,1.4413093994140624,1.7334020019531249,-5.145038167938932,3.312977099236641,-4.549618320610687,-10.046070166015625,0.3902548706054687,-0.05027823486328125,-13.725190839694656,-6.351145038167939,-5.1603053435114505,0.0
30.37000060081482,-10.002974536132811,1.5298948608398437,1.7525556152343749,-4.641221374045801,2.015267175572519,-5.862595419847328,-9.689334118652344,0.09816226806640624,-0.1771709228515625,-16.30534351145038,-5.572519083969466,-6.137404580152672,0.0
30.380000591278076,-9.6917283203125,1.4700398193359374,1.7477672119140624,-1.2366412213740459,1.984732824427481,-6.106870229007634,-9.677363110351562,-0.3399766357421875,-0.239420166015625,-13.389312977099237,-6.458015267175573,-6.427480916030534,0.0
30.390000581741333,-9.524134204101562,1.4987702392578124,1.5969325073242187,1.465648854961832,1.6030534351145038,-5.984732824427481,-9.409212524414063,-0.076614453125,-0.45968671875,-10.244274809160306,-5.740458015267175,-7.755725190839694,0.0
30.40000081062317,-9.323021264648437,1.7118541870117185,1.3192051147460937,3.5419847328244276,1.4045801526717556,-6.488549618320611,-9.706093530273437,-0.4860229370117187,-0.4333505004882812,-6.5038167938931295,-4.931297709923665,-8.458015267175572,0.0
30.410000562667847,-9.507374792480467,2.2649147705078123,1.216254443359375,3.648854961832061,0.8396946564885496,-6.656488549618321,-9.176974963378905,-0.19632453613281248,-0.5123591552734374,-3.1297709923664123,-4.534351145038168,-9.297709923664122,0.0
30.420000791549683,-9.536105212402344,2.418143676757812,1.1372457885742187,4.198473282442748,1.2061068702290076,-6.122137404580153,-9.667786303710937,-0.6703764648437499,-0.4381389038085937,4.67175572519084,-5.022900763358779,-8.458015267175572,0.0
30.43000030517578,-9.777919580078125,2.437297290039062,1.1013327636718748,2.4427480916030535,1.465648854961832,-4.67175572519084,-9.205705383300781,0.105344873046875,-0.6416460449218749,6.656488549618321,-4.3816793893129775,-9.465648854961833,0.0
30.440000772476196,-9.449913952636718,2.114080065917969,1.0462661254882812,2.6259541984732824,2.687022900763359,-3.7557251908396947,-9.457096557617186,-0.23223756103515625,-0.6919242797851562,8.732824427480915,-5.190839694656488,-9.16030534351145,0.0
30.450000524520874,-9.521740002441407,2.059013427734375,1.1348515869140625,-0.04580152671755725,2.549618320610687,-5.251908396946565,-8.726865051269531,0.45010991210937495,-0.7350199096679687,7.374045801526718,-2.4580152671755724,-10.702290076335878,0.0
30.46000099182129,-9.591171850585937,1.7908628417968748,1.4149731811523436,-3.9236641221374047,2.549618320610687,-6.564885496183206,-9.244012609863281,0.3591302490234375,-0.6272808349609375,7.877862595419847,-1.297709923664122,-9.908396946564885,0.0
30.47000026702881,-9.528922607421874,1.4437036010742186,1.70467158203125,-6.2748091603053435,1.5725190839694656,-7.740458015267175,-9.07163009033203,0.7015010864257812,-0.7733271362304687,7.694656488549619,-0.21374045801526717,-9.816793893129772,0.0
30.480000495910645,-9.306261853027344,1.1563994018554686,1.9871873779296874,-5.129770992366412,1.9694656488549618,-8.198473282442748,-9.26316622314453,0.6967126831054687,-0.8116343627929687,8.244274809160306,1.7099236641221374,-9.450381679389313,0.0
30.490000247955322,-9.552864624023437,1.2497732666015624,2.2601263671875,-3.5572519083969465,1.1603053435114503,-9.007633587786259,-9.129090930175781,1.0390835205078124,-0.7685387329101562,8.351145038167939,2.7786259541984735,-9.236641221374045,0.0
30.500000715255737,-9.622296472167967,1.01514150390625,2.300827795410156,0.21374045801526717,1.1603053435114503,-9.389312977099237,-9.126696728515624,0.9265560424804687,-0.7924807495117187,7.145038167938932,4.595419847328245,-8.16793893129771,0.0
30.510001182556152,-9.662997900390625,1.3407529296874998,2.0470424194335934,2.946564885496183,0.549618320610687,-9.679389312977099,-9.3086560546875,0.718260498046875,-0.7015010864257812,6.442748091603053,6.015267175572519,-7.603053435114504,0.0
30.52000069618225,-9.387664709472656,1.465251416015625,1.908178723144531,4.778625954198473,0.04580152671755725,-10.320610687022901,-9.162609753417968,0.6057330200195312,-0.5746083984375,4.8396946564885495,7.129770992366412,-7.557251908396947,0.0
30.530000925064087,-9.418789331054686,1.8076222534179687,1.7836802368164062,4.748091603053435,-0.42748091603053434,-12.259541984732824,-9.176974963378905,0.47884033203125,-0.5889736083984375,4.229007633587786,8.15267175572519,-7.236641221374046,0.0
30.540000915527344,-9.184157568359375,1.8076222534179687,1.7166425903320313,5.587786259541985,-0.5190839694656488,-12.15267175572519,-9.13627353515625,0.5051765502929687,-0.5243301635742187,3.3435114503816794,9.068702290076336,-7.038167938931298,0.0
30.55000114440918,-9.567229833984374,2.1547814941406247,1.7717092285156248,6.0,-0.3511450381679389,-11.801526717557252,-9.165003955078124,0.4165910888671875,-0.5219359619140624,2.122137404580153,9.526717557251908,-6.885496183206107,0.0
30.56000065803528,-9.129090930175781,2.2361843505859373,1.898601916503906,6.931297709923665,-0.9923664122137404,-11.007633587786259,-9.17458076171875,0.3136404174804687,-0.2920926025390625,0.5038167938931297,10.854961832061068,-7.541984732824427,0.0
30.570000410079956,-9.507374792480467,2.8107927490234372,2.291250988769531,5.648854961832061,-2.183206106870229,-11.038167938931299,-9.17458076171875,0.40222587890625,-0.229843359375,-1.4198473282442747,11.022900763358779,-8.412213740458014,0.0
30.58000087738037,-9.157821350097656,2.4061726684570313,2.877830395507812,5.129770992366412,-4.8396946564885495,-9.572519083969466,-9.363722692871093,0.11252747802734374,0.086191259765625,-5.6183206106870225,11.526717557251908,-9.755725190839694,0.0
30.59000062942505,-9.200916979980468,2.9281086303710935,3.845087866210937,6.305343511450381,-7.3893129770992365,-9.038167938931299,-8.777143286132812,0.6655880615234374,0.055066638183593745,-11.19083969465649,12.442748091603054,-12.198473282442748,0.0
30.600000381469727,-11.461043347167967,6.007051965332031,5.592855078125,-10.15267175572519,-17.923664122137403,-11.557251908396946,-9.516951599121093,0.0430956298828125,0.469263525390625,-15.84732824427481,14.946564885496183,-12.65648854961832,0.0
30.610000610351562,-10.31661495361328,5.125985754394531,5.453991381835937,-26.091603053435115,-33.847328244274806,-7.7251908396946565,-8.693346228027343,0.3280056274414062,0.07422025146484375,-14.045801526717558,11.083969465648854,-13.587786259541986,0.0
30.62000060081482,-9.411606726074218,2.626439221191406,5.698199951171874,-27.099236641221374,-43.32824427480916,-3.1908396946564888,-9.050082275390624,-0.033518823242187495,0.201112939453125,-11.267175572519085,13.450381679389313,-13.694656488549619,0.0
30.630000829696655,-9.404424121093749,2.4756045166015626,6.167463476562499,-13.86259541984733,-49.908396946564885,2.9160305343511452,-7.524975817871093,1.6208745239257811,-0.34237083740234375,-9.17557251908397,11.740458015267176,-15.19083969465649,0.0
30.640000581741333,-9.153032946777342,3.181894006347656,4.92247861328125,-11.786259541984732,-60.56488549618321,6.396946564885496,-7.1778165771484375,2.1978771240234374,-0.6464344482421874,-23.633587786259543,22.076335877862597,-14.763358778625955,0.0
30.65000081062317,-8.798691101074219,2.6096798095703124,3.9432501342773434,-15.038167938931299,-68.41221374045801,7.526717557251908,-6.505045910644531,1.9728221679687499,-1.1540052001953125,-31.893129770992367,24.748091603053435,-11.572519083969466,0.0
30.660000801086426,-8.099584216308592,1.2521674682617188,3.383006945800781,-18.15267175572519,-75.08396946564885,4.580152671755725,-7.931990100097655,2.5163059448242184,-0.8643067993164062,-34.33587786259542,27.83206106870229,-9.34351145038168,0.0
30.670000553131104,-7.620743884277343,0.14604630126953125,2.9568390502929685,-18.458015267175572,-78.82442748091603,0.2595419847328244,-6.789955908203124,0.74699091796875,-0.0909796630859375,-66.4885496183206,39.48091603053435,-5.862595419847328,0.0
30.68000078201294,-7.690175732421874,-0.9864110839843749,3.191470812988281,-14.122137404580153,-79.98473282442748,-3.8473282442748094,-8.465897070312499,-0.4572925170898437,0.49799394531249996,-48.76335877862596,33.17557251908397,-1.4351145038167938,0.0
30.690000534057617,-7.3837179199218745,-1.7453730102539062,3.670311145019531,1.2366412213740459,-81.95419847328245,-6.625954198473282,-8.315062365722655,0.6679822631835937,0.3711012573242187,-40.67175572519084,27.893129770992367,-4.656488549618321,0.0
30.700000762939453,-8.109161022949218,-1.419761584472656,5.379771130371093,20.03053435114504,-80.93129770992367,-9.129770992366412,-10.220846887207031,-0.12210428466796874,3.2130186279296873,-34.030534351145036,27.801526717557252,-3.66412213740458,0.0
30.71000051498413,-10.089165795898436,0.6751648681640625,7.3837179199218745,30.763358778625953,-88.38167938931298,-11.404580152671755,-13.397952490234374,-2.7269956909179687,4.467580297851562,-14.916030534351146,12.534351145038167,-5.312977099236641,0.0
30.720000505447388,-11.6837041015625,2.319981408691406,9.181763366699219,41.31297709923664,-102.22900763358778,-8.65648854961832,-18.023550097656248,-6.105214233398437,3.986345764160156,4.3816793893129775,2.2748091603053435,-15.816793893129772,0.0
30.730000734329224,-12.033257543945313,2.499546533203125,10.199299072265624,53.6793893129771,-116.73282442748092,-2.2595419847328246,-18.18875001220703,-4.582501977539062,3.0214824951171875,21.755725190839694,-3.0076335877862594,-25.31297709923664,0.0
30.74000072479248,-13.436259716796874,2.250549560546875,10.809820495605468,64.44274809160305,-133.22137404580153,2.50381679389313,-17.74821690673828,-1.6017209106445311,-0.06703764648437499,34.76335877862596,-14.778625954198473,-23.587786259541986,0.0
30.750000476837158,-13.575123413085937,1.2880804931640624,7.936778503417968,65.37404580152672,-152.33587786259542,5.282442748091603,-13.831302990722655,-0.35194764404296874,-2.29843359375,28.99236641221374,-15.358778625954198,-18.045801526717558,0.0
30.760000944137573,-14.784195251464842,2.0661960327148434,6.481103894042969,65.83206106870229,-163.08396946564886,6.870229007633588,-7.71890615234375,4.091690637207031,-3.8235400512695312,15.435114503816793,-7.694656488549619,-17.52671755725191,0.0
30.77000093460083,-15.852009191894531,2.6240450195312497,4.019864587402344,57.221374045801525,-168.61068702290078,10.396946564885496,-6.241683728027343,6.217741711425781,-3.9145197143554684,-15.450381679389313,6.977099236641221,-9.068702290076336,0.0
30.780000686645508,-14.662090966796875,2.6958710693359373,1.7453730102539062,41.83206106870229,-164.36641221374046,13.86259541984733,-7.915230688476562,1.697488977050781,-2.6862942626953124,-46.13740458015267,24.870229007633586,2.122137404580153,0.0
30.790000915527344,-12.318167541503906,1.1037269653320312,-0.4213794921875,28.366412213740457,-150.38167938931298,16.778625954198475,-8.267178332519531,-3.447650390625,-2.5163059448242184,-42.35114503816794,29.984732824427482,6.015267175572519,0.0
30.80000066757202,-10.204087475585936,-0.25139117431640623,-0.7733271362304687,24.549618320610687,-128.41221374045801,16.671755725190838,-8.087613208007811,-4.491522314453125,-3.0645781249999997,-27.572519083969464,33.64885496183206,2.1526717557251906,0.0
30.810000896453857,-7.860164050292968,-2.090138049316406,-1.5203180541992187,32.54961832061068,-101.00763358778626,17.206106870229007,-10.158597644042969,-7.3837179199218745,-1.429338391113281,-9.129770992366412,41.49618320610687,5.145038167938932,0.0
30.820000410079956,-6.777984899902344,-3.27526787109375,-1.9967641845703124,43.541984732824424,-73.02290076335878,15.603053435114504,-11.054029064941405,-6.8593877563476555,-2.427720483398437,32.82442748091603,35.41984732824427,7.984732824427481,0.0
30.830000638961792,-7.067683300781249,-2.849099975585937,-1.7262193969726563,46.229007633587784,-48.534351145038165,8.381679389312977,-9.610325463867188,-5.758054992675781,-1.9991583862304687,58.44274809160305,33.29770992366412,9.725190839694656,0.0
30.84000062942505,-7.182604980468749,-1.3263877197265623,-1.1851298217773436,43.52671755725191,-28.885496183206108,2.0,-8.0062103515625,-1.5873557006835937,-2.9448680419921875,63.32824427480916,29.557251908396946,9.557251908396946,0.0
30.850000619888306,-6.3901242309570305,-0.9816226806640624,-0.7302315063476562,35.57251908396947,-15.511450381679388,-1.4809160305343512,-9.220070593261719,0.5578489868164063,-2.118868469238281,48.68702290076336,34.87022900763359,13.603053435114504,0.0
30.860000610351562,-7.8721350585937495,1.5107412475585937,0.7948749511718749,19.358778625954198,-6.320610687022901,-6.061068702290076,-10.259154113769531,0.5051765502929687,-0.16759411621093748,35.31297709923664,36.732824427480914,16.0,0.0
30.8700008392334,-7.117961535644531,1.1444283935546875,0.7876923461914062,2.2900763358778624,-1.083969465648855,-9.633587786259541,-10.91037696533203,-1.5945383056640625,0.7924807495117187,27.893129770992367,32.38167938931298,15.145038167938932,0.0
30.880000591278076,-6.241683728027343,1.2330138549804688,0.612915625,-18.3206106870229,3.648854961832061,-14.442748091603054,-10.20169327392578,-0.7302315063476562,0.3280056274414062,20.290076335877863,24.12213740458015,8.717557251908397,0.0
30.890000820159912,-5.276820458984375,1.668758557128906,0.6679822631835937,-36.35114503816794,9.053435114503817,-18.27480916030534,-9.497797985839844,-0.612915625,-0.009576806640625,2.381679389312977,21.068702290076335,5.404580152671755,0.0
30.90000081062317,-4.754884497070313,2.2960393920898436,0.8475473876953125,-57.20610687022901,14.717557251908397,-21.251908396946565,-9.89523546142578,-2.0159177978515626,0.5291185668945312,-0.13740458015267176,13.435114503816793,5.648854961832061,0.0
30.910000562667847,-4.570530969238281,2.7461493041992187,0.9026140258789062,-80.09160305343511,18.48854961832061,-22.641221374045802,-9.34696328125,-1.5945383056640625,0.55545478515625,-4.427480916030534,12.412213740458014,2.4732824427480917,0.0
30.920000791549683,-4.211400720214844,1.4700398193359374,0.3399766357421875,-93.45038167938931,23.633587786259543,-21.96946564885496,-9.519345800781249,-0.7302315063476562,-0.16519991455078123,-6.656488549618321,7.0534351145038165,1.8931297709923665,0.0
30.93000054359436,-3.6367923217773437,0.5243301635742187,-0.016759411621093748,-82.6412213740458,40.3206106870229,-19.84732824427481,-9.528922607421874,-0.18435352783203124,-1.0223241088867188,-12.83969465648855,5.3893129770992365,2.687022900763359,0.0
30.940001010894775,-3.4931402221679684,0.13646949462890623,-0.011971008300781249,-73.20610687022901,55.20610687022901,-17.52671755725191,-8.710105639648438,0.1771709228515625,-1.2378022583007813,-17.755725190839694,5.038167938931298,1.297709923664122,0.0
30.950001001358032,-3.356670727539062,-0.9696516723632812,0.4740519287109375,-62.88549618320611,68.65648854961832,-16.366412213740457,-8.762778076171875,-0.5793968017578125,-1.5394716674804687,-21.114503816793892,6.641221374045801,0.030534351145038167,0.0
30.96000051498413,-3.6487633300781246,-2.1308394775390624,1.6735469604492186,-53.80152671755725,81.55725190839695,-17.908396946564885,-9.519345800781249,-1.197100830078125,-1.4796166259765624,-18.83969465648855,6.977099236641221,0.916030534351145,0.0
30.970000505447388,-4.46279189453125,-2.817975354003906,3.0430303100585934,-42.06106870229008,93.38931297709924,-21.954198473282442,-9.689334118652344,-1.695094775390625,-1.209071838378906,-16.30534351145038,6.778625954198473,1.4351145038167938,0.0
30.980000495910645,-5.513846423339843,-2.868253588867187,4.271255761718749,-25.49618320610687,101.02290076335878,-24.48854961832061,-10.046070166015625,-1.8171990600585937,-0.5793968017578125,-11.251908396946565,5.0534351145038165,1.8931297709923665,0.0
30.9900004863739,-6.414066247558593,-3.27526787109375,5.154716174316406,0.4580152671755725,107.90839694656489,-23.297709923664122,-10.874463940429687,-2.511517541503906,0.01915361328125,-6.305343511450381,3.3587786259541983,3.3282442748091605,0.0
31.000000476837158,-7.869740856933594,-2.806004345703125,6.150704064941406,32.030534351145036,114.99236641221374,-21.129770992366414,-10.450690246582031,-1.3910311645507811,0.05746083984375,-3.3282442748091605,1.7251908396946565,1.297709923664122,0.0
31.010000705718994,-9.739612353515625,-1.139639990234375,7.2903440551757805,56.091603053435115,117.77099236641222,-20.564885496183205,-10.991779821777342,-1.0007762939453124,-0.19153613281249998,-8.412213740458014,3.6030534351145036,2.1374045801526718,0.0
31.02000069618225,-10.965443603515624,-2.0278888061523435,7.058106494140625,64.1526717557252,117.63358778625954,-19.358778625954198,-10.472238061523436,-1.668758557128906,-0.201112939453125,-10.564885496183207,1.9541984732824427,3.0381679389312977,0.0
31.030000925064087,-9.773131176757811,0.258573779296875,5.607220288085937,84.91603053435115,113.38931297709924,-17.51145038167939,-9.504980590820312,-1.3144167114257812,-0.8259995727539062,-11.938931297709924,2.183206106870229,2.198473282442748,0.0
31.040000915527344,-11.959037292480469,3.0023288818359375,6.555324145507812,72.70229007633588,104.03053435114504,-19.923664122137403,-9.045293872070312,0.6679822631835937,-1.7764976318359373,-21.72519083969466,1.8015267175572518,1.465648854961832,0.0
31.0500009059906,-12.205640063476562,4.790797521972656,6.205770703124999,53.19083969465649,89.77099236641222,-18.27480916030534,-8.760383874511719,0.0383072265625,-1.8770541015625,-37.51145038167939,6.778625954198473,3.0076335877862594,0.0
31.060000896453857,-11.777077966308592,5.559336254882812,5.494692810058593,26.82442748091603,75.32824427480917,-12.595419847328245,-8.777143286132812,-1.4963760375976562,-0.34237083740234375,-43.17557251908397,12.091603053435115,6.030534351145038,0.0
31.070000648498535,-10.63025537109375,4.821922143554687,4.005499377441406,4.122137404580153,63.38931297709924,-4.442748091603053,-8.602366564941406,-2.616862414550781,0.08858546142578125,-49.45038167938932,14.717557251908397,5.66412213740458,0.0
31.08000111579895,-10.998962426757812,3.9240965209960934,4.328716601562499,-4.99236641221374,60.62595419847328,6.717557251908397,-9.294290844726563,-3.545812658691406,0.14604630126953125,-41.05343511450382,12.778625954198473,7.00763358778626,0.0
31.09000062942505,-10.158597644042969,2.422932080078125,4.235342736816406,-16.99236641221374,53.7557251908397,11.297709923664122,-9.952696301269532,-3.284844677734375,-0.8762778076171874,-36.0763358778626,18.671755725190838,7.129770992366412,0.0
31.100000619888306,-10.941501586914061,0.5770026000976562,5.76523759765625,-21.435114503816795,46.80916030534351,14.198473282442748,-8.528146313476562,-3.73495458984375,-0.8595183959960937,-15.740458015267176,8.473282442748092,9.389312977099237,0.0
31.110000610351562,-12.682086193847656,-0.4070142822265625,7.137115148925781,-3.435114503816794,43.49618320610687,22.045801526717558,-9.236830004882812,-3.1172505615234374,-1.7884686401367187,-0.42748091603053434,4.580152671755725,11.419847328244275,0.0
31.12000036239624,-15.52639776611328,0.8690952026367187,9.682151513671874,11.83206106870229,38.36641221374046,31.16030534351145,-8.767566479492187,-1.637633935546875,-1.7669208251953124,-3.0229007633587788,8.290076335877863,10.80916030534351,0.0
31.130000591278076,-19.03629739990234,3.1579519897460937,11.365275280761718,10.351145038167939,23.46564885496183,39.32824427480916,-9.114725720214842,-1.8243816650390623,-2.0925322509765625,-1.9389312977099236,9.740458015267176,11.83206106870229,0.0
31.140000343322754,-17.84877337646484,0.46208092041015625,8.98304462890625,10.717557251908397,2.213740458015267,49.16030534351145,-10.352527978515624,-2.233790148925781,-2.636016027832031,4.595419847328245,8.992366412213741,13.587786259541986,0.0
31.15000081062317,-16.086640954589843,-0.39983167724609375,7.924807495117187,33.11450381679389,-3.7404580152671754,49.969465648854964,-10.441113439941406,-1.0175357055664063,-3.308786694335937,7.923664122137405,8.625954198473282,13.526717557251908,0.0
31.160000801086426,-15.382745666503906,0.9145850341796874,6.861781958007812,14.687022900763358,-23.6793893129771,33.847328244274806,-10.62307276611328,-0.016759411621093748,-3.459621398925781,9.053435114503817,10.106870229007633,14.473282442748092,0.0
31.170000553131104,-12.744335437011719,1.0319009155273438,4.182670300292968,-2.3053435114503817,-39.603053435114504,22.30534351145038,-10.922347973632812,1.1827356201171875,-3.7708676147460936,12.641221374045802,10.381679389312977,16.9618320610687,0.0
31.18000078201294,-9.859322436523437,2.0183119995117185,1.5227122558593749,-20.47328244274809,-49.12977099236641,12.65648854961832,-9.05965908203125,4.180276098632812,-4.786009118652344,9.083969465648854,10.946564885496183,17.206106870229007,0.0
31.190000534057617,-7.524975817871093,1.946485949707031,-0.9145850341796874,-33.70992366412214,-48.13740458015267,11.511450381679388,-9.880870251464843,4.220977526855468,-4.398148449707031,2.6259541984732824,18.198473282442748,21.893129770992367,0.0
31.200000762939453,-5.61200869140625,0.4381389038085937,-2.2553379638671873,-29.984732824427482,-36.83969465648855,14.259541984732824,-9.734823950195311,3.7421371948242186,-3.7804444213867185,-2.33587786259542,21.81679389312977,25.740458015267176,0.0
31.21000051498413,-4.266467358398438,-0.1388636962890625,-2.8993782104492185,-15.84732824427481,-21.099236641221374,15.801526717557252,-10.103531005859374,3.114856359863281,-3.6487633300781246,-3.068702290076336,23.633587786259543,27.068702290076335,0.0
31.220000743865967,-3.9240965209960934,-0.40462008056640625,-3.086125939941406,-2.6412213740458017,-5.801526717557252,16.366412213740457,-10.773907470703124,2.233790148925781,-3.009511486816406,-2.8702290076335877,23.572519083969464,29.31297709923664,0.0
31.230000495910645,-5.2648494506835934,0.28012159423828126,-2.8323405639648436,4.183206106870229,8.396946564885496,16.885496183206108,-10.364498986816406,2.29843359375,-2.5258827514648434,-5.175572519083969,19.480916030534353,29.770992366412212,0.0
31.2400004863739,-7.618349682617187,2.7940333374023436,-1.707065783691406,4.67175572519084,19.46564885496183,15.526717557251908,-10.75714805908203,1.2832920898437499,-1.5227122558593749,-12.748091603053435,17.19083969465649,30.99236641221374,0.0
31.250000476837158,-8.499415893554687,3.5769372802734374,-1.5586252807617187,-11.404580152671755,19.954198473282442,13.954198473282442,-10.498574279785156,0.8547299926757812,-1.13006318359375,-15.618320610687023,11.98473282442748,31.282442748091604,0.0
31.260000705718994,-9.153032946777342,2.987963671875,-1.120486376953125,-22.625954198473284,24.091603053435115,14.977099236641221,-10.86009873046875,0.469263525390625,-1.5634136840820312,-13.969465648854962,8.13740458015267,30.900763358778626,0.0
31.27000117301941,-9.938331091308592,2.7844565307617186,-0.2920926025390625,-26.396946564885496,27.786259541984734,15.083969465648854,-10.436325036621094,0.5817910034179687,-1.3910311645507811,-17.893129770992367,3.618320610687023,28.396946564885496,0.0
31.28000044822693,-10.639832177734375,3.1387983764648437,-0.011971008300781249,-30.85496183206107,29.49618320610687,15.404580152671755,-9.93354268798828,0.82360537109375,-1.4437036010742186,-24.33587786259542,2.6717557251908395,24.65648854961832,0.0
31.290000915527344,-11.329362255859374,3.4572271972656248,0.6248866333007812,-39.45038167938932,29.17557251908397,15.969465648854962,-9.732429748535155,0.9576806640625,-1.3383587280273437,-26.916030534351144,2.8396946564885495,22.68702290076336,0.0
31.30000066757202,-10.929530578613281,2.518700146484375,0.5889736083984375,-45.45038167938932,28.9618320610687,17.31297709923664,-9.696516723632811,1.0654197387695312,-1.5610194824218748,-31.755725190839694,1.1603053435114503,21.893129770992367,0.0
31.310000896453857,-9.809044201660155,1.1659762084960936,0.833182177734375,-35.17557251908397,35.267175572519086,18.290076335877863,-9.701305126953125,0.48123453369140623,-1.6472107421875,-30.259541984732824,0.7786259541984732,21.16030534351145,0.0
31.320000648498535,-11.405976708984374,3.0597897216796874,1.7980454467773437,-40.01526717557252,37.41984732824427,13.16030534351145,-9.3852705078125,0.8762778076171874,-2.214636535644531,-26.27480916030534,-0.5190839694656488,19.84732824427481,0.0
31.330000638961792,-11.247959399414063,2.6144682128906247,1.8938135131835936,-45.603053435114504,34.94656488549618,13.068702290076336,-9.773131176757811,1.0031704956054688,-2.473210314941406,-22.015267175572518,1.9236641221374047,19.480916030534353,0.0
31.34000062942505,-10.881646545410156,2.760514514160156,1.848323681640625,-56.42748091603053,30.30534351145038,12.442748091603054,-9.955090502929687,1.218648645019531,-2.750937707519531,-15.648854961832061,-0.030534351145038167,19.099236641221374,0.0
31.350000619888306,-10.924742175292968,2.882618798828125,2.418143676757812,-60.778625954198475,29.31297709923664,11.419847328244275,-12.004527124023436,-1.6831237670898436,-1.5849614990234373,-2.595419847328244,4.473282442748092,22.366412213740457,0.0
31.36000084877014,-8.971073620605468,0.5770026000976562,1.7286135986328124,-65.93893129770993,25.129770992366414,11.954198473282442,-8.992621435546875,1.946485949707031,-2.3630770385742186,-8.702290076335878,-5.251908396946565,17.572519083969464,0.0
31.3700008392334,-7.975085729980468,-2.0183119995117185,1.3287819213867187,-56.74809160305343,25.72519083969466,9.633587786259541,-9.425971936035156,3.1387983764648437,-2.540247961425781,-7.1603053435114505,-4.519083969465649,16.717557251908396,0.0
31.380000591278076,-8.48505068359375,-2.4947581298828125,2.0159177978515626,-35.48091603053435,30.900763358778626,1.3282442748091603,-10.390835205078124,2.104503259277344,-1.5849614990234373,-18.671755725190838,1.1145038167938932,18.458015267175572,0.0
31.390000581741333,-9.854534033203125,-0.8906430175781249,2.5761609863281247,-32.54961832061068,25.740458015267176,-6.412213740458015,-10.534487304687499,2.104503259277344,-1.6208745239257811,-17.51145038167939,-0.7938931297709924,17.740458015267176,0.0
31.40000081062317,-9.260772021484375,-1.0726023437499999,2.24097275390625,-20.68702290076336,22.38167938931298,-9.435114503816793,-10.611101757812499,1.8291700683593748,-1.6615759521484375,-18.916030534351144,-4.0,16.65648854961832,0.0
31.410000801086426,-7.656656909179687,-2.6910826660156246,1.5370774658203123,8.732824427480915,24.80916030534351,-9.709923664122137,-9.600748657226562,2.5474305664062498,-1.7645266235351562,-27.0381679389313,-8.442748091603054,13.618320610687023,0.0
31.420000791549683,-9.05965908203125,-0.3184288208007812,2.104503259277344,34.50381679389313,29.862595419847327,-11.98473282442748,-11.729193933105469,-0.8212111694335937,-0.40222587890625,-19.51145038167939,-5.022900763358779,15.541984732824428,0.0
31.43000054359436,-10.869675537109375,2.798821740722656,2.7078420776367187,46.54961832061068,31.267175572519083,-10.198473282442748,-10.110713610839843,0.9457096557617187,-2.422932080078125,-11.312977099236642,-13.893129770992367,11.404580152671755,0.0
31.440000772476196,-9.885658654785155,4.07971962890625,1.2880804931640624,42.47328244274809,21.954198473282442,-6.351145038167939,-11.805808386230469,-1.3383587280273437,-1.4508862060546874,29.267175572519083,-23.770992366412212,11.007633587786259,0.0
31.450000524520874,-10.97502041015625,6.675034228515624,1.936909143066406,30.15267175572519,18.229007633587788,-5.465648854961832,-8.777143286132812,1.9871873779296874,-3.873818286132812,31.068702290076335,-24.885496183206108,1.83206106870229,0.0
31.46000051498413,-9.504980590820312,4.5968671875,1.1061211669921875,11.526717557251908,9.969465648854962,0.10687022900763359,-8.377311608886718,1.9680337646484374,-2.8131869506835936,6.244274809160306,-21.66412213740458,-1.083969465648855,0.0
31.470000743865967,-9.380482104492186,3.6583401367187496,1.0390835205078124,12.687022900763358,13.358778625954198,1.3282442748091603,-8.40843623046875,1.915361328125,-1.7884686401367187,-2.885496183206107,-14.442748091603054,-1.1145038167938932,0.0
31.480000734329224,-9.952696301269532,4.177881896972656,0.7613561279296874,3.450381679389313,11.145038167938932,0.44274809160305345,-9.34696328125,1.426944189453125,-1.5801730957031248,-1.9389312977099236,-6.015267175572519,-0.8244274809160306,0.0
31.49000072479248,-10.417171423339843,4.3622354248046875,0.5674257934570313,-8.793893129770993,9.603053435114504,2.183206106870229,-9.272743029785156,0.9241618408203125,-1.149216796875,-0.7480916030534351,-7.786259541984733,-2.4885496183206106,0.0
31.500000715255737,-10.089165795898436,3.5194764404296874,0.16998831787109375,-20.091603053435115,9.32824427480916,2.7786259541984735,-10.194510668945313,-0.6368576416015624,0.2059013427734375,5.00763358778626,-8.381679389312977,-3.6030534351145036,0.0
31.510000705718994,-10.137049829101562,2.703053674316406,0.21068974609375,-33.55725190839695,9.068702290076336,0.32061068702290074,-10.764330664062498,-0.9241618408203125,0.8283937744140625,18.33587786259542,-14.793893129770993,-6.488549618320611,0.0
31.52000069618225,-9.682151513671874,1.3958195678710936,0.47884033203125,-37.37404580152672,10.702290076335878,-1.3129770992366412,-10.625466967773438,0.17477672119140625,-0.14604630126953125,26.48854961832061,-23.51145038167939,-10.381679389312977,0.0
31.530000925064087,-9.816226806640625,1.3670891479492187,1.0534487304687499,-38.2442748091603,11.755725190839694,-2.595419847328244,-9.995791931152343,1.6448165405273436,-0.33039982910156246,25.34351145038168,-32.18320610687023,-12.763358778625955,0.0
31.540000677108765,-9.765948571777344,1.5729904907226562,1.2689268798828124,-39.00763358778626,12.396946564885496,-2.885496183206107,-9.160215551757812,3.545812658691406,-0.373495458984375,9.49618320610687,-35.6793893129771,-14.778625954198473,0.0
31.55000066757202,-10.019733947753906,2.2098481323242187,1.1156979736328125,-39.81679389312977,12.16793893129771,-2.2595419847328246,-9.018957653808593,4.211400720214844,-1.5538368774414062,-11.603053435114504,-28.763358778625953,-13.251908396946565,0.0
31.5600004196167,-10.436325036621094,2.5354595581054684,0.86191259765625,-39.23664122137404,12.778625954198473,-0.916030534351145,-10.544064111328124,1.446097802734375,-0.8188169677734375,-22.427480916030536,-26.244274809160306,-10.83969465648855,0.0
31.570000648498535,-10.414777221679687,1.2425906616210938,1.0127473022460938,-38.30534351145038,12.320610687022901,0.8244274809160306,-10.682927807617187,0.29927520751953124,-1.2138602416992186,-20.50381679389313,-29.66412213740458,-12.793893129770993,0.0
31.580000638961792,-9.605537060546874,0.14604630126953125,0.9265560424804687,-32.10687022900763,12.641221374045802,0.5343511450381679,-10.134655627441406,0.6703764648437499,-0.4285620971679687,-15.938931297709924,-36.83969465648855,-16.15267175572519,0.0
31.59000039100647,-9.428366137695312,-0.0526724365234375,0.8762778076171874,-24.65648854961832,14.244274809160306,-1.5267175572519085,-10.026916552734374,0.584185205078125,-0.8930372192382812,-21.114503816793892,-41.12977099236641,-18.412213740458014,0.0
31.600000858306885,-9.03332286376953,0.3327940307617187,0.6392518432617187,-18.977099236641223,14.106870229007633,-4.290076335877862,-8.968679418945312,1.3359645263671873,-1.1228805786132812,-25.221374045801525,-37.49618320610687,-19.603053435114504,0.0
31.61000084877014,-9.212887988281249,0.7900865478515624,0.7517793212890624,-16.763358778625953,13.893129770992367,-6.259541984732825,-9.93354268798828,0.14125789794921875,-1.1061211669921875,-16.458015267175572,-34.458015267175576,-17.435114503816795,0.0
31.62000060081482,-9.430760339355468,1.1635820068359375,0.842758984375,-16.27480916030534,12.427480916030534,-8.045801526717558,-9.993397729492187,-0.4836287353515625,-1.7788918334960937,2.9618320610687023,-37.12977099236641,-17.603053435114504,0.0
31.630000591278076,-9.689334118652344,1.177947216796875,0.9409212524414062,-13.954198473282442,11.572519083969466,-8.732824427480915,-9.674968908691406,0.047884033203124995,-2.1595698974609374,10.595419847328245,-39.3587786259542,-20.916030534351144,0.0
31.640000581741333,-9.311050256347656,0.699106884765625,0.8547299926757812,-6.885496183206107,12.885496183206106,-7.923664122137405,-7.726088757324218,2.118868469238281,-1.9752163696289062,6.030534351145038,-34.79389312977099,-22.47328244274809,0.0
31.65000057220459,-10.998962426757812,2.73896669921875,1.9225439331054686,-6.366412213740458,15.251908396946565,-10.320610687022901,-8.13310303955078,2.2481553588867187,-2.068590234375,0.015267175572519083,-26.610687022900763,-18.610687022900763,0.0
31.660000801086426,-10.64222637939453,2.3032219970703123,1.6400281372070311,-7.633587786259542,11.358778625954198,-8.198473282442748,-9.672574707031249,0.11731588134765625,-2.3630770385742186,3.954198473282443,-24.106870229007633,-15.236641221374045,0.0
31.670000553131104,-10.429142431640624,2.308010400390625,1.2976572998046874,-10.549618320610687,7.923664122137405,-6.6106870229007635,-9.804255798339844,0.07900865478515624,-1.2832920898437499,14.534351145038167,-24.229007633587788,-15.32824427480916,0.0
31.68000054359436,-9.485826977539062,1.6136919189453125,0.9050082275390624,-8.732824427480915,7.1603053435114505,-5.1603053435114505,-9.33978067626953,-0.8978256225585937,-2.2098481323242187,21.587786259541986,-25.31297709923664,-18.03053435114504,0.0
31.690000534057617,-9.239224206542968,1.66636435546875,0.7948749511718749,-7.1603053435114505,6.854961832061068,-5.267175572519084,-8.161833459472655,1.2473790649414063,-1.678335363769531,23.221374045801525,-26.641221374045802,-21.31297709923664,0.0
31.700000762939453,-9.315838659667968,2.1547814941406247,0.9217676391601562,-5.541984732824427,7.3893129770992365,-4.687022900763359,-9.406818322753905,0.6919242797851562,-0.8786720092773437,9.969465648854962,-21.282442748091604,-19.923664122137403,0.0
31.71000075340271,-9.191340173339842,2.4301146850585935,1.1611878051757811,-8.65648854961832,6.564885496183206,-4.259541984732825,-8.180987072753906,2.8203695556640622,-1.7980454467773437,2.6717557251908395,-14.290076335877863,-20.412213740458014,0.0
31.720000505447388,-9.41639512939453,1.9584569580078124,1.4628572143554686,-10.732824427480915,5.435114503816794,-2.1068702290076335,-10.04846436767578,0.6057330200195312,-0.2561795776367187,0.6106870229007634,-11.526717557251908,-16.641221374045802,0.0
31.730000495910645,-9.519345800781249,1.707065783691406,1.7980454467773437,-8.16793893129771,4.67175572519084,0.22900763358778625,-9.124302526855468,1.0773907470703123,-0.6368576416015624,7.206106870229007,-11.877862595419847,-17.603053435114504,0.0
31.7400004863739,-9.68454571533203,1.1611878051757811,1.9416975463867185,-7.603053435114504,3.2061068702290076,1.450381679389313,-10.726023437499999,-1.66636435546875,1.3455413330078123,13.908396946564885,-12.274809160305344,-14.625954198473282,0.0
31.750000715255737,-9.70369932861328,0.9792284790039062,2.128445275878906,-4.351145038167939,2.854961832061069,1.8625954198473282,-9.387664709472656,0.411802685546875,-0.45010991210937495,28.748091603053435,-20.259541984732824,-19.770992366412212,0.0
31.760001182556152,-9.751583361816406,0.5817910034179687,1.7334020019531249,-0.12213740458015267,1.5267175572519085,2.1068702290076335,-10.172962854003906,-0.5961562133789062,0.47165772705078124,27.709923664122137,-21.755725190839694,-18.091603053435115,0.0
31.770000457763672,-9.94072529296875,0.6296750366210937,1.5777788940429687,3.7557251908396947,1.7251908396946565,0.2900763358778626,-10.081983190917969,-0.23702596435546874,0.258573779296875,35.282442748091604,-25.419847328244273,-18.732824427480917,0.0
31.780000686645508,-10.194510668945313,1.0941501586914062,1.2473790649414063,6.244274809160306,1.1450381679389312,-1.2061068702290076,-9.143456140136719,0.033518823242187495,-0.5482721801757812,33.17557251908397,-26.916030534351144,-20.946564885496183,0.0
31.790001153945923,-10.330980163574218,1.678335363769531,1.2785036865234374,4.519083969465649,0.16793893129770993,-2.549618320610687,-8.418013037109375,1.9009961181640624,-1.3144167114257812,27.236641221374047,-25.46564885496183,-23.49618320610687,0.0
31.8000009059906,-9.93354268798828,1.7190367919921874,1.429338391113281,4.763358778625954,0.33587786259541985,-1.5572519083969465,-7.881711865234375,2.6623522460937497,-1.1420341918945311,10.13740458015267,-22.717557251908396,-23.0381679389313,0.0
31.810000896453857,-10.228029492187499,2.013523596191406,1.47482822265625,2.7938931297709924,-0.22900763358778625,-2.1374045801526718,-9.105148913574219,1.8363526733398436,-1.216254443359375,3.068702290076336,-16.015267175572518,-21.129770992366414,0.0
31.820000648498535,-9.991003527832031,2.1906945190429687,1.4006079711914061,-0.015267175572519083,-1.4198473282442747,-3.4656488549618323,-10.081983190917969,0.565031591796875,-0.5698199951171875,-0.916030534351145,-8.381679389312977,-18.229007633587788,0.0
31.830000638961792,-9.756371765136718,1.4796166259765624,1.4245499877929686,-3.236641221374046,-2.1374045801526718,-4.030534351145038,-9.756371765136718,0.22026655273437498,-0.5602431884765625,3.1755725190839694,-9.206106870229007,-17.297709923664122,0.0
31.840000867843628,-9.634267480468749,1.149216796875,1.5849614990234373,0.07633587786259542,-1.5267175572519085,-4.748091603053435,-10.204087475585936,-0.105344873046875,-0.45489831542968745,6.030534351145038,-7.877862595419847,-16.244274809160306,0.0
31.850000858306885,-9.4618849609375,1.0941501586914062,1.4101847778320311,3.3435114503816794,-0.9007633587786259,-4.458015267175573,-9.351751684570312,0.44053310546874996,-0.9002198242187499,5.282442748091603,-5.877862595419847,-16.65648854961832,0.0
31.860000610351562,-9.41639512939453,1.3623007446289062,1.1468225952148436,4.366412213740458,-0.916030534351145,-5.786259541984733,-9.485826977539062,0.15083470458984374,-0.7805097412109374,9.389312977099237,-6.900763358778626,-15.053435114503817,0.0
31.87000060081482,-9.931148486328125,1.9967641845703124,1.2808978881835937,2.0,-1.3435114503816794,-7.099236641221374,-9.801861596679688,-0.1484405029296875,-0.9121908325195311,13.603053435114504,-4.8396946564885495,-14.229007633587786,0.0
31.880000352859497,-9.619902270507811,1.7453730102539062,1.2425906616210938,1.2366412213740459,-0.5801526717557252,-7.267175572519084,-9.696516723632811,0.277727392578125,-1.01514150390625,16.717557251908396,-3.969465648854962,-13.938931297709924,0.0
31.890000581741333,-9.433154541015625,1.1013327636718748,1.1061211669921875,3.0839694656488548,0.030534351145038167,-7.175572519083969,-9.564835632324218,0.6440402465820312,-0.7924807495117187,17.923664122137403,-3.0839694656488548,-13.450381679389313,0.0
31.90000081062317,-7.860164050292968,-0.3950432739257812,0.6679822631835937,14.01526717557252,4.3816793893129775,-7.465648854961832,-9.627084875488281,0.5386953735351562,-0.737414111328125,18.290076335877863,-1.297709923664122,-12.51908396946565,0.0
31.910000562667847,-8.339004382324218,0.6775590698242188,0.8283937744140625,16.748091603053435,6.473282442748092,-10.717557251908397,-9.397241516113281,0.8307879760742187,-0.6823474731445313,18.80916030534351,-0.24427480916030533,-11.34351145038168,0.0
31.920000791549683,-8.540117321777343,1.3359645263671873,0.97683427734375,14.381679389312977,5.786259541984733,-12.183206106870228,-9.275137231445312,0.7015010864257812,-0.5770026000976562,18.50381679389313,0.366412213740458,-9.969465648854962,0.0
31.93000054359436,-8.678981018066406,1.3862427612304686,1.3862427612304686,10.65648854961832,3.5572519083969465,-12.473282442748092,-9.145850341796875,0.7781155395507812,-0.7757213378906249,18.671755725190838,1.083969465648855,-8.870229007633588,0.0
31.940000772476196,-9.651026892089844,2.5067291381835934,2.770091320800781,5.877862595419847,0.6106870229007634,-13.099236641221374,-8.765172277832031,0.9840168823242187,-0.603338818359375,17.450381679389313,0.9770992366412213,-7.877862595419847,0.0
31.950000524520874,-10.089165795898436,2.9831752685546875,4.496310717773437,10.458015267175572,0.33587786259541985,-11.84732824427481,-8.518569506835936,0.8714894042968749,-0.5315127685546874,16.27480916030534,1.9083969465648856,-6.458015267175573,0.0
31.96000051498413,-9.181763366699219,1.9105729248046874,4.393360046386719,8.992366412213741,-9.404580152671755,-6.824427480916031,-8.224082702636718,0.8212111694335937,-0.3758896606445312,15.48091603053435,2.595419847328244,-6.137404580152672,0.0
31.97000026702881,-8.8872765625,1.6543933471679686,4.6351744140625,17.221374045801525,-12.366412213740459,-4.870229007633588,-8.037334973144532,0.258573779296875,0.201112939453125,14.213740458015268,2.900763358778626,-4.961832061068702,0.0
31.980000495910645,-8.588001354980468,1.1611878051757811,4.608838195800781,25.374045801526716,-16.229007633587788,-2.9160305343511452,-8.128314636230469,-0.2059013427734375,0.33039982910156246,14.381679389312977,1.9541984732824427,-4.702290076335878,0.0
31.9900004863739,-9.248801013183593,2.2290017456054687,4.510675927734375,27.404580152671755,-20.442748091603054,-3.267175572519084,-7.989450939941406,-0.2705447875976562,0.8499415893554687,14.854961832061068,0.15267175572519084,-4.8396946564885495,0.0
32.00000047683716,-8.856151940917968,1.8746598999023436,3.782838623046875,28.18320610687023,-25.221374045801525,-1.465648854961832,-7.9295958984374995,-0.13407529296874998,0.9074024291992187,14.610687022900763,-2.763358778625954,-4.183206106870229,0.0
32.010000705718994,-8.987833032226561,2.592920397949219,4.0222587890625,23.51145038167939,-29.083969465648856,-3.282442748091603,-8.106766821289062,0.1867477294921875,0.8906430175781249,12.977099236641221,-5.267175572519084,-3.9389312977099236,0.0
32.02000069618225,-10.479420666503906,3.8235400512695312,4.917690209960937,-0.0916030534351145,-41.6793893129771,-7.0534351145038165,-7.781155395507812,0.7852981445312499,1.1516109985351561,7.190839694656488,-7.908396946564886,-3.6030534351145036,0.0
32.03000092506409,-9.76116016845703,2.6719290527343746,5.846640454101562,-15.007633587786259,-53.02290076335878,-7.694656488549619,-7.7979148071289055,1.8195932617187498,1.4101847778320311,-1.7557251908396947,-10.335877862595419,-4.061068702290076,0.0
32.040000677108765,-9.696516723632811,1.5753846923828123,6.763619689941406,-25.435114503816795,-67.22137404580153,-9.740458015267176,-7.4028715332031245,3.0406361083984375,0.9888052856445312,-18.15267175572519,-10.549618320610687,-6.9465648854961835,0.0
32.05000066757202,-10.053252770996092,-0.7230489013671875,6.902483386230468,-30.85496183206107,-82.13740458015268,-11.801526717557252,-7.577648254394531,2.3511060302734372,-0.20350714111328125,-39.70992366412214,-6.748091603053435,-7.847328244274809,0.0
32.06000089645386,-9.916783276367187,0.09576806640624999,9.196128576660156,-25.69465648854962,-91.55725190839695,-16.900763358778626,-9.066841687011719,1.43652099609375,-0.1484405029296875,-53.57251908396947,-1.3435114503816794,-11.541984732824428,0.0
32.070000410079956,-10.254365710449218,0.9696516723632812,8.949525805664061,-18.427480916030536,-107.92366412213741,-21.709923664122137,-10.931924780273437,0.814028564453125,-0.6847416748046875,-66.27480916030534,-2.9770992366412212,-21.66412213740458,0.0
32.08000040054321,-11.906364855957031,1.0702081420898437,9.18655177001953,-10.427480916030534,-123.89312977099236,-24.12213740458015,-15.828067175292968,-5.307945080566406,-0.8379705810546875,-78.6412213740458,1.083969465648855,-34.16793893129771,0.0
32.09000062942505,-13.517662573242188,1.024718310546875,9.593566052246093,6.0,-138.83969465648855,-20.412213740458014,-17.324443212890625,-7.091625317382812,0.7661445312499999,-60.06106870229008,-0.549618320610687,-46.458015267175576,0.0
32.100000619888306,-14.111424584960936,0.8762778076171874,9.648632690429688,27.51145038167939,-150.27480916030535,-13.618320610687023,-17.867926989746092,-5.760449194335937,-0.07422025146484375,-27.053435114503817,-11.86259541984733,-45.282442748091604,0.0
32.11000061035156,-15.605406420898436,1.3215993164062498,9.945513696289062,50.36641221374046,-160.06106870229007,-6.290076335877862,-14.219163659667968,-2.1452046874999997,-0.6943184814453125,-5.190839694656488,-23.114503816793892,-37.69465648854962,0.0
32.12000060081482,-16.519991455078124,1.3072341064453123,9.344569079589844,68.79389312977099,-168.45801526717557,3.5419847328244276,-12.74912384033203,1.419761584472656,-0.6727706665039062,14.045801526717558,-24.35114503816794,-27.709923664122137,0.0
32.130000591278076,-14.947000964355468,-0.47165772705078124,4.764461303710937,65.81679389312977,-172.8091603053435,9.557251908396946,-9.947907897949218,3.9815573608398434,0.01915361328125,16.091603053435115,-21.83206106870229,-19.541984732824428,0.0
32.14000058174133,-13.364433666992186,0.34715924072265625,2.5905261962890624,45.969465648854964,-170.8091603053435,4.244274809160306,-8.695740429687499,2.138022082519531,-0.6536170532226562,7.480916030534351,-19.16030534351145,-12.778625954198473,0.0
32.15000057220459,-11.884817041015625,0.8307879760742187,-1.3096283081054687,27.129770992366414,-167.00763358778627,0.8549618320610687,-4.742913488769531,2.6312276245117188,-1.0726023437499999,6.488549618320611,-11.786259541984732,-12.793893129770993,0.0
32.160001039505005,-10.417171423339843,0.6560112548828124,-2.887407202148437,10.717557251908397,-153.5114503816794,-0.916030534351145,-8.872911352539061,-2.1404162841796874,-3.1675287963867187,-1.6488549618320612,0.42748091603053434,-1.9083969465648856,0.0
32.1700005531311,-7.785943798828124,-0.6607996582031249,-4.4005426513671875,-0.04580152671755725,-134.793893129771,-2.946564885496183,-6.974309436035155,-0.6368576416015624,-4.6639048339843745,1.1450381679389312,8.259541984732824,-1.450381679389313,0.0
32.18000078201294,-6.042964990234375,-2.2170307373046874,-4.082113830566406,5.114503816793893,-112.79389312977099,-4.244274809160306,-7.3478048950195305,-0.9648632690429687,-5.561730456542969,-4.0458015267175576,29.129770992366414,1.83206106870229,0.0
32.19000053405762,-5.614402893066406,-3.2417490478515623,-4.477157104492187,13.572519083969466,-89.93893129770993,-7.175572519083969,-9.564835632324218,-3.737348791503906,-4.218583325195312,0.33587786259541985,40.18320610687023,7.145038167938932,0.0
32.20000076293945,-4.797980126953124,-3.4763808105468748,-4.50109912109375,26.763358778625953,-61.541984732824424,-11.740458015267176,-9.557653027343749,-3.6367923217773437,-2.7557261108398436,16.625954198473284,43.89312977099237,8.80916030534351,0.0
32.21000051498413,-5.128379956054687,-2.3582886352539063,-3.5721488769531247,39.282442748091604,-35.786259541984734,-14.50381679389313,-7.857769848632812,-0.6488286499023437,-2.5067291381835934,18.671755725190838,45.51145038167939,8.732824427480915,0.0
32.22000074386597,-5.444414575195312,-0.6584054565429687,-2.3726538452148436,53.00763358778626,-10.213740458015268,-14.13740458015267,-9.854534033203125,-1.3670891479492187,-1.1540052001953125,8.274809160305344,54.83969465648855,16.625954198473284,0.0
32.230000495910645,-7.369352709960937,3.0406361083984375,-0.24899697265624998,30.229007633587788,-4.473282442748092,-17.87786259541985,-11.171344946289063,-1.1420341918945311,0.13168109130859373,20.732824427480917,46.12213740458015,21.328244274809162,0.0
32.2400004863739,-4.879382983398437,0.9959878906249999,-1.0319009155273438,22.427480916030536,4.015267175572519,-11.435114503816793,-9.713276135253906,1.3575123413085937,0.19632453613281248,12.82442748091603,46.0,20.564885496183205,0.0
32.25000071525574,-4.311957189941406,1.4413093994140624,-0.948103857421875,8.977099236641221,12.076335877862595,-11.007633587786259,-10.663774194335938,-0.8762778076171874,2.0302830078125,1.3129770992366412,44.030534351145036,23.603053435114504,0.0
32.260000467300415,-4.472368701171875,1.8435352783203125,-0.21308394775390624,-3.282442748091603,23.6793893129771,-12.564885496183207,-10.556035119628906,-2.0781670410156248,2.3295582153320313,7.893129770992366,35.48091603053435,22.076335877862597,0.0
32.27000045776367,-3.9312791259765625,1.7645266235351562,-0.6751648681640625,-15.511450381679388,33.19083969465649,-15.633587786259541,-8.973467822265624,-2.35589443359375,1.879448303222656,12.15267175572519,23.740458015267176,17.297709923664122,0.0
32.28000092506409,-4.455609289550781,2.3056161987304686,-0.15562310791015624,-31.206106870229007,42.62595419847328,-19.450381679389313,-9.107543115234375,-2.1930887207031247,0.8355763793945312,16.076335877862597,17.19083969465649,12.916030534351146,0.0
32.290000677108765,-3.902548706054687,1.0773907470703123,-0.09337386474609374,-45.847328244274806,48.42748091603053,-20.885496183206108,-9.923965881347655,-3.414131567382812,1.0558429321289062,17.404580152671755,15.557251908396946,11.48091603053435,0.0
32.3000009059906,-3.69664736328125,-0.011971008300781249,0.51714755859375,-49.38931297709924,58.534351145038165,-20.946564885496183,-7.987056738281249,-1.0678139404296874,0.4213794921875,14.442748091603054,16.641221374045802,6.564885496183206,0.0
32.31000089645386,-4.182670300292968,-0.8188169677734375,1.5610194824218748,-46.961832061068705,66.6412213740458,-21.709923664122137,-8.643067993164061,-0.6919242797851562,0.5243301635742187,7.343511450381679,19.801526717557252,6.793893129770993,0.0
32.320000410079956,-4.735730883789063,-1.9009961181640624,2.9759926635742184,-40.900763358778626,73.6793893129771,-22.549618320610687,-8.283937744140625,0.3136404174804687,-0.04548983154296875,-6.0458015267175576,19.328244274809162,5.862595419847328,0.0
32.33000063896179,-5.360617517089843,-3.39018955078125,3.8857892944335934,-29.633587786259543,79.08396946564885,-23.572519083969464,-9.730035546875,-0.842758984375,1.388636962890625,-7.603053435114504,22.244274809160306,8.51908396946565,0.0
32.34000039100647,-6.0333881835937495,-3.706224169921875,4.857835168457031,-10.687022900763358,85.64885496183206,-24.229007633587788,-10.728417639160156,-2.3870190551757813,0.6536170532226562,2.366412213740458,17.14503816793893,8.366412213740459,0.0
32.35000038146973,-7.098807922363281,-2.482787121582031,5.781997009277344,6.122137404580153,90.68702290076335,-24.85496183206107,-9.718064538574218,-2.0278888061523435,1.0917559570312498,3.7709923664122136,16.106870229007633,5.526717557251908,0.0
32.36000061035156,-8.097190014648437,-1.1923124267578125,6.449979272460937,25.908396946564885,93.86259541984732,-20.458015267175572,-10.218452685546874,-1.905784521484375,0.3902548706054687,9.099236641221374,8.580152671755725,6.458015267175573,0.0
32.37000036239624,-8.664615808105468,0.15322890625,6.710947253417968,42.97709923664122,95.32824427480917,-16.763358778625953,-10.105925207519531,-0.55545478515625,0.30885201416015623,5.435114503816794,8.534351145038167,7.984732824427481,0.0
32.380000591278076,-9.176974963378905,1.7860744384765623,7.433996154785156,50.030534351145036,94.06106870229007,-13.679389312977099,-9.672574707031249,0.8834604125976562,-0.5099649536132812,-10.320610687022901,17.267175572519083,10.83969465648855,0.0
32.39000058174133,-9.409212524414063,1.85790048828125,8.046911779785155,54.48854961832061,89.16030534351145,-8.335877862595419,-8.951920007324219,0.45489831542968745,-1.0845733520507812,-28.12213740458015,20.53435114503817,16.18320610687023,0.0
32.40000104904175,-10.453084448242187,1.5825672973632812,8.896853369140624,62.0,84.50381679389314,-3.618320610687023,-8.339004382324218,1.6160861206054686,-1.1180921752929687,-43.83206106870229,27.908396946564885,18.793893129770993,0.0
32.41000056266785,-10.83376251220703,1.5849614990234373,8.767566479492187,69.81679389312977,78.61068702290076,2.8702290076335877,-9.787496386718749,-2.27927998046875,0.00239420166015625,-53.267175572519086,36.595419847328245,23.740458015267176,0.0
32.42000102996826,-12.057199560546874,2.9496564453125,9.117119921875,69.22137404580153,69.23664122137404,7.786259541984733,-10.034099157714843,-4.295197778320312,0.14604630126953125,-37.83206106870229,30.30534351145038,23.328244274809162,0.0
32.43000054359436,-9.955090502929687,0.28730419921875,7.381323718261719,79.87786259541984,65.14503816793894,16.549618320610687,-7.81467421875,-3.385401147460937,-0.8379705810546875,-29.954198473282442,26.931297709923665,18.625954198473284,0.0
32.440001010894775,-10.512939489746094,1.0342951171875,7.335833886718749,77.25190839694656,57.64885496183206,21.96946564885496,-9.327809667968749,-4.879382983398437,-0.7900865478515624,-16.732824427480917,27.404580152671755,20.458015267175572,0.0
32.450000524520874,-11.456254943847656,3.1220389648437497,6.770802294921874,61.74045801526717,44.396946564885496,23.49618320610687,-10.251971508789062,-7.295132458496093,0.3711012573242187,9.129770992366412,22.916030534351144,23.709923664122137,0.0
32.46000027656555,-12.011709729003906,5.03740029296875,4.678270043945313,30.870229007633586,31.72519083969466,19.328244274809162,-9.583989245605467,-5.422866760253906,-0.8188169677734375,28.748091603053435,18.137404580152673,20.748091603053435,0.0
32.47000050544739,-10.08677159423828,3.421314172363281,2.0302830078125,-6.442748091603053,18.580152671755727,17.19083969465649,-9.720458740234374,-3.6176387084960937,-1.1851298217773436,38.99236641221374,13.129770992366412,18.198473282442748,0.0
32.480000495910645,-10.805032092285156,0.6847416748046875,3.361459130859375,-33.51145038167939,16.717557251908396,15.145038167938932,-9.904812268066406,-0.8954314208984374,-1.3000515014648437,30.33587786259542,17.328244274809162,17.022900763358777,0.0
32.4900004863739,-11.882422839355469,-0.105344873046875,6.153098266601562,-38.93129770992366,16.290076335877863,16.442748091603054,-10.445901843261717,-1.687912170410156,-1.1875240234375,25.83206106870229,16.091603053435115,20.137404580152673,0.0
32.50000047683716,-10.907982763671875,0.258573779296875,6.7277066650390625,-33.725190839694655,12.778625954198473,20.793893129770993,-8.008604553222655,2.0638018310546875,-1.8770541015625,11.389312977099237,17.419847328244273,18.442748091603054,0.0
32.51000118255615,-9.718064538574218,-1.0079588989257813,7.015010864257812,-23.251908396946565,9.48091603053435,27.068702290076335,-9.387664709472656,2.3870190551757813,-2.272097375488281,-3.1755725190839694,22.061068702290076,23.17557251908397,0.0
32.52000069618225,-8.91840118408203,-3.366247534179687,7.491456994628906,11.145038167938932,17.14503816793893,29.587786259541986,-9.291896643066405,2.023100402832031,-1.9704279663085937,-15.770992366412214,23.709923664122137,24.916030534351144,0.0
32.53000092506409,-7.939172705078125,-3.797203833007812,6.0142345703124995,21.801526717557252,11.679389312977099,22.53435114503817,-8.695740429687499,3.8043864379882812,-4.774038110351563,-24.549618320610687,19.49618320610687,23.053435114503817,0.0
32.540000677108765,-13.273454003906249,-2.104503259277344,7.1586629638671875,22.763358778625953,8.396946564885496,15.053435114503817,-9.612719665527344,-0.1388636962890625,-1.9033903198242186,-33.9236641221374,18.595419847328245,28.396946564885496,0.0
32.5500009059906,-12.368445776367187,-2.999934680175781,4.055777612304687,42.16793893129771,3.954198473282443,21.083969465648856,-11.434707128906249,-3.7110125732421873,-1.4437036010742186,-17.587786259541986,8.274809160305344,28.595419847328245,0.0
32.56000065803528,-14.470554833984375,2.8802245971679685,2.300827795410156,45.81679389312977,4.778625954198473,23.16030534351145,-10.802637890625,-1.20667763671875,-2.4061726684570313,-13.419847328244275,-1.0534351145038168,23.221374045801525,0.0
32.570000648498535,-12.62223115234375,2.3511060302734372,-1.0965443603515623,43.267175572519086,8.122137404580153,28.33587786259542,-12.241553088378906,0.258573779296875,-3.1483751831054687,-17.709923664122137,2.7786259541984735,19.893129770992367,0.0
32.58000063896179,-11.959037292480469,1.3120225097656248,-3.394977954101562,36.01526717557252,10.320610687022901,20.732824427480917,-13.196839550781249,-0.9145850341796874,-2.2290017456054687,-22.85496183206107,-6.412213740458015,18.946564885496183,0.0
32.59000039100647,-11.341333264160156,2.612074011230469,-4.328716601562499,21.938931297709924,12.793893129770993,8.778625954198473,-14.535198278808593,-0.011971008300781249,-2.4851813232421875,-11.404580152671755,-12.534351145038167,17.221374045801525,0.0
32.600000619888306,-10.419565624999999,4.383783239746093,-3.69664736328125,-1.2671755725190839,14.412213740458014,0.061068702290076333,-13.113042492675781,1.5682020874023437,-3.450044592285156,-14.778625954198473,-17.374045801526716,13.389312977099237,0.0
32.61000061035156,-10.1131078125,4.714183068847656,-2.454056701660156,-26.427480916030536,15.786259541984732,-4.656488549618321,-12.490550061035156,1.2497732666015624,-3.9264907226562498,-17.52671755725191,-16.229007633587788,13.374045801526718,0.0
32.62000060081482,-9.919177478027343,4.094084838867187,-2.2170307373046874,-41.19083969465649,20.259541984732824,-2.8091603053435112,-12.854468713378905,0.3280056274414062,-2.4971523315429685,-7.679389312977099,-18.3206106870229,15.083969465648854,0.0
32.630000591278076,-9.423577734375,4.266467358398438,-2.2194249389648437,-50.56488549618321,26.091603053435115,0.9923664122137404,-10.673351000976561,3.0693665283203124,-3.6200329101562496,-4.412213740458015,-25.129770992366414,12.290076335877863,0.0
32.64000058174133,-8.827421520996094,3.5601778686523438,-2.185906115722656,-61.29770992366412,29.557251908396946,3.8931297709923665,-9.91438907470703,4.046200805664062,-4.491522314453125,-6.122137404580153,-18.9618320610687,11.938931297709924,0.0
32.65000057220459,-8.664615808105468,2.4516625,-1.5753846923828123,-67.5114503816794,30.18320610687023,4.641221374045801,-10.28549033203125,2.877830395507812,-6.41646044921875,-7.1603053435114505,-9.068702290076336,14.82442748091603,0.0
32.660000801086426,-6.698976245117187,-0.6679822631835937,-1.458068811035156,-53.038167938931295,35.64885496183206,7.099236641221374,-9.852139831542969,2.4061726684570313,-5.456385583496093,-42.458015267175576,-1.3129770992366412,15.099236641221374,0.0
32.67000079154968,-9.016563452148437,0.13168109130859373,0.2561795776367187,-36.3206106870229,41.37404580152672,3.114503816793893,-11.81059678955078,0.296881005859375,-4.2305543334960936,-6.076335877862595,6.778625954198473,13.17557251908397,0.0
32.68000078201294,-9.516951599121093,2.142810485839844,0.373495458984375,-31.267175572519083,37.541984732824424,0.549618320610687,-12.222399475097655,-1.678335363769531,-1.7717092285156248,9.374045801526718,6.259541984732825,11.007633587786259,0.0
32.690000772476196,-11.652579479980469,3.833116857910156,1.927332336425781,-37.61832061068702,34.68702290076336,0.10687022900763359,-11.02529864501953,-0.24181436767578124,-0.51714755859375,20.549618320610687,0.42748091603053434,5.374045801526718,0.0
32.700000524520874,-11.44667813720703,3.5098996337890624,1.9105729248046874,-38.16793893129771,30.702290076335878,2.595419847328244,-10.046070166015625,1.9105729248046874,-0.22026655273437498,19.068702290076335,-1.7557251908396947,1.618320610687023,0.0
32.71000051498413,-11.054029064941405,2.8107927490234372,1.2282254516601563,-45.06870229007634,23.022900763358777,4.763358778625954,-9.196128576660156,3.3159692993164063,-0.32082302246093747,11.511450381679388,-2.519083969465649,-0.7480916030534351,0.0
32.72000074386597,-10.220846887207031,1.3359645263671873,0.70868369140625,-42.97709923664122,20.366412213740457,7.267175572519084,-8.86812294921875,3.845087866210937,0.46686932373046874,-3.3893129770992365,-2.8396946564885495,-1.1603053435114503,0.0
32.730000257492065,-9.849745629882811,-0.016759411621093748,0.4429273071289062,-35.847328244274806,19.603053435114504,9.49618320610687,-10.409988818359375,1.2832920898437499,0.928950244140625,-5.541984732824427,-3.6793893129770994,-0.7938931297709924,0.0
32.7400004863739,-9.112331518554686,-0.9816226806640624,0.16519991455078123,-22.549618320610687,20.50381679389313,9.84732824427481,-9.677363110351562,2.2960393920898436,1.1061211669921875,5.847328244274809,-9.068702290076336,-4.595419847328245,0.0
32.75000047683716,-8.810662109374999,-1.5227122558593749,0.2920926025390625,-13.068702290076336,21.96946564885496,6.99236641221374,-10.199299072265624,0.6823474731445313,0.44053310546874996,-1.786259541984733,-16.137404580152673,-7.480916030534351,0.0
32.760000705718994,-8.86812294921875,-1.687912170410156,0.6105214233398437,-2.9160305343511452,24.366412213740457,2.3053435114503817,-10.78348427734375,-2.741360900878906,3.0142998901367184,-19.61832061068702,-23.099236641221374,-4.687022900763359,0.0
32.77000093460083,-8.614337573242187,-1.0486603271484374,0.8738836059570312,5.801526717557252,24.564885496183205,-2.7022900763358777,-7.323862878417969,1.5011644409179687,-0.8020575561523438,-21.52671755725191,-33.083969465648856,-11.053435114503817,0.0
32.78000092506409,-9.165003955078124,0.21308394775390624,0.9983820922851562,7.847328244274809,25.053435114503817,-5.450381679389313,-8.71489404296875,0.5363011718749999,-1.6208745239257811,-37.51145038167939,-27.068702290076335,-8.946564885496183,0.0
32.790000915527344,-9.526528405761718,1.1659762084960936,1.0295067138671874,6.091603053435114,24.885496183206108,-8.290076335877863,-9.088389501953124,-0.1867477294921875,-0.7709329345703124,-25.00763358778626,-25.938931297709924,-6.488549618320611,0.0
32.80000066757202,-10.184933862304687,2.1715409057617188,1.3623007446289062,2.3969465648854964,23.83206106870229,-8.427480916030534,-9.121908325195312,-1.3575123413085937,-1.5897499023437498,-6.870229007633588,-31.31297709923664,-6.793893129770993,0.0
32.81000089645386,-10.951078393554686,3.2225954345703123,1.7932570434570312,-3.114503816793893,22.259541984732824,-6.0458015267175576,-9.392453112792968,-1.8818425048828125,-0.7158662963867187,4.427480916030534,-35.25190839694657,-8.488549618320612,0.0
32.820000648498535,-10.1131078125,2.925714428710937,1.3407529296874998,-7.709923664122138,20.900763358778626,-1.9389312977099236,-8.269572534179687,1.0845733520507812,-2.04943662109375,16.412213740458014,-37.49618320610687,-11.038167938931299,0.0
32.83000063896179,-9.117119921875,1.0869675537109373,0.6655880615234374,-7.770992366412214,21.236641221374047,1.3893129770992367,-9.890447058105469,-0.3280056274414062,-1.6304513305664061,14.50381679389313,-31.603053435114504,-6.748091603053435,0.0
32.84000086784363,-8.52335791015625,0.5985504150390625,0.612915625,1.3435114503816794,25.328244274809162,-0.42748091603053434,-10.596736547851561,-1.0390835205078124,-1.8650830932617186,32.70229007633588,-34.97709923664122,-4.061068702290076,0.0
32.850000619888306,-11.080365283203124,3.0119056884765625,1.9536685546875,-2.213740458015267,28.33587786259542,-5.801526717557252,-9.85692823486328,-0.6248866333007812,-2.2026655273437497,42.656488549618324,-38.35114503816794,-6.977099236641221,0.0
32.86000061035156,-10.407594616699217,3.5434184570312497,1.3263877197265623,-20.061068702290076,16.48854961832061,-4.305343511450381,-9.093177905273437,2.3151930053710936,-2.868253588867187,44.97709923664122,-36.19847328244275,-9.450381679389313,0.0
32.87000060081482,-10.97502041015625,4.134786267089844,2.013523596191406,-31.129770992366414,12.931297709923664,-3.2977099236641223,-10.311826550292968,1.0271125122070313,-2.518700146484375,23.572519083969464,-27.61832061068702,-6.519083969465649,0.0
32.880000591278076,-10.534487304687499,2.7557261108398436,2.061407629394531,-31.64885496183206,10.687022900763358,-1.4961832061068703,-9.667786303710937,1.9800047729492187,-1.484405029296875,32.33587786259542,-25.541984732824428,-4.763358778625954,0.0
32.89000058174133,-11.044452258300781,2.233790148925781,1.8626888916015625,-36.36641221374046,3.480916030534351,0.16793893129770993,-10.556035119628906,-0.4860229370117187,-1.4796166259765624,36.152671755725194,-26.18320610687023,-4.33587786259542,0.0
32.90000081062317,-9.883264453125,0.373495458984375,1.687912170410156,-21.541984732824428,3.8625954198473282,4.061068702290076,-9.2320416015625,1.5753846923828123,-0.6967126831054687,45.786259541984734,-30.80916030534351,-7.786259541984733,0.0
32.91000056266785,-9.4618849609375,-0.201112939453125,1.484405029296875,-10.992366412213741,3.5572519083969465,4.778625954198473,-9.583989245605467,2.437297290039062,-0.29927520751953124,33.52671755725191,-29.541984732824428,-7.7251908396946565,0.0
32.92000079154968,-9.342174877929686,-0.1197100830078125,1.13006318359375,-1.2213740458015268,3.786259541984733,4.198473282442748,-8.930372192382812,3.83072265625,-0.469263525390625,20.458015267175572,-26.83969465648855,-5.938931297709924,0.0
32.93000054359436,-9.588777648925781,0.5722141967773438,0.7924807495117187,4.290076335877862,2.9618320610687023,2.351145038167939,-9.014169250488282,3.6463691284179687,-1.9488801513671874,21.801526717557252,-22.03053435114504,-4.122137404580153,0.0
32.940000772476196,-9.169792358398437,0.5195417602539062,0.32082302246093747,8.870229007633588,4.244274809160306,1.3587786259541985,-9.612719665527344,2.2361843505859373,-0.6751648681640625,17.419847328244273,-19.633587786259543,-1.3282442748091603,0.0
32.95000076293945,-9.330203869628905,0.6560112548828124,0.04548983154296875,10.030534351145038,4.793893129770993,0.7480916030534351,-9.873687646484374,0.16998831787109375,-1.465251416015625,13.32824427480916,-22.229007633587788,-1.9541984732824427,0.0
32.96000051498413,-8.920795385742187,0.7158662963867187,-0.29448680419921874,12.076335877862595,6.763358778625954,-0.4732824427480916,-9.785102185058593,1.139639990234375,-0.5099649536132812,20.793893129770993,-27.114503816793892,-3.145038167938931,0.0
32.97000050544739,-8.961496813964843,1.0319009155273438,-0.4836287353515625,12.122137404580153,8.748091603053435,-2.351145038167939,-8.501810095214843,2.442085693359375,-0.7972691528320313,17.786259541984734,-27.81679389312977,-4.549618320610687,0.0
32.980000495910645,-9.126696728515624,1.4796166259765624,-0.354341845703125,9.816793893129772,10.351145038167939,-4.6106870229007635,-7.445967163085937,3.2800562744140622,-2.1452046874999997,9.32824427480916,-23.267175572519083,-5.236641221374046,0.0
32.99000024795532,-9.481038574218749,1.675941162109375,0.15562310791015624,5.1603053435114505,10.641221374045802,-6.106870229007634,-9.093177905273437,3.172317199707031,-1.3551181396484375,5.022900763358779,-17.6793893129771,-2.198473282442748,0.0
33.00000071525574,-9.318232861328125,0.5793968017578125,0.18435352783203124,10.091603053435115,12.091603053435115,-5.32824427480916,-9.888052856445311,0.6344634399414062,-1.4413093994140624,3.49618320610687,-13.86259541984733,-2.2748091603053435,0.0
33.010000705718994,-11.592724438476562,2.7653029174804686,1.66636435546875,11.221374045801527,14.213740458015268,-7.221374045801527,-10.481814868164061,-1.4221557861328125,-1.0462661254882812,10.244274809160306,-14.51908396946565,-2.1068702290076335,0.0
33.02000093460083,-9.289502441406249,0.8355763793945312,0.5243301635742187,11.358778625954198,7.969465648854962,-2.6717557251908395,-10.08677159423828,-2.0661960327148434,-0.8403647827148437,6.183206106870229,-21.786259541984734,-3.5114503816793894,0.0
33.030001163482666,-9.730035546875,2.1715409057617188,1.0869675537109373,15.740458015267176,8.778625954198473,-2.030534351145038,-9.991003527832031,-0.47644613037109373,-0.40940848388671874,23.587786259541986,-25.0381679389313,-6.33587786259542,0.0
33.040000677108765,-9.964667309570311,2.4109610717773435,1.1252747802734375,13.541984732824428,6.33587786259542,-1.1145038167938932,-8.180987072753906,1.0726023437499999,-1.4030021728515625,29.938931297709924,-23.389312977099237,-7.435114503816794,0.0
33.0500009059906,-9.804255798339844,2.3965958618164063,1.0821791503906248,10.580152671755725,5.4961832061068705,-0.549618320610687,-8.327033374023436,2.080561242675781,-0.9552864624023437,20.65648854961832,-18.0,-5.908396946564886,0.0
33.06000065803528,-9.756371765136718,2.2673089721679687,1.0749965454101562,5.038167938931298,4.259541984732825,-1.7709923664122138,-9.052476477050782,1.0749965454101562,-1.4963760375976562,1.816793893129771,-7.66412213740458,-2.4885496183206106,0.0
33.070000648498535,-9.947907897949218,1.927332336425781,1.1827356201171875,-1.6946564885496183,1.5267175572519085,-3.4656488549618323,-9.504980590820312,1.6903063720703124,-1.419761584472656,12.381679389312977,-8.183206106870228,-1.1450381679389312,0.0
33.08000063896179,-10.041281762695311,1.4413093994140624,1.1923124267578125,-1.618320610687023,0.2900763358778626,-3.8625954198473282,-9.782707983398437,1.1324573852539062,-0.8403647827148437,13.893129770992367,-4.259541984732825,-2.2595419847328246,0.0
33.09000062942505,-9.923965881347655,1.2306196533203124,1.3527239379882812,0.5648854961832062,-0.366412213740458,-3.8931297709923665,-9.725247143554688,0.9840168823242187,-0.4213794921875,10.244274809160306,-3.7404580152671754,-3.5572519083969465,0.0
33.100000858306885,-10.005368737792969,1.3144167114257812,1.446097802734375,5.251908396946565,-0.7175572519083969,-3.5114503816793894,-9.988609326171874,0.7015010864257812,-0.6344634399414062,12.213740458015268,-5.251908396946565,-4.0458015267175576,0.0
33.11000061035156,-10.261548315429687,1.898601916503906,1.3287819213867187,7.923664122137405,-1.6030534351145038,-2.931297709923664,-9.732429748535155,0.8379705810546875,-0.229843359375,11.236641221374045,-4.625954198473282,-3.8625954198473282,0.0
33.12000060081482,-9.739612353515625,1.2521674682617188,1.0582371337890624,10.916030534351146,-2.030534351145038,-1.5419847328244274,-9.79946739501953,0.852335791015625,-0.033518823242187495,12.51908396946565,-5.358778625954199,-3.6030534351145036,0.0
33.130000829696655,-9.572018237304688,1.43652099609375,0.8571241943359375,11.007633587786259,-3.1908396946564888,-2.33587786259542,-9.447519750976562,1.3575123413085937,-0.718260498046875,14.473282442748092,-4.33587786259542,-4.3816793893129775,0.0
33.14000058174133,-9.459490759277344,0.8906430175781249,0.6272808349609375,12.854961832061068,-2.9618320610687023,-3.8931297709923665,-10.0748005859375,0.9026140258789062,-0.296881005859375,11.374045801526718,-3.8931297709923665,-3.2213740458015265,0.0
33.15000081062317,-9.428366137695312,0.9624690673828125,0.5530605834960938,14.82442748091603,-2.8244274809160306,-4.076335877862595,-9.6151138671875,1.0965443603515623,-0.33039982910156246,7.908396946564886,-2.6717557251908395,-4.183206106870229,0.0
33.160000801086426,-9.885658654785155,2.0374656127929685,0.7829039428710937,15.511450381679388,-2.213740458015267,-4.641221374045801,-9.859322436523437,0.8259995727539062,-0.5051765502929687,7.083969465648855,-2.6564885496183206,-4.488549618320611,0.0
33.1700005531311,-10.110713610839843,2.39420166015625,0.5482721801757812,3.7251908396946565,-8.717557251908397,-4.5038167938931295,-9.6917283203125,0.5506663818359374,-0.5099649536132812,6.6106870229007635,-3.1297709923664123,-4.488549618320611,0.0
33.18000054359436,-8.94473740234375,1.120486376953125,0.055066638183593745,3.267175572519084,-9.541984732824428,-1.9389312977099236,-9.540893615722656,0.48123453369140623,-0.4644751220703125,7.984732824427481,-4.0458015267175576,-5.282442748091603,0.0
33.19000053405762,-8.664615808105468,0.3711012573242187,0.11731588134765625,7.480916030534351,-8.183206106870228,-1.3129770992366412,-8.542511523437499,0.7398083129882812,-0.63206923828125,3.9083969465648853,-2.198473282442748,-5.969465648854962,0.0
33.20000076293945,-9.579200842285156,1.0319009155273438,0.5770026000976562,8.717557251908397,-5.801526717557252,-4.015267175572519,-8.688557824707031,0.5123591552734374,-0.5363011718749999,3.1755725190839694,-3.0229007633587788,-5.9541984732824424,0.0
33.21000027656555,-8.528146313476562,-0.21787235107421873,0.35194764404296874,20.610687022900763,-0.10687022900763359,-4.793893129770993,-8.805873706054687,0.9792284790039062,-0.7996633544921875,4.900763358778626,-0.5343511450381679,-5.190839694656488,0.0
33.22000050544739,-9.425971936035156,1.01514150390625,0.7996633544921875,22.48854961832061,2.4732824427480917,-8.549618320610687,-9.294290844726563,0.5578489868164063,-0.6703764648437499,7.129770992366412,-0.015267175572519083,-4.259541984732825,0.0
33.230000257492065,-10.486603271484375,2.4205378784179685,1.2856862915039062,18.931297709923665,2.4580152671755724,-9.32824427480916,-9.22485899658203,0.5386953735351562,-0.6392518432617187,7.511450381679389,0.5190839694656488,-4.33587786259542,0.0
33.24000072479248,-9.859322436523437,2.3487118286132813,1.1659762084960936,15.633587786259541,1.618320610687023,-6.580152671755725,-9.277531433105468,0.26336218261718747,-0.19632453613281248,7.526717557251908,0.6564885496183206,-4.748091603053435,0.0
33.25000071525574,-9.651026892089844,2.379836450195312,1.24498486328125,11.541984732824428,0.6106870229007634,-6.33587786259542,-9.126696728515624,0.296881005859375,-0.4213794921875,7.114503816793893,0.5648854961832062,-5.923664122137405,0.0
33.260000705718994,-9.658209497070311,2.205059729003906,1.1923124267578125,6.916030534351145,0.15267175572519084,-6.442748091603053,-9.172186560058593,0.3136404174804687,-0.29927520751953124,6.8396946564885495,0.10687022900763359,-5.938931297709924,0.0
33.27000093460083,-9.536105212402344,2.29843359375,1.2210428466796874,2.6564885496183206,-0.5954198473282443,-5.923664122137405,-9.17458076171875,0.4381389038085937,-0.17956512451171874,6.641221374045801,0.2748091603053435,-6.687022900763359,0.0
33.28000044822693,-9.370905297851563,2.35589443359375,1.3263877197265623,-0.4580152671755725,-0.6564885496183206,-4.854961832061068,-9.090783703613281,0.6703764648437499,-0.19871873779296872,5.358778625954199,0.8244274809160306,-6.748091603053435,0.0
33.290000915527344,-9.512163195800781,2.3918074584960936,1.637633935546875,-5.343511450381679,-2.122137404580153,-4.778625954198473,-9.083601098632812,0.7757213378906249,-0.20829554443359374,4.305343511450381,1.0229007633587786,-7.114503816793893,0.0
33.30000066757202,-9.057264880371093,1.5538368774414062,2.281674182128906,-6.641221374045801,-3.7099236641221376,-4.687022900763359,-9.047688073730468,0.852335791015625,0.06703764648437499,2.366412213740458,1.0229007633587786,-6.732824427480916,0.0
33.31000089645386,-9.579200842285156,2.0877438476562498,3.3327287109375,-4.732824427480916,-6.030534351145038,-5.129770992366412,-9.244012609863281,0.679953271484375,-0.1484405029296875,-0.7786259541984732,0.7175572519083969,-7.435114503816794,0.0
33.320000886917114,-10.28549033203125,3.0813375366210938,4.017470385742187,-14.183206106870228,-15.32824427480916,-3.7557251908396947,-9.131485131835937,0.32561142578124996,0.033518823242187495,-3.1908396946564888,0.42748091603053434,-7.923664122137405,0.0
33.33000040054321,-9.485826977539062,2.5546131713867184,3.785232824707031,-14.961832061068701,-21.267175572519083,-2.1374045801526718,-8.961496813964843,0.02154781494140625,-0.076614453125,-4.061068702290076,0.33587786259541985,-8.885496183206106,0.0
33.34000039100647,-10.304643945312499,2.770091320800781,4.414907861328125,-18.427480916030536,-26.3206106870229,-1.2366412213740459,-8.911218579101561,-0.10295067138671875,0.0143652099609375,-3.2061068702290076,0.22900763358778625,-9.98473282442748,0.0
33.350000619888306,-10.754753857421875,2.906560815429687,4.7931917236328125,-20.916030534351144,-33.603053435114504,-0.04580152671755725,-8.86812294921875,0.05985504150390625,-0.0430956298828125,-2.1374045801526718,-0.4732824427480916,-10.549618320610687,0.0
33.36000084877014,-9.737218151855469,1.5562310791015623,4.273649963378906,-15.267175572519085,-39.38931297709924,4.916030534351145,-9.066841687011719,-0.0718260498046875,-0.08379705810546874,-0.5648854961832062,-1.465648854961832,-10.977099236641221,0.0
33.37000060081482,-9.394847314453125,1.8004396484374998,4.046200805664062,-5.190839694656488,-42.44274809160305,5.709923664122138,-8.726865051269531,0.27293898925781246,-0.09576806640624999,0.7938931297709924,-2.2290076335877864,-12.122137404580153,0.0
33.380000591278076,-9.935936889648437,2.250549560546875,3.9911341674804683,-3.5419847328244276,-45.06870229007634,6.259541984732825,-9.327809667968749,-0.2537853759765625,0.3112462158203125,2.717557251908397,-2.0,-12.595419847328245,0.0
33.39000058174133,-8.329427575683594,1.8076222534179687,3.2249896362304686,0.7633587786259542,-50.18320610687023,8.045801526717558,-8.853757739257812,0.2561795776367187,0.09576806640624999,3.5267175572519083,-2.4580152671755724,-14.977099236641221,0.0
33.40000081062317,-8.506598498535157,2.212242333984375,2.834734765625,2.122137404580153,-52.93129770992366,5.145038167938932,-9.267954626464844,-0.22744915771484372,0.38786066894531246,4.244274809160306,-1.1603053435114503,-14.50381679389313,0.0
33.41000032424927,-8.085219006347655,1.6711527587890624,2.770091320800781,1.6488549618320612,-55.38931297709924,3.5572519083969465,-8.607154968261717,1.3551181396484375,0.15083470458984374,1.9236641221374047,-1.7099236641221374,-14.763358778625955,0.0
33.4200005531311,-8.022969763183593,0.8906430175781249,3.5506010620117183,6.229007633587786,-57.541984732824424,1.2061068702290076,-8.817844714355468,1.5179238525390624,0.13168109130859373,-6.99236641221374,4.320610687022901,-13.465648854961833,0.0
33.43000054359436,-8.125920434570313,1.0558429321289062,4.620809204101562,8.305343511450381,-64.58015267175573,-0.8396946564885496,-7.659051110839843,2.731784094238281,0.4740519287109375,-10.274809160305344,0.6412213740458015,-13.114503816793894,0.0
33.440001010894775,-9.598354455566406,2.2553379638671873,5.7891796142578125,7.1603053435114505,-72.09160305343511,-3.9389312977099236,-9.090783703613281,1.8411410766601561,0.277727392578125,-18.061068702290076,5.358778625954199,-11.893129770992367,0.0
33.450000524520874,-9.935936889648437,0.6703764648437499,6.382941625976562,7.022900763358779,-83.08396946564885,0.13740458015267176,-8.927977990722656,1.20667763671875,0.9528922607421875,-21.52671755725191,5.00763358778626,-12.67175572519084,0.0
33.46000075340271,-9.536105212402344,1.1540052001953125,7.314286071777343,21.66412213740458,-90.03053435114504,1.3893129770992367,-8.432378247070313,0.6631938598632812,0.7757213378906249,-26.68702290076336,5.206106870229007,-13.572519083969466,0.0
33.47000050544739,-9.469067565917967,1.4939818359375,5.990292553710937,21.358778625954198,-101.49618320610686,-0.549618320610687,-8.719682446289061,1.9608511596679685,-0.842758984375,-33.770992366412216,7.145038167938932,-16.0,0.0
33.480000495910645,-10.620678564453124,1.908178723144531,4.350264416503906,13.145038167938932,-111.45038167938931,-6.1679389312977095,-11.85608662109375,-1.158793603515625,0.49320554199218747,-39.45038167938932,13.145038167938932,-14.091603053435115,0.0
33.4900004863739,-10.649408984374999,-0.3591302490234375,3.69664736328125,12.625954198473282,-118.94656488549619,-8.793893129770993,-14.324508532714843,-3.1196447631835937,0.5674257934570313,-21.984732824427482,7.038167938931298,-19.6793893129771,0.0
33.50000047683716,-12.014103930664062,-1.4724340209960938,4.721365673828124,30.549618320610687,-120.41221374045801,-9.969465648854962,-15.363592053222655,-3.394977954101562,1.3192051147460937,-10.65648854961832,4.061068702290076,-25.633587786259543,0.0
33.510000705718994,-13.73314072265625,-0.5530605834960938,6.852205151367187,46.99236641221374,-121.61832061068702,-10.442748091603054,-14.47294903564453,-1.68551796875,0.6105214233398437,-6.854961832061068,-2.732824427480916,-26.83969465648855,0.0
33.52000045776367,-15.823278771972655,2.281674182128906,8.602366564941406,64.74809160305344,-125.81679389312977,-6.427480916030534,-12.375628381347655,0.086191259765625,-0.5913678100585937,-12.366412213740459,-1.7557251908396947,-22.015267175572518,0.0
33.53000092506409,-16.378733557128907,4.357447021484375,8.63109698486328,71.7557251908397,-135.14503816793894,6.9465648854961835,-10.802637890625,0.49320554199218747,-1.6400281372070311,-11.648854961832061,-1.8625954198473282,-17.221374045801525,0.0
33.540000677108765,-15.842432385253906,4.783614916992187,6.737283471679687,56.85496183206107,-143.98473282442748,17.740458015267176,-10.419565624999999,-0.9169792358398436,-0.16041151123046873,-9.511450381679388,3.786259541984733,-14.15267175572519,0.0
33.55000114440918,-14.949395166015623,4.709394665527343,4.158728283691406,29.19083969465649,-155.26717557251908,20.53435114503817,-9.038111267089842,-1.3742717529296875,-1.0654197387695312,-4.6106870229007635,-0.7175572519083969,-13.98473282442748,0.0
33.5600004196167,-13.141772912597656,4.254496350097656,2.932897033691406,1.3282442748091603,-162.99236641221373,23.923664122137403,-10.01015714111328,-4.204218115234375,-0.6440402465820312,2.183206106870229,3.2213740458015265,-10.122137404580153,0.0
33.570000648498535,-11.37006368408203,2.281674182128906,1.0390835205078124,-16.595419847328245,-160.6259541984733,26.870229007633586,-8.722076647949219,-2.9448680419921875,-1.5514426757812498,18.366412213740457,-4.244274809160306,-10.946564885496183,0.0
33.58000063896179,-8.939948999023438,0.02633621826171875,-2.185906115722656,-23.114503816793892,-150.94656488549617,29.6793893129771,-9.624690673828125,-3.6942531616210936,-1.3862427612304686,25.541984732824428,0.10687022900763359,-8.15267175572519,0.0
33.59000062942505,-5.798756420898437,-2.0973206542968748,-3.1579519897460937,-24.0,-129.6030534351145,29.72519083969466,-9.866505041503906,-3.4668040039062498,-1.7525556152343749,36.33587786259542,3.7404580152671754,-5.770992366412214,0.0
33.600000619888306,-4.393360046386719,-3.27526787109375,-3.708618371582031,-10.931297709923664,-103.49618320610686,27.64885496183206,-10.026916552734374,-2.482787121582031,-1.6472107421875,43.98473282442748,8.549618320610687,-3.480916030534351,0.0
33.61000061035156,-2.626439221191406,-5.434837768554687,-4.4819455078125,2.6259541984732824,-74.54961832061069,24.580152671755727,-9.619902270507811,-1.608903515625,-1.8459294799804686,45.70992366412214,12.045801526717558,-2.4885496183206106,0.0
33.62000060081482,-3.0334535034179684,-5.236119030761718,-3.143586779785156,23.603053435114504,-36.778625954198475,17.022900763358777,-9.5384994140625,-0.8714894042968749,-2.5043349365234375,42.13740458015267,15.099236641221374,-0.7633587786259542,0.0
33.6300003528595,-3.4356793823242184,-3.2824504760742186,-2.138022082519531,37.541984732824424,-8.610687022900763,7.633587786259542,-7.6231380859375,1.848323681640625,-2.1452046874999997,24.015267175572518,18.366412213740457,-0.5038167938931297,0.0
33.64000058174133,-5.590460876464843,0.5506663818359374,-0.16759411621093748,30.396946564885496,10.412213740458014,-3.9083969465648853,-9.129090930175781,1.9991583862304687,-2.4109610717773435,2.122137404580153,27.374045801526716,3.404580152671756,0.0
33.65000081062317,-6.399701037597656,2.4205378784179685,0.15322890625,8.381679389312977,18.625954198473284,-8.778625954198473,-8.67658681640625,2.6791116577148437,-1.43652099609375,-24.870229007633586,33.282442748091604,7.770992366412214,0.0
33.660000801086426,-4.584896179199219,1.22583125,-0.7278373046875,-2.7480916030534353,28.244274809160306,-8.67175572519084,-10.55364091796875,-0.6392518432617187,0.5889736083984375,-37.48091603053435,34.778625954198475,13.84732824427481,0.0
33.6700005531311,-3.9145197143554684,0.6177040283203125,-0.737414111328125,-10.65648854961832,40.33587786259542,-11.206106870229007,-10.836156713867187,-2.6240450195312497,1.2114660400390624,-27.893129770992367,30.045801526717558,14.16793893129771,0.0
33.68000078201294,-4.592078784179687,1.0462661254882812,-0.3687070556640625,-24.519083969465647,49.12977099236641,-16.870229007633586,-9.773131176757811,-2.1068974609374997,1.8315642700195311,-15.038167938931299,17.053435114503817,10.13740458015267,0.0
33.69000053405762,-4.599261389160156,1.1707646118164061,0.1197100830078125,-36.67175572519084,57.74045801526717,-20.85496183206107,-10.644620581054687,-4.005499377441406,1.6927005737304686,-12.290076335877863,15.251908396946565,9.801526717557252,0.0
33.70000076293945,-4.556165759277343,0.699106884765625,0.689530078125,-48.82442748091603,65.49618320610686,-23.31297709923664,-8.75320126953125,-1.5131354492187499,0.9169792358398436,-6.793893129770993,8.030534351145038,7.679389312977099,0.0
33.71000051498413,-5.046977099609375,0.6823474731445313,1.1731588134765625,-53.25190839694657,72.68702290076335,-23.96946564885496,-9.323021264648437,-1.7214309936523438,1.158793603515625,-6.33587786259542,6.564885496183206,9.251908396946565,0.0
33.72000050544739,-5.578489868164062,0.4644751220703125,2.1691467041015624,-53.7557251908397,79.05343511450381,-22.213740458015266,-9.354145886230468,-1.3383587280273437,0.8906430175781249,-6.931297709923665,5.190839694656488,8.717557251908397,0.0
33.730000495910645,-5.5090580200195305,-0.3184288208007812,3.162740393066406,-45.32824427480916,86.13740458015268,-16.9618320610687,-9.651026892089844,-1.3287819213867187,1.4987702392578124,-9.374045801526718,4.687022900763359,7.343511450381679,0.0
33.74000072479248,-5.746083984375,-0.6009446166992187,4.012681982421875,-32.93129770992366,93.72519083969466,-14.65648854961832,-9.323021264648437,-1.429338391113281,1.2569558715820313,-15.770992366412214,4.244274809160306,4.8396946564885495,0.0
33.75000047683716,-6.313509777832031,-0.009576806640625,4.357447021484375,-25.923664122137403,97.96946564885496,-13.908396946564885,-9.76116016845703,-2.0374656127929685,1.2114660400390624,-20.549618320610687,2.4427480916030535,2.4885496183206106,0.0
33.76000094413757,-6.902483386230468,0.26815058593749996,4.453215087890625,-18.15267175572519,102.6412213740458,-11.083969465648854,-9.418789331054686,-2.4851813232421875,1.216254443359375,-25.96946564885496,1.2671755725190839,-0.732824427480916,0.0
33.77000093460083,-6.900089184570312,-0.143652099609375,4.551377355957031,-13.908396946564885,103.02290076335878,-8.763358778625955,-9.60793126220703,-3.0310593017578125,1.5035586425781249,-26.80916030534351,-1.3587786259541985,-2.8091603053435112,0.0
33.78000068664551,-7.223306408691406,-0.8092401611328125,5.815515832519531,-1.3282442748091603,105.49618320610686,-7.1603053435114505,-9.60793126220703,-2.9185318237304685,1.4245499877929686,-26.946564885496183,-4.519083969465649,-4.732824427480916,0.0
33.790000915527344,-6.828263134765624,-2.291250988769531,6.643909606933593,11.877862595419847,106.29007633587786,-8.50381679389313,-9.967061511230469,-3.028665100097656,1.8411410766601561,-25.51145038167939,-8.931297709923664,-5.816793893129771,0.0
33.80000066757202,-7.9463553100585935,-1.189918225097656,8.303091357421874,26.549618320610687,106.91603053435115,-11.938931297709924,-9.849745629882811,-2.6216508178710938,1.6304513305664061,-23.72519083969466,-12.977099236641221,-6.442748091603053,0.0
33.81000089645386,-8.109161022949218,-3.1771056030273437,6.902483386230468,35.099236641221374,99.70992366412214,-9.679389312977099,-9.560047229003906,-1.6041151123046875,1.7812860351562498,-24.076335877862597,-15.694656488549619,-6.5038167938931295,0.0
33.820000648498535,-7.7763669921875,-3.1364041748046874,8.259995727539062,76.30534351145039,112.93129770992367,-3.4656488549618323,-8.17859287109375,-1.0103531005859374,1.350329736328125,-29.480916030534353,-17.64885496183206,-6.748091603053435,0.0
33.83000040054321,-11.212046374511718,0.09816226806640624,9.679757312011718,90.35114503816794,106.03053435114504,-2.9160305343511452,-9.126696728515624,-0.9600748657226562,0.5626373901367188,-29.022900763358777,-18.16793893129771,-5.557251908396947,0.0
33.84000062942505,-13.596671228027343,2.825157958984375,11.238382592773437,92.80916030534351,93.43511450381679,6.656488549618321,-8.616731774902343,-0.3806780639648437,0.009576806640625,-30.47328244274809,-18.702290076335878,-4.0458015267175576,0.0
33.850000619888306,-14.211981054687499,2.9759926635742184,8.978256225585938,73.69465648854961,74.04580152671755,12.030534351145038,-8.559270935058594,-0.5363011718749999,-0.3902548706054687,-30.396946564885496,-18.519083969465647,-2.5801526717557253,0.0
33.86000061035156,-15.318102221679686,4.7884033203125,7.977479931640625,52.85496183206107,52.38167938931298,11.389312977099237,-8.353369592285155,-0.258573779296875,-1.3215993164062498,-32.44274809160305,-16.9618320610687,-0.2595419847328244,0.0
33.87000060081482,-15.342044238281249,3.612850305175781,9.291896643066405,39.847328244274806,32.94656488549618,21.862595419847327,-8.647856396484375,-0.6967126831054687,-2.2098481323242187,-34.717557251908396,-13.48091603053435,3.4198473282442747,0.0
33.880000591278076,-15.938200451660155,2.446874096679687,10.486603271484375,41.908396946564885,24.427480916030536,29.099236641221374,-8.927977990722656,-0.8786720092773437,-3.0166940917968748,-33.32824427480916,-8.412213740458014,6.732824427480916,0.0
33.890000343322754,-16.70673918457031,4.077325427246094,8.920795385742187,33.541984732824424,2.7480916030534353,26.564885496183205,-9.78031378173828,-1.7334020019531249,-3.603273498535156,-30.03053435114504,0.13740458015267176,11.541984732824428,0.0
33.90000104904175,-15.073893652343749,2.959233251953125,6.912060192871094,36.76335877862596,-6.244274809160306,30.015267175572518,-9.854534033203125,-3.0334535034179684,-3.5625720703124997,-19.755725190839694,6.595419847328245,15.83206106870229,0.0
33.91000032424927,-14.724340209960937,3.1172505615234374,5.829881042480468,28.244274809160306,-11.786259541984732,26.870229007633586,-10.694898815917968,-3.35188232421875,-3.5410242553710933,0.3053435114503817,7.984732824427481,18.412213740458014,0.0
33.92000079154968,-13.508085766601562,5.161898779296875,3.4332851806640625,6.442748091603053,-16.595419847328245,19.221374045801525,-11.384428894042967,-2.1619640991210938,-3.660734338378906,15.435114503816793,8.946564885496183,19.587786259541986,0.0
33.93000030517578,-11.678915698242188,7.338228088378906,0.3950432739257812,-43.69465648854962,-27.114503816793892,6.488549618320611,-11.56159981689453,-0.38786066894531246,-3.5003228271484375,23.053435114503817,9.267175572519085,19.419847328244273,0.0
33.940001010894775,-9.349357482910156,6.004657763671875,-2.7820623291015623,-71.70992366412214,-25.740458015267176,6.702290076335878,-10.527304699707031,2.8227637573242186,-4.106055847167968,18.946564885496183,11.755725190839694,18.580152671755727,0.0
33.950000286102295,-7.228094812011718,3.526659045410156,-3.39018955078125,-80.25954198473282,-15.236641221374045,11.404580152671755,-10.979808813476561,3.394977954101562,-3.763685009765625,11.923664122137405,15.19083969465649,22.244274809160306,0.0
33.96000051498413,-4.934449621582031,-0.086191259765625,-4.015076184082031,-72.99236641221374,-0.1984732824427481,14.15267175572519,-11.286266625976562,4.762067102050781,-3.794809631347656,0.5648854961832062,19.34351145038168,24.48854961832061,0.0
33.97000050544739,-6.797138513183594,1.0582371337890624,-2.987963671875,-70.16793893129771,17.389312977099237,10.534351145038167,-10.256759912109374,4.920084411621094,-3.0358477050781247,-17.46564885496183,22.3206106870229,26.229007633587788,0.0
33.980000257492065,-8.827421520996094,2.6503812377929687,-1.6065093139648436,-76.80916030534351,25.206106870229007,7.175572519083969,-11.176133349609374,3.7804444213867185,-2.2553379638671873,-33.343511450381676,27.267175572519083,28.778625954198475,0.0
33.9900004863739,-8.10197841796875,-0.6584054565429687,-0.7326257080078125,-85.61832061068702,23.34351145038168,9.007633587786259,-12.761094848632812,1.22583125,-1.3239935180664062,-31.84732824427481,26.03053435114504,30.916030534351144,0.0
34.00000047683716,-7.922413293457031,-2.8658593872070313,0.4429273071289062,-62.36641221374046,30.595419847328245,6.824427480916031,-13.084312072753905,-1.5155296508789062,-1.1109095703125,-14.900763358778626,15.48091603053435,29.328244274809162,0.0
34.010000705718994,-7.764395983886718,-1.7717092285156248,0.14604630126953125,-41.770992366412216,33.847328244274806,0.9465648854961832,-11.901576452636718,1.0319009155273438,-1.2210428466796874,-6.198473282442748,8.580152671755725,23.114503816793892,0.0
34.02000069618225,-10.83376251220703,1.426944189453125,0.5961562133789062,-36.2442748091603,33.74045801526717,-2.6717557251908395,-12.914323754882812,-0.0718260498046875,1.5777788940429687,-11.954198473282442,9.19083969465649,22.366412213740457,0.0
34.03000092506409,-9.85692823486328,1.697488977050781,-0.354341845703125,-32.045801526717554,28.03053435114504,-1.5877862595419847,-12.095506787109374,-0.105344873046875,1.7932570434570312,-12.641221374045802,-6.305343511450381,17.83206106870229,0.0
34.040000677108765,-11.104307299804686,2.906560815429687,0.23223756103515625,-34.85496183206107,23.221374045801525,-2.7786259541984735,-10.74517705078125,1.0797849487304687,1.4867992309570313,-13.816793893129772,-4.396946564885496,15.572519083969466,0.0
34.0500009059906,-10.58476553955078,1.9823989746093749,0.48123453369140623,-26.213740458015266,25.297709923664122,0.732824427480916,-9.423577734375,1.9536685546875,1.2761094848632812,-26.015267175572518,-6.549618320610687,13.312977099236642,0.0
34.06000089645386,-11.03248125,1.905784521484375,0.4213794921875,-32.85496183206107,15.709923664122137,2.2748091603053435,-9.516951599121093,0.9552864624023437,1.2330138549804688,-34.16793893129771,-8.198473282442748,13.419847328244275,0.0
34.070000410079956,-10.228029492187499,0.8116343627929687,0.4908113403320312,-24.595419847328245,17.267175572519083,6.152671755725191,-8.688557824707031,0.3687070556640625,1.2832920898437499,-37.02290076335878,-12.641221374045802,11.526717557251908,0.0
34.08000040054321,-9.370905297851563,1.4149731811523436,0.4261678955078125,-18.732824427480917,18.396946564885496,7.587786259541985,-8.104372619628906,0.17956512451171874,1.0989385620117187,-45.00763358778626,-14.183206106870228,8.900763358778626,0.0
34.09000039100647,-9.277531433105468,2.269703173828125,0.1197100830078125,-20.763358778625953,17.52671755725191,8.473282442748092,-10.13226142578125,-3.35188232421875,1.7717092285156248,-34.36641221374046,-14.183206106870228,10.625954198473282,0.0
34.100000619888306,-9.088389501953124,2.051830822753906,0.04548983154296875,-23.862595419847327,16.671755725190838,10.458015267175572,-8.128314636230469,-1.1156979736328125,0.19393033447265623,-10.351145038167939,-22.396946564885496,4.2748091603053435,0.0
34.11000061035156,-8.904035974121093,2.0542250244140625,0.076614453125,-27.267175572519083,17.770992366412212,12.488549618320612,-8.547299926757812,-0.143652099609375,-1.7501614135742187,-4.778625954198473,-21.633587786259543,2.0763358778625953,0.0
34.12000060081482,-8.518569506835936,1.484405029296875,0.19632453613281248,-32.33587786259542,18.35114503816794,12.213740458015268,-8.157045056152343,1.1540052001953125,-2.104503259277344,-0.07633587786259542,-19.297709923664122,2.183206106870229,0.0
34.130000591278076,-7.651868505859374,-1.149216796875,0.45968671875,-21.435114503816795,21.419847328244273,13.98473282442748,-9.129090930175781,0.09337386474609374,-1.4508862060546874,4.351145038167939,-18.946564885496183,4.229007633587786,0.0
34.14000058174133,-8.010998754882811,-1.9201497314453124,1.388636962890625,-5.709923664122138,25.435114503816795,14.351145038167939,-10.412383020019531,-1.235408056640625,-0.0047884033203125,8.290076335877863,-21.114503816793892,3.572519083969466,0.0
34.15000033378601,-10.862492932128905,0.1005564697265625,3.19865341796875,0.6106870229007634,26.900763358778626,11.007633587786259,-10.065223779296874,-0.8762778076171874,-0.00718260498046875,15.618320610687023,-24.748091603053435,-1.2061068702290076,0.0
34.160000801086426,-10.929530578613281,-0.36631285400390623,3.4093431640625,-2.732824427480916,20.33587786259542,7.450381679389313,-11.231199987792968,-0.7038952880859375,-0.59376201171875,48.900763358778626,-33.69465648854962,-4.0458015267175576,0.0
34.1700005531311,-11.518504187011718,-0.1867477294921875,3.057395520019531,-7.8320610687022905,12.916030534351146,2.732824427480916,-10.500968481445312,0.928950244140625,-0.7541735229492187,33.404580152671755,-31.14503816793893,-8.183206106870228,0.0
34.18000102043152,-9.770736975097655,-0.7996633544921875,1.6639701538085936,0.8396946564885496,14.13740458015267,-1.0381679389312977,-9.160215551757812,2.4205378784179685,-0.7948749511718749,20.85496183206107,-28.03053435114504,-6.67175572519084,0.0
34.19000053405762,-11.080365283203124,1.3359645263671873,1.455674609375,-6.33587786259542,7.572519083969466,-9.923664122137405,-11.449072338867186,-0.3064578125,-0.36152445068359373,11.251908396946565,-24.33587786259542,-2.4580152671755724,0.0
34.20000076293945,-10.536881506347656,1.484405029296875,0.8307879760742187,-1.1755725190839694,7.251908396946565,-10.534351145038167,-11.468225952148437,-1.3742717529296875,0.5889736083984375,22.03053435114504,-25.96946564885496,-3.984732824427481,0.0
34.21000051498413,-10.254365710449218,2.480392919921875,0.36631285400390623,-0.0916030534351145,7.343511450381679,-10.122137404580153,-10.812214697265624,-1.8315642700195311,0.36631285400390623,33.52671755725191,-30.641221374045802,-8.977099236641221,0.0
34.22000074386597,-9.907206469726562,3.902548706054687,0.43574470214843747,-0.3816793893129771,8.427480916030534,-6.900763358778626,-9.433154541015625,0.0,-0.009576806640625,29.66412213740458,-34.29007633587786,-14.106870229007633,0.0
34.230000495910645,-9.797073193359374,4.601655590820312,0.469263525390625,-5.740458015267175,9.068702290076336,-2.6259541984732824,-9.26316622314453,0.28730419921875,-0.25139117431640623,20.549618320610687,-29.328244274809162,-13.251908396946565,0.0
34.24000024795532,-9.583989245605467,4.039018200683594,0.5817910034179687,-14.549618320610687,8.610687022900763,0.4580152671755725,-9.907206469726562,0.1005564697265625,-0.023942016601562498,24.763358778625953,-28.549618320610687,-10.717557251908397,0.0
34.25000047683716,-10.098742602539062,2.8107927490234372,0.9074024291992187,-23.81679389312977,7.221374045801527,1.8625954198473282,-10.486603271484375,-0.4860229370117187,0.6416460449218749,28.80916030534351,-29.374045801526716,-11.068702290076336,0.0
34.26000094413757,-9.694122521972655,0.9504980590820312,1.149216796875,-23.908396946564885,8.564885496183207,3.1755725190839694,-9.284714038085937,0.24181436767578124,0.181959326171875,33.70992366412214,-32.42748091603053,-14.106870229007633,0.0
34.27000093460083,-9.667786303710937,0.7757213378906249,1.3072341064453123,-20.717557251908396,9.48091603053435,2.213740458015267,-8.971073620605468,1.0031704956054688,-0.7445967163085937,23.923664122137403,-29.81679389312977,-16.35114503816794,0.0
34.28000068664551,-9.093177905273437,0.3184288208007812,1.1420341918945311,-16.793893129770993,11.19083969465649,0.8702290076335878,-9.0788126953125,1.2737152832031249,-0.6368576416015624,3.5572519083969465,-23.83206106870229,-13.954198473282442,0.0
34.29000115394592,-9.667786303710937,0.7781155395507812,1.3239935180664062,-17.46564885496183,11.206106870229007,-2.7022900763358777,-10.225635290527343,0.2561795776367187,-1.37906015625,7.648854961832061,-19.572519083969464,-10.641221374045802,0.0
34.30000042915344,-9.289502441406249,-0.29927520751953124,1.0007762939453124,-12.183206106870228,11.17557251908397,-4.1679389312977095,-10.000580334472655,0.00718260498046875,-0.47644613037109373,19.84732824427481,-18.885496183206108,-10.290076335877863,0.0
34.31000113487244,-8.935160595703124,-0.3950432739257812,1.216254443359375,-1.7251908396946565,12.793893129770993,-7.603053435114504,-10.927136376953124,-0.5386953735351562,0.0383072265625,26.53435114503817,-20.916030534351144,-10.946564885496183,0.0
34.320000886917114,-10.35492218017578,1.024718310546875,2.114080065917969,-1.1755725190839694,9.374045801526718,-10.427480916030534,-10.388441003417968,-0.3064578125,1.2378022583007813,30.16793893129771,-24.106870229007633,-11.740458015267176,0.0
34.33000087738037,-9.320627062988281,0.24660277099609373,1.8339584716796873,6.412213740458015,8.076335877862595,-9.206106870229007,-8.844180932617187,1.5035586425781249,-1.35990654296875,30.564885496183205,-22.213740458015266,-13.694656488549619,0.0
34.34000086784363,-9.054870678710937,0.488417138671875,1.9967641845703124,14.290076335877863,7.786259541984733,-10.534351145038167,-8.671798413085938,2.5761609863281247,-1.7525556152343749,22.396946564885496,-14.335877862595419,-13.17557251908397,0.0
34.35000038146973,-9.583989245605467,1.2880804931640624,2.231395947265625,14.687022900763358,4.748091603053435,-12.717557251908397,-8.207323291015625,2.128445275878906,-0.7972691528320313,4.625954198473282,-9.587786259541986,-9.450381679389313,0.0
34.36000061035156,-9.945513696289062,1.4628572143554686,2.224213342285156,18.259541984732824,2.7022900763358777,-13.022900763358779,-9.801861596679688,-0.15083470458984374,0.011971008300781249,17.389312977099237,-12.702290076335878,-5.786259541984733,0.0
34.3700008392334,-9.9215716796875,1.426944189453125,1.8626888916015625,24.015267175572518,0.22900763358778625,-12.305343511450381,-10.47702646484375,-1.7597382202148437,0.37828386230468747,34.06106870229008,-10.702290076335878,-6.015267175572519,0.0
34.380001068115234,-8.916006982421875,1.2138602416992186,1.4820108276367188,34.961832061068705,2.16793893129771,-9.923664122137405,-9.773131176757811,-0.6464344482421874,1.3359645263671873,42.99236641221374,-16.03053435114504,-8.091603053435115,0.0
34.39000058174133,-9.299079248046874,2.4349030883789062,1.62805712890625,36.83969465648855,2.946564885496183,-10.900763358778626,-8.690952026367187,0.9145850341796874,-0.24181436767578124,41.587786259541986,-16.045801526717558,-9.251908396946565,0.0
34.40000104904175,-9.809044201660155,3.296815686035156,1.8028338500976562,34.30534351145038,3.1603053435114505,-9.297709923664122,-9.792284790039062,0.1005564697265625,-0.01915361328125,33.74045801526717,-7.419847328244275,-6.793893129770993,0.0
34.410000801086426,-9.734823950195311,3.42849677734375,1.7477672119140624,27.389312977099237,0.916030534351145,-7.129770992366412,-7.592013464355468,2.6001030029296874,-0.23223756103515625,24.290076335877863,-4.854961832061068,-6.885496183206107,0.0
34.4200005531311,-9.746794958496093,2.901772412109375,1.7980454467773437,22.442748091603054,0.3816793893129771,-5.908396946564886,-10.498574279785156,0.2561795776367187,-0.18435352783203124,27.389312977099237,-4.473282442748092,-2.7022900763358777,0.0
34.43000054359436,-9.840168823242188,2.47081611328125,1.7908628417968748,18.641221374045802,-1.282442748091603,-5.297709923664122,-9.631873278808593,0.7110778930664062,0.07900865478515624,26.015267175572518,-1.984732824427481,-3.435114503816794,0.0
34.440001010894775,-9.83777462158203,2.3535002319335936,1.886630908203125,16.12213740458015,-1.9236641221374047,-3.648854961832061,-9.732429748535155,0.612915625,0.51714755859375,26.82442748091603,-3.114503816793893,-3.4198473282442747,0.0
34.450000524520874,-9.911994873046874,2.001552587890625,1.649604943847656,16.702290076335878,-2.50381679389313,-2.595419847328244,-9.380482104492186,0.5267243652343749,0.679953271484375,22.625954198473284,-3.5572519083969465,-3.2213740458015265,0.0
34.46000051498413,-9.394847314453125,1.2569558715820313,1.484405029296875,18.80916030534351,-1.5267175572519085,-2.2900763358778624,-9.488221179199218,0.5674257934570313,0.3758896606445312,23.068702290076335,-3.5572519083969465,-2.854961832061069,0.0
34.47000074386597,-9.708487731933593,1.448492004394531,1.4173673828125,18.290076335877863,-2.0763358778625953,-3.66412213740458,-9.227253198242186,0.6081272216796875,0.5219359619140624,21.19083969465649,-2.885496183206107,-2.1068702290076335,0.0
34.480000734329224,-9.100360510253905,0.9983820922851562,1.3192051147460937,21.236641221374047,-0.7938931297709924,-4.0,-9.4618849609375,0.7038952880859375,0.5889736083984375,21.236641221374047,-2.8702290076335877,-1.1908396946564885,0.0
34.4900004863739,-9.133879333496093,0.6631938598632812,1.216254443359375,21.6793893129771,-1.4198473282442747,-4.717557251908397,-9.138667736816405,0.9983820922851562,0.5793968017578125,17.52671755725191,-2.030534351145038,-1.9694656488549618,0.0
34.50000047683716,-9.471461767578125,1.1444283935546875,1.4413093994140624,22.564885496183205,-0.7022900763358778,-6.229007633587786,-9.744400756835937,0.7206546997070312,0.3064578125,15.923664122137405,-1.8473282442748091,-1.7404580152671756,0.0
34.51000118255615,-10.357316381835936,2.128445275878906,1.656787548828125,20.519083969465647,0.04580152671755725,-7.114503816793893,-9.095572106933593,1.1109095703125,0.2920926025390625,10.061068702290076,-1.1145038167938932,-2.1068702290076335,0.0
34.52000069618225,-10.876858142089842,3.763685009765625,2.224213342285156,11.068702290076336,-1.618320610687023,-8.580152671755725,-9.679757312011718,0.507570751953125,0.06943184814453125,8.320610687022901,0.15267175572519084,-1.0076335877862594,0.0
34.53000092506409,-11.322179650878905,4.127603662109375,2.588131994628906,-2.6106870229007635,-5.572519083969466,-7.32824427480916,-9.220070593261719,0.430956298828125,0.3016694091796875,4.137404580152672,0.8244274809160306,-1.4198473282442747,0.0
34.540000677108765,-9.299079248046874,1.5322890624999999,0.7254431030273437,-5.893129770992366,-11.007633587786259,-2.7938931297709924,-9.244012609863281,0.2442085693359375,0.062249243164062495,2.8091603053435112,1.0687022900763359,-1.2061068702290076,0.0
34.55000114440918,-7.68059892578125,-0.5315127685546874,0.06464344482421874,2.6717557251908395,-5.312977099236641,-2.0763358778625953,-9.050082275390624,-0.011971008300781249,0.2154781494140625,1.9694656488549618,1.297709923664122,-1.4961832061068703,0.0
34.56000089645386,-9.064447485351561,1.2641384765625,1.3120225097656248,7.099236641221374,2.2595419847328246,-7.206106870229007,-9.579200842285156,-0.4836287353515625,0.3280056274414062,2.931297709923664,1.7404580152671756,-1.83206106870229,0.0
34.570000648498535,-9.210493786621093,1.407790576171875,1.3359645263671873,2.519083969465649,1.3587786259541985,-9.114503816793894,-9.411606726074218,-0.3112462158203125,0.16519991455078123,3.5419847328244276,1.4045801526717556,-2.9160305343511452,0.0
34.58000063896179,-9.605537060546874,2.0877438476562498,2.1068974609374997,0.366412213740458,3.0076335877862594,-10.80916030534351,-9.576806640625,-0.2346317626953125,0.06464344482421874,5.236641221374046,1.3435114503816794,-3.816793893129771,0.0
34.59000086784363,-9.770736975097655,1.9488801513671874,2.6623522460937497,-4.1679389312977095,1.2671755725190839,-11.740458015267176,-9.576806640625,0.009576806640625,-0.13646949462890623,6.366412213740458,1.9694656488549618,-3.9236641221374047,0.0
34.600000619888306,-9.792284790039062,1.7764976318359373,2.9496564453125,-3.480916030534351,-0.6717557251908397,-10.366412213740459,-9.5001921875,0.10295067138671875,-0.09816226806640624,6.8396946564885495,2.931297709923664,-3.954198473282443,0.0
34.61000037193298,-9.641450085449218,1.7501614135742187,3.0550013183593747,-0.10687022900763359,-2.4580152671755724,-8.259541984732824,-9.524134204101562,0.105344873046875,-0.023942016601562498,6.824427480916031,3.0229007633587788,-4.0,0.0
34.6200008392334,-9.483432775878907,2.04943662109375,2.825157958984375,4.366412213740458,-2.8244274809160306,-5.786259541984733,-9.368511096191405,-0.033518823242187495,0.10295067138671875,6.3816793893129775,3.068702290076336,-5.038167938931298,0.0
34.630000591278076,-9.270348828125,2.1978771240234374,2.5522189697265625,5.541984732824427,-4.183206106870229,-4.290076335877862,-9.330203869628905,-0.17477672119140625,0.105344873046875,7.694656488549619,3.450381679389313,-5.312977099236641,0.0
34.64000105857849,-8.95670841064453,2.2361843505859373,2.511517541503906,5.3893129770992365,-4.9465648854961835,-3.9389312977099236,-9.160215551757812,-0.033518823242187495,0.1580173095703125,8.992366412213741,3.435114503816794,-5.236641221374046,0.0
34.65000057220459,-9.006986645507812,1.9943699829101562,2.6096798095703124,4.458015267175573,-5.541984732824427,-3.3435114503816794,-9.083601098632812,0.0909796630859375,0.11731588134765625,9.374045801526718,3.236641221374046,-5.251908396946565,0.0
34.660000801086426,-8.786720092773438,1.7525556152343749,3.0980969482421874,4.748091603053435,-6.488549618320611,-3.0229007633587788,-9.210493786621093,0.01915361328125,-0.12449848632812499,9.755725190839694,3.1603053435114505,-5.0534351145038165,0.0
34.6700005531311,-8.865728747558594,1.8219874633789062,3.6918589599609373,5.4961832061068705,-8.076335877862595,-2.885496183206107,-8.985438830566405,0.2059013427734375,0.24660277099609373,10.045801526717558,2.9160305343511452,-5.893129770992366,0.0
34.68000102043152,-8.963891015625,2.0087351928710935,4.537012145996093,9.816793893129772,-10.320610687022901,-1.0076335877862594,-9.167398156738281,0.19393033447265623,0.47884033203125,9.358778625954198,2.7938931297709924,-6.030534351145038,0.0
34.69000053405762,-8.817844714355468,2.379836450195312,4.704606262207031,14.67175572519084,-13.572519083969466,2.2748091603053435,-8.552088330078124,0.7350199096679687,0.42377369384765623,7.312977099236641,1.618320610687023,-6.748091603053435,0.0
34.70000076293945,-8.729259252929687,2.8012159423828122,4.862623571777344,15.526717557251908,-16.885496183206108,4.595419847328245,-7.055712292480468,2.0470424194335934,0.0383072265625,-4.534351145038168,4.412213740458015,-8.473282442748092,0.0
34.71000051498413,-8.520963708496094,2.710236279296875,4.563348364257812,17.6793893129771,-21.251908396946565,8.15267175572519,-8.403647827148436,0.40940848388671874,1.467645617675781,-17.450381679389313,9.17557251908397,-5.572519083969466,0.0
34.72000050544739,-9.026140258789061,3.134009973144531,4.182670300292968,15.618320610687023,-25.267175572519083,9.694656488549619,-8.434772448730468,0.3950432739257812,1.1061211669921875,-14.763358778625955,9.022900763358779,-5.679389312977099,0.0
34.730000734329224,-8.923189587402343,4.101267443847656,3.4859576171874997,9.17557251908397,-29.251908396946565,11.786259541984732,-8.908824377441405,-0.8188169677734375,1.675941162109375,-20.778625954198475,7.679389312977099,-6.0,0.0
34.7400004863739,-8.427589843749999,4.601655590820312,2.6503812377929687,-9.083969465648854,-38.030534351145036,13.267175572519085,-8.877699755859375,0.7876923461914062,0.4572925170898437,-13.49618320610687,4.778625954198473,-7.511450381679389,0.0
34.75000047683716,-9.095572106933593,2.6001030029296874,3.7325603881835936,-26.27480916030534,-41.587786259541986,13.709923664122137,-8.212111694335936,1.5466542724609373,-0.38307226562499996,-24.748091603053435,0.6259541984732825,-8.961832061068701,0.0
34.760000705718994,-7.503428002929687,1.0821791503906248,4.015076184082031,-29.419847328244273,-44.97709923664122,12.259541984732824,-7.68059892578125,2.0973206542968748,-1.3479355346679687,-51.25190839694657,20.213740458015266,-10.13740458015267,0.0
34.77000117301941,-7.721300354003906,-1.2473790649414063,4.163516687011718,-28.412213740458014,-49.37404580152672,8.687022900763358,-10.20169327392578,-0.5746083984375,1.5969325073242187,-52.916030534351144,8.122137404580153,-7.908396946564886,0.0
34.78000044822693,-7.8912886718749995,-2.7820623291015623,3.727771984863281,-14.15267175572519,-50.74809160305343,2.931297709923664,-10.105925207519531,-1.0295067138671874,3.507505432128906,-49.770992366412216,5.129770992366412,-10.076335877862595,0.0
34.790000915527344,-8.853757739257812,0.17956512451171874,5.597643481445312,0.33587786259541985,-47.86259541984733,-6.717557251908397,-8.690952026367187,-0.6296750366210937,2.798821740722656,-45.48091603053435,-3.9236641221374047,-12.13740458015267,0.0
34.8000009059906,-8.389282617187499,0.30406361083984373,4.936843823242187,6.625954198473282,-53.25190839694657,-9.297709923664122,-8.497021691894531,0.5267243652343749,1.139639990234375,-48.2442748091603,-4.702290076335878,-12.83969465648855,0.0
34.81000089645386,-8.832209924316405,0.8164227661132812,4.407725256347656,1.786259541984733,-63.465648854961835,-11.84732824427481,-8.894459167480468,0.9864110839843749,-0.8714894042968749,-52.534351145038165,0.24427480916030533,-14.625954198473282,0.0
34.820000648498535,-10.050858569335936,2.001552587890625,4.484339709472656,4.732824427480916,-65.64885496183206,-14.396946564885496,-12.586318127441405,-2.061407629394531,0.8930372192382812,-48.900763358778626,6.061068702290076,-16.68702290076336,0.0
34.83000063896179,-9.943119494628906,1.1133037719726562,3.842693664550781,0.7022900763358778,-74.59541984732824,-16.412213740458014,-13.500903161621093,-3.5960908935546874,1.0989385620117187,-35.64885496183206,0.9770992366412213,-24.85496183206107,0.0
34.84000062942505,-10.146626635742187,1.3215993164062498,4.266467358398438,5.1603053435114505,-82.06106870229007,-18.076335877862597,-14.49928525390625,-5.1331683593749995,1.1563994018554686,-26.671755725190838,-0.22900763358778625,-31.709923664122137,0.0
34.850000858306885,-13.278242407226562,2.731784094238281,7.105990527343749,8.106870229007633,-92.83969465648855,-17.480916030534353,-14.23113466796875,-2.47081611328125,0.16041151123046873,-12.65648854961832,-3.2213740458015265,-34.213740458015266,0.0
34.86000037193298,-12.97896719970703,0.7326257080078125,8.2360537109375,27.81679389312977,-104.13740458015268,-6.9465648854961835,-13.311761230468749,-0.9744400756835937,1.3239935180664062,-8.717557251908397,-4.519083969465649,-28.18320610687023,0.0
34.87000107765198,-15.495273144531248,-0.33518823242187495,9.560047229003906,48.58015267175573,-111.87786259541984,-0.1984732824427481,-11.334150659179686,0.02633621826171875,-0.09337386474609374,-1.5572519083969465,-10.335877862595419,-21.83206106870229,0.0
34.880000591278076,-17.255011364746093,0.8906430175781249,10.110713610839843,53.083969465648856,-128.73282442748092,-0.6259541984732825,-10.730811840820312,-0.5985504150390625,-0.3327940307617187,9.32824427480916,-8.931297709923664,-18.290076335877863,0.0
34.89000058174133,-17.166425903320313,2.0183119995117185,8.930372192382812,46.25954198473283,-147.3740458015267,3.1755725190839694,-8.015787158203125,1.927332336425781,-1.0965443603515623,13.603053435114504,-10.381679389312977,-19.404580152671755,0.0
34.90000081062317,-16.3571857421875,1.8914193115234375,6.193799694824218,28.85496183206107,-159.96946564885496,5.251908396946565,-8.580818749999999,0.354341845703125,-1.6256629272460936,3.877862595419847,-3.0381679389312977,-15.709923664122137,0.0
34.91000056266785,-13.77144794921875,0.7972691528320313,1.39821376953125,0.183206106870229,-171.1145038167939,3.114503816793893,-9.550470422363281,-1.8100164550781248,-1.388636962890625,5.068702290076335,0.2900763358778626,-12.702290076335878,0.0
34.92000079154968,-12.562376110839843,0.2442085693359375,-1.2737152832031249,-19.984732824427482,-168.7175572519084,-1.099236641221374,-10.014945544433592,-3.1699229980468746,-2.2170307373046874,13.083969465648854,3.816793893129771,-9.19083969465649,0.0
34.93000054359436,-10.421959826660157,-0.9337386474609375,-3.3327287109375,-23.358778625954198,-157.31297709923663,-0.6412213740458015,-10.041281762695311,-3.2058360229492187,-2.1308394775390624,23.221374045801525,7.679389312977099,-5.770992366412214,0.0
34.94000053405762,-9.708487731933593,-1.2401964599609374,-2.138022082519531,0.4580152671755725,-122.99236641221374,-0.10687022900763359,-9.9215716796875,-2.6862942626953124,-2.6886884643554687,29.633587786259543,13.450381679389313,-4.183206106870229,0.0
34.95000076293945,-7.113173132324218,-1.3718775512695311,-3.5984850952148437,-4.519083969465649,-113.20610687022901,-2.366412213740458,-9.81862100830078,-2.360682836914062,-2.43250888671875,32.3206106870229,17.00763358778626,-3.4656488549618323,0.0
34.96000051498413,-4.441244079589843,-3.670311145019531,-4.029441394042968,19.603053435114504,-82.73282442748092,2.8702290076335877,-9.631873278808593,-2.5426421630859375,-2.437297290039062,31.64885496183206,21.389312977099237,-0.9312977099236641,0.0
34.97000026702881,-3.8187516479492185,-3.3494881225585935,-3.418919970703125,49.17557251908397,-44.82442748091603,2.8702290076335877,-9.80665,-2.7653029174804686,-1.5969325073242187,34.82442748091603,23.358778625954198,1.2213740458015268,0.0
34.980000495910645,-4.355052819824219,-1.3718775512695311,-2.6527754394531247,60.50381679389313,-16.748091603053435,1.282442748091603,-9.897629663085937,-2.042254016113281,-1.2785036865234374,36.47328244274809,22.27480916030534,2.6717557251908395,0.0
34.9900004863739,-6.754042883300781,3.258508459472656,-0.33039982910156246,50.29007633587786,6.99236641221374,-5.236641221374046,-10.060435375976562,-0.5386953735351562,-0.4477157104492187,25.022900763358777,30.27480916030534,4.854961832061068,0.0
35.00000047683716,-7.580042456054687,5.128379956054687,0.34237083740234375,17.72519083969466,14.702290076335878,-8.625954198473282,-9.83777462158203,-0.622492431640625,0.08379705810546874,15.755725190839694,25.480916030534353,9.16030534351145,0.0
35.010000705718994,-4.996698864746094,3.4835634155273434,-0.7302315063476562,-7.221374045801527,22.396946564885496,-4.854961832061068,-8.188169677734374,1.254561669921875,0.0718260498046875,4.366412213740458,28.83969465648855,10.564885496183207,0.0
35.02000069618225,-4.745307690429687,3.019088293457031,-0.06703764648437499,-31.419847328244273,32.0763358778626,-7.022900763358779,-7.800309008789062,0.948103857421875,1.197100830078125,-15.526717557251908,36.213740458015266,11.648854961832061,0.0
35.03000044822693,-4.61602080078125,1.5729904907226562,-0.13407529296874998,-52.61068702290076,39.7557251908397,-10.442748091603054,-10.352527978515624,-2.384624853515625,1.5705962890624998,-17.236641221374047,35.70992366412214,14.854961832061068,0.0
35.040000438690186,-4.618415002441406,0.3064578125,0.30406361083984373,-64.22900763358778,49.3587786259542,-13.770992366412214,-10.014945544433592,-3.5003228271484375,2.961627453613281,-10.473282442748092,28.290076335877863,13.86259541984733,0.0
35.0500009059906,-4.601655590820312,-0.3232172241210937,0.9169792358398436,-63.87786259541985,58.47328244274809,-15.297709923664122,-10.32379755859375,-2.8850130004882812,2.118868469238281,-2.6259541984732824,22.610687022900763,11.083969465648854,0.0
35.06000065803528,-4.678270043945313,-1.1444283935546875,2.013523596191406,-60.916030534351144,66.51908396946565,-14.946564885496183,-10.587159741210938,-3.9719805541992184,2.4133552734375,1.7251908396946565,14.961832061068701,10.274809160305344,0.0
35.070000648498535,-5.008669873046875,-1.7932570434570312,3.289633081054687,-54.534351145038165,72.70229007633588,-14.091603053435115,-9.409212524414063,-1.7669208251953124,2.059013427734375,6.67175572519084,6.030534351145038,6.595419847328245,0.0
35.08000063896179,-5.691017346191406,-1.1731588134765625,4.611232397460937,-48.29007633587786,76.80916030534351,-15.099236641221374,-8.951920007324219,-0.5626373901367188,1.6615759521484375,-1.0687022900763359,3.8625954198473282,6.030534351145038,0.0
35.09000062942505,-6.526593725585937,-1.5107412475585937,5.372588525390625,-42.94656488549618,77.69465648854961,-14.67175572519084,-9.737218151855469,-0.679953271484375,1.5873557006835937,-7.6183206106870225,1.099236641221374,6.320610687022901,0.0
35.100000619888306,-7.256825231933593,-1.0319009155273438,5.755660791015624,-38.13740458015267,76.82442748091603,-13.816793893129772,-9.564835632324218,-1.158793603515625,1.4125789794921875,-16.27480916030534,-0.4122137404580153,5.32824427480916,0.0
35.11000061035156,-8.204929089355469,-0.4525041137695312,5.985504150390625,-31.435114503816795,76.73282442748092,-11.450381679389313,-9.581595043945311,-1.8842367065429686,1.0989385620117187,-20.931297709923665,-2.732824427480916,3.954198473282443,0.0
35.1200008392334,-8.28633194580078,-0.11252747802734374,6.129156249999999,-16.625954198473284,78.2442748091603,-6.33587786259542,-9.452308154296874,-2.6791116577148437,0.7038952880859375,-22.519083969465647,-3.954198473282443,2.3206106870229006,0.0
35.130000591278076,-7.4794859863281244,-0.7589619262695312,5.9208607055664055,4.33587786259542,80.35114503816794,-0.5801526717557252,-9.054870678710937,-3.1411925781249996,0.5626373901367188,-21.87786259541985,-3.786259541984733,1.297709923664122,0.0
35.14000058174133,-7.785943798828124,-0.7134720947265625,6.766013891601562,25.297709923664122,83.54198473282443,1.4045801526717556,-8.779537487792968,-3.0645781249999997,0.16280571289062498,-18.80916030534351,-5.038167938931298,1.0381679389312977,0.0
35.15000057220459,-8.494627490234375,-0.12689268798828124,7.151480358886718,38.01526717557252,81.80152671755725,1.099236641221374,-8.889670764160156,-2.6910826660156246,0.18435352783203124,-12.213740458015268,-5.175572519083969,1.7251908396946565,0.0
35.16000032424927,-9.090783703613281,0.38786066894531246,7.161057165527343,46.58015267175573,77.77099236641222,1.251908396946565,-9.196128576660156,-2.4564509033203126,0.430956298828125,-7.984732824427481,-3.984732824427481,2.900763358778626,0.0
35.1700005531311,-4.627991809082031,-5.066130712890625,3.1747114013671873,73.45038167938931,75.06870229007633,11.511450381679388,-7.714117749023437,-1.3718775512695311,0.6057330200195312,-5.312977099236641,-2.6106870229007635,2.519083969465649,0.0
35.18000102043152,-8.164227661132813,-0.7278373046875,6.7085530517578125,94.51908396946565,86.30534351145039,7.908396946564886,-9.052476477050782,-1.608903515625,1.2042834350585936,-4.259541984732825,3.5267175572519083,4.229007633587786,0.0
35.190000772476196,-10.493785876464843,2.636016027832031,7.884106066894531,81.1145038167939,74.62595419847328,3.8473282442748094,-11.595118640136718,-2.1930887207031247,1.209071838378906,-1.0381679389312977,3.068702290076336,9.511450381679388,0.0
35.20000076293945,-9.888052856445311,2.626439221191406,7.75721337890625,69.09923664122137,61.51145038167939,7.297709923664122,-8.075642199707032,1.608903515625,0.737414111328125,-5.8320610687022905,0.15267175572519084,9.770992366412214,0.0
35.21000051498413,-9.842563024902343,3.0262708984374997,7.977479931640625,64.70229007633588,53.17557251908397,12.01526717557252,-8.480262280273436,1.9321207397460936,0.6344634399414062,-21.068702290076335,9.648854961832061,15.19083969465649,0.0
35.22000074386597,-10.299855541992187,3.835511059570312,7.989450939941406,56.54961832061068,44.58015267175573,17.81679389312977,-9.366116894531249,-0.8020575561523438,1.189918225097656,-30.916030534351144,14.763358778625955,20.564885496183205,0.0
35.230000734329224,-10.83376251220703,3.574543078613281,6.7085530517578125,29.450381679389313,33.45038167938932,19.0381679389313,-8.789114294433594,-1.8722656982421875,-0.18435352783203124,-33.725190839694655,23.984732824427482,23.709923664122137,0.0
35.2400004863739,-11.06360587158203,2.138022082519531,5.80354482421875,10.427480916030534,25.404580152671755,20.80916030534351,-8.33182177734375,-3.1866824096679687,0.8379705810546875,-23.206106870229007,11.908396946564885,25.587786259541986,0.0
35.25000047683716,-12.9095353515625,2.176329309082031,7.184999182128906,1.8931297709923665,21.923664122137403,24.12213740458015,-10.828974108886719,-6.203376501464843,1.8746598999023436,-16.519083969465647,14.473282442748092,27.31297709923664,0.0
35.260000705718994,-13.098677282714842,1.3646949462890625,7.977479931640625,-2.595419847328244,17.297709923664122,29.541984732824428,-8.449137658691406,-2.0159177978515626,-1.4532804077148436,-3.0839694656488548,11.16030534351145,25.00763358778626,0.0
35.27000093460083,-13.110648291015623,1.7884686401367187,8.384494213867187,-10.198473282442748,5.297709923664122,29.81679389312977,-7.68059892578125,0.20829554443359374,-2.7174188842773437,-9.587786259541986,12.030534351145038,25.938931297709924,0.0
35.28000068664551,-13.464990136718749,2.5761609863281247,8.971073620605468,-5.709923664122138,-0.12213740458015267,30.27480916030534,-9.191340173339842,-1.70467158203125,-2.789244934082031,-14.030534351145038,23.31297709923664,30.82442748091603,0.0
35.290000915527344,-12.552799304199217,0.21787235107421873,7.211335400390625,-5.419847328244275,-13.786259541984732,31.81679389312977,-11.209652172851563,-3.7612908081054686,-2.5163059448242184,-0.32061068702290074,27.66412213740458,34.778625954198475,0.0
35.30000042915344,-11.18571015625,-1.6400281372070311,5.274426257324219,16.82442748091603,-14.381679389312977,31.96946564885496,-9.229647399902344,-2.4061726684570313,-3.1172505615234374,15.282442748091603,18.65648854961832,31.587786259541986,0.0
35.31000089645386,-10.927136376953124,-2.365471240234375,3.414131567382812,32.36641221374046,-14.381679389312977,25.893129770992367,-10.541669909667968,0.11013327636718749,-4.132392065429687,18.15267175572519,22.366412213740457,28.793893129770993,0.0
35.320000886917114,-9.957484704589843,-0.6703764648437499,0.9624690673828125,47.80152671755725,-10.870229007633588,21.297709923664122,-10.149020837402343,1.369483349609375,-4.019864587402344,6.641221374045801,29.6793893129771,27.282442748091604,0.0
35.33000087738037,-8.908824377441405,2.039859814453125,-1.0773907470703123,51.908396946564885,-4.687022900763359,18.48854961832061,-10.47702646484375,-0.4644751220703125,-3.220201232910156,-0.2748091603053435,34.0763358778626,28.83969465648855,0.0
35.34000062942505,-8.813056311035156,4.225765930175781,-2.8993782104492185,40.93129770992366,1.099236641221374,15.49618320610687,-11.372457885742186,-0.7206546997070312,-2.051830822753906,8.946564885496183,30.396946564885496,28.916030534351144,0.0
35.350000858306885,-9.390058911132812,5.219359619140625,-3.1675287963867187,17.96946564885496,7.587786259541985,13.633587786259541,-12.325350146484375,0.19871873779296872,-2.442085693359375,16.48854961832061,26.519083969465647,25.709923664122137,0.0
35.36000061035156,-9.962273107910155,5.149927770996094,-2.5258827514648434,-5.038167938931298,12.778625954198473,13.358778625954198,-10.558429321289061,2.272097375488281,-2.5761609863281247,32.44274809160305,10.473282442748092,20.580152671755727,0.0
35.37000060081482,-9.813832604980469,4.857835168457031,-2.123656872558594,-23.419847328244273,17.786259541984734,13.358778625954198,-12.160150231933594,2.6288334228515624,-2.767697119140625,18.137404580152673,16.870229007633586,20.15267175572519,0.0
35.3800003528595,-9.713276135253906,2.5809493896484375,-1.0797849487304687,-39.908396946564885,21.61832061068702,12.122137404580153,-12.289437121582031,3.7038299682617186,-2.607285607910156,10.51908396946565,13.801526717557252,18.35114503816794,0.0
35.39000058174133,-10.101136804199218,0.9193734375,-0.1005564697265625,-41.63358778625954,23.96946564885496,8.900763358778626,-13.034033837890624,2.868253588867187,-2.0470424194335934,-0.061068702290076333,12.65648854961832,17.34351145038168,0.0
35.40000081062317,-9.679757312011718,0.2657563842773437,0.22505495605468748,-34.36641221374046,26.977099236641223,6.564885496183206,-12.701239807128905,2.8131869506835936,-1.0630255371093749,-14.778625954198473,9.099236641221374,15.740458015267176,0.0
35.41000056266785,-10.050858569335936,0.7972691528320313,0.5051765502929687,-27.709923664122137,26.900763358778626,3.2977099236641223,-12.076353173828124,3.0909143432617188,-1.3048399047851562,-17.450381679389313,8.305343511450381,14.702290076335878,0.0
35.42000126838684,-10.235212097167969,1.848323681640625,0.5099649536132812,-22.53435114503817,24.99236641221374,1.2213740458015268,-11.365275280761718,3.0933085449218747,-1.7693150268554687,-24.99236641221374,6.305343511450381,15.679389312977099,0.0
35.43000102043152,-10.429142431640624,2.906560815429687,0.8044517578125,-20.549618320610687,22.625954198473284,0.48854961832061067,-11.027692846679686,2.7246014892578123,-2.094926452636719,-27.908396946564885,6.244274809160306,17.14503816793893,0.0
35.44000053405762,-10.158597644042969,3.821145849609375,0.4333505004882812,-22.137404580152673,20.610687022900763,1.3282442748091603,-10.98699141845703,1.9488801513671874,-1.8459294799804686,-24.290076335877863,6.488549618320611,15.938931297709924,0.0
35.450000524520874,-9.394847314453125,3.7110125732421873,-0.01915361328125,-26.0,18.290076335877863,3.282442748091603,-11.540052001953125,0.5865794067382812,-0.4070142822265625,-20.793893129770993,3.435114503816794,14.213740458015268,0.0
35.46000051498413,-9.507374792480467,2.8993782104492185,-0.08379705810546874,-26.16793893129771,18.244274809160306,3.7251908396946565,-12.610260144042968,-1.879448303222656,0.7996633544921875,-1.0687022900763359,1.083969465648855,12.183206106870228,0.0
35.47000050544739,-9.516951599121093,2.3415292236328122,0.06943184814453125,-25.96946564885496,18.03053435114504,5.0534351145038165,-11.851298217773437,-0.28490999755859375,0.06464344482421874,9.404580152671755,-4.778625954198473,5.908396946564886,0.0
35.480000495910645,-9.662997900390625,1.8435352783203125,-0.20829554443359374,-22.549618320610687,18.99236641221374,7.00763358778626,-11.231199987792968,0.5889736083984375,-0.4213794921875,11.282442748091603,-6.3816793893129775,2.366412213740458,0.0
35.49000024795532,-9.6917283203125,1.3646949462890625,-0.32082302246093747,-21.251908396946565,20.015267175572518,6.549618320610687,-10.019733947753906,1.1731588134765625,0.08379705810546874,2.3053435114503817,-6.305343511450381,0.2595419847328244,0.0
35.50000047683716,-9.639055883789062,1.0438719238281249,-0.296881005859375,-19.84732824427481,20.9618320610687,5.755725190839694,-9.239224206542968,0.6871358764648438,0.7422025146484375,-9.465648854961833,-8.335877862595419,0.6259541984732825,0.0
35.510000705718994,-9.622296472167967,0.7398083129882812,-0.2920926025390625,-19.587786259541986,22.0,3.9083969465648853,-8.82981572265625,0.7134720947265625,-0.201112939453125,-36.534351145038165,-16.412213740458014,-0.2595419847328244,0.0
35.52000045776367,-9.756371765136718,0.37828386230468747,0.28012159423828126,-18.641221374045802,23.541984732824428,1.8625954198473282,-9.315838659667968,0.9026140258789062,0.10773907470703124,-34.35114503816794,-18.396946564885496,0.015267175572519083,0.0
35.53000044822693,-9.976638317871092,0.086191259765625,1.0582371337890624,-15.145038167938932,23.801526717557252,-1.0687022900763359,-10.259154113769531,0.9576806640625,1.2832920898437499,-23.709923664122137,-17.480916030534353,-0.3816793893129771,0.0
35.540000677108765,-9.74200655517578,-0.55545478515625,1.2880804931640624,-7.862595419847328,23.31297709923664,-2.687022900763359,-10.412383020019531,-1.0462661254882812,-0.8762778076171874,8.305343511450381,-24.35114503816794,-2.9770992366412212,0.0
35.5500009059906,-9.974244116210937,-0.2154781494140625,1.697488977050781,-0.9770992366412213,23.572519083969464,-4.595419847328245,-10.053252770996092,0.5865794067382812,-0.5722141967773438,11.893129770992367,-30.33587786259542,-6.183206106870229,0.0
35.56000089645386,-9.928754284667969,0.4644751220703125,1.838746875,4.473282442748092,23.603053435114504,-7.038167938931298,-8.501810095214843,2.138022082519531,-1.9321207397460936,2.6106870229007635,-28.793893129770993,-7.374045801526718,0.0
35.570000410079956,-10.376469995117187,1.2425906616210938,1.8195932617187498,4.030534351145038,21.099236641221374,-10.045801526717558,-9.488221179199218,0.507570751953125,-1.4915876342773438,-6.534351145038168,-24.259541984732824,-1.5267175572519085,0.0
35.58000087738037,-10.165780249023436,1.4173673828125,1.7453730102539062,6.015267175572519,20.610687022900763,-10.748091603053435,-9.749189160156249,-1.2306196533203124,-0.9744400756835937,8.580152671755725,-27.34351145038168,0.5343511450381679,0.0
35.59000062942505,-9.9981861328125,1.6543933471679686,1.5562310791015623,7.3893129770992365,19.740458015267176,-11.526717557251908,-10.115502014160155,-2.252943762207031,-0.10295067138671875,24.458015267175572,-30.458015267175572,0.183206106870229,0.0
35.600000619888306,-9.193734375,1.9967641845703124,1.37906015625,9.389312977099237,19.740458015267176,-12.01526717557252,-8.492233288574218,0.565031591796875,-1.2880804931640624,42.85496183206107,-35.541984732824424,-5.480916030534351,0.0
35.61000061035156,-9.37808790283203,3.19865341796875,1.678335363769531,7.190839694656488,20.3206106870229,-11.679389312977099,-8.75320126953125,0.7015010864257812,-1.2497732666015624,28.82442748091603,-28.30534351145038,-4.396946564885496,0.0
35.62000060081482,-9.466673364257812,2.9448680419921875,1.6711527587890624,2.1526717557251906,18.47328244274809,-10.458015267175572,-9.746794958496093,-0.6272808349609375,-0.9648632690429687,38.82442748091603,-28.198473282442748,-1.618320610687023,0.0
35.630000829696655,-8.901641772460938,1.656787548828125,1.2593500732421874,8.290076335877863,20.458015267175572,-7.877862595419847,-10.115502014160155,-1.438915197753906,-0.9792284790039062,51.00763358778626,-30.30534351145038,-3.480916030534351,0.0
35.64000105857849,-10.66856259765625,4.690241052246093,2.6623522460937497,-3.4656488549618323,17.61832061068702,-10.717557251908397,-9.141061938476563,1.0031704956054688,-1.0582371337890624,60.44274809160305,-30.885496183206108,-8.381679389312977,0.0
35.65000081062317,-10.096348400878906,3.7995980346679685,2.6001030029296874,-15.007633587786259,12.366412213740459,-7.00763358778626,-8.573636145019531,1.5729904907226562,-1.9728221679687499,40.16793893129771,-25.64885496183206,-8.961832061068701,0.0
35.660000801086426,-9.706093530273437,2.530671154785156,2.5378537597656248,-15.145038167938932,11.83206106870229,-4.213740458015267,-9.919177478027343,0.86191259765625,-0.9983820922851562,26.106870229007633,-19.221374045801525,-3.5114503816793894,0.0
35.6700005531311,-10.13226142578125,2.6048914062499997,2.6048914062499997,-16.35114503816794,8.091603053435115,-4.458015267175573,-9.442731347656249,0.967257470703125,-0.8786720092773437,37.9236641221374,-16.83969465648855,-2.1068702290076335,0.0
35.68000078201294,-9.370905297851563,1.197100830078125,2.224213342285156,-11.725190839694656,6.351145038167939,-2.0916030534351147,-10.007762939453125,0.7685387329101562,0.10295067138671875,40.58015267175573,-20.12213740458015,-2.16793893129771,0.0
35.69000053405762,-9.409212524414063,1.0486603271484374,2.379836450195312,-4.412213740458015,5.862595419847328,-1.633587786259542,-9.445125549316407,0.74699091796875,0.016759411621093748,37.43511450381679,-20.519083969465647,-2.854961832061069,0.0
35.70000100135803,-8.91840118408203,0.74699091796875,2.142810485839844,3.5572519083969465,6.0458015267175576,-0.15267175572519084,-8.700528833007812,1.8435352783203125,-0.6727706665039062,26.27480916030534,-17.893129770992367,-2.0610687022900764,0.0
35.71000051498413,-9.172186560058593,1.6807295654296874,2.147598889160156,7.786259541984733,6.061068702290076,-0.21374045801526717,-7.821856823730468,4.455609289550781,-1.3527239379882812,18.625954198473284,-12.274809160305344,-1.5267175572519085,0.0
35.72000026702881,-9.284714038085937,1.7621324218749999,1.70467158203125,9.786259541984732,4.8396946564885495,0.5343511450381679,-9.519345800781249,1.678335363769531,-1.197100830078125,1.9083969465648856,-3.480916030534351,3.3435114503816794,0.0
35.730000734329224,-9.658209497070311,2.2170307373046874,1.7262193969726563,12.427480916030534,5.374045801526718,0.8396946564885496,-10.568006127929687,-0.1388636962890625,-0.055066638183593745,8.320610687022901,-4.702290076335878,4.183206106870229,0.0
35.7400004863739,-9.03332286376953,1.697488977050781,1.1420341918945311,15.557251908396946,5.923664122137405,2.351145038167939,-10.481814868164061,-0.8499415893554687,-0.5961562133789062,14.412213740458014,-3.648854961832061,2.213740458015267,0.0
35.75000047683716,-9.105148913574219,1.7357962036132812,1.2210428466796874,15.358778625954198,6.427480916030534,2.030534351145038,-10.426748229980468,-1.446097802734375,-0.4333505004882812,18.931297709923665,-7.129770992366412,1.1755725190839694,0.0
35.760000705718994,-9.299079248046874,1.4628572143554686,1.2856862915039062,16.061068702290076,7.190839694656488,1.2366412213740459,-10.275913525390624,-1.3335703247070312,0.009576806640625,24.68702290076336,-16.396946564885496,-0.5801526717557252,0.0
35.77000045776367,-9.665392102050781,1.5251064575195312,1.5634136840820312,16.80916030534351,7.786259541984733,0.4732824427480916,-10.108319409179687,-0.7733271362304687,0.7015010864257812,30.15267175572519,-24.519083969465647,-2.4885496183206106,0.0
35.78000068664551,-9.756371765136718,1.2617442749023438,1.7812860351562498,17.52671755725191,8.045801526717558,0.7786259541984732,-9.287108239746093,0.5482721801757812,0.2346317626953125,22.625954198473284,-27.389312977099237,-5.6183206106870225,0.0
35.790000915527344,-9.641450085449218,1.6208745239257811,1.8650830932617186,16.793893129770993,8.458015267175572,0.6870229007633588,-8.456320263671875,0.8858546142578124,0.2059013427734375,6.519083969465649,-19.083969465648856,-5.7251908396946565,0.0
35.80000066757202,-9.928754284667969,2.0877438476562498,1.7310078002929687,14.748091603053435,8.01526717557252,-0.2748091603053435,-9.188945971679686,0.51714755859375,0.016759411621093748,-7.526717557251908,-16.946564885496183,-3.2061068702290076,0.0
35.81000113487244,-9.854534033203125,2.27927998046875,1.209071838378906,11.648854961832061,7.221374045801527,-0.9618320610687023,-8.798691101074219,2.0350714111328125,0.3112462158203125,-20.076335877862597,-15.969465648854962,-3.5877862595419847,0.0
35.820000886917114,-9.81862100830078,2.061407629394531,0.9983820922851562,7.8320610687022905,6.305343511450381,-2.366412213740458,-10.232817895507813,0.1867477294921875,0.181959326171875,0.8244274809160306,-16.18320610687023,-2.2900763358778624,0.0
35.83000063896179,-9.928754284667969,2.0350714111328125,0.8834604125976562,4.091603053435114,5.908396946564886,-4.061068702290076,-10.773907470703124,-1.1563994018554686,0.7350199096679687,-2.4580152671755724,-16.458015267175572,-2.6106870229007635,0.0
35.84000062942505,-9.641450085449218,1.9321207397460936,1.1037269653320312,-0.24427480916030533,5.938931297709924,-5.129770992366412,-10.199299072265624,-0.7062894897460937,0.9145850341796874,6.198473282442748,-20.564885496183205,-4.3816793893129775,0.0
35.85000038146973,-9.777919580078125,2.090138049316406,1.35990654296875,-4.137404580152672,5.801526717557252,-6.396946564885496,-10.022128149414062,-0.16759411621093748,-0.689530078125,13.694656488549619,-20.53435114503817,-6.213740458015267,0.0
35.86000061035156,-9.6917283203125,2.319981408691406,1.649604943847656,-6.1679389312977095,5.557251908396947,-6.061068702290076,-8.458714465332031,2.1452046874999997,-0.29927520751953124,9.526717557251908,-16.85496183206107,-7.022900763358779,0.0
35.87000036239624,-9.631873278808593,2.7533319091796873,1.5011644409179687,-8.183206106870228,5.435114503816794,-4.076335877862595,-8.580818749999999,3.69664736328125,-0.8068459594726562,12.763358778625955,-15.34351145038168,-6.793893129770993,0.0
35.880001068115234,-9.727641345214844,2.655169641113281,1.1659762084960936,-9.312977099236642,5.4961832061068705,-3.2213740458015265,-10.019733947753906,0.5961562133789062,0.18435352783203124,-6.595419847328245,-3.5877862595419847,-3.648854961832061,0.0
35.89000058174133,-9.504980590820312,2.3247698120117186,1.2521674682617188,-12.885496183206106,5.7251908396946565,-2.8091603053435112,-9.361328491210937,0.9959878906249999,-0.2059013427734375,-11.129770992366412,-7.786259541984733,-4.763358778625954,0.0
35.90000081062317,-9.440337145996093,1.8531120849609375,0.9911994873046874,-13.954198473282442,5.022900763358779,-3.068702290076336,-9.816226806640625,0.45010991210937495,0.028730419921875,-8.961832061068701,-5.66412213740458,-4.488549618320611,0.0
35.91000056266785,-9.622296472167967,1.618480322265625,1.1731588134765625,-14.534351145038167,5.816793893129771,-4.534351145038168,-9.227253198242186,0.70868369140625,-0.17956512451171874,-8.977099236641221,-4.5038167938931295,-5.0534351145038165,0.0
35.92000079154968,-9.215282189941405,0.9840168823242187,1.1755530151367186,-8.763358778625955,7.145038167938932,-4.564885496183206,-9.612719665527344,0.28730419921875,0.33039982910156246,-8.625954198473282,-4.458015267175573,-4.549618320610687,0.0
35.93000054359436,-9.3852705078125,0.8786720092773437,1.3383587280273437,-4.9465648854961835,8.045801526717558,-5.526717557251908,-9.428366137695312,0.39743747558593745,0.09576806640624999,-8.732824427480915,-3.5877862595419847,-5.450381679389313,0.0
35.940001010894775,-10.026916552734374,1.8195932617187498,1.8363526733398436,-6.99236641221374,6.916030534351145,-6.977099236641221,-9.579200842285156,-0.12210428466796874,0.5099649536132812,-7.969465648854962,-4.213740458015267,-5.175572519083969,0.0
35.95000100135803,-9.5001921875,1.5179238525390624,1.7286135986328124,-2.519083969465649,7.0534351145038165,-6.183206106870229,-9.612719665527344,0.1197100830078125,0.040701428222656245,-5.816793893129771,-3.7251908396946565,-6.564885496183206,0.0
35.96000051498413,-9.41639512939453,1.2569558715820313,1.5969325073242187,-2.366412213740458,5.648854961832061,-6.213740458015267,-9.828197814941406,-0.181959326171875,0.11013327636718749,-6.015267175572519,-2.9923664122137406,-7.022900763358779,0.0
35.97000050544739,-9.782707983398437,1.8842367065429686,1.7381904052734374,-1.2061068702290076,5.740458015267175,-8.0,-9.775525378417969,-0.622492431640625,0.39264907226562495,-2.5801526717557253,-3.66412213740458,-7.282442748091603,0.0
35.980000495910645,-9.311050256347656,1.467645617675781,1.4317325927734375,1.4351145038167938,5.114503816793893,-7.450381679389313,-9.435548742675781,0.38786066894531246,-0.16041151123046873,6.854961832061068,-8.305343511450381,-9.679389312977099,0.0
35.9900004863739,-9.5384994140625,1.9201497314453124,1.4173673828125,1.2366412213740459,4.5038167938931295,-8.320610687022901,-9.387664709472656,-0.3184288208007812,0.16519991455078123,-1.8931297709923665,-3.3893129770992365,-9.954198473282442,0.0
36.00000071525574,-9.188945971679686,1.7908628417968748,1.659181750488281,1.3129770992366412,4.8396946564885495,-8.80916030534351,-8.949525805664061,1.01514150390625,-0.40462008056640625,6.061068702290076,-5.66412213740458,-11.16030534351145,0.0
36.010000705718994,-9.548076220703125,1.7238251953125,1.8818425048828125,0.7633587786259542,2.6259541984732824,-9.374045801526718,-8.865728747558594,0.6727706665039062,-0.2346317626953125,0.7633587786259542,-5.7251908396946565,-11.541984732824428,0.0
36.02000069618225,-9.560047229003906,1.7477672119140624,2.346317626953125,4.8396946564885495,3.4198473282442747,-8.15267175572519,-9.406818322753905,0.1484405029296875,0.18435352783203124,1.7709923664122138,-1.6793893129770991,-10.030534351145038,0.0
36.03000092506409,-9.507374792480467,1.9704279663085937,2.645592834472656,8.076335877862595,2.717557251908397,-7.221374045801527,-9.828197814941406,-0.7445967163085937,0.3016694091796875,8.16793893129771,-1.6488549618320612,-8.732824427480915,0.0
36.040000677108765,-9.210493786621093,1.8555062866210936,2.3367408203125,10.473282442748092,1.6641221374045803,-6.625954198473282,-8.224082702636718,1.1611878051757811,-0.09337386474609374,13.221374045801527,-6.687022900763359,-11.282442748091603,0.0
36.05000066757202,-9.619902270507811,2.1930887207031247,2.4588451049804685,8.717557251908397,-0.061068702290076333,-7.66412213740458,-9.291896643066405,-0.5793968017578125,0.47644613037109373,9.816793893129772,-1.7557251908396947,-9.770992366412214,0.0
36.06000065803528,-9.050082275390624,1.9991583862304687,2.683900061035156,7.908396946564886,-0.44274809160305345,-8.396946564885496,-7.766790185546874,1.2928688964843749,0.21787235107421873,6.702290076335878,-1.6030534351145038,-11.633587786259541,0.0
36.070000648498535,-9.368511096191405,1.8770541015625,2.616862414550781,4.2748091603053435,-3.114503816793893,-8.778625954198473,-8.961496813964843,-0.105344873046875,0.277727392578125,4.412213740458015,0.0916030534351145,-10.320610687022901,0.0
36.08000087738037,-9.536105212402344,2.2266075439453124,2.8131869506835936,3.7404580152671754,-3.8473282442748094,-7.893129770992366,-8.616731774902343,-0.011971008300781249,0.5099649536132812,4.854961832061068,0.7786259541984732,-10.534351145038167,0.0
36.09000062942505,-9.85692823486328,2.971204260253906,3.1962592163085937,0.7175572519083969,-5.511450381679389,-7.603053435114504,-8.353369592285155,0.18914193115234373,0.5793968017578125,4.717557251908397,1.5572519083969465,-11.679389312977099,0.0
36.10000038146973,-9.157821350097656,3.0071172851562498,2.932897033691406,-0.8396946564885496,-7.267175572519084,-5.984732824427481,-8.463502868652343,0.06943184814453125,0.5506663818359374,4.442748091603053,0.7938931297709924,-11.068702290076336,0.0
36.11000061035156,-9.117119921875,3.2441432495117186,3.1842882080078123,-3.2977099236641223,-7.786259541984733,-4.290076335877862,-8.497021691894531,0.603338818359375,0.5961562133789062,2.7480916030534353,1.099236641221374,-10.946564885496183,0.0
36.12000060081482,-9.069235888671875,3.6272155151367187,3.7158009765625,-10.274809160305344,-11.022900763358779,-4.183206106870229,-8.908824377441405,0.469263525390625,0.4070142822265625,0.8091603053435115,1.3893129770992367,-10.641221374045802,0.0
36.130000591278076,-9.241618408203124,4.182670300292968,3.7804444213867185,-27.83206106870229,-21.52671755725191,-4.641221374045801,-9.191340173339842,0.316034619140625,0.9145850341796874,-1.5572519083969465,1.3435114503816794,-11.022900763358779,0.0
36.14000058174133,-8.722076647949219,3.411737365722656,3.9887399658203124,-36.16793893129771,-26.870229007633586,-2.931297709923664,-9.414000927734374,0.23702596435546874,1.0199299072265624,-4.320610687022901,-0.12213740458015267,-12.320610687022901,0.0
36.15000033378601,-8.813056311035156,3.6846763549804686,4.477157104492187,-35.51145038167939,-32.18320610687023,0.04580152671755725,-9.320627062988281,0.21068974609375,1.0726023437499999,-7.206106870229007,-0.732824427480916,-13.557251908396946,0.0
36.160000801086426,-8.94473740234375,2.8802245971679685,4.338293408203125,-37.908396946564885,-37.847328244274806,2.687022900763359,-8.990227233886719,0.296881005859375,0.6464344482421874,-12.51908396946565,-0.2748091603053435,-14.80916030534351,0.0
36.170000314712524,-8.616731774902343,1.695094775390625,4.254496350097656,-35.282442748091604,-40.732824427480914,3.7099236641221376,-8.839392529296875,0.24181436767578124,0.4070142822265625,-13.053435114503817,-0.8396946564885496,-16.290076335877863,0.0
36.18000078201294,-8.540117321777343,1.3048399047851562,4.290409374999999,-32.778625954198475,-43.87786259541985,2.854961832061069,-8.652644799804687,0.40222587890625,0.7062894897460937,-10.65648854961832,-2.030534351145038,-16.458015267175572,0.0
36.19000053405762,-7.867346655273437,0.6607996582031249,3.5386300537109374,-26.061068702290076,-45.51145038167939,1.099236641221374,-8.734047656249999,0.8643067993164062,0.584185205078125,-20.076335877862597,6.687022900763359,-15.114503816793894,0.0
36.20000076293945,-6.828263134765624,-0.0047884033203125,3.2130186279296873,-19.709923664122137,-45.02290076335878,-2.5801526717557253,-7.800309008789062,0.9648632690429687,0.0,-25.572519083969464,5.908396946564886,-13.938931297709924,0.0
36.21000051498413,-8.923189587402343,0.6177040283203125,4.479551306152343,-16.641221374045802,-44.12213740458015,-9.511450381679388,-8.415618835449218,0.18435352783203124,1.254561669921875,-21.709923664122137,7.343511450381679,-11.419847328244275,0.0
36.22000050544739,-9.967061511230469,1.2689268798828124,5.255272644042968,-10.67175572519084,-47.282442748091604,-14.0,-8.303091357421874,0.20829554443359374,0.8164227661132812,-20.03053435114504,4.412213740458015,-10.442748091603054,0.0
36.230000495910645,-9.442731347656249,0.9074024291992187,6.215347509765625,-4.213740458015267,-53.541984732824424,-16.53435114503817,-8.152256652832031,0.5123591552734374,2.1619640991210938,-19.206106870229007,5.175572519083969,-9.129770992366412,0.0
36.2400004863739,-9.066841687011719,-0.7565677246093749,6.969521032714844,2.2900763358778624,-63.06870229007634,-17.541984732824428,-8.712499841308594,0.9337386474609375,1.4149731811523436,-17.16030534351145,2.2595419847328246,-6.213740458015267,0.0
36.25000047683716,-10.627861169433594,-0.6081272216796875,9.184157568359375,7.374045801526718,-76.7175572519084,-17.068702290076335,-8.683769421386717,3.5889082885742187,-0.15562310791015624,-20.061068702290076,2.3206106870229006,-6.015267175572519,0.0
36.26000094413757,-12.808978881835937,0.814028564453125,13.263877197265625,22.885496183206108,-89.16030534351145,-13.893129770992367,-12.088324182128906,-0.143652099609375,2.166752502441406,-32.595419847328245,10.183206106870228,-4.549618320610687,0.0
36.27000093460083,-14.267047692871094,1.7190367919921874,13.967772485351562,32.33587786259542,-114.36641221374046,-8.16793893129771,-14.027627526855468,-0.9241618408203125,1.4724340209960938,-40.88549618320611,12.213740458015268,-13.557251908396946,0.0
36.28000068664551,-14.743493823242186,0.5099649536132812,11.245565197753905,30.870229007633586,-141.57251908396947,-6.122137404580153,-16.05791053466797,-3.7229835815429686,1.5514426757812498,-41.587786259541986,8.763358778625955,-24.9618320610687,0.0
36.290000915527344,-13.795389965820311,-0.36152445068359373,6.4739212890625,33.11450381679389,-164.82442748091603,-12.01526717557252,-15.83285557861328,-2.6192566162109374,0.33758243408203126,-35.954198473282446,7.801526717557252,-34.68702290076336,0.0
36.3000009059906,-13.656526269531248,-0.0526724365234375,3.689464758300781,30.427480916030536,-179.98473282442748,-23.770992366412212,-15.444994909667967,-4.235342736816406,-0.6871358764648438,-32.656488549618324,7.572519083969466,-30.885496183206108,0.0
36.31000113487244,-13.893552233886718,1.1444283935546875,2.4684219116210935,28.519083969465647,-186.36641221374046,-28.763358778625953,-12.263100903320312,-2.1595698974609374,-2.020706201171875,-16.53435114503817,1.2671755725190839,-25.603053435114504,0.0
36.320000648498535,-13.678074084472655,3.0693665283203124,0.02154781494140625,30.702290076335878,-184.13740458015266,-22.458015267175572,-6.5026517089843745,-0.28490999755859375,-1.7190367919921874,-11.16030534351145,7.083969465648855,-26.85496183206107,0.0
36.33000040054321,-12.399570397949217,2.7054478759765623,-1.656787548828125,28.076335877862597,-174.03053435114504,-9.053435114503817,-7.48906279296875,0.258573779296875,-2.176329309082031,-4.534351145038168,6.213740458015267,-21.16030534351145,0.0
36.34000062942505,-11.65736788330078,1.9967641845703124,-1.9488801513671874,30.580152671755727,-153.80152671755727,-0.16793893129770993,-9.356540087890625,-0.6943184814453125,-1.9800047729492187,-2.7022900763358777,11.465648854961833,-11.17557251908397,0.0
36.350000619888306,-9.519345800781249,1.908178723144531,-1.5849614990234373,25.328244274809162,-131.4351145038168,4.412213740458015,-9.464279162597656,-1.189918225097656,-1.9728221679687499,1.5419847328244274,12.50381679389313,-7.068702290076335,0.0
36.36000037193298,-8.468291271972657,1.7980454467773437,-1.9680337646484374,18.580152671755727,-108.45801526717557,10.351145038167939,-9.619902270507811,-3.268085266113281,-1.2689268798828124,-1.4961832061068703,24.0,-3.0229007633587788,0.0
36.37000060081482,-6.888118176269531,0.17238251953125,-2.9831752685546875,11.435114503816793,-85.89312977099236,15.404580152671755,-10.685322009277343,-2.70065947265625,-2.1116858642578125,13.679389312977099,24.015267175572518,2.900763358778626,0.0
36.380000591278076,-6.481103894042969,-0.8020575561523438,-3.418919970703125,12.16793893129771,-61.11450381679389,16.091603053435115,-10.005368737792969,-0.3232172241210937,-3.612850305175781,16.977099236641223,29.862595419847327,6.0458015267175576,0.0
36.39000058174133,-6.959944226074218,-0.5363011718749999,-2.2649147705078123,16.48854961832061,-33.770992366412216,15.465648854961833,-10.081983190917969,-0.8762778076171874,-2.5905261962890624,9.572519083969466,40.19847328244275,10.381679389312977,0.0
36.40000081062317,-6.047753393554687,-1.2497732666015624,-2.3678654418945313,20.396946564885496,-14.702290076335878,16.442748091603054,-10.984597216796875,-2.5522189697265625,-1.8315642700195311,13.618320610687023,40.79389312977099,12.992366412213741,0.0
36.41000056266785,-7.311891870117187,0.9528922607421875,-0.2561795776367187,20.015267175572518,6.900763358778626,11.206106870229007,-8.530540515136718,-2.7748797241210936,-1.1947066284179686,15.48091603053435,39.06870229007634,12.580152671755725,0.0
36.42000102996826,-8.300697155761718,3.438073583984375,0.5961562133789062,-15.98473282442748,7.083969465648855,5.343511450381679,-8.63827958984375,-1.3479355346679687,-0.9792284790039062,19.282442748091604,38.091603053435115,13.923664122137405,0.0
36.43000054359436,-6.581660363769531,2.0183119995117185,-0.00239420166015625,-34.30534351145038,15.221374045801527,8.778625954198473,-10.273519323730468,-0.430956298828125,-0.852335791015625,13.877862595419847,38.56488549618321,17.603053435114504,0.0
36.440000772476196,-4.149151477050781,-0.201112939453125,-0.9720458740234375,-45.52671755725191,24.732824427480917,10.412213740458014,-9.279925634765624,1.5514426757812498,-0.04548983154296875,2.351145038167939,38.74809160305343,19.435114503816795,0.0
36.450000524520874,-2.8562825805664063,-0.9097966308593749,-0.7398083129882812,-53.725190839694655,36.33587786259542,6.442748091603053,-8.779537487792968,1.1611878051757811,0.00239420166015625,-17.69465648854962,44.0763358778626,21.419847328244273,0.0
36.46000075340271,-3.019088293457031,-1.7310078002929687,-0.5961562133789062,-61.099236641221374,49.6793893129771,-1.1603053435114503,-10.915165368652342,-1.9393033447265624,1.5490484741210937,-18.748091603053435,44.50381679389313,23.267175572519083,0.0
36.47000050544739,-2.9975404785156248,-2.5617957763671875,-0.5051765502929687,-58.06106870229008,61.786259541984734,-6.152671755725191,-10.826579907226561,-3.1196447631835937,2.1691467041015624,-12.717557251908397,38.54961832061068,20.702290076335878,0.0
36.480000495910645,-3.1507693847656246,-2.767697119140625,-0.4836287353515625,-48.74809160305343,74.29007633587786,-10.396946564885496,-10.189722265624999,-2.5067291381835934,1.2832920898437499,-6.702290076335878,26.625954198473284,15.923664122137405,0.0
36.4900004863739,-3.0406361083984375,-2.789244934082031,-0.603338818359375,-42.36641221374046,85.7557251908397,-14.992366412213741,-9.514557397460937,-2.0829554443359375,1.0534487304687499,-10.580152671755725,27.923664122137403,13.526717557251908,0.0
36.50000047683716,-3.5506010620117183,-1.9129671264648436,-0.17238251953125,-37.908396946564885,95.09923664122137,-17.72519083969466,-10.295067138671874,-2.4588451049804685,0.9193734375,-8.106870229007633,22.83969465648855,14.16793893129771,0.0
36.510000705718994,-4.61602080078125,-1.149216796875,0.97683427734375,-35.29770992366412,103.19083969465649,-19.16030534351145,-9.435548742675781,-1.0127473022460938,0.6703764648437499,-10.885496183206106,21.068702290076335,11.17557251908397,0.0
36.52000069618225,-5.533000036621093,-1.3670891479492187,2.8012159423828122,-31.64885496183206,110.30534351145039,-18.9618320610687,-9.955090502929687,-0.17238251953125,0.6943184814453125,-13.709923664122137,18.213740458015266,10.274809160305344,0.0
36.53000092506409,-6.411672045898437,-1.3072341064453123,4.04141240234375,-24.793893129770993,114.53435114503817,-19.236641221374047,-8.48505068359375,-0.3136404174804687,0.9097966308593749,-30.885496183206108,16.83969465648855,8.778625954198473,0.0
36.540000677108765,-7.455543969726562,-0.8738836059570312,5.6958057495117185,-12.396946564885496,117.06870229007633,-17.206106870229007,-10.244788903808594,-3.356670727539062,1.235408056640625,-32.56488549618321,15.083969465648854,8.274809160305344,0.0
36.5500009059906,-8.674192614746094,0.4261678955078125,7.517793212890624,6.5038167938931295,119.31297709923665,-13.099236641221374,-9.057264880371093,-2.779668127441406,1.1468225952148436,-34.68702290076336,12.01526717557252,4.6106870229007635,0.0
36.56000089645386,-9.179369165039063,1.2665326782226562,8.0062103515625,20.885496183206108,116.41221374045801,-7.32824427480916,-10.292672937011718,-3.0741549316406247,0.9816226806640624,-17.51145038167939,5.923664122137405,4.213740458015267,0.0
36.570000648498535,-9.184157568359375,1.2569558715820313,8.456320263671875,36.732824427480914,114.18320610687023,-1.1450381679389312,-8.537723120117187,-1.0989385620117187,0.21787235107421873,-21.129770992366414,4.99236641221374,2.2290076335877864,0.0
36.58000063896179,-10.522516296386717,2.308010400390625,8.418013037109375,38.916030534351144,108.7175572519084,1.4961832061068703,-9.727641345214844,-1.908178723144531,0.1580173095703125,-18.259541984732824,2.6717557251908395,5.450381679389313,0.0
36.59000062942505,-11.89439384765625,3.6535517333984373,8.398859423828124,17.6793893129771,92.21374045801527,1.3893129770992367,-8.619125976562499,-1.6807295654296874,0.8643067993164062,-18.15267175572519,2.0916030534351147,6.244274809160306,0.0
36.600000619888306,-8.173804467773436,0.8259995727539062,6.1818286865234375,24.671755725190838,85.66412213740458,9.572519083969466,-9.375693701171874,-3.0980969482421874,0.9840168823242187,-5.847328244274809,-1.5725190839694656,6.458015267175573,0.0
36.61000061035156,-11.525686791992188,2.1212626708984375,9.318232861328125,10.0,76.4885496183206,8.412213740458014,-9.165003955078124,-3.536235852050781,1.5203180541992187,-13.816793893129772,0.7022900763358778,4.900763358778626,0.0
36.6200008392334,-13.960589880371092,3.114856359863281,11.674127294921874,0.7022900763358778,61.87786259541985,13.694656488549619,-9.083601098632812,-2.310404602050781,-0.6488286499023437,-6.0,-1.0076335877862594,4.183206106870229,0.0
36.630000591278076,-14.037204333496092,3.1842882080078123,11.010933435058593,-13.16030534351145,41.29770992366412,21.221374045801525,-9.129090930175781,-2.461239306640625,0.5698199951171875,-8.366412213740459,0.8244274809160306,4.763358778625954,0.0
36.64000058174133,-13.78341895751953,1.867477294921875,8.51617530517578,-32.10687022900763,19.862595419847327,24.0,-8.116343627929687,-2.185906115722656,-0.06943184814453125,-9.954198473282442,1.7099236641221374,4.641221374045801,0.0
36.65000081062317,-11.671733093261718,-1.2832920898437499,5.932831713867187,-32.06106870229008,6.809160305343512,25.282442748091604,-8.420407238769531,-2.5737667846679684,-0.181959326171875,-8.106870229007633,2.885496183206107,7.1603053435114505,0.0
36.660000801086426,-12.093112585449218,-4.168305090332031,7.122749938964843,-12.01526717557252,8.763358778625955,26.65648854961832,-7.513004809570312,-0.45968671875,-1.4173673828125,-6.305343511450381,3.2519083969465647,7.7251908396946565,0.0
36.6700005531311,-13.436259716796874,-3.0693665283203124,8.2360537109375,6.931297709923665,7.129770992366412,23.450381679389313,-7.941566906738281,-1.1013327636718748,-1.4053963745117186,-20.595419847328245,9.221374045801527,12.16793893129771,0.0
36.68000078201294,-14.425065002441405,-0.82360537109375,8.504204296874999,27.6793893129771,0.32061068702290074,23.419847328244273,-8.099584216308592,-1.5801730957031248,-0.7589619262695312,-27.72519083969466,12.366412213740459,13.435114503816793,0.0
36.69000053405762,-14.803348864746093,0.24660277099609373,8.339004382324218,46.396946564885496,-6.442748091603053,28.396946564885496,-9.792284790039062,-2.5354595581054684,-1.9823989746093749,-24.412213740458014,14.091603053435115,16.564885496183205,0.0
36.70000076293945,-14.073117358398436,1.2880804931640624,6.7037646484375,56.030534351145036,-15.16030534351145,31.404580152671755,-9.629479077148437,-0.7757213378906249,-4.187458703613281,-11.007633587786259,9.267175572519085,14.458015267175572,0.0
36.71000051498413,-12.15536182861328,2.925714428710937,3.1699229980468746,60.35114503816794,-18.80916030534351,32.458015267175576,-13.067552661132812,-4.2880151733398435,-2.923320227050781,-2.015267175572519,17.69465648854962,18.458015267175572,0.0
36.72000074386597,-9.847351428222655,3.383006945800781,-0.8595183959960937,52.58015267175573,-20.671755725190838,27.31297709923664,-11.283872424316405,-0.03591302490234375,-4.575319372558593,18.061068702290076,7.541984732824427,11.541984732824428,0.0
36.730000495910645,-8.856151940917968,5.659892724609374,-2.626439221191406,33.099236641221374,-18.137404580152673,19.587786259541986,-11.891999645996092,1.0606313354492187,-4.280832568359375,20.977099236641223,12.305343511450381,12.473282442748092,0.0
36.74000096321106,-7.187393383789062,5.116408947753906,-3.689464758300781,7.206106870229007,-16.549618320610687,20.625954198473284,-10.979808813476561,3.6104561035156246,-5.439626171875,23.770992366412212,13.541984732824428,12.244274809160306,0.0
36.75000047683716,-6.900089184570312,4.819527941894531,-2.664746447753906,0.183206106870229,-4.2748091603053435,23.893129770992367,-10.94868419189453,4.8650177734375,-4.8650177734375,18.702290076335878,19.068702290076335,14.885496183206106,0.0
36.760000705718994,-8.169016064453125,5.710170959472656,-1.6711527587890624,-18.702290076335878,1.1603053435114503,24.778625954198475,-13.374010473632811,2.370259643554687,-2.8131869506835936,14.16793893129771,24.30534351145038,20.18320610687023,0.0
36.77000093460083,-8.118737829589843,3.995922570800781,-1.9895815795898437,-33.52671755725191,4.2748091603053435,28.946564885496183,-12.00931552734375,3.6942531616210936,-2.1691467041015624,16.442748091603054,19.282442748091604,19.389312977099237,0.0
36.78000068664551,-7.824251025390624,2.0829554443359375,-1.8195932617187498,-41.69465648854962,9.83206106870229,29.19083969465649,-11.307814440917968,5.7125651611328125,-2.454056701660156,6.3816793893129775,15.206106870229007,19.46564885496183,0.0
36.790000915527344,-8.183381274414062,0.928950244140625,-1.5035586425781249,-45.80152671755725,14.702290076335878,26.580152671755727,-11.540052001953125,5.149927770996094,-2.664746447753906,-23.603053435114504,16.763358778625953,23.603053435114504,0.0
36.80000066757202,-8.441955053710936,0.2537853759765625,-1.3838485595703125,-45.70992366412214,18.549618320610687,23.14503816793893,-11.504138977050781,5.046977099609375,-1.7812860351562498,-17.557251908396946,19.17557251908397,26.076335877862597,0.0
36.81000089645386,-9.361328491210937,0.5195417602539062,-1.0654197387695312,-42.656488549618324,21.358778625954198,20.16793893129771,-11.949460485839843,1.8938135131835936,-0.5458779785156249,-31.389312977099237,17.358778625954198,28.48854961832061,0.0
36.82000112533569,-9.548076220703125,0.5817910034179687,-0.8762778076171874,-39.25190839694657,23.49618320610687,17.69465648854962,-10.330980163574218,2.70065947265625,-0.43574470214843747,-33.87786259541985,6.519083969465649,25.587786259541986,0.0
36.83000063896179,-9.85692823486328,1.3623007446289062,-0.737414111328125,-37.20610687022901,25.633587786259543,15.954198473282442,-10.026916552734374,2.346317626953125,-0.5626373901367188,-46.458015267175576,3.648854961832061,24.83969465648855,0.0
36.84000086784363,-9.943119494628906,2.142810485839844,-0.8858546142578124,-37.465648854961835,26.83969465648855,14.351145038167939,-9.459490759277344,2.5641899780273434,-1.024718310546875,-52.42748091603053,2.351145038167939,24.427480916030536,0.0
36.850000619888306,-10.1131078125,3.0789433349609374,-0.7996633544921875,-39.81679389312977,27.740458015267176,14.396946564885496,-9.220070593261719,1.7190367919921874,-1.3383587280273437,-58.01526717557252,0.5801526717557252,24.916030534351144,0.0
36.86000084877014,-10.072406384277343,3.414131567382812,-0.7254431030273437,-43.770992366412216,28.12213740458015,16.076335877862597,-9.14824454345703,0.7302315063476562,-1.9967641845703124,-58.06106870229008,-0.3816793893129771,23.938931297709924,0.0
36.87000060081482,-10.053252770996092,3.31357509765625,-0.7134720947265625,-48.29007633587786,28.33587786259542,18.091603053435115,-9.698910925292969,-0.3399766357421875,-2.3774422485351563,-52.88549618320611,0.549618320610687,22.366412213740457,0.0
36.8800003528595,-9.382876306152344,2.463633508300781,-0.5746083984375,-49.00763358778626,29.34351145038168,20.015267175572518,-9.801861596679688,-0.833182177734375,-2.7629087158203123,-45.587786259541986,0.2900763358778626,18.03053435114504,0.0
36.890000343322754,-9.449913952636718,2.243366955566406,-0.06703764648437499,-46.68702290076336,30.27480916030534,20.580152671755727,-10.587159741210938,-1.8555062866210936,-2.2290017456054687,-35.587786259541986,-0.7175572519083969,14.381679389312977,0.0
36.90000081062317,-8.662221606445312,0.47884033203125,0.03591302490234375,-36.458015267175576,30.916030534351144,23.587786259541986,-10.510545288085936,-2.288856787109375,-2.0542250244140625,-22.213740458015266,-3.3435114503816794,10.610687022900763,0.0
36.91000056266785,-9.962273107910155,1.9393033447265624,1.2569558715820313,-27.46564885496183,34.79389312977099,21.267175572519083,-10.455478649902343,-2.224213342285156,-0.9528922607421875,-1.1603053435114503,-14.580152671755725,4.900763358778626,0.0
36.92000102996826,-11.01332763671875,2.308010400390625,1.8052280517578123,-23.908396946564885,36.29007633587786,19.236641221374047,-10.886434948730468,-0.6200982299804687,-0.7900865478515624,10.305343511450381,-14.854961832061068,0.9465648854961832,0.0
36.93000054359436,-11.669338891601562,3.938461730957031,2.31758720703125,-33.20610687022901,31.64885496183206,15.007633587786259,-10.24000050048828,1.1923124267578125,-1.4532804077148436,7.435114503816794,-17.14503816793893,-1.8473282442748091,0.0
36.940001487731934,-10.68053360595703,2.473210314941406,1.5586252807617187,-45.61832061068702,22.946564885496183,15.297709923664122,-10.424354028320312,1.2425906616210938,-0.4070142822265625,4.99236641221374,-20.229007633587788,-3.2061068702290076,0.0
36.950000524520874,-10.151415039062499,0.8786720092773437,1.3814543579101561,-45.12977099236641,22.3206106870229,13.893129770992367,-10.472238061523436,1.4987702392578124,-0.5913678100585937,0.5648854961832062,-24.732824427480917,-4.061068702290076,0.0
36.96000051498413,-10.041281762695311,0.04548983154296875,1.3215993164062498,-40.961832061068705,22.870229007633586,10.442748091603054,-10.905588562011719,-0.22505495605468748,-0.10773907470703124,11.221374045801527,-28.778625954198475,-5.175572519083969,0.0
36.97000050544739,-9.751583361816406,0.44532150878906246,0.8786720092773437,-37.099236641221374,23.297709923664122,7.511450381679389,-10.524910498046875,0.9600748657226562,0.3016694091796875,10.030534351145038,-37.465648854961835,-9.297709923664122,0.0
36.980000495910645,-9.363722692871093,0.9840168823242187,1.0821791503906248,-34.83969465648855,24.519083969465647,5.32824427480916,-8.88009395751953,2.999934680175781,-0.7637503295898437,-3.145038167938931,-35.20610687022901,-12.396946564885496,0.0
36.99000024795532,-9.660603698730467,1.6543933471679686,1.254561669921875,-34.83969465648855,23.908396946564885,2.732824427480916,-9.698910925292969,1.7094599853515624,-0.7541735229492187,-18.30534351145038,-28.27480916030534,-10.381679389312977,0.0
37.00000047683716,-7.592013464355468,-1.3383587280273437,0.0526724365234375,-20.366412213740457,25.51145038167939,5.221374045801527,-9.756371765136718,0.16041151123046873,-0.1197100830078125,-19.17557251908397,-35.083969465648856,-11.068702290076336,0.0
37.010000705718994,-10.381258398437499,0.5865794067382812,1.7717092285156248,-8.931297709923664,33.343511450381676,-0.13740458015267176,-10.39322940673828,-1.2210428466796874,0.0143652099609375,-11.923664122137405,-36.656488549618324,-12.977099236641221,0.0
37.02000069618225,-9.744400756835937,2.0374656127929685,1.1851298217773436,-8.091603053435115,31.297709923664122,-1.5419847328244274,-9.284714038085937,0.565031591796875,-0.2920926025390625,-1.5114503816793894,-40.70229007633588,-18.076335877862597,0.0
37.03000092506409,-11.334150659179686,3.897760302734375,2.1547814941406247,-18.3206106870229,29.435114503816795,-2.9770992366412212,-8.264784130859374,1.917755529785156,-0.8068459594726562,-17.755725190839694,-38.51908396946565,-19.72519083969466,0.0
37.040000915527344,-11.125855114746093,4.036623999023437,2.1906945190429687,-30.18320610687023,25.251908396946565,-2.519083969465649,-9.284714038085937,0.5482721801757812,-1.1611878051757811,-24.213740458015266,-31.633587786259543,-16.85496183206107,0.0
37.0500009059906,-10.520122094726561,2.403778466796875,1.5969325073242187,-47.12977099236641,15.541984732824428,-2.4427480916030535,-9.981426721191406,-1.3575123413085937,-0.2346317626953125,-16.18320610687023,-32.778625954198475,-15.633587786259541,0.0
37.06000065803528,-9.387664709472656,0.7158662963867187,1.4963760375976562,-40.35114503816794,17.16030534351145,-1.9694656488549618,-9.861716638183593,-1.4053963745117186,-0.9576806640625,-0.8549618320610687,-37.55725190839695,-18.900763358778626,0.0
37.070000410079956,-10.218452685546874,1.4987702392578124,1.924938134765625,-40.396946564885496,16.03053435114504,-4.229007633587786,-9.574412438964844,-0.8834604125976562,-0.8786720092773437,1.0381679389312977,-41.587786259541986,-23.52671755725191,0.0
37.08000111579895,-9.928754284667969,1.6112977172851561,1.70467158203125,-37.099236641221374,15.801526717557252,-3.5572519083969465,-8.226476904296874,0.1771709228515625,-1.005564697265625,0.5648854961832062,-37.89312977099237,-25.267175572519083,0.0
37.09000062942505,-10.223241088867187,1.8531120849609375,1.838746875,-37.969465648854964,13.786259541984732,-3.5419847328244276,-10.20169327392578,-0.1388636962890625,-0.8212111694335937,4.687022900763359,-32.213740458015266,-21.770992366412212,0.0
37.10000038146973,-9.210493786621093,0.6823474731445313,1.3862427612304686,-30.83969465648855,13.893129770992367,-2.427480916030534,-9.481038574218749,-0.8403647827148437,-0.6344634399414062,15.954198473282442,-37.05343511450382,-21.00763358778626,0.0
37.11000061035156,-10.87206973876953,2.0446482177734375,1.946485949707031,-25.52671755725191,17.068702290076335,-4.519083969465649,-9.437942944335937,-0.5315127685546874,-1.0223241088867188,28.0,-33.87786259541985,-22.717557251908396,0.0
37.12000060081482,-10.46984385986328,2.5905261962890624,2.090138049316406,-20.885496183206108,16.702290076335878,-3.3893129770992365,-8.197746484375,2.185906115722656,-2.0159177978515626,24.412213740458014,-32.62595419847328,-24.53435114503817,0.0
37.130000591278076,-9.749189160156249,2.3439234252929686,1.2306196533203124,-25.801526717557252,10.442748091603054,-2.0763358778625953,-8.82981572265625,-0.30406361083984373,-0.5243301635742187,3.114503816793893,-27.572519083969464,-19.69465648854962,0.0
37.140000343322754,-9.294290844726563,1.1947066284179686,0.7924807495117187,-21.572519083969464,9.572519083969466,-0.7633587786259542,-9.490615380859374,-0.4572925170898437,0.5219359619140624,11.679389312977099,-21.984732824427482,-16.198473282442748,0.0
37.15000057220459,-7.426813549804687,-1.6998831787109374,-0.2154781494140625,-2.2442748091603053,13.49618320610687,1.6793893129770991,-9.088389501953124,1.0462661254882812,-0.09337386474609374,31.419847328244273,-22.015267175572518,-17.221374045801525,0.0
37.160000801086426,-9.4618849609375,-0.8307879760742187,0.9433154541015625,14.717557251908397,21.6793893129771,-2.381679389312977,-9.188945971679686,-0.8188169677734375,0.8547299926757812,27.46564885496183,-27.129770992366414,-17.083969465648856,0.0
37.1700005531311,-10.149020837402343,0.507570751953125,1.1540052001953125,24.977099236641223,23.450381679389313,-5.374045801526718,-10.122684619140625,-1.0702081420898437,0.5674257934570313,32.0763358778626,-28.015267175572518,-17.862595419847327,0.0
37.18000078201294,-10.453084448242187,1.7334020019531249,1.5897499023437498,20.732824427480917,20.427480916030536,-9.465648854961833,-9.253589416503905,0.9193734375,-0.6488286499023437,28.3206106870229,-26.076335877862597,-19.96946564885496,0.0
37.190000772476196,-9.605537060546874,1.62805712890625,1.3766659545898436,18.03053435114504,14.961832061068701,-11.32824427480916,-8.099584216308592,3.383006945800781,-2.4205378784179685,18.625954198473284,-22.27480916030534,-20.778625954198475,0.0
37.200000524520874,-9.05965908203125,1.0654197387695312,1.3359645263671873,15.419847328244275,10.702290076335878,-12.778625954198473,-9.466673364257812,2.389413256835937,-0.7517793212890624,-4.412213740458015,-11.740458015267176,-16.091603053435115,0.0
37.21000051498413,-9.835380419921874,1.7310078002929687,1.9201497314453124,21.66412213740458,11.572519083969466,-12.351145038167939,-9.411606726074218,0.9074024291992187,-1.189918225097656,-5.129770992366412,-9.007633587786259,-15.465648854961833,0.0
37.22000026702881,-9.466673364257812,1.5705962890624998,1.0271125122070313,20.9618320610687,6.473282442748092,-9.526717557251908,-10.223241088867187,-0.6057330200195312,0.699106884765625,-2.9770992366412212,-7.66412213740458,-13.221374045801527,0.0
37.230000734329224,-9.399635717773437,2.2768857788085937,0.6200982299804687,20.27480916030534,4.8396946564885495,-7.862595419847328,-8.980650427246093,-0.11252747802734374,-0.63206923828125,6.900763358778626,-12.427480916030534,-15.038167938931299,0.0
37.2400004863739,-10.603919152832031,4.0222587890625,1.0869675537109373,15.053435114503817,4.854961832061068,-9.48091603053435,-8.456320263671875,0.6967126831054687,-0.36631285400390623,17.61832061068702,-10.213740458015268,-15.908396946564885,0.0
37.25000047683716,-9.95987890625,3.294421484375,0.6823474731445313,3.0381679389312977,0.5038167938931297,-8.67175572519084,-10.510545288085936,-0.93852705078125,-0.6607996582031249,40.48854961832061,-8.564885496183207,-13.007633587786259,0.0
37.26000094413757,-9.153032946777342,1.9416975463867185,0.5027823486328125,3.053435114503817,1.297709923664122,-7.603053435114504,-9.478644372558593,-0.2059013427734375,-0.06464344482421874,40.74809160305343,-10.931297709923664,-14.01526717557252,0.0
37.27000117301941,-9.45470235595703,1.695094775390625,0.6416460449218749,5.038167938931298,2.351145038167939,-8.290076335877863,-9.220070593261719,1.2497732666015624,-0.4429273071289062,52.35114503816794,-14.412213740458014,-15.450381679389313,0.0
37.28000068664551,-9.72285294189453,1.8315642700195311,0.6009446166992187,8.717557251908397,3.66412213740458,-8.16793893129771,-9.763554370117188,0.3711012573242187,0.10773907470703124,36.48854961832061,-11.17557251908397,-14.900763358778626,0.0
37.290000677108765,-9.907206469726562,2.2170307373046874,0.5985504150390625,9.786259541984732,4.396946564885496,-7.786259541984733,-9.801861596679688,0.8499415893554687,-0.5770026000976562,32.61068702290076,-10.412213740458014,-13.86259541984733,0.0
37.30000042915344,-9.670180505371093,1.8602946899414061,0.35673604736328124,9.267175572519085,4.6106870229007635,-7.694656488549619,-9.241618408203124,0.4860229370117187,0.02633621826171875,12.412213740458014,-7.755725190839694,-12.381679389312977,0.0
37.31000089645386,-9.26316622314453,1.8004396484374998,0.5147533569335937,7.404580152671755,5.145038167938932,-9.32824427480916,-7.881711865234375,3.2130186279296873,-0.11252747802734374,-1.2671755725190839,-7.419847328244275,-14.488549618320612,0.0
37.320000648498535,-9.488221179199218,1.6400281372070311,0.737414111328125,5.343511450381679,4.152671755725191,-11.053435114503817,-10.230423693847655,0.7541735229492187,0.373495458984375,1.9389312977099236,-1.099236641221374,-12.15267175572519,0.0
37.33000063896179,-9.662997900390625,1.6304513305664061,1.419761584472656,4.916030534351145,3.3740458015267176,-12.931297709923664,-9.210493786621093,0.833182177734375,0.6344634399414062,-3.1297709923664123,-2.5343511450381677,-13.465648854961833,0.0
37.34000086784363,-9.425971936035156,1.5203180541992187,1.9321207397460936,6.8396946564885495,2.519083969465649,-12.687022900763358,-9.624690673828125,-0.46686932373046874,0.7254431030273437,-4.580152671755725,-3.236641221374046,-13.022900763358779,0.0
37.350001096725464,-9.605537060546874,1.6208745239257811,2.492363928222656,8.488549618320612,0.5648854961832062,-12.580152671755725,-10.704475622558594,-2.080561242675781,0.7852981445312499,9.648854961832061,-7.145038167938932,-12.229007633587786,0.0
37.36000084877014,-9.442731347656249,1.4987702392578124,2.6312276245117188,12.473282442748092,-2.0916030534351147,-11.633587786259541,-8.250418920898436,-1.2330138549804688,0.05985504150390625,-3.1603053435114505,-8.396946564885496,-14.610687022900763,0.0
37.37000060081482,-9.490615380859374,1.936909143066406,2.93050283203125,14.732824427480915,-4.122137404580153,-10.65648854961832,-7.378929516601562,1.2521674682617188,-0.8092401611328125,8.274809160305344,-8.396946564885496,-14.625954198473282,0.0
37.380000591278076,-9.698910925292969,2.152387292480469,2.7437551025390623,16.229007633587788,-7.557251908396947,-10.122137404580153,-8.757989672851561,-0.2705447875976562,-0.13168109130859373,15.511450381679388,0.3053435114503817,-10.748091603053435,0.0
37.39000058174133,-9.93354268798828,2.3822306518554686,2.683900061035156,17.96946564885496,-8.748091603053435,-9.129770992366412,-7.682993127441406,0.5339069702148437,-0.047884033203124995,16.65648854961832,-1.3435114503816794,-9.572519083969466,0.0
37.40000104904175,-9.287108239746093,1.9201497314453124,2.47081611328125,18.82442748091603,-12.122137404580153,-8.259541984732824,-8.113949426269532,0.6464344482421874,0.047884033203124995,15.404580152671755,-1.2061068702290076,-8.183206106870228,0.0
37.41000032424927,-9.5001921875,2.281674182128906,2.7748797241210936,17.450381679389313,-15.129770992366412,-9.893129770992367,-8.01818135986328,0.5099649536132812,0.28490999755859375,14.82442748091603,0.5801526717557252,-7.465648854961832,0.0
37.42000102996826,-9.074024291992187,1.5155296508789062,2.8371289672851563,19.099236641221374,-19.603053435114504,-9.557251908396946,-8.437166650390624,0.0383072265625,0.28730419921875,12.51908396946565,0.5954198473282443,-5.145038167938932,0.0
37.43000054359436,-9.277531433105468,1.7860744384765623,3.4859576171874997,25.87786259541985,-21.984732824427482,-7.877862595419847,-7.843404638671874,0.47165772705078124,0.316034619140625,16.244274809160306,1.2671755725190839,-3.969465648854962,0.0
37.44000053405762,-8.911218579101561,1.7573440185546874,3.7301661865234372,32.961832061068705,-25.786259541984734,-3.9389312977099236,-7.436390356445312,0.6871358764648438,0.5123591552734374,16.198473282442748,0.24427480916030533,-1.6030534351145038,0.0
37.450000286102295,-8.825027319335938,2.93050283203125,4.417302062988281,36.045801526717554,-29.633587786259543,-1.9694656488549618,-6.947973217773437,1.235408056640625,1.2952630981445312,13.98473282442748,-0.16793893129770993,-0.42748091603053434,0.0
37.46000051498413,-8.942343200683593,3.861847277832031,4.601655590820312,14.13740458015267,-44.83969465648855,-2.2595419847328246,-6.900089184570312,0.9002198242187499,1.8028338500976562,7.9541984732824424,-1.1755725190839694,0.3511450381679389,0.0
37.47000050544739,-8.379705810546875,3.2130186279296873,4.668693237304687,-6.916030534351145,-59.221374045801525,-3.5572519083969465,-5.839457849121094,1.2234370483398436,0.9193734375,0.6412213740458015,-2.9618320610687023,2.717557251908397,0.0
37.480000495910645,-8.104372619628906,1.3431471313476562,4.821922143554687,-18.595419847328245,-72.8854961832061,-6.885496183206107,-5.928043310546875,1.419761584472656,-0.39264907226562495,-6.137404580152672,1.816793893129771,3.4198473282442747,0.0
37.4900004863739,-7.697358337402343,-0.239420166015625,5.372588525390625,-21.84732824427481,-85.52671755725191,-11.648854961832061,-7.606378674316406,1.3455413330078123,-0.7996633544921875,-15.099236641221374,8.65648854961832,-3.0076335877862594,0.0
37.50000047683716,-7.074865905761718,-1.7525556152343749,5.662286926269531,-16.442748091603054,-95.80152671755725,-17.52671755725191,-10.079588989257813,-1.7094599853515624,0.7948749511718749,-40.900763358778626,16.900763358778626,-12.01526717557252,0.0
37.510000705718994,-8.058882788085937,-1.429338391113281,6.1842228881835934,-6.931297709923665,-105.58778625954199,-25.49618320610687,-15.538368774414062,-5.42047255859375,4.525041137695312,-39.17557251908397,12.13740458015267,-23.96946564885496,0.0
37.52000069618225,-8.86812294921875,-1.0079588989257813,6.004657763671875,3.3740458015267176,-116.12213740458016,-31.083969465648856,-20.83673704833984,-10.843339318847656,6.653486413574218,-32.50381679389313,3.9389312977099236,-39.51145038167939,0.0
37.53000092506409,-11.075576879882812,-0.143652099609375,6.004657763671875,19.984732824427482,-123.06870229007633,-34.85496183206107,-21.327548388671875,-9.739612353515625,6.440402465820312,-8.076335877862595,-5.66412213740458,-48.62595419847328,0.0
37.540000438690186,-13.043610644531249,0.14125789794921875,5.856217260742187,41.587786259541986,-128.12213740458014,-32.152671755725194,-17.9660892578125,-2.70065947265625,3.038241906738281,20.15267175572519,-24.580152671755727,-48.229007633587784,0.0
37.55000114440918,-14.803348864746093,1.216254443359375,5.595249279785156,64.01526717557252,-128.90076335877862,-25.984732824427482,-14.180856433105468,-0.6081272216796875,-0.5386953735351562,24.671755725190838,-27.69465648854962,-42.152671755725194,0.0
37.56000065803528,-16.045939526367185,1.3766659545898436,5.487510205078125,72.90076335877863,-128.67175572519085,-20.18320610687023,-7.3669585083007805,3.9528269409179684,-1.2593500732421874,11.923664122137405,-30.732824427480917,-40.213740458015266,0.0
37.570000648498535,-16.788142041015625,2.4588451049804685,4.7189714721679685,65.02290076335878,-125.23664122137404,-15.755725190839694,-7.184999182128906,0.10773907470703124,-1.0917559570312498,-6.900763358778626,-26.15267175572519,-31.557251908396946,0.0
37.58000063896179,-16.014814904785155,2.2649147705078123,3.162740393066406,45.02290076335878,-123.05343511450381,-12.793893129770993,-7.187393383789062,-3.3494881225585935,-0.5291185668945312,3.2213740458015265,-27.938931297709924,-27.984732824427482,0.0
37.59000086784363,-13.824120385742187,1.5849614990234373,2.360682836914062,27.14503816793893,-115.96946564885496,-9.465648854961833,-8.281543542480469,-4.675875842285156,-2.3056161987304686,16.33587786259542,-24.27480916030534,-25.129770992366414,0.0
37.600000619888306,-12.337321154785155,1.1372457885742187,1.7788918334960937,12.198473282442748,-109.29770992366412,-6.9465648854961835,-8.130708837890625,-3.892971899414062,-3.4356793823242184,25.954198473282442,-12.82442748091603,-23.572519083969464,0.0
37.61000061035156,-11.020510241699219,-0.02633621826171875,0.22744915771484372,4.183206106870229,-101.3587786259542,-5.8320610687022905,-6.725312463378906,-0.6512228515624999,-5.6311623046875,32.97709923664122,1.7709923664122138,-22.870229007633586,0.0
37.62000060081482,-9.629479077148437,-1.5203180541992187,-0.5530605834960938,3.3587786259541983,-87.80152671755725,-7.66412213740458,-10.24000050048828,-3.39018955078125,-5.025429284667968,39.954198473282446,18.977099236641223,-12.15267175572519,0.0
37.630000591278076,-8.456320263671875,-3.2537200561523436,-0.5913678100585937,11.297709923664122,-73.05343511450381,-8.854961832061068,-9.10993731689453,-2.27927998046875,-3.7301661865234372,56.67175572519084,22.65648854961832,-8.076335877862595,0.0
37.64000058174133,-7.692569934082031,-2.8467057739257813,-0.10295067138671875,25.0381679389313,-52.54961832061068,-10.366412213740459,-10.002974536132811,-2.0374656127929685,-2.5570073730468748,54.396946564885496,32.35114503816794,-2.3969465648854964,0.0
37.65000057220459,-6.931213806152344,-2.511517541503906,0.6153098266601562,32.595419847328245,-35.37404580152672,-11.404580152671755,-8.1594392578125,0.7230489013671875,-2.583343591308594,58.33587786259542,21.435114503816795,-2.351145038167939,0.0
37.66000032424927,-7.268796240234375,-0.02633621826171875,1.1372457885742187,39.19083969465649,-22.396946564885496,-14.641221374045802,-10.848127722167968,-0.6440402465820312,-0.46686932373046874,45.00763358778626,34.87022900763359,3.9389312977099236,0.0
37.6700005531311,-6.449979272460937,0.8571241943359375,1.9297265380859374,36.916030534351144,-9.206106870229007,-16.625954198473284,-10.730811840820312,0.7541735229492187,0.5267243652343749,40.56488549618321,31.0381679389313,6.824427480916031,0.0
37.68000102043152,-7.556100439453124,3.057395520019531,2.4588451049804685,11.221374045801527,-10.305343511450381,-21.31297709923664,-10.09395419921875,1.7980454467773437,0.0526724365234375,24.595419847328245,39.48091603053435,7.32824427480916,0.0
37.69000053405762,-7.048529687499999,2.7820623291015623,2.8562825805664063,-7.633587786259542,-8.351145038167939,-21.61832061068702,-9.713276135253906,2.1906945190429687,-0.2561795776367187,7.9541984732824424,33.98473282442748,8.885496183206106,0.0
37.70000076293945,-6.579266162109374,2.085349645996094,2.9041666137695312,-22.229007633587788,-6.916030534351145,-22.18320610687023,-9.483432775878907,1.66636435546875,0.10773907470703124,-13.740458015267176,39.80152671755725,10.793893129770993,0.0
37.71000051498413,-5.935225915527344,1.0606313354492187,2.834734765625,-32.916030534351144,-4.916030534351145,-22.778625954198475,-9.536105212402344,-0.7852981445312499,0.19153613281249998,-20.916030534351144,35.12977099236641,13.633587786259541,0.0
37.72000050544739,-6.332663391113281,0.833182177734375,2.829946362304687,-41.05343511450382,-3.5267175572519083,-24.68702290076336,-10.012551342773437,-2.77727392578125,0.4333505004882812,-11.145038167938932,30.27480916030534,13.603053435114504,0.0
37.730000495910645,-5.793968017578124,0.1771709228515625,2.3965958618164063,-40.74809160305343,-0.48854961832061067,-24.717557251908396,-9.91438907470703,-3.5314474487304683,0.8188169677734375,2.2595419847328246,25.893129770992367,12.900763358778626,0.0
37.7400004863739,-5.961562133789062,0.7852981445312499,2.3247698120117186,-41.12977099236641,2.8091603053435112,-25.480916030534353,-9.888052856445311,-2.138022082519531,0.0,4.977099236641221,20.977099236641223,9.435114503816793,0.0
37.75000047683716,-5.068524914550781,-0.22026655273437498,2.0638018310546875,-38.44274809160305,6.564885496183206,-23.923664122137403,-7.8529814453124995,0.10773907470703124,-0.4285620971679687,-0.16793893129770993,15.083969465648854,6.641221374045801,0.0
37.760000705718994,-3.3446997192382812,-2.6096798095703124,1.1923124267578125,-18.610687022900763,15.83206106870229,-20.977099236641223,-8.221688500976562,0.6153098266601562,-0.8283937744140625,-6.549618320610687,25.938931297709924,7.816793893129771,0.0
37.77000117301941,-4.244919543457031,-2.370259643554687,1.2856862915039062,-2.2900763358778624,26.885496183206108,-21.84732824427481,-10.759542260742187,-1.4604630126953124,0.1867477294921875,-16.30534351145038,25.541984732824428,10.641221374045802,0.0
37.78000068664551,-4.680664245605469,-2.4588451049804685,1.7334020019531249,12.061068702290076,36.99236641221374,-24.778625954198475,-10.022128149414062,-2.133233679199219,1.0223241088867188,-14.900763358778626,20.99236641221374,9.17557251908397,0.0
37.790000915527344,-4.752490295410156,-2.9089550170898435,1.7860744384765623,30.50381679389313,47.099236641221374,-25.66412213740458,-8.86812294921875,-0.8667010009765624,0.9074024291992187,-6.213740458015267,15.267175572519085,4.900763358778626,0.0
37.80000042915344,-6.076483813476562,-1.668758557128906,2.384624853515625,48.01526717557252,56.458015267175576,-26.580152671755727,-9.713276135253906,-1.5275006591796874,-0.6943184814453125,-9.83206106870229,10.259541984732824,4.99236641221374,0.0
37.81000089645386,-6.754042883300781,-0.18914193115234373,2.6791116577148437,54.900763358778626,61.17557251908397,-26.732824427480917,-10.9175595703125,-2.4444798950195312,0.3232172241210937,-4.687022900763359,9.17557251908397,7.893129770992366,0.0
37.820000648498535,-7.979874133300781,1.7022773803710936,3.4955344238281247,58.76335877862596,64.4885496183206,-24.244274809160306,-9.737218151855469,-0.6655880615234374,0.8212111694335937,-7.679389312977099,12.01526717557252,8.290076335877863,0.0
37.83000063896179,-7.917624890136718,1.7836802368164062,3.4332851806640625,58.717557251908396,63.3587786259542,-19.00763358778626,-10.575188732910156,-0.0143652099609375,-1.0678139404296874,-13.48091603053435,14.82442748091603,9.83206106870229,0.0
37.84000062942505,-8.518569506835936,2.1068974609374997,4.012681982421875,60.48854961832061,65.00763358778626,-16.27480916030534,-8.008604553222655,0.9457096557617187,-1.9488801513671874,-25.84732824427481,20.595419847328245,8.427480916030534,0.0
37.85000038146973,-9.196128576660156,2.1643583007812497,4.955997436523437,51.038167938931295,61.725190839694655,-15.801526717557252,-10.81460889892578,-1.8267758666992187,-0.948103857421875,-31.87786259541985,31.862595419847327,13.618320610687023,0.0
37.86000061035156,-9.210493786621093,0.8810662109374999,5.908889697265625,50.82442748091603,57.770992366412216,-15.145038167938932,-10.251971508789062,-3.5984850952148437,-1.3120225097656248,-17.00763358778626,28.229007633587788,14.366412213740459,0.0
37.87000060081482,-8.757989672851561,0.1197100830078125,6.505045910644531,52.213740458015266,50.229007633587784,-14.198473282442748,-9.730035546875,-3.900154504394531,-0.6200982299804687,-0.4732824427480916,24.366412213740457,12.748091603053435,0.0
37.880000591278076,-9.234435803222656,0.8307879760742187,6.366182214355469,51.51145038167939,44.916030534351144,-13.908396946564885,-10.793061083984375,-2.7054478759765623,-1.0797849487304687,11.297709923664122,25.87786259541985,12.50381679389313,0.0
37.890000343322754,-9.734823950195311,2.2553379638671873,6.1650692749023435,41.587786259541986,37.16030534351145,-14.229007633587786,-9.813832604980469,-1.5897499023437498,-0.86191259765625,10.351145038167939,26.85496183206107,13.17557251908397,0.0
37.90000081062317,-9.409212524414063,3.23696064453125,5.204994409179688,26.99236641221374,26.732824427480917,-12.0,-9.006986645507812,-0.8738836059570312,-1.649604943847656,4.564885496183206,30.50381679389313,16.47328244274809,0.0
37.91000056266785,-10.69968721923828,3.6942531616210936,5.616797094726562,17.69465648854962,22.137404580152673,-8.610687022900763,-10.192116467285155,-2.9041666137695312,-0.086191259765625,9.511450381679388,32.534351145038165,21.083969465648856,0.0
37.92000079154968,-9.995791931152343,3.507505432128906,5.329492895507812,13.465648854961833,18.244274809160306,-3.053435114503817,-9.009380847167968,-2.9664158569335934,1.0726023437499999,19.6793893129771,23.083969465648856,20.106870229007633,0.0
37.93000054359436,-9.689334118652344,4.015076184082031,3.9983167724609374,-0.13740458015267176,10.50381679389313,2.0916030534351147,-8.997409838867187,-1.6112977172851561,0.5746083984375,20.38167938931298,17.64885496183206,16.015267175572518,0.0
37.940000772476196,-9.210493786621093,3.2249896362304686,3.909731311035156,1.8625954198473282,14.076335877862595,13.206106870229007,-9.145850341796875,-1.4820108276367188,0.7565677246093749,16.0,10.213740458015268,15.068702290076336,0.0
37.950000524520874,-8.161833459472655,3.1651345947265623,3.2441432495117186,0.2748091603053435,15.358778625954198,21.541984732824428,-9.023746057128905,-0.34715924072265625,0.5410895751953124,3.2977099236641223,7.923664122137405,13.725190839694656,0.0
37.96000051498413,-8.341398583984375,4.055777612304687,3.5601778686523438,-4.488549618320611,18.50381679389313,28.27480916030534,-8.458714465332031,0.59376201171875,0.718260498046875,-13.007633587786259,5.297709923664122,13.32824427480916,0.0
37.970000982284546,-8.463502868652343,3.0621839233398433,3.6248213134765623,-9.297709923664122,22.519083969465647,38.12213740458015,-8.09479581298828,0.7398083129882812,0.5123591552734374,-29.435114503816795,3.3740458015267176,14.030534351145038,0.0
37.980000734329224,-8.939948999023438,2.8730419921875,3.1507693847656246,-16.15267175572519,24.702290076335878,45.06870229007634,-7.592013464355468,0.39983167724609375,0.2825157958984375,-45.32824427480916,1.4351145038167938,14.213740458015268,0.0
37.99000024795532,-9.14824454345703,1.1635820068359375,2.999934680175781,-27.64885496183206,26.82442748091603,48.412213740458014,-7.745242370605468,-0.181959326171875,0.12689268798828124,-55.87786259541985,0.8396946564885496,15.114503816793894,0.0
38.00000023841858,-10.381258398437499,-1.1276689819335937,4.541800549316406,-39.9236641221374,26.82442748091603,46.961832061068705,-7.781155395507812,-0.8475473876953125,-0.5434837768554687,-63.14503816793893,0.3511450381679389,16.82442748091603,0.0
38.010000705718994,-11.908759057617187,-3.1268273681640624,7.204152795410156,-39.06870229007634,25.893129770992367,44.274809160305345,-9.900023864746093,-1.9608511596679685,-1.4628572143554686,-61.38931297709924,-1.1603053435114503,19.84732824427481,0.0
38.02000069618225,-13.503297363281249,-2.1811177124023438,9.557653027343749,-34.51908396946565,18.931297709923665,40.06106870229008,-10.192116467285155,-2.4061726684570313,-1.20667763671875,-56.13740458015267,-2.9618320610687023,20.763358778625953,0.0
38.03000044822693,-13.749900134277343,-2.4660277099609376,10.556035119628906,-20.549618320610687,12.473282442748092,39.00763358778626,-11.001356628417968,-3.0980969482421874,-1.149216796875,-47.74045801526717,-2.9770992366412212,20.50381679389313,0.0
38.040000915527344,-13.666103076171874,-3.526659045410156,8.813056311035156,6.641221374045801,2.9770992366412212,39.282442748091604,-11.262324609375,-3.7014357666015623,-1.0821791503906248,-39.038167938931295,-1.633587786259542,19.31297709923664,0.0
38.05000066757202,-14.219163659667968,-2.710236279296875,7.266402038574219,24.18320610687023,-1.9236641221374047,32.152671755725194,-10.158597644042969,-3.7014357666015623,-1.0965443603515623,-29.6793893129771,-2.4122137404580153,17.64885496183206,0.0
38.06000089645386,-15.176844323730467,1.1348515869140625,4.951209033203125,27.00763358778626,-7.9541984732824424,23.603053435114504,-9.552864624023437,-3.0550013183593747,-1.867477294921875,-19.6793893129771,-3.1908396946564888,17.34351145038168,0.0
38.070000648498535,-13.72595811767578,3.246537451171875,1.2018892333984375,22.061068702290076,-10.687022900763358,22.65648854961832,-10.32379755859375,-2.403778466796875,-2.767697119140625,-11.587786259541986,-0.7022900763358778,20.366412213740457,0.0
38.08000063896179,-12.11705460205078,4.742913488769531,-0.9528922607421875,11.664122137404581,-6.641221374045801,24.12213740458015,-11.935095275878906,-2.85388837890625,-2.9281086303710935,3.3587786259541983,-0.5190839694656488,23.129770992366414,0.0
38.09000062942505,-9.83777462158203,5.288791467285156,-2.085349645996094,-4.015267175572519,-1.6946564885496183,25.770992366412212,-11.741164941406248,-1.4724340209960938,-2.8993782104492185,11.374045801526718,4.824427480916031,23.709923664122137,0.0
38.100000619888306,-8.180987072753906,5.2816088623046875,-2.3918074584960936,-24.12213740458015,3.4198473282442747,28.641221374045802,-11.499350573730467,0.47884033203125,-3.1196447631835937,14.83969465648855,6.442748091603053,24.53435114503817,0.0
38.11000084877014,-6.517016918945312,3.9264907226562498,-2.9376854370117185,-41.98473282442748,8.854961832061068,31.251908396946565,-11.939883679199218,1.3934253662109375,-2.9472622436523435,9.022900763358779,7.603053435114504,24.595419847328245,0.0
38.12000060081482,-7.220912207031249,2.887407202148437,-2.01112939453125,-54.82442748091603,18.625954198473284,29.435114503816795,-13.943830468749999,-0.06703764648437499,-1.1252747802734375,9.145038167938932,10.641221374045802,25.46564885496183,0.0
38.130000591278076,-8.034940771484374,1.5155296508789062,-1.8746598999023436,-74.73282442748092,20.091603053435115,26.229007633587788,-12.617442749023438,2.1595698974609374,-0.9241618408203125,11.587786259541986,7.572519083969466,19.64885496183206,0.0
38.14000105857849,-6.754042883300781,-3.5386300537109374,-2.626439221191406,-71.74045801526718,25.480916030534353,27.236641221374047,-12.62223115234375,3.1555577880859373,-0.9576806640625,3.7099236641221376,3.1297709923664123,18.65648854961832,0.0
38.15000081062317,-6.5385647338867185,-6.993463049316406,-1.7381904052734374,-36.83969465648855,44.67175572519084,21.16030534351145,-11.573570825195311,4.2688615600585935,-0.6847416748046875,-8.122137404580153,1.83206106870229,18.870229007633586,0.0
38.160000801086426,-8.628702783203124,-5.063736511230468,-0.6248866333007812,-8.244274809160306,56.44274809160305,7.022900763358779,-10.685322009277343,4.474762902832031,-0.4165910888671875,-23.068702290076335,-1.297709923664122,21.053435114503817,0.0
38.1700005531311,-10.376469995117187,-2.4516625,0.7852981445312499,4.961832061068702,59.69465648854962,-2.2290076335877864,-10.053252770996092,4.4196962646484375,-0.7158662963867187,-35.7557251908397,-1.5572519083969465,24.641221374045802,0.0
38.18000054359436,-11.602301245117188,-0.6727706665039062,1.9105729248046874,8.335877862595419,57.603053435114504,-10.16793893129771,-9.911994873046874,4.053383410644531,-1.13006318359375,-44.12213740458015,-1.8778625954198473,27.46564885496183,0.0
38.19000053405762,-11.386823095703125,0.41419688720703124,2.070984436035156,5.00763358778626,49.81679389312977,-14.916030534351146,-9.595960253906249,3.277662072753906,-1.4987702392578124,-50.0,-0.9007633587786259,29.572519083969464,0.0
38.20000076293945,-11.212046374511718,1.4413093994140624,1.8339584716796873,2.2900763358778624,41.9236641221374,-17.46564885496183,-9.244012609863281,2.454056701660156,-1.879448303222656,-52.38167938931298,1.4961832061068703,30.244274809160306,0.0
38.21000051498413,-11.226411584472656,2.530671154785156,1.4173673828125,-4.412213740458015,30.900763358778626,-17.099236641221374,-9.253589416503905,1.0917559570312498,-2.6144682128906247,-49.587786259541986,3.801526717557252,30.717557251908396,0.0
38.22000074386597,-11.389217297363281,4.335899206542969,1.944091748046875,-10.885496183206106,25.206106870229007,-15.450381679389313,-9.016563452148437,0.3112462158203125,-3.948038537597656,-40.06106870229008,7.893129770992366,30.076335877862597,0.0
38.230000257492065,-10.05564697265625,2.8323405639648436,1.3048399047851562,-8.931297709923664,19.19083969465649,-9.267175572519085,-9.404424121093749,-1.0678139404296874,-4.168305090332031,-28.33587786259542,10.030534351145038,27.938931297709924,0.0
38.2400004863739,-9.572018237304688,2.3511060302734372,1.0103531005859374,1.0229007633587786,18.519083969465647,-5.587786259541985,-9.847351428222655,-2.4779987182617185,-3.0071172851562498,-16.85496183206107,10.885496183206106,24.82442748091603,0.0
38.25000047683716,-9.4618849609375,2.8107927490234372,0.4908113403320312,7.633587786259542,16.671755725190838,-3.9389312977099236,-10.924742175292968,-3.7995980346679685,-1.5729904907226562,0.1984732824427481,9.450381679389313,18.916030534351144,0.0
38.260000467300415,-9.363722692871093,2.6719290527343746,0.16759411621093748,10.702290076335878,16.061068702290076,-2.6717557251908395,-10.996568225097656,-3.114856359863281,-0.22026655273437498,13.068702290076336,6.564885496183206,12.030534351145038,0.0
38.27000093460083,-9.26316622314453,2.47081611328125,0.04548983154296875,13.129770992366412,15.358778625954198,-1.8015267175572518,-11.334150659179686,-2.31758720703125,0.47644613037109373,26.47328244274809,-0.0,6.061068702290076,0.0
38.28000044822693,-9.119514123535156,2.4396914916992185,0.2705447875976562,14.870229007633588,15.32824427480916,-2.33587786259542,-9.457096557617186,1.7405846069335937,-0.6153098266601562,36.412213740458014,-2.381679389312977,-0.3816793893129771,0.0
38.29000115394592,-9.816226806640625,2.1643583007812497,0.7781155395507812,12.16793893129771,14.213740458015268,-3.0381679389312977,-10.295067138671874,0.3591302490234375,0.39743747558593745,23.14503816793893,-2.2442748091603053,0.4732824427480916,0.0
38.30000066757202,-9.775525378417969,1.8315642700195311,1.209071838378906,11.007633587786259,13.312977099236642,-3.312977099236641,-9.981426721191406,0.6871358764648438,1.0414777221679687,37.52671755725191,-12.610687022900763,-2.4885496183206106,0.0
38.310001373291016,-9.816226806640625,1.85790048828125,1.139639990234375,10.427480916030534,13.267175572519085,-3.8931297709923665,-9.495403784179686,1.2234370483398436,0.6536170532226562,30.47328244274809,-14.625954198473282,-4.717557251908397,0.0
38.320000886917114,-9.572018237304688,2.1212626708984375,1.3718775512695311,5.435114503816794,12.473282442748092,-4.793893129770993,-8.973467822265624,2.408566870117187,0.1149216796875,35.98473282442748,-14.442748091603054,-5.847328244274809,0.0
38.33000063896179,-9.97184991455078,2.4660277099609376,1.6160861206054686,0.5343511450381679,10.412213740458014,-5.6183206106870225,-9.392453112792968,1.6543933471679686,0.6607996582031249,14.412213740458014,-16.85496183206107,-4.99236641221374,0.0
38.34000086784363,-9.617508068847656,1.7980454467773437,1.5538368774414062,-0.2748091603053435,8.854961832061068,-4.641221374045801,-10.85291612548828,-1.7429788085937499,-1.5107412475585937,42.396946564885496,-18.213740458015266,-5.557251908396947,0.0
38.350000619888306,-8.892064965820312,1.0654197387695312,1.458068811035156,8.320610687022901,12.351145038167939,-1.6946564885496183,-8.999804040527343,0.7110778930664062,0.5626373901367188,27.954198473282442,-23.83206106870229,-9.022900763358779,0.0
38.36000061035156,-10.87925234375,4.537012145996093,2.224213342285156,-5.251908396946565,9.007633587786259,-3.1908396946564888,-8.355763793945313,1.695094775390625,-1.0893617553710937,11.923664122137405,-27.69465648854962,-10.061068702290076,0.0
38.3700008392334,-9.9215716796875,3.6343981201171873,1.3646949462890625,-12.381679389312977,5.908396946564886,1.83206106870229,-7.9272016967773435,3.2632968627929686,-0.5123591552734374,-4.763358778625954,-22.3206106870229,-7.847328244274809,0.0
38.380000591278076,-9.208099584960937,2.5546131713867184,1.1611878051757811,-15.938931297709924,7.038167938931298,4.549618320610687,-9.157821350097656,1.6041151123046875,-0.5051765502929687,-13.022900763358779,-19.954198473282442,-4.366412213740458,0.0
38.39000058174133,-9.600748657226562,2.6695348510742187,1.2832920898437499,-20.47328244274809,6.366412213740458,4.259541984732825,-9.677363110351562,0.17238251953125,0.2825157958984375,-13.664122137404581,-19.83206106870229,-3.1297709923664123,0.0
38.40000033378601,-9.030928662109375,1.9297265380859374,0.93852705078125,-20.33587786259542,7.908396946564886,4.564885496183206,-10.05564697265625,-1.0702081420898437,-0.15083470458984374,6.396946564885496,-25.740458015267176,-5.8320610687022905,0.0
38.41000056266785,-9.217676391601563,2.6192566162109374,0.6392518432617187,-22.30534351145038,7.755725190839694,3.66412213740458,-10.71884083251953,-1.695094775390625,0.09337386474609374,20.671755725190838,-32.44274809160305,-9.236641221374045,0.0
38.42000079154968,-9.062053283691405,2.612074011230469,0.7302315063476562,-23.17557251908397,9.465648854961833,4.793893129770993,-9.246406811523437,0.852335791015625,-0.16759411621093748,27.740458015267176,-37.908396946564885,-15.297709923664122,0.0
38.43000078201294,-9.296685046386719,3.3016040893554686,1.0510545288085937,-27.51145038167939,10.778625954198473,6.5038167938931295,-8.789114294433594,1.0414777221679687,-1.4149731811523436,9.114503816793894,-35.02290076335878,-16.03053435114504,0.0
38.440001010894775,-10.13226142578125,3.35188232421875,1.4700398193359374,-32.778625954198475,10.977099236641221,9.389312977099237,-10.445901843261717,-1.0726023437499999,-1.438915197753906,3.2213740458015265,-32.93129770992366,-12.13740458015267,0.0
38.450000524520874,-10.120290417480469,2.786850732421875,1.4867992309570313,-36.16793893129771,10.122137404580153,11.893129770992367,-10.977414611816405,-0.7685387329101562,-0.430956298828125,20.717557251908396,-36.916030534351144,-11.251908396946565,0.0
38.46000051498413,-9.579200842285156,1.5705962890624998,1.5538368774414062,-36.97709923664122,9.679389312977099,12.793893129770993,-10.486603271484375,-0.17477672119140625,-0.7038952880859375,33.20610687022901,-43.404580152671755,-14.458015267175572,0.0
38.47000050544739,-9.868899243164062,1.1085153686523437,1.9512743530273435,-35.64885496183206,8.51908396946565,11.083969465648854,-8.616731774902343,2.2936451904296873,-1.4245499877929686,26.80916030534351,-41.64885496183206,-18.27480916030534,0.0
38.480000495910645,-9.976638317871092,0.7206546997070312,2.499546533203125,-32.68702290076336,8.15267175572519,9.099236641221374,-9.507374792480467,1.369483349609375,-1.0127473022460938,12.580152671755725,-35.93893129770992,-17.786259541984734,0.0
38.4900004863739,-10.749965454101561,0.5482721801757812,2.990357873535156,-29.84732824427481,5.709923664122138,7.0534351145038165,-11.437101330566406,0.3136404174804687,1.0654197387695312,11.099236641221374,-37.86259541984733,-15.145038167938932,0.0
38.50000047683716,-10.496180078124999,0.10773907470703124,2.906560815429687,-20.244274809160306,4.015267175572519,6.564885496183206,-10.769119067382812,0.8379705810546875,-0.04548983154296875,17.541984732824428,-42.47328244274809,-17.17557251908397,0.0
38.510000705718994,-10.539275708007812,0.41419688720703124,2.839523168945312,-13.572519083969466,1.8625954198473282,4.198473282442748,-10.108319409179687,1.3144167114257812,0.258573779296875,10.580152671755725,-43.49618320610687,-19.236641221374047,0.0
38.52000069618225,-9.94072529296875,0.9600748657226562,2.501940734863281,-6.549618320610687,1.3129770992366412,3.4656488549618323,-8.774749084472656,2.233790148925781,-0.46208092041015625,-0.9770992366412213,-37.69465648854962,-19.236641221374047,0.0
38.53000092506409,-9.81862100830078,1.5083470458984374,1.9895815795898437,-4.916030534351145,-1.8778625954198473,3.2061068702290076,-8.724470849609375,2.0183119995117185,0.7422025146484375,-16.412213740458014,-31.14503816793893,-15.648854961832061,0.0
38.540000677108765,-9.291896643066405,1.1061211669921875,1.24498486328125,-1.2366412213740459,-2.366412213740458,2.9923664122137406,-9.660603698730467,1.0606313354492187,-0.36631285400390623,-6.1679389312977095,-32.0763358778626,-14.122137404580153,0.0
38.55000114440918,-9.3086560546875,0.8355763793945312,0.6177040283203125,1.786259541984733,-1.7404580152671756,1.2213740458015268,-10.62307276611328,-0.21787235107421873,0.45010991210937495,7.709923664122138,-29.984732824427482,-13.816793893129772,0.0
38.56000065803528,-9.552864624023437,1.905784521484375,0.7757213378906249,-3.572519083969466,-2.8091603053435112,-1.1145038167938932,-9.643844287109374,0.12689268798828124,0.11013327636718749,7.587786259541985,-32.88549618320611,-15.419847328244275,0.0
38.570000886917114,-8.145074047851562,0.21308394775390624,-0.22266075439453123,-2.8091603053435112,-2.0916030534351147,0.2900763358778626,-8.652644799804687,1.2473790649414063,-0.40222587890625,-1.8473282442748091,-30.99236641221374,-16.442748091603054,0.0
38.58000087738037,-9.521740002441407,2.540247961425781,0.5291185668945312,-5.511450381679389,-0.4122137404580153,-2.4732824427480917,-9.382876306152344,0.6416460449218749,-0.16759411621093748,-10.900763358778626,-21.786259541984734,-14.045801526717558,0.0
38.59000062942505,-9.868899243164062,2.5617957763671875,0.6057330200195312,-12.488549618320612,-1.7709923664122138,-1.6793893129770991,-7.5537062377929685,2.6958710693359373,-1.1228805786132812,-15.603053435114504,-21.740458015267176,-14.51908396946565,0.0
38.600000619888306,-9.145850341796875,2.128445275878906,0.5482721801757812,-14.580152671755725,-0.4580152671755725,0.3969465648854962,-9.241618408203124,0.5578489868164063,-0.5339069702148437,-15.038167938931299,-18.396946564885496,-10.274809160305344,0.0
38.61000061035156,-9.497797985839844,1.484405029296875,0.7924807495117187,-14.748091603053435,1.6793893129770991,-0.24427480916030533,-9.143456140136719,0.3687070556640625,-0.8475473876953125,-11.633587786259541,-13.84732824427481,-10.625954198473282,0.0
38.62000060081482,-7.639897497558593,-1.6711527587890624,-0.229843359375,-3.282442748091603,3.099236641221374,1.8015267175572518,-9.394847314453125,0.15083470458984374,-0.4955997436523437,-7.847328244274809,-13.679389312977099,-9.84732824427481,0.0
38.630000829696655,-7.781155395507812,-0.9097966308593749,0.39983167724609375,12.82442748091603,11.022900763358779,-2.763358778625954,-9.49300958251953,-0.12449848632812499,-1.0582371337890624,-3.572519083969466,-12.534351145038167,-10.473282442748092,0.0
38.64000058174133,-9.205705383300781,0.0143652099609375,1.254561669921875,22.625954198473284,14.01526717557252,-5.8320610687022905,-9.926360083007811,-0.17238251953125,-1.0366893188476562,3.6793893129770994,-11.526717557251908,-10.244274809160306,0.0
38.65000057220459,-9.9981861328125,1.5753846923828123,1.7645266235351562,26.763358778625953,15.770992366412214,-7.816793893129771,-9.947907897949218,0.105344873046875,-0.7206546997070312,8.595419847328245,-10.01526717557252,-10.045801526717558,0.0
38.660001039505005,-10.991779821777342,3.6391865234374996,2.5258827514648434,19.435114503816795,12.900763358778626,-9.053435114503817,-10.1131078125,0.24181436767578124,-0.3399766357421875,12.030534351145038,-9.206106870229007,-9.526717557251908,0.0
38.6700005531311,-11.784260571289062,5.125985754394531,3.0693665283203124,7.816793893129771,7.083969465648855,-8.748091603053435,-9.952696301269532,0.5123591552734374,-0.18435352783203124,11.709923664122137,-8.412213740458014,-9.694656488549619,0.0
38.68000054359436,-10.271125122070313,3.2800562744140622,1.905784521484375,-6.564885496183206,-3.9083969465648853,-3.984732824427481,-10.0748005859375,0.59376201171875,-0.1484405029296875,11.19083969465649,-8.183206106870228,-9.648854961832061,0.0
38.690000772476196,-9.332598071289063,1.1707646118164061,1.5346832641601562,3.5114503816793894,-1.3435114503816794,-2.2290076335877864,-9.521740002441407,0.7230489013671875,-0.1197100830078125,8.83969465648855,-7.358778625954199,-10.305343511450381,0.0
38.70000076293945,-9.445125549316407,1.6208745239257811,1.4245499877929686,6.778625954198473,-1.7099236641221374,-4.549618320610687,-9.756371765136718,0.3064578125,0.3591302490234375,6.854961832061068,-5.984732824427481,-9.954198473282442,0.0
38.71000075340271,-9.923965881347655,2.300827795410156,1.3742717529296875,4.366412213740458,-2.8702290076335877,-5.526717557251908,-10.309432348632813,-0.6153098266601562,0.7661445312499999,9.633587786259541,-7.893129770992366,-9.282442748091603,0.0
38.72000050544739,-9.105148913574219,1.7621324218749999,1.0606313354492187,5.419847328244275,-2.427480916030534,-4.244274809160306,-8.84178673095703,0.7062894897460937,0.4836287353515625,12.396946564885496,-12.580152671755725,-12.183206106870228,0.0
38.730000495910645,-10.129867224121092,2.5665841796874997,1.5370774658203123,2.7938931297709924,-1.4809160305343512,-4.961832061068702,-9.97184991455078,0.3495534423828125,0.08140285644531249,13.511450381679388,-15.038167938931299,-12.900763358778626,0.0
38.74000024795532,-9.306261853027344,1.7214309936523438,1.0438719238281249,0.9007633587786259,-1.9389312977099236,-4.183206106870229,-8.90643017578125,0.8403647827148437,0.5458779785156249,0.44274809160305345,-6.5038167938931295,-13.404580152671755,0.0
38.75000047683716,-9.507374792480467,1.9225439331054686,1.5466542724609373,-2.717557251908397,-0.916030534351145,-5.267175572519084,-9.65342109375,0.22744915771484372,0.4285620971679687,-0.6412213740458015,-8.65648854961832,-11.816793893129772,0.0
38.760000705718994,-10.599130749511717,3.2225954345703123,2.272097375488281,-13.511450381679388,-3.312977099236641,-7.801526717557252,-9.785102185058593,0.031124621582031248,0.201112939453125,-2.427480916030534,-6.6106870229007635,-11.740458015267176,0.0
38.77000093460083,-9.114725720214842,1.0534487304687499,1.6903063720703124,-19.49618320610687,-7.32824427480916,-5.145038167938932,-8.79150849609375,1.005564697265625,-0.2825157958984375,-4.366412213740458,-6.5038167938931295,-11.908396946564885,0.0
38.78000044822693,-8.681375219726561,0.39983167724609375,1.8100164550781248,-20.85496183206107,-9.541984732824428,-6.0,-9.277531433105468,0.35673604736328124,0.086191259765625,-7.00763358778626,-4.152671755725191,-9.969465648854962,0.0
38.790000915527344,-9.811438403320311,1.3623007446289062,2.9855694702148434,-10.488549618320612,-5.603053435114504,-7.587786259541985,-8.84178673095703,0.46208092041015625,0.1580173095703125,-8.122137404580153,-2.33587786259542,-9.19083969465649,0.0
38.80000042915344,-8.212111694335936,-0.6296750366210937,2.47081611328125,-0.8549618320610687,-7.297709923664122,-4.748091603053435,-8.70771143798828,-0.028730419921875,0.23223756103515625,-7.206106870229007,-1.4351145038167938,-8.412213740458014,0.0
38.81000089645386,-9.18655177001953,1.5179238525390624,3.2704794677734372,8.351145038167939,-4.549618320610687,-7.526717557251908,-8.463502868652343,-0.4165910888671875,0.4908113403320312,-4.778625954198473,0.183206106870229,-7.648854961832061,0.0
38.820000648498535,-9.313444458007812,2.3127988037109373,3.593696691894531,7.236641221374046,-9.17557251908397,-7.8320610687022905,-8.710105639648438,-0.93852705078125,0.6177040283203125,-0.4580152671755725,0.5190839694656488,-6.702290076335878,0.0
38.83000087738037,-11.17852755126953,4.637568615722656,4.927267016601562,-3.8931297709923665,-15.17557251908397,-8.213740458015268,-8.367734802246094,-0.488417138671875,0.8882488159179687,4.137404580152672,-0.2748091603053435,-6.854961832061068,0.0
38.84000062942505,-10.129867224121092,3.4811692138671875,4.371812231445312,-10.198473282442748,-25.068702290076335,-3.267175572519084,-8.722076647949219,-0.8762778076171874,0.6512228515624999,8.51908396946565,0.3816793893129771,-5.587786259541985,0.0
38.850000619888306,-10.134655627441406,3.0885201416015624,4.984727856445312,-13.84732824427481,-29.862595419847327,-1.816793893129771,-8.197746484375,-0.27293898925781246,0.8499415893554687,11.068702290076336,-1.0381679389312977,-6.778625954198473,0.0
38.86000108718872,-9.3852705078125,1.8028338500976562,5.092466931152344,-11.572519083969466,-36.88549618320611,-0.2748091603053435,-8.573636145019531,-0.6057330200195312,0.7158662963867187,12.595419847328245,-0.6717557251908397,-6.030534351145038,0.0
38.87000107765198,-8.374917407226562,0.7398083129882812,4.833893151855468,-1.9083969465648856,-41.343511450381676,-0.21374045801526717,-8.410830432128906,-0.316034619140625,1.1875240234375,13.770992366412214,-1.0229007633587786,-7.1603053435114505,0.0
38.880000591278076,-8.01818135986328,1.4724340209960938,4.891353991699218,7.3893129770992365,-46.70229007633588,-3.3740458015267176,-8.678981018066406,-0.7398083129882812,2.061407629394531,11.923664122137405,-2.427480916030534,-8.549618320610687,0.0
38.89000058174133,-8.111555224609374,1.1228805786132812,5.080495922851562,9.099236641221374,-55.465648854961835,-4.076335877862595,-8.602366564941406,-0.34715924072265625,2.3151930053710936,9.648854961832061,-6.549618320610687,-10.412213740458014,0.0
38.90000081062317,-8.269572534179687,0.9552864624023437,5.209782812499999,14.213740458015268,-61.12977099236641,-5.251908396946565,-8.269572534179687,0.3758896606445312,1.927332336425781,4.442748091603053,-8.01526717557252,-10.198473282442748,0.0
38.91000056266785,-7.505822204589843,0.33758243408203126,5.0014872680664055,16.015267175572518,-68.87022900763358,-7.267175572519084,-7.453149768066406,1.7118541870117185,0.3758896606445312,2.16793893129771,-7.480916030534351,-11.114503816793894,0.0
38.92000102996826,-8.341398583984375,0.05985504150390625,5.039794494628906,17.603053435114504,-75.05343511450381,-10.854961832061068,-7.170633972167968,2.6862942626953124,-1.3910311645507811,-10.687022900763358,-2.122137404580153,-11.709923664122137,0.0
38.93000078201294,-7.917624890136718,0.1149216796875,4.73094248046875,16.885496183206108,-82.06106870229007,-14.549618320610687,-9.160215551757812,-0.18435352783203124,-0.2609679809570312,-20.259541984732824,4.656488549618321,-11.725190839694656,0.0
38.940000772476196,-8.51617530517578,0.7110778930664062,4.297591979980469,14.351145038167939,-87.78625954198473,-19.053435114503817,-8.870517150878905,-0.7781155395507812,0.3806780639648437,-22.0,3.0229007633587788,-17.893129770992367,0.0
38.950000524520874,-8.513781103515624,0.8259995727539062,3.3973721557617185,11.435114503816793,-93.83206106870229,-20.99236641221374,-9.670180505371093,-1.4006079711914061,2.2481553588867187,-32.25954198473283,1.5114503816793894,-24.045801526717558,0.0
38.96000051498413,-9.677363110351562,1.8650830932617186,3.4739866088867184,11.007633587786259,-96.79389312977099,-22.610687022900763,-14.523227270507812,-4.398148449707031,4.99909306640625,-43.465648854961835,2.0610687022900764,-25.46564885496183,0.0
38.97000050544739,-10.421959826660157,1.254561669921875,3.6631285400390623,14.076335877862595,-100.67175572519083,-20.0,-17.520767749023438,-3.897760302734375,6.698976245117187,-31.954198473282442,-7.877862595419847,-29.709923664122137,0.0
38.980000495910645,-12.643778967285156,1.0486603271484374,4.936843823242187,26.793893129770993,-101.43511450381679,-15.83206106870229,-17.918205224609373,-3.976768957519531,4.537012145996093,-18.519083969465647,-15.84732824427481,-31.557251908396946,0.0
38.99000072479248,-13.596671228027343,1.9943699829101562,6.469132885742187,50.030534351145036,-100.79389312977099,-6.961832061068702,-15.576676000976562,-1.7812860351562498,1.2665326782226562,-12.244274809160306,-28.12213740458015,-31.51145038167939,0.0
39.00000047683716,-14.762647436523437,2.7078420776367187,7.218518005371093,62.16793893129771,-100.56488549618321,1.8625954198473282,-11.3006318359375,-0.5147533569335937,-0.5027823486328125,-16.595419847328245,-30.18320610687023,-30.106870229007633,0.0
39.010000705718994,-15.693991882324218,3.7517140014648436,7.173028173828125,50.900763358778626,-107.54198473282443,7.145038167938932,-8.559270935058594,0.2346317626953125,-1.7022773803710936,-21.801526717557252,-30.290076335877863,-26.442748091603054,0.0
39.02000069618225,-15.727510705566406,4.048595007324218,6.347028601074219,29.17557251908397,-114.36641221374046,10.625954198473282,-7.079654309082031,-0.8068459594726562,-2.0661960327148434,-23.72519083969466,-22.65648854961832,-21.908396946564885,0.0
39.03000092506409,-14.671667773437498,3.347093920898437,5.030217687988281,1.0687022900763359,-121.02290076335878,12.244274809160306,-5.600037683105469,-1.1420341918945311,-1.7788918334960937,-20.229007633587788,-12.442748091603054,-20.442748091603054,0.0
39.040000915527344,-13.029245434570312,1.5825672973632812,2.925714428710937,-26.83969465648855,-123.77099236641222,12.106870229007633,-7.886500268554687,-3.507505432128906,-1.9416975463867185,-16.641221374045802,-8.977099236641221,-16.33587786259542,0.0
39.0500009059906,-10.311826550292968,-1.2880804931640624,0.40222587890625,-41.49618320610687,-120.12213740458016,10.381679389312977,-7.5345526245117185,-2.7964275390625,-2.365471240234375,-8.717557251908397,-0.9770992366412213,-16.30534351145038,0.0
39.06000089645386,-8.073247998046874,-3.2249896362304686,-1.2138602416992186,-40.42748091603053,-106.59541984732824,6.6106870229007635,-7.467514978027343,-1.7693150268554687,-2.408566870117187,-9.938931297709924,10.274809160305344,-14.80916030534351,0.0
39.070000886917114,-6.098031628417968,-4.671087438964843,-2.2170307373046874,-28.53435114503817,-87.2824427480916,2.549618320610687,-9.205705383300781,-1.8339584716796873,-2.6288334228515624,-7.679389312977099,20.27480916030534,-8.366412213740459,0.0
39.08000063896179,-5.284003063964843,-4.7572786987304685,-2.6192566162109374,-11.145038167938932,-64.2442748091603,-0.6564885496183206,-10.062829577636718,-1.177947216796875,-1.7908628417968748,-7.694656488549619,30.213740458015266,-3.312977099236641,0.0
39.09000062942505,-4.841075756835937,-4.534617944335937,-2.2960393920898436,6.183206106870229,-38.68702290076336,-3.49618320610687,-9.085995300292968,-1.7262193969726563,-0.8475473876953125,-12.580152671755725,36.961832061068705,2.351145038167939,0.0
39.100000619888306,-5.418078356933593,-2.123656872558594,-1.1540052001953125,19.267175572519083,-15.465648854961833,-9.32824427480916,-12.536039892578124,-3.9624037475585934,0.19632453613281248,-1.465648854961832,35.11450381679389,8.366412213740459,0.0
39.11000084877014,-6.157886669921875,-0.6943184814453125,-0.5219359619140624,14.427480916030534,-4.580152671755725,-14.595419847328245,-11.262324609375,-3.1196447631835937,0.8092401611328125,13.419847328244275,30.16793893129771,7.984732824427481,0.0
39.1200008392334,-5.951985327148437,0.08379705810546874,-0.16280571289062498,12.641221374045802,6.061068702290076,-15.969465648854962,-9.988609326171874,-2.767697119140625,1.5107412475585937,17.541984732824428,24.519083969465647,8.244274809160306,0.0
39.130000591278076,-5.899312890625,0.833182177734375,0.8978256225585937,7.00763358778626,19.251908396946565,-18.610687022900763,-9.153032946777342,-1.1731588134765625,-0.0430956298828125,14.702290076335878,19.61832061068702,8.702290076335878,0.0
39.14000058174133,-5.894524487304687,1.4030021728515625,1.216254443359375,-1.984732824427481,25.251908396946565,-20.580152671755727,-10.369287390136718,-0.9217676391601562,1.3048399047851562,12.030534351145038,24.137404580152673,12.702290076335878,0.0
39.15000057220459,-5.774814404296874,1.1611878051757811,1.2617442749023438,-12.977099236641221,29.14503816793893,-21.282442748091604,-9.466673364257812,-2.607285607910156,1.5682020874023437,10.366412213740459,20.16793893129771,14.366412213740459,0.0
39.160001039505005,-5.6024318847656245,0.26336218261718747,1.3551181396484375,-17.419847328244273,37.05343511450382,-21.893129770992367,-9.524134204101562,-2.090138049316406,1.9847931762695312,22.717557251908396,11.053435114503817,12.274809160305344,0.0
39.1700005531311,-6.019022973632812,0.5865794067382812,1.7094599853515624,-23.14503816793893,43.16030534351145,-24.412213740458014,-8.264784130859374,-1.455674609375,2.5354595581054684,16.15267175572519,14.045801526717558,8.534351145038167,0.0
39.18000102043152,-5.827486840820312,0.39264907226562495,1.867477294921875,-28.38167938931298,48.656488549618324,-24.732824427480917,-8.856151940917968,-1.438915197753906,1.8602946899414061,10.763358778625955,9.099236641221374,7.938931297709924,0.0
39.19000053405762,-5.49708701171875,0.2537853759765625,2.1452046874999997,-28.16793893129771,54.19847328244275,-23.709923664122137,-9.066841687011719,-1.3024457031249999,1.4173673828125,6.106870229007634,7.893129770992366,7.511450381679389,0.0
39.20000076293945,-5.269637854003906,-0.09816226806640624,2.5234885498046875,-24.885496183206108,60.42748091603053,-21.83206106870229,-8.734047656249999,-1.3000515014648437,1.5753846923828123,0.6870229007633588,6.580152671755725,6.137404580152672,0.0
39.21000051498413,-5.88015927734375,-0.01915361328125,2.9975404785156248,-20.641221374045802,66.22900763358778,-20.442748091603054,-9.392453112792968,-2.281674182128906,1.5897499023437498,-4.33587786259542,3.068702290076336,5.7251908396946565,0.0
39.22000026702881,-5.872976672363281,-0.4525041137695312,3.248931652832031,-14.67175572519084,71.5114503816794,-18.870229007633586,-9.469067565917967,-2.882618798828125,1.9919757812499999,-7.129770992366412,0.9007633587786259,2.7938931297709924,0.0
39.230000495910645,-6.5601125488281244,-0.1580173095703125,3.909731311035156,-8.229007633587786,75.46564885496183,-18.412213740458014,-9.916783276367187,-2.858676782226562,1.7405846069335937,-7.221374045801527,-2.4122137404580153,0.8702290076335878,0.0
39.2400004863739,-7.453149768066406,0.47165772705078124,4.386177441406249,-4.748091603053435,77.45038167938931,-17.6793893129771,-9.706093530273437,-2.2385785522460937,1.3383587280273437,-8.82442748091603,-5.022900763358779,-1.3740458015267176,0.0
39.25000071525574,-7.989450939941406,0.4333505004882812,4.5585599609375,-0.8244274809160306,77.70992366412214,-14.488549618320612,-9.828197814941406,-1.9656395629882812,1.1851298217773436,-9.954198473282442,-6.152671755725191,-2.2748091603053435,0.0
39.26000094413757,-8.123526232910155,0.27293898925781246,4.814739538574218,5.694656488549619,77.1145038167939,-11.34351145038168,-9.770736975097655,-1.5203180541992187,0.5530605834960938,-8.793893129770993,-5.083969465648855,-2.4427480916030535,0.0
39.27000093460083,-8.25520732421875,-0.09337386474609374,5.518634826660156,12.67175572519084,75.2824427480916,-9.893129770992367,-9.3852705078125,-1.3910311645507811,-0.16759411621093748,-8.80916030534351,-3.49618320610687,-2.519083969465649,0.0
39.280001163482666,-8.492233288574218,-0.6560112548828124,6.289567761230469,23.389312977099237,73.80152671755725,-10.030534351145038,-9.622296472167967,-2.2864625854492187,-0.14604630126953125,-7.206106870229007,-1.8625954198473282,-2.2748091603053435,0.0
39.290000915527344,-8.2360537109375,-1.5777788940429687,6.471527087402343,32.99236641221374,68.01526717557252,-11.541984732824428,-10.472238061523436,-3.5027170288085934,-0.37828386230468747,-0.061068702290076333,-0.7938931297709924,-2.3969465648854964,0.0
39.30000066757202,-9.145850341796875,-0.6368576416015624,7.4579381713867186,37.083969465648856,60.83969465648855,-15.114503816793894,-10.153809240722655,-2.9185318237304685,-0.00718260498046875,7.603053435114504,-1.099236641221374,-3.267175572519084,0.0
39.31000089645386,-8.116343627929687,-1.438915197753906,7.1395093505859375,45.61832061068702,52.25954198473283,-12.564885496183207,-10.189722265624999,-2.741360900878906,0.2154781494140625,14.198473282442748,-1.1145038167938932,-3.8473282442748094,0.0
39.320000648498535,-9.9981861328125,-0.5865794067382812,7.750030773925781,76.91603053435115,51.16030534351145,-6.519083969465649,-9.926360083007811,-2.068590234375,0.258573779296875,17.083969465648856,-0.13740458015267176,-3.7099236641221376,0.0
39.33000087738037,-11.44667813720703,2.214636535644531,8.662221606445312,81.55725190839695,39.37404580152672,-2.427480916030534,-9.624690673828125,-0.6440402465820312,-0.7254431030273437,18.213740458015266,1.633587786259542,-2.7480916030534353,0.0
39.34000086784363,-12.842497705078124,4.11802685546875,9.315838659667968,77.90839694656489,27.557251908396946,4.534351145038168,-9.6917283203125,0.32082302246093747,-1.218648645019531,15.389312977099237,4.549618320610687,0.8091603053435115,0.0
39.350000858306885,-10.096348400878906,2.6767174560546874,7.4220251464843745,77.58778625954199,13.969465648854962,14.67175572519084,-8.935160595703124,-0.47884033203125,-1.149216796875,10.717557251908397,9.358778625954198,3.3893129770992365,0.0
39.36000061035156,-9.009380847167968,1.7214309936523438,5.691017346191406,80.73282442748092,9.755725190839694,24.106870229007633,-10.151415039062499,-1.0893617553710937,-0.97683427734375,12.244274809160306,10.198473282442748,6.809160305343512,0.0
39.3700008392334,-9.524134204101562,2.0925322509765625,3.7301661865234372,76.50381679389314,10.244274809160306,24.916030534351144,-10.141838232421874,-1.5897499023437498,-0.7326257080078125,15.053435114503817,9.038167938931299,11.022900763358779,0.0
39.380000591278076,-9.272743029785156,2.3151930053710936,1.4987702392578124,61.05343511450382,4.6106870229007635,23.709923664122137,-10.690110412597656,-2.185906115722656,0.009576806640625,18.061068702290076,9.572519083969466,13.923664122137405,0.0
39.39000082015991,-10.714052429199219,3.0406361083984375,2.473210314941406,57.099236641221374,14.412213740458014,26.48854961832061,-9.909600671386718,-2.0973206542968748,0.36391865234375,19.419847328244273,8.16793893129771,16.229007633587788,0.0
39.40000081062317,-12.878410729980468,3.842693664550781,4.639962817382812,35.954198473282446,16.18320610687023,26.885496183206108,-9.490615380859374,-1.3718775512695311,0.612915625,20.671755725190838,4.99236641221374,17.17557251908397,0.0
39.410000801086426,-13.867216015624999,3.0238766967773434,5.6383449096679685,15.755725190839694,13.618320610687023,29.96946564885496,-9.093177905273437,-0.3758896606445312,0.6105214233398437,13.969465648854962,4.122137404580153,18.85496183206107,0.0
39.42000126838684,-15.021221215820312,2.7054478759765623,6.232106921386718,3.0381679389312977,12.106870229007633,32.6412213740458,-7.826645227050781,0.8212111694335937,-0.031124621582031248,0.44274809160305345,4.702290076335878,19.267175572519083,0.0
39.43000078201294,-15.294160205078125,1.3072341064453123,6.495469104003906,-8.030534351145038,6.748091603053435,31.19083969465649,-7.963114721679687,0.842758984375,-1.0869675537109373,-10.916030534351146,9.48091603053435,21.129770992366414,0.0
39.440001010894775,-15.885528015136718,1.7645266235351562,7.1586629638671875,-28.53435114503817,-0.6870229007633588,22.076335877862597,-9.09796630859375,-0.3064578125,-2.013523596191406,-13.633587786259541,10.106870229007633,24.366412213740457,0.0
39.45000100135803,-13.824120385742187,0.4572925170898437,4.915296008300781,-45.41984732824427,-13.511450381679388,15.450381679389313,-9.677363110351562,-0.12210428466796874,-2.6192566162109374,-14.65648854961832,15.221374045801527,27.267175572519083,0.0
39.46000051498413,-10.455478649902343,-1.0007762939453124,1.695094775390625,-44.33587786259542,-13.419847328244275,13.206106870229007,-9.995791931152343,0.488417138671875,-2.8562825805664063,-23.49618320610687,26.30534351145038,30.061068702290076,0.0
39.47000050544739,-6.734889270019531,-1.1563994018554686,-1.35990654296875,-29.81679389312977,-4.427480916030534,12.351145038167939,-11.4538607421875,-1.20667763671875,-3.0645781249999997,-19.923664122137403,28.885496183206108,34.091603053435115,0.0
39.480000734329224,-5.406107348632812,-1.0271125122070313,-2.5953145996093747,-15.17557251908397,10.854961832061068,9.49618320610687,-10.651803186035156,-0.59376201171875,-2.422932080078125,-8.916030534351146,26.671755725190838,34.36641221374046,0.0
39.49000144004822,-7.903259680175781,2.3056161987304686,-0.967257470703125,-20.580152671755727,19.83206106870229,4.656488549618321,-11.571176623535155,-0.4261678955078125,-1.7788918334960937,-0.7938931297709924,24.564885496183205,35.32824427480916,0.0
39.500000953674316,-8.12113203125,3.019088293457031,-0.8020575561523438,-33.221374045801525,22.412213740458014,5.099236641221374,-11.79144317626953,-0.7589619262695312,-1.005564697265625,2.1068702290076335,25.053435114503817,34.93129770992366,0.0
39.510000705718994,-7.8912886718749995,2.920926025390625,-0.3399766357421875,-41.954198473282446,27.603053435114504,6.8396946564885495,-9.706093530273437,1.2808978881835937,-0.6871358764648438,-0.8549618320610687,22.702290076335878,31.251908396946565,0.0
39.52000069618225,-8.444349255371094,2.250549560546875,0.17477672119140625,-47.93893129770992,29.572519083969464,7.648854961832061,-11.037269653320312,0.46686932373046874,-0.34715924072265625,2.1374045801526718,19.282442748091604,32.97709923664122,0.0
39.530001163482666,-7.4770917846679685,-0.296881005859375,-0.34715924072265625,-35.51145038167939,37.02290076335878,10.076335877862595,-9.555258825683593,2.6910826660156246,-0.36152445068359373,0.8091603053435115,14.351145038167939,32.458015267175576,0.0
39.540000677108765,-9.572018237304688,0.718260498046875,1.0941501586914062,-27.801526717557252,44.10687022900763,8.610687022900763,-9.437942944335937,2.971204260253906,-0.30406361083984373,-8.0,14.488549618320612,34.717557251908396,0.0
39.5500009059906,-8.614337573242187,1.2904746948242187,0.5458779785156249,-29.52671755725191,40.045801526717554,8.381679389312977,-9.423577734375,2.916137622070312,-0.40462008056640625,-18.977099236641223,12.580152671755725,37.11450381679389,0.0
39.5600004196167,-10.828974108886719,2.0542250244140625,1.7022773803710936,-34.13740458015267,39.98473282442748,6.2748091603053435,-9.734823950195311,2.1021090576171875,-0.3447650390625,-27.16030534351145,11.633587786259541,39.221374045801525,0.0
39.570000648498535,-9.847351428222655,2.114080065917969,1.5394716674804687,-34.50381679389313,38.534351145038165,6.33587786259542,-10.077194787597655,1.7645266235351562,-0.8403647827148437,-28.15267175572519,12.320610687022901,40.0,0.0
39.58000063896179,-10.357316381835936,2.437297290039062,2.099714855957031,-35.00763358778626,36.83969465648855,5.526717557251908,-9.739612353515625,2.1499930908203124,-0.679953271484375,-56.33587786259542,15.603053435114504,38.74809160305343,0.0
39.59000062942505,-10.347739575195313,3.2130186279296873,2.4684219116210935,-35.55725190839695,32.3206106870229,4.641221374045801,-10.012551342773437,2.0063409912109376,-1.47482822265625,-58.229007633587784,22.0,34.47328244274809,0.0
39.600000619888306,-10.307038146972655,2.6767174560546874,1.8722656982421875,-37.20610687022901,21.435114503816795,7.374045801526718,-11.65736788330078,-0.7230489013671875,1.2210428466796874,-73.06870229007633,24.625954198473284,30.946564885496183,0.0
39.61000084877014,-8.504204296874999,0.6416460449218749,1.0726023437499999,-17.389312977099237,22.12213740458015,14.15267175572519,-11.736376538085937,-3.0502129150390624,2.2361843505859373,-63.93893129770992,15.236641221374045,22.442748091603054,0.0
39.6200008392334,-11.037269653320312,4.151545678710937,2.4133552734375,-16.595419847328245,18.85496183206107,13.374045801526718,-13.0627642578125,-4.797980126953124,3.4739866088867184,-52.2442748091603,7.847328244274809,18.625954198473284,0.0
39.630000591278076,-9.6151138671875,2.6958710693359373,1.158793603515625,-18.793893129770993,13.587786259541986,19.419847328244273,-10.292672937011718,-1.0534487304687499,2.4899697265625,-41.587786259541986,-7.66412213740458,8.122137404580153,0.0
39.64000129699707,-9.476250170898437,2.3056161987304686,0.9026140258789062,-17.419847328244273,13.587786259541986,20.610687022900763,-11.9135474609375,-1.85790048828125,2.023100402832031,-32.13740458015267,-9.404580152671755,6.534351145038168,0.0
39.65000104904175,-9.02135185546875,2.1811177124023438,0.3711012573242187,-19.49618320610687,13.374045801526718,19.14503816793893,-10.613495959472656,-1.5370774658203123,2.389413256835937,-27.068702290076335,-11.618320610687023,4.213740458015267,0.0
39.660001039505005,-8.949525805664061,2.5761609863281247,-0.1292868896484375,-25.64885496183206,13.84732824427481,17.923664122137403,-9.6151138671875,0.04548983154296875,-0.3399766357421875,-9.83206106870229,-19.099236641221374,0.5801526717557252,0.0
39.6700005531311,-9.354145886230468,2.4684219116210935,0.06703764648437499,-32.58015267175573,13.893129770992367,16.763358778625953,-9.167398156738281,-0.11252747802734374,0.21068974609375,-14.702290076335878,-20.045801526717558,0.7022900763358778,0.0
39.68000078201294,-9.727641345214844,1.8435352783203125,1.24498486328125,-38.10687022900763,14.51908396946565,16.458015267175572,-10.445901843261717,-1.2880804931640624,0.5698199951171875,-23.0381679389313,-23.022900763358777,1.4351145038167938,0.0
39.69000053405762,-9.919177478027343,0.48123453369140623,1.6831237670898436,-40.0,14.366412213740459,17.129770992366414,-10.539275708007812,-1.5131354492187499,0.5817910034179687,-5.145038167938932,-26.702290076335878,-0.9923664122137404,0.0
39.70000123977661,-10.256759912109374,-0.948103857421875,1.7693150268554687,-37.9236641221374,14.977099236641221,14.854961832061068,-10.139444030761718,-1.0438719238281249,-0.17956512451171874,8.977099236641221,-31.435114503816795,-4.534351145038168,0.0
39.71000051498413,-10.273519323730468,-1.5753846923828123,1.5418658691406248,-33.57251908396947,14.83969465648855,10.595419847328245,-9.49300958251953,0.5817910034179687,-0.47884033203125,11.129770992366412,-33.221374045801525,-7.679389312977099,0.0
39.72000074386597,-10.311826550292968,-1.20667763671875,1.1085153686523437,-29.083969465648856,14.274809160305344,3.648854961832061,-8.757989672851561,2.5665841796874997,-1.2521674682617188,8.427480916030534,-30.564885496183205,-9.786259541984732,0.0
39.730000495910645,-10.75714805908203,-0.26815058593749996,1.1755530151367186,-22.671755725190838,14.106870229007633,-1.7251908396946565,-9.969455712890625,-0.08858546142578125,0.15562310791015624,-24.045801526717558,-19.633587786259543,-5.9541984732824424,0.0
39.7400004863739,-10.271125122070313,0.06943184814453125,1.1755530151367186,-17.587786259541986,12.916030534351146,-3.9083969465648853,-9.433154541015625,0.3447650390625,0.7589619262695312,-31.236641221374047,-20.580152671755727,-5.038167938931298,0.0
39.75000071525574,-9.358934289550781,-0.28730419921875,0.3184288208007812,-9.84732824427481,12.778625954198473,-2.8702290076335877,-9.296685046386719,0.9337386474609375,1.2856862915039062,-21.00763358778626,-19.66412213740458,-5.66412213740458,0.0
39.760000705718994,-9.679757312011718,-0.39743747558593745,0.4213794921875,8.793893129770993,21.022900763358777,-4.137404580152672,-11.21683477783203,-1.5921441040039062,1.7597382202148437,-3.9389312977099236,-20.916030534351144,-5.083969465648855,0.0
39.77000093460083,-8.95670841064453,-0.031124621582031248,0.009576806640625,21.450381679389313,24.870229007633586,-6.824427480916031,-10.496180078124999,-1.1228805786132812,1.5203180541992187,14.396946564885496,-24.412213740458014,-8.412213740458014,0.0
39.780001163482666,-9.397241516113281,1.7238251953125,0.44053310546874996,21.49618320610687,26.80916030534351,-9.664122137404581,-8.935160595703124,0.9169792358398436,0.19393033447265623,15.221374045801527,-28.47328244274809,-11.572519083969466,0.0
39.7900013923645,-10.223241088867187,2.3726538452148436,1.2976572998046874,15.572519083969466,27.633587786259543,-10.916030534351146,-8.585607153320312,1.5873557006835937,-0.39264907226562495,16.427480916030536,-27.14503816793893,-11.32824427480916,0.0
39.8000009059906,-10.915165368652342,3.2632968627929686,2.104503259277344,10.580152671755725,26.916030534351144,-12.183206106870228,-9.370905297851563,1.0175357055664063,0.25139117431640623,2.8091603053435112,-22.15267175572519,-8.80916030534351,0.0
39.81000113487244,-10.256759912109374,3.35188232421875,1.6448165405273436,-0.48854961832061067,18.35114503816794,-10.091603053435115,-9.78031378173828,1.1731588134765625,-0.8786720092773437,3.236641221374046,-19.282442748091604,-9.267175572519085,0.0
39.820000648498535,-8.734047656249999,1.4341267944335936,0.7134720947265625,-4.854961832061068,13.694656488549619,-5.587786259541985,-10.632649572753905,0.05985504150390625,-0.9983820922851562,8.458015267175572,-8.992366412213741,-7.526717557251908,0.0
39.83000040054321,-8.743624462890624,1.1563994018554686,0.4572925170898437,0.04580152671755725,17.389312977099237,-6.137404580152672,-9.409212524414063,-0.7038952880859375,0.023942016601562498,-4.717557251908397,-7.938931297709924,-8.916030534351146,0.0
39.84000086784363,-8.049305981445311,0.19871873779296872,-0.16519991455078123,-0.8244274809160306,16.671755725190838,-6.488549618320611,-9.550470422363281,-1.0223241088867188,0.11013327636718749,-1.6793893129770991,-11.114503816793894,-9.358778625954198,0.0
39.850001096725464,-10.809820495605468,2.1452046874999997,1.3958195678710936,-1.1145038167938932,19.755725190839694,-10.717557251908397,-11.44667813720703,-4.015076184082031,0.6847416748046875,20.977099236641223,-13.83206106870229,-8.580152671755725,0.0
39.86000084877014,-10.793061083984375,2.0781670410156248,1.3359645263671873,-1.5725190839694656,17.450381679389313,-11.526717557251908,-10.072406384277343,-1.8171990600585937,0.239420166015625,41.48091603053435,-23.236641221374047,-13.49618320610687,0.0
39.87000060081482,-11.018116040039061,2.308010400390625,1.8938135131835936,-3.7709923664122136,15.358778625954198,-11.083969465648854,-13.448230725097655,-5.691017346191406,-0.7733271362304687,40.030534351145036,-26.442748091603054,-9.770992366412214,0.0
39.880000591278076,-10.070012182617187,1.0821791503906248,1.66636435546875,8.946564885496183,18.763358778625953,-8.946564885496183,-7.656656909179687,1.7693150268554687,-0.19632453613281248,56.56488549618321,-29.419847328244273,-19.755725190839694,0.0
39.89000082015991,-9.830592016601562,1.7022773803710936,1.7453730102539062,12.076335877862595,16.9618320610687,-7.770992366412214,-8.655039001464843,1.5179238525390624,-0.14125789794921875,39.465648854961835,-21.480916030534353,-16.580152671755727,0.0
39.90000128746033,-9.14824454345703,2.133233679199219,1.6615759521484375,17.84732824427481,17.206106870229007,-6.702290076335878,-8.95670841064453,1.927332336425781,-0.7350199096679687,38.99236641221374,-17.00763358778626,-14.50381679389313,0.0
39.910001039505005,-10.156203442382813,2.7581203125,2.1021090576171875,12.793893129770993,14.977099236641221,-7.129770992366412,-10.223241088867187,0.11013327636718749,0.7805097412109374,35.404580152671755,-14.198473282442748,-11.648854961832061,0.0
39.92000079154968,-9.792284790039062,1.7764976318359373,2.2098481323242187,8.274809160305344,8.213740458015268,-4.3816793893129775,-9.583989245605467,0.2154781494140625,-0.35194764404296874,42.42748091603053,-15.98473282442748,-13.450381679389313,0.0
39.93000054359436,-10.845733520507812,2.5426421630859375,2.612074011230469,0.24427480916030533,0.4122137404580153,-3.5267175572519083,-9.387664709472656,0.062249243164062495,1.180341418457031,39.404580152671755,-14.183206106870228,-13.17557251908397,0.0
39.940000772476196,-8.786720092773438,-0.1005564697265625,1.8842367065429686,12.793893129770993,1.6488549618320612,0.7480916030534351,-8.015787158203125,1.6807295654296874,-0.565031591796875,41.083969465648856,-13.908396946564885,-15.114503816793894,0.0
39.950000286102295,-9.813832604980469,1.1827356201171875,2.408566870117187,17.450381679389313,0.24427480916030533,-2.8396946564885495,-8.635885388183594,0.584185205078125,0.8451531860351562,27.64885496183206,-9.511450381679388,-12.366412213740459,0.0
39.96000027656555,-9.861716638183593,1.4724340209960938,2.6408044311523438,19.419847328244273,-3.4656488549618323,-3.3740458015267176,-8.635885388183594,1.2401964599609374,-0.1197100830078125,28.198473282442748,-10.412213740458014,-9.618320610687023,0.0
39.97000050544739,-11.288660827636718,3.2513258544921873,3.306392492675781,11.114503816793894,-10.335877862595419,-3.66412213740458,-10.189722265624999,-0.565031591796875,1.4963760375976562,28.85496183206107,-8.183206106870228,-7.404580152671755,0.0
39.980000734329224,-9.840168823242188,2.1643583007812497,2.272097375488281,9.86259541984733,-17.206106870229007,0.9007633587786259,-9.083601098632812,0.0526724365234375,0.23702596435546874,46.54961832061068,-11.34351145038168,-8.778625954198473,0.0
39.99000072479248,-8.973467822265624,2.176329309082031,1.5849614990234373,15.16030534351145,-16.595419847328245,3.7557251908396947,-8.073247998046874,1.3479355346679687,-0.43574470214843747,52.961832061068705,-13.251908396946565,-10.320610687022901,0.0
